LON;1020;+0200;1020;+0100;0;BA_2759
LON;1020;+0200;1025;+0100;0;AA_6253
LON;1130;+0200;1135;+0100;0;BA_8452
LON;1220;+0200;1225;+0100;0;BA_2761
LON;1620;+0200;1625;+0100;0;BA_8454
LON;1825;+0200;1830;+0100;0;BA_8456
LON;1955;+0200;2000;+0100;0;BA_8458
LON;2140;+0200;2145;+0100;0;BA_2765
LON;0800;+0200;0810;+0100;0;AF_5182
LON;1525;+0200;1535;+0100;0;AF_5192
LON;1630;+0200;1640;+0100;0;AA_6507
LON;1630;+0200;1640;+0100;0;BA_439
LON;1810;+0200;1820;+0100;0;BA_2763
LON;0705;+0200;0720;+0100;0;AF_5180
LON;0720;+0200;0735;+0100;0;QF_3364
LON;0720;+0200;0735;+0100;0;AA_6434
LON;0720;+0200;0735;+0100;0;BA_423
LON;0840;+0200;0855;+0100;0;AF_5184
LON;1030;+0200;1045;+0100;0;BA_429
LON;1030;+0200;1045;+0100;0;AA_6435
LON;1050;+0200;1105;+0100;0;AF_5186
LON;1455;+0200;1510;+0100;0;AA_6505
LON;1455;+0200;1510;+0100;0;BA_435
LON;1600;+0200;1615;+0100;0;KL_1025
LON;1655;+0200;1710;+0100;0;KL_1029
LON;1705;+0200;1720;+0100;0;AF_5194
LON;1900;+0200;1915;+0100;0;AF_5198
LON;1910;+0200;1925;+0100;0;QF_3370
LON;1910;+0200;1925;+0100;0;BA_441
LON;2110;+0200;2125;+0100;0;BA_443
LON;2110;+0200;2125;+0100;0;QF_3374
LON;1140;+0200;1200;+0100;0;AA_6443
LON;1140;+0200;1200;+0100;0;BA_431
LON;1455;+0200;1515;+0100;0;KL_1019
LON;1715;+0200;1735;+0100;0;KL_1023
LON;1905;+0200;1925;+0100;0;KL_1027
LON;2030;+0200;2050;+0100;0;KL_1033
LON;0715;+0200;0740;+0100;0;KL_1001
LON;1020;+0200;1045;+0100;0;KL_1009
LON;1325;+0200;1350;+0100;0;KL_1017
LON;1545;+0200;1610;+0100;0;KL_1021
LON;0830;+0200;0900;+0100;0;KL_1007
LON;1655;+0200;1920;+0100;0;AF_8239-AF_1180
LON;0800;+0200;1030;+0100;0;AF_8229-AF_1980
LON;1320;+0200;1550;+0100;0;LH_991-LH_910
LON;1355;+0200;1625;+0100;0;AF_1641-AF_2580
LON;1800;+0200;2030;+0100;0;AF_8241-AF_1380
LON;1055;+0200;1330;+0100;0;LH_989-LH_906
LON;1455;+0200;1750;+0100;0;LX_729-LX_466
LON;1455;+0200;1750;+0100;0;LX_729-LX_326
LON;1455;+0200;1750;+0100;0;LH_993-LH_916
LON;1520;+0200;1815;+0100;0;AF_1741-AF_1080
LON;1045;+0200;1345;+0100;0;AF_1341-AF_2280
LON;1320;+0200;1620;+0100;0;LH_991-LH_934
MAD;1120;+0200;1340;+0200;0;AM_6840
MAD;1750;+0200;2020;+0200;0;AM_6841
MAD;1910;+0200;2140;+0200;0;6X_3609
MAD;0655;+0200;0930;+0200;0;KL_1699
MAD;0930;+0200;1205;+0200;0;KL_1701
MAD;1105;+0200;1340;+0200;0;UX_1092
MAD;1215;+0200;1450;+0200;0;IB_3245
MAD;1240;+0200;1515;+0200;0;KL_1703
MAD;1455;+0200;1730;+0200;0;KL_1705
MAD;1530;+0200;1805;+0200;0;IB_3251
MAD;1715;+0200;1950;+0200;0;KL_1709
MAD;1755;+0200;2030;+0200;0;UX_1094
MAD;1910;+0200;2145;+0200;0;IB_3249
MAD;2035;+0200;2310;+0200;0;KL_1707
MAD;0745;+0200;1030;+0200;0;IB_3215
MAD;0715;+0200;1140;+0200;0;AF_8227-AF_1300
MAD;0705;+0200;1140;+0200;0;LH_1003-LH_1112
MAD;0945;+0200;1425;+0200;0;LH_987-LH_1114
MAD;1455;+0200;1940;+0200;0;LX_729-LX_2032
MAD;0650;+0200;1140;+0200;0;UA_9156-UA_9358
MAD;0945;+0200;1435;+0200;0;UA_9195-UA_9229
MAD;1355;+0200;1845;+0200;0;AF_1641-AF_1900
MAD;1655;+0200;2145;+0200;0;AF_8239-AF_2100
MAD;0645;+0200;1140;+0200;0;AF_8223-AF_1300
MAD;0940;+0200;1435;+0200;0;UA_9195-UA_9229
MAD;1320;+0200;1815;+0200;0;LH_991-LH_1116
MAD;0945;+0200;1445;+0200;0;LX_725-LX_2026
MAD;1230;+0200;1730;+0200;0;AF_8233-AF_1800
MAD;1520;+0200;2020;+0200;0;AF_1741-AF_2000
MAD;0720;+0200;1230;+0200;0;BA_423-BA_7055
MAD;0930;+0200;1440;+0200;0;AF_1241-AF_1600
MAD;0655;+0200;1215;+0200;0;SK_550-SK_581
MAD;0720;+0200;1240;+0200;0;AA_6434-AA_5553
MAD;0720;+0200;1240;+0200;0;QF_3364-QF_4203
MAD;1055;+0200;1615;+0200;0;LH_989-LH_6800
MAD;1330;+0200;1850;+0200;0;SK_548-SK_9926
MAD;1830;+0200;2350;+0200;0;NH_6174-NH_6141
MAD;1830;+0200;2350;+0200;0;LH_997-LH_1120
MAD;0850;+0200;1415;+0200;0;LH_2301-LH_1802
MAD;1045;+0200;1610;+0200;0;AF_1341-AF_1700
MAD;1030;+0200;1600;+0200;0;AA_6435-AA_6280
MAD;1455;+0200;2025;+0200;0;LH_993-LH_6802
MAD;1630;+0200;2200;+0200;0;BA_439-BA_7057
MAD;0835;+0200;1410;+0200;0;LH_3335-LH_3296
MAD;1620;+0200;2200;+0200;0;BA_8454-BA_8755
MAD;0755;+0200;1340;+0200;0;AZ_7727-AZ_48
MAD;1140;+0200;1725;+0200;0;BA_431-BA_464
MAD;1140;+0200;1725;+0200;0;AA_6443-AA_6283
MAD;1710;+0200;2255;+0200;0;OK_4625-OK_702
MAD;1140;+0200;1730;+0200;0;BA_431-BA_464
MAD;1140;+0200;1730;+0200;0;BA_431-BA_460
MAD;1455;+0200;2055;+0200;0;BA_435-BA_7059
MAD;1230;+0200;1835;+0200;0;AF_8233-AF_1630
MAD;0720;+0200;1330;+0200;0;QF_3364-QF_3379
MAD;0720;+0200;1330;+0200;0;BA_423-BA_458
MAD;0720;+0200;1330;+0200;0;AA_6434-AA_6278
MAD;1105;+0200;1720;+0200;0;LH_2303-LH_1804
MAD;1230;+0200;1845;+0200;0;AF_8233-AF_1900
MAD;0715;+0200;1340;+0200;0;AF_8227-AF_1430
MAD;1355;+0200;2020;+0200;0;AF_1641-AF_2000
MAD;1520;+0200;2145;+0200;0;AF_1741-AF_2100
MAD;1630;+0200;2255;+0200;0;KE_7604-KE_7685
MAD;1630;+0200;2255;+0200;0;OK_623-OK_702
MAD;0945;+0200;1615;+0200;0;LH_987-LH_6800
MAD;1630;+0200;2300;+0200;0;KE_7604-KE_7685
BCN;0755;+0200;1005;+0200;0;KL_1665
BCN;1005;+0200;1215;+0200;0;KL_1671
BCN;1455;+0200;1705;+0200;0;KL_1675
BCN;2035;+0200;2245;+0200;0;KL_1681
BCN;1250;+0200;1505;+0200;0;KL_1673
BCN;1710;+0200;1925;+0200;0;KL_1677
BCN;1045;+0200;1435;+0200;0;AF_1341-AF_1648
BCN;1655;+0200;2045;+0200;0;AF_8239-AF_2148
BCN;0715;+0200;1115;+0200;0;AF_8227-AF_1348
BCN;1320;+0200;1720;+0200;0;LH_2305-LH_1814
BCN;1720;+0200;2120;+0200;0;LH_2307-LH_1816
BCN;1800;+0200;2200;+0200;0;AF_8241-AF_2348
BCN;0945;+0200;1355;+0200;0;AZ_7905-AZ_7098
BCN;1105;+0200;1515;+0200;0;LH_2303-LH_6722
BCN;1455;+0200;1905;+0200;0;LX_729-LX_1956
BCN;1520;+0200;1930;+0200;0;AF_1741-AF_2048
BCN;0700;+0200;1115;+0200;0;LH_2313-LH_1810
BCN;0945;+0200;1400;+0200;0;LX_725-LX_1954
BCN;1055;+0200;1515;+0200;0;LH_989-LH_1128
BCN;1055;+0200;1515;+0200;0;UA_9203-UA_8719
BCN;1905;+0200;2325;+0200;0;LH_2309-LH_1818
BCN;0645;+0200;1115;+0200;0;AF_8223-AF_1348
BCN;0850;+0200;1320;+0200;0;LH_2301-LH_1812
BCN;1455;+0200;1925;+0200;0;AA_6505-AA_6297
BCN;0705;+0200;1140;+0200;0;LH_1003-LH_1126
BCN;0705;+0200;1140;+0200;0;UA_9156-UA_9360
BCN;1040;+0200;1515;+0200;0;UA_9203-UA_8719
BCN;1120;+0200;1555;+0200;0;AM_6840-AM_6808
BCN;1830;+0200;2305;+0200;0;LH_997-LH_1138
BCN;0705;+0200;1145;+0200;0;LH_1003-LH_1126
BCN;1215;+0200;1655;+0200;0;IB_3245-IB_6772
BCN;1455;+0200;1935;+0200;0;LH_993-LH_1134
BCN;1320;+0200;1805;+0200;0;LH_991-LH_1132
BCN;0650;+0200;1140;+0200;0;UA_9156-UA_9360
BCN;1105;+0200;1555;+0200;0;UX_1092-UX_2006
BCN;1230;+0200;1725;+0200;0;AF_8233-AF_1948
BCN;1300;+0200;1755;+0200;0;AZ_107-AZ_76
BCN;1455;+0200;1950;+0200;0;BA_435-BA_486
BCN;1630;+0200;2125;+0200;0;BA_439-BA_482
BCN;1745;+0200;2240;+0200;0;OS_374-OS_395
BCN;1825;+0200;2320;+0200;0;AZ_111-AZ_78
BCN;1455;+0200;1955;+0200;0;AA_6505-AA_6748
BCN;1630;+0200;2130;+0200;0;AA_6507-AA_6294
BCN;0720;+0200;1225;+0200;0;BA_423-BA_484
BCN;0720;+0200;1225;+0200;0;QF_3364-QF_3369
BCN;0720;+0200;1225;+0200;0;AA_6434-AA_6260
BCN;0930;+0200;1435;+0200;0;AF_1241-AF_1648
BCN;1655;+0200;2200;+0200;0;AF_8239-AF_2348
BCN;0745;+0200;1255;+0200;0;IB_3215-IB_6764
BCN;1120;+0200;1630;+0200;0;AM_6840-AM_6808
BCN;1215;+0200;1725;+0200;0;IB_3245-IB_6774
BCN;1520;+0200;2045;+0200;0;AF_1741-AF_2148
BCN;1530;+0200;2055;+0200;0;IB_3251-IB_2764
BCN;0930;+0200;1500;+0200;0;UX_3764-UX_2004
BCN;0945;+0200;1515;+0200;0;UA_9195-UA_8719
BCN;0945;+0200;1515;+0200;0;LH_987-LH_1128
BCN;0940;+0200;1515;+0200;0;UA_9195-UA_8719
BCN;1355;+0200;1930;+0200;0;AF_1641-AF_2048
BCN;1215;+0200;1755;+0200;0;IB_3245-IB_2762
BCN;1215;+0200;1755;+0200;0;IB_3245-IB_6776
BCN;0700;+0200;1250;+0200;0;OS_378-OS_397
BCN;0700;+0200;1300;+0200;0;OK_4627-OK_688
BCN;0755;+0200;1355;+0200;0;AZ_7727-AZ_7098
BCN;1230;+0200;1835;+0200;0;AF_8233-AF_1330
BCN;1720;+0200;2325;+0200;0;LH_2307-LH_1818
BCN;1105;+0200;1715;+0200;0;UX_1092-UX_3979
BCN;1220;+0200;1830;+0200;0;BA_2761-BA_480
BCN;1710;+0200;2320;+0200;0;AZ_109-AZ_78
BCN;1710;+0200;2320;+0200;0;OK_4625-OK_690
BCN;1105;+0200;1720;+0200;0;LH_2303-LH_1814
BCN;1320;+0200;1935;+0200;0;LH_991-LH_1134
CPH;0810;+0200;0930;+0200;0;KL_1125
CPH;0935;+0200;1055;+0200;0;KL_1127
CPH;1215;+0200;1335;+0200;0;KL_1129
CPH;1330;+0200;1450;+0200;0;SK_548
CPH;1515;+0200;1635;+0200;0;KL_1131
CPH;1715;+0200;1835;+0200;0;KL_1133
CPH;1730;+0200;1850;+0200;0;SK_1550
CPH;2115;+0200;2235;+0200;0;KL_1139
CPH;0655;+0200;0820;+0200;0;UA_6892
CPH;0655;+0200;0820;+0200;0;SK_550
CPH;1025;+0200;1150;+0200;0;AC_9915
CPH;1025;+0200;1150;+0200;0;SK_552
CPH;1025;+0200;1150;+0200;0;UA_6890
CPH;2020;+0200;2145;+0200;0;SK_554
CPH;2005;+0200;2315;+0200;0;LH_999-LH_832
CPH;2005;+0200;2315;+0200;0;AI_8538-AI_8576
CPH;1455;+0200;1815;+0200;0;LH_993-LH_830
CPH;1655;+0200;2015;+0200;0;LH_3337-LH_6240
CPH;0645;+0200;1025;+0200;0;SK_558-SK_403
CPH;0700;+0200;1040;+0200;0;LH_2313-LH_6260
CPH;1105;+0200;1445;+0200;0;LH_2303-LH_6052
CPH;1110;+0200;1455;+0200;0;SK_822-SK_1469
CPH;1435;+0200;1820;+0200;0;KE_7604-KE_7629
CPH;0705;+0200;1055;+0200;0;LH_1003-LH_6070
CPH;0800;+0200;1200;+0200;0;AF_8229-AF_2050
CPH;1455;+0200;1900;+0200;0;BA_435-BA_820
CPH;1455;+0200;1910;+0200;0;LH_993-LH_6032
CPH;1745;+0200;2200;+0200;0;OS_374-OS_307
CPH;0945;+0200;1405;+0200;0;LX_725-LX_1270
CPH;1455;+0200;1915;+0200;0;LX_729-LX_1272
CPH;1905;+0200;2325;+0200;0;LH_2309-LH_6258
CPH;0645;+0200;1110;+0200;0;SK_558-SK_1419
CPH;0715;+0200;1140;+0200;0;AF_8227-AF_2050
CPH;0945;+0200;1410;+0200;0;LH_987-LH_6222
CPH;1620;+0200;2050;+0200;0;BA_8454-BA_8467
STO;0645;+0200;0840;+0200;0;SK_558
STO;1920;+0200;2115;+0200;0;SK_1556
STO;2015;+0200;2210;+0200;0;SK_558
STO;0650;+0200;0850;+0200;0;KL_1107
STO;1015;+0200;1215;+0200;0;KL_1109
STO;1155;+0200;1355;+0200;0;UA_6948
STO;1155;+0200;1355;+0200;0;SK_556
STO;1425;+0200;1625;+0200;0;KL_1115
STO;1700;+0200;1900;+0200;0;KL_1117
STO;2100;+0200;2300;+0200;0;KL_1121
STO;2100;+0200;2300;+0200;0;DY_4532
STO;1330;+0200;1635;+0200;0;SK_548-SK_408
STO;0655;+0200;1030;+0200;0;SK_550-SK_1418
STO;2020;+0200;2355;+0200;0;SK_554-SK_1428
STO;1455;+0200;1840;+0200;0;LH_993-LH_804
STO;2005;+0200;2350;+0200;0;AI_8538-AI_8504
STO;2005;+0200;2350;+0200;0;LH_999-LH_808
STO;1110;+0200;1500;+0200;0;SK_822-SK_874
STO;1330;+0200;1725;+0200;0;SK_548-SK_1424
STO;1730;+0200;2125;+0200;0;SK_1550-SK_1430
STO;1110;+0200;1510;+0200;0;SK_822-SK_874
STO;1155;+0200;1555;+0200;0;AY_842-AY_637
STO;1825;+0200;2230;+0200;0;BA_8456-BA_8493
STO;0700;+0200;1110;+0200;0;LH_2313-LH_2414
STO;0940;+0200;1350;+0200;0;OV_174-OV_123
STO;1105;+0200;1515;+0200;0;LH_2303-LH_2416
STO;1320;+0200;1730;+0200;0;LH_2305-LH_2418
STO;1720;+0200;2140;+0200;0;LH_2307-LH_2420
STO;0705;+0200;1135;+0200;0;UA_9156-UA_9000
STO;0925;+0200;1355;+0200;0;OK_617-OK_490
STO;0945;+0200;1415;+0200;0;LH_987-LH_6226
STO;1055;+0200;1535;+0200;0;KF_12-KF_865
STO;1355;+0200;1835;+0200;0;AF_1641-AF_1062
STO;1730;+0200;2210;+0200;0;SK_1550-SK_414
STO;1745;+0200;2225;+0200;0;OS_374-OS_317
STO;0650;+0200;1135;+0200;0;UA_9156-UA_9000
STO;0705;+0200;1150;+0200;0;LH_1003-LH_802
STO;0705;+0200;1150;+0200;0;UA_9156-UA_9000
STO;1800;+0200;2245;+0200;0;AF_8241-AF_1462
STO;0715;+0200;1205;+0200;0;AF_8227-AF_2062
STO;1330;+0200;1820;+0200;0;SK_548-SK_410
STO;1710;+0200;2200;+0200;0;OK_4625-OK_494
STO;1155;+0200;1650;+0200;0;AY_842-AY_645
STO;1155;+0200;1650;+0200;0;JL_7808-JL_7803
STO;0650;+0200;1150;+0200;0;UA_9156-UA_9000
STO;1025;+0200;1525;+0200;0;SK_552-SK_1422
STO;1110;+0200;1610;+0200;0;SK_822-SK_496
STO;1010;+0200;1515;+0200;0;OS_372-OS_313
STO;1155;+0200;1700;+0200;0;AY_842-AY_983
STO;0705;+0200;1215;+0200;0;LX_737-LX_4706
STO;1455;+0200;2010;+0200;0;AA_6505-AA_6454
STO;1455;+0200;2010;+0200;0;BA_435-BA_782
STO;0645;+0200;1205;+0200;0;AF_8223-AF_2062
STO;0945;+0200;1505;+0200;0;LX_725-LX_1250
STO;1140;+0200;1700;+0200;0;AA_6443-AA_6361
STO;1320;+0200;1840;+0200;0;LH_991-LH_804
STO;1830;+0200;2350;+0200;0;NH_6174-NH_6189
STO;1830;+0200;2350;+0200;0;LH_997-LH_808
STO;1055;+0200;1625;+0200;0;KF_12-KF_5302
STO;1055;+0200;1625;+0200;0;SK_6536-SK_705
STO;1455;+0200;2025;+0200;0;LH_993-LH_6228
STO;1455;+0200;2025;+0200;0;AA_6505-AA_6454
STO;1630;+0200;2200;+0200;0;OK_623-OK_494
STO;1630;+0200;2200;+0200;0;KE_7604-KE_7637
STO;1055;+0200;1630;+0200;0;SK_6536-SK_705
STO;1055;+0200;1630;+0200;0;KF_12-KF_5302
STO;1140;+0200;1720;+0200;0;BA_431-BA_780
MUC;0700;+0200;0825;+0200;0;LH_2313
MUC;0720;+0200;0845;+0200;0;KL_1791
MUC;0850;+0200;1015;+0200;0;LH_2301
MUC;0930;+0200;1055;+0200;0;KL_1793
MUC;1105;+0200;1230;+0200;0;LH_2303
MUC;1155;+0200;1320;+0200;0;KL_1795
MUC;1320;+0200;1445;+0200;0;LH_2305
MUC;1515;+0200;1640;+0200;0;KL_1797
MUC;1720;+0200;1845;+0200;0;LH_2307
MUC;1750;+0200;1915;+0200;0;KL_1799
MUC;1905;+0200;2030;+0200;0;LH_2309
MUC;2050;+0200;2215;+0200;0;KL_1801
MUC;2110;+0200;2235;+0200;0;LH_2311
MUC;1830;+0200;2115;+0200;0;LH_997-LH_122
MUC;0705;+0200;1000;+0200;0;LH_1003-LH_104
MUC;0705;+0200;1005;+0200;0;LX_737-LX_3618
MUC;0835;+0200;1135;+0200;0;LH_3335-LH_2063
MUC;1655;+0200;1955;+0200;0;LH_3337-LH_2085
MUC;1455;+0200;1810;+0200;0;LH_993-LH_116
MUC;0945;+0200;1310;+0200;0;LX_725-LX_1104
MUC;0945;+0200;1310;+0200;0;LH_987-LH_108
MUC;1015;+0200;1340;+0200;0;JP_435-JP_158
MUC;1355;+0200;1725;+0200;0;AF_1641-AF_2322
MUC;1455;+0200;1825;+0200;0;LX_729-LX_3622
MUC;1655;+0200;2025;+0200;0;LH_3337-LH_2077
MUC;1055;+0200;1430;+0200;0;LH_989-LH_110
MUC;1355;+0200;1730;+0200;0;AF_1641-AF_2322
MUC;1045;+0200;1425;+0200;0;AF_1341-AF_2022
MUC;1010;+0200;1355;+0200;0;OS_372-OS_7233
MUC;1045;+0200;1430;+0200;0;AF_1341-AF_2022
MUC;1320;+0200;1705;+0200;0;LH_991-LH_114
MUC;0800;+0200;1150;+0200;0;AF_8229-AF_1722
MUC;0835;+0200;1225;+0200;0;LH_3335-LH_2065
MUC;1730;+0200;2120;+0200;0;SK_1550-SK_659
MUC;0705;+0200;1100;+0200;0;LH_1003-LH_106
MUC;1830;+0200;2225;+0200;0;LH_997-LH_124
MUC;1025;+0200;1435;+0200;0;SK_552-SK_3693
MUC;1800;+0200;2210;+0200;0;AF_8241-AF_1122
MUC;1655;+0200;2110;+0200;0;LH_3337-LH_2079
MUC;1745;+0200;2200;+0200;0;OS_374-OS_7237
MUC;1455;+0200;1915;+0200;0;LH_993-LH_118
MUC;0720;+0200;1145;+0200;0;QF_3364-QF_3565
MUC;1520;+0200;1945;+0200;0;AF_1741-AF_2522
MUC;0720;+0200;1150;+0200;0;QF_3364-QF_3565
MUC;0720;+0200;1150;+0200;0;BA_423-BA_950
MUC;0715;+0200;1150;+0200;0;AF_8227-AF_1722
MUC;0945;+0200;1425;+0200;0;LX_725-LX_3620
MUC;1035;+0200;1515;+0200;0;LO_266-LO_391
MUC;0945;+0200;1430;+0200;0;LH_987-LH_110
MUC;1320;+0200;1810;+0200;0;LH_991-LH_116
MUC;0700;+0200;1155;+0200;0;OS_378-OS_7239
MUC;0930;+0200;1425;+0200;0;AF_1241-AF_2022
MUC;1230;+0200;1725;+0200;0;AF_8233-AF_2322
MUC;0930;+0200;1430;+0200;0;AF_1241-AF_2022
MUC;1230;+0200;1730;+0200;0;AF_8233-AF_2322
MUC;1330;+0200;1830;+0200;0;SK_548-SK_3649
MUC;0645;+0200;1150;+0200;0;AF_8223-AF_1722
MUC;1030;+0200;1535;+0200;0;AA_6435-AA_6545
MUC;1055;+0200;1600;+0200;0;LH_989-LH_112
MUC;1350;+0200;1855;+0200;0;BT_618-BT_223
MUC;1030;+0200;1540;+0200;0;BA_429-BA_952
MUC;1140;+0200;1650;+0200;0;BA_431-BA_954
MUC;1455;+0200;2005;+0200;0;LX_729-LX_1110
MUC;0835;+0200;1350;+0200;0;LH_3335-LH_2067
MUC;1655;+0200;2210;+0200;0;AF_8239-AF_1122
MIL;2015;+0200;2150;+0200;0;KL_3417
MIL;2015;+0200;2150;+0200;0;AZ_113
MIL;0945;+0200;1125;+0200;0;KL_3623
MIL;0945;+0200;1125;+0200;0;AZ_7905
MIL;1010;+0200;1150;+0200;0;KL_1623
MIL;1010;+0200;1150;+0200;0;AZ_7719
MIL;1025;+0200;1205;+0200;0;KL_1623
MIL;1230;+0200;1410;+0200;0;AZ_121
MIL;1230;+0200;1410;+0200;0;KL_3419
MIL;1515;+0200;1655;+0200;0;KL_1627
MIL;1515;+0200;1655;+0200;0;AZ_7721
MIL;2035;+0200;2215;+0200;0;KL_1635
MIL;2035;+0200;2215;+0200;0;AZ_7725
MIL;2100;+0200;2240;+0200;0;KL_1635
MIL;0755;+0200;0940;+0200;0;AZ_7727
MIL;0755;+0200;0940;+0200;0;KL_1619
MIL;1655;+0200;1840;+0200;0;KL_1621
MIL;1655;+0200;1840;+0200;0;AZ_7747
MIL;0700;+0200;1015;+0200;0;LH_2313-LH_1854
MIL;1105;+0200;1420;+0200;0;LH_2303-LH_1858
MIL;0705;+0200;1035;+0200;0;LH_1003-LH_248
MIL;0705;+0200;1035;+0200;0;UA_9156-UA_9140
MIL;0705;+0200;1035;+0200;0;LX_737-LX_1616
MIL;0850;+0200;1220;+0200;0;LH_2301-LH_1856
MIL;0945;+0200;1315;+0200;0;LX_725-LX_1628
MIL;1045;+0200;1415;+0200;0;AF_1341-AF_1714
MIL;1320;+0200;1650;+0200;0;LH_991-LH_274
MIL;1905;+0200;2235;+0200;0;LH_2309-LH_1866
MIL;0840;+0200;1220;+0200;0;AF_5184-AF_3701
MIL;1855;+0200;2235;+0200;0;AF_2041-AF_2514
MIL;0650;+0200;1035;+0200;0;UA_9156-UA_9140
MIL;1455;+0200;1840;+0200;0;LH_993-LH_276
MIL;1455;+0200;1840;+0200;0;LX_729-LX_1636
MIL;1830;+0200;2215;+0200;0;LH_997-LH_278
MIL;0715;+0200;1105;+0200;0;AF_8227-AF_9802
MIL;1455;+0200;1850;+0200;0;LH_993-LH_276
MIL;0945;+0200;1345;+0200;0;UA_9195-UA_9216
MIL;0940;+0200;1345;+0200;0;UA_9195-UA_9216
MIL;0945;+0200;1350;+0200;0;LH_987-LH_252
MIL;0945;+0200;1350;+0200;0;UA_9195-UA_9216
MIL;1045;+0200;1450;+0200;0;AF_1341-AF_1712
MIL;1655;+0200;2100;+0200;0;AF_8239-AF_9702
MIL;1745;+0200;2150;+0200;0;OS_374-OS_517
MIL;0940;+0200;1350;+0200;0;UA_9195-UA_9216
MIL;1300;+0200;1710;+0200;0;AZ_107-AZ_2080
MIL;1800;+0200;2210;+0200;0;AF_8241-AF_9812
MIL;1320;+0200;1735;+0200;0;LH_991-LH_254
MIL;1410;+0200;1825;+0200;0;AZ_7729-AZ_2290
MIL;1630;+0200;2045;+0200;0;BA_439-BA_580
MIL;1825;+0200;2240;+0200;0;AZ_111-AZ_2130
MIL;0645;+0200;1105;+0200;0;AF_8223-AF_9802
MIL;0800;+0200;1220;+0200;0;AF_5182-AF_3701
MIL;1410;+0200;1830;+0200;0;AZ_7729-AZ_2088
MIL;0715;+0200;1140;+0200;0;AZ_7711-AZ_1016
MIL;1230;+0200;1655;+0200;0;AF_8233-AF_9700
MIL;1410;+0200;1835;+0200;0;AZ_7729-AZ_1028
MIL;1520;+0200;1945;+0200;0;AF_1741-AF_2112
MIL;1645;+0200;2110;+0200;0;AZ_7715-AZ_2114
MIL;1825;+0200;2250;+0200;0;AZ_111-AZ_1030
MIL;0940;+0200;1410;+0200;0;AZ_7713-AZ_2038
MIL;1030;+0200;1500;+0200;0;AA_6435-AA_6308
MIL;1030;+0200;1500;+0200;0;BA_429-BA_562
MIL;1300;+0200;1730;+0200;0;AZ_107-AZ_2046
MIL;1710;+0200;2140;+0200;0;AZ_109-AZ_2058
MIL;1830;+0200;2300;+0200;0;LH_997-LH_258
MIL;1830;+0200;2300;+0200;0;NH_6174-NH_6125
MIL;1745;+0200;2220;+0200;0;OS_374-OS_539
MIL;1800;+0200;2235;+0200;0;AF_8241-AF_2514
MIL;1410;+0200;1850;+0200;0;AZ_7729-AZ_2096
MIL;1520;+0200;2000;+0200;0;AF_1741-AF_2214
MIL;1630;+0200;2110;+0200;0;AA_6507-AA_6383
MIL;0720;+0200;1205;+0200;0;AA_6434-AA_6315
MIL;0930;+0200;1415;+0200;0;AF_1241-AF_1714
MIL;0720;+0200;1210;+0200;0;BA_423-BA_576
MIL;0940;+0200;1430;+0200;0;AZ_7713-AZ_1026
MIL;1300;+0200;1750;+0200;0;AZ_107-AZ_2090
MIL;0715;+0200;1210;+0200;0;AZ_7711-AZ_2032
MIL;1630;+0200;2125;+0200;0;BA_439-BA_570
MIL;1630;+0200;2125;+0200;0;AA_6507-AA_6314
MIL;1645;+0200;2140;+0200;0;AZ_7715-AZ_2058
MIL;1410;+0200;1910;+0200;0;AZ_7729-AZ_2050
MIL;1630;+0200;2130;+0200;0;AA_6507-AA_6314
MIL;1710;+0200;2210;+0200;0;AZ_109-AZ_2118
MIL;0705;+0200;1215;+0200;0;LH_1003-LH_272
MIL;0705;+0200;1215;+0200;0;UA_9156-UA_8768
MIL;1105;+0200;1615;+0200;0;LH_2303-LH_1860
MIL;1300;+0200;1810;+0200;0;AZ_107-AZ_2092
MIL;1320;+0200;1830;+0200;0;LH_2305-LH_1862
MIL;1525;+0200;2035;+0200;0;AF_5192-AF_3703
MIL;0705;+0200;1220;+0200;0;AF_5180-AF_3701
MIL;1410;+0200;1925;+0200;0;AZ_7729-AZ_2112
MIL;1655;+0200;2210;+0200;0;AF_8239-AF_9812
MIL;1710;+0200;2225;+0200;0;AZ_109-AZ_2312
MIL;1720;+0200;2235;+0200;0;LH_2307-LH_1866
MIL;0700;+0200;1220;+0200;0;LH_2313-LH_1856
MIL;0930;+0200;1450;+0200;0;AF_1241-AF_1712
MIL;1320;+0200;1840;+0200;0;LH_991-LH_276
MIL;0650;+0200;1215;+0200;0;UA_9156-UA_8768
MIL;1300;+0200;1825;+0200;0;AZ_107-AZ_2290
MIL;1645;+0200;2210;+0200;0;AZ_7715-AZ_2118
MIL;0850;+0200;1420;+0200;0;LH_2301-LH_1858
MIL;0940;+0200;1510;+0200;0;AZ_7713-AZ_2068
MIL;1300;+0200;1830;+0200;0;AZ_107-AZ_2088
MIL;1320;+0200;1850;+0200;0;LH_991-LH_276
MIL;1330;+0200;1900;+0200;0;SK_548-SK_687
MIL;1410;+0200;1940;+0200;0;AZ_7729-AZ_2100
MIL;1710;+0200;2240;+0200;0;AZ_109-AZ_2130
MIL;1730;+0200;2300;+0200;0;SK_1550-SK_1689
VIE;0650;+0200;0840;+0200;0;KL_1839
VIE;1140;+0200;1330;+0200;0;KL_1845
VIE;1720;+0200;1910;+0200;0;KL_1847
VIE;2000;+0200;2150;+0200;0;OS_376
VIE;2020;+0200;2210;+0200;0;KL_1849
VIE;0700;+0200;0855;+0200;0;OS_378
VIE;1010;+0200;1205;+0200;0;OS_372
VIE;1745;+0200;1940;+0200;0;OS_374
VIE;1320;+0200;1630;+0200;0;LH_2305-LH_2330
VIE;1055;+0200;1410;+0200;0;LH_989-LH_1238
VIE;0700;+0200;1025;+0200;0;LH_2313-LH_2326
VIE;1320;+0200;1650;+0200;0;LH_991-LH_6336
VIE;0850;+0200;1225;+0200;0;LH_2301-LH_2328
VIE;1455;+0200;1830;+0200;0;LX_729-LX_1582
VIE;1905;+0200;2240;+0200;0;TG_7853-TG_7214
VIE;1905;+0200;2240;+0200;0;LH_2309-LH_6330
VIE;1455;+0200;1840;+0200;0;LH_993-LH_1242
VIE;1520;+0200;1925;+0200;0;AF_1741-AF_2138
VIE;1520;+0200;1925;+0200;0;AF_1741-AF_2038
VIE;1455;+0200;1910;+0200;0;LH_993-LH_6346
VIE;1800;+0200;2215;+0200;0;AF_8241-AF_1756
VIE;0945;+0200;1405;+0200;0;UA_9195-UA_8966
VIE;1455;+0200;1915;+0200;0;LX_729-LX_3556
VIE;1730;+0200;2150;+0200;0;SK_1550-SK_9405
VIE;0740;+0200;1205;+0200;0;LO_270-LO_5221
VIE;0940;+0200;1405;+0200;0;UA_9195-UA_8966
VIE;0945;+0200;1410;+0200;0;LX_725-LX_1578
VIE;0945;+0200;1410;+0200;0;LH_987-LH_1238
VIE;0945;+0200;1410;+0200;0;UA_9195-UA_8966
VIE;0940;+0200;1410;+0200;0;UA_9195-UA_8966
VIE;1320;+0200;1750;+0200;0;LH_991-LH_1240
VIE;1655;+0200;2125;+0200;0;LH_3337-LH_6362
VIE;0705;+0200;1140;+0200;0;LX_737-LX_3552
VIE;1830;+0200;2305;+0200;0;LH_997-LH_1246
VIE;1300;+0200;1740;+0200;0;AZ_107-AZ_190
VIE;1120;+0200;1605;+0200;0;OU_451-OU_5440
VIE;1150;+0200;1635;+0200;0;JU_263-JU_8312
VIE;0715;+0200;1205;+0200;0;AF_8227-AF_1556
VIE;1455;+0200;1950;+0200;0;LH_993-LH_6929
VIE;0655;+0200;1155;+0200;0;SK_550-SK_9403
VIE;0705;+0200;1205;+0200;0;LH_1003-LH_6334
VIE;1355;+0200;1855;+0200;0;AF_1641-AF_1656
VIE;0930;+0200;1435;+0200;0;AF_1241-AF_1738
VIE;1230;+0200;1735;+0200;0;AF_8233-AF_1438
VIE;0930;+0200;1440;+0200;0;AF_1241-AF_1738
VIE;1230;+0200;1740;+0200;0;AF_8233-AF_1438
ROM;1300;+0200;1510;+0200;0;AZ_107
ROM;1300;+0200;1510;+0200;0;KL_3401
ROM;2020;+0200;2230;+0200;0;AZ_7717
ROM;2020;+0200;2230;+0200;0;KL_1609
ROM;0715;+0200;0930;+0200;0;KL_1597
ROM;0715;+0200;0930;+0200;0;AZ_7711
ROM;0940;+0200;1155;+0200;0;AZ_7713
ROM;0940;+0200;1155;+0200;0;KL_1601
ROM;1410;+0200;1625;+0200;0;KL_1603
ROM;1410;+0200;1625;+0200;0;AZ_7729
ROM;1645;+0200;1900;+0200;0;KL_1607
ROM;1645;+0200;1900;+0200;0;AZ_7715
ROM;1710;+0200;1925;+0200;0;AZ_109
ROM;1710;+0200;1925;+0200;0;KL_3403
ROM;1825;+0200;2040;+0200;0;AZ_111
ROM;1825;+0200;2040;+0200;0;KL_3405
ROM;1455;+0200;1830;+0200;0;LH_993-LH_238
ROM;1230;+0200;1610;+0200;0;AZ_121-AZ_2071
ROM;0755;+0200;1140;+0200;0;AZ_7727-AZ_2027
ROM;1655;+0200;2040;+0200;0;AZ_7747-AZ_2113
ROM;1720;+0200;2105;+0200;0;LH_2307-LH_1850
ROM;2005;+0200;2355;+0200;0;LH_999-LH_242
ROM;0700;+0200;1105;+0200;0;LH_2313-LH_1842
ROM;1230;+0200;1640;+0200;0;AZ_121-AZ_2083
ROM;1455;+0200;1905;+0200;0;LX_729-LX_1732
ROM;1620;+0200;2030;+0200;0;AF_8435-AF_9886
ROM;0755;+0200;1210;+0200;0;AZ_7727-AZ_2045
ROM;0800;+0200;1215;+0200;0;AF_8229-AF_9832
ROM;0850;+0200;1305;+0200;0;LH_2301-LH_1844
ROM;0925;+0200;1340;+0200;0;OK_617-OK_724
ROM;1320;+0200;1735;+0200;0;LH_991-LH_236
ROM;1450;+0200;1905;+0200;0;KL_1655-KL_3602
ROM;1450;+0200;1905;+0200;0;AZ_7735-AZ_1480
ROM;1655;+0200;2110;+0200;0;AZ_7747-AZ_2075
ROM;0945;+0200;1405;+0200;0;LH_987-LH_234
ROM;0945;+0200;1405;+0200;0;UA_9195-UA_8746
ROM;0945;+0200;1405;+0200;0;LX_725-LX_1736
ROM;1800;+0200;2220;+0200;0;AF_8241-AF_9842
ROM;0940;+0200;1405;+0200;0;UA_9195-UA_8746
ROM;0945;+0200;1410;+0200;0;AZ_7905-AZ_2055
ROM;1520;+0200;1945;+0200;0;AF_1741-AF_9838
ROM;0715;+0200;1150;+0200;0;AF_8227-AF_1504
ROM;0930;+0200;1410;+0200;0;AZ_119-AZ_1418
ROM;0930;+0200;1410;+0200;0;KL_3409-KL_2910
ROM;1230;+0200;1710;+0200;0;AZ_121-AZ_2059
ROM;1655;+0200;2140;+0200;0;AZ_7747-AZ_2121
ROM;1655;+0200;2140;+0200;0;AF_8239-AF_2304
ROM;1355;+0200;1845;+0200;0;AF_1641-AF_2204
ROM;1710;+0200;2200;+0200;0;OK_4625-OK_726
ROM;1320;+0200;1815;+0200;0;LH_2305-LH_1848
ROM;1355;+0200;1850;+0200;0;AF_1641-AF_2204
ROM;0715;+0200;1215;+0200;0;AF_8227-AF_9832
ROM;1230;+0200;1730;+0200;0;AF_8233-AF_2104
ROM;0645;+0200;1150;+0200;0;AF_8223-AF_1504
ROM;0720;+0200;1225;+0200;0;AA_6434-AA_6510
ROM;0850;+0200;1355;+0200;0;VN_3150-VN_3161
ROM;1220;+0200;1725;+0200;0;BA_2761-BA_2540
ROM;0930;+0200;1440;+0200;0;AF_1241-AF_9846
ROM;0955;+0200;1505;+0200;0;KL_1653-KL_3605
ROM;0955;+0200;1505;+0200;0;AZ_7733-AZ_1470
ROM;1230;+0200;1740;+0200;0;AZ_121-AZ_2085
ROM;1320;+0200;1830;+0200;0;LH_991-LH_238
ROM;0705;+0200;1220;+0200;0;UA_9156-UA_8744
ROM;0755;+0200;1310;+0200;0;AZ_7727-AZ_2037
ROM;0720;+0200;1240;+0200;0;QF_3364-QF_3425
ROM;0720;+0200;1240;+0200;0;BA_423-BA_548
ROM;0720;+0200;1240;+0200;0;AA_6434-AA_6510
ROM;1450;+0200;2010;+0200;0;KL_1655-KL_2920
ROM;1450;+0200;2010;+0200;0;AZ_7735-AZ_1474
ROM;1520;+0200;2040;+0200;0;AF_1741-AF_9840
ROM;0705;+0200;1230;+0200;0;UA_9156-UA_8744
ROM;0705;+0200;1230;+0200;0;LH_1003-LH_232
ROM;0945;+0200;1510;+0200;0;AZ_7905-AZ_2049
ROM;1045;+0200;1610;+0200;0;AF_1341-AF_1904
ROM;1105;+0200;1630;+0200;0;LH_2303-LH_1846
ROM;1435;+0200;2000;+0200;0;AF_8263-AF_9890
ROM;1515;+0200;2040;+0200;0;AZ_7721-AZ_1023
ROM;1630;+0200;2155;+0200;0;BA_439-BA_558
ROM;1630;+0200;2155;+0200;0;AA_6507-AA_6460
ROM;1655;+0200;2220;+0200;0;AF_8239-AF_9842
ROM;1830;+0200;2355;+0200;0;NH_6174-NH_6121
ROM;1830;+0200;2355;+0200;0;LH_997-LH_242
ROM;0645;+0200;1215;+0200;0;AF_8223-AF_9832
ROM;0650;+0200;1220;+0200;0;UA_9156-UA_8744
ROM;1450;+0200;2020;+0200;0;KL_1591-KL_2744
ROM;1450;+0200;2020;+0200;0;AZ_7741-AZ_1320
ROM;1630;+0200;2200;+0200;0;OK_623-OK_726
ROM;1120;+0200;1655;+0200;0;AM_6840-AM_6927
ROM;0650;+0200;1230;+0200;0;UA_9156-UA_8744
ROM;1030;+0200;1610;+0200;0;AA_6435-AA_6519
ROM;1120;+0200;1700;+0200;0;AM_6840-AM_6927
ROM;1230;+0200;1810;+0200;0;AZ_121-AZ_2061
ROM;1030;+0200;1615;+0200;0;BA_429-BA_560
ROM;1120;+0200;1705;+0200;0;OU_451-OU_380-OU_380
ROM;1445;+0200;2030;+0200;0;AF_8231-AF_9886
ROM;1655;+0200;2240;+0200;0;AZ_7747-AZ_2077
ROM;1105;+0200;1655;+0200;0;UX_1092-UX_1047
ROM;1355;+0200;1945;+0200;0;AF_1641-AF_9838
ROM;0945;+0200;1540;+0200;0;AZ_7905-AZ_2069
ROM;1450;+0200;2045;+0200;0;AF_8283-AF_4330
ROM;0700;+0200;1305;+0200;0;LH_2313-LH_1844
ROM;1140;+0200;1745;+0200;0;AA_6443-AA_6455
ROM;0955;+0200;1605;+0200;0;AZ_7733-AZ_1462
ROM;0955;+0200;1605;+0200;0;KL_1653-KL_3592
ROM;1140;+0200;1750;+0200;0;BA_431-BA_556
ROM;1230;+0200;1840;+0200;0;AZ_121-AZ_2063
ROM;0755;+0200;1410;+0200;0;AZ_7727-AZ_2055
ROM;0950;+0200;1605;+0200;0;KL_1583-KL_3456
ROM;0950;+0200;1605;+0200;0;AZ_7739-AZ_1318
ROM;1215;+0200;1830;+0200;0;IB_3245-IB_3678
ROM;1230;+0200;1845;+0200;0;AF_8233-AF_2204
OSL;2035;+0200;2205;+0200;0;KL_1221
OSL;1155;+0200;1330;+0200;0;KL_1217
OSL;0700;+0200;0845;+0200;0;KL_1141
OSL;0920;+0200;1105;+0200;0;KL_1143
OSL;1110;+0200;1255;+0200;0;SK_822
OSL;1140;+0200;1325;+0200;0;KL_1145
OSL;1425;+0200;1610;+0200;0;KL_1147
OSL;1705;+0200;1850;+0200;0;KL_1149
OSL;1855;+0200;2040;+0200;0;SK_828
OSL;2050;+0200;2235;+0200;0;KL_1151
OSL;1330;+0200;1645;+0200;0;SK_548-SK_460
OSL;0645;+0200;1015;+0200;0;SK_558-SK_849
OSL;0655;+0200;1030;+0200;0;SK_550-SK_1464
OSL;1155;+0200;1530;+0200;0;SK_556-SK_867
OSL;2020;+0200;2355;+0200;0;SK_554-SK_1474
OSL;0655;+0200;1035;+0200;0;SK_550-SK_3180
OSL;2005;+0200;2345;+0200;0;AI_8538-AI_8534
OSL;2005;+0200;2345;+0200;0;LH_999-LH_864
OSL;1330;+0200;1715;+0200;0;SK_548-SK_1460
OSL;1730;+0200;2115;+0200;0;SK_1550-SK_1478
OSL;1320;+0200;1725;+0200;0;LH_2305-LH_2454
OSL;0700;+0200;1110;+0200;0;LH_2313-LH_2450
OSL;0700;+0200;1120;+0200;0;OK_4627-OK_446
OSL;1025;+0200;1445;+0200;0;SK_552-SK_458
OSL;1455;+0200;1915;+0200;0;LH_993-LH_6280
OSL;1720;+0200;2140;+0200;0;LH_2307-LH_2456
OSL;1355;+0200;1820;+0200;0;AF_1641-AF_2374
OSL;1140;+0200;1610;+0200;0;BA_431-BA_766
OSL;1155;+0200;1625;+0200;0;AY_842-AY_659
OSL;0655;+0200;1130;+0200;0;SK_550-SK_1454
OSL;1730;+0200;2205;+0200;0;SK_1550-SK_3036
OSL;1140;+0200;1620;+0200;0;AA_6443-AA_6629
OSL;1155;+0200;1635;+0200;0;SK_556-SK_875
OSL;0715;+0200;1205;+0200;0;AF_8227-AF_2074
OSL;0945;+0200;1435;+0200;0;LH_987-LH_6230
OSL;1710;+0200;2200;+0200;0;OK_4625-OK_448
OSL;1025;+0200;1525;+0200;0;SK_552-SK_1458
OSL;1320;+0200;1820;+0200;0;LH_991-LH_862
OSL;1330;+0200;1840;+0200;0;SK_548-SK_462
OSL;1330;+0200;1840;+0200;0;SK_548-SK_3052
OSL;1025;+0200;1540;+0200;0;SK_552-SK_3174
OSL;1455;+0200;2010;+0200;0;BA_435-BA_768
OSL;1455;+0200;2010;+0200;0;AA_6505-AA_6406
OSL;1745;+0200;2300;+0200;0;OS_374-OS_331
OSL;1830;+0200;2345;+0200;0;LH_997-LH_864
OSL;1830;+0200;2345;+0200;0;NH_6174-NH_6185
OSL;0645;+0200;1205;+0200;0;AF_8223-AF_2074
OSL;1455;+0200;2025;+0200;0;AA_6505-AA_6406
OSL;1630;+0200;2200;+0200;0;OK_623-OK_448
OSL;1630;+0200;2200;+0200;0;KE_7604-KE_7633
OSL;1030;+0200;1610;+0200;0;BA_429-BA_766
OSL;1630;+0200;2210;+0200;0;KE_7604-KE_7633
OSL;1030;+0200;1620;+0200;0;AA_6435-AA_6629
OSL;1155;+0200;1745;+0200;0;SK_556-SK_499
OSL;1230;+0200;1820;+0200;0;AF_8233-AF_2374
OSL;1330;+0200;1920;+0200;0;SK_548-SK_1470
OSL;1520;+0200;2110;+0200;0;AF_1741-AF_1274
OSL;0700;+0200;1255;+0200;0;OS_378-OS_335
OSL;0705;+0200;1300;+0200;0;UA_9156-UA_9146
OSL;1320;+0200;1915;+0200;0;LH_991-LH_6280
OSL;1630;+0200;2225;+0200;0;BA_439-BA_770
OSL;0705;+0200;1305;+0200;0;UA_9156-UA_9146
OSL;0705;+0200;1305;+0200;0;LH_1003-LH_860
HEL;1850;+0200;2210;+0300;0;AY_846
HEL;2055;+0200;0015;+0300;1;KL_1171
HEL;0710;+0200;1035;+0300;0;KL_1165
HEL;0945;+0200;1310;+0300;0;KL_1167
HEL;1155;+0200;1520;+0300;0;AY_842
HEL;1155;+0200;1520;+0300;0;JL_7808
HEL;1055;+0200;1425;+0300;0;SK_6536
HEL;1055;+0200;1425;+0300;0;KF_12
HEL;1340;+0200;1710;+0300;0;KL_1169
HEL;1955;+0200;2325;+0300;0;KF_16
HEL;1955;+0200;2325;+0300;0;SK_6538
HEL;2020;+0200;0120;+0300;1;SK_554-SK_6544
HEL;0655;+0200;1210;+0300;0;UA_6892-UA_6929
HEL;0655;+0200;1210;+0300;0;SK_550-SK_1712
HEL;1730;+0200;2245;+0300;0;SK_1550-SK_714
HEL;1330;+0200;1850;+0300;0;SK_548-SK_1710
HEL;2005;+0200;0130;+0300;1;LH_999-LH_854
HEL;1930;+0200;0105;+0300;1;BT_620-BT_329
HEL;1350;+0200;1930;+0300;0;BT_618-BT_339
HEL;1720;+0200;2300;+0300;0;LH_2307-LH_2466
HEL;0655;+0200;1240;+0300;0;SK_550-SK_6546
HEL;1350;+0200;1940;+0300;0;BT_618-BT_325
HEL;1745;+0200;2340;+0300;0;OS_374-OS_347
HEL;1655;+0200;2255;+0300;0;AF_8239-AF_1798
HEL;0705;+0200;1315;+0300;0;UA_9156-UA_8735
HEL;0650;+0200;1315;+0300;0;UA_9156-UA_8735
HEL;1025;+0200;1650;+0300;0;SK_552-SK_6694
HEL;0925;+0200;1600;+0300;0;OK_617-OK_480
HEL;0925;+0200;1600;+0300;0;KE_7602-KE_7639
HEL;1330;+0200;2010;+0300;0;SK_548-SK_6541
HEL;0930;+0200;1615;+0300;0;AF_1241-AF_1498
HEL;1055;+0200;1740;+0300;0;UA_9203-UA_9022
HEL;1230;+0200;1915;+0300;0;AF_8233-AF_1098
HEL;0700;+0200;1350;+0300;0;OS_378-OS_345
HEL;0800;+0200;1450;+0300;0;AF_8229-AF_2298
HEL;1230;+0200;1920;+0300;0;AF_8233-AF_1098
HEL;1350;+0200;2040;+0300;0;BT_618-BT_327
HEL;0705;+0200;1405;+0300;0;UA_9156-UA_8735
HEL;0705;+0200;1405;+0300;0;LH_1003-LH_848
HEL;1040;+0200;1740;+0300;0;UA_9203-UA_9022
HEL;1830;+0200;0130;+0300;1;LH_997-LH_854
HEL;1055;+0200;1800;+0300;0;LH_989-LH_850
HEL;1055;+0200;1800;+0300;0;UA_9203-UA_9022
HEL;1105;+0200;1810;+0300;0;LH_2303-LH_2464
HEL;1630;+0200;2335;+0300;0;AA_6507-AA_6463
HEL;1630;+0200;2335;+0300;0;BA_439-BA_798
HEL;0645;+0200;1355;+0300;0;SK_558-SK_6428
HEL;0945;+0200;1655;+0300;0;LX_725-LX_4790
HEL;1155;+0200;1905;+0300;0;SK_556-SK_708
HEL;0650;+0200;1405;+0300;0;UA_9156-UA_8735
FRA;2100;+0200;2155;+0200;0;PK_763
FRA;1320;+0200;1425;+0200;0;LH_991
FRA;1455;+0200;1600;+0200;0;LH_993
FRA;1550;+0200;1655;+0200;0;KL_1771
FRA;1645;+0200;1750;+0200;0;KL_1773
FRA;1830;+0200;1935;+0200;0;NH_6174
FRA;1830;+0200;1935;+0200;0;LH_997
FRA;2005;+0200;2110;+0200;0;LH_999
FRA;2005;+0200;2110;+0200;0;AI_8538
FRA;0705;+0200;0815;+0200;0;UA_9156
FRA;0705;+0200;0815;+0200;0;LH_1003
FRA;0945;+0200;1055;+0200;0;UA_9195
FRA;0945;+0200;1055;+0200;0;LH_987
FRA;1055;+0200;1205;+0200;0;UA_9203
FRA;1055;+0200;1205;+0200;0;LH_989
FRA;1355;+0200;1505;+0200;0;KL_1767
FRA;1540;+0200;1650;+0200;0;KL_1771
FRA;2050;+0200;2200;+0200;0;KL_1775
FRA;0650;+0200;0805;+0200;0;UA_9156
FRA;0850;+0200;1005;+0200;0;KL_1765
FRA;0940;+0200;1055;+0200;0;UA_9195
FRA;1040;+0200;1155;+0200;0;UA_9203
FRA;0835;+0200;1120;+0200;0;LH_3335-LH_11
FRA;1655;+0200;1955;+0200;0;LH_3337-LH_25
FRA;1905;+0200;2205;+0200;0;LH_2309-LH_125
FRA;0850;+0200;1155;+0200;0;LH_2301-LH_109
FRA;0705;+0200;1015;+0200;0;LX_737-LX_3600
FRA;0700;+0200;1020;+0200;0;LH_2313-LH_105
FRA;1730;+0200;2055;+0200;0;SK_1550-SK_3629
FRA;1825;+0200;2155;+0200;0;BA_8456-BA_8736
FRA;1800;+0200;2135;+0200;0;AF_8241-AF_1018
FRA;1655;+0200;2035;+0200;0;LH_3337-LH_27
FRA;0945;+0200;1330;+0200;0;LX_725-LX_1072
FRA;1105;+0200;1450;+0200;0;LH_2303-LH_113
FRA;1435;+0200;1820;+0200;0;KE_7604-KE_7609
FRA;1655;+0200;2040;+0200;0;LH_3337-LH_27
FRA;1720;+0200;2105;+0200;0;LH_2307-LH_123
FRA;0835;+0200;1225;+0200;0;LH_3335-LH_13
FRA;1045;+0200;1435;+0200;0;AF_1341-AF_1918
FRA;1720;+0200;2110;+0200;0;LH_2307-LH_123
FRA;0715;+0200;1110;+0200;0;AF_8227-AF_1618
FRA;0850;+0200;1245;+0200;0;LH_2301-LH_111
FRA;1455;+0200;1855;+0200;0;AA_6505-AA_6498
FRA;0655;+0200;1100;+0200;0;SK_550-SK_1637
FRA;0700;+0200;1105;+0200;0;LH_2313-LH_107
FRA;0705;+0200;1115;+0200;0;LX_737-LX_3602
FRA;1455;+0200;1910;+0200;0;LX_729-LX_3608
PAR;0645;+0200;0800;+0200;0;KL_1223
PAR;0645;+0200;0800;+0200;0;AF_8223
PAR;0930;+0200;1045;+0200;0;KL_2003
PAR;0930;+0200;1045;+0200;0;AF_1241
PAR;1045;+0200;1200;+0200;0;AF_1341
PAR;1045;+0200;1200;+0200;0;KL_2007
PAR;1230;+0200;1345;+0200;0;AF_8233
PAR;1230;+0200;1345;+0200;0;KL_1233
PAR;1355;+0200;1510;+0200;0;AF_1641
PAR;1355;+0200;1510;+0200;0;KL_2009
PAR;1520;+0200;1635;+0200;0;AF_1741
PAR;1520;+0200;1635;+0200;0;KL_2013
PAR;1655;+0200;1810;+0200;0;AF_8239
PAR;1655;+0200;1810;+0200;0;KL_1243
PAR;1800;+0200;1915;+0200;0;AF_8241
PAR;1800;+0200;1915;+0200;0;KL_1245
PAR;1855;+0200;2010;+0200;0;KL_2017
PAR;1855;+0200;2010;+0200;0;AF_2041
PAR;2045;+0200;2200;+0200;0;KL_2023
PAR;2045;+0200;2200;+0200;0;AF_2241
PAR;0715;+0200;0835;+0200;0;KL_1227
PAR;0715;+0200;0835;+0200;0;AF_8227
PAR;0800;+0200;0925;+0200;0;AF_8229
PAR;0800;+0200;0925;+0200;0;KL_1229
PAR;1220;+0200;1510;+0200;0;AF_3263-AF_5305
PAR;0925;+0200;1220;+0200;0;AF_8267-AF_1217
PAR;0925;+0200;1225;+0200;0;AF_5483-AF_7763
PAR;1830;+0200;2140;+0200;0;LH_997-LH_1050
PAR;0915;+0200;1230;+0200;0;KL_2033-KL_2311
PAR;0915;+0200;1230;+0200;0;AF_5365-AF_7725
PAR;1455;+0200;1815;+0200;0;LH_993-LH_1042
PAR;0840;+0200;1205;+0200;0;AF_5184-AF_5021
PAR;0945;+0200;1310;+0200;0;UA_9195-UA_9031
PAR;0940;+0200;1310;+0200;0;UA_9195-UA_9031
PAR;0945;+0200;1315;+0200;0;UA_9195-UA_9031
PAR;0945;+0200;1315;+0200;0;LH_987-LH_1034
PAR;1630;+0200;2000;+0200;0;AA_6507-AA_6458
PAR;1630;+0200;2000;+0200;0;BA_439-BA_322
PAR;1630;+0200;2000;+0200;0;AF_5485-AF_7767
PAR;0940;+0200;1315;+0200;0;UA_9195-UA_9031
PAR;1705;+0200;2040;+0200;0;AF_5194-AF_5027
PAR;0705;+0200;1045;+0200;0;AF_5180-AF_5019
PAR;0705;+0200;1045;+0200;0;UA_9156-UA_9357
PAR;1320;+0200;1700;+0200;0;LH_991-LH_1040
PAR;1455;+0200;1835;+0200;0;AA_6505-AA_6509
PAR;1455;+0200;1835;+0200;0;BA_435-BA_336
PAR;1630;+0200;2010;+0200;0;AA_6507-AA_6458
PAR;0720;+0200;1105;+0200;0;BA_423-BA_306
PAR;0720;+0200;1105;+0200;0;QF_3364-QF_3411
PAR;1330;+0200;1715;+0200;0;SK_548-SK_559
PAR;0705;+0200;1055;+0200;0;LH_1003-LH_1030
PAR;1055;+0200;1445;+0200;0;UA_9203-UA_8994
PAR;1420;+0200;1810;+0200;0;AF_1257-AF_7645
PAR;1420;+0200;1810;+0200;0;AF_1257-AF_7415
PAR;1420;+0200;1810;+0200;0;AF_8341-AF_6269
PAR;0650;+0200;1045;+0200;0;UA_9156-UA_9357
PAR;1055;+0200;1450;+0200;0;LH_989-LH_1036
PAR;1055;+0200;1450;+0200;0;UA_9203-UA_8994
PAR;1320;+0200;1715;+0200;0;LH_2305-LH_2234
PAR;1010;+0200;1410;+0200;0;AF_8301-AF_6263
PAR;1435;+0200;1835;+0200;0;AF_8263-AF_6135
PAR;1455;+0200;1855;+0200;0;AA_6505-AA_6509
PAR;0720;+0200;1125;+0200;0;AA_6434-AA_6554
PAR;0800;+0200;1205;+0200;0;AF_5182-AF_5021
PAR;0945;+0200;1350;+0200;0;LX_725-LX_638
PAR;1040;+0200;1445;+0200;0;UA_9203-UA_8994
PAR;1630;+0200;2035;+0200;0;AF_5485-AF_7319
PAR;1040;+0200;1450;+0200;0;UA_9203-UA_8994
PAR;0845;+0200;1300;+0200;0;AF_8443-AF_6211
PAR;1435;+0200;1850;+0200;0;AF_8263-AF_6137
PAR;1830;+0200;2245;+0200;0;LH_997-LH_1052
PAR;1140;+0200;1600;+0200;0;BA_431-BA_314
PAR;0935;+0200;1400;+0200;0;AF_8271-AF_6213
PAR;1030;+0200;1455;+0200;0;AA_6435-AA_6229
PAR;1140;+0200;1605;+0200;0;AA_6443-AA_6556
PAR;1430;+0200;1855;+0200;0;AF_5367-AF_7385
PAR;1010;+0200;1440;+0200;0;AF_8423-AF_2365
PAR;0755;+0200;1230;+0200;0;AZ_7727-AZ_7846
PAR;1430;+0200;1905;+0200;0;KL_2049-KL_2315
PAR;1430;+0200;1905;+0200;0;AF_5367-AF_7731
PAR;1455;+0200;1930;+0200;0;LX_729-LX_644
PAR;1000;+0200;1440;+0200;0;AF_8417-AF_3285
PAR;1010;+0200;1450;+0200;0;AF_8301-AF_7627
PAR;1620;+0200;2100;+0200;0;AF_8435-AF_6247
PAR;1630;+0200;2110;+0200;0;AA_6507-AA_6357
PAR;1630;+0200;2110;+0200;0;BA_439-BA_324
PAR;1655;+0200;2135;+0200;0;AZ_7747-AZ_356
PAR;0845;+0200;1330;+0200;0;AF_8443-AF_6215
PAR;1435;+0200;1920;+0200;0;AF_8263-AF_6157
PAR;1445;+0200;1930;+0200;0;AF_8231-AF_6227
PAR;1455;+0200;1940;+0200;0;LH_993-LH_1046
PAR;0945;+0200;1435;+0200;0;AZ_7905-AZ_7900
PAR;1220;+0200;1710;+0200;0;AF_3263-AF_7437
PAR;1420;+0200;1910;+0200;0;AF_8341-AF_6271
PAR;1705;+0200;2155;+0200;0;AF_5194-AF_5029
PAR;0935;+0200;1430;+0200;0;AF_8271-AF_6225
PAR;1320;+0200;1815;+0200;0;LH_991-LH_1042
PAR;1435;+0200;1930;+0200;0;AF_8263-AF_7789
PAR;1700;+0200;2155;+0200;0;AF_8269-AF_2317
PAR;0705;+0200;1205;+0200;0;AF_5180-AF_5021
PAR;0945;+0200;1445;+0200;0;UA_9195-UA_8994
PAR;1230;+0200;1730;+0200;0;AZ_121-AZ_7848
PAR;1420;+0200;1920;+0200;0;AF_8341-AF_7637
PAR;1435;+0200;1935;+0200;0;AF_8263-AF_6139
PAR;1450;+0200;1950;+0200;0;AF_8283-AF_6045
MAN;0800;+0200;0820;+0100;0;KL_1073
MAN;1000;+0200;1020;+0100;0;KL_1081
MAN;1205;+0200;1225;+0100;0;KL_1083
MAN;1445;+0200;1505;+0100;0;KL_1087
MAN;1635;+0200;1655;+0100;0;KL_1093
MAN;2115;+0200;2135;+0100;0;KL_1097
MAN;0720;+0200;0955;+0100;0;BA_423-BA_1386
MAN;0945;+0200;1220;+0100;0;LH_987-LH_942
MAN;1045;+0200;1325;+0100;0;AF_1341-AF_2268
MAN;1455;+0200;1735;+0100;0;LH_993-LH_946
MAN;2005;+0200;2245;+0100;0;LH_999-LH_948
MAN;1910;+0200;2200;+0100;0;BA_441-BA_1404
MAN;1045;+0200;1340;+0100;0;AF_1341-AF_2268
MAN;1140;+0200;1435;+0100;0;BA_431-BA_1394
MAN;1320;+0200;1630;+0100;0;LH_2305-LH_2502
MAN;1455;+0200;1810;+0100;0;LX_729-LX_380
MAN;0700;+0200;1020;+0100;0;LH_2313-LH_2500
MAN;0945;+0200;1305;+0100;0;LX_725-LX_394
MAN;1905;+0200;2235;+0100;0;LH_2309-LH_2504
MAN;1520;+0200;1855;+0100;0;AF_1741-AF_1168
MAN;1455;+0200;1840;+0100;0;BA_435-BA_1402
BER;1005;+0200;1120;+0200;0;KL_1823
BER;1225;+0200;1340;+0200;0;KL_1825
BER;1515;+0200;1630;+0200;0;KL_1829
BER;1715;+0200;1830;+0200;0;KL_1833
BER;2035;+0200;2150;+0200;0;KL_1835
BER;0815;+0200;0935;+0200;0;KL_1821
BER;1730;+0200;2025;+0200;0;SK_1550-SK_1677
BER;0705;+0200;1005;+0200;0;LH_1003-LH_176
BER;1025;+0200;1330;+0200;0;SK_552-SK_1675
BER;1055;+0200;1405;+0200;0;LH_989-LH_182
BER;1105;+0200;1415;+0200;0;LH_2303-LH_2038
BER;0700;+0200;1015;+0200;0;LH_2313-LH_2034
BER;1320;+0200;1635;+0200;0;LH_991-LH_186
BER;0850;+0200;1210;+0200;0;LH_2301-LH_2036
BER;1720;+0200;2040;+0200;0;LH_2307-LH_2052
BER;1830;+0200;2150;+0200;0;LH_997-LH_198
BER;1455;+0200;1820;+0200;0;LH_993-LH_190
BER;1830;+0200;2155;+0200;0;LH_997-LH_198
BER;1320;+0200;1700;+0200;0;LH_2305-LH_2046
BER;1745;+0200;2130;+0200;0;OS_374-OS_273
BER;1905;+0200;2250;+0200;0;LH_2309-LH_2056
BER;1045;+0200;1435;+0200;0;AF_1341-AF_2034
BER;0800;+0200;1200;+0200;0;AF_8229-AF_1734
BER;1010;+0200;1410;+0200;0;OS_372-OS_291
BER;1455;+0200;1900;+0200;0;LH_993-LH_192
BER;1455;+0200;1900;+0200;0;BA_435-BA_986
BER;1320;+0200;1730;+0200;0;LH_991-LH_188
BER;1455;+0200;1905;+0200;0;LX_729-LX_978
BER;0705;+0200;1120;+0200;0;LH_1003-LH_178
BER;0720;+0200;1135;+0200;0;BA_423-BA_982
BER;0720;+0200;1135;+0200;0;AA_6434-AA_6594
BER;0720;+0200;1135;+0200;0;QF_3364-QF_3613
BER;0945;+0200;1405;+0200;0;LH_987-LH_182
BER;1140;+0200;1600;+0200;0;BA_431-BA_984
BER;1140;+0200;1600;+0200;0;AA_6443-AA_6596
BER;1455;+0200;1915;+0200;0;AA_6505-AA_6473
BER;1830;+0200;2250;+0200;0;LH_997-LH_200
BER;0945;+0200;1410;+0200;0;LX_725-LX_966
BER;1055;+0200;1520;+0200;0;LH_989-LH_184
BER;1105;+0200;1540;+0200;0;LH_2303-LH_2040
BER;1435;+0200;1910;+0200;0;KE_7604-KE_7613
BER;1720;+0200;2155;+0200;0;LH_2307-LH_2054
BER;1455;+0200;1935;+0200;0;LH_993-LH_194
BER;0715;+0200;1200;+0200;0;AF_8227-AF_1734
BER;1025;+0200;1510;+0200;0;SK_552-SK_679
BER;1455;+0200;1940;+0200;0;LH_993-LH_194
BER;1230;+0200;1720;+0200;0;AF_8233-AF_2334
BER;1630;+0200;2125;+0200;0;BA_439-BA_988
BER;1320;+0200;1820;+0200;0;LH_991-LH_190
BER;1320;+0200;1820;+0200;0;LH_2305-LH_2048
BER;0930;+0200;1435;+0200;0;AF_1241-AF_2034
BER;1520;+0200;2025;+0200;0;AF_1741-AF_2534
BER;0700;+0200;1210;+0200;0;LH_2313-LH_2036
BER;0645;+0200;1200;+0200;0;AF_8223-AF_1734
BER;1025;+0200;1540;+0200;0;AC_9915-AC_9902
BER;1025;+0200;1540;+0200;0;SK_552-SK_679
BER;1105;+0200;1620;+0200;0;LH_2303-LH_2042
ZRH;1950;+0200;2110;+0200;0;LX_735
ZRH;2105;+0200;2225;+0200;0;KL_1969
ZRH;0705;+0200;0830;+0200;0;LX_737
ZRH;0945;+0200;1110;+0200;0;LX_725
ZRH;1205;+0200;1330;+0200;0;KL_1959
ZRH;1510;+0200;1635;+0200;0;KL_1961
ZRH;1710;+0200;1835;+0200;0;KL_1963
ZRH;0710;+0200;0840;+0200;0;KL_1953
ZRH;0935;+0200;1105;+0200;0;KL_1957
ZRH;1455;+0200;1625;+0200;0;LX_729
ZRH;0705;+0200;0950;+0200;0;LH_1003-LH_5770
ZRH;1655;+0200;1940;+0200;0;LH_3337-LH_3146
ZRH;0945;+0200;1255;+0200;0;LH_987-LH_1190
ZRH;0945;+0200;1255;+0200;0;UA_9195-UA_9008
ZRH;1720;+0200;2030;+0200;0;LH_2307-LH_2374
ZRH;1830;+0200;2140;+0200;0;LH_997-LH_5778
ZRH;0940;+0200;1255;+0200;0;UA_9195-UA_9008
ZRH;1710;+0200;2025;+0200;0;OK_4625-OK_588
ZRH;1320;+0200;1640;+0200;0;LH_2305-LH_2370
ZRH;1655;+0200;2020;+0200;0;AF_8239-AF_5110
ZRH;0850;+0200;1220;+0200;0;LH_2301-LH_2368
ZRH;1045;+0200;1415;+0200;0;AF_1341-AF_5104
ZRH;1520;+0200;1855;+0200;0;AF_1741-AF_5108
ZRH;0700;+0200;1040;+0200;0;LH_2313-LH_5782
ZRH;1055;+0200;1440;+0200;0;UA_9203-UA_9032
ZRH;1055;+0200;1440;+0200;0;LH_989-LH_1192
ZRH;1435;+0200;1825;+0200;0;KE_7604-KE_7661
ZRH;1105;+0200;1500;+0200;0;LH_2303-LH_5784
ZRH;1455;+0200;1850;+0200;0;AA_6505-AA_6565
ZRH;1630;+0200;2025;+0200;0;KE_7604-KE_7661
ZRH;1630;+0200;2025;+0200;0;OK_623-OK_588
ZRH;1745;+0200;2140;+0200;0;OS_374-OS_567
ZRH;1040;+0200;1440;+0200;0;UA_9203-UA_9032
ZRH;1130;+0200;1535;+0200;0;BA_8452-BA_8765
ZRH;1455;+0200;1900;+0200;0;LH_993-LH_5776
ZRH;0715;+0200;1125;+0200;0;AF_8227-AF_5102
ZRH;1320;+0200;1730;+0200;0;LH_991-LH_1196
ZRH;1730;+0200;2140;+0200;0;SK_1550-SK_3507
ZRH;1030;+0200;1450;+0200;0;BA_429-BA_714
ZRH;1030;+0200;1450;+0200;0;AA_6435-AA_6484
ZRH;0700;+0200;1125;+0200;0;OS_378-OS_8803
ZRH;0705;+0200;1130;+0200;0;LH_1003-LH_5772
ZRH;1455;+0200;1920;+0200;0;LH_993-LH_1198
ZRH;1655;+0200;2120;+0200;0;LH_3337-LH_5848
ZRH;1720;+0200;2145;+0200;0;LH_2307-LH_5788
ZRH;1055;+0200;1525;+0200;0;LH_989-LH_5774
LIS;1240;+0200;1435;+0100;0;KL_1693
LIS;2055;+0200;2250;+0100;0;KL_1697
LIS;1145;+0200;1345;+0100;0;UA_9593
LIS;1235;+0200;1435;+0100;0;TP_663
LIS;1905;+0200;2105;+0100;0;TP_661
LIS;1355;+0200;1735;+0100;0;AF_1641-AF_1924
LIS;1120;+0200;1505;+0100;0;AM_6840-AM_6944
LIS;1910;+0200;2255;+0100;0;IB_3249-IB_3118
LIS;1800;+0200;2150;+0100;0;AF_8241-AF_2324
LIS;1105;+0200;1505;+0100;0;UX_1092-UX_1155
LIS;0705;+0200;1110;+0100;0;UA_9156-UA_8846
LIS;0745;+0200;1150;+0100;0;IB_3215-IB_3110
LIS;1045;+0200;1450;+0100;0;AF_1341-AF_1624
LIS;0705;+0200;1115;+0100;0;LH_1003-LH_1166
LIS;0705;+0200;1115;+0100;0;UA_9156-UA_8846
LIS;0650;+0200;1110;+0100;0;UA_9156-UA_8846
LIS;0650;+0200;1115;+0100;0;UA_9156-UA_8846
LIS;0945;+0200;1410;+0100;0;LX_725-LX_4580
LIS;0950;+0200;1415;+0100;0;AZ_7739-AZ_7770
LIS;1720;+0200;2145;+0100;0;LH_2307-LH_1792
LIS;0705;+0200;1135;+0100;0;LX_737-LX_2084
LIS;1530;+0200;2000;+0100;0;IB_3251-IB_3106
LIS;0850;+0200;1325;+0100;0;LH_2301-LH_1790
LIS;1055;+0200;1530;+0100;0;LH_989-LH_6994
LIS;1055;+0200;1545;+0100;0;UA_9203-UA_8896
LIS;1655;+0200;2150;+0100;0;AF_8239-AF_2324
LIS;0955;+0200;1455;+0100;0;AZ_7733-AZ_7774
LIS;1055;+0200;1555;+0100;0;LH_989-LH_1168
LIS;1055;+0200;1555;+0100;0;UA_9203-UA_8896
LIS;1040;+0200;1545;+0100;0;UA_9203-UA_8896
LIS;1230;+0200;1735;+0100;0;AF_8233-AF_1924
LIS;1830;+0200;2340;+0100;0;LH_997-LH_1172
LIS;1040;+0200;1555;+0100;0;UA_9203-UA_8896
LIS;0930;+0200;1450;+0100;0;AF_1241-AF_1624
LIS;0720;+0200;1250;+0100;0;BA_423-BA_506
LIS;0930;+0200;1505;+0100;0;UX_3764-UX_1155
LIS;0930;+0200;1505;+0100;0;AM_6502-AM_6944
LIS;0925;+0200;1505;+0100;0;AM_6502-AM_6944
LIS;0945;+0200;1530;+0100;0;LH_987-LH_6994
LIS;1140;+0200;1730;+0100;0;AA_6443-AA_6359
LIS;1140;+0200;1735;+0100;0;BA_431-BA_502
LIS;1140;+0200;1735;+0100;0;AA_6443-AA_6359
LIS;1630;+0200;2225;+0100;0;BA_439-BA_504
LIS;0945;+0200;1545;+0100;0;UA_9195-UA_8896
LIS;0940;+0200;1545;+0100;0;UA_9195-UA_8896
LIS;1130;+0200;1735;+0100;0;BA_8452-BA_502
LIS;1620;+0200;2225;+0100;0;BA_8454-BA_504
LIS;0945;+0200;1555;+0100;0;UA_9195-UA_8896
LIS;0945;+0200;1555;+0100;0;LH_987-LH_1168
LIS;1455;+0200;2105;+0100;0;LX_729-LX_4582
LIS;0850;+0200;1505;+0100;0;A3_1409-A3_1759
LIS;0850;+0200;1505;+0100;0;LH_2301-LH_6950
LIS;0940;+0200;1555;+0100;0;UA_9195-UA_8896
LIS;1630;+0200;2245;+0100;0;AA_6507-AA_6466
LIS;1010;+0200;1630;+0100;0;AF_8301-AF_5360
LIS;0700;+0200;1325;+0100;0;LH_2313-LH_1790
LIS;1455;+0200;2120;+0100;0;A3_1401-A3_1779
LIS;1455;+0200;2120;+0100;0;LH_993-LH_6956
LIS;0715;+0200;1345;+0100;0;AZ_7711-AZ_7762
LIS;0940;+0200;1610;+0100;0;AZ_7713-AZ_7764
LIS;1520;+0200;2150;+0100;0;AF_1741-AF_2324
LIS;1445;+0200;2120;+0100;0;A3_1401-A3_1779
HAM;0835;+0200;0930;+0200;0;LH_3335
HAM;1655;+0200;1750;+0200;0;LH_3337
HAM;2015;+0200;2110;+0200;0;LH_3339
HAM;1640;+0200;1740;+0200;0;KL_1783
HAM;0700;+0200;0805;+0200;0;KL_1777
HAM;1010;+0200;1115;+0200;0;KL_1779
HAM;1255;+0200;1400;+0200;0;KL_1781
HAM;2110;+0200;2215;+0200;0;KL_1789
HAM;2005;+0200;2255;+0200;0;LH_999-LH_30
HAM;1320;+0200;1615;+0200;0;LH_991-LH_16
HAM;1455;+0200;1800;+0200;0;LH_993-LH_20
HAM;0705;+0200;1020;+0200;0;LH_1003-LH_8
HAM;1105;+0200;1425;+0200;0;LH_2303-LH_2070
HAM;1830;+0200;2150;+0200;0;LH_997-LH_28
HAM;0945;+0200;1310;+0200;0;LH_987-LH_12
HAM;0700;+0200;1030;+0200;0;LH_2313-LH_2064
HAM;1320;+0200;1650;+0200;0;LH_2305-LH_2074
HAM;1655;+0200;2025;+0200;0;AF_8239-AF_2510
HAM;0705;+0200;1040;+0200;0;LX_737-LX_3644
HAM;1905;+0200;2240;+0200;0;LH_2309-LH_2084
HAM;1720;+0200;2100;+0200;0;LH_2307-LH_2082
HAM;1055;+0200;1440;+0200;0;LH_989-LH_14
HAM;1435;+0200;1820;+0200;0;KE_7604-KE_7617
HAM;1455;+0200;1845;+0200;0;LH_993-LH_22
HAM;1320;+0200;1715;+0200;0;LH_991-LH_18
HAM;0850;+0200;1255;+0200;0;LH_2301-LH_2068
HAM;0715;+0200;1125;+0200;0;AF_8227-AF_1710
HAM;1320;+0200;1730;+0200;0;LH_2305-LH_2086
HAM;1455;+0200;1905;+0200;0;LX_729-LX_1054
HAM;0945;+0200;1400;+0200;0;LX_725-LX_1056
HAM;1435;+0200;1850;+0200;0;KE_7604-KE_7617
HAM;1730;+0200;2145;+0200;0;SK_1550-SK_647
HAM;1230;+0200;1655;+0200;0;AF_8233-AF_2310
HAM;1830;+0200;2255;+0200;0;LH_997-LH_30
HAM;0705;+0200;1135;+0200;0;LH_1003-LH_10
HAM;0645;+0200;1125;+0200;0;AF_8223-AF_1710
HAM;1025;+0200;1505;+0200;0;SK_552-SK_649
HAM;1105;+0200;1545;+0200;0;LH_2303-LH_2072
HAM;1140;+0200;1620;+0200;0;AA_6443-AA_6611
HAM;1320;+0200;1800;+0200;0;LH_991-LH_20
HAM;1630;+0200;2110;+0200;0;BA_439-BA_972
LYS;1420;+0200;1550;+0200;0;AF_1257
LYS;1420;+0200;1550;+0200;0;KL_2031
LYS;0940;+0200;1120;+0200;0;AF_1157
LYS;0940;+0200;1120;+0200;0;KL_2025
LYS;2030;+0200;2210;+0200;0;AF_1357
LYS;2030;+0200;2210;+0200;0;KL_2029
LYS;1630;+0200;1900;+0200;0;AF_5485-AF_5783
LYS;0705;+0200;1005;+0200;0;LX_737-LX_530
LYS;1355;+0200;1710;+0200;0;AF_1641-AF_7646
LYS;1455;+0200;1810;+0200;0;LX_729-LX_536
LYS;1455;+0200;1810;+0200;0;LH_993-LH_1078
LYS;1655;+0200;2010;+0200;0;AF_8239-AF_7648
LYS;1055;+0200;1415;+0200;0;LH_989-LH_1076
LYS;1320;+0200;1640;+0200;0;LH_2305-LH_2250
LYS;1420;+0200;1745;+0200;0;AF_8341-AF_7811
LYS;0715;+0200;1045;+0200;0;AF_8227-AF_7652
LYS;0850;+0200;1220;+0200;0;LH_2301-LH_2248
LYS;1040;+0200;1415;+0200;0;UA_9203-UA_8916
LYS;1045;+0200;1425;+0200;0;AF_1341-AF_7644
LYS;1905;+0200;2245;+0200;0;LH_2309-LH_2254
LYS;1855;+0200;2240;+0200;0;AF_2041-AF_7650
LYS;1430;+0200;1820;+0200;0;AF_5367-AF_5864
LYS;1830;+0200;2220;+0200;0;NH_6174-NH_6131
LYS;1830;+0200;2220;+0200;0;LH_997-LH_1082
LYS;0720;+0200;1115;+0200;0;AA_6434-AA_6714
LYS;0720;+0200;1115;+0200;0;QF_3364-QF_3531
LYS;0720;+0200;1115;+0200;0;BA_423-BA_360
LYS;0645;+0200;1045;+0200;0;AF_8223-AF_7652
LYS;1450;+0200;1850;+0200;0;AZ_7741-AZ_7858
LYS;1515;+0200;1915;+0200;0;AZ_7721-AZ_7832
LYS;1910;+0200;2315;+0200;0;BA_441-BA_364
LYS;0945;+0200;1355;+0200;0;UA_9195-UA_8916
LYS;1330;+0200;1740;+0200;0;SK_548-SK_1793
LYS;0940;+0200;1355;+0200;0;UA_9195-UA_8916
LYS;0945;+0200;1400;+0200;0;LX_725-LX_532
LYS;0955;+0200;1415;+0200;0;AZ_7733-AZ_7852
LYS;1000;+0200;1420;+0200;0;AF_8417-AF_5413
LYS;1010;+0200;1430;+0200;0;AF_8301-AF_7805
LYS;1445;+0200;1910;+0200;0;AF_8231-AF_7835
LYS;0945;+0200;1415;+0200;0;UA_9195-UA_8916
LYS;0945;+0200;1415;+0200;0;LH_987-LH_1076
LYS;0950;+0200;1420;+0200;0;AZ_7739-AZ_7856
LYS;1450;+0200;1920;+0200;0;AZ_7735-AZ_7362
LYS;0940;+0200;1415;+0200;0;UA_9195-UA_8916
LYS;1010;+0200;1450;+0200;0;AZ_7719-AZ_7830
LYS;1230;+0200;1710;+0200;0;AF_8233-AF_7646
LYS;1800;+0200;2240;+0200;0;AF_8241-AF_7650
LYS;0940;+0200;1425;+0200;0;AZ_7713-AZ_7838
LYS;1435;+0200;1920;+0200;0;AF_8263-AF_7851
LYS;1320;+0200;1810;+0200;0;LH_991-LH_1078
LYS;1420;+0200;1910;+0200;0;AF_8341-AF_7807
LYS;1430;+0200;1920;+0200;0;AF_5367-AF_5866
LYS;1520;+0200;2010;+0200;0;AF_1741-AF_7648
LYS;0930;+0200;1425;+0200;0;AF_1241-AF_7644
LYS;0915;+0200;1415;+0200;0;AF_5365-AF_5862
LYS;1620;+0200;2121;+0200;0;AF_8435-AF_7828
LYS;1320;+0200;1830;+0200;0;LH_2305-LH_2252
LYS;1410;+0200;1920;+0200;0;AZ_7729-AZ_7840
LYS;0935;+0200;1450;+0200;0;AF_8271-AF_7836
LYS;0935;+0200;1450;+0200;0;AF_8271-AF_7837
LYS;0700;+0200;1220;+0200;0;LH_2313-LH_2248
LYS;1720;+0200;2245;+0200;0;LH_2307-LH_2254
LYS;1105;+0200;1640;+0200;0;LH_2303-LH_2250
LYS;0925;+0200;1505;+0200;0;AF_5483-AF_5781
LYS;1655;+0200;2240;+0200;0;AF_8239-AF_7650
GVA;2020;+0200;2145;+0200;0;KL_1937
GVA;0700;+0200;0830;+0200;0;KL_1925
GVA;0930;+0200;1100;+0200;0;KL_1927
GVA;1200;+0200;1330;+0200;0;KL_1929
GVA;1450;+0200;1620;+0200;0;KL_1931
GVA;1705;+0200;1835;+0200;0;KL_1933
GVA;1455;+0200;1755;+0200;0;LH_993-LH_1222
GVA;0705;+0200;1015;+0200;0;LH_1003-LH_1214
GVA;0705;+0200;1015;+0200;0;UA_9156-UA_9068
GVA;0945;+0200;1255;+0200;0;UA_9195-UA_9018
GVA;0940;+0200;1255;+0200;0;UA_9195-UA_9018
GVA;0945;+0200;1300;+0200;0;UA_9195-UA_9018
GVA;0945;+0200;1300;+0200;0;LH_987-LH_1216
GVA;1055;+0200;1410;+0200;0;UA_9203-UA_9020
GVA;1355;+0200;1710;+0200;0;AF_1641-AF_2442
GVA;0705;+0200;1025;+0200;0;LX_737-LX_2804
GVA;0940;+0200;1300;+0200;0;UA_9195-UA_9018
GVA;0945;+0200;1305;+0200;0;LX_725-LX_2824
GVA;1355;+0200;1715;+0200;0;AF_1641-AF_2442
GVA;0650;+0200;1015;+0200;0;UA_9156-UA_9068
GVA;1045;+0200;1410;+0200;0;AF_1341-AF_2142
GVA;1055;+0200;1420;+0200;0;UA_9203-UA_9020
GVA;1055;+0200;1420;+0200;0;LH_989-LH_1218
GVA;1905;+0200;2230;+0200;0;LH_2309-LH_2390
GVA;0850;+0200;1220;+0200;0;LH_2301-LH_2382
GVA;1040;+0200;1410;+0200;0;UA_9203-UA_9020
GVA;1455;+0200;1825;+0200;0;LX_729-LX_2810
GVA;1950;+0200;2320;+0200;0;LX_735-LX_2818
GVA;0930;+0200;1310;+0200;0;AF_1241-AF_2042
GVA;1040;+0200;1420;+0200;0;UA_9203-UA_9020
GVA;1230;+0200;1610;+0200;0;AF_8233-AF_2342
GVA;1800;+0200;2145;+0200;0;AF_8241-AF_1242
GVA;1320;+0200;1710;+0200;0;LH_991-LH_1222
GVA;1320;+0200;1710;+0200;0;LH_991-LH_1220
GVA;0715;+0200;1110;+0200;0;AF_8227-AF_1842
GVA;1630;+0200;2025;+0200;0;AA_6507-AA_6346
GVA;0655;+0200;1055;+0200;0;SK_550-SK_613
GVA;0715;+0200;1115;+0200;0;AF_8227-AF_1842
GVA;1830;+0200;2230;+0200;0;LH_997-LH_1228
GVA;1630;+0200;2040;+0200;0;BA_439-BA_736
GVA;0945;+0200;1400;+0200;0;LX_725-LX_2806
GVA;1520;+0200;1940;+0200;0;AF_1741-AF_1042
GVA;0645;+0200;1110;+0200;0;AF_8223-AF_1842
GVA;0945;+0200;1410;+0200;0;UA_9195-UA_9020
GVA;0645;+0200;1115;+0200;0;AF_8223-AF_1842
GVA;0940;+0200;1410;+0200;0;UA_9195-UA_9020
GVA;1455;+0200;1925;+0200;0;LH_993-LH_1226
GVA;0945;+0200;1420;+0200;0;LH_987-LH_1218
GVA;0945;+0200;1420;+0200;0;UA_9195-UA_9020
GVA;1320;+0200;1755;+0200;0;LH_991-LH_1222
GVA;1455;+0200;1930;+0200;0;LH_993-LH_1224
GVA;1745;+0200;2220;+0200;0;OS_374-OS_577
GVA;0930;+0200;1410;+0200;0;AF_1241-AF_2142
GVA;0940;+0200;1420;+0200;0;UA_9195-UA_9020
GVA;1230;+0200;1710;+0200;0;AF_8233-AF_2442
GVA;1230;+0200;1715;+0200;0;AF_8233-AF_2442
GVA;1300;+0200;1750;+0200;0;AZ_107-AZ_578
GVA;1655;+0200;2145;+0200;0;AF_8239-AF_1242
GVA;1140;+0200;1640;+0200;0;BA_431-BA_732
GVA;1140;+0200;1640;+0200;0;AA_6443-AA_6342
GVA;1320;+0200;1825;+0200;0;LH_2305-LH_2386
GVA;0800;+0200;1310;+0200;0;AF_8229-AF_2042
GVA;1720;+0200;2230;+0200;0;LH_2307-LH_2390
PRG;0925;+0200;1050;+0200;0;KL_3121
PRG;0925;+0200;1050;+0200;0;OK_617
PRG;1925;+0200;2050;+0200;0;OK_619
PRG;1925;+0200;2050;+0200;0;KL_3123
PRG;1935;+0200;2100;+0200;0;KL_3123
PRG;0700;+0200;0830;+0200;0;OK_4627
PRG;0700;+0200;0830;+0200;0;KL_1351
PRG;1145;+0200;1315;+0200;0;OK_4629
PRG;1200;+0200;1330;+0200;0;OK_4629
PRG;1630;+0200;1800;+0200;0;OK_623
PRG;1630;+0200;1800;+0200;0;KL_3125
PRG;1710;+0200;1840;+0200;0;OK_4625
PRG;1710;+0200;1840;+0200;0;KL_1357
PRG;1140;+0200;1315;+0200;0;KL_1355
PRG;1140;+0200;1315;+0200;0;OK_4629
PRG;1720;+0200;2015;+0200;0;LH_2307-LH_1696
PRG;1320;+0200;1620;+0200;0;LH_2305-LH_1692
PRG;0945;+0200;1255;+0200;0;UA_9195-UA_8733
PRG;0945;+0200;1255;+0200;0;LH_987-LH_1396
PRG;2005;+0200;2315;+0200;0;LH_999-LH_1402
PRG;0940;+0200;1255;+0200;0;UA_9195-UA_8733
PRG;0945;+0200;1310;+0200;0;UA_9195-UA_8733
PRG;0850;+0200;1220;+0200;0;LH_2301-LH_1690
PRG;0940;+0200;1310;+0200;0;UA_9195-UA_8733
PRG;1045;+0200;1425;+0200;0;AF_1341-AF_1982
PRG;1800;+0200;2140;+0200;0;AF_8241-AF_1082
PRG;0700;+0200;1045;+0200;0;OS_378-OS_705
PRG;1455;+0200;1845;+0200;0;LH_993-LH_1400
PRG;1455;+0200;1845;+0200;0;LX_729-LX_1498
PRG;1010;+0200;1410;+0200;0;OS_372-OS_707
PRG;1045;+0200;1445;+0200;0;AF_1341-AF_1982
PRG;1320;+0200;1725;+0200;0;LH_991-LH_1398
PRG;0705;+0200;1120;+0200;0;UA_9156-UA_9582
PRG;0650;+0200;1120;+0200;0;UA_9156-UA_9582
PRG;0945;+0200;1415;+0200;0;LX_725-LX_1486
PRG;1520;+0200;1950;+0200;0;AF_1741-AF_2482
PRG;1655;+0200;2130;+0200;0;AF_8239-AF_2386
PRG;0705;+0200;1145;+0200;0;LH_1003-LH_1394
PRG;0800;+0200;1240;+0200;0;AF_8229-AF_1782
PRG;1655;+0200;2140;+0200;0;AF_8239-AF_1082
PRG;1830;+0200;2315;+0200;0;LH_997-LH_1402
PRG;0930;+0200;1425;+0200;0;AF_1241-AF_1982
PRG;0930;+0200;1445;+0200;0;AF_1241-AF_1982
PRG;1105;+0200;1620;+0200;0;LH_2303-LH_1692
PRG;0700;+0200;1220;+0200;0;LH_2313-LH_1690
PRG;0715;+0200;1240;+0200;0;AF_8227-AF_1782
PRG;1320;+0200;1845;+0200;0;LH_991-LH_1400
NCE;2030;+0200;2225;+0200;0;AF_8275
NCE;2030;+0200;2225;+0200;0;KL_1273
NCE;1100;+0200;1300;+0200;0;6X_3869
NCE;1620;+0200;1820;+0200;0;AF_8435
NCE;0845;+0200;1050;+0200;0;KL_1261
NCE;0845;+0200;1050;+0200;0;AF_8443
NCE;0935;+0200;1140;+0200;0;KL_1263
NCE;0935;+0200;1140;+0200;0;AF_8271
NCE;1445;+0200;1650;+0200;0;KL_1267
NCE;1445;+0200;1650;+0200;0;AF_8231
NCE;1455;+0200;1810;+0200;0;LX_729-LX_560
NCE;2015;+0200;2335;+0200;0;AF_5487-AF_7899
NCE;1905;+0200;2230;+0200;0;LH_2309-LH_2278
NCE;1355;+0200;1725;+0200;0;AF_1641-AF_7706
NCE;0835;+0200;1210;+0200;0;LH_3335-LH_3274
NCE;1055;+0200;1430;+0200;0;LH_989-LH_1060
NCE;1800;+0200;2140;+0200;0;AF_8241-AF_7712
NCE;0925;+0200;1310;+0200;0;AF_5483-AF_7893
NCE;1045;+0200;1430;+0200;0;AF_1341-AF_7714
NCE;2005;+0200;2350;+0200;0;LH_999-LH_1068
NCE;0715;+0200;1105;+0200;0;AF_8227-AF_7702
NCE;1040;+0200;1430;+0200;0;UA_9203-UA_9202
NCE;1855;+0200;2245;+0200;0;AF_2041-AF_7712
NCE;0645;+0200;1105;+0200;0;AF_8223-AF_7702
NCE;0655;+0200;1115;+0200;0;SK_550-SK_2795
NCE;0945;+0200;1405;+0200;0;LX_725-LX_568
NCE;1410;+0200;1830;+0200;0;AZ_7729-AZ_354
NCE;0655;+0200;1120;+0200;0;SK_550-SK_2795
NCE;1520;+0200;1945;+0200;0;AF_1741-AF_7708
NCE;0945;+0200;1415;+0200;0;UA_9195-UA_9202
NCE;1910;+0200;2340;+0200;0;BA_441-BA_352
NCE;0940;+0200;1415;+0200;0;UA_9195-UA_9202
NCE;1320;+0200;1800;+0200;0;LH_991-LH_1064
NCE;0945;+0200;1430;+0200;0;LH_987-LH_1060
NCE;0945;+0200;1430;+0200;0;UA_9195-UA_9202
NCE;1655;+0200;2140;+0200;0;AF_8239-AF_7712
NCE;1745;+0200;2230;+0200;0;OS_374-OS_423
NCE;1800;+0200;2245;+0200;0;AF_8241-AF_7712
NCE;0940;+0200;1430;+0200;0;UA_9195-UA_9202
NCE;1230;+0200;1720;+0200;0;AF_8233-AF_7706
NCE;1520;+0200;2010;+0200;0;AF_1741-AF_7708
NCE;1230;+0200;1725;+0200;0;AF_8233-AF_7706
NCE;1630;+0200;2125;+0200;0;AF_5485-AF_7896
NCE;0720;+0200;1220;+0200;0;AA_6434-AA_6590
NCE;0930;+0200;1430;+0200;0;AF_1241-AF_7714
NCE;0720;+0200;1225;+0200;0;BA_423-BA_346
NCE;0720;+0200;1225;+0200;0;AA_6434-AA_6590
NCE;0720;+0200;1225;+0200;0;QF_3364-QF_3569
NCE;0700;+0200;1210;+0200;0;LH_2313-LH_2272
NCE;1720;+0200;2230;+0200;0;LH_2307-LH_2278
NCE;1455;+0200;2010;+0200;0;AA_6505-AA_6391
NCE;1455;+0200;2010;+0200;0;BA_435-BA_356
NCE;1830;+0200;2350;+0200;0;NH_6174-NH_6135
NCE;1830;+0200;2350;+0200;0;LH_997-LH_1068
NCE;1300;+0200;1830;+0200;0;AZ_107-AZ_354
NCE;0645;+0200;1220;+0200;0;AF_8223-AF_6210
NCE;1045;+0200;1620;+0200;0;AF_1341-AF_6218
NCE;1105;+0200;1640;+0200;0;LH_2303-LH_2274
NCE;1140;+0200;1720;+0200;0;BA_431-BA_354
NCE;1140;+0200;1725;+0200;0;AA_6443-AA_6586
NCE;1215;+0200;1800;+0200;0;IB_3245-IB_8752
NCE;0800;+0200;1350;+0200;0;AF_8229-AF_6244
NCE;0930;+0200;1520;+0200;0;AF_1241-AF_6228
NCE;1355;+0200;1945;+0200;0;AF_1641-AF_7708
NCE;1655;+0200;2245;+0200;0;AF_8239-AF_7712
NCE;0655;+0200;1250;+0200;0;SK_550-SK_793
NCE;1655;+0200;2250;+0200;0;AF_8239-AF_6246
NCE;1520;+0200;2120;+0200;0;AF_1741-AF_6230
NCE;0645;+0200;1250;+0200;0;AF_8223-AF_6234
NCE;0715;+0200;1320;+0200;0;AF_8227-AF_6212
NCE;1355;+0200;2010;+0200;0;AF_1641-AF_7708
NCE;1230;+0200;1850;+0200;0;AF_8233-AF_6226
NCE;1520;+0200;2140;+0200;0;AF_1741-AF_7712
NCE;1355;+0200;2020;+0200;0;AF_1641-AF_6238
NCE;1655;+0200;2320;+0200;0;AF_8239-AF_6242
NCE;0800;+0200;1430;+0200;0;AF_8229-AF_7714
NCE;0645;+0200;1320;+0200;0;AF_8223-AF_6212
NCE;0715;+0200;1350;+0200;0;AF_8227-AF_6244
NCE;1045;+0200;1720;+0200;0;AF_1341-AF_7706
NCE;1045;+0200;1725;+0200;0;AF_1341-AF_7706
NCE;1140;+0200;1820;+0200;0;BA_431-BA_348
NCE;0740;+0200;1425;+0200;0;LO_270-LO_341
NCE;1420;+0200;2105;+0200;0;AF_1257-AF_7834
VCE;1450;+0200;1635;+0200;0;KL_1655
VCE;1450;+0200;1635;+0200;0;AZ_7735
VCE;2025;+0200;2210;+0200;0;KL_1659
VCE;0955;+0200;1145;+0200;0;AZ_7733
VCE;0955;+0200;1145;+0200;0;KL_1653
VCE;0850;+0200;1210;+0200;0;LH_2301-LH_1908
VCE;1905;+0200;2225;+0200;0;LH_2309-LH_1914
VCE;2005;+0200;2340;+0200;0;LH_999-LH_332
VCE;0945;+0200;1325;+0200;0;UA_9195-UA_9086
VCE;0945;+0200;1325;+0200;0;LH_987-LH_326
VCE;0940;+0200;1325;+0200;0;UA_9195-UA_9086
VCE;1455;+0200;1845;+0200;0;LX_729-LX_1664
VCE;0945;+0200;1345;+0200;0;UA_9195-UA_9086
VCE;0940;+0200;1345;+0200;0;UA_9195-UA_9086
VCE;1300;+0200;1705;+0200;0;AZ_107-AZ_1479
VCE;1300;+0200;1705;+0200;0;KL_3401-KL_3599
VCE;1745;+0200;2150;+0200;0;OS_374-OS_527
VCE;1855;+0200;2300;+0200;0;AF_2041-AF_2526
VCE;1410;+0200;1820;+0200;0;KL_1603-KL_3448
VCE;1410;+0200;1820;+0200;0;AZ_7729-AZ_1467
VCE;0715;+0200;1130;+0200;0;AF_8227-AF_1426
VCE;0945;+0200;1400;+0200;0;LX_725-LX_1662
VCE;1645;+0200;2100;+0200;0;AZ_7715-AZ_1481
VCE;1645;+0200;2100;+0200;0;KL_1607-KL_3601
VCE;1810;+0200;2225;+0200;0;BA_2763-BA_2588
VCE;1825;+0200;2245;+0200;0;AZ_111-AZ_1473
VCE;1825;+0200;2245;+0200;0;KL_3405-KL_3503
VCE;1320;+0200;1745;+0200;0;LH_991-LH_328
VCE;1455;+0200;1925;+0200;0;LH_993-LH_330
VCE;1220;+0200;1655;+0200;0;BA_2761-BA_2584
VCE;1520;+0200;1955;+0200;0;AF_1741-AF_2226
VCE;0940;+0200;1420;+0200;0;KL_1601-KL_3505
VCE;0940;+0200;1420;+0200;0;AZ_7713-AZ_1475
VCE;1230;+0200;1710;+0200;0;AF_8233-AF_2026
VCE;0645;+0200;1130;+0200;0;AF_8223-AF_1426
VCE;0930;+0200;1415;+0200;0;AF_1241-AF_1726
VCE;1710;+0200;2210;+0200;0;AZ_109-AZ_1483
VCE;1710;+0200;2210;+0200;0;KL_3403-KL_3603
VCE;1800;+0200;2300;+0200;0;AF_8241-AF_2526
VCE;1720;+0200;2225;+0200;0;LH_2307-LH_1914
VCE;0700;+0200;1210;+0200;0;LH_2313-LH_1908
VCE;1830;+0200;2340;+0200;0;LH_997-LH_332
VCE;1105;+0200;1620;+0200;0;LH_2303-LH_1910
VCE;1300;+0200;1820;+0200;0;AZ_107-AZ_1467
VCE;1300;+0200;1820;+0200;0;KL_3401-KL_3448
VCE;1645;+0200;2210;+0200;0;KL_1607-KL_3603
VCE;1645;+0200;2210;+0200;0;AZ_7715-AZ_1483
VCE;0720;+0200;1250;+0200;0;AA_6434-AA_6317
VCE;0720;+0200;1250;+0200;0;BA_423-BA_578
VCE;1710;+0200;2245;+0200;0;KL_3403-KL_3503
VCE;1710;+0200;2245;+0200;0;AZ_109-AZ_1473
VCE;0645;+0200;1240;+0200;0;SK_558-SK_1847
VCE;1355;+0200;1955;+0200;0;AF_1641-AF_2226
VCE;1645;+0200;2245;+0200;0;KL_1607-KL_3503
VCE;1645;+0200;2245;+0200;0;AZ_7715-AZ_1473
VCE;0715;+0200;1320;+0200;0;AZ_7711-AZ_1469
VCE;0715;+0200;1320;+0200;0;KL_1597-KL_2775
VCE;1320;+0200;1925;+0200;0;LH_991-LH_330
VCE;1655;+0200;2300;+0200;0;AF_8239-AF_2526
VCE;1215;+0200;1825;+0200;0;IB_3245-IB_3630
VCE;0800;+0200;1415;+0200;0;AF_8229-AF_1726
VCE;0705;+0200;1325;+0200;0;UA_9156-UA_9086
VCE;0705;+0200;1325;+0200;0;LH_1003-LH_326
VCE;1030;+0200;1655;+0200;0;BA_429-BA_2584
VCE;1045;+0200;1710;+0200;0;AF_1341-AF_2026
VCE;1020;+0200;1650;+0200;0;AA_6253-AA_6235
VCE;1530;+0200;2200;+0200;0;IB_3251-IB_3632
TLS;1435;+0200;1625;+0200;0;AF_8263
TLS;2025;+0200;2215;+0200;0;AF_8265
TLS;0955;+0200;1150;+0200;0;KL_1303
TLS;1125;+0200;1320;+0200;0;AF_8261
TLS;1430;+0200;1625;+0200;0;KL_1311
TLS;2025;+0200;2220;+0200;0;KL_1313
TLS;2015;+0200;2330;+0200;0;AF_5487-AF_7871
TLS;1355;+0200;1715;+0200;0;AF_1641-AF_7786
TLS;0715;+0200;1055;+0200;0;AF_8227-AF_7782
TLS;1855;+0200;2235;+0200;0;AF_2041-AF_7792
TLS;2005;+0200;2345;+0200;0;LH_999-LH_1100
TLS;1105;+0200;1450;+0200;0;LH_2303-LH_2216
TLS;1905;+0200;2250;+0200;0;LH_2309-LH_2222
TLS;0700;+0200;1050;+0200;0;LH_2313-LH_2214
TLS;1045;+0200;1435;+0200;0;AF_1341-AF_7794
TLS;0945;+0200;1345;+0200;0;UA_9195-UA_9162
TLS;0940;+0200;1345;+0200;0;UA_9195-UA_9162
TLS;1320;+0200;1725;+0200;0;LH_2305-LH_2218
TLS;0645;+0200;1055;+0200;0;AF_8223-AF_7782
TLS;0945;+0200;1410;+0200;0;LH_987-LH_1096
TLS;1320;+0200;1745;+0200;0;LH_991-LH_1098
TLS;1725;+0200;2150;+0200;0;AF_8289-AF_5597
TLS;1520;+0200;1950;+0200;0;AF_1741-AF_7788
TLS;1515;+0200;1950;+0200;0;AZ_7721-AZ_7342
TLS;1800;+0200;2235;+0200;0;AF_8241-AF_7792
TLS;1230;+0200;1715;+0200;0;AF_8233-AF_7786
TLS;1320;+0200;1805;+0200;0;LH_991-LH_1098
TLS;1420;+0200;1920;+0200;0;AF_1257-AF_7842
TLS;0930;+0200;1435;+0200;0;AF_1241-AF_7794
TLS;1410;+0200;1925;+0200;0;AZ_7729-AZ_7344
TLS;1830;+0200;2345;+0200;0;NH_6174-NH_6133
TLS;1830;+0200;2345;+0200;0;LH_997-LH_1100
TLS;1430;+0200;1950;+0200;0;AF_5367-AF_5653
TLS;1420;+0200;1945;+0200;0;AF_1257-AF_7848
TLS;0930;+0200;1500;+0200;0;AF_1241-AF_6122
TLS;1230;+0200;1800;+0200;0;AF_8233-AF_6132
TLS;1620;+0200;2150;+0200;0;AF_8435-AF_7880
TLS;1720;+0200;2250;+0200;0;LH_2307-LH_2222
TLS;1140;+0200;1715;+0200;0;AA_6443-AA_6271
TLS;1140;+0200;1715;+0200;0;BA_431-BA_374
TLS;1355;+0200;1930;+0200;0;AF_1641-AF_6138
TLS;1655;+0200;2235;+0200;0;AF_8239-AF_7792
TLS;0715;+0200;1300;+0200;0;AF_8227-AF_6118
TLS;1045;+0200;1630;+0200;0;AF_1341-AF_6154
TLS;1520;+0200;2105;+0200;0;AF_1741-AF_6144
TLS;1355;+0200;1950;+0200;0;AF_1641-AF_7788
TLS;1630;+0200;2225;+0200;0;BA_439-BA_376
TLS;0850;+0200;1450;+0200;0;LH_2301-LH_2216
TLS;0930;+0200;1530;+0200;0;AF_1241-AF_6124
TLS;1045;+0200;1645;+0200;0;AF_1341-AF_6128
TLS;1230;+0200;1830;+0200;0;AF_8233-AF_6134
TLS;1355;+0200;2000;+0200;0;AF_1641-AF_6140
TLS;1620;+0200;2225;+0200;0;BA_8454-BA_376
TLS;1520;+0200;2130;+0200;0;AF_1741-AF_6162
TLS;0645;+0200;1300;+0200;0;AF_8223-AF_6118
TLS;1215;+0200;1830;+0200;0;IB_3245-IB_8770
TLS;1230;+0200;1845;+0200;0;AF_8233-AF_6146
TLS;1105;+0200;1725;+0200;0;LH_2303-LH_2218
TLS;1300;+0200;1925;+0200;0;AZ_107-AZ_7344
TLS;0800;+0200;1430;+0200;0;AF_8229-AF_6166
TLS;0930;+0200;1600;+0200;0;AF_1241-AF_6126
TLS;1045;+0200;1715;+0200;0;AF_1341-AF_7786
TLS;1045;+0200;1715;+0200;0;AF_1341-AF_6156
TLS;1230;+0200;1900;+0200;0;AF_8233-AF_6136
TLS;1630;+0200;2300;+0200;0;BA_439-BA_376
TLS;1630;+0200;2300;+0200;0;AA_6507-AA_6273
TLS;0800;+0200;1435;+0200;0;AF_8229-AF_7794
TLS;0940;+0200;1615;+0200;0;AF_1157-AF_7850
TLS;1355;+0200;2030;+0200;0;AF_1641-AF_6142
TLS;1450;+0200;2125;+0200;0;AF_8283-AF_7654
TLS;0705;+0200;1345;+0200;0;UA_9156-UA_9162
TLS;1420;+0200;2100;+0200;0;AF_1257-AF_7844
TLS;1520;+0200;2200;+0200;0;AF_1741-AF_6148
TLS;1620;+0200;2300;+0200;0;BA_8454-BA_376
TLS;1030;+0200;1715;+0200;0;BA_429-BA_374
TLS;1030;+0200;1715;+0200;0;AA_6435-AA_6271
TLS;1045;+0200;1730;+0200;0;AF_1341-AF_6130
TLS;1530;+0200;2215;+0200;0;IB_3251-IB_8772
DUB;1305;+0200;1340;+0100;0;EI_605
DUB;1700;+0200;1735;+0100;0;EI_609
DUB;2045;+0200;2120;+0100;0;EI_611
DUB;0930;+0200;1010;+0100;0;EI_603
DUB;1500;+0200;1540;+0100;0;EI_607
DUB;0800;+0200;1020;+0100;0;AF_5182-AF_5117
DUB;1630;+0200;1925;+0100;0;BA_439-BA_5975
DUB;0705;+0200;1020;+0100;0;AF_5180-AF_5117
DUB;0800;+0200;1115;+0100;0;AF_8229-AF_5004
DUB;1045;+0200;1400;+0100;0;AF_1341-AF_5006
DUB;1455;+0200;1810;+0100;0;BA_435-BA_5969
DUB;1910;+0200;2225;+0100;0;BA_441-BA_5983
DUB;1855;+0200;2215;+0100;0;AF_2041-AF_5008
DUB;0655;+0200;1020;+0100;0;SK_550-SK_537
DUB;1030;+0200;1355;+0100;0;BA_429-BA_5959
DUB;1525;+0200;1850;+0100;0;AF_5192-AF_5119
DUB;0705;+0200;1035;+0100;0;LX_737-LX_400
DUB;1705;+0200;2040;+0100;0;AF_5194-AF_5121
DUB;1220;+0200;1600;+0100;0;BA_2761-BA_5843
DUB;0720;+0200;1115;+0100;0;BA_423-BA_5955
DUB;1140;+0200;1535;+0100;0;BA_431-BA_5965
DUB;1630;+0200;2025;+0100;0;BA_439-BA_5977
DUB;0705;+0200;1105;+0100;0;LH_1003-LH_978
DUB;0715;+0200;1115;+0100;0;AF_8227-AF_5004
DUB;1320;+0200;1725;+0100;0;LH_991-LH_980
DUB;1830;+0200;2240;+0100;0;LH_997-LH_982
DUB;1230;+0200;1645;+0100;0;AF_8233-AF_5014
DUB;1800;+0200;2215;+0100;0;AF_8241-AF_5008
DUB;0645;+0200;1105;+0100;0;SK_558-SK_535
DUB;1520;+0200;1945;+0100;0;AF_1741-AF_5010
DUB;0645;+0200;1115;+0100;0;AF_8223-AF_5004
DUB;0930;+0200;1400;+0100;0;AF_1241-AF_5006
DUB;1455;+0200;1925;+0100;0;BA_435-BA_5975
DUB;1330;+0200;1805;+0100;0;SK_548-SK_2537
DUB;0720;+0200;1205;+0100;0;BA_423-BA_5835
DUB;1220;+0200;1710;+0100;0;BA_2761-BA_5967
DUB;1630;+0200;2125;+0100;0;BA_439-BA_5979
DUB;1455;+0200;1955;+0100;0;BA_435-BA_5847
NTE;0915;+0200;1045;+0200;0;AF_5365
NTE;0915;+0200;1045;+0200;0;KL_2033
NTE;1430;+0200;1600;+0200;0;AF_5367
NTE;1430;+0200;1600;+0200;0;KL_2049
NTE;2045;+0200;2215;+0200;0;KL_2035
NTE;2045;+0200;2215;+0200;0;AF_5369
NTE;1010;+0200;1325;+0200;0;AF_8301-AF_3203
NTE;0715;+0200;1040;+0200;0;KL_1227-KL_2308
NTE;0715;+0200;1040;+0200;0;AF_8227-AF_7720
NTE;1355;+0200;1720;+0200;0;AF_1641-AF_7730
NTE;1355;+0200;1720;+0200;0;KL_2009-KL_2312
NTE;1420;+0200;1800;+0200;0;AF_1257-AF_5865
NTE;1435;+0200;1815;+0200;0;AF_8263-AF_5650
NTE;1800;+0200;2145;+0200;0;AF_8241-AF_7728
NTE;1800;+0200;2145;+0200;0;KL_1245-KL_2314
NTE;0645;+0200;1040;+0200;0;KL_1223-KL_2308
NTE;0645;+0200;1040;+0200;0;AF_8223-AF_7720
NTE;1525;+0200;1930;+0200;0;AF_5192-AF_5209
NTE;0930;+0200;1340;+0200;0;KL_2003-KL_2310
NTE;0930;+0200;1340;+0200;0;AF_1241-AF_7724
NTE;1220;+0200;1645;+0200;0;AF_3263-AF_3264
NTE;1230;+0200;1720;+0200;0;KL_1233-KL_2312
NTE;1230;+0200;1720;+0200;0;AF_8233-AF_7730
NTE;1655;+0200;2145;+0200;0;AF_8239-AF_7728
NTE;1655;+0200;2145;+0200;0;KL_1243-KL_2314
NTE;1620;+0200;2115;+0200;0;AF_8435-AF_7890
NTE;1010;+0200;1525;+0200;0;AZ_7719-AZ_7382
NTE;1420;+0200;1940;+0200;0;AF_8341-AF_3207
NTE;1655;+0200;2225;+0200;0;AF_8239-AF_7388
NTE;0645;+0200;1225;+0200;0;AF_8223-AF_7384
NTE;0800;+0200;1340;+0200;0;KL_1229-KL_2310
NTE;0800;+0200;1340;+0200;0;AF_8229-AF_7724
NTE;1630;+0200;2210;+0200;0;AF_5485-AF_5772
NTE;1420;+0200;2010;+0200;0;AF_1257-AF_5867
NTE;1450;+0200;2110;+0200;0;AF_8283-AF_7612
NTE;0715;+0200;1340;+0200;0;KL_1227-KL_2310
NTE;0715;+0200;1340;+0200;0;AF_8227-AF_7724
NTE;1020;+0200;1645;+0200;0;AF_8281-AF_7610
NTE;1520;+0200;2145;+0200;0;AF_1741-AF_7728
NTE;1520;+0200;2145;+0200;0;KL_2013-KL_2314
NTE;1445;+0200;2115;+0200;0;AF_8231-AF_7890
NTE;1045;+0200;1720;+0200;0;AF_1341-AF_7730
NTE;1045;+0200;1720;+0200;0;KL_2007-KL_2312
NTE;0800;+0200;1445;+0200;0;AF_8229-AF_7386
NTE;0940;+0200;1630;+0200;0;AF_1157-AF_5863
NTE;1125;+0200;1815;+0200;0;AF_8261-AF_5650
NTE;0645;+0200;1340;+0200;0;KL_1223-KL_2310
NTE;0645;+0200;1340;+0200;0;AF_8223-AF_7724
NTE;1435;+0200;2130;+0200;0;AF_8263-AF_5652
NTE;1420;+0200;2125;+0200;0;AF_1257-AF_5869
NTE;1520;+0200;2225;+0200;0;AF_1741-AF_7388
NTE;1530;+0200;2235;+0200;0;IB_3251-IB_8544
NTE;1450;+0200;2210;+0200;0;AF_8283-AF_5764
NTE;0715;+0200;1445;+0200;0;AF_8227-AF_7386
NTE;0755;+0200;1525;+0200;0;AZ_7727-AZ_7382
NTE;1435;+0200;2205;+0200;0;AF_8263-AF_7862
NTE;0800;+0200;1325;+0200;0;AF_8229-AF_7622-AF_3203
NTE;1045;+0200;1630;+0200;0;AF_1341-AF_7644-AF_5863
NTE;1355;+0200;1940;+0200;0;AF_1641-AF_7634-AF_3207
NTE;1630;+0200;2225;+0200;0;AF_5485-AF_7319-AF_7388
NTE;0845;+0200;1445;+0200;0;AF_8443-AF_6211-AF_7386
NTE;0840;+0200;1445;+0200;0;AF_5184-AF_5021-AF_7386
NTE;0715;+0200;1325;+0200;0;AF_8227-AF_7622-AF_3203
NTE;1520;+0200;2130;+0200;0;AF_1741-AF_7788-AF_5652
NTE;1355;+0200;2010;+0200;0;AF_1641-AF_7646-AF_5867
NTE;0645;+0200;1325;+0200;0;AF_8223-AF_6258-AF_3203
NTE;0645;+0200;1325;+0200;0;AF_8223-AF_7622-AF_3203
NTE;0715;+0200;1400;+0200;0;AF_8227-AF_7662-AF_5766
NTE;0800;+0200;1445;+0200;0;AF_5182-AF_5021-AF_7386
NTE;1520;+0200;2205;+0200;0;AF_1741-AF_7788-AF_7862
NTE;0930;+0200;1630;+0200;0;AF_1241-AF_7644-AF_5863
NTE;1010;+0200;1720;+0200;0;AF_8301-AF_7627-AF_7730
NTE;1230;+0200;1940;+0200;0;AF_8233-AF_6266-AF_3207
NTE;1230;+0200;1940;+0200;0;AF_8233-AF_7634-AF_3207
NTE;1435;+0200;2145;+0200;0;AF_8263-AF_7789-AF_7728
NTE;0645;+0200;1400;+0200;0;AF_8223-AF_7662-AF_5766
NTE;1045;+0200;1800;+0200;0;AF_1341-AF_7644-AF_5865
NTE;1355;+0200;2110;+0200;0;AF_1641-AF_7666-AF_7612
NTE;1000;+0200;1720;+0200;0;AF_8417-AF_3285-AF_7730
NTE;1045;+0200;1805;+0200;0;AF_1341-AF_7664-AF_5762
NTE;1420;+0200;2145;+0200;0;AF_8341-AF_7637-AF_7728
NTE;1420;+0200;2145;+0200;0;AF_1257-AF_7645-AF_7728
NTE;1045;+0200;1815;+0200;0;AF_1341-AF_7794-AF_5650
NTE;1045;+0200;1815;+0200;0;AF_1341-AF_6128-AF_5650
NTE;1045;+0200;1815;+0200;0;AF_1341-AF_6154-AF_5650
NTE;1355;+0200;2125;+0200;0;AF_1641-AF_7646-AF_5869
DUS;0650;+0200;0740;+0200;0;KL_1853
DUS;1055;+0200;1145;+0200;0;KL_1855
DUS;1310;+0200;1400;+0200;0;KL_1857
DUS;1650;+0200;1740;+0200;0;KL_1861
DUS;2135;+0200;2225;+0200;0;KL_1863
DUS;1655;+0200;1950;+0200;0;LH_3337-LH_2717
DUS;1055;+0200;1400;+0200;0;LH_989-LH_78
DUS;0700;+0200;1015;+0200;0;LH_2313-LH_2004
DUS;0705;+0200;1020;+0200;0;LX_737-LX_3634
DUS;0850;+0200;1210;+0200;0;LH_2301-LH_2008
DUS;1045;+0200;1405;+0200;0;AF_1341-AF_1906
DUS;1105;+0200;1425;+0200;0;LH_2303-LH_2010
DUS;1855;+0200;2215;+0200;0;AF_2041-AF_1106
DUS;1320;+0200;1650;+0200;0;LH_2305-LH_2014
DUS;1455;+0200;1830;+0200;0;LH_993-LH_84
DUS;1720;+0200;2055;+0200;0;LH_2307-LH_2022
DUS;0835;+0200;1215;+0200;0;LH_3335-LH_2709
DUS;0715;+0200;1100;+0200;0;AF_8227-AF_1606
DUS;1905;+0200;2250;+0200;0;LH_2309-LH_2026
DUS;1830;+0200;2220;+0200;0;LH_997-LH_88
DUS;1435;+0200;1830;+0200;0;KE_7604-KE_7621
DUS;0700;+0200;1100;+0200;0;OS_378-OS_7251
DUS;0705;+0200;1110;+0200;0;LH_1003-LH_76
DUS;0945;+0200;1350;+0200;0;LX_725-LX_1018
DUS;1230;+0200;1635;+0200;0;AF_8233-AF_2206
DUS;1320;+0200;1725;+0200;0;LH_991-LH_82
DUS;1140;+0200;1550;+0200;0;BA_431-BA_940
DUS;1140;+0200;1550;+0200;0;AA_6443-AA_6514
DUS;1455;+0200;1905;+0200;0;LX_729-LX_1026
DUS;0645;+0200;1100;+0200;0;AF_8223-AF_1606
DUS;0945;+0200;1400;+0200;0;LH_987-LH_78
DUS;1455;+0200;1910;+0200;0;AA_6505-AA_6450
DUS;1455;+0200;1910;+0200;0;BA_435-BA_944
DUS;1800;+0200;2215;+0200;0;AF_8241-AF_1106
DUS;1520;+0200;1940;+0200;0;AF_1741-AF_2406
DUS;1745;+0200;2205;+0200;0;OS_374-OS_7247
DUS;1455;+0200;1920;+0200;0;AA_6505-AA_6450
DUS;1730;+0200;2200;+0200;0;SK_1550-SK_629
BRU;2120;+0200;2205;+0200;0;KL_1733
BRU;0650;+0200;0740;+0200;0;KL_1721
BRU;0955;+0200;1045;+0200;0;KL_1723
BRU;1310;+0200;1400;+0200;0;KL_1725
BRU;1655;+0200;1745;+0200;0;KL_1731
BRU;1009;+0200;1200;+0200;0;9B_9228
BRU;1203;+0200;1240;+0200;0;9B_9228
BRU;1109;+0200;1300;+0200;0;9B_9232
BRU;1303;+0200;1340;+0200;0;9B_9232
BRU;1209;+0200;1400;+0200;0;9B_9236
BRU;1403;+0200;1440;+0200;0;9B_9236
BRU;1309;+0200;1500;+0200;0;9B_9240
BRU;1503;+0200;1540;+0200;0;9B_9240
BRU;1409;+0200;1601;+0200;0;9B_9244
BRU;1603;+0200;1640;+0200;0;9B_9244
BRU;1509;+0200;1700;+0200;0;9B_9248
BRU;1703;+0200;1740;+0200;0;9B_9248
BRU;1609;+0200;1801;+0200;0;9B_9252
BRU;1803;+0200;1840;+0200;0;9B_9252
BRU;1709;+0200;1900;+0200;0;9B_9256
BRU;1903;+0200;1940;+0200;0;9B_9256
BRU;1809;+0200;2001;+0200;0;9B_9260
BRU;2003;+0200;2040;+0200;0;9B_9260
BRU;1909;+0200;2100;+0200;0;9B_9264
BRU;2103;+0200;2140;+0200;0;9B_9264
BRU;2109;+0200;2300;+0200;0;9B_9272
BRU;2303;+0200;2343;+0200;0;9B_9272
BRU;1455;+0200;1740;+0200;0;LH_993-LH_1016
BRU;0945;+0200;1245;+0200;0;LH_987-LH_1010
BRU;1055;+0200;1400;+0200;0;LH_989-LH_1012
BRU;1055;+0200;1400;+0200;0;UA_9203-UA_9354
BRU;0705;+0200;1020;+0200;0;LH_1003-LH_1008
BRU;0705;+0200;1020;+0200;0;UA_9156-UA_8819
BRU;1040;+0200;1400;+0200;0;UA_9203-UA_9354
BRU;1105;+0200;1425;+0200;0;LH_2303-LH_2288
BRU;0700;+0200;1025;+0200;0;LH_2313-LH_2284
BRU;0705;+0200;1030;+0200;0;LX_737-LX_778
BRU;1320;+0200;1645;+0200;0;LH_991-LH_1014
BRU;0650;+0200;1020;+0200;0;UA_9156-UA_8819
BRU;1905;+0200;2235;+0200;0;TG_7853-TG_7854
BRU;1905;+0200;2235;+0200;0;LH_2309-LH_2296
BRU;1045;+0200;1423;+0200;0;AF_1341-AF_7183
BRU;1455;+0200;1835;+0200;0;BA_435-BA_398
BRU;1455;+0200;1835;+0200;0;AA_6505-AA_6457
BRU;1455;+0200;1835;+0200;0;LH_993-LH_1018
BRU;0720;+0200;1105;+0200;0;BA_423-BA_392
BRU;0720;+0200;1105;+0200;0;QF_3364-QF_3389
BRU;0720;+0200;1105;+0200;0;AA_6434-AA_6425
BRU;1830;+0200;2215;+0200;0;LH_997-LH_1024
BRU;0800;+0200;1155;+0200;0;AF_8229-AF_7179
BRU;0835;+0200;1230;+0200;0;LH_3335-LH_5582
BRU;1630;+0200;2030;+0200;0;OK_623-OK_634
BRU;0945;+0200;1350;+0200;0;LX_725-LX_780
BRU;0835;+0200;1245;+0200;0;LH_3335-LH_5582
BRU;0945;+0200;1400;+0200;0;LH_987-LH_1012
BRU;0945;+0200;1400;+0200;0;UA_9195-UA_9354
BRU;1030;+0200;1445;+0200;0;BA_429-BA_394
BRU;1455;+0200;1910;+0200;0;LX_729-LX_788
BRU;0940;+0200;1400;+0200;0;UA_9195-UA_9354
BRU;1030;+0200;1450;+0200;0;AA_6435-AA_6427
BRU;1320;+0200;1740;+0200;0;LH_991-LH_1016
BRU;1140;+0200;1605;+0200;0;AA_6443-AA_6456
BRU;1630;+0200;2055;+0200;0;BA_439-BA_400
BRU;0700;+0200;1130;+0200;0;OS_378-OS_8171
BRU;1140;+0200;1615;+0200;0;BA_431-BA_396
BRU;0715;+0200;1155;+0200;0;AF_8227-AF_7179
BRU;1355;+0200;1845;+0200;0;AF_1641-AF_7185
BRU;0930;+0200;1423;+0200;0;AF_1241-AF_7183
BRU;0700;+0200;1205;+0200;0;LH_2313-LH_2286
BRU;1320;+0200;1825;+0200;0;LH_2305-LH_2292
BRU;0645;+0200;1155;+0200;0;AF_8223-AF_7179
BRU;1455;+0200;2005;+0200;0;LH_993-LH_1020
BRU;1320;+0200;1835;+0200;0;LH_991-LH_1018
BRU;1720;+0200;2235;+0200;0;LH_2307-LH_2296
BRU;1520;+0200;2043;+0200;0;AF_1741-AF_7187
BRU;1155;+0200;1720;+0200;0;SK_556-SK_1589
BRU;1630;+0200;2155;+0200;0;BA_439-BA_404
BRU;1745;+0200;2310;+0200;0;OS_374-OS_8175
BRU;1105;+0200;1635;+0200;0;LH_2303-LH_2290
BRU;0850;+0200;1425;+0200;0;LH_2301-LH_2288
BRU;1030;+0200;1605;+0200;0;AA_6435-AA_6456
BRU;1620;+0200;2155;+0200;0;BA_8454-BA_404
BRU;0705;+0200;1245;+0200;0;LH_1003-LH_1010
BRU;0705;+0200;1245;+0200;0;UA_9156-UA_9225
BRU;1155;+0200;1735;+0200;0;SK_556-SK_1589
BRU;1030;+0200;1615;+0200;0;BA_429-BA_396
SXB;0925;+0200;1035;+0200;0;AF_5483
SXB;0925;+0200;1035;+0200;0;KL_2043
SXB;1630;+0200;1740;+0200;0;KL_2045
SXB;1630;+0200;1740;+0200;0;AF_5485
SXB;2015;+0200;2125;+0200;0;KL_2047
SXB;2015;+0200;2125;+0200;0;AF_5487
SXB;0715;+0200;1040;+0200;0;AF_8227-AF_7760
SXB;1045;+0200;1410;+0200;0;AF_1341-AF_7762
SXB;1420;+0200;1755;+0200;0;AF_8341-AF_5477
SXB;0645;+0200;1040;+0200;0;AF_8223-AF_7760
SXB;1800;+0200;2155;+0200;0;AF_8241-AF_7770
SXB;1355;+0200;1800;+0200;0;AF_1641-AF_7766
SXB;1445;+0200;1920;+0200;0;AF_8231-AF_7897
SXB;0845;+0200;1325;+0200;0;AF_8443-AF_7895
SXB;0930;+0200;1410;+0200;0;AF_1241-AF_7762
SXB;1655;+0200;2155;+0200;0;AF_8239-AF_7770
SXB;1055;+0200;1600;+0200;0;LH_989-LH_390
SXB;1455;+0200;2000;+0200;0;LH_993-LH_392
SXB;1620;+0200;2145;+0200;0;AF_8435-AF_7898
SXB;1230;+0200;1800;+0200;0;AF_8233-AF_7766
SXB;1520;+0200;2050;+0200;0;AF_1741-AF_7312
SXB;1430;+0200;2015;+0200;0;AF_5367-AF_5773
SXB;1830;+0200;0015;+0200;1;LH_997-LH_396
SXB;0800;+0200;1350;+0200;0;AF_8229-AF_7306
SXB;0800;+0200;1410;+0200;0;AF_8229-AF_7762
SXB;1045;+0200;1655;+0200;0;AF_1341-AF_7308
SXB;0945;+0200;1600;+0200;0;LH_987-LH_390
SXB;1230;+0200;1850;+0200;0;AF_8233-AF_7310
SXB;0705;+0200;1330;+0200;0;LH_1003-LH_388
SXB;0715;+0200;1350;+0200;0;AF_8227-AF_7306
SXB;1200;+0200;1835;+0200;0;OK_4629-OK_742
SXB;1520;+0200;2155;+0200;0;AF_1741-AF_7770
SXB;1320;+0200;2000;+0200;0;LH_991-LH_392
SXB;1420;+0200;2100;+0200;0;AF_1257-AF_5782
SXB;0925;+0200;1410;+0200;0;AF_8267-AF_1217-AF_7762
SXB;0840;+0200;1350;+0200;0;AF_5184-AF_5021-AF_7306
SXB;0800;+0200;1350;+0200;0;AF_5182-AF_5021-AF_7306
SXB;1435;+0200;2050;+0200;0;AF_8263-AF_6157-AF_7312
SXB;1435;+0200;2050;+0200;0;AF_8263-AF_6135-AF_7312
SXB;1435;+0200;2050;+0200;0;AF_8263-AF_6137-AF_7312
SXB;1420;+0200;2050;+0200;0;AF_1257-AF_7415-AF_7312
SXB;1420;+0200;2050;+0200;0;AF_8341-AF_6269-AF_7312
SXB;1420;+0200;2050;+0200;0;AF_8341-AF_6271-AF_7312
SXB;0705;+0200;1350;+0200;0;AF_5180-AF_5021-AF_7306
SXB;0705;+0200;1350;+0200;0;AF_5180-AF_5019-AF_7306
SXB;1010;+0200;1655;+0200;0;AF_8301-AF_6263-AF_7308