MAD;1210;+0200;1430;+0200;0;IB_3203
MAD;1500;+0200;1720;+0200;0;IB_3197
MAD;1905;+0200;2125;+0200;0;IB_3205
MAD;0755;+0200;1020;+0200;0;IB_3207
MAD;0855;+0200;1125;+0200;0;UA_9975
MAD;0855;+0200;1125;+0200;0;JK_9266
MAD;1420;+0200;1650;+0200;0;SN_3727
MAD;1420;+0200;1650;+0200;0;JK_9268
MAD;1420;+0200;1650;+0200;0;UA_9977
MAD;1745;+0200;2015;+0200;0;JK_9270
MAD;1745;+0200;2015;+0200;0;SN_3729
MAD;2015;+0200;2245;+0200;0;SN_3731
MAD;2015;+0200;2245;+0200;0;JK_9272
MAD;0850;+0200;1125;+0200;0;SN_3721
MAD;2010;+0200;2245;+0200;0;SN_3731
MAD;1021;+0200;1440;+0200;0;AF_7184-AF_1600
MAD;1355;+0200;1815;+0200;0;JK_9262-JK_6119
MAD;0710;+0200;1140;+0200;0;AF_7182-AF_1300
MAD;1920;+0200;2350;+0200;0;LH_1019-LH_1120
MAD;1245;+0200;1720;+0200;0;LH_2287-LH_1804
MAD;1500;+0200;1940;+0200;0;LX_781-LX_2032
MAD;1715;+0200;2155;+0200;0;LH_2291-LH_1806
MAD;0655;+0200;1140;+0200;0;LH_1025-LH_1112
MAD;1825;+0200;2310;+0200;0;KL_1732-KL_1707
MAD;0645;+0200;1135;+0200;0;LH_2297-LH_1800
MAD;0910;+0200;1400;+0200;0;OK_631-OK_700
MAD;1325;+0200;1815;+0200;0;LH_1011-LH_1116
MAD;0950;+0200;1445;+0200;0;LX_787-LX_2026
MAD;0615;+0200;1115;+0200;0;TP_611-TP_1012
MAD;0725;+0200;1230;+0200;0;BA_389-BA_7055
MAD;0920;+0200;1425;+0200;0;LH_1007-LH_1114
MAD;1110;+0200;1615;+0200;0;LH_1009-LH_6800
MAD;1220;+0200;1730;+0200;0;TP_607-TP_1016
MAD;1440;+0200;1950;+0200;0;KL_1726-KL_1709
MAD;1218;+0200;1730;+0200;0;AF_7192-AF_1800
MAD;0725;+0200;1240;+0200;0;QF_3390-QF_4203
MAD;1100;+0200;1615;+0200;0;LH_1009-LH_6800
MAD;1210;+0200;1725;+0200;0;AA_6399-AA_6283
MAD;1210;+0200;1725;+0200;0;BA_393-BA_464
MAD;1240;+0200;1755;+0200;0;JK_9254-JK_443
MAD;1210;+0200;1730;+0200;0;BA_393-BA_464
MAD;1210;+0200;1730;+0200;0;BA_393-BA_460
MAD;1830;+0200;2350;+0200;0;LH_1017-LH_1120
MAD;1830;+0200;2350;+0200;0;NH_6170-NH_6141
MAD;1325;+0200;1850;+0200;0;SK_1592-SK_9926
MAD;1618;+0200;2145;+0200;0;AF_7186-AF_2100
MAD;0845;+0200;1415;+0200;0;LH_2283-LH_1802
MAD;1500;+0200;2030;+0200;0;UX_3751-UX_1094
MAD;1525;+0200;2055;+0200;0;BA_395-BA_7059
MAD;1815;+0200;2350;+0200;0;AZ_165-AZ_64
MAD;0625;+0200;1205;+0200;0;KL_1720-KL_1701
MAD;0955;+0200;1535;+0200;0;BA_391-BA_7061
MAD;1720;+0200;2300;+0200;0;JL_7704-JL_7703
MAD;0645;+0200;1230;+0200;0;BA_389-BA_7055
MAD;0840;+0200;1425;+0200;0;LH_1005-LH_1114
MAD;1440;+0200;2025;+0200;0;LH_1013-LH_6802
MAD;1021;+0200;1610;+0200;0;AF_7184-AF_1700
MAD;0645;+0200;1240;+0200;0;AA_6423-AA_5553
MAD;0830;+0200;1425;+0200;0;LH_1005-LH_1114
MAD;1715;+0200;2310;+0200;0;TP_609-TP_1022
MAD;0725;+0200;1330;+0200;0;BA_389-BA_458
MAD;0725;+0200;1330;+0200;0;QF_3390-QF_3379
MAD;0955;+0200;1600;+0200;0;AA_6424-AA_6280
MAD;1125;+0200;1730;+0200;0;KL_1724-KL_1705
MAD;1740;+0200;2350;+0200;0;LH_1015-LH_1120
MAD;1105;+0200;1720;+0200;0;LH_2285-LH_1804
MAD;1355;+0200;2015;+0200;0;JK_9262-JK_6121
MAD;0630;+0200;1255;+0200;0;JK_9250-JK_7554
MAD;1218;+0200;1845;+0200;0;AF_7192-AF_1900
MAD;0710;+0200;1340;+0200;0;AF_7182-AF_1430
MAD;1210;+0200;1840;+0200;0;AA_6399-AA_6282
MAD;1210;+0200;1840;+0200;0;BA_393-BA_462
MAD;1525;+0200;2200;+0200;0;BA_395-BA_7057
MAD;1240;+0200;1920;+0200;0;JK_9254-JK_429
MAD;0645;+0200;1330;+0200;0;BA_389-BA_458
MAD;0645;+0200;1330;+0200;0;AA_6423-AA_6278
MAD;1210;+0200;1855;+0200;0;BA_393-BA_7063
BCN;0630;+0200;0830;+0200;0;SN_3695
BCN;0630;+0200;0830;+0200;0;JK_9250
BCN;1030;+0200;1230;+0200;0;UA_9971
BCN;1240;+0200;1440;+0200;0;JK_9254
BCN;1240;+0200;1440;+0200;0;KF_5731
BCN;1240;+0200;1440;+0200;0;SN_3703
BCN;1240;+0200;1440;+0200;0;UA_9971
BCN;1410;+0200;1610;+0200;0;SN_3703
BCN;1825;+0200;2025;+0200;0;JK_9258
BCN;1825;+0200;2025;+0200;0;SN_3705
BCN;0950;+0200;1155;+0200;0;SN_3701
BCN;0950;+0200;1155;+0200;0;UA_9971
BCN;1830;+0200;2035;+0200;0;SN_3705
BCN;2100;+0200;2305;+0200;0;SN_3707
BCN;2100;+0200;2305;+0200;0;JK_9260
BCN;0635;+0200;0955;+0200;0;AF_5401-AF_5906
BCN;0825;+0200;1150;+0200;0;LX_761-LX_1934
BCN;1755;+0200;2125;+0200;0;AF_5405-AF_5894
BCN;1320;+0200;1655;+0200;0;AF_5403-AF_5898
BCN;0625;+0200;1005;+0200;0;KL_1720-KL_1665
BCN;1920;+0200;2305;+0200;0;LH_1019-LH_1138
BCN;1840;+0200;2230;+0200;0;LX_783-LX_1950
BCN;0820;+0200;1215;+0200;0;KL_1722-KL_1671
BCN;0710;+0200;1115;+0200;0;AF_7182-AF_1348
BCN;1110;+0200;1515;+0200;0;LH_1009-LH_1128
BCN;1500;+0200;1905;+0200;0;LX_781-LX_1956
BCN;1715;+0200;2120;+0200;0;LH_2291-LH_1816
BCN;0950;+0200;1400;+0200;0;LX_787-LX_1954
BCN;1105;+0200;1515;+0200;0;LH_2285-LH_6722
BCN;1021;+0200;1435;+0200;0;AF_7184-AF_1648
BCN;1100;+0200;1515;+0200;0;LH_1009-LH_1128
BCN;1530;+0200;1945;+0200;0;LX_4157-LX_1946
BCN;1825;+0200;2245;+0200;0;KL_1732-KL_1681
BCN;1905;+0200;2325;+0200;0;LH_2293-LH_1818
BCN;0930;+0200;1355;+0200;0;AZ_151-AZ_7098
BCN;1618;+0200;2045;+0200;0;AF_7186-AF_2148
BCN;0645;+0200;1115;+0200;0;LH_2297-LH_1810
BCN;0955;+0200;1425;+0200;0;AA_6424-AA_6287
BCN;1525;+0200;1955;+0200;0;AA_6428-AA_6748
BCN;0845;+0200;1320;+0200;0;LH_2283-LH_1812
BCN;1245;+0200;1720;+0200;0;LH_2287-LH_1814
BCN;1830;+0200;2305;+0200;0;LH_1017-LH_1138
BCN;1905;+0200;2340;+0200;0;IB_3205-IB_2728
BCN;0615;+0200;1055;+0200;0;AZ_157-AZ_74
BCN;1325;+0200;1805;+0200;0;LH_1011-LH_1132
BCN;0655;+0200;1140;+0200;0;LH_1025-LH_1126
BCN;1210;+0200;1655;+0200;0;IB_3203-IB_6772
BCN;1440;+0200;1925;+0200;0;KL_1726-KL_1677
BCN;0645;+0200;1135;+0200;0;BA_389-BA_488
BCN;0645;+0200;1135;+0200;0;AA_6423-AA_6295
BCN;0655;+0200;1145;+0200;0;LH_1025-LH_1126
BCN;1440;+0200;1935;+0200;0;LH_1013-LH_1134
BCN;1500;+0200;1955;+0200;0;IB_3197-IB_2738
BCN;1745;+0200;2240;+0200;0;OS_354-OS_395
BCN;0725;+0200;1225;+0200;0;BA_389-BA_484
BCN;0725;+0200;1225;+0200;0;QF_3390-QF_3369
BCN;0755;+0200;1255;+0200;0;IB_3207-IB_6764
BCN;1815;+0200;2320;+0200;0;AZ_165-AZ_78
BCN;1218;+0200;1725;+0200;0;AF_7192-AF_1948
BCN;1210;+0200;1725;+0200;0;IB_3203-IB_6774
BCN;0845;+0200;1405;+0200;0;LX_4153-LX_1942
BCN;1355;+0200;1920;+0200;0;JK_9262-JK_6525
BCN;1420;+0200;1945;+0200;0;JK_9268-JK_444
BCN;1740;+0200;2305;+0200;0;LH_1015-LH_1138
BCN;0615;+0200;1155;+0200;0;TP_611-TP_1040
BCN;0645;+0200;1225;+0200;0;BA_389-BA_484
BCN;0645;+0200;1225;+0200;0;AA_6423-AA_6260
BCN;1125;+0200;1705;+0200;0;KL_1724-KL_1675
BCN;1618;+0200;2200;+0200;0;AF_7186-AF_2348
BCN;0705;+0200;1250;+0200;0;OS_8172-OS_397
BCN;1210;+0200;1755;+0200;0;IB_3203-IB_6776
BCN;1210;+0200;1755;+0200;0;IB_3203-IB_2762
BCN;0625;+0200;1215;+0200;0;KL_1720-KL_1671
BCN;0940;+0200;1530;+0200;0;LH_5581-LH_6774
BCN;1715;+0200;2305;+0200;0;TP_609-TP_1048
BCN;0920;+0200;1515;+0200;0;LH_1007-LH_1128
BCN;0935;+0200;1530;+0200;0;LH_5581-LH_6774
BCN;1200;+0200;1755;+0200;0;AZ_159-AZ_76
BCN;1500;+0200;2055;+0200;0;IB_3197-IB_2764
BCN;0700;+0200;1300;+0200;0;OK_635-OK_688
BCN;1525;+0200;2125;+0200;0;BA_395-BA_482
BCN;0855;+0200;1500;+0200;0;JK_9266-JK_7555
BCN;1525;+0200;2130;+0200;0;AA_6428-AA_6294
BCN;1325;+0200;1935;+0200;0;LH_1011-LH_1134
BCN;1715;+0200;2325;+0200;0;LH_2291-LH_1818
BCN;1105;+0200;1720;+0200;0;LH_2285-LH_1814
BCN;1218;+0200;1835;+0200;0;AF_7192-AF_1330
BCN;1210;+0200;1830;+0200;0;BA_393-BA_480
BCN;1210;+0200;1830;+0200;0;AA_6399-AA_6292
BCN;1500;+0200;2120;+0200;0;LH_2289-LH_1816
BCN;0845;+0200;1515;+0200;0;LH_2283-LH_6722
LON;0645;+0200;0655;+0100;0;AA_6423
LON;0645;+0200;0655;+0100;0;BA_389
LON;0725;+0200;0735;+0100;0;QF_3390
LON;0725;+0200;0735;+0100;0;BA_389
LON;0955;+0200;1005;+0100;0;BA_391
LON;0955;+0200;1005;+0100;0;QF_3392
LON;1525;+0200;1535;+0100;0;AA_6428
LON;1525;+0200;1535;+0100;0;BA_395
LON;1645;+0200;1655;+0100;0;SQ_2821
LON;1645;+0200;1655;+0100;0;SN_2101
LON;1645;+0200;1655;+0100;0;BD_5435
LON;1720;+0200;1730;+0100;0;BA_397
LON;1720;+0200;1730;+0100;0;QF_3394
LON;1720;+0200;1730;+0100;0;JL_7704
LON;1720;+0200;1730;+0100;0;AA_6351
LON;1920;+0200;1930;+0100;0;BA_399
LON;1920;+0200;1930;+0100;0;QF_3404
LON;0715;+0200;0730;+0100;0;SN_2091
LON;0715;+0200;0730;+0100;0;BD_5431
LON;0955;+0200;1010;+0100;0;AA_6424
LON;1000;+0200;1015;+0100;0;SQ_2823
LON;1000;+0200;1015;+0100;0;SN_2093
LON;1000;+0200;1015;+0100;0;BD_5433
LON;1210;+0200;1225;+0100;0;AA_6399
LON;1210;+0200;1225;+0100;0;BA_393
LON;2120;+0200;2135;+0100;0;SN_2103
LON;2120;+0200;2135;+0100;0;BD_5437
LON;0855;+0200;0915;+0100;0;SN_2093
LON;1640;+0200;1700;+0100;0;SN_2095
LON;1905;+0200;1925;+0100;0;SN_2101
LON;1440;+0200;1650;+0100;0;LH_1013-LH_898
LON;0655;+0200;0910;+0100;0;LH_1025-LH_896
LON;1440;+0200;1655;+0100;0;LH_1013-LH_914
LON;1110;+0200;1330;+0100;0;LH_1009-LH_906
LON;0820;+0200;1045;+0100;0;KL_1722-KL_1009
LON;1125;+0200;1350;+0100;0;KL_1724-KL_1017
LON;1325;+0200;1550;+0100;0;LH_1011-LH_910
LON;1825;+0200;2050;+0100;0;KL_1732-KL_1033
LON;1840;+0200;2105;+0100;0;LX_783-LX_462
LON;0935;+0200;1205;+0100;0;LH_5541-LH_6612
LON;1100;+0200;1330;+0100;0;LH_1009-LH_906
LON;1440;+0200;1710;+0100;0;KL_1726-KL_1029
LON;0625;+0200;0900;+0100;0;KL_1720-KL_1007
LON;1610;+0200;1845;+0100;0;LH_5579-LH_3394
LON;1530;+0200;1810;+0100;0;BD_5279-BD_6846
LON;1530;+0200;1810;+0100;0;LX_4157-LX_446
LON;1740;+0200;2025;+0100;0;LH_1015-LH_920
LON;1500;+0200;1750;+0100;0;LX_781-LX_326
LON;1500;+0200;1750;+0100;0;LX_781-LX_466
LON;1920;+0200;2210;+0100;0;LH_1019-LH_922
LON;1325;+0200;1620;+0100;0;LH_1011-LH_934
LON;1440;+0200;1735;+0100;0;KL_1726-KL_1023
LON;1715;+0200;2010;+0100;0;LH_2291-LH_2482
LON;1530;+0200;1830;+0100;0;LX_4157-LX_356
LON;1530;+0200;1830;+0100;0;BD_5279-BD_6776
ROM;0615;+0200;0820;+0200;0;AF_3794
ROM;0615;+0200;0820;+0200;0;AZ_157
ROM;0735;+0200;0940;+0200;0;SN_3175
ROM;1200;+0200;1405;+0200;0;AZ_159
ROM;1200;+0200;1405;+0200;0;AF_3796
ROM;1345;+0200;1550;+0200;0;UA_9953
ROM;1345;+0200;1550;+0200;0;SN_3181
ROM;1815;+0200;2020;+0200;0;AZ_165
ROM;1815;+0200;2020;+0200;0;AF_3798
ROM;2045;+0200;2250;+0200;0;SN_3187
ROM;0730;+0200;0940;+0200;0;SN_3175
ROM;1345;+0200;1555;+0200;0;SN_3181
ROM;1345;+0200;1555;+0200;0;UA_9953
ROM;1805;+0200;2015;+0200;0;SN_3183
ROM;1320;+0200;1650;+0200;0;AF_5403-AF_5821
ROM;1625;+0200;1955;+0200;0;AZ_7197-AZ_2107
ROM;1840;+0200;2210;+0200;0;LX_783-LX_1734
ROM;0635;+0200;1015;+0200;0;AF_5401-AF_5823
ROM;0930;+0200;1310;+0200;0;AZ_151-AZ_2037
ROM;1245;+0200;1630;+0200;0;LH_2287-LH_1846
ROM;1625;+0200;2010;+0200;0;AZ_7197-AZ_2109
ROM;0840;+0200;1230;+0200;0;LH_1005-LH_232
ROM;1440;+0200;1830;+0200;0;LH_1013-LH_238
ROM;1715;+0200;2105;+0200;0;LH_2291-LH_1850
ROM;0830;+0200;1230;+0200;0;LH_1005-LH_232
ROM;1500;+0200;1905;+0200;0;LX_781-LX_1732
ROM;1825;+0200;2230;+0200;0;KL_1732-KL_1609
ROM;1325;+0200;1735;+0200;0;LH_1011-LH_236
ROM;0950;+0200;1405;+0200;0;LX_787-LX_1736
ROM;1625;+0200;2040;+0200;0;AZ_7197-AZ_2113
ROM;1021;+0200;1440;+0200;0;AF_7184-AF_9846
ROM;0645;+0200;1105;+0200;0;LH_2297-LH_1842
ROM;0845;+0200;1305;+0200;0;LH_2283-LH_1844
ROM;1440;+0200;1900;+0200;0;KL_1726-KL_1607
ROM;0910;+0200;1340;+0200;0;OK_631-OK_724
ROM;1920;+0200;2355;+0200;0;LH_1019-LH_242
ROM;0710;+0200;1150;+0200;0;AF_7182-AF_1504
ROM;0930;+0200;1410;+0200;0;AZ_151-AZ_2055
ROM;0920;+0200;1405;+0200;0;LH_1007-LH_234
ROM;1440;+0200;1925;+0200;0;KL_1726-KL_3403
ROM;1625;+0200;2110;+0200;0;AZ_7197-AZ_2075
ROM;0940;+0200;1440;+0200;0;OK_205-OK_208
ROM;1125;+0200;1625;+0200;0;KL_1724-KL_1603
ROM;0710;+0200;1215;+0200;0;AF_7182-AF_9832
ROM;1325;+0200;1830;+0200;0;LH_1011-LH_238
ROM;1218;+0200;1730;+0200;0;AF_7192-AF_2104
ROM;0725;+0200;1240;+0200;0;QF_3390-QF_3425
ROM;0725;+0200;1240;+0200;0;BA_389-BA_548
ROM;1625;+0200;2140;+0200;0;AZ_7197-AZ_2121
ROM;1618;+0200;2140;+0200;0;AF_7186-AF_2304
ROM;0840;+0200;1405;+0200;0;LH_1005-LH_234
ROM;1105;+0200;1630;+0200;0;LH_2285-LH_1846
ROM;1830;+0200;2355;+0200;0;NH_6170-NH_6121
ROM;1830;+0200;2355;+0200;0;LH_1017-LH_242
ROM;0625;+0200;1155;+0200;0;KL_1720-KL_1601
ROM;1245;+0200;1815;+0200;0;LH_2287-LH_1848
ROM;0655;+0200;1230;+0200;0;LH_1025-LH_232
ROM;0830;+0200;1405;+0200;0;LH_1005-LH_234
ROM;1210;+0200;1745;+0200;0;AA_6399-AA_6455
ROM;0645;+0200;1225;+0200;0;AA_6423-AA_6510
ROM;0930;+0200;1510;+0200;0;AZ_151-AZ_2049
ROM;1210;+0200;1750;+0200;0;BA_393-BA_556
ROM;1815;+0200;0001;+0200;1;SK_1590-SK_8950
ROM;1021;+0200;1610;+0200;0;AF_7184-AF_1904
ROM;0645;+0200;1240;+0200;0;AA_6423-AA_6510
ROM;0645;+0200;1240;+0200;0;BA_389-BA_548
ROM;1440;+0200;2040;+0200;0;KL_1726-KL_3405
LIS;0615;+0200;0800;+0100;0;TP_611
LIS;1920;+0200;2105;+0100;0;TP_617
LIS;1920;+0200;2105;+0100;0;SN_6405
LIS;2015;+0200;2200;+0100;0;TP_617
LIS;0620;+0200;0810;+0100;0;SN_6401
LIS;1220;+0200;1410;+0100;0;TP_607
LIS;1220;+0200;1410;+0100;0;SN_6403
LIS;1715;+0200;1905;+0100;0;SN_6409
LIS;1715;+0200;1905;+0100;0;SN_3819
LIS;1715;+0200;1905;+0100;0;BD_5567
LIS;1715;+0200;1905;+0100;0;TP_609
LIS;0635;+0200;0830;+0100;0;SN_3813
LIS;1000;+0200;1155;+0100;0;SN_3815
LIS;1210;+0200;1550;+0100;0;IB_3203-IB_3102
LIS;1905;+0200;2255;+0100;0;IB_3205-IB_3118
LIS;0755;+0200;1150;+0100;0;IB_3207-IB_3110
LIS;1105;+0200;1505;+0100;0;LH_2285-LH_6950
LIS;1420;+0200;1830;+0100;0;JK_9268-JK_9425
LIS;0650;+0200;1110;+0100;0;SN_7015-SN_7077
LIS;0650;+0200;1110;+0100;0;UA_9355-UA_8846
LIS;0655;+0200;1115;+0100;0;LH_1025-LH_1166
LIS;0950;+0200;1410;+0100;0;LX_787-LX_4580
LIS;1110;+0200;1530;+0100;0;LH_1009-LH_6994
LIS;1920;+0200;2340;+0100;0;LH_1019-LH_1172
LIS;0650;+0200;1115;+0100;0;UA_9355-UA_8846
LIS;1825;+0200;2250;+0100;0;KL_1732-KL_1697
LIS;1021;+0200;1450;+0100;0;AF_7184-AF_1624
LIS;0705;+0200;1135;+0100;0;LX_771-LX_2084
LIS;1100;+0200;1530;+0100;0;LH_1009-LH_6994
LIS;1715;+0200;2145;+0100;0;LH_2291-LH_1792
LIS;1920;+0200;2350;+0100;0;SN_7011-SN_7079
LIS;0845;+0200;1325;+0100;0;LH_2283-LH_1790
LIS;0845;+0200;1325;+0100;0;UA_9103-UA_8938
LIS;0940;+0200;1420;+0100;0;EY_7277-EY_5847
LIS;1240;+0200;1720;+0100;0;JK_9254-JK_9401
LIS;1100;+0200;1545;+0100;0;UA_8820-UA_8896
LIS;1100;+0200;1545;+0100;0;SN_7003-SN_7127
LIS;1110;+0200;1555;+0100;0;LH_1009-LH_1168
LIS;1100;+0200;1555;+0100;0;UA_8820-UA_8896
LIS;1100;+0200;1555;+0100;0;LH_1009-LH_1168
LIS;1500;+0200;2000;+0100;0;IB_3197-IB_3106
LIS;1720;+0200;2225;+0100;0;BA_397-BA_504
LIS;1720;+0200;2225;+0100;0;JL_7704-JL_7733
LIS;1600;+0200;2110;+0100;0;OS_8174-OS_8153
LIS;1830;+0200;2340;+0100;0;LH_1017-LH_1172
LIS;1218;+0200;1735;+0100;0;AF_7192-AF_1924
LIS;1210;+0200;1730;+0100;0;AA_6399-AA_6359
LIS;1830;+0200;2350;+0100;0;SN_7009-SN_7079
LIS;0630;+0200;1155;+0100;0;JK_9250-JK_9445
LIS;0725;+0200;1250;+0100;0;BA_389-BA_506
LIS;1210;+0200;1735;+0100;0;AA_6399-AA_6359
LIS;1210;+0200;1735;+0100;0;BA_393-BA_502
LIS;1720;+0200;2245;+0100;0;AA_6351-AA_6466
LIS;1450;+0200;2020;+0100;0;TP_603-TP_1981
LIS;1618;+0200;2150;+0100;0;AF_7186-AF_2324
LIS;1200;+0200;1755;+0100;0;SN_3811-SN_6414
LIS;1740;+0200;2340;+0100;0;LH_1015-LH_1172
LIS;0645;+0200;1250;+0100;0;BA_389-BA_506
LIS;1500;+0200;2105;+0100;0;LX_781-LX_4582
LIS;0855;+0200;1505;+0100;0;JK_9266-JK_9419
LIS;0920;+0200;1530;+0100;0;LH_1007-LH_6994
LIS;0820;+0200;1435;+0100;0;KL_1722-KL_1693
LIS;0845;+0200;1505;+0100;0;A3_1427-A3_1759
LIS;0845;+0200;1505;+0100;0;LH_2283-LH_6950
LIS;0925;+0200;1545;+0100;0;SN_7001-SN_7127
LIS;0920;+0200;1545;+0100;0;UA_8820-UA_8896
LIS;1240;+0200;1905;+0100;0;JK_9254-JK_9437
LIS;0920;+0200;1555;+0100;0;LH_1007-LH_1168
LIS;0920;+0200;1555;+0100;0;UA_8820-UA_8896
LIS;1120;+0200;1755;+0100;0;SN_3811-SN_6414
LIS;1445;+0200;2120;+0100;0;A3_1435-A3_1779
LIS;0645;+0200;1325;+0100;0;LH_2297-LH_1790
LIS;1420;+0200;2100;+0100;0;JK_9268-JK_9417
LIS;1440;+0200;2120;+0100;0;LH_1013-LH_6956
LIS;1440;+0200;2120;+0100;0;A3_1435-A3_1779
LIS;1500;+0200;2145;+0100;0;LH_2289-LH_1792
LIS;0840;+0200;1530;+0100;0;LH_1005-LH_6994
LIS;0830;+0200;1530;+0100;0;LH_1005-LH_6994
LIS;1525;+0200;2225;+0100;0;BA_395-BA_504
CPH;0700;+0200;0830;+0200;0;UA_6904
CPH;0700;+0200;0830;+0200;0;SK_2594
CPH;1040;+0200;1210;+0200;0;UA_6902
CPH;1040;+0200;1210;+0200;0;SK_594
CPH;1325;+0200;1455;+0200;0;SK_1592
CPH;1730;+0200;1900;+0200;0;SK_1594
CPH;1455;+0200;1630;+0200;0;SN_2259
CPH;1455;+0200;1630;+0200;0;UA_9915
CPH;2025;+0200;2200;+0200;0;SK_2590
CPH;0640;+0200;0820;+0200;0;SN_2255
CPH;0640;+0200;0820;+0200;0;TF_2270
CPH;0650;+0200;0830;+0200;0;SN_2255
CPH;1100;+0200;1240;+0200;0;TF_2272
CPH;1100;+0200;1240;+0200;0;UA_9911
CPH;1100;+0200;1240;+0200;0;SN_2257
CPH;1100;+0200;1240;+0200;0;HU_8093
CPH;1120;+0200;1300;+0200;0;UA_9911
CPH;1120;+0200;1300;+0200;0;SN_2257
CPH;1120;+0200;1300;+0200;0;HU_8093
CPH;1450;+0200;1630;+0200;0;UA_9915
CPH;1450;+0200;1630;+0200;0;TF_2276
CPH;1650;+0200;1830;+0200;0;TF_2278
CPH;1650;+0200;1830;+0200;0;SN_2263
CPH;2005;+0200;2145;+0200;0;SN_2265
CPH;2005;+0200;2145;+0200;0;TF_2280
CPH;0625;+0200;0930;+0200;0;KL_1720-KL_1125
CPH;1155;+0200;1500;+0200;0;LH_5573-LH_6092
CPH;0920;+0200;1245;+0200;0;UA_8820-UA_9568
CPH;0845;+0200;1215;+0200;0;LH_2283-LH_2442
CPH;1245;+0200;1615;+0200;0;LH_2287-LH_2444
CPH;1715;+0200;2045;+0200;0;LH_2291-LH_2446
CPH;1440;+0200;1815;+0200;0;LH_1013-LH_830
CPH;1105;+0200;1445;+0200;0;LH_2285-LH_6052
CPH;0650;+0200;1035;+0200;0;LH_5561-LH_6036
CPH;1630;+0200;2015;+0200;0;LH_5579-LH_6240
CPH;1105;+0200;1455;+0200;0;SK_4744-SK_1469
CPH;1740;+0200;2130;+0200;0;LH_1015-LH_6224
CPH;0645;+0200;1040;+0200;0;LH_2297-LH_6260
CPH;1440;+0200;1835;+0200;0;KL_1726-KL_1133
CPH;1540;+0200;1935;+0200;0;LH_5543-LH_6030
CPH;1920;+0200;2315;+0200;0;LH_1019-LH_832
CPH;0655;+0200;1055;+0200;0;LH_1025-LH_6070
CPH;1021;+0200;1425;+0200;0;AF_7184-AF_2350
CPH;0840;+0200;1245;+0200;0;UA_9570-UA_9568
CPH;1610;+0200;2015;+0200;0;LH_5579-LH_6240
CPH;1021;+0200;1430;+0200;0;AF_7184-AF_2350
CPH;1515;+0200;1925;+0200;0;BD_5517-BD_3963
CPH;1825;+0200;2235;+0200;0;KL_1732-KL_1139
CPH;0950;+0200;1405;+0200;0;LX_787-LX_1270
CPH;1500;+0200;1915;+0200;0;LX_781-LX_1272
CPH;1745;+0200;2200;+0200;0;OS_354-OS_307
CPH;1905;+0200;2325;+0200;0;LH_2293-LH_6258
CPH;0900;+0200;1325;+0200;0;BD_5337-BD_3972
CPH;0625;+0200;1055;+0200;0;KL_1720-KL_1127
CPH;0710;+0200;1140;+0200;0;AF_7182-AF_2050
CPH;1440;+0200;1910;+0200;0;LH_1013-LH_6032
CPH;1510;+0200;1940;+0200;0;LO_5236-LO_461
CPH;1505;+0200;1940;+0200;0;LO_5236-LO_461
CPH;1720;+0200;2155;+0200;0;JL_7704-JL_7719
CPH;1720;+0200;2155;+0200;0;BA_397-BA_822
CPH;1715;+0200;2155;+0200;0;LH_2291-LH_6262
CPH;0650;+0200;1135;+0200;0;LO_5238-LO_5451
CPH;0940;+0200;1425;+0200;0;LH_5581-LH_6054
CPH;1830;+0200;2315;+0200;0;LH_1017-LH_832
CPH;1830;+0200;2315;+0200;0;NH_6170-NH_6181
CPH;0710;+0200;1200;+0200;0;AF_7182-AF_2050
CPH;0920;+0200;1410;+0200;0;LH_1007-LH_6222
CPH;0935;+0200;1425;+0200;0;LH_5581-LH_6054
CPH;1155;+0200;1645;+0200;0;LH_5573-LH_6038
CPH;1325;+0200;1815;+0200;0;LH_1011-LH_830
CPH;1705;+0200;2155;+0200;0;LH_5567-LH_6040
CPH;1710;+0200;2200;+0200;0;BD_5377-BD_3896
CPH;1000;+0200;1455;+0200;0;BD_3830-BD_3751
CPH;1000;+0200;1455;+0200;0;SK_590-SK_1423
CPH;1218;+0200;1715;+0200;0;AF_7192-AF_1050
CPH;1100;+0200;1600;+0200;0;UA_8820-UA_9330
CPH;1110;+0200;1610;+0200;0;LH_1009-LH_828
CPH;1210;+0200;1710;+0200;0;AA_6399-AA_6547
CPH;1655;+0200;2155;+0200;0;LH_5567-LH_6040
CPH;1218;+0200;1720;+0200;0;AF_7192-AF_1050
CPH;0705;+0200;1215;+0200;0;LX_771-LX_4700
CPH;0950;+0200;1500;+0200;0;LH_5563-LH_6092
CPH;1100;+0200;1610;+0200;0;LH_1009-LH_828
CPH;1105;+0200;1615;+0200;0;LH_2285-LH_2444
CPH;1125;+0200;1635;+0200;0;KL_1724-KL_1131
CPH;0820;+0200;1335;+0200;0;KL_1722-KL_1129
CPH;1210;+0200;1725;+0200;0;BA_393-BA_818
CPH;1618;+0200;2140;+0200;0;AF_7186-AF_1350
CPH;0725;+0200;1250;+0200;0;QF_3390-QF_3439
CPH;0725;+0200;1250;+0200;0;BA_389-BA_814
CPH;0645;+0200;1215;+0200;0;LH_2297-LH_2442
CPH;0715;+0200;1245;+0200;0;BD_5431-BD_3702
CPH;0840;+0200;1410;+0200;0;LH_1005-LH_6222
CPH;1105;+0200;1635;+0200;0;SK_4744-SK_459
CPH;1740;+0200;2315;+0200;0;LH_1015-LH_832
CPH;0830;+0200;1410;+0200;0;LH_1005-LH_6222
CPH;1325;+0200;1910;+0200;0;LH_1011-LH_6032
CPH;1430;+0200;2015;+0200;0;LH_5583-LH_6240
CPH;1500;+0200;2045;+0200;0;LH_2289-LH_2446
CPH;0955;+0200;1545;+0200;0;BA_391-BA_816
CPH;0955;+0200;1545;+0200;0;AA_6424-AA_6536
CPH;1245;+0200;1835;+0200;0;LH_2287-LH_6256
CPH;0650;+0200;1245;+0200;0;UA_9355-UA_9568
CPH;0845;+0200;1445;+0200;0;LH_2283-LH_6052
CPH;1600;+0200;2200;+0200;0;OS_8174-OS_307
MIL;0930;+0200;1100;+0200;0;AF_3792
MIL;0930;+0200;1100;+0200;0;AZ_151
MIL;1625;+0200;1755;+0200;0;LH_5539
MIL;1625;+0200;1755;+0200;0;AZ_7197
MIL;1625;+0200;1755;+0200;0;SN_3149
MIL;1625;+0200;1755;+0200;0;AF_3782
MIL;1925;+0200;2055;+0200;0;AF_3706
MIL;1925;+0200;2055;+0200;0;AZ_7095
MIL;0640;+0200;0815;+0200;0;SN_3153
MIL;0640;+0200;0815;+0200;0;LH_5692
MIL;0915;+0200;1050;+0200;0;LH_5694
MIL;0915;+0200;1050;+0200;0;SN_3155
MIL;0915;+0200;1050;+0200;0;UA_9947
MIL;0915;+0200;1050;+0200;0;HU_8047
MIL;1025;+0200;1200;+0200;0;SN_3147
MIL;1025;+0200;1200;+0200;0;LH_5537
MIL;1440;+0200;1615;+0200;0;UA_9949
MIL;1440;+0200;1615;+0200;0;SN_3157
MIL;1440;+0200;1615;+0200;0;LH_5696
MIL;1620;+0200;1755;+0200;0;SN_3149
MIL;1645;+0200;1820;+0200;0;SN_3159
MIL;1700;+0200;1835;+0200;0;LH_5698
MIL;2055;+0200;2230;+0200;0;LH_5700
MIL;2100;+0200;2235;+0200;0;SN_3161
MIL;0640;+0200;0820;+0200;0;LH_5692
MIL;0910;+0200;1050;+0200;0;HU_8047
MIL;0910;+0200;1050;+0200;0;SN_3155
MIL;0910;+0200;1050;+0200;0;LH_5694
MIL;0910;+0200;1050;+0200;0;UA_9947
MIL;0940;+0200;1120;+0200;0;SN_3147
MIL;1510;+0200;1650;+0200;0;UA_9949
MIL;1510;+0200;1650;+0200;0;SN_3157
MIL;1840;+0200;2125;+0200;0;LX_783-LX_1638
MIL;1645;+0200;1935;+0200;0;LH_3359-LH_3198
MIL;0920;+0200;1215;+0200;0;LH_1007-LH_272
MIL;1440;+0200;1735;+0200;0;LH_1013-LH_254
MIL;1920;+0200;2215;+0200;0;LH_1019-LH_278
MIL;0635;+0200;0935;+0200;0;AF_5401-AF_3292
MIL;0655;+0200;0955;+0200;0;LH_1025-LH_270
MIL;0625;+0200;0940;+0200;0;KL_1720-KL_1619
MIL;1105;+0200;1420;+0200;0;LH_2285-LH_1858
MIL;1320;+0200;1640;+0200;0;AF_5403-AF_3296
MIL;1755;+0200;2115;+0200;0;AF_5405-AF_3298
MIL;0950;+0200;1315;+0200;0;LX_787-LX_1628
MIL;1325;+0200;1650;+0200;0;LH_1011-LH_274
MIL;1825;+0200;2150;+0200;0;KL_1732-KL_3417
MIL;0645;+0200;1015;+0200;0;LH_2297-LH_1854
MIL;0705;+0200;1035;+0200;0;LX_771-LX_1616
MIL;0820;+0200;1150;+0200;0;KL_1722-KL_1623
MIL;1245;+0200;1615;+0200;0;LH_2287-LH_1860
MIL;1500;+0200;1830;+0200;0;LH_2289-LH_1862
MIL;1905;+0200;2235;+0200;0;LH_2293-LH_1866
MIL;0840;+0200;1215;+0200;0;LH_1005-LH_272
MIL;0845;+0200;1220;+0200;0;LH_2283-LH_1856
MIL;0655;+0200;1035;+0200;0;LH_1025-LH_248
MIL;1500;+0200;1840;+0200;0;LX_781-LX_1636
MIL;1920;+0200;2300;+0200;0;LH_1019-LH_258
MIL;0820;+0200;1205;+0200;0;KL_1722-KL_1623
MIL;0830;+0200;1215;+0200;0;LH_1005-LH_272
MIL;1830;+0200;2215;+0200;0;LH_1017-LH_278
MIL;1825;+0200;2215;+0200;0;KL_1732-KL_1635
MIL;1830;+0200;2220;+0200;0;OS_8176-OS_539
MIL;1021;+0200;1415;+0200;0;AF_7184-AF_1714
MIL;0710;+0200;1105;+0200;0;AF_7182-AF_9802
MIL;1440;+0200;1840;+0200;0;KL_1726-KL_1621
MIL;1440;+0200;1840;+0200;0;LH_1013-LH_276
MIL;1720;+0200;2125;+0200;0;AA_6351-AA_6314
MIL;1720;+0200;2125;+0200;0;BA_397-BA_570
MIL;1745;+0200;2150;+0200;0;OS_354-OS_517
MIL;1200;+0200;1610;+0200;0;AZ_159-AZ_2044
MIL;1325;+0200;1735;+0200;0;LH_1011-LH_254
MIL;1440;+0200;1850;+0200;0;LH_1013-LH_276
MIL;1720;+0200;2130;+0200;0;AA_6351-AA_6314
MIL;1815;+0200;2225;+0200;0;AZ_165-AZ_2312
MIL;0615;+0200;1030;+0200;0;AZ_157-AZ_2310
MIL;0615;+0200;1030;+0200;0;AZ_157-AZ_1024
MIL;1825;+0200;2240;+0200;0;KL_1732-KL_1635
MIL;0615;+0200;1040;+0200;0;AZ_157-AZ_2030
MIL;1815;+0200;2240;+0200;0;AZ_165-AZ_2130
MIL;1021;+0200;1450;+0200;0;AF_7184-AF_1712
MIL;0920;+0200;1350;+0200;0;LH_1007-LH_252
MIL;1830;+0200;2300;+0200;0;LH_1017-LH_258
MIL;1830;+0200;2300;+0200;0;NH_6170-NH_6125
MIL;1740;+0200;2215;+0200;0;LH_1015-LH_278
MIL;1745;+0200;2220;+0200;0;OS_354-OS_539
MIL;1815;+0200;2250;+0200;0;AZ_165-AZ_1030
MIL;1218;+0200;1655;+0200;0;AF_7192-AF_9700
MIL;1618;+0200;2100;+0200;0;AF_7186-AF_9702
MIL;0725;+0200;1210;+0200;0;BA_389-BA_576
MIL;1430;+0200;1920;+0200;0;LH_5583-LH_3192
MIL;0615;+0200;1110;+0200;0;AZ_157-AZ_2036
MIL;0625;+0200;1125;+0200;0;KL_1720-KL_3623
STO;1000;+0200;1210;+0200;0;SK_590
STO;1800;+0200;2010;+0200;0;SK_1590
STO;1815;+0200;2025;+0200;0;SK_1590
STO;0905;+0200;1125;+0200;0;SN_2303
STO;1105;+0200;1325;+0200;0;SN_2305
STO;1720;+0200;1940;+0200;0;SN_2307
STO;1915;+0200;2135;+0200;0;SN_2309
STO;1325;+0200;1635;+0200;0;SK_1592-SK_408
STO;1610;+0200;1930;+0200;0;LH_5579-LH_2930
STO;0700;+0200;1030;+0200;0;SK_2594-SK_1418
STO;2025;+0200;2355;+0200;0;SK_2590-SK_1428
STO;2025;+0200;2355;+0200;0;BD_3730-BD_3744
STO;2010;+0200;2355;+0200;0;BD_5465-BD_3744
STO;0820;+0200;1215;+0200;0;KL_1722-KL_1109
STO;1105;+0200;1500;+0200;0;SK_4744-SK_874
STO;1730;+0200;2125;+0200;0;BD_3724-BD_3750
STO;1730;+0200;2125;+0200;0;SK_1594-SK_1430
STO;1325;+0200;1725;+0200;0;SK_1592-SK_1424
STO;1440;+0200;1840;+0200;0;LH_1013-LH_804
STO;1105;+0200;1510;+0200;0;SK_4744-SK_874
STO;1120;+0200;1525;+0200;0;BD_5457-BD_3738
STO;1705;+0200;2110;+0200;0;LH_5567-LH_6060
STO;1105;+0200;1515;+0200;0;LH_2285-LH_2416
STO;1140;+0200;1555;+0200;0;AY_812-AY_637
STO;1655;+0200;2110;+0200;0;LH_5567-LH_6060
STO;1740;+0200;2155;+0200;0;LH_1015-LH_6056
STO;1440;+0200;1900;+0200;0;KL_1726-KL_1117
STO;1705;+0200;2125;+0200;0;BD_5463-BD_3750
STO;0645;+0200;1110;+0200;0;LH_2297-LH_2414
STO;1455;+0200;1920;+0200;0;BD_5459-BD_3740
STO;1715;+0200;2140;+0200;0;LH_2291-LH_2420
STO;1920;+0200;2350;+0200;0;LH_1019-LH_808
STO;1500;+0200;1935;+0200;0;LH_2289-LH_6188
STO;1825;+0200;2300;+0200;0;KL_1732-KL_1121
STO;1730;+0200;2210;+0200;0;SK_1594-SK_414
STO;1745;+0200;2225;+0200;0;OS_354-OS_317
STO;0910;+0200;1355;+0200;0;OK_631-OK_490
STO;1040;+0200;1525;+0200;0;SK_594-SK_1422
STO;1040;+0200;1525;+0200;0;BD_3734-BD_3738
STO;1245;+0200;1730;+0200;0;LH_2287-LH_2418
STO;1525;+0200;2010;+0200;0;BA_395-BA_782
STO;1525;+0200;2010;+0200;0;AA_6428-AA_6454
STO;1710;+0200;2155;+0200;0;BD_5377-BD_3950
STO;1210;+0200;1700;+0200;0;AA_6399-AA_6361
STO;0655;+0200;1150;+0200;0;LH_1025-LH_802
STO;0710;+0200;1205;+0200;0;AF_7182-AF_2062
STO;0920;+0200;1415;+0200;0;LH_1007-LH_6226
STO;1325;+0200;1820;+0200;0;SK_1592-SK_410
STO;1125;+0200;1625;+0200;0;KL_1724-KL_1115
STO;1430;+0200;1930;+0200;0;LH_5583-LH_2930
STO;1525;+0200;2025;+0200;0;AA_6428-AA_6454
STO;0955;+0200;1500;+0200;0;AA_6424-AA_6529
STO;0955;+0200;1500;+0200;0;BA_391-BA_778
STO;0955;+0200;1500;+0200;0;QF_3392-QF_3353
STO;1010;+0200;1515;+0200;0;OS_352-OS_313
STO;1105;+0200;1610;+0200;0;SK_4744-SK_496
STO;0705;+0200;1215;+0200;0;LX_771-LX_4706
STO;1140;+0200;1650;+0200;0;AY_812-AY_645
STO;1140;+0200;1650;+0200;0;JL_7822-JL_7803
STO;1210;+0200;1720;+0200;0;BA_393-BA_780
STO;0950;+0200;1505;+0200;0;LX_787-LX_1250
STO;1120;+0200;1635;+0200;0;BD_5457-BD_3746
STO;1325;+0200;1840;+0200;0;LH_1011-LH_804
STO;1140;+0200;1700;+0200;0;AY_812-AY_983
STO;1830;+0200;2350;+0200;0;LH_1017-LH_808
STO;1830;+0200;2350;+0200;0;NH_6170-NH_6189
STO;0840;+0200;1415;+0200;0;LH_1005-LH_6226
STO;0940;+0200;1515;+0200;0;LH_5581-LH_2928
STO;0935;+0200;1515;+0200;0;LH_5581-LH_2928
STO;0830;+0200;1415;+0200;0;LH_1005-LH_6226
STO;1440;+0200;2025;+0200;0;LH_1013-LH_6228
STO;1645;+0200;2230;+0200;0;BD_5435-BD_3852
STO;0625;+0200;1215;+0200;0;KL_1720-KL_1109
STO;0940;+0200;1535;+0200;0;KF_32-KF_865
STO;1040;+0200;1635;+0200;0;BD_3734-BD_3746
STO;1040;+0200;1635;+0200;0;SK_594-SK_408
STO;1040;+0200;1635;+0200;0;UA_6902-UA_6899
STO;1105;+0200;1700;+0200;0;SK_4744-SK_882
STO;1325;+0200;1920;+0200;0;SK_1592-SK_1426
STO;0700;+0200;1305;+0200;0;SK_2594-SK_1420
STO;1120;+0200;1725;+0200;0;BD_5457-BD_3742
STO;1505;+0200;2110;+0200;0;LH_5565-LH_6060
STO;1740;+0200;2350;+0200;0;LH_1015-LH_808
STO;1218;+0200;1835;+0200;0;AF_7192-AF_1062
STO;1720;+0200;2340;+0200;0;BA_397-BA_786
STO;1720;+0200;2340;+0200;0;JL_7704-JL_7717
STO;1105;+0200;1730;+0200;0;LH_2285-LH_2418
STO;1600;+0200;2225;+0200;0;OS_8174-OS_317
STO;1730;+0200;2355;+0200;0;BD_3724-BD_3744
STO;1730;+0200;2355;+0200;0;SK_1594-SK_1428
STO;1618;+0200;2245;+0200;0;AF_7186-AF_1462
STO;0845;+0200;1515;+0200;0;LH_2283-LH_2416
STO;1140;+0200;1810;+0200;0;AY_812-AY_647
STO;1455;+0200;2125;+0200;0;BD_5459-BD_3750
BER;0650;+0200;0815;+0200;0;SN_2579
BER;0650;+0200;0815;+0200;0;LH_5561
BER;0950;+0200;1115;+0200;0;LH_5563
BER;0950;+0200;1115;+0200;0;SN_2581
BER;1155;+0200;1320;+0200;0;SN_2583
BER;1155;+0200;1320;+0200;0;LH_5573
BER;1215;+0200;1340;+0200;0;SN_2583
BER;1505;+0200;1630;+0200;0;UA_9921
BER;1505;+0200;1630;+0200;0;SN_2585
BER;1505;+0200;1630;+0200;0;LH_5565
BER;1655;+0200;1820;+0200;0;LH_5567
BER;1655;+0200;1820;+0200;0;SN_2587
BER;1705;+0200;1830;+0200;0;LH_5567
BER;1705;+0200;1830;+0200;0;SN_2587
BER;1955;+0200;2120;+0200;0;SN_2589
BER;1955;+0200;2120;+0200;0;LH_5569
BER;2100;+0200;2225;+0200;0;LH_5571
BER;2100;+0200;2225;+0200;0;SN_2591
BER;0650;+0200;0820;+0200;0;SN_2579
BER;0945;+0200;1115;+0200;0;SN_2581
BER;0830;+0200;1120;+0200;0;LH_1005-LH_178
BER;1440;+0200;1730;+0200;0;LH_1013-LH_188
BER;1905;+0200;2155;+0200;0;TG_7855-TG_7844
BER;1110;+0200;1405;+0200;0;LH_1009-LH_182
BER;1245;+0200;1540;+0200;0;LH_2287-LH_2040
BER;0820;+0200;1120;+0200;0;KL_1722-KL_1823
BER;1100;+0200;1405;+0200;0;LH_1009-LH_182
BER;1740;+0200;2045;+0200;0;LH_1015-LH_196
BER;0625;+0200;0935;+0200;0;KL_1720-KL_1821
BER;0655;+0200;1005;+0200;0;LH_1025-LH_176
BER;1105;+0200;1415;+0200;0;LH_2285-LH_2038
BER;1325;+0200;1635;+0200;0;LH_1011-LH_186
BER;0920;+0200;1240;+0200;0;LH_1007-LH_180
BER;1500;+0200;1820;+0200;0;LH_2289-LH_2048
BER;1645;+0200;2005;+0200;0;LH_3359-LH_2852
BER;1830;+0200;2150;+0200;0;LH_1017-LH_198
BER;0845;+0200;1210;+0200;0;LH_2283-LH_2036
BER;1715;+0200;2040;+0200;0;LH_2291-LH_2052
BER;1825;+0200;2150;+0200;0;KL_1732-KL_1835
BER;1830;+0200;2155;+0200;0;LH_1017-LH_198
BER;1840;+0200;2205;+0200;0;LX_783-LX_962
BER;0645;+0200;1015;+0200;0;LH_2297-LH_2034
BER;1920;+0200;2250;+0200;0;LH_1019-LH_200
BER;1245;+0200;1620;+0200;0;LH_2287-LH_2042
BER;1440;+0200;1820;+0200;0;LH_1013-LH_190
BER;1745;+0200;2130;+0200;0;OS_354-OS_273
BER;1905;+0200;2250;+0200;0;LH_2293-LH_2056
BER;1440;+0200;1830;+0200;0;KL_1726-KL_1833
BER;0840;+0200;1240;+0200;0;LH_1005-LH_180
BER;1010;+0200;1410;+0200;0;OS_352-OS_291
BER;1325;+0200;1730;+0200;0;LH_1011-LH_188
BER;1500;+0200;1905;+0200;0;LX_781-LX_978
BER;1720;+0200;2125;+0200;0;BA_397-BA_988
BER;1720;+0200;2125;+0200;0;JL_7704-JL_7715
BER;0725;+0200;1135;+0200;0;BA_389-BA_982
BER;0725;+0200;1135;+0200;0;QF_3390-QF_3613
BER;0830;+0200;1240;+0200;0;LH_1005-LH_180
BER;1110;+0200;1520;+0200;0;LH_1009-LH_184
BER;1740;+0200;2150;+0200;0;LH_1015-LH_198
BER;1021;+0200;1435;+0200;0;AF_7184-AF_2034
BER;1245;+0200;1700;+0200;0;LH_2287-LH_2046
BER;1740;+0200;2155;+0200;0;LH_1015-LH_198
BER;0950;+0200;1410;+0200;0;LX_787-LX_966
BER;1100;+0200;1520;+0200;0;LH_1009-LH_184
BER;1440;+0200;1900;+0200;0;LH_1013-LH_192
BER;1830;+0200;2250;+0200;0;LH_1017-LH_200
BER;0655;+0200;1120;+0200;0;LH_1025-LH_178
BER;1040;+0200;1510;+0200;0;SK_594-SK_679
BER;1105;+0200;1540;+0200;0;LH_2285-LH_2040
BER;1715;+0200;2155;+0200;0;LH_2291-LH_2054
BER;0715;+0200;1200;+0200;0;BD_5431-BD_843
BER;0920;+0200;1405;+0200;0;LH_1007-LH_182
BER;0645;+0200;1135;+0200;0;AA_6423-AA_6594
BER;0645;+0200;1135;+0200;0;BA_389-BA_982
BER;0710;+0200;1200;+0200;0;AF_7182-AF_1734
BER;0625;+0200;1120;+0200;0;KL_1720-KL_1823
BER;1325;+0200;1820;+0200;0;LH_1011-LH_190
BER;1440;+0200;1935;+0200;0;LH_1013-LH_194
BER;1500;+0200;1955;+0200;0;LH_2289-LH_2050
BER;1040;+0200;1540;+0200;0;SK_594-SK_679
BER;1440;+0200;1940;+0200;0;LH_1013-LH_194
BER;1645;+0200;2145;+0200;0;LH_3359-LH_2854
BER;1218;+0200;1720;+0200;0;AF_7192-AF_2334
BER;1125;+0200;1630;+0200;0;KL_1724-KL_1829
BER;1740;+0200;2250;+0200;0;LH_1015-LH_200
BER;1105;+0200;1620;+0200;0;LH_2285-LH_2042
VIE;2000;+0200;2145;+0200;0;BD_2836
VIE;2000;+0200;2145;+0200;0;SN_6005
VIE;2000;+0200;2145;+0200;0;OS_356
VIE;0705;+0200;0855;+0200;0;SN_2901
VIE;0705;+0200;0855;+0200;0;OS_8172
VIE;1010;+0200;1200;+0200;0;BD_2832
VIE;1010;+0200;1200;+0200;0;SN_6001
VIE;1010;+0200;1200;+0200;0;OS_352
VIE;1555;+0200;1745;+0200;0;SN_2905
VIE;1600;+0200;1750;+0200;0;OS_8174
VIE;1745;+0200;1935;+0200;0;SN_6003
VIE;1745;+0200;1935;+0200;0;OS_354
VIE;1745;+0200;1935;+0200;0;BD_2834
VIE;1830;+0200;2020;+0200;0;SN_2907
VIE;1830;+0200;2020;+0200;0;OS_8176
VIE;1925;+0200;2115;+0200;0;OS_8178
VIE;1925;+0200;2115;+0200;0;SN_2909
VIE;0700;+0200;0855;+0200;0;SN_2901
VIE;0840;+0200;1140;+0200;0;LH_3355-LH_6366
VIE;1830;+0200;2130;+0200;0;LH_1017-LH_6338
VIE;1715;+0200;2020;+0200;0;LH_2291-LH_2332
VIE;0655;+0200;1005;+0200;0;LH_1025-LH_1234
VIE;1100;+0200;1410;+0200;0;LH_1009-LH_1238
VIE;1440;+0200;1750;+0200;0;LH_1013-LH_1240
VIE;1840;+0200;2155;+0200;0;LX_783-LX_1584
VIE;0840;+0200;1205;+0200;0;LH_1005-LH_6334
VIE;1325;+0200;1650;+0200;0;LH_1011-LH_6336
VIE;1840;+0200;2205;+0200;0;LX_783-LX_1584
VIE;1500;+0200;1830;+0200;0;LX_781-LX_1582
VIE;0830;+0200;1205;+0200;0;LH_1005-LH_6334
VIE;1905;+0200;2240;+0200;0;TG_7855-TG_7214
VIE;1905;+0200;2240;+0200;0;LH_2293-LH_6330
VIE;0645;+0200;1025;+0200;0;LH_2297-LH_2326
VIE;0845;+0200;1225;+0200;0;LH_2283-LH_2328
VIE;1245;+0200;1630;+0200;0;LH_2287-LH_2330
VIE;1825;+0200;2210;+0200;0;KL_1732-KL_1849
VIE;1920;+0200;2305;+0200;0;LH_1019-LH_1246
VIE;0825;+0200;1215;+0200;0;LX_761-LX_3582
VIE;1740;+0200;2130;+0200;0;LH_1015-LH_6338
VIE;1440;+0200;1840;+0200;0;LH_1013-LH_1242
VIE;1705;+0200;2115;+0200;0;LH_5567-LH_6324
VIE;1021;+0200;1435;+0200;0;AF_7184-AF_1738
VIE;0750;+0200;1205;+0200;0;LO_232-LO_5221
VIE;1200;+0200;1615;+0200;0;BD_5499-BD_2844
VIE;1500;+0200;1915;+0200;0;LX_781-LX_3556
VIE;1645;+0200;2100;+0200;0;LH_3359-LH_6370
VIE;1021;+0200;1440;+0200;0;AF_7184-AF_1738
VIE;0950;+0200;1410;+0200;0;LX_787-LX_1578
VIE;1655;+0200;2115;+0200;0;LH_5567-LH_6324
VIE;1730;+0200;2150;+0200;0;SK_1594-SK_9405
VIE;1325;+0200;1750;+0200;0;LH_1011-LH_1240
VIE;1440;+0200;1910;+0200;0;LH_1013-LH_6346
VIE;1440;+0200;1910;+0200;0;KL_1726-KL_1847
VIE;0705;+0200;1140;+0200;0;LX_771-LX_3552
VIE;1155;+0200;1630;+0200;0;LH_5573-LH_6350
VIE;1430;+0200;1905;+0200;0;LH_5583-LH_3102
VIE;1440;+0200;1915;+0200;0;LH_5696-LH_6427
VIE;1700;+0200;2135;+0200;0;LH_5698-LH_6429
VIE;1830;+0200;2305;+0200;0;LH_1017-LH_1246
VIE;0920;+0200;1405;+0200;0;UA_8820-UA_8966
VIE;1500;+0200;1945;+0200;0;LH_2289-LH_6328
VIE;0920;+0200;1410;+0200;0;LH_1007-LH_1238
VIE;0920;+0200;1410;+0200;0;UA_8820-UA_8966
VIE;0640;+0200;1135;+0200;0;LH_5692-LH_6407
VIE;0650;+0200;1145;+0200;0;LH_5561-LH_6322
VIE;0700;+0200;1155;+0200;0;SK_2594-SK_9403
VIE;0710;+0200;1205;+0200;0;AF_7182-AF_1556
VIE;0715;+0200;1210;+0200;0;BD_5431-BD_2802
VIE;0715;+0200;1210;+0200;0;LH_5592-LH_6399
VIE;1630;+0200;2125;+0200;0;LH_5579-LH_6362
VIE;0655;+0200;1205;+0200;0;LH_1025-LH_6334
VIE;0820;+0200;1330;+0200;0;KL_1722-KL_1845
VIE;0940;+0200;1450;+0200;0;LH_5581-LH_3100
VIE;1440;+0200;1950;+0200;0;LH_1013-LH_6929
VIE;0650;+0200;1205;+0200;0;LO_5238-LO_5221
VIE;0935;+0200;1450;+0200;0;LH_5581-LH_3100
VIE;1325;+0200;1840;+0200;0;LH_1011-LH_1242
VIE;1610;+0200;2125;+0200;0;LH_5579-LH_6362
VCE;0630;+0200;0810;+0200;0;SN_3199
VCE;1910;+0200;2050;+0200;0;HU_8091
VCE;1910;+0200;2050;+0200;0;UA_9955
VCE;1930;+0200;2110;+0200;0;SN_3205
VCE;2045;+0200;2340;+0200;0;LH_1021-LH_332
VCE;1100;+0200;1400;+0200;0;LX_779-LX_1662
VCE;1440;+0200;1745;+0200;0;LH_1013-LH_328
VCE;1755;+0200;2110;+0200;0;AF_5405-AF_5566
VCE;1905;+0200;2225;+0200;0;LH_2293-LH_1914
VCE;0820;+0200;1145;+0200;0;KL_1722-KL_1653
VCE;0845;+0200;1210;+0200;0;LH_2283-LH_1908
VCE;1320;+0200;1650;+0200;0;AF_5403-AF_5564
VCE;1245;+0200;1620;+0200;0;LH_2287-LH_1910
VCE;0635;+0200;1020;+0200;0;AF_5401-AF_5562
VCE;1500;+0200;1845;+0200;0;LX_781-LX_1664
VCE;1825;+0200;2210;+0200;0;KL_1732-KL_1659
VCE;1021;+0200;1415;+0200;0;AF_7184-AF_1726
VCE;1815;+0200;2210;+0200;0;AZ_165-AZ_1483
VCE;0920;+0200;1325;+0200;0;LH_1007-LH_326
VCE;1745;+0200;2150;+0200;0;BD_2834-BD_2797
VCE;1745;+0200;2150;+0200;0;OS_354-OS_527
VCE;0615;+0200;1025;+0200;0;AZ_157-AZ_1463
VCE;0950;+0200;1400;+0200;0;LX_787-LX_1662
VCE;0710;+0200;1130;+0200;0;AF_7182-AF_1426
VCE;1325;+0200;1745;+0200;0;LH_1011-LH_328
VCE;1920;+0200;2340;+0200;0;LH_1019-LH_332
VCE;1815;+0200;2245;+0200;0;AZ_165-AZ_1473
VCE;0840;+0200;1325;+0200;0;LH_1005-LH_326
VCE;1440;+0200;1925;+0200;0;LH_1013-LH_330
VCE;0615;+0200;1105;+0200;0;AZ_157-AZ_1465
VCE;1218;+0200;1710;+0200;0;AF_7192-AF_2026
VCE;0830;+0200;1325;+0200;0;LH_1005-LH_326
VCE;1200;+0200;1705;+0200;0;AZ_159-AZ_1479
VCE;1125;+0200;1635;+0200;0;KL_1724-KL_1655
VCE;1715;+0200;2225;+0200;0;LH_2291-LH_1914
VCE;1830;+0200;2340;+0200;0;LH_1017-LH_332
VCE;1105;+0200;1620;+0200;0;LH_2285-LH_1910
VCE;0625;+0200;1145;+0200;0;KL_1720-KL_1653
VCE;0645;+0200;1210;+0200;0;LH_2297-LH_1908
VCE;0725;+0200;1250;+0200;0;BA_389-BA_578
VCE;1600;+0200;2150;+0200;0;OS_8174-OS_527
VCE;1600;+0200;2150;+0200;0;BD_5493-BD_2797
VCE;1325;+0200;1925;+0200;0;LH_1011-LH_330
VCE;1740;+0200;2340;+0200;0;LH_1015-LH_332
VCE;0645;+0200;1250;+0200;0;AA_6423-AA_6317
VCE;0645;+0200;1250;+0200;0;BA_389-BA_578
VCE;1210;+0200;1825;+0200;0;IB_3203-IB_3630
PRG;0910;+0200;1035;+0200;0;OK_631
PRG;2110;+0200;2235;+0200;0;SN_2815
PRG;0640;+0200;0810;+0200;0;SN_2807
PRG;0700;+0200;0830;+0200;0;OK_635
PRG;1510;+0200;1640;+0200;0;UA_9939
PRG;1510;+0200;1640;+0200;0;SN_2811
PRG;1555;+0200;1725;+0200;0;UA_9939
PRG;1555;+0200;1725;+0200;0;SN_2811
PRG;1900;+0200;2030;+0200;0;SN_2813
PRG;1910;+0200;2040;+0200;0;OK_633
PRG;2100;+0200;2230;+0200;0;SN_2815
PRG;1440;+0200;1725;+0200;0;LH_1013-LH_1398
PRG;1715;+0200;2015;+0200;0;LH_2291-LH_1696
PRG;0840;+0200;1145;+0200;0;LH_1005-LH_1394
PRG;0830;+0200;1145;+0200;0;LH_1005-LH_1394
PRG;1100;+0200;1415;+0200;0;LX_779-LX_1486
PRG;1440;+0200;1800;+0200;0;KL_1726-KL_3125
PRG;0845;+0200;1220;+0200;0;LH_2283-LH_1690
PRG;0920;+0200;1255;+0200;0;LH_1007-LH_1396
PRG;1245;+0200;1620;+0200;0;LH_2287-LH_1692
PRG;1320;+0200;1655;+0200;0;AF_5403-AF_5903
PRG;0705;+0200;1045;+0200;0;OS_8172-OS_705
PRG;0825;+0200;1205;+0200;0;LX_761-LX_1460
PRG;1445;+0200;1825;+0200;0;SN_7005-SN_7023
PRG;0925;+0200;1310;+0200;0;SN_7001-SN_7121
PRG;1500;+0200;1845;+0200;0;LX_781-LX_1498
PRG;1920;+0200;2310;+0200;0;SN_7011-SN_7091
PRG;0955;+0200;1350;+0200;0;LO_236-LO_527
PRG;1920;+0200;2315;+0200;0;LH_1019-LH_1402
PRG;1010;+0200;1410;+0200;0;OS_352-OS_707
PRG;1325;+0200;1725;+0200;0;LH_1011-LH_1398
PRG;1440;+0200;1840;+0200;0;KL_1726-KL_1357
PRG;1021;+0200;1425;+0200;0;AF_7184-AF_1982
PRG;0635;+0200;1040;+0200;0;AF_5401-AF_5901
PRG;1440;+0200;1845;+0200;0;LH_1013-LH_1400
PRG;0645;+0200;1055;+0200;0;BA_389-BA_854
PRG;0840;+0200;1255;+0200;0;LH_1005-LH_1396
PRG;1510;+0200;1925;+0200;0;LO_5236-LO_525
PRG;0955;+0200;1415;+0200;0;BA_391-BA_860
PRG;0955;+0200;1415;+0200;0;AA_6424-AA_6481
PRG;1505;+0200;1925;+0200;0;LO_5236-LO_525
PRG;1021;+0200;1445;+0200;0;AF_7184-AF_1982
PRG;0625;+0200;1050;+0200;0;KL_1720-KL_3121
PRG;0830;+0200;1255;+0200;0;LH_1005-LH_1396
PRG;0950;+0200;1415;+0200;0;LX_787-LX_1486
PRG;0650;+0200;1120;+0200;0;SN_7015-SN_7185
PRG;0840;+0200;1310;+0200;0;SN_7017-SN_7121
PRG;1600;+0200;2035;+0200;0;OS_8174-OS_711
PRG;1830;+0200;2310;+0200;0;SN_7009-SN_7091
PRG;1830;+0200;2315;+0200;0;LH_1017-LH_1402
PRG;0655;+0200;1145;+0200;0;LH_1025-LH_1394
PRG;0820;+0200;1315;+0200;0;KL_1722-KL_1355
PRG;1720;+0200;2215;+0200;0;JL_7704-JL_7723
PRG;1720;+0200;2215;+0200;0;BA_397-BA_858
PRG;0640;+0200;1150;+0200;0;LX_4151-LX_1472
PRG;0955;+0200;1505;+0200;0;AA_6424-AA_6481
PRG;1618;+0200;2130;+0200;0;AF_7186-AF_2386
PRG;1105;+0200;1620;+0200;0;LH_2285-LH_1692
PRG;1500;+0200;2015;+0200;0;LH_2289-LH_1696
PRG;1325;+0200;1845;+0200;0;LH_1011-LH_1400
PRG;1618;+0200;2140;+0200;0;AF_7186-AF_1082
PRG;0710;+0200;1240;+0200;0;AF_7182-AF_1782
PRG;0645;+0200;1220;+0200;0;LH_2297-LH_1690
PRG;1740;+0200;2315;+0200;0;LH_1015-LH_1402
MUC;0640;+0200;0755;+0200;0;SN_7065
MUC;0645;+0200;0800;+0200;0;LH_2297
MUC;1105;+0200;1220;+0200;0;LH_2285
MUC;1115;+0200;1230;+0200;0;SN_7053
MUC;1245;+0200;1400;+0200;0;LH_2287
MUC;1720;+0200;1835;+0200;0;SN_7059
MUC;1905;+0200;2020;+0200;0;TG_7855
MUC;1905;+0200;2020;+0200;0;LH_2293
MUC;1905;+0200;2020;+0200;0;NH_6084
MUC;1905;+0200;2020;+0200;0;SN_7061
MUC;0845;+0200;1005;+0200;0;SN_7051
MUC;0845;+0200;1005;+0200;0;LH_2283
MUC;1240;+0200;1400;+0200;0;SN_7055
MUC;1500;+0200;1620;+0200;0;LH_2289
MUC;1505;+0200;1625;+0200;0;SN_7057
MUC;1715;+0200;1835;+0200;0;LH_2291
MUC;2110;+0200;2230;+0200;0;LH_2295
MUC;2115;+0200;2235;+0200;0;SN_7063
MUC;1325;+0200;1600;+0200;0;LH_1011-LH_112
MUC;1740;+0200;2015;+0200;0;LH_1015-LH_120
MUC;1830;+0200;2115;+0200;0;LH_1017-LH_122
MUC;1540;+0200;1835;+0200;0;LH_5543-LH_2099
MUC;0705;+0200;1005;+0200;0;LX_771-LX_3618
MUC;0655;+0200;1000;+0200;0;LH_1025-LH_104
MUC;1920;+0200;2225;+0200;0;LH_1019-LH_124
MUC;1430;+0200;1745;+0200;0;LH_5583-LH_2073
MUC;0950;+0200;1310;+0200;0;LX_787-LX_1104
MUC;1110;+0200;1430;+0200;0;LH_1009-LH_110
MUC;1655;+0200;2015;+0200;0;LH_5567-LH_2049
MUC;1840;+0200;2200;+0200;0;LX_783-LX_3626
MUC;1100;+0200;1425;+0200;0;LX_779-LX_3620
MUC;1500;+0200;1825;+0200;0;LX_781-LX_3622
MUC;1630;+0200;1955;+0200;0;LH_5579-LH_2085
MUC;1100;+0200;1430;+0200;0;LH_1009-LH_110
MUC;1440;+0200;1810;+0200;0;LH_1013-LH_116
MUC;1830;+0200;2200;+0200;0;OS_8176-OS_7237
MUC;0650;+0200;1025;+0200;0;LH_5561-LH_2031
MUC;1440;+0200;1815;+0200;0;LH_5696-LH_1861
MUC;1740;+0200;2115;+0200;0;LH_1015-LH_122
MUC;1325;+0200;1705;+0200;0;LH_1011-LH_114
MUC;1010;+0200;1355;+0200;0;OS_352-OS_7233
MUC;1010;+0200;1355;+0200;0;BD_2832-BD_3625
MUC;1505;+0200;1850;+0200;0;LH_5565-LH_2047
MUC;1610;+0200;1955;+0200;0;LH_5579-LH_2085
MUC;0920;+0200;1310;+0200;0;LH_1007-LH_108
MUC;1730;+0200;2120;+0200;0;SK_1594-SK_659
MUC;1825;+0200;2215;+0200;0;KL_1732-KL_1801
MUC;1040;+0200;1435;+0200;0;SK_594-SK_3693
MUC;1630;+0200;2025;+0200;0;LH_5579-LH_2077
MUC;1645;+0200;2040;+0200;0;LH_3359-LH_2151
MUC;1830;+0200;2225;+0200;0;LH_1017-LH_124
MUC;0645;+0200;1045;+0200;0;AA_6423-AA_6704
MUC;1021;+0200;1425;+0200;0;AF_7184-AF_2022
MUC;0630;+0200;1035;+0200;0;SN_2823-SN_7150
MUC;0655;+0200;1100;+0200;0;LH_1025-LH_106
MUC;1021;+0200;1430;+0200;0;AF_7184-AF_2022
MUC;0650;+0200;1100;+0200;0;LH_5561-LH_2033
MUC;0940;+0200;1350;+0200;0;LH_5581-LH_2067
MUC;0945;+0200;1355;+0200;0;BD_5373-BD_3331
MUC;1155;+0200;1605;+0200;0;LH_5573-LH_2039
MUC;0935;+0200;1350;+0200;0;LH_5581-LH_2067
MUC;0940;+0200;1355;+0200;0;BD_5373-BD_3331
MUC;0950;+0200;1405;+0200;0;LH_5563-LH_2037
MUC;1430;+0200;1845;+0200;0;LH_5583-LH_2075
MUC;1610;+0200;2025;+0200;0;LH_5579-LH_2077
MUC;1745;+0200;2200;+0200;0;OS_354-OS_7237
MUC;0725;+0200;1145;+0200;0;QF_3390-QF_3565
MUC;0725;+0200;1150;+0200;0;QF_3390-QF_3565
MUC;0725;+0200;1150;+0200;0;BA_389-BA_950
MUC;0935;+0200;1400;+0200;0;LH_5541-LH_2095
MUC;0625;+0200;1055;+0200;0;KL_1720-KL_1793
MUC;0840;+0200;1310;+0200;0;LH_1005-LH_108
MUC;0615;+0200;1050;+0200;0;AZ_157-AZ_432
MUC;0905;+0200;1340;+0200;0;JP_377-JP_158
MUC;0950;+0200;1425;+0200;0;LX_787-LX_3620
MUC;1440;+0200;1915;+0200;0;KL_1726-KL_1799
MUC;1440;+0200;1915;+0200;0;LH_1013-LH_118
MUC;1540;+0200;2015;+0200;0;LH_5543-LH_2101
MUC;0710;+0200;1150;+0200;0;AF_7182-AF_1722
MUC;0830;+0200;1310;+0200;0;LH_1005-LH_108
MUC;1210;+0200;1650;+0200;0;BA_393-BA_954
MUC;1630;+0200;2110;+0200;0;LH_5579-LH_2079
MUC;1705;+0200;2145;+0200;0;LH_5567-LH_2051
MUC;1325;+0200;1810;+0200;0;LH_1011-LH_116
MUC;1520;+0200;2005;+0200;0;LH_5604-LH_2511
MUC;1520;+0200;2005;+0200;0;BD_5345-BD_3387
MUC;1740;+0200;2225;+0200;0;LH_1015-LH_124
MAN;1305;+0200;1325;+0100;0;BD_5375
MAN;1710;+0200;1730;+0100;0;BD_5377
MAN;1710;+0200;1730;+0100;0;SN_2177
MAN;2040;+0200;2100;+0100;0;BD_5383
MAN;2040;+0200;2100;+0100;0;SN_2183
MAN;0940;+0200;1005;+0100;0;UA_9909
MAN;0940;+0200;1005;+0100;0;BD_5373
MAN;0940;+0200;1005;+0100;0;SN_2173
MAN;0945;+0200;1010;+0100;0;UA_9909
MAN;0945;+0200;1010;+0100;0;BD_5373
MAN;1455;+0200;1525;+0100;0;SN_2175
MAN;0625;+0200;0820;+0100;0;KL_1720-KL_1073
MAN;0820;+0200;1020;+0100;0;KL_1722-KL_1081
MAN;0955;+0200;1210;+0100;0;BA_391-BA_1388
MAN;1440;+0200;1655;+0100;0;KL_1726-KL_1093
MAN;1210;+0200;1435;+0100;0;BA_393-BA_1394
MAN;0725;+0200;0955;+0100;0;BA_389-BA_1386
MAN;0840;+0200;1110;+0100;0;LH_3355-LH_3426
MAN;1505;+0200;1735;+0100;0;BD_1630-BD_1594
MAN;1505;+0200;1735;+0100;0;LH_6576-LH_6572
MAN;1610;+0200;1850;+0100;0;LH_5579-LH_3438
MAN;1920;+0200;2200;+0100;0;BA_399-BA_1404
MAN;0840;+0200;1130;+0100;0;UA_9570-UA_9042
MAN;1440;+0200;1735;+0100;0;LH_1013-LH_946
MAN;0920;+0200;1220;+0100;0;UA_8820-UA_9042
MAN;0920;+0200;1220;+0100;0;LH_1007-LH_942
MAN;1021;+0200;1325;+0100;0;AF_7184-AF_2268
MAN;0645;+0200;0955;+0100;0;BA_389-BA_1386
MAN;1435;+0200;1745;+0100;0;BA_8228-BA_8247
MAN;1500;+0200;1810;+0100;0;LX_781-LX_380
MAN;1825;+0200;2135;+0100;0;KL_1732-KL_1097
MAN;0825;+0200;1140;+0100;0;LX_761-LX_4430
MAN;0950;+0200;1305;+0100;0;LX_787-LX_394
MAN;1525;+0200;1840;+0100;0;BA_395-BA_1402
MAN;1021;+0200;1340;+0100;0;AF_7184-AF_2268
MAN;1920;+0200;2245;+0100;0;LH_1019-LH_948
MAN;1905;+0200;2235;+0100;0;LH_2293-LH_2504
MAN;0645;+0200;1020;+0100;0;LH_2297-LH_2500
MAN;1455;+0200;1830;+0100;0;BD_5459-BD_3895
MAN;0840;+0200;1220;+0100;0;LH_1005-LH_942
MAN;0840;+0200;1220;+0100;0;UA_9570-UA_9042
MAN;1125;+0200;1505;+0100;0;KL_1724-KL_1087
MAN;1245;+0200;1630;+0100;0;LH_2287-LH_2502
MAN;0830;+0200;1220;+0100;0;LH_1005-LH_942
MAN;0625;+0200;1020;+0100;0;KL_1720-KL_1081
NCE;0945;+0200;1120;+0200;0;SN_3617
NCE;1335;+0200;1520;+0200;0;SN_3621
NCE;1350;+0200;1535;+0200;0;SN_3621
NCE;1930;+0200;2115;+0200;0;SN_3623
NCE;0955;+0200;1145;+0200;0;KF_5451
NCE;0955;+0200;1145;+0200;0;SN_3617
NCE;1125;+0200;1315;+0200;0;SN_3619
NCE;1130;+0200;1320;+0200;0;SN_3619
NCE;0635;+0200;0925;+0200;0;AF_5401-AF_7833
NCE;0635;+0200;0940;+0200;0;AF_5401-AF_7830
NCE;0705;+0200;1010;+0200;0;LX_771-LX_562
NCE;1500;+0200;1810;+0200;0;LX_781-LX_560
NCE;1755;+0200;2105;+0200;0;AF_5405-AF_7834
NCE;1320;+0200;1635;+0200;0;AF_5403-AF_7839
NCE;1110;+0200;1430;+0200;0;LH_1009-LH_1060
NCE;1440;+0200;1800;+0200;0;LH_1013-LH_1064
NCE;0655;+0200;1020;+0200;0;LH_1025-LH_1058
NCE;0845;+0200;1210;+0200;0;LH_2283-LH_2272
NCE;1715;+0200;2040;+0200;0;LH_2291-LH_2276
NCE;1905;+0200;2230;+0200;0;LH_2293-LH_2278
NCE;1100;+0200;1430;+0200;0;LH_1009-LH_1060
NCE;0710;+0200;1105;+0200;0;AF_7182-AF_7702
NCE;1245;+0200;1640;+0200;0;LH_2287-LH_2274
NCE;1825;+0200;2225;+0200;0;KL_1732-KL_1273
NCE;1840;+0200;2240;+0200;0;LX_783-LX_564
NCE;0615;+0200;1020;+0200;0;AZ_157-AZ_348
NCE;1021;+0200;1430;+0200;0;AF_7184-AF_7714
NCE;0950;+0200;1405;+0200;0;LX_787-LX_568
NCE;1920;+0200;2340;+0200;0;BA_399-BA_352
NCE;0625;+0200;1050;+0200;0;KL_1720-KL_1261
NCE;1920;+0200;2350;+0200;0;LH_1019-LH_1068
NCE;1325;+0200;1800;+0200;0;LH_1011-LH_1064
NCE;0955;+0200;1440;+0200;0;BA_391-BA_344
NCE;0955;+0200;1440;+0200;0;AA_6424-AA_6588
NCE;1525;+0200;2010;+0200;0;AA_6428-AA_6391
NCE;1525;+0200;2010;+0200;0;BA_395-BA_356
NCE;1745;+0200;2230;+0200;0;OS_354-OS_423
NCE;0725;+0200;1225;+0200;0;QF_3390-QF_3569
NCE;0725;+0200;1225;+0200;0;BA_389-BA_346
NCE;1755;+0200;2255;+0200;0;AF_5405-AF_7829
NCE;1218;+0200;1720;+0200;0;AF_7192-AF_7706
NCE;1218;+0200;1725;+0200;0;AF_7192-AF_7706
NCE;0920;+0200;1430;+0200;0;LH_1007-LH_1060
NCE;1210;+0200;1720;+0200;0;BA_393-BA_354
NCE;0625;+0200;1140;+0200;0;KL_1720-KL_1263
NCE;1210;+0200;1725;+0200;0;AA_6399-AA_6586
NCE;1715;+0200;2230;+0200;0;LH_2291-LH_2278
NCE;1830;+0200;2350;+0200;0;LH_1017-LH_1068
NCE;1830;+0200;2350;+0200;0;NH_6170-NH_6135
NCE;1618;+0200;2140;+0200;0;AF_7186-AF_7712
NCE;0645;+0200;1210;+0200;0;LH_2297-LH_2272
NCE;1125;+0200;1650;+0200;0;KL_1724-KL_1267
NCE;0645;+0200;1220;+0200;0;AA_6423-AA_6590
NCE;1105;+0200;1640;+0200;0;LH_2285-LH_2274
NCE;0645;+0200;1225;+0200;0;AA_6423-AA_6590
NCE;0645;+0200;1225;+0200;0;BA_389-BA_346
NCE;0710;+0200;1250;+0200;0;AF_7182-AF_6234
NCE;1500;+0200;2040;+0200;0;LH_2289-LH_2276
NCE;0700;+0200;1250;+0200;0;SK_2594-SK_793
NCE;0840;+0200;1430;+0200;0;LH_1005-LH_1060
NCE;1210;+0200;1800;+0200;0;IB_3203-IB_8752
NCE;1021;+0200;1620;+0200;0;AF_7184-AF_6218
NCE;0830;+0200;1430;+0200;0;LH_1005-LH_1060
NCE;1618;+0200;2220;+0200;0;AF_7186-AF_6232
NCE;0710;+0200;1320;+0200;0;AF_7182-AF_6212
NCE;1210;+0200;1820;+0200;0;BA_393-BA_348
NCE;1740;+0200;2350;+0200;0;LH_1015-LH_1068
NCE;1720;+0200;2335;+0200;0;AA_6351-AA_6391
NCE;1720;+0200;2340;+0200;0;BA_397-BA_352
NCE;1618;+0200;2245;+0200;0;AF_7186-AF_7712
NCE;1200;+0200;1830;+0200;0;AZ_159-AZ_354
NCE;1220;+0200;1850;+0200;0;TP_607-TP_484
NCE;1600;+0200;2230;+0200;0;OS_8174-OS_423
NCE;1218;+0200;1850;+0200;0;AF_7192-AF_6226
NCE;1618;+0200;2250;+0200;0;AF_7186-AF_6246
NCE;0750;+0200;1425;+0200;0;LO_232-LO_341
NCE;0710;+0200;1350;+0200;0;AF_7182-AF_6244
NCE;1110;+0200;1800;+0200;0;LH_1009-LH_1064
NCE;1021;+0200;1720;+0200;0;AF_7184-AF_7706
NCE;0705;+0200;1405;+0200;0;SQ_2971-SQ_2968
NCE;0705;+0200;1405;+0200;0;LX_771-LX_568
NCE;1100;+0200;1800;+0200;0;LH_1009-LH_1064
NCE;1218;+0200;1920;+0200;0;AF_7192-AF_6236
NCE;1618;+0200;2320;+0200;0;AF_7186-AF_6242
NCE;1021;+0200;1725;+0200;0;AF_7184-AF_7706
NCE;1100;+0200;1810;+0200;0;LX_779-LX_560
NCE;0725;+0200;1440;+0200;0;BA_389-BA_344
GVA;0640;+0200;0755;+0200;0;LX_4151
GVA;0640;+0200;0755;+0200;0;SN_2711
GVA;0845;+0200;1000;+0200;0;UA_9933
GVA;0845;+0200;1000;+0200;0;SN_2713
GVA;1530;+0200;1645;+0200;0;LX_4157
GVA;1530;+0200;1645;+0200;0;SN_2719
GVA;1705;+0200;1820;+0200;0;SN_2725
GVA;1910;+0200;2025;+0200;0;SN_2721
GVA;1955;+0200;2110;+0200;0;LX_4163
GVA;2100;+0200;2215;+0200;0;SN_2723
GVA;0845;+0200;1005;+0200;0;SN_2713
GVA;0845;+0200;1005;+0200;0;LX_4153
GVA;0845;+0200;1005;+0200;0;UA_9933
GVA;1055;+0200;1215;+0200;0;SN_2715
GVA;1055;+0200;1215;+0200;0;UA_9935
GVA;1055;+0200;1215;+0200;0;LX_4161
GVA;1110;+0200;1230;+0200;0;SN_2715
GVA;1110;+0200;1230;+0200;0;UA_9935
GVA;1655;+0200;1815;+0200;0;LX_4165
GVA;1655;+0200;1815;+0200;0;SN_2725
GVA;1910;+0200;2030;+0200;0;LX_4159
GVA;1910;+0200;2030;+0200;0;SN_2721
GVA;1840;+0200;2125;+0200;0;LX_783-LX_2816
GVA;1100;+0200;1400;+0200;0;LX_779-LX_2806
GVA;1110;+0200;1420;+0200;0;LH_1009-LH_1218
GVA;1920;+0200;2230;+0200;0;LH_1019-LH_1228
GVA;0950;+0200;1305;+0200;0;LX_787-LX_2824
GVA;1440;+0200;1755;+0200;0;LH_1013-LH_1222
GVA;0655;+0200;1015;+0200;0;LH_1025-LH_1214
GVA;0705;+0200;1025;+0200;0;LX_771-LX_2804
GVA;1100;+0200;1420;+0200;0;LH_1009-LH_1218
GVA;1825;+0200;2145;+0200;0;KL_1732-KL_1937
GVA;1500;+0200;1825;+0200;0;LH_2289-LH_2386
GVA;1500;+0200;1825;+0200;0;LX_781-LX_2810
GVA;1905;+0200;2230;+0200;0;LH_2293-LH_2390
GVA;1955;+0200;2320;+0200;0;LX_789-LX_2818
GVA;0845;+0200;1220;+0200;0;LH_2283-LH_2382
GVA;0920;+0200;1300;+0200;0;LH_1007-LH_1216
GVA;1245;+0200;1625;+0200;0;LH_2287-LH_2384
GVA;1325;+0200;1710;+0200;0;LH_1011-LH_1220
GVA;1325;+0200;1710;+0200;0;LH_1011-LH_1222
GVA;1021;+0200;1410;+0200;0;AF_7184-AF_2142
GVA;1218;+0200;1610;+0200;0;AF_7192-AF_2342
GVA;1440;+0200;1835;+0200;0;KL_1726-KL_1933
GVA;0710;+0200;1110;+0200;0;AF_7182-AF_1842
GVA;1830;+0200;2230;+0200;0;LH_1017-LH_1228
GVA;0710;+0200;1115;+0200;0;AF_7182-AF_1842
GVA;0645;+0200;1055;+0200;0;AA_6423-AA_6336
GVA;0950;+0200;1400;+0200;0;LX_787-LX_2806
GVA;0645;+0200;1100;+0200;0;BA_389-BA_726
GVA;0715;+0200;1135;+0200;0;BD_5431-BD_6773
GVA;0840;+0200;1300;+0200;0;LH_1005-LH_1216
GVA;0615;+0200;1040;+0200;0;AZ_157-AZ_576
GVA;0955;+0200;1420;+0200;0;AA_6424-AA_6340
GVA;0955;+0200;1420;+0200;0;BA_391-BA_730
GVA;1000;+0200;1425;+0200;0;BD_5433-BD_6771
GVA;0830;+0200;1300;+0200;0;LH_1005-LH_1216
GVA;1210;+0200;1640;+0200;0;AA_6399-AA_6342
GVA;1210;+0200;1640;+0200;0;BA_393-BA_732
GVA;1325;+0200;1755;+0200;0;LH_1011-LH_1222
GVA;0625;+0200;1100;+0200;0;KL_1720-KL_1927
GVA;1745;+0200;2220;+0200;0;OS_354-OS_577
GVA;1840;+0200;2320;+0200;0;LX_783-LX_2818
GVA;1440;+0200;1925;+0200;0;LH_1013-LH_1226
LYS;0635;+0200;0800;+0200;0;AF_5401
LYS;0900;+0200;1025;+0200;0;UA_9959
LYS;0900;+0200;1025;+0200;0;SN_3587
LYS;0910;+0200;1035;+0200;0;UA_9959
LYS;1320;+0200;1445;+0200;0;AF_5403
LYS;1445;+0200;1610;+0200;0;SN_3589
LYS;1655;+0200;1820;+0200;0;SN_3591
LYS;1755;+0200;1920;+0200;0;AF_5405
LYS;2000;+0200;2125;+0200;0;SN_3593
LYS;2015;+0200;2140;+0200;0;SN_3593
LYS;1840;+0200;2130;+0200;0;LX_783-LX_538
LYS;0705;+0200;1005;+0200;0;LX_771-LX_530
LYS;1100;+0200;1400;+0200;0;LX_779-LX_532
LYS;1920;+0200;2220;+0200;0;LH_1019-LH_1082
LYS;1110;+0200;1415;+0200;0;LH_1009-LH_1076
LYS;1500;+0200;1810;+0200;0;LX_781-LX_536
LYS;1100;+0200;1415;+0200;0;LH_1009-LH_1076
LYS;1440;+0200;1810;+0200;0;LH_1013-LH_1078
LYS;1500;+0200;1830;+0200;0;LH_2289-LH_2252
LYS;0710;+0200;1045;+0200;0;AF_7182-AF_7652
LYS;0845;+0200;1220;+0200;0;LH_2283-LH_2248
LYS;1905;+0200;2245;+0200;0;NH_6084-NH_6045
LYS;1905;+0200;2245;+0200;0;LH_2293-LH_2254
LYS;1825;+0200;2210;+0200;0;KL_1732-KL_2029
LYS;0725;+0200;1115;+0200;0;BA_389-BA_360
LYS;0725;+0200;1115;+0200;0;QF_3390-QF_3531
LYS;1830;+0200;2220;+0200;0;LH_1017-LH_1082
LYS;1830;+0200;2220;+0200;0;NH_6170-NH_6131
LYS;1618;+0200;2010;+0200;0;AF_7186-AF_7648
LYS;1245;+0200;1640;+0200;0;LH_2287-LH_2250
LYS;1920;+0200;2315;+0200;0;BA_399-BA_364
LYS;1021;+0200;1425;+0200;0;AF_7184-AF_7644
LYS;0950;+0200;1400;+0200;0;LX_787-LX_532
LYS;1325;+0200;1740;+0200;0;SK_1592-SK_1793
LYS;1125;+0200;1550;+0200;0;KL_1724-KL_2031
LYS;0645;+0200;1115;+0200;0;AA_6423-AA_6714
LYS;0645;+0200;1115;+0200;0;BA_389-BA_360
LYS;1310;+0200;1750;+0200;0;AF_4345-AF_7843
LYS;1740;+0200;2220;+0200;0;LH_1015-LH_1082
LYS;1325;+0200;1810;+0200;0;LH_1011-LH_1078
LYS;1218;+0200;1710;+0200;0;AF_7192-AF_7646
LYS;0625;+0200;1120;+0200;0;KL_1720-KL_2025
LYS;0920;+0200;1415;+0200;0;LH_1007-LH_1076
LYS;1715;+0200;2245;+0200;0;LH_2291-LH_2254
LYS;0645;+0200;1220;+0200;0;LH_2297-LH_2248
LYS;0840;+0200;1415;+0200;0;LH_1005-LH_1076
LYS;1105;+0200;1640;+0200;0;LH_2285-LH_2250
LYS;0755;+0200;1340;+0200;0;IB_3207-IB_8710
LYS;0830;+0200;1415;+0200;0;LH_1005-LH_1076
LYS;1245;+0200;1830;+0200;0;LH_2287-LH_2252
LYS;1720;+0200;2315;+0200;0;BA_397-BA_364
HEL;1920;+0200;2245;+0300;0;AY_818
HEL;1140;+0200;1515;+0300;0;AY_812
HEL;1140;+0200;1515;+0300;0;AA_6044
HEL;1140;+0200;1515;+0300;0;JL_7822
HEL;1950;+0200;2325;+0300;0;SN_6755
HEL;0940;+0200;1320;+0300;0;KF_32
HEL;0940;+0200;1320;+0300;0;SN_6751
HEL;0940;+0200;1320;+0300;0;SK_6510
HEL;1945;+0200;2325;+0300;0;SK_6512
HEL;1945;+0200;2325;+0300;0;SN_6755
HEL;1945;+0200;2325;+0300;0;KF_34
HEL;2025;+0200;0120;+0300;1;SK_2590-SK_6544
HEL;0700;+0200;1210;+0300;0;SK_2594-SK_1712
HEL;0700;+0200;1210;+0300;0;UA_6904-UA_6929
HEL;1730;+0200;2245;+0300;0;BD_3724-BD_3883
HEL;1730;+0200;2245;+0300;0;SK_1594-SK_714
HEL;2035;+0200;0150;+0300;1;SN_7013-SN_7107
HEL;0655;+0200;1215;+0300;0;LH_1025-LH_846
HEL;1945;+0200;0105;+0300;1;BT_604-BT_329
HEL;0840;+0200;1405;+0300;0;LH_1005-LH_848
HEL;1245;+0200;1810;+0300;0;LH_2287-LH_2464
HEL;1325;+0200;1850;+0300;0;SK_1592-SK_1710
HEL;1740;+0200;2305;+0300;0;LH_1015-LH_852
HEL;0645;+0200;1220;+0300;0;LH_2297-LH_2462
HEL;0830;+0200;1405;+0300;0;LH_1005-LH_848
HEL;0700;+0200;1240;+0300;0;SK_2594-SK_6546
HEL;1705;+0200;2245;+0300;0;BD_5463-BD_3883
HEL;1000;+0200;1545;+0300;0;SK_590-SK_704
HEL;1125;+0200;1710;+0300;0;KL_1724-KL_1169
HEL;1715;+0200;2300;+0300;0;LH_2291-LH_2466
HEL;1825;+0200;0015;+0300;1;KL_1732-KL_1171
HEL;1100;+0200;1655;+0300;0;LX_779-LX_4790
HEL;1745;+0200;2340;+0300;0;OS_354-OS_347
HEL;1040;+0200;1650;+0300;0;SK_594-SK_6694
HEL;1920;+0200;0130;+0300;1;LH_1019-LH_854
HEL;0650;+0200;1315;+0300;0;SN_7015-SN_7101
HEL;0650;+0200;1315;+0300;0;UA_9355-UA_8735
HEL;1120;+0200;1750;+0300;0;BD_5457-BD_3884
HEL;1920;+0200;0150;+0300;1;SN_7011-SN_7107
HEL;1618;+0200;2255;+0300;0;AF_7186-AF_1798
HEL;1100;+0200;1740;+0300;0;UA_8820-UA_9022
HEL;1100;+0200;1740;+0300;0;SN_7003-SN_7103
HEL;0625;+0200;1310;+0300;0;KL_1720-KL_1167
HEL;0705;+0200;1350;+0300;0;OS_8172-OS_345
HEL;1325;+0200;2010;+0300;0;SK_1592-SK_6541
HEL;0910;+0200;1600;+0300;0;OK_631-OK_480
HEL;1110;+0200;1800;+0300;0;LH_1009-LH_850
HEL;1218;+0200;1915;+0300;0;AF_7192-AF_1098
HEL;1100;+0200;1800;+0300;0;UA_8820-UA_9022
HEL;1100;+0200;1800;+0300;0;LH_1009-LH_850
HEL;1830;+0200;0130;+0300;1;LH_1017-LH_854
HEL;1218;+0200;1920;+0300;0;AF_7192-AF_1098
HEL;0950;+0200;1655;+0300;0;LX_787-LX_4790
HEL;0955;+0200;1700;+0300;0;BA_391-BA_794
HEL;1105;+0200;1810;+0300;0;LH_2285-LH_2464
HEL;0655;+0200;1405;+0300;0;LH_1025-LH_848
HEL;0955;+0200;1705;+0300;0;AA_6424-AA_6538
HEL;1040;+0200;1750;+0300;0;BD_3734-BD_3884
HEL;1040;+0200;1750;+0300;0;SK_594-SK_712
HEL;1040;+0200;1750;+0300;0;UA_6902-UA_6927
HEL;0650;+0200;1405;+0300;0;UA_9355-UA_8735
HEL;1830;+0200;0150;+0300;1;SN_7009-SN_7107
HEL;1525;+0200;2300;+0300;0;AA_6428-AA_6050
HEL;1525;+0200;2300;+0300;0;BA_395-BA_6034
HEL;0710;+0200;1450;+0300;0;AF_7182-AF_2298
HEL;1600;+0200;2340;+0300;0;OS_8174-OS_347
HEL;0725;+0200;1515;+0300;0;BA_389-BA_6032
HEL;1455;+0200;2245;+0300;0;BD_5459-BD_3883
HEL;1730;+0200;0120;+0300;1;SK_1594-SK_6544
HEL;1740;+0200;0130;+0300;1;LH_1015-LH_854
HEL;1500;+0200;2300;+0300;0;LH_2289-LH_2466
PAR;0635;+0200;0730;+0200;0;SN_3631
PAR;0630;+0200;0730;+0200;0;SN_3631
PAR;0945;+0200;1045;+0200;0;UA_9965
PAR;0945;+0200;1045;+0200;0;SN_3633
PAR;1015;+0200;1115;+0200;0;SN_3633
PAR;1015;+0200;1115;+0200;0;UA_9965
PAR;1021;+0200;1135;+0200;0;AF_7184
PAR;0710;+0200;0825;+0200;0;AF_7182
PAR;1218;+0200;1353;+0200;0;AF_7192
PAR;1618;+0200;1753;+0200;0;AF_7186
PAR;1918;+0200;2111;+0200;0;AF_7188
PAR;0625;+0200;0925;+0200;0;KL_1720-KL_1229
PAR;0655;+0200;0955;+0200;0;LH_1025-LH_1028
PAR;1830;+0200;2140;+0200;0;LH_1017-LH_1050
PAR;0705;+0200;1020;+0200;0;LX_771-LX_634
PAR;1920;+0200;2245;+0200;0;LH_1019-LH_1052
PAR;0845;+0200;1215;+0200;0;LH_2283-LH_2230
PAR;1440;+0200;1810;+0200;0;KL_1726-KL_1243
PAR;1500;+0200;1830;+0200;0;LH_2289-LH_2236
PAR;1525;+0200;1855;+0200;0;AA_6428-AA_6509
PAR;1905;+0200;2235;+0200;0;LH_2293-LH_2240
PAR;1245;+0200;1620;+0200;0;LH_2287-LH_2232
PAR;1325;+0200;1700;+0200;0;LH_1011-LH_1040
PAR;1440;+0200;1815;+0200;0;LH_1013-LH_1042
PAR;1825;+0200;2200;+0200;0;KL_1732-KL_2023
PAR;0645;+0200;1025;+0200;0;LH_2297-LH_2228
PAR;0725;+0200;1105;+0200;0;BA_389-BA_306
PAR;0725;+0200;1105;+0200;0;QF_3390-QF_3411
PAR;0820;+0200;1200;+0200;0;KL_1722-KL_2007
PAR;0955;+0200;1335;+0200;0;QF_3392-QF_3397
PAR;0955;+0200;1335;+0200;0;BA_391-BA_334
PAR;1110;+0200;1450;+0200;0;LH_1009-LH_1036
PAR;1125;+0200;1510;+0200;0;KL_1724-KL_2009
PAR;1100;+0200;1450;+0200;0;LH_1009-LH_1036
PAR;1210;+0200;1600;+0200;0;BA_393-BA_314
PAR;1720;+0200;2110;+0200;0;AA_6351-AA_6357
PAR;1720;+0200;2110;+0200;0;BA_397-BA_324
PAR;0920;+0200;1315;+0200;0;LH_1007-LH_1034
PAR;1210;+0200;1605;+0200;0;AA_6399-AA_6556
PAR;1310;+0200;1705;+0200;0;AF_4345-AF_6129
PAR;1430;+0200;1825;+0200;0;LH_5583-LH_3232
PAR;0635;+0200;1035;+0200;0;AF_5401-AF_7653
PAR;0655;+0200;1055;+0200;0;LH_1025-LH_1030
PAR;0950;+0200;1350;+0200;0;LX_787-LX_638
PAR;1740;+0200;2140;+0200;0;LH_1015-LH_1050
PAR;1505;+0200;1915;+0200;0;LH_5565-LH_3244
PAR;1720;+0200;2135;+0200;0;AA_6351-AA_6231
PAR;1720;+0200;2135;+0200;0;BA_397-BA_338
PAR;1755;+0200;2210;+0200;0;AF_5405-AF_7649
PAR;1830;+0200;2245;+0200;0;LH_1017-LH_1052
PAR;0625;+0200;1045;+0200;0;KL_1720-KL_2003
PAR;0645;+0200;1105;+0200;0;BA_389-BA_306
PAR;1310;+0200;1735;+0200;0;AF_4345-AF_6131
PAR;1245;+0200;1715;+0200;0;LH_2287-LH_2234
PAR;1500;+0200;1930;+0200;0;LX_781-LX_644
PAR;0840;+0200;1315;+0200;0;LH_1005-LH_1034
PAR;0950;+0200;1425;+0200;0;LH_5563-LH_3242
PAR;1310;+0200;1745;+0200;0;AF_4345-AF_7787
PAR;1440;+0200;1915;+0200;0;KL_1726-KL_1245
PAR;1525;+0200;2000;+0200;0;BA_395-BA_322
PAR;1525;+0200;2000;+0200;0;AA_6428-AA_6458
PAR;1720;+0200;2155;+0200;0;BA_397-BA_338
PAR;1745;+0200;2220;+0200;0;OS_354-OS_7117
PAR;0645;+0200;1125;+0200;0;AA_6423-AA_6554
PAR;1600;+0200;2040;+0200;0;OS_8174-OS_7113
PAR;0830;+0200;1315;+0200;0;LH_1005-LH_1034
PAR;1525;+0200;2010;+0200;0;AA_6428-AA_6458
OSL;1105;+0200;1300;+0200;0;SK_4744
OSL;1905;+0200;2100;+0200;0;SK_4746
OSL;0940;+0200;1145;+0200;0;SN_2281
OSL;0940;+0200;1145;+0200;0;UA_9919
OSL;2010;+0200;2215;+0200;0;SN_2287
OSL;2015;+0200;2220;+0200;0;SN_2287
OSL;1445;+0200;1655;+0200;0;SN_2283
OSL;1325;+0200;1645;+0200;0;SK_1592-SK_460
OSL;1610;+0200;1930;+0200;0;LH_5579-LH_2960
OSL;0700;+0200;1030;+0200;0;SK_2594-SK_1464
OSL;2025;+0200;2355;+0200;0;SK_2590-SK_1474
OSL;0700;+0200;1035;+0200;0;SK_2594-SK_3180
OSL;1440;+0200;1820;+0200;0;LH_1013-LH_862
OSL;1825;+0200;2205;+0200;0;KL_1732-KL_1221
OSL;1830;+0200;2210;+0200;0;LH_1017-LH_6106
OSL;0920;+0200;1305;+0200;0;LH_1007-LH_860
OSL;1455;+0200;1840;+0200;0;BD_5459-BD_3874
OSL;1730;+0200;2115;+0200;0;SK_1594-SK_1478
OSL;1730;+0200;2115;+0200;0;BD_3724-BD_3878
OSL;1325;+0200;1715;+0200;0;SK_1592-SK_1460
OSL;1815;+0200;2215;+0200;0;SK_1590-SK_897
OSL;1040;+0200;1445;+0200;0;SK_594-SK_458
OSL;1120;+0200;1525;+0200;0;BD_5457-BD_3876
OSL;1440;+0200;1850;+0200;0;KL_1726-KL_1149
OSL;1705;+0200;2115;+0200;0;BD_5463-BD_3878
OSL;1825;+0200;2235;+0200;0;KL_1732-KL_1151
OSL;0645;+0200;1100;+0200;0;AA_6423-AA_6541
OSL;0645;+0200;1100;+0200;0;BA_389-BA_762
OSL;1105;+0200;1520;+0200;0;LH_2285-LH_6170
OSL;1800;+0200;2215;+0200;0;SK_1590-SK_897
OSL;0700;+0200;1120;+0200;0;OK_635-OK_446
OSL;0840;+0200;1300;+0200;0;UA_9570-UA_9146
OSL;0645;+0200;1110;+0200;0;LH_2297-LH_2450
OSL;0840;+0200;1305;+0200;0;UA_9570-UA_9146
OSL;0840;+0200;1305;+0200;0;LH_1005-LH_860
OSL;1715;+0200;2140;+0200;0;LH_2291-LH_2456
OSL;1920;+0200;2345;+0200;0;LH_1019-LH_864
OSL;0700;+0200;1130;+0200;0;SK_2594-SK_1454
OSL;1740;+0200;2210;+0200;0;LH_1015-LH_6106
OSL;0830;+0200;1305;+0200;0;LH_1005-LH_860
OSL;1000;+0200;1435;+0200;0;SK_590-SK_495
OSL;1440;+0200;1915;+0200;0;LH_1013-LH_6280
OSL;1730;+0200;2205;+0200;0;SK_1594-SK_3036
OSL;0625;+0200;1105;+0200;0;KL_1720-KL_1143
OSL;1245;+0200;1725;+0200;0;LH_2287-LH_2454
OSL;1040;+0200;1525;+0200;0;BD_3734-BD_3876
OSL;1040;+0200;1525;+0200;0;SK_594-SK_1458
OSL;1125;+0200;1610;+0200;0;KL_1724-KL_1147
OSL;1140;+0200;1625;+0200;0;AY_812-AY_659
OSL;1525;+0200;2010;+0200;0;AA_6428-AA_6406
OSL;1525;+0200;2010;+0200;0;BA_395-BA_768
OSL;0710;+0200;1205;+0200;0;AF_7182-AF_2074
OSL;1325;+0200;1820;+0200;0;LH_1011-LH_862
OSL;1040;+0200;1540;+0200;0;SK_594-SK_3174
OSL;1430;+0200;1930;+0200;0;LH_5583-LH_2960
OSL;1525;+0200;2025;+0200;0;AA_6428-AA_6406
OSL;0820;+0200;1325;+0200;0;KL_1722-KL_1145
OSL;1720;+0200;2225;+0200;0;JL_7704-JL_7711
OSL;1720;+0200;2225;+0200;0;BA_397-BA_770
OSL;0820;+0200;1330;+0200;0;KL_1722-KL_1217
OSL;0920;+0200;1435;+0200;0;LH_1007-LH_6230
OSL;1325;+0200;1840;+0200;0;SK_1592-SK_3052
OSL;1325;+0200;1840;+0200;0;SK_1592-SK_462
OSL;1745;+0200;2300;+0200;0;OS_354-OS_331
OSL;1830;+0200;2345;+0200;0;LH_1017-LH_864
OSL;1830;+0200;2345;+0200;0;NH_6170-NH_6185
OSL;1120;+0200;1645;+0200;0;BD_5457-BD_3870
OSL;1000;+0200;1530;+0200;0;SK_590-SK_867
OSL;0705;+0200;1255;+0200;0;OS_8172-OS_335
OSL;0940;+0200;1530;+0200;0;LH_5581-LH_2958
OSL;1325;+0200;1915;+0200;0;LH_1011-LH_6280
OSL;0840;+0200;1435;+0200;0;LH_1005-LH_6230
OSL;0935;+0200;1530;+0200;0;LH_5581-LH_2958
OSL;1325;+0200;1920;+0200;0;SK_1592-SK_1470
OSL;1645;+0200;2240;+0200;0;BD_5435-BD_3776
OSL;1218;+0200;1820;+0200;0;AF_7192-AF_2374
OSL;0700;+0200;1305;+0200;0;SK_2594-SK_1456
OSL;0830;+0200;1435;+0200;0;LH_1005-LH_6230
OSL;1040;+0200;1645;+0200;0;BD_3734-BD_3870
OSL;1040;+0200;1645;+0200;0;SK_594-SK_460
OSL;1040;+0200;1645;+0200;0;UA_6902-UA_6941
OSL;1740;+0200;2345;+0200;0;LH_1015-LH_864
OSL;0650;+0200;1300;+0200;0;UA_9355-UA_9146
OSL;0655;+0200;1305;+0200;0;LH_1025-LH_860
OSL;0650;+0200;1305;+0200;0;UA_9355-UA_9146
OSL;0715;+0200;1330;+0200;0;BD_5431-BD_3784
OSL;0955;+0200;1610;+0200;0;QF_3392-QF_3593
OSL;0955;+0200;1610;+0200;0;BA_391-BA_766
OSL;1000;+0200;1620;+0200;0;BD_5433-BD_3786
OSL;1105;+0200;1725;+0200;0;LH_2285-LH_2454
OSL;1455;+0200;2115;+0200;0;BD_5459-BD_3878
OSL;0955;+0200;1620;+0200;0;AA_6424-AA_6629
OSL;1730;+0200;2355;+0200;0;SK_1594-SK_1474
OSL;0845;+0200;1520;+0200;0;LH_2283-LH_6170
OSL;1000;+0200;1635;+0200;0;SK_590-SK_875
OSL;1040;+0200;1715;+0200;0;SK_594-SK_1460
OSL;1500;+0200;2140;+0200;0;LH_2289-LH_2456
OSL;1140;+0200;1825;+0200;0;AY_812-AY_657
OSL;1140;+0200;1825;+0200;0;JL_7822-JL_7801
OSL;0625;+0200;1325;+0200;0;KL_1720-KL_1145
OSL;1525;+0200;2225;+0200;0;BA_395-BA_770
OSL;1600;+0200;2300;+0200;0;OS_8174-OS_331
DUB;1125;+0200;1340;+0100;0;KL_1724-KL_3155
DUB;1440;+0200;1725;+0100;0;LH_1013-LH_980
DUB;1440;+0200;1735;+0100;0;KL_1726-KL_3159
DUB;1825;+0200;2120;+0100;0;KL_1732-KL_3161
DUB;1720;+0200;2025;+0100;0;BA_397-BA_5977
DUB;1920;+0200;2225;+0100;0;BA_399-BA_5983
DUB;1645;+0200;1955;+0100;0;LH_5596-LH_6505
DUB;0700;+0200;1020;+0100;0;SK_2594-SK_537
DUB;1920;+0200;2240;+0100;0;LH_1019-LH_982
DUB;0645;+0200;1010;+0100;0;BA_389-BA_5953
DUB;1210;+0200;1535;+0100;0;BA_393-BA_5965
DUB;0705;+0200;1035;+0100;0;LX_771-LX_400
DUB;1021;+0200;1400;+0100;0;AF_7184-AF_5006
DUB;0625;+0200;1010;+0100;0;KL_1720-KL_3153
DUB;0725;+0200;1115;+0100;0;BA_389-BA_5955
DUB;1000;+0200;1355;+0100;0;LH_5594-LH_6633
DUB;1645;+0200;2040;+0100;0;BD_5435-BD_131
DUB;0955;+0200;1355;+0100;0;BA_391-BA_5959
DUB;1325;+0200;1725;+0100;0;LH_1011-LH_980
DUB;1525;+0200;1925;+0100;0;BA_395-BA_5975
DUB;0710;+0200;1115;+0100;0;AF_7182-AF_5004
DUB;1720;+0200;2125;+0100;0;BA_397-BA_5979
DUB;0655;+0200;1105;+0100;0;LH_1025-LH_978
DUB;1830;+0200;2240;+0100;0;LH_1017-LH_982
DUB;1125;+0200;1540;+0100;0;KL_1724-KL_3157
DUB;1218;+0200;1645;+0100;0;AF_7192-AF_5014
DUB;0645;+0200;1115;+0100;0;BA_389-BA_5955
DUB;1525;+0200;1955;+0100;0;BA_395-BA_5847
DUB;0725;+0200;1205;+0100;0;BA_389-BA_5835
DUB;1325;+0200;1805;+0100;0;SK_1592-SK_2537
DUB;0725;+0200;1225;+0100;0;BA_389-BA_5957
DUB;1210;+0200;1710;+0100;0;BA_393-BA_5967
DUB;1525;+0200;2025;+0100;0;BA_395-BA_5977
DUB;1740;+0200;2240;+0100;0;LH_1015-LH_982
DUB;1720;+0200;2225;+0100;0;BA_397-BA_5983
DUB;0715;+0200;1225;+0100;0;BD_5431-BD_123
DUB;1440;+0200;1955;+0100;0;LH_1013-LH_914-LH_6505
TLS;1310;+0200;1445;+0200;0;AF_4345
TLS;0940;+0200;1125;+0200;0;UA_9967
TLS;1445;+0200;1630;+0200;0;SN_3669
TLS;0935;+0200;1125;+0200;0;UA_9967
TLS;0935;+0200;1125;+0200;0;SN_3667
TLS;1500;+0200;1650;+0200;0;UA_9937
TLS;2100;+0200;2250;+0200;0;SN_3675
TLS;0635;+0200;0930;+0200;0;AF_5401-AF_7840
TLS;1320;+0200;1615;+0200;0;AF_5403-AF_7850
TLS;1755;+0200;2100;+0200;0;AF_5405-AF_7844
TLS;1440;+0200;1805;+0200;0;LH_1013-LH_1098
TLS;0820;+0200;1150;+0200;0;KL_1722-KL_1303
TLS;0710;+0200;1055;+0200;0;AF_7182-AF_7782
TLS;1105;+0200;1450;+0200;0;LH_2285-LH_2216
TLS;1905;+0200;2250;+0200;0;LH_2293-LH_2222
TLS;0645;+0200;1040;+0200;0;BA_389-BA_372
TLS;0645;+0200;1040;+0200;0;AA_6423-AA_6269
TLS;1825;+0200;2220;+0200;0;KL_1732-KL_1313
TLS;0645;+0200;1050;+0200;0;LH_2297-LH_2214
TLS;1021;+0200;1435;+0200;0;AF_7184-AF_7794
TLS;1325;+0200;1745;+0200;0;LH_1011-LH_1098
TLS;1920;+0200;2345;+0200;0;LH_1019-LH_1100
TLS;1245;+0200;1725;+0200;0;LH_2287-LH_2218
TLS;1325;+0200;1805;+0200;0;LH_1011-LH_1098
TLS;0920;+0200;1410;+0200;0;LH_1007-LH_1096
TLS;0920;+0200;1410;+0200;0;SQ_2037-SQ_2088
TLS;1218;+0200;1715;+0200;0;AF_7192-AF_7786
TLS;1125;+0200;1625;+0200;0;KL_1724-KL_1311
TLS;1210;+0200;1715;+0200;0;AA_6399-AA_6271
TLS;1210;+0200;1715;+0200;0;BA_393-BA_374
TLS;1720;+0200;2225;+0200;0;BA_397-BA_376
TLS;1830;+0200;2345;+0200;0;NH_6170-NH_6133
TLS;1830;+0200;2345;+0200;0;LH_1017-LH_1100
TLS;0625;+0200;1150;+0200;0;KL_1720-KL_1303
TLS;0840;+0200;1410;+0200;0;LH_1005-LH_1096
TLS;1200;+0200;1730;+0200;0;AZ_159-AZ_366
TLS;1715;+0200;2250;+0200;0;LH_2291-LH_2222
TLS;1021;+0200;1600;+0200;0;AF_7184-AF_6126
TLS;0830;+0200;1410;+0200;0;LH_1005-LH_1096
TLS;1720;+0200;2300;+0200;0;BA_397-BA_376
TLS;1720;+0200;2300;+0200;0;AA_6351-AA_6273
TLS;0710;+0200;1300;+0200;0;AF_7182-AF_6118
TLS;1500;+0200;2050;+0200;0;LH_2289-LH_2220
TLS;0615;+0200;1210;+0200;0;TP_611-TP_492
TLS;1320;+0200;1920;+0200;0;AF_5403-AF_7842
TLS;0845;+0200;1450;+0200;0;LH_2283-LH_2216
TLS;1740;+0200;2345;+0200;0;LH_1015-LH_1100
TLS;1021;+0200;1630;+0200;0;AF_7184-AF_6154
TLS;1218;+0200;1830;+0200;0;AF_7192-AF_6134
TLS;1618;+0200;2235;+0200;0;AF_7186-AF_7792
TLS;1105;+0200;1725;+0200;0;LH_2285-LH_2218
TLS;1210;+0200;1830;+0200;0;IB_3203-IB_8770
TLS;1021;+0200;1645;+0200;0;AF_7184-AF_6128
TLS;1320;+0200;1945;+0200;0;AF_5403-AF_7848
TLS;1218;+0200;1845;+0200;0;AF_7192-AF_6146
TLS;1110;+0200;1745;+0200;0;LH_1009-LH_1098
TLS;1218;+0200;1900;+0200;0;AF_7192-AF_6136
TLS;1100;+0200;1745;+0200;0;LH_1009-LH_1098
TLS;1021;+0200;1715;+0200;0;AF_7184-AF_7786
TLS;1021;+0200;1715;+0200;0;AF_7184-AF_6156
TLS;1110;+0200;1805;+0200;0;LH_1009-LH_1098
TLS;1525;+0200;2225;+0200;0;BA_395-BA_376
TLS;1100;+0200;1805;+0200;0;LH_1009-LH_1098
TLS;1021;+0200;1730;+0200;0;AF_7184-AF_6130
TLS;1218;+0200;1930;+0200;0;AF_7192-AF_6138
TLS;0655;+0200;1410;+0200;0;LH_1025-LH_1096
TLS;1500;+0200;2215;+0200;0;IB_3197-IB_8772
TLS;0710;+0200;1430;+0200;0;AF_7182-AF_6166
TLS;0955;+0200;1715;+0200;0;QF_3392-QF_3375
TLS;0955;+0200;1715;+0200;0;BA_391-BA_374
TLS;0955;+0200;1715;+0200;0;AA_6424-AA_6271
TLS;0710;+0200;1435;+0200;0;AF_7182-AF_7794
TLS;1200;+0200;1925;+0200;0;AZ_159-AZ_7344
HAM;2000;+0200;2110;+0200;0;LH_5585
HAM;2000;+0200;2110;+0200;0;SN_2629
HAM;0935;+0200;1050;+0200;0;SN_2623
HAM;0935;+0200;1050;+0200;0;LH_5581
HAM;1325;+0200;1440;+0200;0;SN_2625
HAM;1430;+0200;1545;+0200;0;LH_5583
HAM;1430;+0200;1545;+0200;0;SN_2625
HAM;1610;+0200;1725;+0200;0;LH_5579
HAM;1610;+0200;1725;+0200;0;SN_2627
HAM;1630;+0200;1745;+0200;0;SN_2627
HAM;1630;+0200;1745;+0200;0;LH_5579
HAM;1955;+0200;2110;+0200;0;SN_2629
HAM;1955;+0200;2110;+0200;0;LH_5585
HAM;0940;+0200;1100;+0200;0;LH_5581
HAM;0940;+0200;1100;+0200;0;SN_2623
HAM;1125;+0200;1400;+0200;0;KL_1724-KL_1781
HAM;1325;+0200;1615;+0200;0;LH_1011-LH_16
HAM;0820;+0200;1115;+0200;0;KL_1722-KL_1779
HAM;0840;+0200;1135;+0200;0;LH_1005-LH_10
HAM;1645;+0200;1940;+0200;0;LH_3359-LH_2829
HAM;1740;+0200;2035;+0200;0;LH_1015-LH_26
HAM;1440;+0200;1740;+0200;0;KL_1726-KL_1783
HAM;0830;+0200;1135;+0200;0;LH_1005-LH_10
HAM;0840;+0200;1145;+0200;0;LH_3355-LH_2825
HAM;0845;+0200;1155;+0200;0;LH_2283-LH_2066
HAM;1105;+0200;1425;+0200;0;LH_2285-LH_2070
HAM;1440;+0200;1800;+0200;0;LH_1013-LH_20
HAM;1500;+0200;1820;+0200;0;LH_2289-LH_2076
HAM;1830;+0200;2150;+0200;0;LH_1017-LH_28
HAM;0655;+0200;1020;+0200;0;LH_1025-LH_8
HAM;1110;+0200;1440;+0200;0;LH_1009-LH_14
HAM;0705;+0200;1040;+0200;0;LX_771-LX_3644
HAM;1905;+0200;2240;+0200;0;TG_7855-TG_7846
HAM;1905;+0200;2240;+0200;0;LH_2293-LH_2084
HAM;1920;+0200;2255;+0200;0;LH_1019-LH_30
HAM;1100;+0200;1440;+0200;0;LH_1009-LH_14
HAM;0645;+0200;1030;+0200;0;LH_2297-LH_2064
HAM;1715;+0200;2100;+0200;0;LH_2291-LH_2082
HAM;0920;+0200;1310;+0200;0;LH_1007-LH_12
HAM;1320;+0200;1710;+0200;0;AF_5403-AF_5973
HAM;1325;+0200;1715;+0200;0;LH_1011-LH_18
HAM;1720;+0200;2110;+0200;0;BA_397-BA_972
HAM;1720;+0200;2110;+0200;0;JL_7704-JL_7727
HAM;1825;+0200;2215;+0200;0;KL_1732-KL_1789
HAM;1245;+0200;1650;+0200;0;LH_2287-LH_2074
HAM;1440;+0200;1845;+0200;0;LH_1013-LH_22
HAM;1500;+0200;1905;+0200;0;LX_781-LX_1054
HAM;1618;+0200;2025;+0200;0;AF_7186-AF_2510
HAM;0715;+0200;1125;+0200;0;LH_5592-LH_3391
HAM;0715;+0200;1125;+0200;0;BD_5431-BD_3301
HAM;0845;+0200;1255;+0200;0;LH_2283-LH_2068
HAM;0950;+0200;1400;+0200;0;LX_787-LX_1056
HAM;1210;+0200;1620;+0200;0;AA_6399-AA_6611
HAM;1305;+0200;1715;+0200;0;BD_5375-BD_3373
HAM;1740;+0200;2150;+0200;0;LH_1015-LH_28
HAM;0635;+0200;1050;+0200;0;AF_5401-AF_5971
HAM;0640;+0200;1055;+0200;0;LH_5692-LH_3189
HAM;0710;+0200;1125;+0200;0;AF_7182-AF_1710
HAM;1730;+0200;2145;+0200;0;SK_1594-SK_647
HAM;1500;+0200;1920;+0200;0;LH_2289-LH_2078
HAM;1040;+0200;1505;+0200;0;SK_594-SK_649
HAM;1210;+0200;1635;+0200;0;BA_393-BA_974
HAM;1830;+0200;2255;+0200;0;LH_1017-LH_30
HAM;0840;+0200;1310;+0200;0;LH_1005-LH_12
HAM;1700;+0200;2130;+0200;0;LH_5698-LH_3193
HAM;1325;+0200;1800;+0200;0;LH_1011-LH_20
HAM;1218;+0200;1655;+0200;0;AF_7192-AF_2310
HAM;0655;+0200;1135;+0200;0;LH_1025-LH_10
HAM;0830;+0200;1310;+0200;0;LH_1005-LH_12
HAM;1105;+0200;1545;+0200;0;LH_2285-LH_2072
HAM;1310;+0200;1750;+0200;0;AF_4345-AF_4340
HAM;1645;+0200;2125;+0200;0;LH_3359-LH_2831
HAM;1245;+0200;1730;+0200;0;LH_2287-LH_2086
HAM;1710;+0200;2155;+0200;0;BD_5377-BD_3375
HAM;0625;+0200;1115;+0200;0;KL_1720-KL_1779
HAM;1110;+0200;1615;+0200;0;LH_1009-LH_16
HAM;0645;+0200;1155;+0200;0;LH_2297-LH_2066
HAM;1440;+0200;1950;+0200;0;LH_1013-LH_24
HAM;1645;+0200;2155;+0200;0;LH_5596-LH_3395
HAM;1645;+0200;2155;+0200;0;BD_5435-BD_3295
HAM;1100;+0200;1615;+0200;0;LH_1009-LH_16
HAM;1440;+0200;1955;+0200;0;LH_1013-LH_24
HAM;1740;+0200;2255;+0200;0;LH_1015-LH_30
ZRH;1840;+0200;1950;+0200;0;SN_5111
ZRH;1840;+0200;1950;+0200;0;LX_783
ZRH;0705;+0200;0820;+0200;0;SQ_2971
ZRH;0705;+0200;0820;+0200;0;LX_771
ZRH;0705;+0200;0820;+0200;0;SN_5101
ZRH;0950;+0200;1105;+0200;0;LX_787
ZRH;0950;+0200;1105;+0200;0;SN_5103
ZRH;1100;+0200;1215;+0200;0;LX_779
ZRH;1100;+0200;1215;+0200;0;SN_5105
ZRH;1500;+0200;1615;+0200;0;SN_5107
ZRH;1955;+0200;2110;+0200;0;SN_5113
ZRH;1955;+0200;2110;+0200;0;LX_789
ZRH;1500;+0200;1620;+0200;0;LX_781
ZRH;0655;+0200;0935;+0200;0;LH_1025-LH_1186
ZRH;1645;+0200;1925;+0200;0;LH_3359-LH_5830
ZRH;1440;+0200;1730;+0200;0;LH_1013-LH_1196
ZRH;0655;+0200;0950;+0200;0;LH_1025-LH_5770
ZRH;1655;+0200;1950;+0200;0;LX_4165-LX_2815
ZRH;0830;+0200;1130;+0200;0;LH_1005-LH_5772
ZRH;1500;+0200;1800;+0200;0;LH_2289-LH_5786
ZRH;0840;+0200;1145;+0200;0;LH_3355-LH_5826
ZRH;1630;+0200;1940;+0200;0;LH_5579-LH_3146
ZRH;1830;+0200;2140;+0200;0;LH_1017-LH_5778
ZRH;0845;+0200;1200;+0200;0;LX_4153-LX_2809
ZRH;1715;+0200;2030;+0200;0;LH_2291-LH_2374
ZRH;1110;+0200;1440;+0200;0;LH_1009-LH_1192
ZRH;1610;+0200;1940;+0200;0;LH_5579-LH_3146
ZRH;0845;+0200;1220;+0200;0;LH_2283-LH_2368
ZRH;0920;+0200;1255;+0200;0;LH_1007-LH_1190
ZRH;1530;+0200;1905;+0200;0;LX_4157-LX_2817
ZRH;1100;+0200;1440;+0200;0;LH_1009-LH_1192
ZRH;1021;+0200;1415;+0200;0;AF_7184-AF_5104
ZRH;0645;+0200;1040;+0200;0;LH_2297-LH_5782
ZRH;1055;+0200;1450;+0200;0;LX_4161-LX_2811
ZRH;1105;+0200;1500;+0200;0;LH_2285-LH_5784
ZRH;1245;+0200;1640;+0200;0;LH_2287-LH_2370
ZRH;1440;+0200;1835;+0200;0;KL_1726-KL_1963
ZRH;1745;+0200;2140;+0200;0;OS_354-OS_567
ZRH;1740;+0200;2140;+0200;0;LH_1015-LH_5778
ZRH;1825;+0200;2225;+0200;0;KL_1732-KL_1969
ZRH;1618;+0200;2020;+0200;0;AF_7186-AF_5110
ZRH;0650;+0200;1055;+0200;0;LH_5561-LH_5836
ZRH;1325;+0200;1730;+0200;0;LH_1011-LH_1196
ZRH;1210;+0200;1620;+0200;0;BA_393-BA_716
ZRH;1705;+0200;2115;+0200;0;LH_5567-LH_5840
ZRH;1730;+0200;2140;+0200;0;SK_1594-SK_3507
ZRH;0710;+0200;1125;+0200;0;AF_7182-AF_5102
ZRH;0840;+0200;1255;+0200;0;LH_1005-LH_1190
ZRH;1110;+0200;1525;+0200;0;LH_1009-LH_5774
ZRH;1210;+0200;1625;+0200;0;AA_6399-AA_6354
ZRH;0705;+0200;1125;+0200;0;OS_8172-OS_8803
ZRH;1440;+0200;1900;+0200;0;LH_1013-LH_5776
ZRH;1530;+0200;1950;+0200;0;LX_4157-LX_2815
ZRH;1600;+0200;2020;+0200;0;OS_8174-OS_8807
ZRH;1655;+0200;2115;+0200;0;LH_5567-LH_5840
ZRH;0640;+0200;1105;+0200;0;LH_5692-LH_5902
ZRH;0640;+0200;1105;+0200;0;LX_4151-LX_2807
ZRH;0830;+0200;1255;+0200;0;LH_1005-LH_1190
ZRH;1100;+0200;1525;+0200;0;LH_1009-LH_5774
ZRH;1155;+0200;1620;+0200;0;LH_5573-LH_5838
ZRH;1715;+0200;2145;+0200;0;LH_2291-LH_5788
ZRH;1720;+0200;2150;+0200;0;JL_7704-JL_7731
ZRH;1720;+0200;2150;+0200;0;BA_397-BA_720
ZRH;0655;+0200;1130;+0200;0;LH_1025-LH_5772
ZRH;0700;+0200;1135;+0200;0;SK_2594-SK_3503
ZRH;1440;+0200;1915;+0200;0;LH_5696-LH_5908
ZRH;1500;+0200;1935;+0200;0;LH_2289-LH_2372
ZRH;1645;+0200;2120;+0200;0;BD_5435-BD_6787
ZRH;1700;+0200;2135;+0200;0;LH_5698-LH_5884
ZRH;1710;+0200;2145;+0200;0;BD_5377-BD_6801
ZRH;0625;+0200;1105;+0200;0;KL_1720-KL_1957
ZRH;0940;+0200;1420;+0200;0;LH_5581-LH_3144
ZRH;1440;+0200;1920;+0200;0;LH_1013-LH_1198
ZRH;1600;+0200;2040;+0200;0;OS_8174-OS_8807
ZRH;0935;+0200;1420;+0200;0;LH_5581-LH_3144
FRA;1325;+0200;1420;+0200;0;LH_1011
FRA;1440;+0200;1535;+0200;0;LH_1013
FRA;1740;+0200;1835;+0200;0;LH_1015
FRA;1830;+0200;1925;+0200;0;NH_6170
FRA;1830;+0200;1925;+0200;0;LH_1017
FRA;1920;+0200;2015;+0200;0;LH_1019
FRA;2045;+0200;2140;+0200;0;LH_1021
FRA;0655;+0200;0755;+0200;0;LH_1025
FRA;0830;+0200;0930;+0200;0;LH_1005
FRA;0920;+0200;1020;+0200;0;LH_1007
FRA;1110;+0200;1210;+0200;0;LH_1009
FRA;1445;+0200;1545;+0200;0;SN_7005
FRA;1830;+0200;1930;+0200;0;SN_7009
FRA;1920;+0200;2020;+0200;0;SN_7011
FRA;2035;+0200;2135;+0200;0;SN_7013
FRA;0650;+0200;0755;+0200;0;SN_7015
FRA;0840;+0200;0945;+0200;0;LH_1005
FRA;0840;+0200;0945;+0200;0;SN_7017
FRA;0925;+0200;1030;+0200;0;SN_7001
FRA;1100;+0200;1205;+0200;0;LH_1009
FRA;1100;+0200;1205;+0200;0;SN_7003
FRA;1645;+0200;1940;+0200;0;LH_3359-LH_137
FRA;1905;+0200;2205;+0200;0;LH_2293-LH_125
FRA;1610;+0200;1915;+0200;0;LH_5579-LH_23
FRA;1645;+0200;1950;+0200;0;LH_3359-LH_137
FRA;0705;+0200;1015;+0200;0;LX_771-LX_3600
FRA;0845;+0200;1155;+0200;0;LH_2283-LH_109
FRA;1440;+0200;1750;+0200;0;KL_1726-KL_1773
FRA;0950;+0200;1315;+0200;0;LH_5563-LH_185
FRA;0950;+0200;1315;+0200;0;BD_5321-BD_3585
FRA;1245;+0200;1610;+0200;0;LH_2287-LH_115
FRA;1540;+0200;1905;+0200;0;LH_5543-LH_59
FRA;1630;+0200;1955;+0200;0;LH_5579-LH_25
FRA;1505;+0200;1835;+0200;0;LH_5565-LH_193
FRA;1505;+0200;1835;+0200;0;BD_5325-BD_3573
FRA;0645;+0200;1020;+0200;0;LH_2297-LH_105
FRA;1430;+0200;1805;+0200;0;LH_5583-LH_21
FRA;1530;+0200;1905;+0200;0;BD_5279-BD_3103
FRA;1825;+0200;2200;+0200;0;KL_1732-KL_1775
FRA;0625;+0200;1005;+0200;0;KL_1720-KL_1765
FRA;0950;+0200;1330;+0200;0;LX_787-LX_1072
FRA;1025;+0200;1405;+0200;0;LH_5537-LH_273
FRA;1100;+0200;1440;+0200;0;LX_779-LX_3604
FRA;1125;+0200;1505;+0200;0;KL_1724-KL_1767
FRA;1105;+0200;1450;+0200;0;LH_2285-LH_113
FRA;1610;+0200;1955;+0200;0;LH_5579-LH_25
FRA;1745;+0200;2130;+0200;0;OS_354-OS_127
FRA;0840;+0200;1230;+0200;0;LH_3355-LH_133
FRA;0940;+0200;1330;+0200;0;LH_5581-LH_15
FRA;1705;+0200;2055;+0200;0;LH_5567-LH_199
FRA;1715;+0200;2105;+0200;0;LH_2291-LH_123
FRA;0640;+0200;1035;+0200;0;LH_5692-LH_247
FRA;0650;+0200;1045;+0200;0;LH_5561-LH_179
FRA;0935;+0200;1330;+0200;0;LH_5581-LH_15
FRA;0940;+0200;1335;+0200;0;LH_5581-LH_15
FRA;1155;+0200;1550;+0200;0;BD_5333-BD_3589
FRA;1155;+0200;1550;+0200;0;LH_5573-LH_189
FRA;1500;+0200;1855;+0200;0;LH_2289-LH_119
FRA;1525;+0200;1920;+0200;0;BA_395-BA_912
FRA;1600;+0200;1955;+0200;0;OS_8174-OS_7209
FRA;1710;+0200;2105;+0200;0;BD_5377-BD_3357
FRA;1715;+0200;2110;+0200;0;LH_2291-LH_123
FRA;1720;+0200;2115;+0200;0;QF_3394-QF_3487
FRA;1720;+0200;2115;+0200;0;BA_397-BA_914
FRA;0700;+0200;1100;+0200;0;SK_2594-SK_1637
FRA;0710;+0200;1110;+0200;0;AF_7182-AF_1618
FRA;0845;+0200;1245;+0200;0;LH_2283-LH_111
FRA;0935;+0200;1335;+0200;0;LH_5581-LH_15
FRA;1055;+0200;1455;+0200;0;BD_5275-BD_3115
FRA;1655;+0200;2055;+0200;0;LH_5567-LH_199
FRA;1655;+0200;2055;+0200;0;BD_5327-BD_3581
FRA;1200;+0200;1605;+0200;0;BD_5499-BD_3153
FRA;1630;+0200;2035;+0200;0;BD_5387-BD_2959
FRA;1630;+0200;2035;+0200;0;LH_5579-LH_27
FRA;0705;+0200;1115;+0200;0;LX_771-LX_3602
FRA;0825;+0200;1235;+0200;0;LX_761-LX_3912
FRA;1500;+0200;1910;+0200;0;LX_781-LX_3608
FRA;1630;+0200;2040;+0200;0;LH_5579-LH_27
FRA;1021;+0200;1435;+0200;0;AF_7184-AF_1918
FRA;1000;+0200;1415;+0200;0;LH_5594-LH_905
FRA;1000;+0200;1415;+0200;0;BD_5433-BD_3197
FRA;0645;+0200;1105;+0200;0;LH_2297-LH_107
FRA;0645;+0200;1105;+0200;0;AA_6423-AA_6350
FRA;1210;+0200;1630;+0200;0;AA_6399-AA_6462
FRA;1505;+0200;1925;+0200;0;LH_5565-LH_195
FRA;1530;+0200;1950;+0200;0;BD_5279-BD_3119
FRA;0645;+0200;1110;+0200;0;BA_389-BA_906
FRA;1210;+0200;1635;+0200;0;BA_393-BA_908
FRA;1555;+0200;2020;+0200;0;SN_2811-SN_7122
FRA;1610;+0200;2035;+0200;0;LH_5579-LH_27
FRA;1625;+0200;2050;+0200;0;LH_5539-LH_277
FRA;1655;+0200;2120;+0200;0;BD_5269-BD_3101
FRA;1655;+0200;2120;+0200;0;BD_5269-BD_3117
FRA;0640;+0200;1110;+0200;0;SN_2807-SN_7124
FRA;0715;+0200;1145;+0200;0;LH_5592-LH_901
FRA;0715;+0200;1145;+0200;0;BD_5431-BD_3211
FRA;1010;+0200;1440;+0200;0;OS_352-OS_123
FRA;1610;+0200;2040;+0200;0;LH_5579-LH_27
FRA;1705;+0200;2135;+0200;0;LH_5567-LH_201
FRA;1218;+0200;1650;+0200;0;AF_7192-AF_2118
FRA;0700;+0200;1135;+0200;0;SK_2594-SK_1637
FRA;0905;+0200;1340;+0200;0;JP_377-JP_148
FRA;1645;+0200;2120;+0200;0;LH_3359-LH_139
FRA;0650;+0200;1130;+0200;0;LO_5238-LO_5375
FRA;0650;+0200;1130;+0200;0;LH_5561-LH_181
FRA;1600;+0200;2040;+0200;0;BD_5493-BD_2987
FRA;1655;+0200;2135;+0200;0;LH_5567-LH_201
FRA;1655;+0200;2135;+0200;0;BD_5327-BD_3477
FRA;0650;+0200;1135;+0200;0;SN_2553-SN_7118
FRA;1325;+0200;1810;+0200;0;SK_1592-SK_8575
FRA;1430;+0200;1915;+0200;0;LH_5583-LH_23
FRA;1600;+0200;2045;+0200;0;OS_8174-OS_7207
FRA;1705;+0200;2150;+0200;0;LH_5567-LH_201
NTE;1320;+0200;1630;+0200;0;AF_5403-AF_5863
NTE;1021;+0200;1340;+0200;0;AF_7184-AF_7724
NTE;0635;+0200;1005;+0200;0;AF_5401-AF_5861
NTE;0710;+0200;1040;+0200;0;AF_7182-AF_7720
NTE;1755;+0200;2125;+0200;0;AF_5405-AF_5869
NTE;1825;+0200;2215;+0200;0;KL_1732-KL_2035
NTE;0625;+0200;1045;+0200;0;KL_1720-KL_2033
NTE;1125;+0200;1600;+0200;0;KL_1724-KL_2049
NTE;1320;+0200;1800;+0200;0;AF_5403-AF_5865
NTE;1218;+0200;1720;+0200;0;AF_7192-AF_7730
NTE;1310;+0200;1815;+0200;0;AF_4345-AF_5650
NTE;1618;+0200;2145;+0200;0;AF_7186-AF_7728
NTE;1618;+0200;2225;+0200;0;AF_7186-AF_7388
NTE;0710;+0200;1340;+0200;0;AF_7182-AF_7724
NTE;1320;+0200;2010;+0200;0;AF_5403-AF_5867
NTE;1021;+0200;1720;+0200;0;AF_7184-AF_7730
NTE;0710;+0200;1445;+0200;0;AF_7182-AF_7386
NTE;1440;+0200;2215;+0200;0;KL_1726-KL_2035
NTE;1500;+0200;2235;+0200;0;IB_3197-IB_8544
NTE;0820;+0200;1600;+0200;0;KL_1722-KL_2049
NTE;1320;+0200;2125;+0200;0;AF_5403-AF_5869
NTE;1310;+0200;2130;+0200;0;AF_4345-AF_5652
NTE;1310;+0200;2205;+0200;0;AF_4345-AF_7862
NTE;1125;+0200;1720;+0200;0;KL_1724-KL_2009-KL_2312
NTE;1021;+0200;1630;+0200;0;AF_7184-AF_7644-AF_5863
NTE;0710;+0200;1325;+0200;0;AF_7182-AF_7622-AF_3203
NTE;1021;+0200;1645;+0200;0;AF_7184-AF_7436-AF_3264
NTE;1021;+0200;1645;+0200;0;AF_7184-AF_5304-AF_3264
NTE;0710;+0200;1400;+0200;0;AF_7182-AF_7662-AF_5766
NTE;0635;+0200;1340;+0200;0;AF_5401-AF_7653-AF_7724
NTE;1440;+0200;2145;+0200;0;KL_1726-KL_1243-KL_2314
NTE;1440;+0200;2145;+0200;0;KL_1726-KL_1245-KL_2314
NTE;0625;+0200;1340;+0200;0;KL_1720-KL_2003-KL_2310
NTE;0625;+0200;1340;+0200;0;KL_1720-KL_1229-KL_2310
NTE;1218;+0200;1940;+0200;0;AF_7192-AF_6266-AF_3207
NTE;1218;+0200;1940;+0200;0;AF_7192-AF_7634-AF_3207
NTE;1021;+0200;1800;+0200;0;AF_7184-AF_7644-AF_5865
NTE;1021;+0200;1805;+0200;0;AF_7184-AF_7664-AF_5762
NTE;0930;+0200;1720;+0200;0;AZ_151-AZ_7900-AZ_3662
NTE;1218;+0200;2010;+0200;0;AF_7192-AF_7646-AF_5867
NTE;1021;+0200;1815;+0200;0;AF_7184-AF_6126-AF_5650
NTE;1021;+0200;1815;+0200;0;AF_7184-AF_7794-AF_5650
NTE;1021;+0200;1815;+0200;0;AF_7184-AF_6128-AF_5650
NTE;1021;+0200;1815;+0200;0;AF_7184-AF_6154-AF_5650
NTE;0635;+0200;1445;+0200;0;AF_5401-AF_7417-AF_7386
NTE;1320;+0200;2145;+0200;0;AF_5403-AF_7645-AF_7728
NTE;1310;+0200;2145;+0200;0;AF_4345-AF_7787-AF_7728
NTE;1310;+0200;2145;+0200;0;AF_4345-AF_6129-AF_7728
NTE;1310;+0200;2145;+0200;0;AF_4345-AF_6131-AF_7728
NTE;1310;+0200;2145;+0200;0;AF_4345-AF_7789-AF_7728
NTE;1218;+0200;2110;+0200;0;AF_7192-AF_7666-AF_7612
NTE;1218;+0200;2110;+0200;0;AF_7192-AF_6034-AF_7612
NTE;0820;+0200;1720;+0200;0;KL_1722-KL_2009-KL_2312
NTE;0820;+0200;1720;+0200;0;KL_1722-KL_1233-KL_2312
NTE;0820;+0200;1720;+0200;0;KL_1722-KL_2007-KL_2312
AMS;0625;+0200;0715;+0200;0;KL_1720
AMS;1125;+0200;1215;+0200;0;KL_1724
AMS;1440;+0200;1530;+0200;0;KL_1726
AMS;1825;+0200;1915;+0200;0;KL_1732
AMS;0820;+0200;0915;+0200;0;KL_1722
AMS;0718;+0200;0757;+0200;0;9B_9205
AMS;0800;+0200;0951;+0200;0;9B_9205
AMS;0818;+0200;0857;+0200;0;9B_9209
AMS;0900;+0200;1051;+0200;0;9B_9209
AMS;0918;+0200;0957;+0200;0;9B_9213
AMS;1000;+0200;1151;+0200;0;9B_9213
AMS;1018;+0200;1057;+0200;0;9B_9217
AMS;1100;+0200;1251;+0200;0;9B_9217
AMS;1118;+0200;1157;+0200;0;9B_9221
AMS;1200;+0200;1351;+0200;0;9B_9221
AMS;1218;+0200;1257;+0200;0;9B_9225
AMS;1300;+0200;1451;+0200;0;9B_9225
AMS;1318;+0200;1357;+0200;0;9B_9229
AMS;1400;+0200;1551;+0200;0;9B_9229
AMS;1418;+0200;1457;+0200;0;9B_9233
AMS;1500;+0200;1651;+0200;0;9B_9233
AMS;1518;+0200;1557;+0200;0;9B_9237
AMS;1600;+0200;1751;+0200;0;9B_9237
AMS;1618;+0200;1657;+0200;0;9B_9241
AMS;1700;+0200;1851;+0200;0;9B_9241
AMS;1718;+0200;1757;+0200;0;9B_9245
AMS;1800;+0200;1951;+0200;0;9B_9245
AMS;1818;+0200;1857;+0200;0;9B_9249
AMS;1900;+0200;2051;+0200;0;9B_9249
AMS;1918;+0200;1957;+0200;0;9B_9253
AMS;2000;+0200;2151;+0200;0;9B_9253
AMS;2018;+0200;2057;+0200;0;9B_9257
AMS;2100;+0200;2251;+0200;0;9B_9257
AMS;2118;+0200;2157;+0200;0;9B_9261
AMS;2200;+0200;2351;+0200;0;9B_9261
AMS;0618;+0200;0657;+0200;0;9B_9201
AMS;0700;+0200;0852;+0200;0;9B_9201
AMS;1920;+0200;2215;+0200;0;LH_1019-LH_1002
AMS;1110;+0200;1415;+0200;0;LH_1009-LH_992
AMS;0650;+0200;1000;+0200;0;UA_9355-UA_9161
AMS;1440;+0200;1750;+0200;0;LH_1013-LH_996
AMS;1630;+0200;1940;+0200;0;LH_5579-LH_3338
AMS;0655;+0200;1010;+0200;0;LH_1025-LH_988
AMS;0920;+0200;1235;+0200;0;LH_1007-LH_990
AMS;0920;+0200;1235;+0200;0;UA_8820-UA_9553
AMS;1100;+0200;1415;+0200;0;UA_8820-UA_9163
AMS;1100;+0200;1415;+0200;0;LH_1009-LH_992
AMS;1905;+0200;2220;+0200;0;TG_7855-TG_7852
AMS;0650;+0200;1010;+0200;0;UA_9355-UA_9161
AMS;1500;+0200;1830;+0200;0;LH_2289-LH_2308
AMS;1610;+0200;1940;+0200;0;LH_5579-LH_3338
AMS;1840;+0200;2210;+0200;0;LX_783-LX_736
AMS;1021;+0200;1400;+0200;0;AF_7184-AF_1740
AMS;0645;+0200;1030;+0200;0;LH_2297-LH_2302
AMS;1830;+0200;2215;+0200;0;LH_1017-LH_1002
AMS;0710;+0200;1100;+0200;0;AF_7182-AF_8228
AMS;0645;+0200;1040;+0200;0;BA_389-BA_430
AMS;0645;+0200;1040;+0200;0;AA_6423-AA_6502
AMS;0840;+0200;1235;+0200;0;UA_9570-UA_9553
AMS;0840;+0200;1235;+0200;0;LH_1005-LH_990
AMS;0700;+0200;1100;+0200;0;OK_635-OK_4626
AMS;0845;+0200;1245;+0200;0;LH_2283-LH_2304
AMS;1245;+0200;1645;+0200;0;LH_2287-LH_2306
AMS;1618;+0200;2020;+0200;0;AF_7186-AF_8240
AMS;0830;+0200;1235;+0200;0;LH_1005-LH_990
AMS;1500;+0200;1905;+0200;0;LX_781-LX_734
AMS;0955;+0200;1405;+0200;0;AA_6424-AA_6504
AMS;1745;+0200;2155;+0200;0;OS_354-OS_377
AMS;0955;+0200;1410;+0200;0;BA_391-BA_434
AMS;0950;+0200;1415;+0200;0;LX_787-LX_728
AMS;1325;+0200;1750;+0200;0;LH_1011-LH_996
AMS;0710;+0200;1140;+0200;0;AF_7182-AF_8230
AMS;1740;+0200;2215;+0200;0;LH_1015-LH_1002
AMS;0920;+0200;1405;+0200;0;UA_8820-UA_9163
AMS;1525;+0200;2010;+0200;0;AA_6428-AA_6452
AMS;1525;+0200;2010;+0200;0;BA_395-BA_442
SXB;1710;+0200;1805;+0200;0;SN_3661
SXB;1815;+0200;1910;+0200;0;SN_3661
SXB;0935;+0200;1035;+0200;0;SN_3653
SXB;0635;+0200;0930;+0200;0;AF_5401-AF_5784
SXB;1440;+0200;1740;+0200;0;KL_1726-KL_2045
SXB;1825;+0200;2125;+0200;0;KL_1732-KL_2047
SXB;1755;+0200;2100;+0200;0;AF_5405-AF_5782
SXB;0710;+0200;1040;+0200;0;AF_7182-AF_7760
SXB;1320;+0200;1650;+0200;0;AF_5403-AF_5780
SXB;1021;+0200;1410;+0200;0;AF_7184-AF_7762
SXB;0625;+0200;1035;+0200;0;KL_1720-KL_2043
SXB;1830;+0200;2300;+0200;0;LH_1017-LH_394
SXB;0840;+0200;1330;+0200;0;LH_1005-LH_388
SXB;1110;+0200;1600;+0200;0;LH_1009-LH_390
SXB;1920;+0200;0015;+0200;1;LH_1019-LH_396
SXB;0830;+0200;1330;+0200;0;LH_1005-LH_388
SXB;1100;+0200;1600;+0200;0;LH_1009-LH_390
SXB;1440;+0200;2000;+0200;0;LH_1013-LH_392
SXB;1740;+0200;2300;+0200;0;LH_1015-LH_394
SXB;1210;+0200;1735;+0200;0;IB_3203-IB_8654
SXB;1618;+0200;2155;+0200;0;AF_7186-AF_7770
SXB;1218;+0200;1800;+0200;0;AF_7192-AF_7766
SXB;1830;+0200;0015;+0200;1;LH_1017-LH_396
SXB;1125;+0200;1740;+0200;0;KL_1724-KL_2045
SXB;1218;+0200;1850;+0200;0;AF_7192-AF_7310
SXB;1021;+0200;1655;+0200;0;AF_7184-AF_7308
SXB;0655;+0200;1330;+0200;0;LH_1025-LH_388
SXB;1325;+0200;2000;+0200;0;LH_1011-LH_392
SXB;1740;+0200;0015;+0200;1;LH_1015-LH_396
SXB;0710;+0200;1350;+0200;0;AF_7182-AF_7306
SXB;0920;+0200;1600;+0200;0;LH_1007-LH_390
SXB;1440;+0200;2125;+0200;0;KL_1726-KL_2047
SXB;0710;+0200;1410;+0200;0;AF_7182-AF_7762
SXB;1310;+0200;1850;+0200;0;AF_4345-AF_6129-AF_7310
SXB;1021;+0200;1650;+0200;0;AF_7184-AF_7644-AF_5780
SXB;1610;+0200;2300;+0200;0;LH_5579-LH_23-LH_394
DUS;0840;+0200;1115;+0200;0;LH_3355-LH_2753
DUS;1125;+0200;1400;+0200;0;KL_1724-KL_1857
DUS;0655;+0200;0935;+0200;0;LH_1025-LH_74
DUS;0830;+0200;1110;+0200;0;LH_1005-LH_76
DUS;1440;+0200;1725;+0200;0;LH_1013-LH_82
DUS;1110;+0200;1400;+0200;0;LH_1009-LH_78
DUS;1740;+0200;2035;+0200;0;LH_1015-LH_86
DUS;1905;+0200;2200;+0200;0;TG_7855-TG_7832
DUS;1100;+0200;1400;+0200;0;LH_1009-LH_78
DUS;1245;+0200;1545;+0200;0;LH_2287-LH_2012
DUS;1440;+0200;1740;+0200;0;KL_1726-KL_1861
DUS;1920;+0200;2220;+0200;0;LH_1019-LH_88
DUS;0705;+0200;1020;+0200;0;LX_771-LX_3634
DUS;1155;+0200;1510;+0200;0;LH_5573-LH_2737
DUS;1155;+0200;1510;+0200;0;BD_5333-BD_3487
DUS;1105;+0200;1425;+0200;0;LH_2285-LH_2010
DUS;1430;+0200;1750;+0200;0;BD_5395-BD_2973
DUS;1430;+0200;1750;+0200;0;LH_5583-LH_2715
DUS;1500;+0200;1820;+0200;0;LH_2289-LH_2016
DUS;1630;+0200;1950;+0200;0;LH_5579-LH_2717
DUS;0635;+0200;1000;+0200;0;AF_5401-AF_5876
DUS;0820;+0200;1145;+0200;0;KL_1722-KL_1855
DUS;0845;+0200;1210;+0200;0;LH_2283-LH_2008
DUS;1755;+0200;2120;+0200;0;AF_5405-AF_5878
DUS;1840;+0200;2205;+0200;0;LX_783-LX_1028
DUS;0645;+0200;1015;+0200;0;LH_2297-LH_2004
DUS;0940;+0200;1310;+0200;0;LH_5581-LH_2711
DUS;1320;+0200;1650;+0200;0;AF_5403-AF_5874
DUS;0935;+0200;1310;+0200;0;BD_5287-BD_3601
DUS;0935;+0200;1310;+0200;0;LH_5581-LH_2711
DUS;1505;+0200;1840;+0200;0;LH_5565-LH_2741
DUS;1210;+0200;1550;+0200;0;AA_6399-AA_6514
DUS;1210;+0200;1550;+0200;0;BA_393-BA_940
DUS;1610;+0200;1950;+0200;0;LH_5579-LH_2717
DUS;1715;+0200;2055;+0200;0;LH_2291-LH_2022
DUS;1021;+0200;1405;+0200;0;AF_7184-AF_1906
DUS;1525;+0200;1910;+0200;0;BA_395-BA_944
DUS;1525;+0200;1910;+0200;0;AA_6428-AA_6450
DUS;1905;+0200;2250;+0200;0;LH_2293-LH_2026
DUS;0640;+0200;1030;+0200;0;LH_5692-LH_3177
DUS;0710;+0200;1100;+0200;0;AF_7182-AF_1606
DUS;1440;+0200;1830;+0200;0;LH_1013-LH_84
DUS;1830;+0200;2220;+0200;0;LH_1017-LH_88
DUS;0705;+0200;1100;+0200;0;OS_8172-OS_7251
DUS;1525;+0200;1920;+0200;0;AA_6428-AA_6450
DUS;1745;+0200;2140;+0200;0;OS_354-OS_7247
DUS;0950;+0200;1350;+0200;0;LX_787-LX_1018
DUS;1325;+0200;1725;+0200;0;LH_1011-LH_82
DUS;1435;+0200;1835;+0200;0;BA_8228-BA_8203
DUS;1535;+0200;1935;+0200;0;BD_5289-BD_3603
DUS;1720;+0200;2120;+0200;0;JL_7704-JL_7701
DUS;1720;+0200;2120;+0200;0;BA_397-BA_946
DUS;1825;+0200;2225;+0200;0;KL_1732-KL_1863
DUS;1245;+0200;1650;+0200;0;LH_2287-LH_2014
DUS;1500;+0200;1905;+0200;0;LX_781-LX_1026
DUS;1535;+0200;1940;+0200;0;BD_5289-BD_3603
DUS;0655;+0200;1110;+0200;0;LH_1025-LH_76
DUS;1218;+0200;1635;+0200;0;AF_7192-AF_2206
DUS;0935;+0200;1355;+0200;0;BD_5287-BD_3601
DUS;1155;+0200;1615;+0200;0;BD_5333-BD_3495
DUS;1155;+0200;1615;+0200;0;LH_5573-LH_2739
DUS;1745;+0200;2205;+0200;0;OS_354-OS_7247
DUS;0650;+0200;1115;+0200;0;LH_5561-LH_2733
DUS;1730;+0200;2200;+0200;0;SK_1594-SK_629
DUS;1000;+0200;1435;+0200;0;BD_5433-BD_3243
DUS;1000;+0200;1435;+0200;0;LH_5594-LH_3383
DUS;1500;+0200;1935;+0200;0;LH_2289-LH_2018
DUS;1645;+0200;2120;+0200;0;LH_3359-LH_2759
DUS;0725;+0200;1205;+0200;0;BA_389-BA_938
DUS;0725;+0200;1205;+0200;0;QF_3390-QF_3445
DUS;0920;+0200;1400;+0200;0;LH_1007-LH_78
DUS;1105;+0200;1545;+0200;0;LH_2285-LH_2012
DUS;1505;+0200;1945;+0200;0;LH_5565-LH_2743
DUS;1505;+0200;1945;+0200;0;BD_5325-BD_3503
DUS;1700;+0200;2140;+0200;0;LH_5698-LH_3185
DUS;1740;+0200;2220;+0200;0;LH_1015-LH_88
DUS;1040;+0200;1525;+0200;0;SK_594-SK_1621
DUS;1705;+0200;2150;+0200;0;LH_5567-LH_2745
DUS;1715;+0200;2200;+0200;0;LH_2291-LH_2024