LON;0720;+0200;0810;+0100;0;BA_8466
LON;1645;+0200;1735;+0100;0;BA_8468
LON;1400;+0200;1455;+0100;0;AA_6535
LON;1455;+0200;1550;+0100;0;BD_3705
LON;1455;+0200;1550;+0100;0;UA_6933
LON;1455;+0200;1550;+0100;0;SK_505
LON;1630;+0200;1725;+0100;0;AA_6370
LON;1815;+0200;1910;+0100;0;BD_3709
LON;1815;+0200;1910;+0100;0;SK_1507
LON;2000;+0200;2055;+0100;0;BA_821
LON;2010;+0200;2105;+0100;0;SK_1501
LON;2010;+0200;2105;+0100;0;BD_3711
LON;1030;+0200;1130;+0100;0;AA_6387
LON;1100;+0200;1200;+0100;0;BA_813
LON;1400;+0200;1500;+0100;0;AA_6535
LON;1400;+0200;1500;+0100;0;BA_815
LON;1555;+0200;1655;+0100;0;SK_1517
LON;1555;+0200;1655;+0100;0;BD_3715
LON;1630;+0200;1730;+0100;0;AA_6370
LON;1630;+0200;1730;+0100;0;BA_817
LON;1630;+0200;1730;+0100;0;JL_7718
LON;1805;+0200;1905;+0100;0;BA_819
LON;1805;+0200;1905;+0100;0;QF_3438
LON;0745;+0200;0850;+0100;0;BD_3701
LON;0745;+0200;0850;+0100;0;UA_6935
LON;0745;+0200;0850;+0100;0;SK_501
LON;1200;+0200;1305;+0100;0;BD_3703
LON;1200;+0200;1305;+0100;0;SK_503
LON;1200;+0200;1305;+0100;0;UA_6937
LON;1200;+0200;1305;+0100;0;TG_6222
LON;0750;+0200;0900;+0100;0;AA_6532
LON;0755;+0200;0905;+0100;0;BA_811
LON;0755;+0200;0905;+0100;0;QF_3430
LON;1835;+0200;2045;+0100;0;QI_739-QI_195
LON;1910;+0200;2135;+0100;0;BD_5464-BD_5437
LON;1900;+0200;2135;+0100;0;SN_2264-SN_2103
LON;0635;+0200;0915;+0100;0;SN_2268-SN_2093
LON;1425;+0200;1710;+0100;0;KL_1130-KL_1029
LON;1620;+0200;1905;+0100;0;BD_3910-BD_552
LON;1925;+0200;2215;+0100;0;LH_6039-LH_6494
LON;0810;+0200;1105;+0100;0;SK_1870-SK_4629
LON;0600;+0200;0900;+0100;0;LH_833-LH_902
LON;0600;+0200;0900;+0100;0;KL_1124-KL_1007
LON;0600;+0200;0900;+0100;0;BD_3417-BD_3214
LON;1405;+0200;1705;+0100;0;LH_6213-LH_3384
LON;1450;+0200;1750;+0100;0;LH_6265-LH_916
LON;1525;+0200;1825;+0100;0;AF_2351-AF_1080
LON;0600;+0200;0910;+0100;0;LH_833-LH_896
LON;1020;+0200;1330;+0100;0;BD_3423-BD_3218
LON;1020;+0200;1330;+0100;0;LH_823-LH_906
LON;1425;+0200;1735;+0100;0;KL_1130-KL_1023
LON;1440;+0200;1750;+0100;0;LX_1271-LX_466
LON;1100;+0200;1415;+0100;0;LH_6247-LH_2476
LON;1735;+0200;2050;+0100;0;KL_1132-KL_1033
LON;1650;+0200;2010;+0100;0;LH_2445-LH_2482
LON;0810;+0200;1135;+0100;0;LH_6211-LH_3382
LON;1020;+0200;1345;+0100;0;AF_1751-AF_2280
LON;1300;+0200;1625;+0100;0;AF_2051-AF_2580
LON;1330;+0200;1655;+0100;0;BD_5458-BD_5435
LON;1330;+0200;1655;+0100;0;SN_2258-SN_2101
LON;1715;+0200;2040;+0100;0;LX_4715-LX_440
LON;1740;+0200;2105;+0100;0;LX_4705-LX_462
LON;1810;+0200;2135;+0100;0;BD_3727-BD_5437
LON;1810;+0200;2135;+0100;0;SK_1470-SK_815
LON;0645;+0200;1015;+0100;0;LH_6259-LH_2472
LON;0655;+0200;1025;+0100;0;AF_1351-AF_1980
LON;0920;+0200;1250;+0100;0;SK_1418-SK_531
LON;1145;+0200;1515;+0100;0;KL_1128-KL_1019
LON;1255;+0200;1625;+0100;0;LH_2443-LH_2478
LON;1330;+0200;1700;+0100;0;SN_2258-SN_2095
LON;1410;+0200;1740;+0100;0;BD_3966-BD_3825
LON;1410;+0200;1740;+0100;0;SK_438-SK_515
LON;1740;+0200;2110;+0100;0;LX_4705-LX_340
LON;0655;+0200;1030;+0100;0;AF_1351-AF_1980
LON;1010;+0200;1345;+0100;0;AF_1751-AF_2280
LON;1015;+0200;1350;+0100;0;KL_1126-KL_1017
LON;1415;+0200;1750;+0100;0;BD_3738-BD_3853
LON;1415;+0200;1750;+0100;0;SK_1422-SK_1523
LON;1745;+0200;2120;+0100;0;OS_304-OS_8929
LON;0635;+0200;1015;+0100;0;BD_5454-BD_5433
LON;0635;+0200;1015;+0100;0;SN_2268-SN_2093
LON;0700;+0200;1040;+0100;0;LH_6219-LH_904
LON;1615;+0200;1955;+0100;0;SK_1424-SK_533
LON;1615;+0200;1955;+0100;0;BD_3742-BD_3849
LON;1645;+0200;2025;+0100;0;LH_829-LH_920
LON;1645;+0200;2025;+0100;0;BD_3419-BD_3192
LON;1720;+0200;2100;+0100;0;LX_1291-LX_4428
LON;1310;+0200;1655;+0100;0;SN_2258-SN_2101
LON;0815;+0200;1205;+0100;0;SK_1462-SK_805
LON;0835;+0200;1225;+0100;0;LH_2441-LH_2474
LON;1310;+0200;1700;+0100;0;SN_2258-SN_2095
LON;1450;+0200;1840;+0100;0;LH_6265-LH_936
LON;1500;+0200;1850;+0100;0;SK_1521-SK_9751
LON;1525;+0200;1920;+0100;0;AF_2351-AF_1180
LON;0800;+0200;1200;+0100;0;LH_6035-LH_6482
LON;1020;+0200;1420;+0100;0;LH_823-LH_908
LON;1020;+0200;1420;+0100;0;BD_3423-BD_3208
LON;1450;+0200;1850;+0100;0;LH_6265-LH_918
LON;1715;+0200;2115;+0100;0;LX_4715-LX_358
LON;0925;+0200;1330;+0100;0;LH_6221-LH_906
LON;1730;+0200;2135;+0100;0;SK_462-SK_815
LON;1730;+0200;2135;+0100;0;BD_3874-BD_3775
LON;0800;+0200;1210;+0100;0;LX_4701-LX_456
LON;1415;+0200;1830;+0100;0;SK_1458-SK_811
LON;1415;+0200;1830;+0100;0;BD_3876-BD_3781
LON;0805;+0200;1225;+0100;0;BT_132-BT_651
LON;1705;+0200;2125;+0100;0;LH_6071-LH_6616
LON;1010;+0200;1435;+0100;0;OS_302-OS_461
LON;1145;+0200;1610;+0100;0;KL_1128-KL_1021
LON;1655;+0200;2120;+0100;0;LH_6215-LH_3388
LON;1145;+0200;1615;+0100;0;KL_1128-KL_1025
LON;1155;+0200;1625;+0100;0;SK_1456-SK_809
LON;1415;+0200;1845;+0100;0;LH_6069-LH_3394
LON;1440;+0200;1910;+0100;0;LH_6257-LH_2496
LON;1525;+0200;1955;+0100;0;SK_408-SK_533
LON;1525;+0200;1955;+0100;0;BD_3746-BD_3849
LON;1740;+0200;2210;+0100;0;LH_6225-LH_922
LON;1155;+0200;1630;+0100;0;SK_1456-SK_809
LON;1155;+0200;1630;+0100;0;BD_3866-BD_3789
LON;1440;+0200;1915;+0100;0;LX_1271-LX_454
LON;1700;+0200;2135;+0100;0;BD_5460-BD_5437
LON;1700;+0200;2135;+0100;0;SN_2260-SN_2103
LON;0600;+0200;1040;+0100;0;LH_833-LH_904
LON;0600;+0200;1040;+0100;0;BD_3417-BD_3216
LON;0810;+0200;1250;+0100;0;UA_6897-UA_6965
LON;0810;+0200;1250;+0100;0;SK_1416-SK_531
LON;1410;+0200;1850;+0100;0;BD_3762-BD_3807
LON;1410;+0200;1850;+0100;0;SK_1872-SK_4627
LON;1440;+0200;1920;+0100;0;LH_6257-LH_2480
LON;0600;+0200;1045;+0100;0;KL_1124-KL_1009
LON;0720;+0200;1205;+0100;0;SK_454-SK_805
LON;1440;+0200;1925;+0100;0;LX_1271-LX_338
BCN;1445;+0200;1730;+0200;0;JK_34
BCN;1445;+0200;1730;+0200;0;SK_9974
BCN;1500;+0200;1745;+0200;0;IB_5625
BCN;1500;+0200;1745;+0200;0;VY_1872
BCN;0710;+0200;1000;+0200;0;SK_9964
BCN;0710;+0200;1000;+0200;0;JK_38
BCN;0705;+0200;1120;+0200;0;AB_8093-AB_8792
BCN;1100;+0200;1515;+0200;0;LH_6247-LH_6722
BCN;1905;+0200;2320;+0200;0;OK_509-OK_690
BCN;0700;+0200;1120;+0200;0;AB_8093-AB_8792
BCN;0940;+0200;1400;+0200;0;LX_1267-LX_1954
BCN;1010;+0200;1435;+0200;0;AF_1751-AF_1648
BCN;1255;+0200;1720;+0200;0;LH_2443-LH_1814
BCN;1300;+0200;1725;+0200;0;AF_2051-AF_1948
BCN;1440;+0200;1905;+0200;0;LX_1271-LX_1956
BCN;0645;+0200;1115;+0200;0;LH_6259-LH_1810
BCN;1650;+0200;2120;+0200;0;LH_2445-LH_1816
BCN;1905;+0200;2340;+0200;0;KE_7630-KE_7671
BCN;0700;+0200;1140;+0200;0;LH_6219-LH_1126
BCN;0700;+0200;1145;+0200;0;LH_6219-LH_1126
BCN;0835;+0200;1320;+0200;0;LH_2441-LH_1812
BCN;1450;+0200;1935;+0200;0;LH_6265-LH_1134
BCN;1015;+0200;1505;+0200;0;KL_1126-KL_1673
BCN;1740;+0200;2230;+0200;0;LX_4705-LX_1950
BCN;1020;+0200;1515;+0200;0;LH_823-LH_1128
BCN;1020;+0200;1515;+0200;0;UA_9029-UA_8719
BCN;1745;+0200;2240;+0200;0;OS_304-OS_395
BCN;1810;+0200;2305;+0200;0;BD_3727-BD_5307
BCN;0720;+0200;1220;+0200;0;BA_8466-BA_8471
BCN;1425;+0200;1925;+0200;0;KL_1130-KL_1677
BCN;1630;+0200;2130;+0200;0;AA_6370-AA_6294
BCN;0720;+0200;1225;+0200;0;SK_454-SK_4685
BCN;1405;+0200;1915;+0200;0;LH_6213-LH_3304
BCN;1735;+0200;2245;+0200;0;KL_1132-KL_1681
BCN;0635;+0200;1155;+0200;0;UA_9912-UA_9971
BCN;0635;+0200;1155;+0200;0;SN_2268-SN_3701
BCN;1145;+0200;1705;+0200;0;KL_1128-KL_1675
BCN;1525;+0200;2045;+0200;0;AF_2351-AF_2148
BCN;1525;+0200;2045;+0200;0;JL_5310-JL_5317
BCN;1805;+0200;2325;+0200;0;LH_6261-LH_1818
BCN;1400;+0200;1925;+0200;0;AA_6535-AA_6297
BCN;1740;+0200;2305;+0200;0;LH_6225-LH_1138
BCN;0605;+0200;1140;+0200;0;UA_9265-UA_9360
BCN;0715;+0200;1250;+0200;0;OS_308-OS_397
BCN;0600;+0200;1140;+0200;0;LH_833-LH_1126
BCN;0600;+0200;1140;+0200;0;UA_9265-UA_9360
BCN;0900;+0200;1440;+0200;0;SN_2256-SN_3703
BCN;0900;+0200;1440;+0200;0;BD_5456-BD_5303
BCN;0900;+0200;1440;+0200;0;UA_9910-UA_9971
BCN;1535;+0200;2115;+0200;0;JK_26-JK_454
BCN;1535;+0200;2115;+0200;0;SK_9926-SK_9896
BCN;0600;+0200;1145;+0200;0;LH_833-LH_1126
BCN;0600;+0200;1145;+0200;0;BD_3417-BD_3450
BCN;0850;+0200;1440;+0200;0;SN_2256-SN_3703
BCN;0850;+0200;1440;+0200;0;UA_9910-UA_9971
BCN;0925;+0200;1515;+0200;0;LH_6221-LH_1128
BCN;0925;+0200;1515;+0200;0;UA_9029-UA_8719
BCN;1400;+0200;1950;+0200;0;BA_815-BA_486
BCN;0635;+0200;1230;+0200;0;UA_9912-UA_9971
BCN;1400;+0200;1955;+0200;0;AA_6535-AA_6748
BCN;0800;+0200;1400;+0200;0;LX_4701-LX_1954
BCN;0855;+0200;1500;+0200;0;JK_9000-JK_7555
BCN;1700;+0200;2305;+0200;0;BD_5460-BD_5307
BCN;1700;+0200;2305;+0200;0;SN_2260-SN_3707
BCN;0600;+0200;1215;+0200;0;KL_1124-KL_1671
BCN;0820;+0200;1435;+0200;0;LO_5452-LO_437
BCN;1100;+0200;1720;+0200;0;LH_6247-LH_1814
BCN;1645;+0200;2305;+0200;0;BD_3419-BD_3448
BCN;1645;+0200;2305;+0200;0;LH_829-LH_1138
BCN;0755;+0200;1420;+0200;0;BA_811-BA_474
BCN;1300;+0200;1930;+0200;0;AF_2051-AF_2048
BCN;0645;+0200;1320;+0200;0;LH_6259-LH_1812
BCN;0750;+0200;1425;+0200;0;AA_6532-AA_6287
BCN;1525;+0200;2200;+0200;0;AF_2351-AF_2348
BCN;1650;+0200;2325;+0200;0;LH_2445-LH_1818
BCN;0835;+0200;1515;+0200;0;LH_2441-LH_6722
BCN;1440;+0200;2120;+0200;0;LH_6257-LH_1816
BCN;1540;+0200;2225;+0200;0;IB_3309-IB_2790
BCN;0655;+0200;1345;+0200;0;AF_1351-AF_1230
BCN;0850;+0200;1540;+0200;0;AB_8017-AB_8010
BCN;1015;+0200;1705;+0200;0;KL_1126-KL_1675
BCN;1155;+0200;1850;+0200;0;SK_1420-SK_9918
BCN;1325;+0200;2020;+0200;0;AY_666-AY_3505
BCN;1330;+0200;2025;+0200;0;BD_5458-BD_5305
BCN;1330;+0200;2025;+0200;0;SN_2258-SN_3705
BCN;0720;+0200;1420;+0200;0;BA_8466-BA_474
BCN;0855;+0200;1555;+0200;0;JK_9000-JK_7553
BCN;0830;+0200;1535;+0200;0;TP_753-TP_1042
BCN;0835;+0200;1540;+0200;0;AB_8017-AB_8010
BCN;1020;+0200;1725;+0200;0;AF_1751-AF_1948
BCN;1330;+0200;2035;+0200;0;SN_2258-SN_3705
BCN;0820;+0200;1530;+0200;0;LH_6239-LH_6774
BCN;0900;+0200;1610;+0200;0;SN_2256-SN_3703
BCN;1010;+0200;1725;+0200;0;AF_1751-AF_1948
BCN;1310;+0200;2025;+0200;0;SN_2258-SN_3705
BCN;0850;+0200;1610;+0200;0;SN_2256-SN_3703
BCN;1310;+0200;2035;+0200;0;SN_2258-SN_3705
BCN;1400;+0200;2125;+0200;0;BA_815-BA_482
BCN;1100;+0200;1830;+0200;0;BA_813-BA_480
BCN;1400;+0200;2130;+0200;0;AA_6535-AA_6294
BCN;0655;+0200;1435;+0200;0;AF_1351-AF_1648
BCN;1145;+0200;1925;+0200;0;KL_1128-KL_1677
BCN;1020;+0200;1805;+0200;0;BD_3423-BD_3452
BCN;1020;+0200;1805;+0200;0;LH_823-LH_1132
BCN;1300;+0200;2045;+0200;0;AF_2051-AF_2148
BCN;1440;+0200;2230;+0200;0;LX_1271-LX_1950
BCN;1120;+0200;1915;+0200;0;LH_6041-LH_3304
BCN;1030;+0200;1830;+0200;0;AA_6387-AA_6292
BCN;1540;+0200;2340;+0200;0;IB_3309-IB_2728
PAR;1520;+0200;1715;+0200;0;UA_6915
PAR;1520;+0200;1715;+0200;0;SK_559
PAR;1740;+0200;1935;+0200;0;SK_567
PAR;0655;+0200;0855;+0200;0;AF_1351
PAR;0655;+0200;0855;+0200;0;JL_5702
PAR;0820;+0200;1020;+0200;0;UA_6911
PAR;0820;+0200;1020;+0200;0;SK_565
PAR;1010;+0200;1210;+0200;0;AF_1751
PAR;1020;+0200;1220;+0200;0;AF_1751
PAR;1300;+0200;1500;+0200;0;AF_2051
PAR;1525;+0200;1725;+0200;0;JL_5310
PAR;1525;+0200;1725;+0200;0;AF_2351
PAR;1805;+0200;2005;+0200;0;AF_1051
PAR;1215;+0200;1525;+0200;0;LH_6055-LH_3230
PAR;1145;+0200;1510;+0200;0;KL_1128-KL_2009
PAR;1450;+0200;1815;+0200;0;LH_6265-LH_1042
PAR;1015;+0200;1345;+0200;0;KL_1126-KL_1233
PAR;1425;+0200;1810;+0200;0;KL_1130-KL_1243
PAR;0605;+0200;0955;+0200;0;UA_9265-UA_8922
PAR;0925;+0200;1315;+0200;0;LH_6221-LH_1034
PAR;0925;+0200;1315;+0200;0;UA_9029-UA_9031
PAR;1440;+0200;1830;+0200;0;LH_6257-LH_2236
PAR;1650;+0200;2040;+0200;0;LH_2445-LH_2238
PAR;0600;+0200;0955;+0200;0;LH_833-LH_1028
PAR;0600;+0200;0955;+0200;0;UA_9265-UA_8922
PAR;0700;+0200;1055;+0200;0;LH_6219-LH_1030
PAR;0810;+0200;1210;+0200;0;LH_6211-LH_3220
PAR;1740;+0200;2140;+0200;0;LH_6225-LH_1050
PAR;1740;+0200;2140;+0200;0;LX_4705-LX_646
PAR;0635;+0200;1045;+0200;0;UA_9912-UA_9965
PAR;0635;+0200;1045;+0200;0;SN_2268-SN_3633
PAR;0940;+0200;1350;+0200;0;LX_1267-LX_638
PAR;1415;+0200;1825;+0200;0;LH_6069-LH_3232
PAR;1255;+0200;1715;+0200;0;LH_2443-LH_2234
PAR;1020;+0200;1445;+0200;0;UA_9029-UA_8994
PAR;1030;+0200;1455;+0200;0;AA_6387-AA_6229
PAR;1415;+0200;1840;+0200;0;SK_1422-SK_579
PAR;1735;+0200;2200;+0200;0;KL_1132-KL_2023
PAR;1805;+0200;2230;+0200;0;BA_819-BA_326
PAR;1020;+0200;1450;+0200;0;LH_823-LH_1036
PAR;1020;+0200;1450;+0200;0;UA_9029-UA_8994
PAR;1805;+0200;2235;+0200;0;LH_6261-LH_2240
PAR;1400;+0200;1835;+0200;0;AA_6535-AA_6509
PAR;1400;+0200;1835;+0200;0;BA_815-BA_336
PAR;1745;+0200;2220;+0200;0;OS_304-OS_7117
PAR;0605;+0200;1045;+0200;0;UA_9265-UA_9357
PAR;0635;+0200;1115;+0200;0;SN_2268-SN_3633
PAR;0635;+0200;1115;+0200;0;UA_9912-UA_9965
PAR;1630;+0200;2110;+0200;0;AA_6370-AA_6357
PAR;1630;+0200;2110;+0200;0;BA_817-BA_324
PAR;1655;+0200;2135;+0200;0;LH_6215-LH_3226
PAR;0600;+0200;1045;+0200;0;KL_1124-KL_2003
PAR;0600;+0200;1045;+0200;0;UA_9265-UA_9357
PAR;1010;+0200;1500;+0200;0;OS_302-OS_415
PAR;1145;+0200;1635;+0200;0;KL_1128-KL_2013
PAR;1425;+0200;1915;+0200;0;KL_1130-KL_1245
PAR;1440;+0200;1930;+0200;0;LX_1271-LX_644
PAR;1450;+0200;1940;+0200;0;LH_6265-LH_1046
PAR;0600;+0200;1055;+0200;0;LH_833-LH_1030
PAR;0715;+0200;1210;+0200;0;OS_308-OS_7111
PAR;1015;+0200;1510;+0200;0;KL_1126-KL_2009
PAR;1400;+0200;1855;+0200;0;AA_6535-AA_6509
PAR;1645;+0200;2140;+0200;0;LH_829-LH_1050
PAR;0810;+0200;1310;+0200;0;SK_1416-SK_571
PAR;0815;+0200;1315;+0200;0;SK_1462-SK_837
PAR;1100;+0200;1600;+0200;0;BA_813-BA_314
PAR;1530;+0200;2030;+0200;0;AB_8951-AB_8156
PAR;0755;+0200;1300;+0200;0;BA_811-BA_308
PAR;0755;+0200;1300;+0200;0;QF_3430-QF_3413
PAR;1405;+0200;1910;+0200;0;LH_6213-LH_3224
PAR;1410;+0200;1915;+0200;0;LH_6037-LH_3244
PAR;1630;+0200;2135;+0200;0;BA_817-BA_338
PAR;1630;+0200;2135;+0200;0;AA_6370-AA_6231
PAR;1740;+0200;2245;+0200;0;LH_6225-LH_1052
PAR;0750;+0200;1300;+0200;0;AA_6532-AA_6552
PAR;0805;+0200;1320;+0200;0;BT_132-BT_691
PAR;1415;+0200;1930;+0200;0;SK_1458-SK_839
ROM;1600;+0200;1830;+0200;0;QI_363
ROM;1115;+0200;1350;+0200;0;SK_681
ROM;0705;+0200;1100;+0200;0;AB_8093-AB_8270
ROM;0700;+0200;1100;+0200;0;AB_8093-AB_8270
ROM;0845;+0200;1250;+0200;0;AB_8217-AB_8840
ROM;0835;+0200;1250;+0200;0;AB_8217-AB_8840
ROM;1650;+0200;2105;+0200;0;LH_2445-LH_1850
ROM;0645;+0200;1105;+0200;0;LH_6259-LH_1842
ROM;0940;+0200;1405;+0200;0;LX_1267-LX_1736
ROM;1440;+0200;1905;+0200;0;LX_1271-LX_1732
ROM;1930;+0200;2355;+0200;0;LH_831-LH_242
ROM;0835;+0200;1305;+0200;0;LH_2441-LH_1844
ROM;1740;+0200;2210;+0200;0;LX_4705-LX_1734
ROM;0905;+0200;1340;+0200;0;OK_505-OK_724
ROM;1120;+0200;1555;+0200;0;BD_3731-BD_5353
ROM;1425;+0200;1900;+0200;0;KL_1130-KL_1607
ROM;1425;+0200;1900;+0200;0;AZ_5106-AZ_7715
ROM;0925;+0200;1405;+0200;0;LH_6221-LH_234
ROM;0925;+0200;1405;+0200;0;UA_9029-UA_8746
ROM;1145;+0200;1625;+0200;0;AZ_2915-AZ_7729
ROM;1145;+0200;1625;+0200;0;KL_1128-KL_1603
ROM;1810;+0200;2250;+0200;0;BD_3727-BD_5357
ROM;0655;+0200;1150;+0200;0;AF_1351-AF_1504
ROM;0805;+0200;1300;+0200;0;BT_132-BT_631
ROM;1015;+0200;1510;+0200;0;KL_1126-KL_3401
ROM;1015;+0200;1510;+0200;0;AZ_2913-AZ_107
ROM;1735;+0200;2230;+0200;0;AZ_2919-AZ_7717
ROM;1735;+0200;2230;+0200;0;KL_1132-KL_1609
ROM;0845;+0200;1345;+0200;0;AB_8217-AB_8840
ROM;1425;+0200;1925;+0200;0;AZ_5106-AZ_109
ROM;1425;+0200;1925;+0200;0;KL_1130-KL_3403
ROM;0705;+0200;1215;+0200;0;AB_8093-AB_8270
ROM;0835;+0200;1345;+0200;0;AB_8217-AB_8840
ROM;0700;+0200;1215;+0200;0;AB_8093-AB_8270
ROM;1525;+0200;2040;+0200;0;AF_2351-AF_9840
ROM;0655;+0200;1215;+0200;0;AF_1351-AF_9832
ROM;1255;+0200;1815;+0200;0;LH_2443-LH_1848
ROM;1630;+0200;2155;+0200;0;AA_6370-AA_6460
ROM;0700;+0200;1230;+0200;0;LH_6219-LH_232
ROM;1100;+0200;1630;+0200;0;LH_6247-LH_1846
ROM;1030;+0200;1610;+0200;0;AA_6387-AA_6519
ROM;0810;+0200;1355;+0200;0;LH_6211-LH_3200
ROM;1120;+0200;1705;+0200;0;OU_481-OU_380-OU_380
ROM;1300;+0200;1845;+0200;0;AF_2051-AF_2204
ROM;1300;+0200;1845;+0200;0;AZ_3629-AZ_7305
ROM;1020;+0200;1610;+0200;0;AZ_3619-AZ_7301
ROM;1020;+0200;1610;+0200;0;AF_1751-AF_1904
ROM;1115;+0200;1705;+0200;0;OU_481-OU_380-OU_380
ROM;1300;+0200;1850;+0200;0;AF_2051-AF_2204
ROM;1700;+0200;2250;+0200;0;BD_5460-BD_5357
ROM;1700;+0200;2250;+0200;0;SN_2260-SN_3187
ROM;1810;+0200;0001;+0200;1;SK_1426-SK_8950
ROM;0600;+0200;1155;+0200;0;KL_1124-KL_1601
ROM;0600;+0200;1155;+0200;0;AZ_2911-AZ_7713
ROM;1010;+0200;1610;+0200;0;AF_1751-AF_1904
ROM;1500;+0200;2100;+0200;0;VY_1872-VY_6114
ROM;1500;+0200;2100;+0200;0;IB_5625-IB_5910
ROM;0800;+0200;1405;+0200;0;LX_4701-LX_1736
ROM;1015;+0200;1625;+0200;0;KL_1126-KL_1603
ROM;1015;+0200;1625;+0200;0;AZ_2913-AZ_7729
ROM;0605;+0200;1220;+0200;0;UA_9265-UA_8744
ROM;1425;+0200;2040;+0200;0;KL_1130-KL_3405
ROM;1425;+0200;2040;+0200;0;AZ_5106-AZ_111
ROM;1525;+0200;2140;+0200;0;AF_2351-AF_2304
ROM;1525;+0200;2140;+0200;0;AZ_3633-AZ_7311
ROM;1740;+0200;2355;+0200;0;LH_6225-LH_242
ROM;0600;+0200;1220;+0200;0;UA_9265-UA_8744
ROM;0645;+0200;1305;+0200;0;LH_6259-LH_1844
ROM;0605;+0200;1230;+0200;0;UA_9265-UA_8744
ROM;0755;+0200;1420;+0200;0;QF_3430-QF_3423
ROM;0755;+0200;1420;+0200;0;BA_811-BA_546
ROM;1440;+0200;2105;+0200;0;LH_6257-LH_1850
ROM;0600;+0200;1230;+0200;0;UA_9265-UA_8744
ROM;0600;+0200;1230;+0200;0;BD_3417-BD_3590
ROM;0600;+0200;1230;+0200;0;LH_833-LH_232
ROM;0750;+0200;1420;+0200;0;AA_6532-AA_6534
ROM;1300;+0200;1945;+0200;0;AZ_3629-AZ_325
ROM;1300;+0200;1945;+0200;0;AF_2051-AF_9838
ROM;1330;+0200;2015;+0200;0;SN_2258-SN_3183
ROM;1330;+0200;2015;+0200;0;BD_5458-BD_5355
ROM;0900;+0200;1550;+0200;0;UA_9910-UA_9953
ROM;0900;+0200;1550;+0200;0;SN_2256-SN_3181
ROM;1100;+0200;1750;+0200;0;BA_813-BA_556
ROM;1710;+0200;0001;+0200;1;SK_410-SK_8950
ROM;0900;+0200;1555;+0200;0;UA_9910-UA_9953
ROM;0900;+0200;1555;+0200;0;BD_5456-BD_5353
ROM;0900;+0200;1555;+0200;0;SN_2256-SN_3181
ROM;1525;+0200;2220;+0200;0;AF_2351-AF_9842
ROM;1525;+0200;2220;+0200;0;AZ_3633-AZ_329
ROM;0850;+0200;1550;+0200;0;SN_2256-SN_3181
ROM;0850;+0200;1550;+0200;0;UA_9910-UA_9953
ROM;0700;+0200;1405;+0200;0;LH_6219-LH_234
ROM;0850;+0200;1555;+0200;0;UA_9910-UA_9953
ROM;0850;+0200;1555;+0200;0;SN_2256-SN_3181
ROM;1310;+0200;2015;+0200;0;SN_2258-SN_3183
ROM;1020;+0200;1730;+0200;0;AF_1751-AF_2104
ROM;1020;+0200;1730;+0200;0;AZ_3619-AZ_7307
ROM;1645;+0200;2355;+0200;0;NH_6180-NH_6121
ROM;1645;+0200;2355;+0200;0;LH_829-LH_242
ROM;1645;+0200;2355;+0200;0;BD_3419-BD_3592
ROM;1020;+0200;1735;+0200;0;BD_3423-BD_3596
ROM;1020;+0200;1735;+0200;0;LH_823-LH_236
ROM;1020;+0200;1735;+0200;0;UA_9029-UA_8802
ROM;1030;+0200;1745;+0200;0;AA_6387-AA_6455
ROM;1100;+0200;1815;+0200;0;LH_6247-LH_1848
ROM;1145;+0200;1900;+0200;0;KL_1128-KL_1607
ROM;1145;+0200;1900;+0200;0;AZ_2915-AZ_7715
ROM;1010;+0200;1730;+0200;0;AF_1751-AF_2104
ROM;1440;+0200;2210;+0200;0;LX_1271-LX_1734
ROM;1145;+0200;1925;+0200;0;KL_1128-KL_3403
ROM;1145;+0200;1925;+0200;0;AZ_2915-AZ_109
ROM;1300;+0200;2040;+0200;0;AF_2051-AF_9840
ROM;1300;+0200;2040;+0200;0;AZ_3629-AZ_327
ROM;0655;+0200;1440;+0200;0;AZ_3533-AZ_333
ROM;0655;+0200;1440;+0200;0;AF_1351-AF_9846
BER;1235;+0200;1330;+0200;0;SK_1675
BER;1235;+0200;1330;+0200;0;LH_6047
BER;0705;+0200;0805;+0200;0;AB_8093
BER;0800;+0200;0900;+0200;0;LH_6035
BER;0800;+0200;0900;+0200;0;SK_1673
BER;1410;+0200;1510;+0200;0;LH_6037
BER;1410;+0200;1510;+0200;0;SK_679
BER;1440;+0200;1540;+0200;0;SK_679
BER;1530;+0200;1630;+0200;0;AB_8951
BER;1925;+0200;2025;+0200;0;LH_6039
BER;1925;+0200;2025;+0200;0;SK_1677
BER;0700;+0200;0805;+0200;0;AB_8093
BER;1100;+0200;1415;+0200;0;LH_6247-LH_2038
BER;1655;+0200;2015;+0200;0;LH_6215-LH_2742
BER;1930;+0200;2250;+0200;0;LH_831-LH_200
BER;0835;+0200;1200;+0200;0;AB_8017-AB_8269
BER;1015;+0200;1340;+0200;0;KL_1126-KL_1825
BER;1255;+0200;1620;+0200;0;LH_2443-LH_2042
BER;0645;+0200;1015;+0200;0;LH_6259-LH_2034
BER;1450;+0200;1820;+0200;0;LH_6265-LH_190
BER;1525;+0200;1855;+0200;0;LH_6068-LH_6059
BER;1525;+0200;1855;+0200;0;SK_408-SK_2679
BER;1655;+0200;2025;+0200;0;LH_6215-LH_2742
BER;0600;+0200;0935;+0200;0;KL_1124-KL_1821
BER;0835;+0200;1210;+0200;0;LH_2441-LH_2036
BER;1440;+0200;1820;+0200;0;LH_6257-LH_2048
BER;1020;+0200;1405;+0200;0;LH_823-LH_182
BER;1020;+0200;1405;+0200;0;BD_3423-BD_3582
BER;1745;+0200;2130;+0200;0;OS_304-OS_273
BER;1650;+0200;2040;+0200;0;LH_2445-LH_2052
BER;1805;+0200;2155;+0200;0;LH_6261-LH_2054
BER;1010;+0200;1410;+0200;0;OS_302-OS_291
BER;1405;+0200;1805;+0200;0;LH_6213-LH_2740
BER;1645;+0200;2045;+0200;0;BD_3419-BD_3578
BER;1645;+0200;2045;+0200;0;LH_829-LH_196
NCE;0850;+0200;1115;+0200;0;SK_2795
NCE;0855;+0200;1120;+0200;0;SK_2795
NCE;1025;+0200;1250;+0200;0;SK_793
NCE;1440;+0200;1810;+0200;0;LX_1271-LX_560
NCE;1255;+0200;1640;+0200;0;LH_2443-LH_2274
NCE;1255;+0200;1640;+0200;0;SK_3693-SK_3281
NCE;0820;+0200;1210;+0200;0;LH_6239-LH_3274
NCE;1650;+0200;2040;+0200;0;LH_2445-LH_2276
NCE;1650;+0200;2040;+0200;0;SK_3649-SK_3711
NCE;0600;+0200;1005;+0200;0;UA_9265-UA_9200
NCE;1020;+0200;1430;+0200;0;LH_823-LH_1060
NCE;1020;+0200;1430;+0200;0;SK_3627-SK_3269
NCE;1020;+0200;1430;+0200;0;UA_9029-UA_9202
NCE;0605;+0200;1020;+0200;0;UA_9265-UA_9200
NCE;0900;+0200;1315;+0200;0;SN_2256-SN_3619
NCE;1700;+0200;2115;+0200;0;SN_2260-SN_3623
NCE;1700;+0200;2115;+0200;0;BD_5460-BD_5447
NCE;0600;+0200;1020;+0200;0;UA_9265-UA_9200
NCE;0600;+0200;1020;+0200;0;SK_8519-SK_3761
NCE;0600;+0200;1020;+0200;0;SQ_2009-SQ_2100
NCE;0600;+0200;1020;+0200;0;LH_833-LH_1058
NCE;0900;+0200;1320;+0200;0;SN_2256-SN_3619
NCE;0900;+0200;1320;+0200;0;BD_5456-BD_5443
NCE;1010;+0200;1430;+0200;0;AF_1751-AF_7714
NCE;1300;+0200;1720;+0200;0;AF_2051-AF_7706
NCE;1525;+0200;1945;+0200;0;AF_2351-AF_7708
NCE;1930;+0200;2350;+0200;0;SK_3629-SK_3227
NCE;1930;+0200;2350;+0200;0;LH_831-LH_1068
NCE;0850;+0200;1315;+0200;0;SN_2256-SN_3619
NCE;0940;+0200;1405;+0200;0;LX_1267-LX_568
NCE;1005;+0200;1430;+0200;0;SK_1637-SK_3269
NCE;1300;+0200;1725;+0200;0;AF_2051-AF_7706
NCE;1805;+0200;2230;+0200;0;LH_6261-LH_2278
NCE;1805;+0200;2230;+0200;0;SK_663-SK_3257
NCE;0850;+0200;1320;+0200;0;SN_2256-SN_3619
NCE;1330;+0200;1800;+0200;0;UA_9321-UA_9204
NCE;1805;+0200;2245;+0200;0;AF_1051-AF_7712
NCE;0635;+0200;1120;+0200;0;SN_2268-SN_3617
NCE;0850;+0200;1335;+0200;0;AB_8017-AB_8014
NCE;1330;+0200;1815;+0200;0;UA_9321-UA_9204
NCE;1525;+0200;2010;+0200;0;AF_2351-AF_7708
NCE;1745;+0200;2230;+0200;0;OS_304-OS_423
NCE;0600;+0200;1050;+0200;0;KL_1124-KL_1261
NCE;0925;+0200;1415;+0200;0;UA_9029-UA_9202
NCE;1735;+0200;2225;+0200;0;KL_1132-KL_1273
NCE;0845;+0200;1340;+0200;0;AB_8217-AB_8750
NCE;0835;+0200;1335;+0200;0;AB_8017-AB_8014
NCE;0835;+0200;1335;+0200;0;HG_8017-HG_8014
NCE;1740;+0200;2240;+0200;0;LX_4705-LX_564
NCE;0835;+0200;1340;+0200;0;AB_8217-AB_8750
NCE;0845;+0200;1350;+0200;0;AB_8217-AB_8750
NCE;0925;+0200;1430;+0200;0;UA_9029-UA_9202
NCE;0925;+0200;1430;+0200;0;LH_6221-LH_1060
NCE;0925;+0200;1430;+0200;0;SK_1637-SK_3269
NCE;1145;+0200;1650;+0200;0;KL_1128-KL_1267
NCE;0635;+0200;1145;+0200;0;SN_2268-SN_3617
NCE;0635;+0200;1145;+0200;0;BD_5454-BD_5441
NCE;0835;+0200;1350;+0200;0;AB_8217-AB_8750
NCE;0645;+0200;1210;+0200;0;LH_6259-LH_2272
NCE;0645;+0200;1210;+0200;0;SK_661-SK_3289
NCE;0720;+0200;1250;+0200;0;BA_8466-BA_8475
NCE;1805;+0200;2340;+0200;0;BA_819-BA_352
NCE;0600;+0200;1140;+0200;0;KL_1124-KL_1263
NCE;1100;+0200;1640;+0200;0;SK_1665-SK_3281
NCE;1100;+0200;1640;+0200;0;LH_6247-LH_2274
NCE;1650;+0200;2230;+0200;0;SK_3649-SK_3257
NCE;1650;+0200;2230;+0200;0;LH_2445-LH_2278
NCE;0810;+0200;1355;+0200;0;LH_6211-LH_3272
NCE;1440;+0200;2040;+0200;0;SK_2657-SK_3711
NCE;1440;+0200;2040;+0200;0;LH_6257-LH_2276
NCE;1750;+0200;2350;+0200;0;SK_1635-SK_3227
NCE;0800;+0200;1405;+0200;0;LX_4701-LX_568
NCE;0820;+0200;1425;+0200;0;LO_5452-LO_341
NCE;1400;+0200;2010;+0200;0;BA_815-BA_356
NCE;1400;+0200;2010;+0200;0;AA_6535-AA_6391
NCE;1740;+0200;2350;+0200;0;SK_1635-SK_3227
NCE;1740;+0200;2350;+0200;0;LH_6225-LH_1068
NCE;1525;+0200;2140;+0200;0;AF_2351-AF_7712
NCE;0900;+0200;1520;+0200;0;SN_2256-SN_3621
NCE;0900;+0200;1520;+0200;0;BD_5456-BD_5445
NCE;1100;+0200;1720;+0200;0;BA_813-BA_354
NCE;1300;+0200;1920;+0200;0;AF_2051-AF_6236
NCE;0655;+0200;1320;+0200;0;AF_1351-AF_6212
NCE;0850;+0200;1520;+0200;0;SN_2256-SN_3621
NCE;0900;+0200;1535;+0200;0;SN_2256-SN_3621
NCE;1015;+0200;1650;+0200;0;KL_1126-KL_1267
NCE;0635;+0200;1315;+0200;0;SN_2268-SN_3619
NCE;0635;+0200;1320;+0200;0;SN_2268-SN_3619
NCE;0635;+0200;1320;+0200;0;BD_5454-BD_5443
NCE;0755;+0200;1440;+0200;0;BA_811-BA_344
NCE;0850;+0200;1535;+0200;0;SN_2256-SN_3621
NCE;1300;+0200;1945;+0200;0;AF_2051-AF_7708
NCE;1540;+0200;2225;+0200;0;IB_3309-IB_8756
NCE;0750;+0200;1440;+0200;0;AA_6532-AA_6588
NCE;0655;+0200;1350;+0200;0;AF_1351-AF_6244
NCE;1030;+0200;1725;+0200;0;AA_6387-AA_6586
NCE;1525;+0200;2220;+0200;0;AF_2351-AF_6232
NCE;1645;+0200;2340;+0200;0;BA_8468-BA_352
NCE;0710;+0200;1410;+0200;0;JK_38-JK_104
NCE;1020;+0200;1720;+0200;0;AF_1751-AF_7706
NCE;0815;+0200;1520;+0200;0;A3_3337-A3_3016
NCE;1020;+0200;1725;+0200;0;AF_1751-AF_7706
NCE;1630;+0200;2335;+0200;0;AA_6370-AA_6391
NCE;1645;+0200;2350;+0200;0;NH_6180-NH_6135
NCE;1645;+0200;2350;+0200;0;BD_3419-BD_3238
NCE;1645;+0200;2350;+0200;0;LH_829-LH_1068
NCE;1645;+0200;2350;+0200;0;SK_8575-SK_3227
NCE;1010;+0200;1720;+0200;0;AF_1751-AF_7706
NCE;1300;+0200;2010;+0200;0;AF_2051-AF_7708
NCE;1540;+0200;2250;+0200;0;IB_3309-IB_8756
NCE;1630;+0200;2340;+0200;0;BA_817-BA_352
NCE;1010;+0200;1725;+0200;0;AF_1751-AF_7706
NCE;0720;+0200;1440;+0200;0;BA_8466-BA_344
NCE;0815;+0200;1535;+0200;0;A3_3337-A3_3016
NCE;1100;+0200;1820;+0200;0;BA_813-BA_348
NCE;1300;+0200;2020;+0200;0;AF_2051-AF_6238
NCE;1525;+0200;2245;+0200;0;AF_2351-AF_7712
NCE;1525;+0200;2250;+0200;0;AF_2351-AF_6246
NCE;0700;+0200;1430;+0200;0;LH_6219-LH_1060
NCE;0700;+0200;1430;+0200;0;SK_639-SK_3269
NCE;1020;+0200;1750;+0200;0;AF_1751-AF_6222
NCE;0655;+0200;1430;+0200;0;AF_1351-AF_7714
NCE;1010;+0200;1750;+0200;0;AF_1751-AF_6222
NCE;1020;+0200;1800;+0200;0;SK_3627-SK_3591
NCE;1020;+0200;1800;+0200;0;LH_823-LH_1064
NCE;1020;+0200;1800;+0200;0;BD_3423-BD_3236
NCE;1020;+0200;1800;+0200;0;UA_9029-UA_9204
NCE;1255;+0200;2040;+0200;0;SK_3693-SK_3711
NCE;1255;+0200;2040;+0200;0;LH_2443-LH_2276
NCE;1330;+0200;2115;+0200;0;BD_5458-BD_5447
NCE;1330;+0200;2115;+0200;0;SN_2258-SN_3623
MAD;1535;+0200;1850;+0200;0;JK_26
MAD;1535;+0200;1850;+0200;0;SK_9926
MAD;0855;+0200;1215;+0200;0;SK_581
MAD;0855;+0200;1215;+0200;0;JK_9000
MAD;1540;+0200;1900;+0200;0;IB_3309
MAD;1445;+0200;1920;+0200;0;JK_34-JK_429
MAD;1445;+0200;1920;+0200;0;SK_9974-SK_9884
MAD;0635;+0200;1125;+0200;0;SN_2268-SN_3721
MAD;0905;+0200;1400;+0200;0;OK_505-OK_700
MAD;1525;+0200;2020;+0200;0;AF_2351-AF_2000
MAD;0925;+0200;1425;+0200;0;LH_6221-LH_1114
MAD;1015;+0200;1515;+0200;0;KL_1126-KL_1703
MAD;1440;+0200;1940;+0200;0;LX_1271-LX_2032
MAD;0940;+0200;1445;+0200;0;LX_1267-LX_2026
MAD;1650;+0200;2155;+0200;0;LH_2445-LH_1806
MAD;1405;+0200;1920;+0200;0;LH_6213-LH_3292
MAD;1645;+0200;2200;+0200;0;BA_8468-BA_8755
MAD;1425;+0200;1950;+0200;0;KL_1130-KL_1709
MAD;0720;+0200;1250;+0200;0;BA_8466-BA_8753
MAD;1030;+0200;1600;+0200;0;AA_6387-AA_6280
MAD;1120;+0200;1650;+0200;0;BD_3731-BD_5313
MAD;0605;+0200;1140;+0200;0;UA_9265-UA_9358
MAD;0755;+0200;1330;+0200;0;BA_811-BA_458
MAD;0755;+0200;1330;+0200;0;QF_3430-QF_3379
MAD;1450;+0200;2025;+0200;0;LH_6265-LH_6802
MAD;1450;+0200;2025;+0200;0;SK_675-SK_9931
MAD;1735;+0200;2310;+0200;0;KL_1132-KL_1707
MAD;0600;+0200;1140;+0200;0;SK_8519-SK_3287
MAD;0600;+0200;1140;+0200;0;UA_9265-UA_9358
MAD;0600;+0200;1140;+0200;0;LH_833-LH_1112
MAD;0750;+0200;1330;+0200;0;AA_6532-AA_6278
MAD;0835;+0200;1415;+0200;0;LH_2441-LH_1802
MAD;0710;+0200;1255;+0200;0;JK_38-JK_7554
MAD;1145;+0200;1730;+0200;0;KL_1128-KL_1705
MAD;1300;+0200;1845;+0200;0;AF_2051-AF_1900
MAD;1700;+0200;2245;+0200;0;BD_5460-BD_5317
MAD;1700;+0200;2245;+0200;0;SN_2260-SN_3731
MAD;0820;+0200;1410;+0200;0;LH_6239-LH_3296
MAD;1020;+0200;1610;+0200;0;AF_1751-AF_1700
MAD;1400;+0200;1950;+0200;0;BA_815-BA_7065
MAD;1020;+0200;1615;+0200;0;SK_3627-SK_9916
MAD;1020;+0200;1615;+0200;0;LH_823-LH_6800
MAD;1010;+0200;1610;+0200;0;AF_1751-AF_1700
MAD;1655;+0200;2255;+0200;0;LH_6215-LH_3294
MAD;1750;+0200;2350;+0200;0;SK_1635-SK_3587
MAD;0600;+0200;1205;+0200;0;KL_1124-KL_1701
MAD;1005;+0200;1615;+0200;0;SK_1637-SK_9916
MAD;1420;+0200;2030;+0200;0;UX_3757-UX_1094
MAD;1740;+0200;2350;+0200;0;SK_1635-SK_3587
MAD;1740;+0200;2350;+0200;0;LH_6225-LH_1120
MAD;1100;+0200;1720;+0200;0;LH_6247-LH_1804
MAD;1525;+0200;2145;+0200;0;AF_2351-AF_2100
MAD;1100;+0200;1725;+0200;0;BA_813-BA_464
MAD;0710;+0200;1340;+0200;0;JK_38-JK_7556
MAD;1100;+0200;1730;+0200;0;BA_813-BA_464
MAD;1100;+0200;1730;+0200;0;BA_813-BA_460
MAD;1630;+0200;2300;+0200;0;JL_7718-JL_7703
MAD;0750;+0200;1430;+0200;0;AA_6532-AA_5615
MAD;0800;+0200;1445;+0200;0;LX_4701-LX_2026
MAD;1330;+0200;2015;+0200;0;BD_5458-BD_5315
MAD;1330;+0200;2015;+0200;0;SN_2258-SN_3729
MAD;0925;+0200;1615;+0200;0;LH_6221-LH_6800
MAD;0925;+0200;1615;+0200;0;SK_1637-SK_9916
MAD;1030;+0200;1725;+0200;0;AA_6387-AA_6283
MAD;1400;+0200;2055;+0200;0;BA_815-BA_7059
MAD;0805;+0200;1505;+0200;0;SK_585-SK_9812
MAD;1325;+0200;2025;+0200;0;AY_666-AY_3183
MAD;1310;+0200;2015;+0200;0;SN_2258-SN_3729
MAD;1645;+0200;2350;+0200;0;LH_829-LH_1120
MAD;1645;+0200;2350;+0200;0;NH_6180-NH_6141
MAD;1645;+0200;2350;+0200;0;SK_8575-SK_3587
MAD;1645;+0200;2350;+0200;0;BD_3419-BD_2920
MAD;0820;+0200;1530;+0200;0;LO_5452-LO_433
MAD;1020;+0200;1730;+0200;0;AF_1751-AF_1800
MAD;1015;+0200;1730;+0200;0;KL_1126-KL_1705
MAD;1440;+0200;2155;+0200;0;LH_6257-LH_1806
MAD;1525;+0200;2240;+0200;0;AF_2351-AF_1730
MAD;1010;+0200;1730;+0200;0;AF_1751-AF_1800
MAD;1300;+0200;2020;+0200;0;AF_2051-AF_2000
MAD;0700;+0200;1425;+0200;0;LH_6219-LH_1114
MAD;1445;+0200;2210;+0200;0;JK_34-JK_445
MAD;0645;+0200;1415;+0200;0;LH_6259-LH_1802
MAD;0600;+0200;1340;+0200;0;UX_3756-UX_1092
MAD;0755;+0200;1535;+0200;0;BA_811-BA_7061
MAD;1100;+0200;1840;+0200;0;BA_813-BA_462
MAD;0655;+0200;1440;+0200;0;AF_1351-AF_1600
MAD;1020;+0200;1805;+0200;0;UA_9029-UA_9359
MAD;0900;+0200;1650;+0200;0;BD_5456-BD_5313
MAD;0900;+0200;1650;+0200;0;UA_9910-UA_9977
MAD;0900;+0200;1650;+0200;0;SN_2256-SN_3727
MAD;1020;+0200;1815;+0200;0;LH_823-LH_1116
MAD;1020;+0200;1815;+0200;0;BD_3423-BD_2916
MAD;1100;+0200;1855;+0200;0;BA_813-BA_7063
MAD;0850;+0200;1650;+0200;0;SN_2256-SN_3727
MAD;0850;+0200;1650;+0200;0;UA_9910-UA_9977
MAD;1120;+0200;1920;+0200;0;LH_6041-LH_3292
MAD;1400;+0200;2200;+0200;0;BA_815-BA_7057
MAD;1400;+0200;2200;+0200;0;BA_815-BA_8755
MAD;1145;+0200;1950;+0200;0;KL_1128-KL_1709
MAD;0750;+0200;1600;+0200;0;AA_6532-AA_6280
MAD;1030;+0200;1840;+0200;0;AA_6387-AA_6282
MAD;0720;+0200;1535;+0200;0;BA_8466-BA_7061
MAD;1020;+0200;1835;+0200;0;AF_1751-AF_1630
MAD;0605;+0200;1425;+0200;0;UA_9265-UA_9229
MAD;0600;+0200;1425;+0200;0;BD_3417-BD_2918
MAD;0600;+0200;1425;+0200;0;LH_833-LH_1114
MAD;0600;+0200;1425;+0200;0;UA_9265-UA_9229
MAD;1010;+0200;1835;+0200;0;AF_1751-AF_1630
MAD;1020;+0200;1845;+0200;0;AF_1751-AF_1900
MAD;0605;+0200;1435;+0200;0;UA_9265-UA_9229
LIS;0830;+0200;1110;+0100;0;TP_753
LIS;1730;+0200;2015;+0100;0;TP_751
LIS;1930;+0200;2340;+0100;0;LH_831-LH_1172
LIS;1015;+0200;1435;+0100;0;KL_1126-KL_1693
LIS;0940;+0200;1410;+0100;0;LX_1267-LX_4580
LIS;1020;+0200;1450;+0100;0;AF_1751-AF_1624
LIS;1300;+0200;1735;+0100;0;AF_2051-AF_1924
LIS;1645;+0200;2120;+0100;0;NH_6180-NH_6735
LIS;1645;+0200;2120;+0100;0;LH_829-LH_6956
LIS;0845;+0200;1325;+0100;0;UA_9110-UA_8938
LIS;1010;+0200;1450;+0100;0;AF_1751-AF_1624
LIS;0710;+0200;1155;+0100;0;JK_38-JK_9445
LIS;0835;+0200;1325;+0100;0;LH_2441-LH_1790
LIS;0835;+0200;1325;+0100;0;UA_9110-UA_8938
LIS;1650;+0200;2145;+0100;0;LH_2445-LH_1792
LIS;0605;+0200;1110;+0100;0;UA_9265-UA_8846
LIS;0600;+0200;1110;+0100;0;UA_9265-UA_8846
LIS;0605;+0200;1115;+0100;0;UA_9265-UA_8846
LIS;0900;+0200;1410;+0100;0;SN_2256-SN_6403
LIS;1020;+0200;1530;+0100;0;LH_823-LH_6994
LIS;0600;+0200;1115;+0100;0;UA_9265-UA_8846
LIS;0600;+0200;1115;+0100;0;LH_833-LH_1166
LIS;0600;+0200;1115;+0100;0;BD_3417-BD_3348
LIS;1735;+0200;2250;+0100;0;KL_1132-KL_1697
LIS;0635;+0200;1155;+0100;0;SN_2268-SN_3815
LIS;0635;+0200;1155;+0100;0;BD_5454-BD_5565
LIS;0850;+0200;1410;+0100;0;SN_2256-SN_6403
LIS;1020;+0200;1545;+0100;0;UA_9029-UA_8896
LIS;1535;+0200;2100;+0100;0;JK_26-JK_9417
LIS;1020;+0200;1555;+0100;0;LH_823-LH_1168
LIS;1020;+0200;1555;+0100;0;UA_9029-UA_8896
LIS;1330;+0200;1905;+0100;0;SN_2258-SN_3819
LIS;1330;+0200;1905;+0100;0;SN_2258-SN_6409
LIS;1330;+0200;1905;+0100;0;BD_5458-BD_5567
LIS;1310;+0200;1905;+0100;0;SN_2258-SN_6409
LIS;1310;+0200;1905;+0100;0;SN_2258-SN_3819
LIS;1630;+0200;2225;+0100;0;BA_817-BA_504
LIS;1630;+0200;2225;+0100;0;JL_7718-JL_7733
LIS;1740;+0200;2340;+0100;0;LH_6225-LH_1172
LIS;0925;+0200;1530;+0100;0;LH_6221-LH_6994
LIS;0800;+0200;1410;+0100;0;LX_4701-LX_4580
LIS;0855;+0200;1505;+0100;0;JK_9000-JK_9419
LIS;1445;+0200;2100;+0100;0;JK_34-JK_9494
LIS;1630;+0200;2245;+0100;0;AA_6370-AA_6466
LIS;0925;+0200;1545;+0100;0;UA_9029-UA_8896
LIS;1440;+0200;2105;+0100;0;LX_1271-LX_4582
LIS;1525;+0200;2150;+0100;0;AF_2351-AF_2324
LIS;0710;+0200;1340;+0100;0;JK_38-JK_9439
LIS;0835;+0200;1505;+0100;0;LH_2441-LH_6950
LIS;0925;+0200;1555;+0100;0;UA_9029-UA_8896
LIS;0925;+0200;1555;+0100;0;LH_6221-LH_1168
LIS;1450;+0200;2120;+0100;0;LH_6265-LH_6956
LIS;1100;+0200;1735;+0100;0;BA_813-BA_502
LIS;0645;+0200;1325;+0100;0;LH_6259-LH_1790
LIS;1645;+0200;2340;+0100;0;BD_3419-BD_3350
LIS;1645;+0200;2340;+0100;0;LH_829-LH_1172
LIS;1030;+0200;1730;+0100;0;AA_6387-AA_6359
LIS;1030;+0200;1735;+0100;0;AA_6387-AA_6359
LIS;1440;+0200;2145;+0100;0;LH_6257-LH_1792
LIS;1020;+0200;1735;+0100;0;AF_1751-AF_1924
LIS;1540;+0200;2255;+0100;0;IB_3309-IB_3118
LIS;1010;+0200;1735;+0100;0;AF_1751-AF_1924
LIS;0635;+0200;1410;+0100;0;EY_7228-EY_5811
LIS;0635;+0200;1410;+0100;0;SN_2268-SN_6403
LIS;1330;+0200;2105;+0100;0;SN_2258-SN_6405
LIS;1120;+0200;1905;+0100;0;BD_3731-BD_5567
LIS;0655;+0200;1450;+0100;0;AF_1351-AF_1624
LIS;0955;+0200;1750;+0100;0;LO_464-LO_5441
LIS;1310;+0200;2105;+0100;0;SN_2258-SN_6405
LIS;0645;+0200;1505;+0100;0;LH_6259-LH_6950
LIS;1400;+0200;2225;+0100;0;BA_815-BA_504
LIS;1425;+0200;2250;+0100;0;KL_1130-KL_1697
LIS;0700;+0200;1530;+0100;0;LH_6219-LH_6994
LIS;0600;+0200;1435;+0100;0;KL_1124-KL_1693
LIS;1400;+0200;2245;+0100;0;AA_6535-AA_6466
PRG;0905;+0200;1020;+0200;0;OK_505
PRG;1905;+0200;2020;+0200;0;OK_509
PRG;1735;+0200;1920;+0200;0;QI_157
PRG;1255;+0200;1620;+0200;0;LH_2443-LH_1692
PRG;1650;+0200;2015;+0200;0;LH_2445-LH_1696
PRG;0715;+0200;1045;+0200;0;OS_308-OS_705
PRG;0925;+0200;1255;+0200;0;LH_6221-LH_1396
PRG;0710;+0200;1045;+0200;0;OU_5555-OU_5540
PRG;1330;+0200;1705;+0200;0;UA_9321-UA_9398
PRG;1425;+0200;1800;+0200;0;KL_1130-KL_3125
PRG;1900;+0200;2235;+0200;0;SN_2264-SN_2815
PRG;0835;+0200;1220;+0200;0;LH_2441-LH_1690
PRG;0925;+0200;1310;+0200;0;UA_9029-UA_8733
PRG;1930;+0200;2315;+0200;0;LH_831-LH_1402
PRG;0955;+0200;1350;+0200;0;LO_464-LO_527
PRG;1330;+0200;1725;+0200;0;SN_2258-SN_2811
PRG;1450;+0200;1845;+0200;0;LH_6265-LH_1400
PRG;1530;+0200;1925;+0200;0;LO_5454-LO_525
PRG;1010;+0200;1410;+0200;0;OS_302-OS_707
PRG;1440;+0200;1845;+0200;0;LX_1271-LX_1498
PRG;1310;+0200;1725;+0200;0;SN_2258-SN_2811
PRG;1425;+0200;1840;+0200;0;KL_1130-KL_1357
PRG;1020;+0200;1445;+0200;0;AF_1751-AF_1982
PRG;1120;+0200;1545;+0200;0;LH_6041-LH_3052
PRG;1525;+0200;1950;+0200;0;AF_2351-AF_2482
PRG;0940;+0200;1415;+0200;0;LX_1267-LX_1486
PRG;1010;+0200;1445;+0200;0;AF_1751-AF_1982
PRG;0700;+0200;1145;+0200;0;LH_6219-LH_1394
PRG;0600;+0200;1050;+0200;0;KL_1124-KL_3121
PRG;1330;+0200;1825;+0200;0;UA_9321-UA_9062
PRG;0605;+0200;1120;+0200;0;UA_9265-UA_9582
PRG;1330;+0200;1845;+0200;0;UA_9321-UA_9062
PRG;0600;+0200;1120;+0200;0;UA_9265-UA_9582
PRG;1100;+0200;1620;+0200;0;LH_6247-LH_1692
PRG;1120;+0200;1640;+0200;0;BD_3731-BD_5481
PRG;1325;+0200;1845;+0200;0;AY_666-AY_717
PRG;1405;+0200;1925;+0200;0;LH_6213-LH_3054
PRG;0820;+0200;1350;+0200;0;LO_5452-LO_527
PRG;1700;+0200;2230;+0200;0;SN_2260-SN_2815
AMS;0600;+0200;0725;+0200;0;KL_1124
AMS;1015;+0200;1140;+0200;0;KL_1126
AMS;1120;+0200;1245;+0200;0;SK_547
AMS;1145;+0200;1310;+0200;0;KL_1128
AMS;1425;+0200;1550;+0200;0;KL_1130
AMS;1520;+0200;1645;+0200;0;UA_6889
AMS;1520;+0200;1645;+0200;0;AC_9910
AMS;1520;+0200;1645;+0200;0;SK_1549
AMS;1735;+0200;1900;+0200;0;KL_1132
AMS;1810;+0200;1935;+0200;0;UA_6893
AMS;1810;+0200;1935;+0200;0;SK_553
AMS;1925;+0200;2050;+0200;0;KL_1134
AMS;0815;+0200;0945;+0200;0;SK_2551
AMS;0815;+0200;0945;+0200;0;UA_6891
AMS;0645;+0200;1030;+0200;0;LH_6259-LH_2302
AMS;1020;+0200;1405;+0200;0;UA_9029-UA_9163
AMS;1650;+0200;2035;+0200;0;LH_2445-LH_2310
AMS;0720;+0200;1110;+0200;0;SK_402-SK_1553
AMS;0720;+0200;1110;+0200;0;UA_6895-UA_6957
AMS;1255;+0200;1645;+0200;0;LH_2443-LH_2306
AMS;1415;+0200;1805;+0200;0;SK_1458-SK_827
AMS;1440;+0200;1830;+0200;0;LH_6257-LH_2308
AMS;0605;+0200;1000;+0200;0;UA_9265-UA_9161
AMS;1020;+0200;1415;+0200;0;LH_823-LH_992
AMS;1020;+0200;1415;+0200;0;UA_9029-UA_9163
AMS;0600;+0200;1000;+0200;0;UA_9265-UA_9161
AMS;0605;+0200;1010;+0200;0;UA_9265-UA_9161
AMS;1215;+0200;1620;+0200;0;LH_6055-LH_3336
AMS;1525;+0200;1930;+0200;0;SK_408-SK_557
AMS;0600;+0200;1010;+0200;0;UA_9265-UA_9161
AMS;0600;+0200;1010;+0200;0;LH_833-LH_988
AMS;0835;+0200;1245;+0200;0;LH_2441-LH_2304
AMS;1745;+0200;2155;+0200;0;OS_304-OS_377
AMS;1400;+0200;1815;+0200;0;BA_815-BA_440
AMS;1400;+0200;1815;+0200;0;AA_6535-AA_6459
AMS;1415;+0200;1830;+0200;0;SK_1422-SK_1555
AMS;1525;+0200;1940;+0200;0;AF_2351-AF_2240
AMS;1805;+0200;2220;+0200;0;LH_6261-LH_2312
AMS;0905;+0200;1325;+0200;0;KE_7628-KE_7603
AMS;1440;+0200;1905;+0200;0;LX_1271-LX_734
AMS;1645;+0200;2110;+0200;0;BA_8468-BA_8457
AMS;1100;+0200;1530;+0200;0;BA_813-BA_438
AMS;1335;+0200;1805;+0200;0;SK_458-SK_827
AMS;1740;+0200;2210;+0200;0;LX_4705-LX_736
MIL;0825;+0200;1030;+0200;0;SK_1685
MIL;1655;+0200;1900;+0200;0;SK_687
MIL;2055;+0200;2300;+0200;0;SK_1689
MIL;1100;+0200;1420;+0200;0;LH_6247-LH_1858
MIL;1650;+0200;2015;+0200;0;LH_2445-LH_1864
MIL;0645;+0200;1015;+0200;0;LH_6259-LH_1854
MIL;1020;+0200;1350;+0200;0;LH_823-LH_252
MIL;1405;+0200;1735;+0200;0;LH_6213-LH_3182
MIL;1930;+0200;2300;+0200;0;LH_831-LH_258
MIL;0700;+0200;1035;+0200;0;LH_6219-LH_248
MIL;0940;+0200;1315;+0200;0;LX_1267-LX_1628
MIL;0835;+0200;1220;+0200;0;LH_2441-LH_1856
MIL;1740;+0200;2125;+0200;0;LX_4705-LX_1638
MIL;0605;+0200;0955;+0200;0;UA_9265-UA_9064
MIL;1440;+0200;1830;+0200;0;LH_6257-LH_1862
MIL;1450;+0200;1840;+0200;0;LH_6265-LH_276
MIL;1545;+0200;1935;+0200;0;LH_6251-LH_3198
MIL;0600;+0200;0955;+0200;0;LH_833-LH_270
MIL;0600;+0200;0955;+0200;0;UA_9265-UA_9064
MIL;1015;+0200;1410;+0200;0;AZ_2913-AZ_121
MIL;1015;+0200;1410;+0200;0;KL_1126-KL_3419
MIL;1440;+0200;1840;+0200;0;LX_1271-LX_1636
MIL;1450;+0200;1850;+0200;0;LH_6265-LH_276
MIL;1330;+0200;1735;+0200;0;UA_9321-UA_9220
MIL;1745;+0200;2150;+0200;0;OS_304-OS_517
MIL;0635;+0200;1050;+0200;0;SN_2268-SN_3155
MIL;0635;+0200;1050;+0200;0;BD_5454-BD_5405
MIL;1425;+0200;1840;+0200;0;AZ_5106-AZ_7747
MIL;1425;+0200;1840;+0200;0;KL_1130-KL_1621
MIL;1735;+0200;2150;+0200;0;AZ_2919-AZ_113
MIL;1735;+0200;2150;+0200;0;KL_1132-KL_3417
MIL;0925;+0200;1345;+0200;0;UA_9029-UA_9216
MIL;1525;+0200;1945;+0200;0;AF_2351-AF_2112
MIL;1810;+0200;2230;+0200;0;BD_3727-BD_5401
MIL;0925;+0200;1350;+0200;0;UA_9029-UA_9216
MIL;0925;+0200;1350;+0200;0;LH_6221-LH_252
MIL;1330;+0200;1755;+0200;0;SN_2258-SN_3149
MIL;1330;+0200;1755;+0200;0;BD_5458-BD_5267
MIL;0605;+0200;1035;+0200;0;UA_9265-UA_9140
MIL;1020;+0200;1450;+0200;0;AF_1751-AF_1712
MIL;1805;+0200;2235;+0200;0;LH_6261-LH_1866
MIL;1805;+0200;2235;+0200;0;AF_1051-AF_2514
MIL;0600;+0200;1035;+0200;0;SQ_2009-SQ_2180
MIL;0600;+0200;1035;+0200;0;UA_9265-UA_9140
MIL;0600;+0200;1035;+0200;0;LH_833-LH_248
MIL;1525;+0200;2000;+0200;0;AF_2351-AF_2214
MIL;1740;+0200;2215;+0200;0;LH_6225-LH_278
MIL;1745;+0200;2220;+0200;0;OS_304-OS_539
MIL;1010;+0200;1450;+0200;0;AF_1751-AF_1712
MIL;1735;+0200;2215;+0200;0;KL_1132-KL_1635
MIL;1735;+0200;2215;+0200;0;AZ_2919-AZ_7725
MIL;0635;+0200;1120;+0200;0;SN_2268-SN_3147
MIL;1310;+0200;1755;+0200;0;SN_2258-SN_3149
MIL;1530;+0200;2015;+0200;0;AB_8951-AB_8432
MIL;0720;+0200;1210;+0200;0;SK_454-SK_4719
MIL;1330;+0200;1820;+0200;0;SN_2258-SN_3159
MIL;1120;+0200;1615;+0200;0;BD_3731-BD_5407
MIL;1630;+0200;2125;+0200;0;AA_6370-AA_6314
MIL;1630;+0200;2125;+0200;0;BA_817-BA_570
MIL;1630;+0200;2130;+0200;0;AA_6370-AA_6314
MIL;1655;+0200;2155;+0200;0;LH_6215-LH_3186
MIL;1020;+0200;1525;+0200;0;AZ_3619-AZ_7817
MIL;1330;+0200;1835;+0200;0;BD_5458-BD_5409
MIL;1415;+0200;1920;+0200;0;LH_6069-LH_3192
MIL;1735;+0200;2240;+0200;0;KL_1132-KL_1635
MIL;1145;+0200;1655;+0200;0;AZ_2915-AZ_7721
MIL;1145;+0200;1655;+0200;0;KL_1128-KL_1627
MIL;1310;+0200;1820;+0200;0;SN_2258-SN_3159
MIL;0700;+0200;1215;+0200;0;LH_6219-LH_272
MIL;0800;+0200;1315;+0200;0;LX_4701-LX_1628
MIL;1100;+0200;1615;+0200;0;LH_6247-LH_1860
MIL;1740;+0200;2300;+0200;0;LH_6225-LH_258
MIL;0600;+0200;1125;+0200;0;AZ_2911-AZ_7905
MIL;0600;+0200;1125;+0200;0;KL_1124-KL_3623
MIL;0635;+0200;1200;+0200;0;BD_5454-BD_5265
MIL;0635;+0200;1200;+0200;0;SN_2268-SN_3147
MIL;1405;+0200;1935;+0200;0;LH_6213-LH_3184
MIL;1645;+0200;2215;+0200;0;BD_3419-BD_2926
MIL;1645;+0200;2215;+0200;0;LH_829-LH_278
MIL;1700;+0200;2230;+0200;0;BD_5460-BD_5401
MIL;0645;+0200;1220;+0200;0;LH_6259-LH_1856
MIL;0805;+0200;1340;+0200;0;BT_132-BT_629
MIL;1255;+0200;1830;+0200;0;LH_2443-LH_1862
MIL;1440;+0200;2015;+0200;0;LH_6257-LH_1864
MIL;1525;+0200;2100;+0200;0;AF_2351-AF_9702
MIL;1525;+0200;2100;+0200;0;AZ_3633-AZ_7903
MIL;1525;+0200;2100;+0200;0;AZ_3633-AZ_7849
MIL;1700;+0200;2235;+0200;0;SN_2260-SN_3161
MIL;0835;+0200;1420;+0200;0;LH_2441-LH_1858
MIL;1650;+0200;2235;+0200;0;LH_2445-LH_1866
MIL;0600;+0200;1150;+0200;0;KL_1124-KL_1623
MIL;0600;+0200;1150;+0200;0;AZ_2911-AZ_7719
MIL;0850;+0200;1440;+0200;0;AB_8017-AB_8828
MIL;0600;+0200;1205;+0200;0;KL_1124-KL_1623
MIL;0835;+0200;1440;+0200;0;AB_8017-AB_8828
MIL;0605;+0200;1215;+0200;0;UA_9265-UA_8768
MIL;0600;+0200;1215;+0200;0;BD_3417-BD_2922
MIL;0600;+0200;1215;+0200;0;LH_833-LH_272
MIL;0600;+0200;1215;+0200;0;UA_9265-UA_8768
MIL;1120;+0200;1735;+0200;0;LH_6041-LH_3182
MIL;1555;+0200;2210;+0200;0;BD_3715-BD_3455
MIL;1645;+0200;2300;+0200;0;NH_6180-NH_6125
MIL;1645;+0200;2300;+0200;0;LH_829-LH_258
VIE;0835;+0200;1010;+0200;0;HG_8017
VIE;0835;+0200;1010;+0200;0;AB_8017
VIE;0850;+0200;1025;+0200;0;AB_8017
VIE;2020;+0200;2155;+0200;0;AB_8013
VIE;2020;+0200;2155;+0200;0;HG_8013
VIE;2115;+0200;2250;+0200;0;AB_8013
VIE;1010;+0200;1155;+0200;0;OS_302
VIE;2005;+0200;2150;+0200;0;OS_306
VIE;0715;+0200;0905;+0200;0;OS_308
VIE;1745;+0200;1935;+0200;0;OS_304
VIE;0705;+0200;1005;+0200;0;AB_8093-AB_8202
VIE;0700;+0200;1005;+0200;0;AB_8093-AB_8202
VIE;1530;+0200;1835;+0200;0;AB_8951-AB_8358
VIE;0820;+0200;1135;+0200;0;LH_6239-LH_6364
VIE;1800;+0200;2125;+0200;0;LH_6241-LH_6362
VIE;1650;+0200;2020;+0200;0;LH_2445-LH_2332
VIE;0805;+0200;1140;+0200;0;LH_6249-LH_6366
VIE;1255;+0200;1630;+0200;0;LH_2443-LH_2330
VIE;1930;+0200;2305;+0200;0;LH_831-LH_1246
VIE;1930;+0200;2305;+0200;0;SK_3629-SK_3729
VIE;0645;+0200;1025;+0200;0;LH_6259-LH_2326
VIE;0810;+0200;1150;+0200;0;LH_6211-LH_6354
VIE;1750;+0200;2130;+0200;0;SK_1635-SK_9442
VIE;0800;+0200;1145;+0200;0;LH_6035-LH_6322
VIE;0820;+0200;1205;+0200;0;LO_5452-LO_5221
VIE;0835;+0200;1225;+0200;0;LH_2441-LH_2328
VIE;1020;+0200;1410;+0200;0;BD_3423-BD_2984
VIE;1020;+0200;1410;+0200;0;LH_823-LH_1238
VIE;1020;+0200;1410;+0200;0;SK_3627-SK_3297
VIE;1440;+0200;1830;+0200;0;LX_1271-LX_1582
VIE;1450;+0200;1840;+0200;0;SK_675-SK_3583
VIE;1450;+0200;1840;+0200;0;LH_6265-LH_1242
VIE;1740;+0200;2130;+0200;0;SK_1635-SK_9442
VIE;1740;+0200;2130;+0200;0;LH_6225-LH_6338
VIE;1235;+0200;1630;+0200;0;LH_6047-LH_6350
VIE;0605;+0200;1005;+0200;0;UA_9265-UA_8964
VIE;0600;+0200;1005;+0200;0;SK_8519-SK_3706
VIE;0600;+0200;1005;+0200;0;SQ_2009-SQ_2042
VIE;0600;+0200;1005;+0200;0;UA_9265-UA_8964
VIE;0600;+0200;1005;+0200;0;LH_833-LH_1234
VIE;1005;+0200;1410;+0200;0;SK_1637-SK_3297
VIE;1330;+0200;1745;+0200;0;SN_2258-SN_2905
VIE;1700;+0200;2115;+0200;0;BD_5460-BD_5489
VIE;1700;+0200;2115;+0200;0;SN_2260-SN_2909
VIE;1720;+0200;2135;+0200;0;LX_1291-LX_3584
VIE;1740;+0200;2155;+0200;0;LX_4705-LX_1584
VIE;0805;+0200;1225;+0200;0;BT_132-BT_431
VIE;1330;+0200;1750;+0200;0;BD_5458-BD_5493
VIE;1330;+0200;1750;+0200;0;UA_9321-UA_9076
VIE;1450;+0200;1910;+0200;0;LH_6265-LH_6346
VIE;1740;+0200;2205;+0200;0;LX_4705-LX_1584
VIE;0940;+0200;1410;+0200;0;LX_1267-LX_1578
VIE;1310;+0200;1745;+0200;0;SN_2258-SN_2905
VIE;1405;+0200;1840;+0200;0;LH_6213-LH_3094
VIE;1440;+0200;1915;+0200;0;LX_1271-LX_3556
VIE;1735;+0200;2210;+0200;0;KL_1132-KL_1849
VIE;1805;+0200;2240;+0200;0;LH_6261-LH_6330
VIE;1810;+0200;2245;+0200;0;SK_1426-SK_9411
VIE;0925;+0200;1405;+0200;0;UA_9029-UA_8966
VIE;0925;+0200;1410;+0200;0;LH_6221-LH_1238
VIE;0925;+0200;1410;+0200;0;SK_1637-SK_3297
VIE;0925;+0200;1410;+0200;0;UA_9029-UA_8966
VIE;1120;+0200;1605;+0200;0;OU_481-OU_5440
VIE;1425;+0200;1910;+0200;0;KL_1130-KL_1847
VIE;1645;+0200;2130;+0200;0;SK_8575-SK_9442
VIE;1645;+0200;2130;+0200;0;LH_829-LH_6338
VIE;1700;+0200;2145;+0200;0;BD_5460-BD_2836
VIE;1700;+0200;2145;+0200;0;SN_2260-SN_6005
VIE;0720;+0200;1210;+0200;0;SK_402-SK_9409
VIE;1115;+0200;1605;+0200;0;SK_9329-SK_9448
VIE;1115;+0200;1605;+0200;0;OU_481-OU_5440
VIE;1415;+0200;1905;+0200;0;LH_6069-LH_3102
VIE;1655;+0200;2145;+0200;0;LH_6215-LH_6356
VIE;0805;+0200;1305;+0200;0;BT_132-BT_433
VIE;1450;+0200;1950;+0200;0;LH_6265-LH_6929
VIE;0700;+0200;1205;+0200;0;LH_6219-LH_6334
VIE;0700;+0200;1205;+0200;0;SK_639-SK_9440
VIE;1440;+0200;1945;+0200;0;LH_6257-LH_6328
VIE;1530;+0200;2035;+0200;0;AB_8951-AB_8762
VIE;0655;+0200;1205;+0200;0;AF_1351-AF_1556
VIE;1325;+0200;1835;+0200;0;AY_666-AY_767
VIE;1545;+0200;2100;+0200;0;LH_6251-LH_6370
VIE;1750;+0200;2305;+0200;0;SK_1635-SK_3729
OSL;0720;+0200;0830;+0200;0;SK_454
OSL;0815;+0200;0925;+0200;0;SK_1462
OSL;0920;+0200;1030;+0200;0;SK_1464
OSL;0925;+0200;1035;+0200;0;WF_304
OSL;0925;+0200;1035;+0200;0;SK_3180
OSL;1020;+0200;1130;+0200;0;SK_1454
OSL;1155;+0200;1305;+0200;0;SK_1456
OSL;1335;+0200;1445;+0200;0;SK_458
OSL;1415;+0200;1525;+0200;0;SK_1458
OSL;1430;+0200;1540;+0200;0;SK_3174
OSL;1430;+0200;1540;+0200;0;WF_306
OSL;1535;+0200;1645;+0200;0;UA_6941
OSL;1605;+0200;1715;+0200;0;SK_1460
OSL;1730;+0200;1840;+0200;0;SK_462
OSL;1730;+0200;1840;+0200;0;WF_312
OSL;1730;+0200;1840;+0200;0;SK_3052
OSL;1810;+0200;1920;+0200;0;SK_1470
OSL;2005;+0200;2115;+0200;0;SK_1478
OSL;2055;+0200;2205;+0200;0;SK_3036
OSL;2055;+0200;2205;+0200;0;WF_316
OSL;2245;+0200;2355;+0200;0;SK_1474
OSL;1530;+0200;1645;+0200;0;SK_460
OSL;0810;+0200;1030;+0200;0;SK_434-SK_3025
OSL;1155;+0200;1435;+0200;0;SK_1420-SK_495
OSL;1210;+0200;1450;+0200;0;SK_2864-SK_268
OSL;1410;+0200;1650;+0200;0;SK_2868-SK_274
OSL;1210;+0200;1455;+0200;0;SK_2864-SK_268
OSL;1620;+0200;1905;+0200;0;SK_2872-SK_284
OSL;1750;+0200;2035;+0200;0;QI_851-QI_87
OSL;0720;+0200;1015;+0200;0;SK_402-SK_849
OSL;1410;+0200;1705;+0200;0;SK_1872-SK_4032
OSL;1625;+0200;1920;+0200;0;SK_1874-SK_4042
OSL;1525;+0200;1830;+0200;0;SK_408-SK_885
OSL;1730;+0200;2035;+0200;0;SK_1203-SK_3402
OSL;1410;+0200;1720;+0200;0;SK_1872-SK_4032
OSL;0800;+0200;1115;+0200;0;SK_3183-SK_212
OSL;1215;+0200;1530;+0200;0;SK_1647-SK_3660
OSL;1215;+0200;1530;+0200;0;LH_6055-LH_2958
OSL;1615;+0200;1935;+0200;0;SK_1424-SK_889
OSL;1300;+0200;1625;+0200;0;SK_2882-SK_365
OSL;1410;+0200;1735;+0200;0;SK_2868-SK_278
OSL;1150;+0200;1520;+0200;0;SK_1868-SK_4024
OSL;1415;+0200;1745;+0200;0;SK_1422-SK_499
OSL;1615;+0200;1945;+0200;0;SK_1424-SK_889
OSL;1620;+0200;1950;+0200;0;SK_2872-SK_286
HEL;0855;+0200;1125;+0300;0;AY_662
HEL;1655;+0200;1925;+0300;0;AY_664
HEL;2020;+0200;2250;+0300;0;AY_668
HEL;0935;+0200;1210;+0300;0;SK_1712
HEL;0935;+0200;1210;+0300;0;UA_6929
HEL;0935;+0200;1210;+0300;0;KF_5317
HEL;1005;+0200;1240;+0300;0;SK_6546
HEL;1005;+0200;1240;+0300;0;KF_606
HEL;1325;+0200;1600;+0300;0;JL_7804
HEL;1325;+0200;1600;+0300;0;AY_666
HEL;1415;+0200;1650;+0300;0;KF_608
HEL;1415;+0200;1650;+0300;0;SK_6694
HEL;1515;+0200;1750;+0300;0;SK_712
HEL;1515;+0200;1750;+0300;0;UA_6927
HEL;1615;+0200;1850;+0300;0;SK_1710
HEL;0620;+0200;0900;+0300;0;SK_1714
HEL;0620;+0200;0900;+0300;0;KF_5319
HEL;0805;+0200;1045;+0300;0;SK_6539
HEL;0805;+0200;1045;+0300;0;KF_622
HEL;1730;+0200;2010;+0300;0;KF_624
HEL;1730;+0200;2010;+0300;0;SK_6541
HEL;2005;+0200;2245;+0300;0;SK_714
HEL;2005;+0200;2245;+0300;0;KF_5313
HEL;2240;+0200;0120;+0300;1;KF_628
HEL;2240;+0200;0120;+0300;1;SK_6544
HEL;1525;+0200;1905;+0300;0;SK_408-SK_708
HEL;1155;+0200;1545;+0300;0;SK_1420-SK_704
HEL;1615;+0200;2005;+0300;0;SK_1424-SK_6424
HEL;2045;+0200;0105;+0300;1;BT_140-BT_329
HEL;0920;+0200;1355;+0300;0;SK_1418-SK_6428
HEL;1300;+0200;1735;+0300;0;BT_136-BT_325
HEL;1525;+0200;2005;+0300;0;SK_408-SK_6424
HEL;2025;+0200;0105;+0300;1;BT_140-BT_329
HEL;1415;+0200;1905;+0300;0;SK_1422-SK_708
HEL;1300;+0200;1800;+0300;0;BT_136-BT_307
HEL;1605;+0200;2115;+0300;0;SK_1460-SK_6590
DUB;0905;+0200;1020;+0100;0;SK_537
DUB;1650;+0200;1805;+0100;0;SK_2537
DUB;0815;+0200;1120;+0100;0;SK_1462-SK_4603
DUB;1425;+0200;1735;+0100;0;KL_1130-KL_3159
DUB;1930;+0200;2240;+0100;0;LH_831-LH_982
DUB;1015;+0200;1340;+0100;0;KL_1126-KL_3155
DUB;0720;+0200;1105;+0100;0;SK_402-SK_535
DUB;1735;+0200;2120;+0100;0;KL_1132-KL_3161
DUB;1010;+0200;1400;+0100;0;AF_1751-AF_5006
DUB;1145;+0200;1540;+0100;0;KL_1128-KL_3157
DUB;1455;+0200;1850;+0100;0;SK_505-SK_9719
DUB;1455;+0200;1850;+0100;0;BD_3705-BD_129
DUB;1630;+0200;2025;+0100;0;BA_817-BA_5977
DUB;0720;+0200;1120;+0100;0;SK_454-SK_4603
DUB;1555;+0200;1955;+0100;0;SK_1517-SK_9775
DUB;0700;+0200;1105;+0100;0;LH_6219-LH_978
DUB;0600;+0200;1010;+0100;0;KL_1124-KL_3153
DUB;1400;+0200;1810;+0100;0;BA_815-BA_5969
DUB;1805;+0200;2215;+0100;0;AF_1051-AF_5008
DUB;0655;+0200;1115;+0100;0;AF_1351-AF_5004
DUB;1525;+0200;1945;+0100;0;AF_2351-AF_5010
DUB;1805;+0200;2225;+0100;0;BA_819-BA_5983
DUB;0755;+0200;1225;+0100;0;BA_811-BA_5957
DUB;1100;+0200;1535;+0100;0;BA_813-BA_5965
DUB;0745;+0200;1225;+0100;0;BD_3701-BD_123
DUB;1555;+0200;2040;+0100;0;BD_3715-BD_131
DUB;1630;+0200;2125;+0100;0;BA_817-BA_5979
DUB;1455;+0200;1955;+0100;0;SK_505-SK_9775
DUB;1740;+0200;2240;+0100;0;LH_6225-LH_982
DUB;0600;+0200;1105;+0100;0;LH_833-LH_978
DUB;1015;+0200;1540;+0100;0;KL_1126-KL_3157
DUB;1400;+0200;1925;+0100;0;BA_815-BA_5975
DUB;1645;+0200;2225;+0100;0;BA_8468-BA_5983
DUB;1455;+0200;2040;+0100;0;BD_3705-BD_131
DUB;1145;+0200;1735;+0100;0;KL_1128-KL_3159
DUB;1400;+0200;1955;+0100;0;BA_815-BA_5847
DUB;1630;+0200;2225;+0100;0;BA_817-BA_5983
DUB;1645;+0200;2240;+0100;0;LH_829-LH_982
DUB;0755;+0200;1355;+0100;0;BA_811-BA_5959
DUB;0745;+0200;1355;+0100;0;SK_501-SK_9757
DUB;1100;+0200;1710;+0100;0;BA_813-BA_5967
DUB;1200;+0200;1820;+0100;0;BD_3703-BD_125
DUB;1020;+0200;1645;+0100;0;AF_1751-AF_5014
DUB;1400;+0200;2025;+0100;0;BA_815-BA_5977
DUB;0720;+0200;1355;+0100;0;BA_8466-BA_5959
DUB;1010;+0200;1645;+0100;0;AF_1751-AF_5014
DUB;1300;+0200;1945;+0100;0;AF_2051-AF_5010
DUB;1405;+0200;1955;+0100;0;LH_6213-LH_3384-LH_6505
DUB;0600;+0200;1225;+0100;0;BD_3417-BD_3214-BD_123
DUB;1415;+0200;2040;+0100;0;BD_3738-BD_3853-BD_131
VCE;1255;+0200;1620;+0200;0;LH_2443-LH_1910
VCE;0705;+0200;1035;+0200;0;AB_8093-AB_8990
VCE;0700;+0200;1035;+0200;0;AB_8093-AB_8990
VCE;0835;+0200;1210;+0200;0;LH_2441-LH_1908
VCE;1700;+0200;2050;+0200;0;BD_5460-BD_5555
VCE;0925;+0200;1325;+0200;0;UA_9029-UA_9086
VCE;0925;+0200;1325;+0200;0;SK_1637-SK_3777
VCE;0925;+0200;1325;+0200;0;LH_6221-LH_326
VCE;1440;+0200;1845;+0200;0;LX_1271-LX_1664
VCE;1745;+0200;2150;+0200;0;OS_304-OS_527
VCE;1330;+0200;1740;+0200;0;UA_9321-UA_9165
VCE;1700;+0200;2110;+0200;0;SN_2260-SN_3205
VCE;1930;+0200;2340;+0200;0;LH_831-LH_332
VCE;1930;+0200;2340;+0200;0;SK_3629-SK_3709
VCE;1330;+0200;1745;+0200;0;UA_9321-UA_9165
VCE;0925;+0200;1345;+0200;0;UA_9029-UA_9086
VCE;0940;+0200;1400;+0200;0;LX_1267-LX_1662
VCE;1805;+0200;2225;+0200;0;LH_6261-LH_1914
VCE;0810;+0200;1240;+0200;0;SK_1416-SK_1847
VCE;1525;+0200;1955;+0200;0;AF_2351-AF_2226
VCE;0655;+0200;1130;+0200;0;AF_1351-AF_1426
VCE;1450;+0200;1925;+0200;0;SK_675-SK_3395
VCE;1450;+0200;1925;+0200;0;LH_6265-LH_330
VCE;1735;+0200;2210;+0200;0;KL_1132-KL_1659
VCE;1145;+0200;1635;+0200;0;AZ_2915-AZ_7735
VCE;1145;+0200;1635;+0200;0;KL_1128-KL_1655
VCE;0810;+0200;1305;+0200;0;LH_6211-LH_3212
VCE;0845;+0200;1340;+0200;0;AB_8217-AB_8862
VCE;1805;+0200;2300;+0200;0;AF_1051-AF_2526
VCE;0835;+0200;1340;+0200;0;AB_8217-AB_8862
VCE;0720;+0200;1240;+0200;0;SK_402-SK_1847
VCE;1100;+0200;1620;+0200;0;LH_6247-LH_1910
VCE;0645;+0200;1210;+0200;0;LH_6259-LH_1908
VCE;0810;+0200;1340;+0200;0;LH_6211-LH_3212
VCE;0805;+0200;1340;+0200;0;BT_132-BT_627
VCE;1650;+0200;2225;+0200;0;LH_2445-LH_1914
VCE;0600;+0200;1145;+0200;0;AZ_2911-AZ_7733
VCE;0600;+0200;1145;+0200;0;KL_1124-KL_1653
VCE;1750;+0200;2340;+0200;0;SK_1635-SK_3709
VCE;0800;+0200;1400;+0200;0;LX_4701-LX_1662
VCE;1740;+0200;2340;+0200;0;LH_6225-LH_332
VCE;1740;+0200;2340;+0200;0;SK_1635-SK_3709
VCE;0710;+0200;1325;+0200;0;JK_38-JK_81
VCE;1015;+0200;1635;+0200;0;AZ_2913-AZ_7735
VCE;1015;+0200;1635;+0200;0;KL_1126-KL_1655
VCE;0700;+0200;1325;+0200;0;SK_639-SK_3777
VCE;0700;+0200;1325;+0200;0;LH_6219-LH_326
VCE;1020;+0200;1710;+0200;0;AZ_3619-AZ_7331
VCE;1020;+0200;1710;+0200;0;AF_1751-AF_2026
VCE;1300;+0200;1955;+0200;0;AF_2051-AF_2226
VCE;1300;+0200;1955;+0200;0;AZ_3629-AZ_7333
VCE;1645;+0200;2340;+0200;0;SK_8575-SK_3709
VCE;1645;+0200;2340;+0200;0;LH_829-LH_332
VCE;1645;+0200;2340;+0200;0;BD_3419-BD_3402
VCE;1010;+0200;1710;+0200;0;AF_1751-AF_2026
VCE;0705;+0200;1420;+0200;0;AB_8093-AB_8990
VCE;0605;+0200;1325;+0200;0;UA_9265-UA_9086
VCE;0655;+0200;1415;+0200;0;AZ_3533-AZ_7329
VCE;0655;+0200;1415;+0200;0;AF_1351-AF_1726
VCE;0700;+0200;1420;+0200;0;AB_8093-AB_8990
VCE;1020;+0200;1740;+0200;0;UA_9029-UA_9165
VCE;1330;+0200;2050;+0200;0;BD_5458-BD_5555
VCE;0600;+0200;1325;+0200;0;LH_833-LH_326
VCE;0600;+0200;1325;+0200;0;SK_8519-SK_3777
VCE;0600;+0200;1325;+0200;0;UA_9265-UA_9086
VCE;0600;+0200;1325;+0200;0;BD_3417-BD_3406
VCE;1020;+0200;1745;+0200;0;BD_3423-BD_3408
VCE;1020;+0200;1745;+0200;0;LH_823-LH_328
VCE;1020;+0200;1745;+0200;0;SK_3627-SK_3707
VCE;1020;+0200;1745;+0200;0;UA_9029-UA_9165
MUC;1100;+0200;1235;+0200;0;SK_1665
MUC;1100;+0200;1235;+0200;0;LH_6247
MUC;1440;+0200;1615;+0200;0;SK_2657
MUC;1440;+0200;1615;+0200;0;LH_6257
MUC;1805;+0200;1940;+0200;0;LH_6261
MUC;1805;+0200;1940;+0200;0;SK_663
MUC;1945;+0200;2120;+0200;0;SK_659
MUC;1945;+0200;2120;+0200;0;LH_6263
MUC;0645;+0200;0825;+0200;0;SK_661
MUC;0645;+0200;0825;+0200;0;LH_6259
MUC;0835;+0200;1015;+0200;0;LH_2441
MUC;0835;+0200;1015;+0200;0;SK_3689
MUC;1255;+0200;1435;+0200;0;LH_2443
MUC;1255;+0200;1435;+0200;0;SK_3693
MUC;1650;+0200;1830;+0200;0;SK_3649
MUC;1650;+0200;1830;+0200;0;LH_2445
MUC;2125;+0200;2305;+0200;0;LH_2447
MUC;1530;+0200;1810;+0200;0;AB_8951-AB_6201
MUC;0800;+0200;1100;+0200;0;LH_6035-LH_2033
MUC;1925;+0200;2225;+0200;0;LH_6039-LH_2053
MUC;1705;+0200;2015;+0200;0;LH_6071-LH_2101
MUC;1800;+0200;2110;+0200;0;LH_6241-LH_2079
MUC;0820;+0200;1135;+0200;0;LH_6239-LH_2063
MUC;1655;+0200;2010;+0200;0;LH_6215-LH_2017
MUC;0705;+0200;1025;+0200;0;AB_8093-AB_6193
MUC;1410;+0200;1730;+0200;0;LH_6037-LH_2041
MUC;1450;+0200;1810;+0200;0;LH_6265-LH_116
MUC;1740;+0200;2100;+0200;0;LX_4705-LX_3624
MUC;0700;+0200;1025;+0200;0;AB_8093-AB_6193
MUC;0940;+0200;1310;+0200;0;LX_1267-LX_1104
MUC;1235;+0200;1605;+0200;0;LH_6047-LH_2039
MUC;1415;+0200;1745;+0200;0;LH_6069-LH_2073
MUC;1645;+0200;2015;+0200;0;LH_829-LH_120
MUC;1405;+0200;1740;+0200;0;LH_6213-LH_2013
MUC;1740;+0200;2115;+0200;0;LH_6225-LH_122
MUC;0810;+0200;1155;+0200;0;LH_6211-LH_2005
MUC;0925;+0200;1310;+0200;0;LH_6221-LH_108
MUC;1010;+0200;1355;+0200;0;OS_302-OS_7233
MUC;1440;+0200;1825;+0200;0;LX_1271-LX_3622
MUC;0815;+0200;1210;+0200;0;SK_1462-SK_4759
MUC;0600;+0200;1000;+0200;0;LH_833-LH_104
MUC;0700;+0200;1100;+0200;0;LH_6219-LH_106
MUC;1215;+0200;1615;+0200;0;LH_6055-LH_2071
MUC;0820;+0200;1225;+0200;0;LH_6239-LH_2065
MUC;1410;+0200;1815;+0200;0;LH_6037-LH_2043
MUC;1615;+0200;2020;+0200;0;SK_1424-SK_3635
MUC;0800;+0200;1210;+0200;0;LH_6035-LH_2035
MUC;1020;+0200;1430;+0200;0;LH_823-LH_110
MUC;1010;+0200;1425;+0200;0;AF_1751-AF_2022
MUC;1605;+0200;2020;+0200;0;SK_1460-SK_3681
MUC;1745;+0200;2200;+0200;0;OS_304-OS_7237
MUC;1800;+0200;2215;+0200;0;LH_6241-LH_2081
MUC;1010;+0200;1430;+0200;0;AF_1751-AF_2022
MUC;1525;+0200;1945;+0200;0;AF_2351-AF_2522
MUC;1530;+0200;1950;+0200;0;AB_8951-AB_6203
MUC;1740;+0200;2200;+0200;0;LX_4705-LX_3626
MUC;0800;+0200;1225;+0200;0;LH_6035-LH_2035
MUC;1155;+0200;1620;+0200;0;LH_6174-LH_6187
MUC;1155;+0200;1620;+0200;0;SK_1420-SK_2661
MUC;1300;+0200;1725;+0200;0;AF_2051-AF_2322
MUC;1450;+0200;1915;+0200;0;LH_6265-LH_118
MUC;1300;+0200;1730;+0200;0;AF_2051-AF_2322
MUC;1415;+0200;1845;+0200;0;LH_6069-LH_2075
MUC;1645;+0200;2115;+0200;0;LH_829-LH_122
MUC;1655;+0200;2125;+0200;0;LH_6215-LH_2019
MUC;0715;+0200;1155;+0200;0;OS_308-OS_7239
MUC;1405;+0200;1845;+0200;0;LH_6213-LH_2015
MUC;1410;+0200;1850;+0200;0;LH_6037-LH_2047
MUC;1735;+0200;2215;+0200;0;KL_1132-KL_1801
MUC;0920;+0200;1405;+0200;0;LH_6084-LH_2415
MUC;0920;+0200;1405;+0200;0;SK_1418-SK_3633
MUC;0920;+0200;1405;+0200;0;SK_1464-SK_3687
MUC;0920;+0200;1405;+0200;0;LH_6090-LH_2451
MUC;0940;+0200;1425;+0200;0;LX_1267-LX_3620
MUC;1535;+0200;2020;+0200;0;LH_6246-LH_2455
MUC;1720;+0200;2205;+0200;0;LX_1291-LX_3918
MUC;1740;+0200;2225;+0200;0;LH_6225-LH_124
MUC;1805;+0200;2250;+0200;0;BA_819-BA_958
STO;0810;+0200;0920;+0200;0;SK_1416
STO;0810;+0200;0920;+0200;0;UA_6897
STO;0920;+0200;1030;+0200;0;SK_1418
STO;1155;+0200;1305;+0200;0;SK_1420
STO;1415;+0200;1525;+0200;0;SK_1422
STO;1525;+0200;1635;+0200;0;SK_408
STO;1525;+0200;1635;+0200;0;UA_6899
STO;1615;+0200;1725;+0200;0;SK_1424
STO;1710;+0200;1820;+0200;0;SK_410
STO;1810;+0200;1920;+0200;0;SK_1426
STO;2015;+0200;2125;+0200;0;SK_1430
STO;2100;+0200;2210;+0200;0;SK_414
STO;2245;+0200;2355;+0200;0;SK_1428
STO;0720;+0200;0835;+0200;0;UA_6895
STO;0720;+0200;0835;+0200;0;SK_402
STO;1410;+0200;1540;+0200;0;QI_17
STO;0810;+0200;1030;+0200;0;SK_434-SK_142
STO;1120;+0200;1345;+0200;0;SK_436-SK_158
STO;1335;+0200;1610;+0200;0;SK_458-SK_496
STO;0920;+0200;1200;+0200;0;SK_1464-SK_864
STO;0720;+0200;1005;+0200;0;SK_454-SK_484
STO;1415;+0200;1700;+0200;0;SK_1458-SK_882
STO;1720;+0200;2010;+0200;0;SK_1444-SK_166
STO;1215;+0200;1515;+0200;0;SK_1647-SK_3638
STO;1215;+0200;1515;+0200;0;LH_6055-LH_2928
STO;1155;+0200;1500;+0200;0;SK_1456-SK_874
STO;1410;+0200;1715;+0200;0;SK_438-SK_162
STO;1655;+0200;2000;+0200;0;AY_664-AY_985
STO;1810;+0200;2115;+0200;0;SK_1470-SK_896
STO;1020;+0200;1330;+0200;0;SK_1454-SK_868
STO;1410;+0200;1720;+0200;0;SK_438-SK_162
STO;1605;+0200;1915;+0200;0;SK_1460-SK_1484
STO;1655;+0200;2005;+0200;0;AY_664-AY_649
STO;0620;+0200;0935;+0200;0;SK_1714-SK_703
STO;0620;+0200;0935;+0200;0;KF_5319-KF_5300
STO;1155;+0200;1510;+0200;0;SK_1456-SK_874
STO;1415;+0200;1730;+0200;0;SK_6694-SK_6423
STO;1415;+0200;1730;+0200;0;KF_608-KF_847
STO;1730;+0200;2045;+0200;0;SK_462-SK_896
STO;0805;+0200;1125;+0200;0;SK_6539-SK_6427
STO;0805;+0200;1125;+0200;0;KF_622-KF_855
STO;1730;+0200;2050;+0200;0;KF_624-KF_857
STO;1325;+0200;1650;+0200;0;JL_7804-JL_7803
STO;1325;+0200;1650;+0200;0;AY_666-AY_645
STO;1335;+0200;1700;+0200;0;SK_458-SK_882
STO;1615;+0200;1945;+0200;0;SK_1710-SK_709
STO;0815;+0200;1150;+0200;0;SK_1462-SK_864
STO;1325;+0200;1700;+0200;0;AY_666-AY_983
STO;1515;+0200;1855;+0200;0;SK_712-SK_6430
STO;0815;+0200;1200;+0200;0;SK_1462-SK_864
STO;1530;+0200;1915;+0200;0;SK_460-SK_1484
STO;1730;+0200;2115;+0200;0;SK_462-SK_896
BRU;1120;+0200;1250;+0200;0;SK_1591
BRU;1510;+0200;1640;+0200;0;UA_6907
BRU;1510;+0200;1640;+0200;0;SK_1593
BRU;0815;+0200;0950;+0200;0;SK_593
BRU;0815;+0200;0950;+0200;0;UA_6909
BRU;1810;+0200;1945;+0200;0;SK_597
BRU;1900;+0200;2035;+0200;0;TF_2281
BRU;1900;+0200;2035;+0200;0;SN_2264
BRU;0635;+0200;0815;+0200;0;SN_2268
BRU;0635;+0200;0815;+0200;0;UA_9912
BRU;0850;+0200;1030;+0200;0;TF_2273
BRU;0850;+0200;1030;+0200;0;SN_2256
BRU;0850;+0200;1030;+0200;0;UA_9910
BRU;0900;+0200;1040;+0200;0;UA_9910
BRU;0900;+0200;1040;+0200;0;HU_8094
BRU;0900;+0200;1040;+0200;0;SN_2256
BRU;1310;+0200;1450;+0200;0;SN_2258
BRU;1310;+0200;1450;+0200;0;TF_2275
BRU;1330;+0200;1510;+0200;0;SN_2258
BRU;1700;+0200;1840;+0200;0;TF_2279
BRU;1700;+0200;1840;+0200;0;SN_2260
BRU;1415;+0200;1730;+0200;0;LH_6069-LH_5584
BRU;0700;+0200;1020;+0200;0;LH_6219-LH_1008
BRU;0925;+0200;1245;+0200;0;LH_6221-LH_1010
BRU;1425;+0200;1745;+0200;0;KL_1130-KL_1731
BRU;1645;+0200;2005;+0200;0;LH_829-LH_1020
BRU;1720;+0200;2055;+0200;0;LX_1291-LX_766
BRU;0645;+0200;1025;+0200;0;LH_6259-LH_2284
BRU;1020;+0200;1400;+0200;0;UA_9029-UA_9354
BRU;1020;+0200;1400;+0200;0;LH_823-LH_1012
BRU;1255;+0200;1635;+0200;0;LH_2443-LH_2290
BRU;1545;+0200;1925;+0200;0;LH_6251-LH_3360
BRU;1015;+0200;1400;+0200;0;KL_1126-KL_1725
BRU;1440;+0200;1825;+0200;0;LH_6257-LH_2292
BRU;1450;+0200;1835;+0200;0;LH_6265-LH_1018
BRU;1650;+0200;2035;+0200;0;LH_2445-LH_2294
BRU;1740;+0200;2135;+0200;0;LX_4705-LX_770
BRU;1925;+0200;2320;+0200;0;LH_6039-LH_5570
BRU;1415;+0200;1815;+0200;0;BD_3876-BD_3795
BRU;1415;+0200;1815;+0200;0;SK_1458-SK_4745
BRU;0820;+0200;1230;+0200;0;LH_6239-LH_5582
BRU;0940;+0200;1350;+0200;0;LX_1267-LX_780
BRU;1010;+0200;1423;+0200;0;AF_1751-AF_7183
BRU;0605;+0200;1020;+0200;0;UA_9265-UA_8819
BRU;0715;+0200;1130;+0200;0;OS_308-OS_8171
BRU;1410;+0200;1825;+0200;0;LH_6037-LH_5566
BRU;0600;+0200;1020;+0200;0;SQ_2009-SQ_2038
BRU;0600;+0200;1020;+0200;0;LH_833-LH_1008
BRU;0600;+0200;1020;+0200;0;UA_9265-UA_8819
BRU;1030;+0200;1450;+0200;0;AA_6387-AA_6427
BRU;1805;+0200;2225;+0200;0;BA_819-BA_404
BRU;0820;+0200;1245;+0200;0;LH_6239-LH_5582
BRU;0825;+0200;1250;+0200;0;BD_3891-BD_5374
BRU;1530;+0200;1955;+0200;0;LO_5454-LO_5235
BRU;1630;+0200;2055;+0200;0;BA_817-BA_400
BRU;1440;+0200;1910;+0200;0;LX_1271-LX_788
BRU;1530;+0200;2000;+0200;0;LO_5454-LO_5235
BRU;1735;+0200;2205;+0200;0;KL_1132-KL_1733
BRU;1805;+0200;2235;+0200;0;LH_6261-LH_2296
BRU;0825;+0200;1300;+0200;0;BD_3891-BD_5374
BRU;0925;+0200;1400;+0200;0;UA_9029-UA_9354
BRU;0925;+0200;1400;+0200;0;LH_6221-LH_1012
BRU;1400;+0200;1835;+0200;0;AA_6535-AA_6457
BRU;1400;+0200;1835;+0200;0;BA_815-BA_398
BRU;1740;+0200;2215;+0200;0;LH_6225-LH_1024
BRU;1335;+0200;1815;+0200;0;SK_458-SK_4745
BRU;0600;+0200;1045;+0200;0;KL_1124-KL_1723
BRU;1325;+0200;1815;+0200;0;JL_7804-JL_7823
BRU;1325;+0200;1815;+0200;0;AY_666-AY_817
BRU;1415;+0200;1905;+0200;0;SK_6694-SK_6511
BRU;1730;+0200;2225;+0200;0;BD_3975-BD_5348
BRU;0655;+0200;1155;+0200;0;AF_1351-AF_7179
BRU;0855;+0200;1355;+0200;0;BD_3973-BD_5340
BRU;1415;+0200;1915;+0200;0;LH_6069-LH_5580
BRU;0800;+0200;1310;+0200;0;LH_6035-LH_5564
BRU;1410;+0200;1920;+0200;0;BD_3966-BD_5518
BRU;1100;+0200;1615;+0200;0;BA_813-BA_396
BRU;1215;+0200;1730;+0200;0;LH_6055-LH_5584
BRU;1415;+0200;1930;+0200;0;LH_6069-LH_5580
BRU;1450;+0200;2005;+0200;0;LH_6265-LH_1020
BRU;1555;+0200;2110;+0200;0;BD_3715-BD_5436
BRU;1525;+0200;2043;+0200;0;AF_2351-AF_7187
BRU;0645;+0200;1205;+0200;0;LH_6259-LH_2286
BRU;1155;+0200;1720;+0200;0;SK_1420-SK_1589
BRU;1630;+0200;2155;+0200;0;BA_817-BA_404
BRU;1745;+0200;2310;+0200;0;OS_304-OS_8175
BRU;1255;+0200;1825;+0200;0;LH_2443-LH_2292
BRU;1645;+0200;2215;+0200;0;LH_829-LH_1024
BRU;0745;+0200;1320;+0200;0;BD_3701-BD_5434
BRU;1030;+0200;1605;+0200;0;AA_6387-AA_6456
BRU;1100;+0200;1635;+0200;0;LH_6247-LH_2290
BRU;1155;+0200;1735;+0200;0;BD_3760-BD_3839
BRU;1155;+0200;1735;+0200;0;SK_1420-SK_1589
BRU;1315;+0200;1855;+0200;0;BD_1604-BD_1631
BRU;0700;+0200;1245;+0200;0;LH_6219-LH_1010
BRU;1300;+0200;1845;+0200;0;AF_2051-AF_7185
BRU;1650;+0200;2235;+0200;0;LH_2445-LH_2296
GVA;0845;+0200;1045;+0200;0;SK_613
GVA;0845;+0200;1045;+0200;0;UA_6923
GVA;1715;+0200;1915;+0200;0;SK_617
GVA;1715;+0200;1915;+0200;0;UA_6925
GVA;1715;+0200;1915;+0200;0;LX_4715
GVA;0850;+0200;1055;+0200;0;SK_613
GVA;0940;+0200;1305;+0200;0;LX_1267-LX_2824
GVA;1650;+0200;2015;+0200;0;LH_2445-LH_2388
GVA;1955;+0200;2320;+0200;0;LX_1273-LX_2818
GVA;0810;+0200;1140;+0200;0;LH_6211-LH_3158
GVA;1255;+0200;1625;+0200;0;LH_2443-LH_2384
GVA;1700;+0200;2030;+0200;0;BD_5460-BD_5281
GVA;0925;+0200;1300;+0200;0;LH_6221-LH_1216
GVA;1310;+0200;1645;+0200;0;SN_2258-SN_2719
GVA;0850;+0200;1230;+0200;0;SN_2256-SN_2715
GVA;1330;+0200;1710;+0200;0;UA_9321-UA_9324
GVA;0835;+0200;1220;+0200;0;LH_2441-LH_2382
GVA;1440;+0200;1825;+0200;0;LH_6257-LH_2386
GVA;1440;+0200;1825;+0200;0;LX_1271-LX_2810
GVA;1740;+0200;2125;+0200;0;LX_4705-LX_2816
GVA;1740;+0200;2125;+0200;0;SK_609-SK_3512
GVA;1020;+0200;1410;+0200;0;UA_9029-UA_9020
GVA;1120;+0200;1515;+0200;0;LH_6041-LH_3162
GVA;1010;+0200;1410;+0200;0;AF_1751-AF_2142
GVA;1020;+0200;1420;+0200;0;LH_823-LH_1218
GVA;1020;+0200;1420;+0200;0;UA_9029-UA_9020
GVA;1020;+0200;1420;+0200;0;BD_3423-BD_3106
GVA;0605;+0200;1015;+0200;0;UA_9265-UA_9068
GVA;1300;+0200;1710;+0200;0;AF_2051-AF_2442
GVA;1425;+0200;1835;+0200;0;KL_1130-KL_1933
GVA;1700;+0200;2110;+0200;0;BD_5460-BD_5283
GVA;1735;+0200;2145;+0200;0;KL_1132-KL_1937
GVA;0600;+0200;1015;+0200;0;SQ_2009-SQ_2046
GVA;0600;+0200;1015;+0200;0;UA_9265-UA_9068
GVA;0600;+0200;1015;+0200;0;LH_833-LH_1214
GVA;0655;+0200;1110;+0200;0;AF_1351-AF_1842
GVA;1300;+0200;1715;+0200;0;AF_2051-AF_2442
GVA;1525;+0200;1940;+0200;0;AF_2351-AF_1042
GVA;0655;+0200;1115;+0200;0;AF_1351-AF_1842
GVA;0940;+0200;1400;+0200;0;LX_1267-LX_2806
GVA;1805;+0200;2230;+0200;0;LH_6261-LH_2390
GVA;1145;+0200;1620;+0200;0;KL_1128-KL_1931
GVA;1450;+0200;1925;+0200;0;LH_6265-LH_1226
GVA;1745;+0200;2220;+0200;0;OS_304-OS_577
GVA;1805;+0200;2240;+0200;0;BA_819-BA_738
GVA;1450;+0200;1930;+0200;0;LH_6265-LH_1224
GVA;0925;+0200;1410;+0200;0;UA_9029-UA_9020
GVA;1330;+0200;1815;+0200;0;BD_5458-BD_5269
GVA;1330;+0200;1815;+0200;0;SN_2258-SN_2725
GVA;1330;+0200;1820;+0200;0;SN_2258-SN_2725
GVA;1740;+0200;2230;+0200;0;LH_6225-LH_1228
GVA;0925;+0200;1420;+0200;0;UA_9029-UA_9020
GVA;0925;+0200;1420;+0200;0;LH_6221-LH_1218
GVA;1415;+0200;1910;+0200;0;SK_1422-SK_615
GVA;0600;+0200;1100;+0200;0;KL_1124-KL_1927
GVA;0755;+0200;1255;+0200;0;BA_811-BA_728
GVA;0800;+0200;1305;+0200;0;LX_4701-LX_2824
GVA;1310;+0200;1815;+0200;0;SN_2258-SN_2725
GVA;1405;+0200;1910;+0200;0;LH_6213-LH_3164
GVA;0750;+0200;1300;+0200;0;AA_6532-AA_6338
GVA;1310;+0200;1820;+0200;0;SN_2258-SN_2725
GVA;1415;+0200;1925;+0200;0;LH_6069-LH_3168
GVA;1700;+0200;2215;+0200;0;SN_2260-SN_2723
GVA;1100;+0200;1625;+0200;0;LH_6247-LH_2384
GVA;1120;+0200;1645;+0200;0;BD_3731-BD_5279
GVA;1255;+0200;1825;+0200;0;LH_2443-LH_2386
GVA;0645;+0200;1220;+0200;0;LH_6259-LH_2382
GVA;1440;+0200;2015;+0200;0;LH_6257-LH_2388
GVA;0635;+0200;1215;+0200;0;UA_9912-UA_9935
GVA;0635;+0200;1215;+0200;0;SN_2268-SN_2715
GVA;0635;+0200;1215;+0200;0;BD_5454-BD_5275
GVA;1100;+0200;1640;+0200;0;BA_813-BA_732
GVA;1650;+0200;2230;+0200;0;LH_2445-LH_2390
GVA;1740;+0200;2320;+0200;0;LX_4705-LX_2818
GVA;1645;+0200;2230;+0200;0;LH_829-LH_1228
GVA;1645;+0200;2230;+0200;0;BD_3419-BD_3114
GVA;1020;+0200;1610;+0200;0;AF_1751-AF_2342
GVA;0635;+0200;1230;+0200;0;UA_9912-UA_9935
GVA;0635;+0200;1230;+0200;0;SN_2268-SN_2715
GVA;0700;+0200;1300;+0200;0;LH_6219-LH_1216
GVA;0800;+0200;1400;+0200;0;LX_4701-LX_2806
GVA;1010;+0200;1610;+0200;0;AF_1751-AF_2342
GVA;1015;+0200;1620;+0200;0;KL_1126-KL_1931
GVA;1630;+0200;2235;+0200;0;AA_6370-AA_6348
GVA;1030;+0200;1640;+0200;0;AA_6387-AA_6342
GVA;1555;+0200;2205;+0200;0;BD_3715-BD_6777
GVA;1630;+0200;2240;+0200;0;BA_817-BA_738
GVA;1630;+0200;2240;+0200;0;AA_6370-AA_6348
GVA;1630;+0200;2240;+0200;0;JL_7718-JL_7707
GVA;0655;+0200;1310;+0200;0;AF_1351-AF_2042
GVA;1525;+0200;2145;+0200;0;AF_2351-AF_1242
GVA;0755;+0200;1420;+0200;0;BA_811-BA_730
GVA;1400;+0200;2025;+0200;0;AA_6535-AA_6346
GVA;0750;+0200;1420;+0200;0;AA_6532-AA_6340
ZRH;0705;+0200;0850;+0200;0;SK_601
ZRH;0800;+0200;0945;+0200;0;LX_4701
ZRH;0800;+0200;0945;+0200;0;SK_601
ZRH;0800;+0200;0945;+0200;0;UA_6955
ZRH;1125;+0200;1310;+0200;0;UA_6953
ZRH;1125;+0200;1310;+0200;0;SK_603
ZRH;1740;+0200;1925;+0200;0;LX_4705
ZRH;1740;+0200;1925;+0200;0;SK_609
ZRH;1955;+0200;2140;+0200;0;LX_1273
ZRH;1955;+0200;2140;+0200;0;SK_3507
ZRH;1440;+0200;1630;+0200;0;SK_3505
ZRH;1440;+0200;1630;+0200;0;LX_1271
ZRH;0940;+0200;1135;+0200;0;SK_3503
ZRH;0940;+0200;1135;+0200;0;LX_1267
ZRH;0705;+0200;1010;+0200;0;AB_8093-AB_8588
ZRH;1530;+0200;1835;+0200;0;AB_8951-AB_8198
ZRH;0700;+0200;1010;+0200;0;AB_8093-AB_8588
ZRH;1530;+0200;1840;+0200;0;AB_8951-AB_8198
ZRH;1440;+0200;1800;+0200;0;LH_6257-LH_5786
ZRH;1800;+0200;2120;+0200;0;LH_6241-LH_5848
ZRH;1120;+0200;1445;+0200;0;LH_6041-LH_3136
ZRH;0605;+0200;0935;+0200;0;UA_9265-UA_9030
ZRH;0925;+0200;1255;+0200;0;LH_6221-LH_1190
ZRH;0925;+0200;1255;+0200;0;UA_9029-UA_9008
ZRH;0600;+0200;0935;+0200;0;UA_9265-UA_9030
ZRH;0600;+0200;0935;+0200;0;LH_833-LH_1186
ZRH;0805;+0200;1145;+0200;0;LH_6249-LH_5826
ZRH;1545;+0200;1925;+0200;0;LH_6251-LH_5830
ZRH;1650;+0200;2030;+0200;0;LH_2445-LH_2374
ZRH;1805;+0200;2145;+0200;0;LH_6261-LH_5788
ZRH;0835;+0200;1220;+0200;0;LH_2441-LH_2368
ZRH;1235;+0200;1620;+0200;0;LH_6047-LH_5838
ZRH;1255;+0200;1640;+0200;0;LH_2443-LH_2370
ZRH;0600;+0200;0950;+0200;0;LH_833-LH_5770
ZRH;0645;+0200;1040;+0200;0;LH_6259-LH_5782
ZRH;1745;+0200;2140;+0200;0;OS_304-OS_567
ZRH;1100;+0200;1500;+0200;0;LH_6247-LH_5784
ZRH;1215;+0200;1615;+0200;0;LH_6055-LH_5846
ZRH;1330;+0200;1730;+0200;0;UA_9321-UA_8876
ZRH;1405;+0200;1805;+0200;0;LH_6213-LH_3138
ZRH;1705;+0200;2105;+0200;0;LH_6071-LH_5806
ZRH;1740;+0200;2140;+0200;0;LH_6225-LH_5778
ZRH;1300;+0200;1705;+0200;0;AF_2051-AF_5106
ZRH;1655;+0200;2100;+0200;0;LH_6215-LH_5798
ZRH;0715;+0200;1125;+0200;0;OS_308-OS_8803
ZRH;0800;+0200;1210;+0200;0;LH_6035-LH_5852
ZRH;1425;+0200;1835;+0200;0;KL_1130-KL_1963
ZRH;1450;+0200;1900;+0200;0;LH_6265-LH_5776
ZRH;1700;+0200;2110;+0200;0;SN_2260-SN_5113
ZRH;0800;+0200;1215;+0200;0;LH_6035-LH_5852
ZRH;1020;+0200;1440;+0200;0;LH_823-LH_1192
ZRH;1020;+0200;1440;+0200;0;UA_9029-UA_9032
ZRH;1020;+0200;1440;+0200;0;BD_3423-BD_3558
ZRH;1645;+0200;2110;+0200;0;BA_8468-BA_8769
ZRH;0635;+0200;1105;+0200;0;SN_2268-SN_5103
ZRH;0655;+0200;1125;+0200;0;AF_1351-AF_5102
ZRH;0700;+0200;1130;+0200;0;LH_6219-LH_5772
ZRH;1450;+0200;1920;+0200;0;LH_6265-LH_1198
ZRH;1730;+0200;2200;+0200;0;SK_462-SK_3519
ZRH;1715;+0200;2155;+0200;0;LX_4715-LX_2819
ZRH;0720;+0200;1205;+0200;0;SK_454-SK_3517
ZRH;0720;+0200;1210;+0200;0;SK_402-SK_3509
ZRH;0755;+0200;1245;+0200;0;QF_3430-QF_3384
ZRH;0755;+0200;1245;+0200;0;BA_811-BA_712
ZRH;1120;+0200;1610;+0200;0;LH_6041-LH_5796
ZRH;1145;+0200;1635;+0200;0;KL_1128-KL_1961
ZRH;1400;+0200;1850;+0200;0;AA_6535-AA_6565
ZRH;1400;+0200;1850;+0200;0;BA_815-BA_718
ZRH;1415;+0200;1905;+0200;0;SK_1422-SK_1605
ZRH;1710;+0200;2200;+0200;0;SK_410-SK_3511
ZRH;1735;+0200;2225;+0200;0;KL_1132-KL_1969
ZRH;1440;+0200;1935;+0200;0;LH_6257-LH_2372
ZRH;1525;+0200;2020;+0200;0;AF_2351-AF_5110
ZRH;1645;+0200;2140;+0200;0;LH_829-LH_5778
ZRH;1650;+0200;2145;+0200;0;LH_2445-LH_5788
ZRH;1415;+0200;1915;+0200;0;SK_1458-SK_841
ZRH;0600;+0200;1105;+0200;0;KL_1124-KL_1957
ZRH;1020;+0200;1525;+0200;0;LH_823-LH_5774
ZRH;1255;+0200;1800;+0200;0;LH_2443-LH_5786
ZRH;1405;+0200;1910;+0200;0;LH_6213-LH_3140
ZRH;1415;+0200;1920;+0200;0;SK_1458-SK_841
ZRH;1530;+0200;2035;+0200;0;AB_8951-AB_8210
ZRH;0925;+0200;1440;+0200;0;UA_9029-UA_9032
ZRH;0925;+0200;1440;+0200;0;LH_6221-LH_1192
ZRH;1100;+0200;1620;+0200;0;BA_813-BA_716
ZRH;1630;+0200;2150;+0200;0;BA_817-BA_720
ZRH;1630;+0200;2150;+0200;0;JL_7718-JL_7731
ZRH;0805;+0200;1330;+0200;0;BT_132-BT_641
ZRH;1415;+0200;1940;+0200;0;LH_6069-LH_3146
ZRH;1555;+0200;2120;+0200;0;BD_3715-BD_6787
ZRH;0600;+0200;1130;+0200;0;LH_833-LH_5772
ZRH;0645;+0200;1220;+0200;0;LH_6259-LH_2368
ZRH;0620;+0200;1200;+0200;0;KF_5319-KF_63
ZRH;0620;+0200;1200;+0200;0;SK_1714-SK_6515
ZRH;0635;+0200;1215;+0200;0;SN_2268-SN_5105
ZRH;1100;+0200;1640;+0200;0;LH_6247-LH_2370
ZRH;1335;+0200;1915;+0200;0;SK_458-SK_841
ZRH;1335;+0200;1920;+0200;0;SK_458-SK_841
ZRH;1410;+0200;1955;+0200;0;LH_6037-LH_5842
ZRH;1615;+0200;2200;+0200;0;SK_1424-SK_3511
FRA;1645;+0200;1810;+0200;0;SK_8575
FRA;1645;+0200;1810;+0200;0;NH_6180
FRA;1645;+0200;1810;+0200;0;LH_829
FRA;1645;+0200;1810;+0200;0;BD_3419
FRA;1930;+0200;2055;+0200;0;AI_8571
FRA;1930;+0200;2055;+0200;0;LH_831
FRA;1930;+0200;2055;+0200;0;SK_3629
FRA;1005;+0200;1135;+0200;0;SK_1637
FRA;1330;+0200;1500;+0200;0;UA_9321
FRA;1450;+0200;1620;+0200;0;SK_675
FRA;1450;+0200;1620;+0200;0;LH_6265
FRA;1740;+0200;1910;+0200;0;SK_1635
FRA;1740;+0200;1910;+0200;0;LH_6225
FRA;1750;+0200;1920;+0200;0;SK_1635
FRA;0600;+0200;0735;+0200;0;BD_3417
FRA;0600;+0200;0735;+0200;0;SK_8519
FRA;0600;+0200;0735;+0200;0;LH_833
FRA;0600;+0200;0735;+0200;0;UA_9265
FRA;0925;+0200;1100;+0200;0;SK_1637
FRA;0925;+0200;1100;+0200;0;LH_6221
FRA;1020;+0200;1155;+0200;0;UA_9029
FRA;1020;+0200;1155;+0200;0;SK_3627
FRA;1020;+0200;1155;+0200;0;LH_823
FRA;1020;+0200;1155;+0200;0;BD_3423
FRA;0605;+0200;0745;+0200;0;UA_9265
FRA;0700;+0200;0840;+0200;0;LH_6219
FRA;0700;+0200;0840;+0200;0;SK_639
FRA;0925;+0200;1105;+0200;0;UA_9029
FRA;1800;+0200;2035;+0200;0;LH_6241-LH_27
FRA;1800;+0200;2040;+0200;0;LH_6241-LH_27
FRA;1320;+0200;1605;+0200;0;SK_8341-SK_8593
FRA;1215;+0200;1505;+0200;0;LH_6055-LH_17
FRA;0820;+0200;1120;+0200;0;LH_6239-LH_11
FRA;1120;+0200;1420;+0200;0;LH_6200-LH_815
FRA;1120;+0200;1420;+0200;0;SK_436-SK_3641
FRA;1410;+0200;1710;+0200;0;LH_6037-LH_191
FRA;0705;+0200;1010;+0200;0;AB_8093-AB_6557
FRA;0810;+0200;1115;+0200;0;LH_6211-LH_77
FRA;1655;+0200;2000;+0200;0;LH_6215-LH_87
FRA;1925;+0200;2230;+0200;0;LH_6039-LH_203
FRA;0700;+0200;1010;+0200;0;AB_8093-AB_6557
FRA;1235;+0200;1550;+0200;0;LH_6047-LH_189
FRA;1255;+0200;1610;+0200;0;LH_2443-LH_115
FRA;0835;+0200;1155;+0200;0;LH_2441-LH_109
FRA;1145;+0200;1505;+0200;0;KL_1128-KL_1767
FRA;1425;+0200;1750;+0200;0;KL_1130-KL_1773
FRA;1740;+0200;2105;+0200;0;LX_4705-LX_3610
FRA;0800;+0200;1130;+0200;0;LH_6035-LH_181
FRA;0645;+0200;1020;+0200;0;LH_6259-LH_105
FRA;1730;+0200;2110;+0200;0;SK_462-SK_3621
FRA;1730;+0200;2110;+0200;0;LH_6234-LH_863
FRA;1745;+0200;2130;+0200;0;OS_304-OS_127
FRA;0940;+0200;1330;+0200;0;LX_1267-LX_1072
FRA;1100;+0200;1450;+0200;0;LH_6247-LH_113
FRA;1415;+0200;1805;+0200;0;LH_6069-LH_21
FRA;0635;+0200;1030;+0200;0;SN_2268-SN_7001
FRA;1545;+0200;1940;+0200;0;LH_6251-LH_137
FRA;1625;+0200;2020;+0200;0;SK_8343-SK_8597
FRA;1155;+0200;1555;+0200;0;SK_1456-SK_3609
FRA;1155;+0200;1555;+0200;0;LH_6172-LH_861
FRA;1155;+0200;1555;+0200;0;BD_3866-BD_2931
FRA;1720;+0200;2120;+0200;0;SK_1444-SK_3685
FRA;1720;+0200;2120;+0200;0;LH_6108-LH_819
FRA;1805;+0200;2205;+0200;0;LH_6261-LH_125
FRA;0600;+0200;1005;+0200;0;KL_1124-KL_1765
FRA;0720;+0200;1125;+0200;0;SK_402-SK_635
FRA;0820;+0200;1225;+0200;0;LH_6239-LH_13
FRA;1545;+0200;1950;+0200;0;LH_6251-LH_137
FRA;1620;+0200;2025;+0200;0;SK_2872-SK_8581
FRA;1620;+0200;2025;+0200;0;LH_6290-LH_871
FRA;0800;+0200;1210;+0200;0;LH_6035-LH_183
FRA;0835;+0200;1245;+0200;0;LH_2441-LH_111
FRA;1120;+0200;1530;+0200;0;LH_6041-LH_81
FRA;1215;+0200;1625;+0200;0;LH_6055-LH_19
FRA;1625;+0200;2035;+0200;0;LH_6140-LH_877
FRA;1625;+0200;2035;+0200;0;SK_1874-SK_3217
FRA;0655;+0200;1110;+0200;0;AF_1351-AF_1618
FRA;0800;+0200;1215;+0200;0;LH_6035-LH_183
FRA;0810;+0200;1225;+0200;0;SK_434-SK_3605
FRA;0815;+0200;1230;+0200;0;SK_1462-SK_3623
FRA;1020;+0200;1435;+0200;0;AF_1751-AF_1918
FRA;1440;+0200;1855;+0200;0;LH_6257-LH_119
FRA;1530;+0200;1945;+0200;0;AB_8951-AB_6565
FRA;1650;+0200;2105;+0200;0;LH_2445-LH_123
FRA;1705;+0200;2120;+0200;0;LH_6071-LH_61
FRA;0645;+0200;1105;+0200;0;LH_6259-LH_107
FRA;0800;+0200;1220;+0200;0;SK_8337-SK_8595
FRA;0920;+0200;1340;+0200;0;SK_1464-SK_4755
FRA;1525;+0200;1945;+0200;0;AF_2351-AF_2418
FRA;1650;+0200;2110;+0200;0;LH_2445-LH_123
FRA;1710;+0200;2130;+0200;0;SK_410-SK_3677
FRA;1710;+0200;2130;+0200;0;LH_6066-LH_805
FRA;1800;+0200;2220;+0200;0;LH_6241-LH_29
FRA;0720;+0200;1145;+0200;0;SK_454-SK_4751
FRA;0805;+0200;1230;+0200;0;LH_6249-LH_133
FRA;1010;+0200;1435;+0200;0;AF_1751-AF_1918
FRA;1410;+0200;1835;+0200;0;LH_6037-LH_193
FRA;1735;+0200;2200;+0200;0;KL_1132-KL_1775
FRA;0810;+0200;1240;+0200;0;SK_1416-SK_3671
FRA;1010;+0200;1440;+0200;0;OS_302-OS_123
FRA;1155;+0200;1625;+0200;0;LH_6172-LH_6281
FRA;1155;+0200;1625;+0200;0;SK_1456-SK_4755
FRA;1415;+0200;1845;+0200;0;SK_1458-SK_4757
FRA;1440;+0200;1910;+0200;0;LX_1271-LX_3608
FRA;1705;+0200;2135;+0200;0;LH_6071-LH_61
DUS;0810;+0200;0930;+0200;0;LH_6211
DUS;0810;+0200;0930;+0200;0;SK_1629
DUS;0835;+0200;0955;+0200;0;AB_8217
DUS;0845;+0200;1005;+0200;0;AB_8217
DUS;1405;+0200;1525;+0200;0;LH_6213
DUS;1405;+0200;1525;+0200;0;SK_1621
DUS;1655;+0200;1815;+0200;0;LH_6215
DUS;1655;+0200;1815;+0200;0;SK_627
DUS;2040;+0200;2200;+0200;0;LH_6207
DUS;2040;+0200;2200;+0200;0;SK_629
DUS;2105;+0200;2225;+0200;0;AB_8231
DUS;1120;+0200;1245;+0200;0;SK_1627
DUS;1120;+0200;1245;+0200;0;LH_6041
DUS;1530;+0200;1820;+0200;0;AB_8951-AB_6447
DUS;1925;+0200;2225;+0200;0;KL_1134-KL_1863
DUS;0805;+0200;1115;+0200;0;LH_6249-LH_2753
DUS;0800;+0200;1115;+0200;0;LH_6035-LH_2733
DUS;1425;+0200;1740;+0200;0;KL_1130-KL_1861
DUS;1100;+0200;1425;+0200;0;LH_6247-LH_2010
DUS;0645;+0200;1015;+0200;0;LH_6259-LH_2004
DUS;1800;+0200;2130;+0200;0;LH_6241-LH_2719
DUS;0600;+0200;0935;+0200;0;LH_833-LH_74
DUS;0705;+0200;1040;+0200;0;AB_8093-AB_6441
DUS;0835;+0200;1210;+0200;0;LH_2441-LH_2008
DUS;0850;+0200;1225;+0200;0;AB_8017-AB_8241
DUS;1415;+0200;1750;+0200;0;LH_6069-LH_2715
DUS;0700;+0200;1040;+0200;0;AB_8093-AB_6441
DUS;1020;+0200;1400;+0200;0;LH_823-LH_78
DUS;1235;+0200;1615;+0200;0;LH_6047-LH_2739
DUS;1440;+0200;1820;+0200;0;LH_6257-LH_2016
DUS;1450;+0200;1830;+0200;0;LH_6265-LH_84
DUS;1720;+0200;2100;+0200;0;LX_1291-LX_3902
DUS;1015;+0200;1400;+0200;0;KL_1126-KL_1857
DUS;1525;+0200;1910;+0200;0;SK_408-SK_2625
DUS;1525;+0200;1910;+0200;0;LH_6068-LH_6287
DUS;0835;+0200;1225;+0200;0;AB_8017-AB_8241
DUS;1645;+0200;2035;+0200;0;LH_829-LH_86
DUS;1645;+0200;2035;+0200;0;BD_3419-BD_3314
DUS;0820;+0200;1215;+0200;0;LH_6239-LH_2709
DUS;1010;+0200;1405;+0200;0;AF_1751-AF_1906
DUS;1255;+0200;1650;+0200;0;LH_2443-LH_2014
DUS;1745;+0200;2140;+0200;0;OS_304-OS_7247
DUS;1805;+0200;2200;+0200;0;LH_6261-LH_2024
DUS;0720;+0200;1120;+0200;0;SK_402-SK_3697
DUS;1215;+0200;1615;+0200;0;LH_6055-LH_2713
DUS;1415;+0200;1815;+0200;0;SK_1458-SK_818
DUS;1415;+0200;1815;+0200;0;LH_6096-LH_6209
DUS;0655;+0200;1100;+0200;0;AF_1351-AF_1606
DUS;0720;+0200;1125;+0200;0;SK_454-SK_8573
DUS;1120;+0200;1525;+0200;0;LH_6200-LH_2943
DUS;1650;+0200;2055;+0200;0;LH_2445-LH_2022
DUS;0700;+0200;1110;+0200;0;LH_6219-LH_76
DUS;0940;+0200;1350;+0200;0;LX_1267-LX_1018
DUS;1805;+0200;2215;+0200;0;AF_1051-AF_1106
DUS;1525;+0200;1940;+0200;0;AF_2351-AF_2406
DUS;0705;+0200;1125;+0200;0;AB_8093-AB_6441
DUS;1720;+0200;2140;+0200;0;SK_1444-SK_3647
DUS;1720;+0200;2140;+0200;0;LH_6108-LH_2943
DUS;1745;+0200;2205;+0200;0;OS_304-OS_7247
DUS;0700;+0200;1125;+0200;0;AB_8093-AB_6441
DUS;1440;+0200;1905;+0200;0;LX_1271-LX_1026
DUS;1730;+0200;2155;+0200;0;BD_3975-BD_3417
DUS;1740;+0200;2205;+0200;0;LX_4705-LX_1028
DUS;1810;+0200;2235;+0200;0;SK_1426-SK_3643
DUS;1410;+0200;1840;+0200;0;LH_6037-LH_2741
DUS;1530;+0200;2000;+0200;0;AB_8951-AB_6449
MAN;1730;+0200;1830;+0100;0;BD_3895
MAN;1730;+0200;1830;+0100;0;SK_541
MAN;0825;+0200;0930;+0100;0;SK_539
MAN;0825;+0200;0930;+0100;0;TG_6216
MAN;0825;+0200;0930;+0100;0;BD_3891
MAN;1425;+0200;1655;+0100;0;KL_1130-KL_1093
MAN;1810;+0200;2100;+0100;0;BD_3727-BD_5383
MAN;0805;+0200;1110;+0100;0;LH_6249-LH_3426
MAN;1010;+0200;1325;+0100;0;AF_1751-AF_2268
MAN;1930;+0200;2245;+0100;0;LH_831-LH_948
MAN;1020;+0200;1340;+0100;0;AF_1751-AF_2268
MAN;1145;+0200;1505;+0100;0;KL_1128-KL_1087
MAN;1620;+0200;1945;+0100;0;SK_2872-SK_4605
MAN;0635;+0200;1005;+0100;0;BD_5454-BD_5373
MAN;0635;+0200;1005;+0100;0;SN_2268-SN_2173
MAN;0635;+0200;1005;+0100;0;UA_9912-UA_9909
MAN;1010;+0200;1340;+0100;0;AF_1751-AF_2268
MAN;1440;+0200;1810;+0100;0;LX_1271-LX_380
MAN;1525;+0200;1855;+0100;0;AF_2351-AF_1168
MAN;0635;+0200;1010;+0100;0;UA_9912-UA_9909
MAN;0635;+0200;1010;+0100;0;BD_5454-BD_5373
MAN;0645;+0200;1020;+0100;0;LH_6259-LH_2500
MAN;1100;+0200;1435;+0100;0;BA_813-BA_1394
MAN;1255;+0200;1630;+0100;0;LH_2443-LH_2502
MAN;1415;+0200;1755;+0100;0;SK_1422-SK_2549
MAN;1415;+0200;1755;+0100;0;BD_3738-BD_3949
MAN;1805;+0200;2200;+0100;0;BA_819-BA_1404
MAN;1330;+0200;1730;+0100;0;SN_2258-SN_2177
MAN;1330;+0200;1730;+0100;0;BD_5458-BD_5377
MAN;1700;+0200;2100;+0100;0;BD_5460-BD_5383
MAN;1700;+0200;2100;+0100;0;SN_2260-SN_2183
MAN;1735;+0200;2135;+0100;0;KL_1132-KL_1097
MAN;0810;+0200;1220;+0100;0;LH_6211-LH_3432
MAN;1410;+0200;1820;+0100;0;SK_438-SK_8677
MAN;0755;+0200;1210;+0100;0;BA_811-BA_1388
MAN;0600;+0200;1020;+0100;0;KL_1124-KL_1081
MAN;1310;+0200;1730;+0100;0;SN_2258-SN_2177
MAN;1315;+0200;1735;+0100;0;BD_1604-BD_1594
MAN;0900;+0200;1325;+0100;0;BD_5456-BD_5375
MAN;1805;+0200;2235;+0100;0;LH_6261-LH_2504
MAN;1415;+0200;1850;+0100;0;LH_6069-LH_3438
MAN;0745;+0200;1225;+0100;0;SK_501-SK_9791
MAN;0745;+0200;1225;+0100;0;BD_3701-BD_588
MAN;1400;+0200;1840;+0100;0;BA_815-BA_1402
MAN;0720;+0200;1210;+0100;0;BA_8466-BA_1388
MAN;1015;+0200;1505;+0100;0;KL_1126-KL_1087
MAN;0800;+0200;1305;+0100;0;LX_4701-LX_394
MAN;1120;+0200;1625;+0100;0;LH_6041-LH_3430
MAN;1200;+0200;1705;+0100;0;BD_3703-BD_590
MAN;1740;+0200;2245;+0100;0;LH_6225-LH_948
MAN;1145;+0200;1655;+0100;0;KL_1128-KL_1093
MAN;1405;+0200;1915;+0100;0;LH_6213-LH_3434
MAN;1645;+0200;2200;+0100;0;BA_8468-BA_1404
MAN;0700;+0200;1220;+0100;0;LH_6219-LH_942
MAN;1645;+0200;2205;+0100;0;BA_8468-BA_2914
MAN;0605;+0200;1130;+0100;0;UA_9265-UA_9042
MAN;0600;+0200;1130;+0100;0;UA_9265-UA_9042
MAN;1100;+0200;1630;+0100;0;LH_6247-LH_2502
MAN;1555;+0200;2125;+0100;0;BD_3715-BD_592
MAN;1555;+0200;2125;+0100;0;SK_1517-SK_9781
MAN;1630;+0200;2200;+0100;0;BA_817-BA_1404
MAN;1410;+0200;1945;+0100;0;SK_2868-SK_4605
MAN;1630;+0200;2205;+0100;0;BA_817-BA_2914
MAN;1100;+0200;1640;+0100;0;BA_813-BA_1396
MAN;1650;+0200;2235;+0100;0;LH_2445-LH_2504
MAN;0820;+0200;1410;+0100;0;LH_6239-LH_3440
MAN;1100;+0200;1655;+0100;0;BA_813-BA_2908
MAN;1300;+0200;1855;+0100;0;AF_2051-AF_1168
MAN;1155;+0200;1755;+0100;0;SK_1420-SK_2549
MAN;1155;+0200;1755;+0100;0;BD_3760-BD_3949
MAN;1645;+0200;2245;+0100;0;LH_829-LH_948
MAN;1645;+0200;2245;+0100;0;BD_3419-BD_3368
LYS;1535;+0200;1740;+0200;0;SK_1793
LYS;1440;+0200;1810;+0200;0;LX_1271-LX_536
LYS;0835;+0200;1220;+0200;0;LH_2441-LH_2248
LYS;0835;+0200;1220;+0200;0;SK_3689-SK_3237
LYS;1255;+0200;1640;+0200;0;LH_2443-LH_2250
LYS;1255;+0200;1640;+0200;0;SK_3693-SK_3233
LYS;0600;+0200;0950;+0200;0;SQ_2009-SQ_2098
LYS;0600;+0200;0950;+0200;0;SK_8519-SK_3388
LYS;0600;+0200;0950;+0200;0;UA_9265-UA_8914
LYS;0600;+0200;0950;+0200;0;LH_833-LH_1074
LYS;0635;+0200;1025;+0200;0;SN_2268-SN_3587
LYS;1440;+0200;1830;+0200;0;SK_2657-SK_3231
LYS;1440;+0200;1830;+0200;0;LH_6257-LH_2252
LYS;1740;+0200;2130;+0200;0;LX_4705-LX_538
LYS;1020;+0200;1415;+0200;0;SK_3627-SK_3715
LYS;1020;+0200;1415;+0200;0;UA_9029-UA_8916
LYS;1020;+0200;1415;+0200;0;BD_3423-BD_3082
LYS;1020;+0200;1415;+0200;0;LH_823-LH_1076
LYS;1020;+0200;1425;+0200;0;AF_1751-AF_7644
LYS;1145;+0200;1550;+0200;0;KL_1128-KL_2031
LYS;1005;+0200;1415;+0200;0;SK_1637-SK_3715
LYS;1300;+0200;1710;+0200;0;AF_2051-AF_7646
LYS;1010;+0200;1425;+0200;0;AF_1751-AF_7644
LYS;0940;+0200;1400;+0200;0;LX_1267-LX_532
LYS;1700;+0200;2125;+0200;0;SN_2260-SN_3593
LYS;1700;+0200;2125;+0200;0;BD_5460-BD_5363
LYS;0925;+0200;1355;+0200;0;UA_9029-UA_8916
LYS;1750;+0200;2220;+0200;0;SK_1635-SK_3339
LYS;1400;+0200;1835;+0200;0;AA_6535-AA_6616
LYS;1735;+0200;2210;+0200;0;KL_1132-KL_2029
LYS;1805;+0200;2240;+0200;0;AF_1051-AF_7650
LYS;0825;+0200;1305;+0200;0;BD_3891-BD_1343
LYS;1700;+0200;2140;+0200;0;SN_2260-SN_3593
LYS;1740;+0200;2220;+0200;0;LH_6225-LH_1082
LYS;1740;+0200;2220;+0200;0;SK_1635-SK_3339
LYS;1805;+0200;2245;+0200;0;SK_663-SK_3253
LYS;1805;+0200;2245;+0200;0;LH_6261-LH_2254
LYS;1525;+0200;2010;+0200;0;AF_2351-AF_7648
LYS;0925;+0200;1415;+0200;0;UA_9029-UA_8916
LYS;0925;+0200;1415;+0200;0;LH_6221-LH_1076
LYS;0925;+0200;1415;+0200;0;SK_1637-SK_3715
LYS;1120;+0200;1610;+0200;0;BD_3731-BD_5369
LYS;1330;+0200;1820;+0200;0;BD_5458-BD_5361
LYS;1330;+0200;1820;+0200;0;SN_2258-SN_3591
LYS;1655;+0200;2150;+0200;0;LH_6215-LH_3270
LYS;1310;+0200;1820;+0200;0;SN_2258-SN_3591
LYS;1805;+0200;2315;+0200;0;BA_819-BA_364
LYS;0600;+0200;1120;+0200;0;KL_1124-KL_2025
LYS;0645;+0200;1220;+0200;0;LH_6259-LH_2248
LYS;0645;+0200;1220;+0200;0;SK_661-SK_3237
LYS;1015;+0200;1550;+0200;0;KL_1126-KL_2031
LYS;1255;+0200;1830;+0200;0;LH_2443-LH_2252
LYS;1255;+0200;1830;+0200;0;SK_3693-SK_3231
LYS;1645;+0200;2220;+0200;0;NH_6180-NH_6131
LYS;1645;+0200;2220;+0200;0;BD_3419-BD_3088
LYS;1645;+0200;2220;+0200;0;LH_829-LH_1082
LYS;1645;+0200;2220;+0200;0;SK_8575-SK_3339
LYS;1100;+0200;1640;+0200;0;SK_1665-SK_3233
LYS;1100;+0200;1640;+0200;0;LH_6247-LH_2250
LYS;1405;+0200;1955;+0200;0;LH_6213-LH_3268
LYS;1650;+0200;2245;+0200;0;SK_3649-SK_3253
LYS;1650;+0200;2245;+0200;0;LH_2445-LH_2254
LYS;0800;+0200;1400;+0200;0;LX_4701-LX_532
LYS;1540;+0200;2145;+0200;0;IB_3309-IB_8714
LYS;1645;+0200;2315;+0200;0;BA_8468-BA_364
LYS;1630;+0200;2315;+0200;0;BA_817-BA_364
LYS;1020;+0200;1710;+0200;0;AF_1751-AF_7646
LYS;1440;+0200;2130;+0200;0;LX_1271-LX_538
LYS;1010;+0200;1710;+0200;0;AF_1751-AF_7646
LYS;1120;+0200;1820;+0200;0;BD_3731-BD_5361
LYS;1300;+0200;2000;+0200;0;AF_2051-AF_7416
LYS;1630;+0200;2335;+0200;0;AA_6370-AA_6362
LYS;0655;+0200;1405;+0200;0;AF_1351-AF_7414
LYS;0900;+0200;1610;+0200;0;SN_2256-SN_3589
LYS;0900;+0200;1610;+0200;0;BD_5456-BD_5369
LYS;1300;+0200;2010;+0200;0;AF_2051-AF_7648
LYS;1500;+0200;2210;+0200;0;VY_1872-VY_1220
LYS;1500;+0200;2210;+0200;0;IB_5625-IB_5976
LYS;0700;+0200;1415;+0200;0;SK_639-SK_3715
LYS;0700;+0200;1415;+0200;0;LH_6219-LH_1076
LYS;1525;+0200;2240;+0200;0;AF_2351-AF_7650
LYS;1730;+0200;0045;+0200;1;TP_751-TP_474
HAM;1215;+0200;1305;+0200;0;LH_6055
HAM;1215;+0200;1305;+0200;0;SK_1647
HAM;1415;+0200;1505;+0200;0;LH_6069
HAM;1415;+0200;1505;+0200;0;SK_649
HAM;1800;+0200;1850;+0200;0;LH_6241
HAM;1800;+0200;1850;+0200;0;SK_651
HAM;2055;+0200;2145;+0200;0;LH_6057
HAM;2055;+0200;2145;+0200;0;SK_647
HAM;0820;+0200;0915;+0200;0;SK_1641
HAM;0820;+0200;0915;+0200;0;LH_6239
HAM;1120;+0200;1335;+0200;0;SK_436-SK_3625
HAM;1120;+0200;1335;+0200;0;LH_6200-LH_2945
HAM;1655;+0200;1945;+0200;0;LH_6215-LH_2716
HAM;0720;+0200;1025;+0200;0;SK_454-SK_3663
HAM;1645;+0200;1955;+0200;0;LH_829-LH_24
HAM;1415;+0200;1730;+0200;0;LH_6096-LH_2959
HAM;1415;+0200;1730;+0200;0;SK_1458-SK_3661
HAM;1425;+0200;1740;+0200;0;KL_1130-KL_1783
HAM;1810;+0200;2130;+0200;0;SK_1470-SK_3651
HAM;1100;+0200;1425;+0200;0;LH_6247-LH_2070
HAM;1810;+0200;2135;+0200;0;SK_1426-SK_3673
HAM;1930;+0200;2255;+0200;0;LH_831-LH_30
HAM;0600;+0200;0930;+0200;0;LH_833-LH_6
HAM;0810;+0200;1140;+0200;0;LH_6211-LH_2708
HAM;1650;+0200;2020;+0200;0;LH_2445-LH_2080
TLS;1650;+0200;2050;+0200;0;LH_2445-LH_2220
TLS;0645;+0200;1050;+0200;0;LH_6259-LH_2214
TLS;1020;+0200;1435;+0200;0;AF_1751-AF_7794
TLS;1300;+0200;1715;+0200;0;AF_2051-AF_7786
TLS;1930;+0200;2345;+0200;0;LH_831-LH_1100
TLS;1010;+0200;1435;+0200;0;AF_1751-AF_7794
TLS;1525;+0200;1950;+0200;0;AF_2351-AF_7788
TLS;1255;+0200;1725;+0200;0;LH_2443-LH_2218
TLS;1805;+0200;2235;+0200;0;AF_1051-AF_7792
TLS;1810;+0200;2240;+0200;0;BD_3727-BD_5425
TLS;1145;+0200;1625;+0200;0;KL_1128-KL_1311
TLS;0925;+0200;1410;+0200;0;LH_6221-LH_1096
TLS;1735;+0200;2220;+0200;0;KL_1132-KL_1313
TLS;1805;+0200;2250;+0200;0;LH_6261-LH_2222
TLS;0635;+0200;1125;+0200;0;BD_5454-BD_5427
TLS;0635;+0200;1125;+0200;0;SN_2268-SN_3667
TLS;0635;+0200;1125;+0200;0;UA_9912-UA_9967
TLS;1805;+0200;2300;+0200;0;BA_819-BA_376
TLS;1120;+0200;1630;+0200;0;BD_3731-BD_5423
TLS;1700;+0200;2240;+0200;0;BD_5460-BD_5425
TLS;0600;+0200;1150;+0200;0;KL_1124-KL_1303
TLS;1700;+0200;2250;+0200;0;SN_2260-SN_3675
TLS;1630;+0200;2225;+0200;0;BA_817-BA_376
TLS;1650;+0200;2250;+0200;0;LH_2445-LH_2222
TLS;1740;+0200;2345;+0200;0;LH_6225-LH_1100
TLS;1015;+0200;1625;+0200;0;KL_1126-KL_1311
TLS;1020;+0200;1630;+0200;0;AF_1751-AF_6154
TLS;1440;+0200;2050;+0200;0;LH_6257-LH_2220
TLS;0835;+0200;1450;+0200;0;LH_2441-LH_2216
TLS;1100;+0200;1715;+0200;0;BA_813-BA_374
TLS;1010;+0200;1630;+0200;0;AF_1751-AF_6154
TLS;1020;+0200;1645;+0200;0;AF_1751-AF_6128
TLS;1100;+0200;1725;+0200;0;LH_6247-LH_2218
TLS;1300;+0200;1930;+0200;0;AF_2051-AF_6138
TLS;1630;+0200;2300;+0200;0;AA_6370-AA_6273
TLS;1630;+0200;2300;+0200;0;BA_817-BA_376
TLS;1010;+0200;1645;+0200;0;AF_1751-AF_6128
TLS;1525;+0200;2200;+0200;0;AF_2351-AF_6148
TLS;1540;+0200;2215;+0200;0;IB_3309-IB_8772
TLS;1030;+0200;1715;+0200;0;AA_6387-AA_6271
TLS;1300;+0200;1950;+0200;0;AF_2051-AF_7788
TLS;1020;+0200;1715;+0200;0;AF_1751-AF_6156
TLS;1020;+0200;1715;+0200;0;AF_1751-AF_7786
TLS;1300;+0200;2000;+0200;0;AF_2051-AF_6140
TLS;1645;+0200;2345;+0200;0;LH_829-LH_1100
TLS;1645;+0200;2345;+0200;0;BD_3419-BD_2934
TLS;1645;+0200;2345;+0200;0;NH_6180-NH_6133
TLS;1010;+0200;1715;+0200;0;AF_1751-AF_7786
TLS;1010;+0200;1715;+0200;0;AF_1751-AF_6156
TLS;0700;+0200;1410;+0200;0;LH_6219-LH_1096
TLS;1020;+0200;1730;+0200;0;AF_1751-AF_6130
TLS;1525;+0200;2235;+0200;0;AF_2351-AF_7792
TLS;1010;+0200;1730;+0200;0;AF_1751-AF_6130
TLS;1020;+0200;1745;+0200;0;LH_823-LH_1098
TLS;0900;+0200;1630;+0200;0;SN_2256-SN_3669
TLS;0900;+0200;1630;+0200;0;BD_5456-BD_5423
TLS;1300;+0200;2030;+0200;0;AF_2051-AF_6142
TLS;0655;+0200;1430;+0200;0;AF_1351-AF_6166
TLS;0605;+0200;1345;+0200;0;UA_9265-UA_9162
TLS;0655;+0200;1435;+0200;0;AF_1351-AF_7794
TLS;0850;+0200;1630;+0200;0;SN_2256-SN_3669
TLS;1020;+0200;1800;+0200;0;AF_1751-AF_6132
TLS;0600;+0200;1345;+0200;0;UA_9265-UA_9162
TLS;1020;+0200;1805;+0200;0;BD_3423-BD_2938
TLS;1020;+0200;1805;+0200;0;LH_823-LH_1098
TLS;0900;+0200;1650;+0200;0;UA_9910-UA_9937
TLS;1010;+0200;1800;+0200;0;AF_1751-AF_6132
TLS;1255;+0200;2050;+0200;0;LH_2443-LH_2220
TLS;1425;+0200;2220;+0200;0;KL_1130-KL_1313
TLS;0850;+0200;1650;+0200;0;UA_9910-UA_9937
TLS;0645;+0200;1450;+0200;0;LH_6259-LH_2216
TLS;0655;+0200;1500;+0200;0;AF_1351-AF_6122
TLS;1300;+0200;2105;+0200;0;AF_2051-AF_6144
TLS;0600;+0200;1410;+0200;0;SQ_2009-SQ_2088
TLS;0600;+0200;1410;+0200;0;BD_3417-BD_2936
TLS;0600;+0200;1410;+0200;0;LH_833-LH_1096
TLS;1020;+0200;1830;+0200;0;AF_1751-AF_6134
TLS;1440;+0200;2250;+0200;0;LH_6257-LH_2222
TLS;0925;+0200;1745;+0200;0;LH_6221-LH_1098
TLS;1010;+0200;1830;+0200;0;AF_1751-AF_6134
TLS;1020;+0200;1845;+0200;0;AF_1751-AF_6146
TLS;1400;+0200;2225;+0200;0;BA_815-BA_376
TLS;1300;+0200;2130;+0200;0;AF_2051-AF_6162
SXB;1425;+0200;1740;+0200;0;KL_1130-KL_2045
SXB;1020;+0200;1410;+0200;0;AF_1751-AF_7762
SXB;1735;+0200;2125;+0200;0;KL_1132-KL_2047
SXB;1805;+0200;2155;+0200;0;AF_1051-AF_7770
SXB;0635;+0200;1030;+0200;0;BD_5454-BD_5559
SXB;0635;+0200;1035;+0200;0;SN_2268-SN_3653
SXB;1010;+0200;1410;+0200;0;AF_1751-AF_7762
SXB;0600;+0200;1035;+0200;0;KL_1124-KL_2043
SXB;1330;+0200;1805;+0200;0;SN_2258-SN_3661
SXB;1310;+0200;1805;+0200;0;SN_2258-SN_3661
SXB;1300;+0200;1800;+0200;0;AF_2051-AF_7766
SXB;1450;+0200;2000;+0200;0;LH_6265-LH_392
SXB;1740;+0200;2300;+0200;0;LH_6225-LH_394
SXB;1020;+0200;1600;+0200;0;LH_823-LH_390
SXB;1330;+0200;1910;+0200;0;SN_2258-SN_3661
SXB;1330;+0200;1910;+0200;0;BD_5458-BD_5561
SXB;1145;+0200;1740;+0200;0;KL_1128-KL_2045
SXB;1310;+0200;1910;+0200;0;SN_2258-SN_3661
SXB;1645;+0200;2300;+0200;0;LH_829-LH_394
SXB;0700;+0200;1330;+0200;0;LH_6219-LH_388
SXB;1525;+0200;2155;+0200;0;AF_2351-AF_7770
SXB;0925;+0200;1600;+0200;0;LH_6221-LH_390
SXB;1020;+0200;1655;+0200;0;AF_1751-AF_7308
SXB;1740;+0200;0015;+0200;1;LH_6225-LH_396
SXB;1010;+0200;1655;+0200;0;AF_1751-AF_7308
SXB;0655;+0200;1350;+0200;0;AF_1351-AF_7306
SXB;1425;+0200;2125;+0200;0;KL_1130-KL_2047
SXB;0655;+0200;1410;+0200;0;AF_1351-AF_7762
SXB;1015;+0200;1740;+0200;0;KL_1126-KL_2045
SXB;0600;+0200;1330;+0200;0;LH_833-LH_388
SXB;1645;+0200;0015;+0200;1;LH_829-LH_396
SXB;1020;+0200;1800;+0200;0;AF_1751-AF_7766
SXB;1010;+0200;1800;+0200;0;AF_1751-AF_7766
SXB;1120;+0200;1910;+0200;0;BD_3731-BD_5561
SXB;1300;+0200;2050;+0200;0;AF_2051-AF_7312
SXB;1800;+0200;0015;+0200;1;LH_6241-LH_27-LH_396
SXB;1255;+0200;2000;+0200;0;LH_2443-LH_115-LH_392
SXB;1655;+0200;0015;+0200;1;LH_6215-LH_87-LH_396
SXB;0835;+0200;1600;+0200;0;LH_2441-LH_109-LH_390
SXB;1235;+0200;2000;+0200;0;LH_6047-LH_189-LH_392
SXB;0820;+0200;1600;+0200;0;LH_6239-LH_13-LH_390
SXB;0820;+0200;1600;+0200;0;LH_6239-LH_11-LH_390
SXB;1215;+0200;2000;+0200;0;LH_6055-LH_17-LH_392
SXB;1215;+0200;2000;+0200;0;LH_6055-LH_19-LH_392
SXB;0810;+0200;1600;+0200;0;LH_6211-LH_77-LH_390
SXB;0805;+0200;1600;+0200;0;LH_6249-LH_133-LH_390
SXB;0800;+0200;1600;+0200;0;LH_6035-LH_183-LH_390
SXB;0800;+0200;1600;+0200;0;LH_6035-LH_181-LH_390
NTE;1145;+0200;1600;+0200;0;KL_1128-KL_2049
NTE;1300;+0200;1720;+0200;0;AF_2051-AF_7730
NTE;1735;+0200;2215;+0200;0;KL_1132-KL_2035
NTE;0600;+0200;1045;+0200;0;KL_1124-KL_2033
NTE;1015;+0200;1600;+0200;0;KL_1126-KL_2049
NTE;1525;+0200;2145;+0200;0;AF_2351-AF_7728
NTE;0655;+0200;1340;+0200;0;AF_1351-AF_7724
NTE;1540;+0200;2235;+0200;0;IB_3309-IB_8544
NTE;1020;+0200;1720;+0200;0;AF_1751-AF_7730
NTE;1525;+0200;2225;+0200;0;AF_2351-AF_7388
NTE;1010;+0200;1720;+0200;0;AF_1751-AF_7730
NTE;0655;+0200;1445;+0200;0;AF_1351-AF_7386
NTE;1425;+0200;2215;+0200;0;KL_1130-KL_2035
NTE;1300;+0200;2145;+0200;0;AF_2051-AF_7728
NTE;1300;+0200;2225;+0200;0;AF_2051-AF_7388
NTE;0600;+0200;1600;+0200;0;KL_1124-KL_2049
NTE;0655;+0200;1720;+0200;0;AF_1351-AF_7730
NTE;1145;+0200;2215;+0200;0;KL_1128-KL_2035
NTE;1145;+0200;1720;+0200;0;KL_1128-KL_2009-KL_2312
NTE;0655;+0200;1325;+0200;0;AF_1351-AF_7622-AF_3203
NTE;1300;+0200;1940;+0200;0;AF_2051-AF_7634-AF_3207
NTE;1015;+0200;1720;+0200;0;KL_1126-KL_2009-KL_2312
NTE;1015;+0200;1720;+0200;0;KL_1126-KL_1233-KL_2312
NTE;1425;+0200;2145;+0200;0;KL_1130-KL_1245-KL_2314
NTE;1425;+0200;2145;+0200;0;KL_1130-KL_1243-KL_2314
NTE;0600;+0200;1340;+0200;0;KL_1124-KL_2003-KL_2310
NTE;1020;+0200;1940;+0200;0;AF_1751-AF_7634-AF_3207
NTE;1020;+0200;1940;+0200;0;AF_1751-AF_6266-AF_3207
NTE;1020;+0200;1940;+0200;0;AF_1751-AF_6264-AF_3207
NTE;1010;+0200;1940;+0200;0;AF_1751-AF_7624-AF_3207
NTE;1010;+0200;1940;+0200;0;AF_1751-AF_6266-AF_3207
NTE;1010;+0200;1940;+0200;0;AF_1751-AF_6264-AF_3207
NTE;1010;+0200;1940;+0200;0;AF_1751-AF_7634-AF_3207
NTE;1010;+0200;1940;+0200;0;AF_1751-AF_6262-AF_3207
NTE;1145;+0200;2145;+0200;0;KL_1128-KL_1245-KL_2314
NTE;1145;+0200;2145;+0200;0;KL_1128-KL_2013-KL_2314
NTE;1145;+0200;2145;+0200;0;KL_1128-KL_1243-KL_2314
NTE;1145;+0200;2145;+0200;0;KL_1128-KL_2009-KL_2314