LON;1530;+0100;1635;+0100;0;AF_5124
LON;0650;+0100;0805;+0100;0;BD_120
LON;1210;+0100;1325;+0100;0;EI_164
LON;1340;+0100;1455;+0100;0;EI_166
LON;1440;+0100;1555;+0100;0;EI_168
LON;1700;+0100;1815;+0100;0;EI_176
LON;1800;+0100;1915;+0100;0;EI_178
LON;1900;+0100;2015;+0100;0;EI_182
LON;2110;+0100;2225;+0100;0;EI_186
LON;0645;+0100;0805;+0100;0;UA_7752
LON;0645;+0100;0805;+0100;0;AI_7770
LON;0830;+0100;0950;+0100;0;UL_2122
LON;0840;+0100;1000;+0100;0;BD_122
LON;0840;+0100;1000;+0100;0;UA_7752
LON;0840;+0100;1000;+0100;0;LH_6632
LON;0840;+0100;1000;+0100;0;EI_232
LON;0950;+0100;1110;+0100;0;EI_158
LON;1040;+0100;1200;+0100;0;BD_122
LON;1210;+0100;1330;+0100;0;EI_162
LON;1245;+0100;1405;+0100;0;EI_236
LON;1345;+0100;1505;+0100;0;UA_7754
LON;1345;+0100;1505;+0100;0;BD_124
LON;1345;+0100;1505;+0100;0;LH_6480
LON;1430;+0100;1550;+0100;0;NZ_4474
LON;1430;+0100;1550;+0100;0;BD_124
LON;1430;+0100;1550;+0100;0;UA_7754
LON;1430;+0100;1550;+0100;0;LH_6500
LON;1530;+0100;1650;+0100;0;EI_172
LON;1550;+0100;1710;+0100;0;EI_174
LON;1640;+0100;1800;+0100;0;EI_244
LON;1800;+0100;1920;+0100;0;AI_7776
LON;1800;+0100;1920;+0100;0;UL_2130
LON;1910;+0100;2030;+0100;0;BD_130
LON;1930;+0100;2050;+0100;0;AF_5222
LON;1930;+0100;2050;+0100;0;LH_6602
LON;2010;+0100;2130;+0100;0;EI_184
LON;2030;+0100;2150;+0100;0;EI_248
LON;2040;+0100;2200;+0100;0;LH_6506
LON;2040;+0100;2200;+0100;0;BD_132
LON;2135;+0100;2255;+0100;0;LH_6480
LON;2135;+0100;2255;+0100;0;BD_126
LON;0640;+0100;0805;+0100;0;EI_152
LON;0850;+0100;1015;+0100;0;EI_156
LON;0640;+0100;0810;+0100;0;EI_230
LON;0700;+0100;0830;+0100;0;6X_421
LON;0800;+0100;0930;+0100;0;6X_423
LON;0900;+0100;1030;+0100;0;AF_5120
LON;1720;+0100;1850;+0100;0;AF_5122
LON;1800;+0100;1930;+0100;0;6X_425
LON;1900;+0100;2030;+0100;0;6X_427
LON;0720;+0100;0855;+0100;0;AF_5118
LON;0730;+0100;0905;+0100;0;EI_154
LON;1715;+0100;2050;+0100;0;KL_3160-KL_1033
LON;1330;+0100;1710;+0100;0;KL_3158-KL_1029
LON;1130;+0100;1515;+0100;0;KL_3156-KL_1019
LON;0945;+0100;1350;+0100;0;KL_3154-KL_1017
LON;1330;+0100;1735;+0100;0;KL_3158-KL_1023
LON;1200;+0100;1620;+0100;0;LH_979-LH_934
LON;1500;+0100;1920;+0100;0;AF_5009-AF_1180
LON;1155;+0100;1625;+0100;0;AF_5005-AF_2580
LON;0910;+0100;1345;+0100;0;AF_5001-AF_2280
LON;1130;+0100;1610;+0100;0;KL_3156-KL_1021
LON;0600;+0100;1045;+0100;0;KL_3152-KL_1009
LON;1105;+0100;1550;+0100;0;SK_538-SK_505
LON;1130;+0100;1615;+0100;0;KL_3156-KL_1025
PAR;0700;+0100;0945;+0200;0;EI_520
PAR;1050;+0100;1335;+0200;0;EI_524
PAR;1810;+0100;2055;+0200;0;EI_528
PAR;1935;+0100;2225;+0200;0;AF_5013
PAR;1730;+0100;2025;+0200;0;AF_5007
PAR;0910;+0100;1210;+0200;0;AF_5001
PAR;1155;+0100;1455;+0200;0;AF_5005
PAR;1500;+0100;1800;+0200;0;AF_5009
PAR;0620;+0100;0930;+0200;0;AF_5003
PAR;1720;+0100;2155;+0200;0;AF_5122-AF_5029
PAR;1330;+0100;1810;+0200;0;KL_3158-KL_1243
PAR;0600;+0100;1045;+0200;0;KL_3152-KL_2003
PAR;0720;+0100;1205;+0200;0;AF_5118-AF_5021
PAR;1715;+0100;2200;+0200;0;KL_3160-KL_2023
PAR;1200;+0100;1700;+0200;0;LH_979-LH_1040
PAR;1130;+0100;1635;+0200;0;KL_3156-KL_2013
PAR;1530;+0100;2040;+0200;0;AF_5124-AF_5027
PAR;1440;+0100;2000;+0200;0;BA_5968-BA_322
PAR;1550;+0100;2110;+0200;0;BA_5974-BA_324
PAR;0945;+0100;1510;+0200;0;KL_3154-KL_2009
PAR;0730;+0100;1300;+0200;0;BA_5954-BA_308
PAR;1700;+0100;2230;+0200;0;BA_5976-BA_326
PAR;1330;+0100;1915;+0200;0;KL_3158-KL_1245
PAR;1550;+0100;2135;+0200;0;BA_5974-BA_338
PAR;0600;+0100;1200;+0200;0;KL_3152-KL_2007
PAR;0730;+0100;1335;+0200;0;BA_5954-BA_334
PAR;1550;+0100;2155;+0200;0;BA_5974-BA_338
PAR;0950;+0100;1600;+0200;0;BA_5958-BA_314
PAR;1105;+0100;1715;+0200;0;SK_538-SK_559
PAR;1200;+0100;1815;+0200;0;LH_979-LH_1042
PAR;1445;+0100;2100;+0200;0;IB_8071-IB_3412
PAR;0640;+0100;1300;+0200;0;BA_5952-BA_308
PAR;1340;+0100;2000;+0200;0;BA_5966-BA_322
PAR;0650;+0100;1315;+0200;0;LH_983-LH_1034
PAR;0800;+0100;1425;+0200;0;6X_423-6X_312
PAR;1210;+0100;1835;+0200;0;BA_5964-BA_336
PAR;1530;+0100;2155;+0200;0;AF_5124-AF_5029
PAR;1440;+0100;2110;+0200;0;BA_5968-BA_324
PAR;1115;+0100;1755;+0200;0;LX_401-LX_656
PAR;1130;+0100;1810;+0200;0;KL_3156-KL_1243
PAR;1330;+0100;2010;+0200;0;KL_3158-KL_2017
PAR;1550;+0100;2230;+0200;0;BA_5974-BA_326
PAR;0745;+0100;1435;+0200;0;MA_623-MA_532
PAR;0945;+0100;1635;+0200;0;KL_3154-KL_2013
PAR;1150;+0100;1840;+0200;0;SK_536-SK_579
PAR;1530;+0100;2220;+0200;0;AF_5124-AF_1181
PAR;0640;+0100;1335;+0200;0;BA_5952-BA_334
PAR;0640;+0100;1335;+0200;0;BA_5830-BA_334
PAR;1440;+0100;2135;+0200;0;BA_5968-BA_338
PAR;0720;+0100;1345;+0200;0;AF_5118-AF_5183-AF_8233
PAR;1530;+0100;2200;+0200;0;AF_5124-AF_5195-AF_2241
FRA;1200;+0100;1455;+0200;0;LH_979
FRA;1810;+0100;2105;+0200;0;LH_981
FRA;0700;+0100;1000;+0200;0;EI_650
FRA;1600;+0100;1900;+0200;0;EI_656
FRA;0650;+0100;0955;+0200;0;LH_983
FRA;1330;+0100;1750;+0200;0;KL_3158-KL_1773
FRA;1715;+0100;2200;+0200;0;KL_3160-KL_1775
FRA;1115;+0100;1620;+0200;0;LX_401-LX_3606
FRA;1430;+0100;1935;+0200;0;LH_6500-LH_911
FRA;1430;+0100;1935;+0200;0;BD_124-BD_3233
FRA;0800;+0100;1315;+0200;0;6X_423-6X_806
FRA;0800;+0100;1315;+0200;0;6X_423-6X_4906
FRA;0800;+0100;1315;+0200;0;6X_423-6X_906
FRA;0800;+0100;1315;+0200;0;6X_423-6X_807
FRA;1105;+0100;1620;+0200;0;SK_538-SK_675
FRA;1430;+0100;1945;+0200;0;LH_6500-LH_911
FRA;0945;+0100;1505;+0200;0;KL_3154-KL_1767
FRA;1130;+0100;1650;+0200;0;KL_3156-KL_1771
FRA;0910;+0100;1435;+0200;0;AF_5001-AF_1918
FRA;1130;+0100;1655;+0200;0;KL_3156-KL_1771
FRA;1700;+0100;2225;+0200;0;BA_5976-BA_916
FRA;0800;+0100;1330;+0200;0;6X_423-6X_9101
FRA;0650;+0100;1225;+0200;0;BD_120-BD_3205
FRA;0840;+0100;1415;+0200;0;BD_122-BD_3197
FRA;0840;+0100;1415;+0200;0;LH_6632-LH_905
FRA;1340;+0100;1920;+0200;0;BA_5966-BA_912
FRA;0730;+0100;1320;+0200;0;BA_5954-BA_904
FRA;1345;+0100;1935;+0200;0;BD_124-BD_3233
FRA;1345;+0100;1935;+0200;0;LH_6480-LH_911
FRA;1210;+0100;1810;+0200;0;BA_5964-BA_910
FRA;1345;+0100;1945;+0200;0;LH_6480-LH_911
FRA;1040;+0100;1645;+0200;0;BD_122-BD_3229
FRA;1430;+0100;2035;+0200;0;BD_124-BD_3235
FRA;1430;+0100;2035;+0200;0;LH_6500-LH_915
FRA;1430;+0100;2040;+0200;0;LH_6500-LH_915
FRA;0700;+0100;1315;+0200;0;6X_421-6X_807
FRA;0700;+0100;1315;+0200;0;6X_421-6X_4906
FRA;0700;+0100;1315;+0200;0;6X_421-6X_806
FRA;0700;+0100;1315;+0200;0;6X_421-6X_906
FRA;0800;+0100;1415;+0200;0;6X_423-6X_908
FRA;1115;+0100;1730;+0200;0;LX_401-LX_1074
FRA;1130;+0100;1750;+0200;0;KL_3156-KL_1773
FRA;1155;+0100;1815;+0200;0;AF_5005-AF_2318
FRA;0700;+0100;1330;+0200;0;6X_421-6X_9101
FRA;1345;+0100;2015;+0200;0;LH_6480-LH_899
FRA;1210;+0100;1845;+0200;0;SK_4604-SK_4757
FRA;1440;+0100;2115;+0200;0;BA_5968-BA_914
FRA;1500;+0100;2135;+0200;0;AF_5009-AF_1018
FRA;1550;+0100;2225;+0200;0;BA_5974-BA_916
FRA;0640;+0100;1320;+0200;0;BA_5952-BA_904
FRA;1210;+0100;1850;+0200;0;SK_4604-SK_4757
FRA;0950;+0100;1635;+0200;0;BA_5958-BA_908
FRA;1345;+0100;2035;+0200;0;LH_6480-LH_915
FRA;1345;+0100;2035;+0200;0;BD_124-BD_3235
FRA;1345;+0100;2040;+0200;0;LH_6480-LH_915
FRA;0945;+0100;1650;+0200;0;KL_3154-KL_1771
FRA;1050;+0100;1755;+0200;0;UA_7651-UA_8818
FRA;1105;+0100;1810;+0200;0;SK_538-SK_8575
FRA;1430;+0100;2135;+0200;0;LH_6500-LH_917
FRA;1430;+0100;2135;+0200;0;BD_124-BD_3199
FRA;0945;+0100;1655;+0200;0;KL_3154-KL_1771
FRA;1150;+0100;1900;+0200;0;SK_536-SK_673
FRA;1210;+0100;1920;+0200;0;BA_5964-BA_912
FRA;0700;+0100;1415;+0200;0;6X_421-6X_908
FRA;1040;+0100;1755;+0200;0;BD_122-BD_3209
FRA;1050;+0100;1805;+0200;0;UA_7651-UA_8818
FRA;0650;+0100;1415;+0200;0;BD_120-BD_3197
FRA;0950;+0100;1715;+0200;0;BA_5958-BA_8734
FRA;1340;+0100;2115;+0200;0;BA_5966-BA_914
FRA;0910;+0100;1650;+0200;0;AF_5001-AF_2118
FRA;1445;+0100;2225;+0200;0;IB_8071-IB_3512
FRA;0850;+0100;1635;+0200;0;BA_5956-BA_908
FRA;1440;+0100;2225;+0200;0;BA_5968-BA_916
FRA;1155;+0100;1945;+0200;0;AF_5005-AF_2418
FRA;1345;+0100;2135;+0200;0;LH_6480-LH_917
FRA;1345;+0100;2135;+0200;0;BD_124-BD_3199
FRA;0840;+0100;1635;+0200;0;BA_5832-BA_908
FRA;1115;+0100;1910;+0200;0;LX_401-LX_3608
FRA;1345;+0100;2140;+0200;0;BD_124-BD_3471
FRA;1345;+0100;2140;+0200;0;LH_6480-LH_937
FRA;1430;+0100;2230;+0200;0;LH_6500-LH_919
FRA;1430;+0100;2230;+0200;0;BD_124-BD_3191
FRA;0840;+0100;1645;+0200;0;BD_122-BD_3229
FRA;0840;+0100;1645;+0200;0;LH_6632-LH_907
FRA;0945;+0100;1750;+0200;0;KL_3154-KL_1773
FRA;1105;+0100;1910;+0200;0;SK_538-SK_1635
FRA;0620;+0100;1435;+0200;0;AF_5003-AF_1918
FRA;1105;+0100;1920;+0200;0;SK_538-SK_1635
FRA;1340;+0100;2155;+0200;0;BA_5966-BA_8736
FRA;1430;+0100;2135;+0200;0;LH_6500-LH_6615-LH_61
FRA;0840;+0100;1555;+0200;0;BD_122-BD_588-BD_3353
FRA;0840;+0100;1555;+0200;0;LH_6632-LH_6562-LH_943
FRA;1430;+0100;2205;+0200;0;LH_6500-LH_3385-LH_89
FRA;1430;+0100;2205;+0200;0;LH_6500-LH_2479-LH_125
FRA;1430;+0100;2210;+0200;0;LH_6500-LH_3385-LH_89
FRA;0840;+0100;1625;+0200;0;BD_122-BD_6771-BD_3107
FRA;1345;+0100;2135;+0200;0;LH_6480-LH_6615-LH_61
FRA;0650;+0100;1445;+0200;0;BD_120-BD_843-BD_3567
FRA;0650;+0100;1450;+0200;0;BD_120-BD_3271-BD_3039
FRA;1430;+0100;2230;+0200;0;LH_6500-LH_6493-LH_203
FRA;1345;+0100;2200;+0200;0;LH_6480-LH_6582-LH_1209
MAD;1445;+0100;1810;+0200;0;IB_8071
MAD;1715;+0100;2310;+0200;0;KL_3160-KL_1707
MAD;1130;+0100;1730;+0200;0;KL_3156-KL_1705
MAD;0600;+0100;1205;+0200;0;KL_3152-KL_1701
MAD;1340;+0100;1950;+0200;0;BA_5966-BA_7065
MAD;1550;+0100;2200;+0200;0;BA_5974-BA_7057
MAD;1200;+0100;1815;+0200;0;LH_979-LH_1116
MAD;1440;+0100;2055;+0200;0;BA_5968-BA_7059
MAD;1330;+0100;1950;+0200;0;KL_3158-KL_1709
MAD;1210;+0100;1840;+0200;0;BA_5964-BA_462
MAD;0850;+0100;1535;+0200;0;BA_5956-BA_7061
MAD;1210;+0100;1855;+0200;0;BA_5964-BA_7063
MAD;1500;+0100;2145;+0200;0;UX_3578-UX_3442
MAD;1500;+0100;2145;+0200;0;AF_5009-AF_2100
MAD;0640;+0100;1330;+0200;0;BA_5952-BA_458
MAD;1155;+0100;1845;+0200;0;AF_5005-AF_1900
MAD;1155;+0100;1845;+0200;0;UX_3576-UX_3440
MAD;0910;+0100;1610;+0200;0;UX_3574-UX_3436
MAD;0910;+0100;1610;+0200;0;AF_5001-AF_1700
MAD;1340;+0100;2055;+0200;0;BA_5966-BA_7059
MAD;1440;+0100;2200;+0200;0;BA_5968-BA_7057
MAD;0650;+0100;1425;+0200;0;LH_983-LH_1114
MAD;0950;+0100;1725;+0200;0;BA_5958-BA_464
MAD;0950;+0100;1730;+0200;0;BA_5958-BA_460
MAD;0950;+0100;1730;+0200;0;BA_5958-BA_464
MAD;1210;+0100;1950;+0200;0;BA_5964-BA_7065
MAD;0945;+0100;1730;+0200;0;KL_3154-KL_1705
MAD;1105;+0100;1850;+0200;0;SK_538-SK_9926
MAD;0730;+0100;1535;+0200;0;BA_5954-BA_7061
MAD;1245;+0100;2055;+0200;0;BA_5836-BA_7059
MAD;0620;+0100;1440;+0200;0;UX_3572-UX_3434
MAD;0620;+0100;1440;+0200;0;AF_5003-AF_1600
MAD;0910;+0100;1730;+0200;0;UX_3574-UX_3438
MAD;0910;+0100;1730;+0200;0;AF_5001-AF_1800
MAD;1130;+0100;1950;+0200;0;KL_3156-KL_1709
MAD;1340;+0100;2200;+0200;0;BA_5966-BA_7057
MAD;1340;+0100;2200;+0200;0;BA_5966-BA_8755
MAD;1115;+0100;1940;+0200;0;LX_401-LX_2032
MAD;1155;+0100;2020;+0200;0;AF_5005-AF_2000
MAD;1155;+0100;2020;+0200;0;UX_3576-UX_3446
MAD;1200;+0100;2025;+0200;0;LH_979-LH_6802
MAD;0850;+0100;1725;+0200;0;BA_5956-BA_464
MAD;0850;+0100;1730;+0200;0;BA_5956-BA_464
MAD;0850;+0100;1730;+0200;0;BA_5956-BA_460
MAD;0840;+0100;1725;+0200;0;BA_5832-BA_464
MAD;1210;+0100;2055;+0200;0;BA_5964-BA_7059
MUC;0600;+0100;1055;+0200;0;KL_3152-KL_1793
MUC;1715;+0100;2215;+0200;0;KL_3160-KL_1801
MUC;1200;+0100;1705;+0200;0;LH_979-LH_114
MUC;1130;+0100;1640;+0200;0;KL_3156-KL_1797
MUC;0910;+0100;1425;+0200;0;AF_5001-AF_2022
MUC;1115;+0100;1630;+0200;0;LX_401-LX_1108
MUC;0910;+0100;1430;+0200;0;AF_5001-AF_2022
MUC;1040;+0100;1605;+0200;0;BD_122-BD_3275
MUC;0620;+0100;1150;+0200;0;AF_5003-AF_1722
MUC;1155;+0100;1725;+0200;0;AF_5005-AF_2322
MUC;1430;+0100;2000;+0200;0;BD_124-BD_3279
MUC;1430;+0100;2000;+0200;0;LH_6500-LH_2479
MUC;1430;+0100;2000;+0200;0;NZ_4474-NZ_4549
MUC;0650;+0100;1225;+0200;0;BD_120-BD_3271
MUC;1155;+0100;1730;+0200;0;AF_5005-AF_2322
MUC;1430;+0100;2005;+0200;0;LH_6500-LH_2479
MUC;1440;+0100;2015;+0200;0;BA_5968-BA_956
MUC;1330;+0100;1915;+0200;0;KL_3158-KL_1799
MUC;0950;+0100;1540;+0200;0;BA_5958-BA_952
MUC;1210;+0100;1800;+0200;0;BA_5964-BA_960
MUC;1700;+0100;2250;+0200;0;BA_5976-BA_958
MUC;1200;+0100;1810;+0200;0;LH_979-LH_116
MUC;1345;+0100;2000;+0200;0;BD_124-BD_3279
MUC;1345;+0100;2000;+0200;0;LH_6480-LH_2479
MUC;0650;+0100;1310;+0200;0;LH_983-LH_108
MUC;1345;+0100;2005;+0200;0;LH_6480-LH_2479
MUC;1340;+0100;2015;+0200;0;BA_5966-BA_956
MUC;0850;+0100;1540;+0200;0;BA_5956-BA_952
MUC;0945;+0100;1640;+0200;0;KL_3154-KL_1797
MUC;0950;+0100;1650;+0200;0;BA_5958-BA_954
MUC;1550;+0100;2250;+0200;0;BA_5974-BA_958
MUC;0650;+0100;1355;+0200;0;BD_120-BD_3273
MUC;1115;+0100;1825;+0200;0;LX_401-LX_3622
MUC;1500;+0100;2210;+0200;0;AF_5009-AF_1122
MUC;1200;+0100;1915;+0200;0;LH_979-LH_118
MUC;0600;+0100;1320;+0200;0;KL_3152-KL_1795
MUC;0840;+0100;1605;+0200;0;LH_6632-LH_2475
MUC;0840;+0100;1605;+0200;0;BD_122-BD_3275
MUC;1050;+0100;1815;+0200;0;UA_7651-UA_9232
MUC;1105;+0100;1830;+0200;0;SK_538-SK_3649
MUC;1445;+0100;2210;+0200;0;IB_8071-IB_3532
MUC;1245;+0100;2015;+0200;0;BA_5836-BA_956
MUC;1040;+0100;1815;+0200;0;BD_122-BD_3277
MUC;0650;+0100;1430;+0200;0;LH_983-LH_110
MUC;1130;+0100;1915;+0200;0;KL_3156-KL_1799
MUC;1155;+0100;1945;+0200;0;AF_5005-AF_2522
MUC;1430;+0100;2220;+0200;0;BD_124-BD_3031
MUC;1430;+0100;2220;+0200;0;LH_6500-LH_2497
MUC;0850;+0100;1650;+0200;0;BA_5956-BA_954
MUC;0620;+0100;1425;+0200;0;AF_5003-AF_2022
MUC;1210;+0100;2015;+0200;0;BA_5964-BA_956
MUC;0620;+0100;1430;+0200;0;AF_5003-AF_2022
MUC;0730;+0100;1540;+0200;0;BA_5954-BA_952
MUC;0840;+0100;1650;+0200;0;BA_5832-BA_954
MUC;0950;+0100;1800;+0200;0;BA_5958-BA_960
MUC;1210;+0100;2020;+0200;0;SK_4604-SK_3681
MUC;1440;+0100;2250;+0200;0;BA_5968-BA_958
MUC;0910;+0100;1725;+0200;0;AF_5001-AF_2322
MUC;1200;+0100;2015;+0200;0;LH_979-LH_120
MUC;0910;+0100;1730;+0200;0;AF_5001-AF_2322
MUC;1430;+0100;2255;+0200;0;LH_6500-LH_2481
MUC;1430;+0100;2255;+0200;0;BD_124-BD_3263
MUC;1150;+0100;2020;+0200;0;SK_536-SK_3635
MUC;1105;+0100;1940;+0200;0;SK_538-SK_663
MUC;1345;+0100;2220;+0200;0;BD_124-BD_3031
MUC;1345;+0100;2220;+0200;0;LH_6480-LH_2497
MUC;1330;+0100;2215;+0200;0;KL_3158-KL_1801
MUC;1115;+0100;2005;+0200;0;LX_401-LX_1110
MUC;0640;+0100;1540;+0200;0;BA_5952-BA_952
MUC;0640;+0100;1540;+0200;0;BA_5830-BA_952
MUC;1430;+0100;2115;+0200;0;LH_6500-LH_911-LH_122
MUC;0840;+0100;1600;+0200;0;LH_6632-LH_905-LH_112
MUC;1345;+0100;2115;+0200;0;LH_6480-LH_911-LH_122
MUC;1430;+0100;2205;+0200;0;LH_6500-LH_6615-LH_2103
MUC;1430;+0100;2205;+0200;0;LH_6500-LH_3385-LH_2021
MUC;1430;+0100;2225;+0200;0;LH_6500-LH_915-LH_124
MUC;1430;+0100;2225;+0200;0;LH_6500-LH_911-LH_124
MUC;1430;+0100;2225;+0200;0;LH_6500-LH_6493-LH_2053
MUC;1200;+0100;2015;+0200;0;LH_979-LH_190-LH_2049
MUC;1200;+0100;2015;+0200;0;LH_979-LH_188-LH_2049
MUC;1345;+0100;2205;+0200;0;LH_6480-LH_3385-LH_2021
MUC;1345;+0100;2205;+0200;0;LH_6480-LH_6615-LH_2103
MUC;1345;+0100;2205;+0200;0;LH_6480-LH_6582-LH_2401
MUC;0840;+0100;1705;+0200;0;LH_6632-LH_905-LH_114
MUC;1040;+0100;1915;+0200;0;BD_122-BD_3229-BD_3034
MUC;1345;+0100;2225;+0200;0;LH_6480-LH_6493-LH_2053
MUC;1345;+0100;2225;+0200;0;LH_6480-LH_899-LH_124
MUC;1345;+0100;2225;+0200;0;LH_6480-LH_911-LH_124
MUC;1345;+0100;2225;+0200;0;LH_6480-LH_915-LH_124
MUC;0840;+0100;1740;+0200;0;LH_6632-LH_3383-LH_2013
CPH;1105;+0100;1415;+0200;0;SK_538
CPH;1850;+0100;2200;+0200;0;SK_2538
CPH;0600;+0100;1055;+0200;0;KL_3152-KL_1127
CPH;1130;+0100;1635;+0200;0;KL_3156-KL_1131
CPH;1330;+0100;1835;+0200;0;KL_3158-KL_1133
CPH;1810;+0100;2315;+0200;0;LH_981-LH_832
CPH;1210;+0100;1720;+0200;0;SK_4604-SK_1471
CPH;1715;+0100;2235;+0200;0;KL_3160-KL_1139
CPH;1150;+0100;1725;+0200;0;SK_536-SK_1425
CPH;0650;+0100;1245;+0200;0;BD_120-BD_3702
CPH;0950;+0100;1545;+0200;0;BA_5958-BA_816
CPH;0645;+0100;1245;+0200;0;SK_9776-SK_502
CPH;1345;+0100;1945;+0200;0;BD_124-BD_3706
CPH;1550;+0100;2155;+0200;0;BA_5974-BA_822
CPH;0640;+0100;1250;+0200;0;BA_5952-BA_814
CPH;1040;+0100;1655;+0200;0;BD_122-BD_3704
CPH;1200;+0100;1815;+0200;0;LH_979-LH_830
CPH;1430;+0100;2055;+0200;0;SK_9708-SK_1516
CPH;1430;+0100;2055;+0200;0;BD_124-BD_3708
CPH;1210;+0100;1840;+0200;0;SK_4604-SK_461
CPH;1150;+0100;1825;+0200;0;SK_536-SK_409
CPH;1500;+0100;2140;+0200;0;AF_5009-AF_1350
CPH;0945;+0100;1635;+0200;0;KL_3154-KL_1131
CPH;1210;+0100;1900;+0200;0;BA_5964-BA_820
CPH;0850;+0100;1545;+0200;0;BA_5956-BA_816
CPH;1245;+0100;1945;+0200;0;UA_7651-UA_6928
CPH;1130;+0100;1835;+0200;0;KL_3156-KL_1133
CPH;1210;+0100;1915;+0200;0;SK_4604-SK_1477
CPH;1200;+0100;1910;+0200;0;LH_979-LH_6032
CPH;1345;+0100;2055;+0200;0;BD_124-BD_3708
CPH;1440;+0100;2155;+0200;0;BA_5968-BA_822
CPH;0650;+0100;1410;+0200;0;LH_983-LH_6222
CPH;1150;+0100;1920;+0200;0;SK_536-SK_1429
CPH;0600;+0100;1335;+0200;0;KL_3152-KL_1129
CPH;0950;+0100;1725;+0200;0;BA_5958-BA_818
CPH;1115;+0100;1915;+0200;0;LX_401-LX_1272
CPH;0620;+0100;1425;+0200;0;AF_5003-AF_2350
CPH;0910;+0100;1715;+0200;0;AF_5001-AF_1050
CPH;1245;+0100;2050;+0200;0;BA_5836-BA_8467
CPH;0620;+0100;1430;+0200;0;AF_5003-AF_2350
CPH;0910;+0100;1720;+0200;0;AF_5001-AF_1050
CPH;0730;+0100;1545;+0200;0;BA_5954-BA_816
CPH;0840;+0100;1655;+0200;0;SK_9776-SK_504
CPH;0840;+0100;1655;+0200;0;BD_122-BD_3704
CPH;1340;+0100;2155;+0200;0;BA_5966-BA_822
BER;1715;+0100;2150;+0200;0;KL_3160-KL_1835
BER;1130;+0100;1630;+0200;0;KL_3156-KL_1829
BER;1330;+0100;1830;+0200;0;KL_3158-KL_1833
BER;0650;+0100;1200;+0200;0;BD_120-BD_843
BER;0600;+0100;1120;+0200;0;KL_3152-KL_1823
BER;0910;+0100;1435;+0200;0;AF_5001-AF_2034
BER;1155;+0100;1720;+0200;0;AF_5005-AF_2334
BER;1500;+0100;2025;+0200;0;AF_5009-AF_2534
BER;1200;+0100;1730;+0200;0;LH_979-LH_188
BER;1550;+0100;2125;+0200;0;BA_5974-BA_988
BER;0620;+0100;1200;+0200;0;AF_5003-AF_1734
BER;0650;+0100;1240;+0200;0;LH_983-LH_180
BER;1430;+0100;2025;+0200;0;BD_124-BD_847
BER;1430;+0100;2025;+0200;0;LH_6500-LH_6493
BER;1430;+0100;2025;+0200;0;NZ_4474-NZ_4497
BER;0950;+0100;1600;+0200;0;BA_5958-BA_984
BER;0730;+0100;1345;+0200;0;BA_5954-BA_992
BER;1200;+0100;1820;+0200;0;LH_979-LH_190
BER;1115;+0100;1750;+0200;0;LX_401-LX_970
BER;1050;+0100;1730;+0200;0;UA_7651-UA_7719
BER;1345;+0100;2025;+0200;0;LH_6480-LH_6493
BER;1345;+0100;2025;+0200;0;BD_124-BD_847
BER;0945;+0100;1630;+0200;0;KL_3154-KL_1829
BER;1440;+0100;2125;+0200;0;BA_5968-BA_988
BER;1040;+0100;1730;+0200;0;BD_122-BD_845
BER;1210;+0100;1900;+0200;0;BA_5964-BA_986
BER;1130;+0100;1830;+0200;0;KL_3156-KL_1833
BER;1200;+0100;1900;+0200;0;LH_979-LH_192
BER;0640;+0100;1345;+0200;0;BA_5952-BA_992
BER;1150;+0100;1855;+0200;0;SK_536-SK_2679
BER;0850;+0100;1600;+0200;0;BA_5956-BA_984
BER;0650;+0100;1405;+0200;0;LH_983-LH_182
BER;0840;+0100;1600;+0200;0;BA_5832-BA_984
BER;1200;+0100;1935;+0200;0;LH_979-LH_194
BER;0600;+0100;1340;+0200;0;KL_3152-KL_1825
BER;1200;+0100;1940;+0200;0;LH_979-LH_194
BER;1245;+0100;2025;+0200;0;UA_7651-UA_7761
BER;1340;+0100;2125;+0200;0;BA_5966-BA_988
BER;1115;+0100;1905;+0200;0;LX_401-LX_978
BER;1445;+0100;2235;+0200;0;IB_8071-IB_3546
BER;1430;+0100;2230;+0200;0;BD_124-BD_849
BER;1430;+0100;2230;+0200;0;LH_6500-LH_6495
BER;0910;+0100;1720;+0200;0;AF_5001-AF_2334
BER;0620;+0100;1435;+0200;0;AF_5003-AF_2034
BER;1330;+0100;2150;+0200;0;KL_3158-KL_1835
BER;0650;+0100;1520;+0200;0;LH_983-LH_184
BER;0730;+0100;1600;+0200;0;BA_5954-BA_984
BER;1155;+0100;2025;+0200;0;AF_5005-AF_2534
BER;1245;+0100;2125;+0200;0;BA_5836-BA_988
BER;0945;+0100;1830;+0200;0;KL_3154-KL_1833
BER;1200;+0100;2045;+0200;0;LH_979-LH_196
BER;1345;+0100;2230;+0200;0;BD_124-BD_849
BER;1345;+0100;2230;+0200;0;LH_6480-LH_6495
BER;0840;+0100;1730;+0200;0;BD_122-BD_845
BER;0840;+0100;1730;+0200;0;LH_6632-LH_6491
BER;1430;+0100;2150;+0200;0;BD_124-BD_3233-BD_3586
BER;1430;+0100;2150;+0200;0;LH_6500-LH_911-LH_198
BER;1430;+0100;2155;+0200;0;LH_6500-LH_2479-LH_2054
BER;1430;+0100;2155;+0200;0;LH_6500-LH_911-LH_198
BER;0840;+0100;1635;+0200;0;BD_122-BD_3197-BD_3566
BER;0840;+0100;1635;+0200;0;LH_6632-LH_905-LH_186
BER;1200;+0100;2005;+0200;0;LH_979-LH_132-LH_2852
BER;1345;+0100;2150;+0200;0;LH_6480-LH_911-LH_198
BER;1345;+0100;2150;+0200;0;BD_124-BD_3233-BD_3586
BER;1345;+0100;2155;+0200;0;LH_6480-LH_911-LH_198
BER;1345;+0100;2155;+0200;0;LH_6480-LH_2479-LH_2054
BER;0840;+0100;1655;+0200;0;BD_122-BD_3243-BD_3488
BER;0840;+0100;1655;+0200;0;LH_6632-LH_3383-LH_2738
BER;1040;+0100;1900;+0200;0;BD_122-BD_3229-BD_3562
BER;1430;+0100;2250;+0200;0;LH_6500-LH_915-LH_200
BER;1430;+0100;2250;+0200;0;LH_6500-LH_911-LH_200
BER;1430;+0100;2250;+0200;0;BD_124-BD_3233-BD_3574
BER;1430;+0100;2250;+0200;0;BD_124-BD_3235-BD_3574
BER;1430;+0100;2250;+0200;0;LH_6500-LH_2479-LH_2056
BER;0645;+0100;1510;+0200;0;SK_9776-SK_502-SK_679
BER;0650;+0100;1520;+0200;0;BD_120-BD_3205-BD_3568
BER;0840;+0100;1730;+0200;0;LH_6632-LH_905-LH_188
BER;0645;+0100;1540;+0200;0;SK_9776-SK_502-SK_679
STO;1150;+0100;1525;+0200;0;SK_536
STO;1210;+0100;1700;+0200;0;SK_4604-SK_882
STO;1850;+0100;2355;+0200;0;SK_2538-SK_1428
STO;1105;+0100;1635;+0200;0;SK_538-SK_408
STO;1330;+0100;1900;+0200;0;KL_3158-KL_1117
STO;1810;+0100;2350;+0200;0;LH_981-LH_808
STO;1715;+0100;2300;+0200;0;KL_3160-KL_1121
STO;1210;+0100;1805;+0200;0;SK_4604-SK_890
STO;0600;+0100;1215;+0200;0;KL_3152-KL_1109
STO;1105;+0100;1725;+0200;0;SK_538-SK_1424
STO;1345;+0100;2005;+0200;0;BD_124-BD_3848
STO;1340;+0100;2010;+0200;0;BA_5966-BA_782
STO;0945;+0100;1625;+0200;0;KL_3154-KL_1115
STO;1040;+0100;1720;+0200;0;BD_122-BD_3844
STO;1155;+0100;1835;+0200;0;AF_5005-AF_1062
STO;1200;+0100;1840;+0200;0;LH_979-LH_804
STO;1700;+0100;2340;+0200;0;BA_5976-BA_786
STO;1430;+0100;2125;+0200;0;SK_9708-SK_528
STO;1430;+0100;2125;+0200;0;BD_124-BD_3846
STO;0800;+0100;1500;+0200;0;6X_423-6X_7895
STO;1210;+0100;1915;+0200;0;SK_4604-SK_1484
STO;0650;+0100;1405;+0200;0;BD_120-BD_3842
STO;1105;+0100;1820;+0200;0;SK_538-SK_410
STO;0645;+0100;1405;+0200;0;SK_9776-SK_526
STO;0650;+0100;1415;+0200;0;LH_983-LH_6226
STO;0730;+0100;1500;+0200;0;BA_5954-BA_778
STO;0950;+0100;1720;+0200;0;BA_5958-BA_780
STO;1130;+0100;1900;+0200;0;KL_3156-KL_1117
STO;1115;+0100;1855;+0200;0;LX_401-LX_1254
STO;1345;+0100;2125;+0200;0;BD_124-BD_3846
STO;1500;+0100;2245;+0200;0;AF_5009-AF_1462
STO;1550;+0100;2340;+0200;0;BA_5974-BA_786
STO;0700;+0100;1500;+0200;0;6X_421-6X_7895
STO;1210;+0100;2010;+0200;0;BA_5964-BA_782
STO;1430;+0100;2230;+0200;0;SK_9708-SK_1524
STO;1430;+0100;2230;+0200;0;BD_124-BD_3852
STO;1105;+0100;1920;+0200;0;SK_538-SK_1426
STO;0640;+0100;1500;+0200;0;BA_5952-BA_778
STO;0640;+0100;1500;+0200;0;BA_5830-BA_778
STO;1200;+0100;2025;+0200;0;LH_979-LH_6228
STO;0850;+0100;1720;+0200;0;BA_5956-BA_780
STO;1210;+0100;2045;+0200;0;SK_4604-SK_896
STO;0840;+0100;1720;+0200;0;SK_9776-SK_532
STO;0840;+0100;1720;+0200;0;BA_5832-BA_780
STO;0840;+0100;1720;+0200;0;BD_122-BD_3844
STO;1245;+0100;2125;+0200;0;UA_7651-UA_6956
STO;1345;+0100;2230;+0200;0;BD_124-BD_3852
STO;1340;+0100;2230;+0200;0;BA_5966-BA_8493
STO;1440;+0100;2340;+0200;0;BA_5968-BA_786
STO;1210;+0100;2115;+0200;0;SK_4604-SK_896
STO;0800;+0100;1710;+0200;0;6X_423-6X_7820
STO;0945;+0100;1900;+0200;0;KL_3154-KL_1117
STO;0910;+0100;1835;+0200;0;AF_5001-AF_1062
STO;1040;+0100;2005;+0200;0;BD_122-BD_3848
STO;1330;+0100;2300;+0200;0;KL_3158-KL_1121
STO;1210;+0100;1920;+0200;0;SK_4604-SK_1471-SK_1426
STO;1105;+0100;1915;+0200;0;SK_538-SK_1460-SK_1484
STO;1105;+0100;1915;+0200;0;SK_538-SK_460-SK_1484
STO;0645;+0100;1500;+0200;0;SK_9776-SK_804-SK_874
STO;0645;+0100;1510;+0200;0;SK_9776-SK_804-SK_874
STO;0650;+0100;1525;+0200;0;BD_120-BD_3702-BD_3738
STO;0645;+0100;1525;+0200;0;SK_9776-SK_502-SK_1422
STO;1040;+0100;1920;+0200;0;BD_122-BD_3704-BD_3740
STO;1105;+0100;2010;+0200;0;SK_538-SK_1444-SK_166
STO;1210;+0100;2125;+0200;0;SK_4604-SK_1471-SK_1430
STO;1210;+0100;2125;+0200;0;SK_4604-SK_461-SK_1430
STO;1210;+0100;2125;+0200;0;SK_4604-SK_1477-SK_1430
STO;1430;+0100;2350;+0200;0;BD_124-BD_3235-BD_3526
STO;1430;+0100;2350;+0200;0;LH_6500-LH_911-LH_808
STO;1430;+0100;2350;+0200;0;BD_124-BD_3233-BD_3526
STO;1430;+0100;2350;+0200;0;LH_6500-LH_915-LH_808
STO;0645;+0100;1610;+0200;0;SK_9776-SK_804-SK_496
STO;0840;+0100;1805;+0200;0;SK_9776-SK_806-SK_890
STO;1430;+0100;2355;+0200;0;BD_124-BD_3708-BD_3744
STO;1430;+0100;2355;+0200;0;SK_9708-SK_1516-SK_1428
DUS;1330;+0100;1740;+0200;0;KL_3158-KL_1861
DUS;0945;+0100;1400;+0200;0;KL_3154-KL_1857
DUS;0910;+0100;1405;+0200;0;AF_5001-AF_1906
DUS;1210;+0100;1720;+0200;0;BA_5964-BA_942
DUS;1715;+0100;2225;+0200;0;KL_3160-KL_1863
DUS;0640;+0100;1205;+0200;0;BA_5952-BA_938
DUS;1200;+0100;1725;+0200;0;LH_979-LH_82
DUS;1340;+0100;1910;+0200;0;BA_5966-BA_944
DUS;1430;+0100;2000;+0200;0;BD_124-BD_3253
DUS;1430;+0100;2000;+0200;0;LH_6500-LH_3385
DUS;1550;+0100;2120;+0200;0;BA_5974-BA_946
DUS;1115;+0100;1655;+0200;0;LX_401-LX_3636
DUS;0600;+0100;1145;+0200;0;KL_3152-KL_1855
DUS;0840;+0100;1435;+0200;0;LH_6632-LH_3383
DUS;0840;+0100;1435;+0200;0;BD_122-BD_3243
DUS;0950;+0100;1550;+0200;0;BA_5958-BA_940
DUS;1210;+0100;1815;+0200;0;SK_4604-SK_818
DUS;1130;+0100;1740;+0200;0;KL_3156-KL_1861
DUS;1345;+0100;2000;+0200;0;BD_124-BD_3253
DUS;1345;+0100;2000;+0200;0;LH_6480-LH_3385
DUS;1200;+0100;1830;+0200;0;LH_979-LH_84
DUS;1440;+0100;2120;+0200;0;BA_5968-BA_946
DUS;0850;+0100;1550;+0200;0;BA_5956-BA_940
DUS;1210;+0100;1910;+0200;0;BA_5964-BA_944
DUS;0650;+0100;1400;+0200;0;LH_983-LH_78
DUS;0840;+0100;1550;+0200;0;BA_5832-BA_940
DUS;1105;+0100;1815;+0200;0;SK_538-SK_627
DUS;1500;+0100;2215;+0200;0;AF_5009-AF_1106
DUS;1150;+0100;1910;+0200;0;SK_536-SK_2625
DUS;0910;+0100;1635;+0200;0;AF_5001-AF_2206
DUS;1430;+0100;2155;+0200;0;LH_6500-LH_3387
DUS;1430;+0100;2155;+0200;0;BD_124-BD_3249
DUS;0950;+0100;1720;+0200;0;BA_5958-BA_942
DUS;1445;+0100;2215;+0200;0;IB_8071-IB_3524
DUS;1340;+0100;2120;+0200;0;BA_5966-BA_946
DUS;0620;+0100;1405;+0200;0;AF_5003-AF_1906
DUS;0650;+0100;1435;+0200;0;BD_120-BD_3243
DUS;1155;+0100;1940;+0200;0;AF_5005-AF_2406
DUS;1430;+0100;2200;+0200;0;LH_6500-LH_2479-LH_2024
DUS;1200;+0100;1935;+0200;0;LH_979-LH_114-LH_2018
DUS;1200;+0100;1945;+0200;0;LH_979-LH_188-LH_2743
MAN;1415;+0100;1510;+0100;0;EI_206
MAN;1830;+0100;1925;+0100;0;EI_214
MAN;0630;+0100;0730;+0100;0;EI_202
MAN;1130;+0100;1505;+0100;0;KL_3156-KL_1087
MAN;0840;+0100;1225;+0100;0;LH_6632-LH_6562
MAN;0840;+0100;1225;+0100;0;BD_122-BD_588
MAN;0910;+0100;1325;+0100;0;AF_5001-AF_2268
MAN;0600;+0100;1020;+0100;0;KL_3152-KL_1081
MAN;1715;+0100;2135;+0100;0;KL_3160-KL_1097
MAN;0910;+0100;1340;+0100;0;AF_5001-AF_2268
HAM;1810;+0100;2255;+0200;0;LH_981-LH_30
HAM;1715;+0100;2215;+0200;0;KL_3160-KL_1789
HAM;0600;+0100;1115;+0200;0;KL_3152-KL_1779
HAM;1200;+0100;1715;+0200;0;LH_979-LH_18
HAM;1210;+0100;1730;+0200;0;SK_4604-SK_3661
HAM;1500;+0100;2025;+0200;0;AF_5009-AF_2510
HAM;1210;+0100;1805;+0200;0;BA_5964-BA_966
HAM;1200;+0100;1800;+0200;0;LH_979-LH_20
HAM;1130;+0100;1740;+0200;0;KL_3156-KL_1783
HAM;0650;+0100;1310;+0200;0;LH_983-LH_12
HAM;0640;+0100;1305;+0200;0;BA_5952-BA_962
HAM;1050;+0100;1720;+0200;0;UA_7651-UA_9240
HAM;1440;+0100;2110;+0200;0;BA_5968-BA_972
HAM;1040;+0100;1720;+0200;0;BD_122-BD_3303
HAM;0950;+0100;1635;+0200;0;BA_5958-BA_974
HAM;1200;+0100;1845;+0200;0;LH_979-LH_22
HAM;1430;+0100;2155;+0200;0;BD_124-BD_3295
HAM;1430;+0100;2155;+0200;0;LH_6500-LH_3395
HAM;1340;+0100;2110;+0200;0;BA_5966-BA_972
HAM;0850;+0100;1635;+0200;0;BA_5956-BA_974
HAM;0910;+0100;1655;+0200;0;AF_5001-AF_2310
HAM;1105;+0100;1850;+0200;0;SK_538-SK_651
HAM;0650;+0100;1440;+0200;0;LH_983-LH_14
HAM;1115;+0100;1905;+0200;0;LX_401-LX_1054
HAM;1200;+0100;1950;+0200;0;LH_979-LH_24
HAM;0840;+0100;1635;+0200;0;BA_5832-BA_974
HAM;0945;+0100;1740;+0200;0;KL_3154-KL_1783
HAM;1200;+0100;1955;+0200;0;LH_979-LH_24
HAM;0600;+0100;1400;+0200;0;KL_3152-KL_1781
HAM;1345;+0100;2155;+0200;0;LH_6480-LH_3395
HAM;1345;+0100;2155;+0200;0;BD_124-BD_3295
HAM;0950;+0100;1805;+0200;0;BA_5958-BA_966
HAM;1245;+0100;2110;+0200;0;BA_5836-BA_972
HAM;1155;+0100;2025;+0200;0;AF_5005-AF_2510
HAM;1430;+0100;2150;+0200;0;LH_6500-LH_911-LH_28
HAM;0840;+0100;1615;+0200;0;LH_6632-LH_3383-LH_2712
HAM;0840;+0100;1615;+0200;0;LH_6632-LH_905-LH_16
HAM;0650;+0100;1440;+0200;0;BD_120-BD_3205-BD_2954
HAM;1040;+0100;1845;+0200;0;BD_122-BD_3229-BD_2952
HAM;1345;+0100;2150;+0200;0;LH_6480-LH_911-LH_28
HAM;1430;+0100;2240;+0200;0;LH_6500-LH_2479-LH_2084
HAM;0645;+0100;1505;+0200;0;SK_9776-SK_502-SK_649
HAM;1430;+0100;2255;+0200;0;LH_6500-LH_911-LH_30
HAM;1430;+0100;2255;+0200;0;LH_6500-LH_915-LH_30
HAM;1430;+0100;2255;+0200;0;BD_124-BD_3233-BD_2968
HAM;1430;+0100;2255;+0200;0;BD_124-BD_3235-BD_2968
ZRH;1115;+0100;1425;+0200;0;LX_401
ZRH;0600;+0100;1105;+0200;0;KL_3152-KL_1957
ZRH;1130;+0100;1635;+0200;0;KL_3156-KL_1961
ZRH;1330;+0100;1835;+0200;0;KL_3158-KL_1963
ZRH;1155;+0100;1705;+0200;0;AF_5005-AF_5106
ZRH;1715;+0100;2225;+0200;0;KL_3160-KL_1969
ZRH;1500;+0100;2020;+0200;0;AF_5009-AF_5110
ZRH;1200;+0100;1730;+0200;0;LH_979-LH_1196
ZRH;1040;+0100;1635;+0200;0;BD_122-BD_6783
ZRH;0850;+0100;1450;+0200;0;BA_5956-BA_714
ZRH;1345;+0100;1945;+0200;0;BD_124-BD_6781
ZRH;1550;+0100;2150;+0200;0;BA_5974-BA_720
ZRH;0640;+0100;1245;+0200;0;BA_5952-BA_712
ZRH;0650;+0100;1255;+0200;0;LH_983-LH_1190
ZRH;0950;+0100;1620;+0200;0;BA_5958-BA_716
ZRH;1210;+0100;1850;+0200;0;BA_5964-BA_718
ZRH;0945;+0100;1635;+0200;0;KL_3154-KL_1961
ZRH;1430;+0100;2120;+0200;0;BD_124-BD_6787
ZRH;1155;+0100;1855;+0200;0;AF_5005-AF_5108
ZRH;1200;+0100;1900;+0200;0;LH_979-LH_5776
ZRH;1130;+0100;1835;+0200;0;KL_3156-KL_1963
ZRH;1210;+0100;1915;+0200;0;SK_4604-SK_841
ZRH;1210;+0100;1920;+0200;0;SK_4604-SK_841
ZRH;1440;+0100;2150;+0200;0;BA_5968-BA_720
ZRH;1150;+0100;1905;+0200;0;SK_536-SK_1605
ZRH;1445;+0100;2200;+0200;0;IB_8071-IB_3476
ZRH;0730;+0100;1450;+0200;0;BA_5954-BA_714
ZRH;1200;+0100;1920;+0200;0;LH_979-LH_1198
ZRH;0600;+0100;1330;+0200;0;KL_3152-KL_1959
ZRH;0850;+0100;1620;+0200;0;BA_5956-BA_716
ZRH;1340;+0100;2110;+0200;0;BA_5966-BA_8769
ZRH;1345;+0100;2120;+0200;0;BD_124-BD_6787
ZRH;0840;+0100;1620;+0200;0;BA_5832-BA_716
ZRH;1430;+0100;2140;+0200;0;LH_6500-LH_911-LH_5778
ZRH;1430;+0100;2145;+0200;0;LH_6500-LH_2479-LH_5788
BCN;0910;+0100;1435;+0200;0;AF_5001-AF_1648
BCN;1155;+0100;1725;+0200;0;AF_5005-AF_1948
BCN;1715;+0100;2245;+0200;0;KL_3160-KL_1681
BCN;1130;+0100;1705;+0200;0;KL_3156-KL_1675
BCN;1500;+0100;2045;+0200;0;AF_5009-AF_2148
BCN;1500;+0100;2045;+0200;0;UX_3578-UX_3478
BCN;1330;+0100;1925;+0200;0;KL_3158-KL_1677
BCN;1200;+0100;1805;+0200;0;LH_979-LH_1132
BCN;1340;+0100;1950;+0200;0;BA_5966-BA_486
BCN;1445;+0100;2055;+0200;0;IB_8071-IB_2764
BCN;0600;+0100;1215;+0200;0;KL_3152-KL_1671
BCN;1210;+0100;1830;+0200;0;BA_5964-BA_480
BCN;1440;+0100;2125;+0200;0;BA_5968-BA_482
BCN;0730;+0100;1420;+0200;0;BA_5954-BA_474
BCN;1500;+0100;2200;+0200;0;UX_3578-UX_3348
BCN;1500;+0100;2200;+0200;0;AF_5009-AF_2348
BCN;1210;+0100;1920;+0200;0;BA_5964-BA_470
BCN;0945;+0100;1705;+0200;0;KL_3154-KL_1675
BCN;1155;+0100;1930;+0200;0;AF_5005-AF_2048
BCN;1155;+0100;1930;+0200;0;UX_3576-UX_3048
BCN;1200;+0100;1935;+0200;0;LH_979-LH_1134
BCN;0640;+0100;1420;+0200;0;BA_5830-BA_474
BCN;0640;+0100;1420;+0200;0;BA_5952-BA_474
BCN;1210;+0100;1950;+0200;0;BA_5964-BA_486
BCN;1445;+0100;2225;+0200;0;IB_8071-IB_2790
BCN;1340;+0100;2125;+0200;0;BA_5966-BA_482
BCN;1115;+0100;1905;+0200;0;LX_401-LX_1956
BCN;1130;+0100;1925;+0200;0;KL_3156-KL_1677
BCN;0620;+0100;1435;+0200;0;UX_3572-UX_3648
BCN;0620;+0100;1435;+0200;0;AF_5003-AF_1648
BCN;0910;+0100;1725;+0200;0;UX_3574-UX_3948
BCN;0910;+0100;1725;+0200;0;AF_5001-AF_1948
BCN;0650;+0100;1515;+0200;0;LH_983-LH_1128
BCN;0950;+0100;1830;+0200;0;BA_5958-BA_480
BCN;1245;+0100;2125;+0200;0;BA_5836-BA_482
BCN;0910;+0100;1630;+0200;0;AF_5001-AF_7624-AF_3206
BCN;0910;+0100;1655;+0200;0;AF_5001-AF_7644-AF_5898
BCN;1430;+0100;2305;+0200;0;BD_124-BD_3233-BD_3448
BCN;1430;+0100;2305;+0200;0;LH_6500-LH_911-LH_1138
OSL;1210;+0100;1520;+0200;0;SK_4604
OSL;1715;+0100;2205;+0200;0;KL_3160-KL_1221
OSL;0600;+0100;1105;+0200;0;KL_3152-KL_1143
OSL;1850;+0100;2355;+0200;0;SK_2538-SK_1474
OSL;1330;+0100;1850;+0200;0;KL_3158-KL_1149
OSL;1715;+0100;2235;+0200;0;KL_3160-KL_1151
OSL;1810;+0100;2345;+0200;0;LH_981-LH_864
OSL;1105;+0100;1645;+0200;0;SK_538-SK_460
OSL;1150;+0100;1745;+0200;0;SK_536-SK_499
OSL;1105;+0100;1715;+0200;0;SK_538-SK_1460
OSL;1430;+0100;2040;+0200;0;SK_9708-SK_810
OSL;1430;+0100;2040;+0200;0;BD_124-BD_3790
OSL;1500;+0100;2110;+0200;0;AF_5009-AF_1274
OSL;0650;+0100;1305;+0200;0;LH_983-LH_860
OSL;0950;+0100;1610;+0200;0;BA_5958-BA_766
OSL;1200;+0100;1820;+0200;0;LH_979-LH_862
OSL;0945;+0100;1610;+0200;0;KL_3154-KL_1147
OSL;1155;+0100;1820;+0200;0;UX_3576-UX_3551
OSL;1155;+0100;1820;+0200;0;AF_5005-AF_2374
OSL;1340;+0100;2010;+0200;0;BA_5966-BA_768
OSL;1550;+0100;2225;+0200;0;BA_5974-BA_770
OSL;0650;+0100;1330;+0200;0;BD_120-BD_3784
OSL;1150;+0100;1830;+0200;0;SK_536-SK_885
OSL;0645;+0100;1330;+0200;0;SK_9776-SK_804
OSL;1345;+0100;2040;+0200;0;BD_124-BD_3790
OSL;1200;+0100;1915;+0200;0;LH_979-LH_6280
OSL;0850;+0100;1610;+0200;0;BA_5956-BA_766
OSL;1130;+0100;1850;+0200;0;KL_3156-KL_1149
OSL;0600;+0100;1325;+0200;0;KL_3152-KL_1145
OSL;0600;+0100;1330;+0200;0;KL_3152-KL_1217
OSL;0840;+0100;1610;+0200;0;BA_5832-BA_766
OSL;1105;+0100;1840;+0200;0;SK_538-SK_462
OSL;1105;+0100;1840;+0200;0;SK_538-SK_3052
OSL;0840;+0100;1620;+0200;0;SK_9776-SK_806
OSL;0840;+0100;1620;+0200;0;BD_122-BD_3786
OSL;0650;+0100;1435;+0200;0;LH_983-LH_6230
OSL;1150;+0100;1935;+0200;0;SK_536-SK_889
OSL;1440;+0100;2225;+0200;0;BA_5968-BA_770
OSL;1115;+0100;1910;+0200;0;LX_401-LX_1216
OSL;1150;+0100;1945;+0200;0;SK_536-SK_889
OSL;1210;+0100;2010;+0200;0;BA_5964-BA_768
OSL;1430;+0100;2240;+0200;0;BD_124-BD_3776
OSL;1430;+0100;2240;+0200;0;SK_9708-SK_812
OSL;1105;+0100;1920;+0200;0;SK_538-SK_1470
OSL;1330;+0100;2205;+0200;0;KL_3158-KL_1221
OSL;0730;+0100;1610;+0200;0;BA_5954-BA_766
OSL;1340;+0100;2225;+0200;0;BA_5966-BA_770
OSL;1345;+0100;2240;+0200;0;BD_124-BD_3776
OSL;0945;+0100;1850;+0200;0;KL_3154-KL_1149
OSL;1330;+0100;2235;+0200;0;KL_3158-KL_1151
OSL;0910;+0100;1820;+0200;0;UX_3574-UX_3551
OSL;0910;+0100;1820;+0200;0;AF_5001-AF_2374
OSL;1155;+0100;2110;+0200;0;AF_5005-AF_1274
OSL;1155;+0100;2110;+0200;0;UX_3576-UX_3553
OSL;0640;+0100;1610;+0200;0;BA_5952-BA_766
OSL;0640;+0100;1610;+0200;0;BA_5830-BA_766
OSL;0650;+0100;1620;+0200;0;BD_120-BD_3786
OSL;0645;+0100;1620;+0200;0;SK_9776-SK_806
OSL;1245;+0100;2225;+0200;0;BA_5836-BA_770
OSL;1040;+0100;2040;+0200;0;BD_122-BD_3790
OSL;0840;+0100;1620;+0200;0;SK_9776-SK_4630-SK_4026
OSL;0645;+0100;1445;+0200;0;SK_9776-SK_502-SK_458
OSL;0840;+0100;1705;+0200;0;SK_9776-SK_4630-SK_4032
OSL;0650;+0100;1525;+0200;0;BD_120-BD_3702-BD_3876
OSL;0645;+0100;1525;+0200;0;SK_9776-SK_502-SK_1458
OSL;0840;+0100;1720;+0200;0;SK_9776-SK_4630-SK_4032
OSL;0645;+0100;1540;+0200;0;SK_9776-SK_502-SK_3174
OSL;1430;+0100;2345;+0200;0;LH_6500-LH_915-LH_864
OSL;1430;+0100;2345;+0200;0;LH_6500-LH_911-LH_864
OSL;1430;+0100;2345;+0200;0;BD_124-BD_3235-BD_2928
OSL;1430;+0100;2345;+0200;0;BD_124-BD_3233-BD_2928
OSL;0840;+0100;1805;+0200;0;SK_9776-SK_4630-SK_4038
OSL;1430;+0100;2355;+0200;0;SK_9708-SK_1516-SK_1474
OSL;0645;+0100;1620;+0200;0;SK_9776-SK_4630-SK_4026
OSL;0840;+0100;1820;+0200;0;LH_6632-LH_905-LH_862
OSL;0840;+0100;1820;+0200;0;BD_122-BD_3197-BD_2932
OSL;0645;+0100;1635;+0200;0;SK_9776-SK_526-SK_875
OSL;0650;+0100;1645;+0200;0;BD_120-BD_3702-BD_3870
OSL;0645;+0100;1645;+0200;0;SK_9776-SK_502-SK_460
OSL;0840;+0100;1840;+0200;0;SK_9776-SK_504-SK_462
OSL;0840;+0100;1840;+0200;0;SK_9776-SK_504-SK_3052
OSL;1345;+0100;2345;+0200;0;LH_6480-LH_899-LH_864
OSL;1345;+0100;2345;+0200;0;BD_124-BD_3233-BD_2928
OSL;1345;+0100;2345;+0200;0;LH_6480-LH_915-LH_864
OSL;1345;+0100;2345;+0200;0;LH_6480-LH_911-LH_864
OSL;1345;+0100;2345;+0200;0;BD_124-BD_3235-BD_2928
MIL;1200;+0100;1650;+0200;0;LH_979-LH_274
MIL;1810;+0100;2300;+0200;0;LH_981-LH_258
MIL;0720;+0100;1220;+0200;0;AF_5118-AF_3701
MIL;1715;+0100;2215;+0200;0;KL_3160-KL_1635
MIL;1530;+0100;2035;+0200;0;AF_5124-AF_3703
MIL;1330;+0100;1840;+0200;0;KL_3158-KL_1621
MIL;0600;+0100;1125;+0200;0;KL_3152-KL_3623
MIL;0650;+0100;1215;+0200;0;LH_983-LH_272
MIL;1130;+0100;1655;+0200;0;KL_3156-KL_1627
MIL;1715;+0100;2240;+0200;0;KL_3160-KL_1635
MIL;1200;+0100;1735;+0200;0;LH_979-LH_254
MIL;0910;+0100;1450;+0200;0;AF_5001-AF_1712
MIL;0600;+0100;1150;+0200;0;KL_3152-KL_1623
MIL;1210;+0100;1805;+0200;0;BA_5964-BA_568
MIL;1500;+0100;2100;+0200;0;AF_5009-AF_9702
MIL;1500;+0100;2100;+0200;0;AZ_3581-AZ_7849
MIL;1500;+0100;2100;+0200;0;AZ_3581-AZ_7903
MIL;0600;+0100;1205;+0200;0;KL_3152-KL_1623
MIL;1440;+0100;2045;+0200;0;BA_5968-BA_580
MIL;0850;+0100;1500;+0200;0;BA_5956-BA_562
MIL;0910;+0100;1525;+0200;0;AZ_3573-AZ_7817
MIL;1115;+0100;1745;+0200;0;LX_401-LX_1622
MIL;1200;+0100;1840;+0200;0;LH_979-LH_276
MIL;1440;+0100;2125;+0200;0;BA_5968-BA_570
MIL;1200;+0100;1850;+0200;0;LH_979-LH_276
MIL;0650;+0100;1350;+0200;0;LH_983-LH_252
MIL;1340;+0100;2045;+0200;0;BA_5966-BA_580
MIL;0945;+0100;1655;+0200;0;KL_3154-KL_1627
MIL;1130;+0100;1840;+0200;0;KL_3156-KL_1621
MIL;1500;+0100;2210;+0200;0;AZ_3581-AZ_311
MIL;1500;+0100;2210;+0200;0;AF_5009-AF_9812
MIL;1115;+0100;1840;+0200;0;LX_401-LX_1636
MIL;0730;+0100;1500;+0200;0;BA_5954-BA_562
MIL;1445;+0100;2215;+0200;0;IB_8071-IB_3634
MIL;1500;+0100;2235;+0200;0;AZ_3581-AZ_7349
MIL;1500;+0100;2235;+0200;0;AF_5009-AF_2514
MIL;1430;+0100;2210;+0200;0;BD_124-BD_3455
MIL;0620;+0100;1405;+0200;0;AZ_3575-AZ_7847
MIL;0910;+0100;1655;+0200;0;AF_5001-AF_9700
MIL;0910;+0100;1655;+0200;0;AZ_3573-AZ_7907
MIL;1340;+0100;2125;+0200;0;BA_5966-BA_570
MIL;1155;+0100;1945;+0200;0;AZ_3577-AZ_7299
MIL;1155;+0100;1945;+0200;0;AF_5005-AF_2112
MIL;0620;+0100;1415;+0200;0;AF_5003-AF_1714
MIL;0620;+0100;1415;+0200;0;AZ_3575-AZ_7353
MIL;1105;+0100;1900;+0200;0;SK_538-SK_687
MIL;0950;+0100;1750;+0200;0;BA_5958-BA_566
MIL;1245;+0100;2045;+0200;0;BA_5836-BA_580
MIL;1155;+0100;2000;+0200;0;AF_5005-AF_2214
MIL;1155;+0100;2000;+0200;0;AZ_3577-AZ_7357
MIL;0600;+0100;1410;+0200;0;KL_3152-KL_3419
MIL;0950;+0100;1805;+0200;0;BA_5958-BA_568
MIL;0640;+0100;1500;+0200;0;BA_5830-BA_562
MIL;0640;+0100;1500;+0200;0;BA_5952-BA_562
MIL;1330;+0100;2150;+0200;0;KL_3158-KL_3417
MIL;1345;+0100;2210;+0200;0;BD_124-BD_3455
MIL;0620;+0100;1450;+0200;0;AF_5003-AF_1712
MIL;1210;+0100;2045;+0200;0;BA_5964-BA_580
MIL;1245;+0100;2125;+0200;0;BA_5836-BA_570
MIL;1330;+0100;2215;+0200;0;KL_3158-KL_1635
MIL;0910;+0100;1640;+0200;0;AF_5001-AF_7644-AF_3296
MIL;1200;+0100;1935;+0200;0;LH_979-LH_132-LH_3198
MIL;1430;+0100;2215;+0200;0;BD_124-BD_3233-BD_2926
MIL;1430;+0100;2215;+0200;0;LH_6500-LH_911-LH_278
MIL;1430;+0100;2235;+0200;0;LH_6500-LH_2479-LH_1866
MIL;0840;+0100;1650;+0200;0;LH_6632-LH_905-LH_274
MIL;0840;+0100;1650;+0200;0;BD_122-BD_3197-BD_2924
MIL;1345;+0100;2215;+0200;0;BD_124-BD_3233-BD_2926
MIL;1345;+0100;2215;+0200;0;LH_6480-LH_911-LH_278
MIL;1345;+0100;2215;+0200;0;LH_6480-LH_899-LH_278
MIL;1430;+0100;2300;+0200;0;LH_6500-LH_915-LH_258
MIL;1430;+0100;2300;+0200;0;LH_6500-LH_911-LH_258
MIL;0910;+0100;1750;+0200;0;AF_5001-AF_7664-AF_4304
VIE;0650;+0100;1205;+0200;0;LH_983-LH_6334
VIE;1330;+0100;1910;+0200;0;KL_3158-KL_1847
VIE;1155;+0100;1740;+0200;0;AF_5005-AF_1438
VIE;1200;+0100;1750;+0200;0;LH_979-LH_1240
VIE;1550;+0100;2200;+0200;0;BA_5974-BA_706
VIE;0640;+0100;1310;+0200;0;BA_5952-BA_700
VIE;1040;+0100;1720;+0200;0;BD_122-BD_427
VIE;1200;+0100;1840;+0200;0;LH_979-LH_1242
VIE;1155;+0100;1855;+0200;0;AF_5005-AF_1656
VIE;1200;+0100;1910;+0200;0;LH_979-LH_6346
VIE;1115;+0100;1830;+0200;0;LX_401-LX_1582
VIE;1500;+0100;2215;+0200;0;AF_5009-AF_1756
VIE;0650;+0100;1410;+0200;0;LH_983-LH_1238
VIE;1440;+0100;2200;+0200;0;BA_5968-BA_706
VIE;0600;+0100;1330;+0200;0;KL_3152-KL_1845
VIE;1155;+0100;1925;+0200;0;AF_5005-AF_2138
VIE;1155;+0100;1925;+0200;0;AF_5005-AF_2038
VIE;1130;+0100;1910;+0200;0;KL_3156-KL_1847
VIE;1200;+0100;1950;+0200;0;LH_979-LH_6929
VIE;1115;+0100;1915;+0200;0;LX_401-LX_3556
VIE;0950;+0100;1800;+0200;0;BA_5958-BA_704
VIE;0620;+0100;1435;+0200;0;AF_5003-AF_1738
VIE;1050;+0100;1905;+0200;0;UA_7651-UA_6718
VIE;0620;+0100;1440;+0200;0;AF_5003-AF_1738
VIE;1340;+0100;2200;+0200;0;BA_5966-BA_706
VIE;1430;+0100;2250;+0200;0;LH_6500-LH_6403
VIE;1430;+0100;2250;+0200;0;BD_124-BD_2806
VIE;1430;+0100;2250;+0200;0;NZ_4474-NZ_4852
VIE;0910;+0100;1735;+0200;0;AF_5001-AF_1438
VIE;1040;+0100;1905;+0200;0;BD_122-BD_2812
VIE;1445;+0100;2310;+0200;0;IB_8071-IB_8476
VIE;0910;+0100;1740;+0200;0;AF_5001-AF_1438
VIE;1105;+0100;1935;+0200;0;SK_538-SK_9415
VIE;0840;+0100;1720;+0200;0;BD_122-BD_427
VIE;0840;+0100;1720;+0200;0;LH_6632-LH_6586
VIE;1330;+0100;2210;+0200;0;KL_3158-KL_1849
VIE;1200;+0100;1945;+0200;0;LH_979-LH_114-LH_6328
VIE;0840;+0100;1650;+0200;0;LH_6632-LH_905-LH_6336
VIE;1430;+0100;2240;+0200;0;LH_6500-LH_2479-LH_6330
VIE;1200;+0100;2020;+0200;0;LH_979-LH_116-LH_2332
VIE;1200;+0100;2020;+0200;0;LH_979-LH_114-LH_2332
VIE;1430;+0100;2305;+0200;0;BD_124-BD_3235-BD_2982
VIE;1430;+0100;2305;+0200;0;LH_6500-LH_911-LH_1246
VIE;1430;+0100;2305;+0200;0;LH_6500-LH_915-LH_1246
VIE;1430;+0100;2305;+0200;0;BD_124-BD_3233-BD_2982
ROM;0945;+0100;1510;+0200;0;KL_3154-KL_3401
ROM;1330;+0100;1900;+0200;0;KL_3158-KL_1607
ROM;1200;+0100;1735;+0200;0;LH_979-LH_236
ROM;0650;+0100;1230;+0200;0;LH_983-LH_232
ROM;1810;+0100;2355;+0200;0;LH_981-LH_242
ROM;0600;+0100;1155;+0200;0;KL_3152-KL_1601
ROM;1330;+0100;1925;+0200;0;KL_3158-KL_3403
ROM;0950;+0100;1615;+0200;0;BA_5958-BA_560
ROM;1200;+0100;1830;+0200;0;LH_979-LH_238
ROM;0945;+0100;1625;+0200;0;KL_3154-KL_1603
ROM;1500;+0100;2140;+0200;0;AF_5009-AF_2304
ROM;1500;+0100;2140;+0200;0;AZ_3581-AZ_7311
ROM;0730;+0100;1420;+0200;0;BA_5954-BA_546
ROM;1155;+0100;1845;+0200;0;AF_5005-AF_2204
ROM;1155;+0100;1845;+0200;0;AZ_3577-AZ_7305
ROM;1155;+0100;1850;+0200;0;AF_5005-AF_2204
ROM;0910;+0100;1610;+0200;0;AZ_3573-AZ_7301
ROM;0910;+0100;1610;+0200;0;AF_5001-AF_1904
ROM;1210;+0100;1910;+0200;0;BA_5964-BA_554
ROM;1330;+0100;2040;+0200;0;KL_3158-KL_3405
ROM;0650;+0100;1405;+0200;0;LH_983-LH_234
ROM;1440;+0100;2155;+0200;0;BA_5968-BA_558
ROM;1445;+0100;2205;+0200;0;IB_8071-IB_3618
ROM;1500;+0100;2220;+0200;0;AZ_3581-AZ_329
ROM;1500;+0100;2220;+0200;0;AF_5009-AF_9842
ROM;0850;+0100;1615;+0200;0;BA_5956-BA_560
ROM;1130;+0100;1900;+0200;0;KL_3156-KL_1607
ROM;0640;+0100;1420;+0200;0;BA_5952-BA_546
ROM;1115;+0100;1905;+0200;0;LX_401-LX_1732
ROM;1155;+0100;1945;+0200;0;AZ_3577-AZ_325
ROM;1155;+0100;1945;+0200;0;AF_5005-AF_9838
ROM;1130;+0100;1925;+0200;0;KL_3156-KL_3403
ROM;0950;+0100;1750;+0200;0;BA_5958-BA_556
ROM;1340;+0100;2155;+0200;0;BA_5966-BA_558
ROM;0620;+0100;1440;+0200;0;AF_5003-AF_9846
ROM;0620;+0100;1440;+0200;0;AZ_3575-AZ_333
ROM;0910;+0100;1730;+0200;0;AZ_3573-AZ_7307
ROM;0910;+0100;1730;+0200;0;AF_5001-AF_2104
ROM;0850;+0100;1725;+0200;0;BA_5956-BA_2540
ROM;0730;+0100;1615;+0200;0;BA_5954-BA_560
ROM;0840;+0100;1725;+0200;0;BA_5832-BA_2540
ROM;1155;+0100;2040;+0200;0;AZ_3577-AZ_327
ROM;1155;+0100;2040;+0200;0;AF_5005-AF_9840
ROM;0850;+0100;1750;+0200;0;BA_5956-BA_556
ROM;1330;+0100;2230;+0200;0;KL_3158-KL_1609
ROM;0600;+0100;1510;+0200;0;KL_3152-KL_3401
ROM;0840;+0100;1750;+0200;0;BA_5832-BA_556
ROM;1130;+0100;2040;+0200;0;KL_3156-KL_3405
ROM;1245;+0100;2155;+0200;0;BA_5836-BA_558
ROM;0945;+0100;1900;+0200;0;KL_3154-KL_1607
ROM;0950;+0100;1910;+0200;0;BA_5958-BA_554
ROM;1420;+0100;2350;+0200;0;TK_1978-TK_1865
ROM;0640;+0100;1615;+0200;0;BA_5952-BA_560
ROM;0640;+0100;1615;+0200;0;BA_5830-BA_560
ROM;0910;+0100;1845;+0200;0;AZ_3573-AZ_7305
ROM;0910;+0100;1845;+0200;0;AF_5001-AF_2204
ROM;0910;+0100;1850;+0200;0;AF_5001-AF_2204
ROM;0945;+0100;1925;+0200;0;KL_3154-KL_3403
ROM;1155;+0100;2140;+0200;0;AZ_3577-AZ_7311
ROM;1155;+0100;2140;+0200;0;AF_5005-AF_2304
ROM;1210;+0100;2155;+0200;0;BA_5964-BA_558
ROM;0620;+0100;1610;+0200;0;AF_5003-AF_1904
ROM;0620;+0100;1610;+0200;0;AZ_3575-AZ_7301
ROM;0730;+0100;1725;+0200;0;BA_5954-BA_2540
ROM;0910;+0100;1740;+0200;0;AZ_3573-AZ_7817-AZ_2085
ROM;1155;+0100;2030;+0200;0;AF_5005-AF_7706-AF_9886
ROM;1155;+0100;2045;+0200;0;AF_5005-AF_7666-AF_4330
ROM;0840;+0100;1735;+0200;0;BD_122-BD_3197-BD_3596
ROM;0840;+0100;1735;+0200;0;LH_6632-LH_905-LH_236
ROM;0910;+0100;1810;+0200;0;AZ_3573-AZ_7817-AZ_2061
ROM;1430;+0100;2355;+0200;0;BD_124-BD_3233-BD_3592
ROM;1430;+0100;2355;+0200;0;BD_124-BD_3235-BD_3592
ROM;1430;+0100;2355;+0200;0;LH_6500-LH_911-LH_242
ROM;1430;+0100;2355;+0200;0;LH_6500-LH_915-LH_242
ROM;0910;+0100;1840;+0200;0;AZ_3573-AZ_7817-AZ_2063
ROM;0840;+0100;1815;+0200;0;LH_6632-LH_2475-LH_1848
ROM;1155;+0100;2140;+0200;0;AZ_3577-AZ_7299-AZ_2121
ROM;0620;+0100;1610;+0200;0;AZ_3575-AZ_7847-AZ_2071
ROM;0840;+0100;1830;+0200;0;BD_122-BD_3197-BD_3594
ROM;0840;+0100;1830;+0200;0;LH_6632-LH_905-LH_238
ROM;0910;+0100;1910;+0200;0;AZ_3573-AZ_7817-AZ_2097
ROM;0910;+0100;1910;+0200;0;AZ_3573-AZ_7907-AZ_2097
ROM;0620;+0100;1630;+0200;0;AZ_3575-AZ_7353-AZ_1027
ROM;0720;+0100;1730;+0200;0;AF_5118-AF_5021-AF_2104
ROM;1345;+0100;2355;+0200;0;LH_6480-LH_915-LH_242
ROM;1345;+0100;2355;+0200;0;BD_124-BD_3233-BD_3592
ROM;1345;+0100;2355;+0200;0;LH_6480-LH_899-LH_242
ROM;1345;+0100;2355;+0200;0;LH_6480-LH_911-LH_242
ROM;1345;+0100;2355;+0200;0;BD_124-BD_3235-BD_3592
ROM;0910;+0100;1925;+0200;0;AZ_3573-AZ_7817-AZ_2099
ROM;0910;+0100;1925;+0200;0;AZ_3573-AZ_7907-AZ_2099
LYS;1715;+0100;2210;+0200;0;KL_3160-KL_2029
LYS;1500;+0100;2010;+0200;0;AF_5009-AF_7648
LYS;1730;+0100;2240;+0200;0;AF_5007-AF_7650
LYS;0910;+0100;1425;+0200;0;AF_5001-AF_7644
LYS;1155;+0100;1710;+0200;0;AF_5005-AF_7646
LYS;0600;+0100;1120;+0200;0;KL_3152-KL_2025
LYS;0945;+0100;1550;+0200;0;KL_3154-KL_2031
LYS;1200;+0100;1810;+0200;0;LH_979-LH_1078
LYS;1700;+0100;2315;+0200;0;BA_5976-BA_364
LYS;1210;+0100;1835;+0200;0;BA_5964-BA_362
LYS;1105;+0100;1740;+0200;0;SK_538-SK_1793
LYS;1115;+0100;1810;+0200;0;LX_401-LX_536
LYS;1445;+0100;2145;+0200;0;IB_8071-IB_8714
LYS;0650;+0100;1415;+0200;0;LH_983-LH_1076
LYS;1550;+0100;2315;+0200;0;BA_5974-BA_364
LYS;1500;+0100;2240;+0200;0;AF_5009-AF_7650
LYS;0620;+0100;1405;+0200;0;AF_5003-AF_7414
LYS;0910;+0100;1710;+0200;0;AF_5001-AF_7646
LYS;0620;+0100;1425;+0200;0;AF_5003-AF_7644
LYS;1155;+0100;2000;+0200;0;AF_5005-AF_7416
LYS;1155;+0100;2010;+0200;0;AF_5005-AF_7648
LYS;1440;+0100;2315;+0200;0;BA_5968-BA_364
LYS;1330;+0100;2210;+0200;0;KL_3158-KL_2029
LYS;0950;+0100;1835;+0200;0;BA_5958-BA_362
LYS;1340;+0100;2315;+0200;0;BA_5966-BA_364
LYS;0850;+0100;1835;+0200;0;BA_5956-BA_362
LYS;0600;+0100;1550;+0200;0;KL_3152-KL_2031
LYS;0840;+0100;1835;+0200;0;BA_5832-BA_362
LYS;0720;+0100;1405;+0200;0;AF_5118-AF_5021-AF_7414
LYS;1430;+0100;2220;+0200;0;BD_124-BD_3233-BD_3088
LYS;1430;+0100;2220;+0200;0;LH_6500-LH_911-LH_1082
LYS;1430;+0100;2245;+0200;0;LH_6500-LH_2479-LH_2254
LYS;0620;+0100;1440;+0200;0;AF_5003-AF_7662-AF_7823
LYS;0720;+0100;1550;+0200;0;AF_5118-AF_5183-AF_1257
LYS;1345;+0100;2220;+0200;0;LH_6480-LH_911-LH_1082
LYS;1345;+0100;2220;+0200;0;BD_124-BD_3233-BD_3088
LYS;1345;+0100;2220;+0200;0;LH_6480-LH_899-LH_1082
LYS;1345;+0100;2245;+0200;0;LH_6480-LH_2479-LH_2254
LYS;0650;+0100;1610;+0200;0;BD_120-BD_5434-BD_5369
LYS;0840;+0100;1810;+0200;0;LH_6632-LH_905-LH_1078
LYS;0840;+0100;1810;+0200;0;BD_122-BD_3197-BD_3086
LYS;0910;+0100;1855;+0200;0;AF_5001-AF_7664-AF_7827
LYS;0720;+0100;1710;+0200;0;AF_5118-AF_5021-AF_7646
LYS;0720;+0100;1710;+0200;0;AF_5118-AF_1981-AF_7646
LYS;0840;+0100;1830;+0200;0;LH_6632-LH_2475-LH_2252
HEL;1850;+0100;0120;+0300;1;SK_2538-SK_6544
HEL;1105;+0100;1750;+0300;0;SK_538-SK_712
HEL;1715;+0100;0015;+0300;1;KL_3160-KL_1171
HEL;0600;+0100;1310;+0300;0;KL_3152-KL_1167
HEL;0650;+0100;1405;+0300;0;LH_983-LH_848
HEL;1150;+0100;1905;+0300;0;SK_536-SK_708
HEL;1810;+0100;0130;+0300;1;LH_981-LH_854
HEL;0945;+0100;1710;+0300;0;KL_3154-KL_1169
HEL;1105;+0100;1850;+0300;0;SK_538-SK_1710
HEL;1550;+0100;2335;+0300;0;BA_5974-BA_798
HEL;1500;+0100;2255;+0300;0;AF_5009-AF_1798
HEL;0850;+0100;1700;+0300;0;BA_5956-BA_794
HEL;0700;+0100;1515;+0300;0;6X_421-6X_3615
HEL;1150;+0100;2005;+0300;0;SK_536-SK_6424
HEL;1440;+0100;2300;+0300;0;BA_5968-BA_6034
HEL;0620;+0100;1450;+0300;0;AF_5003-AF_2298
HEL;0640;+0100;1515;+0300;0;BA_5952-BA_6032
HEL;1210;+0100;2105;+0300;0;BA_5964-BA_6080
HEL;1440;+0100;2335;+0300;0;BA_5968-BA_798
HEL;1105;+0100;2010;+0300;0;SK_538-SK_6541
HEL;1210;+0100;2115;+0300;0;SK_4604-SK_6590
HEL;1340;+0100;2300;+0300;0;BA_5966-BA_6034
HEL;0730;+0100;1700;+0300;0;BA_5954-BA_794
HEL;0620;+0100;1615;+0300;0;AF_5003-AF_1498
HEL;1340;+0100;2335;+0300;0;BA_5966-BA_798
HEL;0910;+0100;1915;+0300;0;AF_5001-AF_1098
HEL;0910;+0100;1920;+0300;0;AF_5001-AF_1098
HEL;1245;+0100;2300;+0300;0;BA_5836-BA_6034
HEL;0640;+0100;1700;+0300;0;BA_5830-BA_794
HEL;0640;+0100;1700;+0300;0;BA_5952-BA_794
HEL;0800;+0100;1830;+0300;0;6X_423-6X_7818
HEL;1330;+0100;0015;+0300;1;KL_3158-KL_1171
HEL;1210;+0100;2300;+0300;0;BA_5964-BA_6034
HEL;1245;+0100;2335;+0300;0;BA_5836-BA_798
HEL;1155;+0100;2255;+0300;0;AF_5005-AF_1798
HEL;1200;+0100;2305;+0300;0;LH_979-LH_852
HEL;0600;+0100;1710;+0300;0;KL_3152-KL_1169
HEL;0650;+0100;1800;+0300;0;LH_983-LH_850
HEL;0950;+0100;2105;+0300;0;BA_5958-BA_6080
HEL;1210;+0100;2335;+0300;0;BA_5964-BA_798
HEL;0700;+0100;1830;+0300;0;6X_421-6X_7818
HEL;0800;+0100;1930;+0300;0;6X_423-6X_798
HEL;1105;+0100;2245;+0300;0;SK_538-SK_714
HEL;1210;+0100;2005;+0300;0;SK_4604-SK_882-SK_6424
HEL;1105;+0100;1905;+0300;0;SK_538-SK_408-SK_708
HEL;1105;+0100;2005;+0300;0;SK_538-SK_1424-SK_6424
HEL;1105;+0100;2005;+0300;0;SK_538-SK_408-SK_6424
HEL;0645;+0100;1650;+0300;0;SK_9776-SK_502-SK_6694
HEL;1105;+0100;2115;+0300;0;SK_538-SK_1460-SK_6590
HEL;1105;+0100;2115;+0300;0;SK_538-SK_460-SK_6590
HEL;1210;+0100;2245;+0300;0;SK_4604-SK_1471-SK_714
HEL;1210;+0100;2245;+0300;0;SK_4604-SK_1477-SK_714
HEL;1210;+0100;2245;+0300;0;SK_4604-SK_461-SK_714
HEL;1430;+0100;0120;+0300;1;SK_9708-SK_1516-SK_6544
HEL;0650;+0100;1750;+0300;0;BD_120-BD_3702-BD_3884
HEL;1430;+0100;0130;+0300;1;LH_6500-LH_911-LH_854
HEL;1430;+0100;0130;+0300;1;BD_124-BD_3235-BD_3124
HEL;1430;+0100;0130;+0300;1;LH_6500-LH_915-LH_854
HEL;1430;+0100;0130;+0300;1;BD_124-BD_3233-BD_3124
HEL;0645;+0100;1750;+0300;0;SK_9776-SK_502-SK_712
HEL;0800;+0100;1920;+0300;0;6X_423-6X_312-6X_3618
HEL;0840;+0100;2005;+0300;0;SK_9776-SK_532-SK_6424
HEL;0950;+0100;2130;+0300;0;BA_5958-BA_766-BA_6078
HEL;1345;+0100;0130;+0300;1;BD_124-BD_3233-BD_3124
HEL;1345;+0100;0130;+0300;1;BD_124-BD_3235-BD_3124
HEL;1345;+0100;0130;+0300;1;LH_6480-LH_899-LH_854
HEL;1345;+0100;0130;+0300;1;LH_6480-LH_911-LH_854
HEL;1345;+0100;0130;+0300;1;LH_6480-LH_915-LH_854
BRU;0945;+0100;1400;+0200;0;KL_3154-KL_1725
BRU;1330;+0100;1745;+0200;0;KL_3158-KL_1731
BRU;0600;+0100;1045;+0200;0;KL_3152-KL_1723
BRU;1200;+0100;1645;+0200;0;LH_979-LH_1014
BRU;1715;+0100;2205;+0200;0;KL_3160-KL_1733
BRU;0950;+0100;1445;+0200;0;BA_5958-BA_394
BRU;1700;+0100;2155;+0200;0;BA_5976-BA_404
BRU;1550;+0100;2055;+0200;0;BA_5974-BA_400
BRU;0910;+0100;1423;+0200;0;AF_5001-AF_7183
BRU;1700;+0100;2225;+0200;0;BA_5976-BA_404
BRU;0620;+0100;1155;+0200;0;AF_5003-AF_7179
BRU;1105;+0100;1640;+0200;0;SK_538-SK_1593
BRU;1200;+0100;1740;+0200;0;LH_979-LH_1016
BRU;1500;+0100;2043;+0200;0;AF_5009-AF_7187
BRU;0650;+0100;1245;+0200;0;LH_983-LH_1010
BRU;0850;+0100;1445;+0200;0;BA_5956-BA_394
BRU;1210;+0100;1815;+0200;0;SK_4604-SK_4745
BRU;1550;+0100;2155;+0200;0;BA_5974-BA_404
BRU;1130;+0100;1745;+0200;0;KL_3156-KL_1731
BRU;1440;+0100;2055;+0200;0;BA_5968-BA_400
BRU;0950;+0100;1615;+0200;0;BA_5958-BA_396
BRU;1210;+0100;1835;+0200;0;BA_5964-BA_398
BRU;0650;+0100;1320;+0200;0;BD_120-BD_5434
BRU;1200;+0100;1835;+0200;0;LH_979-LH_1018
BRU;1550;+0100;2225;+0200;0;BA_5974-BA_404
BRU;1430;+0100;2110;+0200;0;BD_124-BD_5436
BRU;1115;+0100;1805;+0200;0;LX_401-LX_782
BRU;1155;+0100;1845;+0200;0;AF_5005-AF_7185
BRU;0650;+0100;1400;+0200;0;LH_983-LH_1012
BRU;0730;+0100;1445;+0200;0;BA_5954-BA_394
BRU;1340;+0100;2055;+0200;0;BA_5966-BA_400
BRU;1440;+0100;2155;+0200;0;BA_5968-BA_404
BRU;1445;+0100;2200;+0200;0;IB_8071-IB_3208
BRU;0850;+0100;1615;+0200;0;BA_5956-BA_396
BRU;1345;+0100;2110;+0200;0;BD_124-BD_5436
BRU;0840;+0100;1610;+0200;0;BD_122-BD_588-BD_5376
AMS;0945;+0100;1220;+0200;0;EI_604
AMS;1130;+0100;1405;+0200;0;EI_606
AMS;1330;+0100;1605;+0200;0;EI_608
AMS;1715;+0100;1950;+0200;0;EI_610
AMS;0600;+0100;0840;+0200;0;EI_602
AMS;0720;+0100;1140;+0200;0;AF_5118-AF_5183
AMS;1530;+0100;2005;+0200;0;AF_5124-AF_5195
AMS;1720;+0100;2205;+0200;0;AF_5122-AF_5199
AMS;0900;+0100;1350;+0200;0;AF_5120-AF_5185
AMS;1700;+0100;2210;+0200;0;BA_5976-BA_444
AMS;0620;+0100;1140;+0200;0;AF_5003-AF_8230
AMS;0850;+0100;1410;+0200;0;BA_5956-BA_434
AMS;1500;+0100;2020;+0200;0;AF_5009-AF_8240
AMS;1440;+0100;2010;+0200;0;BA_5968-BA_442
AMS;1530;+0100;2105;+0200;0;AF_5124-AF_5197
AMS;0950;+0100;1530;+0200;0;BA_5958-BA_438
AMS;1105;+0100;1645;+0200;0;SK_538-SK_1549
AMS;1155;+0100;1735;+0200;0;AF_5005-AF_2040
AMS;0650;+0100;1235;+0200;0;LH_983-LH_990
AMS;1200;+0100;1750;+0200;0;LH_979-LH_996
AMS;1210;+0100;1805;+0200;0;SK_4604-SK_827
AMS;1210;+0100;1815;+0200;0;BA_5964-BA_440
AMS;1550;+0100;2210;+0200;0;BA_5974-BA_444
AMS;0720;+0100;1350;+0200;0;AF_5118-AF_5185
AMS;1340;+0100;2010;+0200;0;BA_5966-BA_442
AMS;0620;+0100;1255;+0200;0;AF_5003-AF_1640
AMS;1530;+0100;2205;+0200;0;AF_5124-AF_5199
AMS;0730;+0100;1410;+0200;0;BA_5954-BA_434
AMS;0850;+0100;1530;+0200;0;BA_5956-BA_438
AMS;1150;+0100;1830;+0200;0;SK_536-SK_1555
AMS;1500;+0100;2140;+0200;0;AF_5009-AF_8242
AMS;0910;+0100;1555;+0200;0;AF_5001-AF_8234
AMS;0840;+0100;1530;+0200;0;BA_5832-BA_438
NTE;1715;+0100;2215;+0200;0;KL_3160-KL_2035
NTE;1155;+0100;1720;+0200;0;AF_5005-AF_7730
NTE;0945;+0100;1600;+0200;0;KL_3154-KL_2049
NTE;1500;+0100;2145;+0200;0;AF_5009-AF_7728
NTE;0620;+0100;1340;+0200;0;AF_5003-AF_7724
NTE;1500;+0100;2225;+0200;0;AF_5009-AF_7388
NTE;1445;+0100;2235;+0200;0;IB_8071-IB_8544
NTE;0910;+0100;1720;+0200;0;AF_5001-AF_7730
NTE;0620;+0100;1445;+0200;0;AF_5003-AF_7386
NTE;1330;+0100;2215;+0200;0;KL_3158-KL_2035
NTE;1155;+0100;2145;+0200;0;AF_5005-AF_7728
NTE;0600;+0100;1600;+0200;0;KL_3152-KL_2049
NTE;0900;+0100;1930;+0200;0;AF_5120-AF_5209
NTE;1155;+0100;2225;+0200;0;AF_5005-AF_7388
NTE;1130;+0100;2215;+0200;0;KL_3156-KL_2035
NTE;0620;+0100;1720;+0200;0;AF_5003-AF_7730
NTE;0720;+0100;1930;+0200;0;AF_5118-AF_5209
NTE;0945;+0100;2215;+0200;0;KL_3154-KL_2035
NTE;1530;+0100;2215;+0200;0;AF_5124-AF_5195-AF_5369
NTE;0900;+0100;1600;+0200;0;AF_5120-AF_5185-AF_5367
NTE;0620;+0100;1325;+0200;0;AF_5003-AF_7622-AF_3203
NTE;0910;+0100;1630;+0200;0;AF_5001-AF_7644-AF_5863
NTE;0720;+0100;1445;+0200;0;AF_5118-AF_5021-AF_7386
NTE;0945;+0100;1720;+0200;0;KL_3154-KL_2009-KL_2312
NTE;0600;+0100;1340;+0200;0;KL_3152-KL_2003-KL_2310
NTE;1155;+0100;1940;+0200;0;AF_5005-AF_7634-AF_3207
NTE;1155;+0100;2010;+0200;0;AF_5005-AF_7646-AF_5867
NTE;1330;+0100;2145;+0200;0;KL_3158-KL_1245-KL_2314
NTE;1330;+0100;2145;+0200;0;KL_3158-KL_1243-KL_2314
NTE;0720;+0100;1600;+0200;0;AF_5118-AF_5183-AF_5367
NTE;0720;+0100;1600;+0200;0;AF_5118-AF_5185-AF_5367
NTE;0910;+0100;1800;+0200;0;AF_5001-AF_7644-AF_5865
NTE;0910;+0100;1805;+0200;0;AF_5001-AF_7664-AF_5762
NTE;0910;+0100;1815;+0200;0;AF_5001-AF_6128-AF_5650
NTE;0910;+0100;1815;+0200;0;AF_5001-AF_6154-AF_5650
NTE;0910;+0100;1815;+0200;0;AF_5001-AF_7794-AF_5650
NTE;1155;+0100;2110;+0200;0;AF_5005-AF_7666-AF_7612
NTE;1155;+0100;2125;+0200;0;AF_5005-AF_7646-AF_5869
NTE;1155;+0100;2130;+0200;0;AF_5005-AF_7786-AF_5652
NTE;1155;+0100;2130;+0200;0;AF_5005-AF_6140-AF_5652
NTE;1155;+0100;2130;+0200;0;AF_5005-AF_6138-AF_5652
NTE;1155;+0100;2130;+0200;0;AF_5005-AF_7788-AF_5652
NTE;0720;+0100;1720;+0200;0;AF_5118-AF_5021-AF_7730
NTE;0720;+0100;1720;+0200;0;AF_5118-AF_1981-AF_7730
NTE;0620;+0100;1630;+0200;0;AF_5003-AF_7414-AF_5863
NTE;0620;+0100;1630;+0200;0;AF_5003-AF_7644-AF_5863
NTE;1155;+0100;2205;+0200;0;AF_5005-AF_6140-AF_7862
NTE;1155;+0100;2205;+0200;0;AF_5005-AF_7788-AF_7862
NTE;1155;+0100;2205;+0200;0;AF_5005-AF_6142-AF_7862
NTE;1155;+0100;2205;+0200;0;AF_5005-AF_6138-AF_7862
NTE;1155;+0100;2205;+0200;0;AF_5005-AF_7786-AF_7862
NTE;1130;+0100;2145;+0200;0;KL_3156-KL_2013-KL_2314
NTE;1130;+0100;2145;+0200;0;KL_3156-KL_1245-KL_2314
NTE;1130;+0100;2145;+0200;0;KL_3156-KL_1243-KL_2314
NTE;1155;+0100;2210;+0200;0;AF_5005-AF_6038-AF_5764
NTE;1155;+0100;2210;+0200;0;AF_5005-AF_7666-AF_5764
NTE;0620;+0100;1645;+0200;0;AF_5003-AF_7662-AF_7610
NTE;0620;+0100;1645;+0200;0;AF_5003-AF_6020-AF_7610
NTE;0910;+0100;1940;+0200;0;AF_5001-AF_6264-AF_3207
NTE;0910;+0100;1940;+0200;0;AF_5001-AF_7624-AF_3207
NTE;0910;+0100;1940;+0200;0;AF_5001-AF_6262-AF_3207
NTE;0910;+0100;1940;+0200;0;AF_5001-AF_7634-AF_3207
NTE;0910;+0100;1940;+0200;0;AF_5001-AF_6266-AF_3207
NTE;0910;+0100;2010;+0200;0;AF_5001-AF_7644-AF_5867
NTE;0910;+0100;2010;+0200;0;AF_5001-AF_7646-AF_5867
NTE;0600;+0100;1720;+0200;0;KL_3152-KL_2007-KL_2312
NTE;0600;+0100;1720;+0200;0;KL_3152-KL_2003-KL_2312
NTE;0600;+0100;1720;+0200;0;KL_3152-KL_2009-KL_2312
NTE;0600;+0100;1720;+0200;0;KL_3152-KL_1233-KL_2312
NTE;0620;+0100;1800;+0200;0;AF_5003-AF_7414-AF_5865
NTE;0620;+0100;1800;+0200;0;AF_5003-AF_7644-AF_5865
NTE;0620;+0100;1805;+0200;0;AF_5003-AF_7664-AF_5762
NTE;0620;+0100;1805;+0200;0;AF_5003-AF_7662-AF_5762
NTE;0620;+0100;1805;+0200;0;AF_5003-AF_6020-AF_5762
NTE;0620;+0100;1815;+0200;0;AF_5003-AF_6124-AF_5650
NTE;0620;+0100;1815;+0200;0;AF_5003-AF_6166-AF_5650
NTE;0620;+0100;1815;+0200;0;AF_5003-AF_6122-AF_5650
NTE;0620;+0100;1815;+0200;0;AF_5003-AF_6128-AF_5650
NTE;0620;+0100;1815;+0200;0;AF_5003-AF_6154-AF_5650
NTE;0620;+0100;1815;+0200;0;AF_5003-AF_6126-AF_5650
NTE;0620;+0100;1815;+0200;0;AF_5003-AF_7794-AF_5650
NTE;0910;+0100;2110;+0200;0;AF_5001-AF_7664-AF_7612
NTE;0910;+0100;2110;+0200;0;AF_5001-AF_6032-AF_7612
NTE;0910;+0100;2110;+0200;0;AF_5001-AF_7666-AF_7612
NTE;0910;+0100;2110;+0200;0;AF_5001-AF_6034-AF_7612
NTE;0945;+0100;2145;+0200;0;KL_3154-KL_2009-KL_2314
NTE;0945;+0100;2145;+0200;0;KL_3154-KL_1245-KL_2314
NTE;0945;+0100;2145;+0200;0;KL_3154-KL_1243-KL_2314
NTE;0945;+0100;2145;+0200;0;KL_3154-KL_2013-KL_2314
NTE;0910;+0100;2125;+0200;0;AF_5001-AF_7646-AF_5869
NTE;0910;+0100;2125;+0200;0;AF_5001-AF_7644-AF_5869
NTE;0910;+0100;2130;+0200;0;AF_5001-AF_6156-AF_5652
NTE;0910;+0100;2130;+0200;0;AF_5001-AF_7794-AF_5652
NTE;0910;+0100;2130;+0200;0;AF_5001-AF_6154-AF_5652
NTE;0910;+0100;2130;+0200;0;AF_5001-AF_6136-AF_5652
NTE;0910;+0100;2130;+0200;0;AF_5001-AF_6146-AF_5652
NTE;0910;+0100;2130;+0200;0;AF_5001-AF_7788-AF_5652
NTE;0910;+0100;2130;+0200;0;AF_5001-AF_6140-AF_5652
NTE;0910;+0100;2130;+0200;0;AF_5001-AF_6134-AF_5652
NTE;0910;+0100;2130;+0200;0;AF_5001-AF_6132-AF_5652
NTE;0910;+0100;2130;+0200;0;AF_5001-AF_7786-AF_5652
NTE;0910;+0100;2130;+0200;0;AF_5001-AF_6128-AF_5652
NTE;0910;+0100;2130;+0200;0;AF_5001-AF_6130-AF_5652
NTE;0910;+0100;2130;+0200;0;AF_5001-AF_6138-AF_5652
TLS;1730;+0100;2235;+0200;0;AF_5007-AF_7792
TLS;1155;+0100;1715;+0200;0;AF_5005-AF_7786
TLS;0910;+0100;1435;+0200;0;AF_5001-AF_7794
TLS;1810;+0100;2345;+0200;0;LH_981-LH_1100
TLS;1200;+0100;1745;+0200;0;LH_979-LH_1098
TLS;0600;+0100;1150;+0200;0;KL_3152-KL_1303
TLS;1700;+0100;2300;+0200;0;BA_5976-BA_376
TLS;1200;+0100;1805;+0200;0;LH_979-LH_1098
TLS;1550;+0100;2225;+0200;0;BA_5974-BA_376
TLS;0945;+0100;1625;+0200;0;KL_3154-KL_1311
TLS;1550;+0100;2300;+0200;0;BA_5974-BA_376
TLS;0650;+0100;1410;+0200;0;LH_983-LH_1096
TLS;0910;+0100;1630;+0200;0;AF_5001-AF_6154
TLS;0950;+0100;1715;+0200;0;BA_5958-BA_374
TLS;1445;+0100;2215;+0200;0;IB_8071-IB_8772
TLS;0910;+0100;1645;+0200;0;AF_5001-AF_6128
TLS;1155;+0100;1930;+0200;0;AF_5005-AF_6138
TLS;1500;+0100;2235;+0200;0;AF_5009-AF_7792
TLS;1440;+0100;2225;+0200;0;BA_5968-BA_376
TLS;1155;+0100;1950;+0200;0;AF_5005-AF_7788
TLS;0910;+0100;1715;+0200;0;AF_5001-AF_7786
TLS;0910;+0100;1715;+0200;0;AF_5001-AF_6156
TLS;1155;+0100;2000;+0200;0;AF_5005-AF_6140
TLS;0620;+0100;1430;+0200;0;AF_5003-AF_6166
TLS;0620;+0100;1435;+0200;0;AF_5003-AF_7794
TLS;0910;+0100;1730;+0200;0;AF_5001-AF_6130
TLS;1440;+0100;2300;+0200;0;BA_5968-BA_376
TLS;0850;+0100;1715;+0200;0;BA_5956-BA_374
TLS;0840;+0100;1715;+0200;0;BA_5832-BA_374
TLS;1155;+0100;2030;+0200;0;AF_5005-AF_6142
TLS;0620;+0100;1500;+0200;0;AF_5003-AF_6122
TLS;1340;+0100;2225;+0200;0;BA_5966-BA_376
TLS;0910;+0100;1800;+0200;0;AF_5001-AF_6132
TLS;1330;+0100;2220;+0200;0;KL_3158-KL_1313
TLS;0620;+0100;1530;+0200;0;AF_5003-AF_6124
TLS;1155;+0100;2105;+0200;0;AF_5005-AF_6144
TLS;0910;+0100;1830;+0200;0;AF_5001-AF_6134
TLS;1340;+0100;2300;+0200;0;BA_5966-BA_376
TLS;0910;+0100;1845;+0200;0;AF_5001-AF_6146
TLS;1155;+0100;2130;+0200;0;AF_5005-AF_6162
TLS;0620;+0100;1600;+0200;0;AF_5003-AF_6126
TLS;1245;+0100;2225;+0200;0;BA_5836-BA_376
TLS;0730;+0100;1715;+0200;0;BA_5954-BA_374
TLS;0910;+0100;1900;+0200;0;AF_5001-AF_6136
TLS;0910;+0100;1615;+0200;0;AF_5001-AF_7644-AF_7850
TLS;0720;+0100;1430;+0200;0;AF_5118-AF_5021-AF_6166
TLS;0900;+0100;1625;+0200;0;AF_5120-AF_5185-AF_8263
TLS;1155;+0100;1920;+0200;0;AF_5005-AF_7646-AF_7842
TLS;0720;+0100;1500;+0200;0;AF_5118-AF_5021-AF_6122
TLS;1155;+0100;1945;+0200;0;AF_5005-AF_7646-AF_7848
TLS;1155;+0100;1950;+0200;0;AF_5005-AF_7730-AF_5653
TLS;0720;+0100;1530;+0200;0;AF_5118-AF_5021-AF_6124
TLS;1430;+0100;2250;+0200;0;LH_6500-LH_2479-LH_2222
TLS;1500;+0100;2335;+0200;0;AF_5009-AF_7728-AF_7863
TLS;0720;+0100;1600;+0200;0;AF_5118-AF_5021-AF_6126
TLS;0910;+0100;1805;+0200;0;AF_5001-AF_7664-AF_5595
TLS;0720;+0100;1625;+0200;0;AF_5118-AF_5183-AF_8263
TLS;0720;+0100;1625;+0200;0;AF_5118-AF_5185-AF_8263
TLS;0840;+0100;1745;+0200;0;LH_6632-LH_905-LH_1098
TLS;1155;+0100;2100;+0200;0;AF_5005-AF_7646-AF_7844
TLS;1345;+0100;2250;+0200;0;LH_6480-LH_2479-LH_2222
TLS;0720;+0100;1630;+0200;0;AF_5118-AF_5021-AF_6154
TLS;1430;+0100;2345;+0200;0;BD_124-BD_3235-BD_2934
TLS;1430;+0100;2345;+0200;0;LH_6500-LH_915-LH_1100
TLS;1430;+0100;2345;+0200;0;BD_124-BD_3233-BD_2934
TLS;1430;+0100;2345;+0200;0;LH_6500-LH_911-LH_1100
TLS;0720;+0100;1645;+0200;0;AF_5118-AF_5021-AF_6128
TLS;0840;+0100;1805;+0200;0;LH_6632-LH_905-LH_1098
TLS;0840;+0100;1805;+0200;0;BD_122-BD_3197-BD_2938
TLS;1155;+0100;2125;+0200;0;AF_5005-AF_7666-AF_7654
TLS;0650;+0100;1630;+0200;0;BD_120-BD_5434-BD_5423
TLS;0900;+0100;1845;+0200;0;AF_5120-AF_5023-AF_6146
TLS;0620;+0100;1615;+0200;0;AF_5003-AF_7644-AF_7850
TLS;0620;+0100;1615;+0200;0;AF_5003-AF_7414-AF_7850
TLS;0720;+0100;1715;+0200;0;AF_5118-AF_5021-AF_6156
TLS;0720;+0100;1715;+0200;0;AF_5118-AF_5021-AF_7786
TLS;0720;+0100;1715;+0200;0;AF_5118-AF_1981-AF_7786
TLS;1155;+0100;2150;+0200;0;AF_5005-AF_7708-AF_7880
TLS;1155;+0100;2150;+0200;0;AF_5005-AF_7706-AF_7880
TLS;1155;+0100;2150;+0200;0;AF_5005-AF_7666-AF_5597
TLS;1155;+0100;2150;+0200;0;AF_5005-AF_6236-AF_7880
TLS;1155;+0100;2150;+0200;0;AF_5005-AF_6038-AF_5597
TLS;0900;+0100;1900;+0200;0;AF_5120-AF_5023-AF_6136
TLS;1345;+0100;2345;+0200;0;LH_6480-LH_915-LH_1100
TLS;1345;+0100;2345;+0200;0;LH_6480-LH_911-LH_1100
TLS;1345;+0100;2345;+0200;0;LH_6480-LH_899-LH_1100
TLS;1345;+0100;2345;+0200;0;BD_124-BD_3233-BD_2934
TLS;1345;+0100;2345;+0200;0;BD_124-BD_3235-BD_2934
GVA;1130;+0100;1620;+0200;0;KL_3156-KL_1931
GVA;0600;+0100;1100;+0200;0;KL_3152-KL_1927
GVA;0910;+0100;1410;+0200;0;AF_5001-AF_2142
GVA;1330;+0100;1835;+0200;0;KL_3158-KL_1933
GVA;1200;+0100;1710;+0200;0;LH_979-LH_1220
GVA;1200;+0100;1710;+0200;0;LH_979-LH_1222
GVA;1155;+0100;1710;+0200;0;AF_5005-AF_2442
GVA;1155;+0100;1710;+0200;0;UX_3576-UX_3589
GVA;1155;+0100;1715;+0200;0;AF_5005-AF_2442
GVA;1430;+0100;1955;+0200;0;BD_124-BD_6769
GVA;1700;+0100;2240;+0200;0;BA_5976-BA_738
GVA;0840;+0100;1425;+0200;0;BD_122-BD_6771
GVA;1210;+0100;1755;+0200;0;BA_5964-BA_734
GVA;1200;+0100;1755;+0200;0;LH_979-LH_1222
GVA;1040;+0100;1640;+0200;0;BD_122-BD_6775
GVA;1440;+0100;2040;+0200;0;BA_5968-BA_736
GVA;0650;+0100;1300;+0200;0;LH_983-LH_1216
GVA;1345;+0100;1955;+0200;0;BD_124-BD_6769
GVA;0640;+0100;1255;+0200;0;BA_5952-BA_728
GVA;1115;+0100;1740;+0200;0;LX_401-LX_2808
GVA;0945;+0100;1620;+0200;0;KL_3154-KL_1931
GVA;1500;+0100;2145;+0200;0;AF_5009-AF_1242
GVA;1500;+0100;2145;+0200;0;UX_3578-UX_3595
GVA;0620;+0100;1310;+0200;0;AF_5003-AF_2042
GVA;0620;+0100;1310;+0200;0;UX_3572-UX_3583
GVA;0730;+0100;1420;+0200;0;BA_5954-BA_730
GVA;0950;+0100;1640;+0200;0;BA_5958-BA_732
GVA;1445;+0100;2135;+0200;0;IB_8071-IB_3482
GVA;1550;+0100;2240;+0200;0;BA_5974-BA_738
GVA;0910;+0100;1610;+0200;0;UX_3574-UX_3587
GVA;0910;+0100;1610;+0200;0;AF_5001-AF_2342
GVA;1340;+0100;2040;+0200;0;BA_5966-BA_736
GVA;1130;+0100;1835;+0200;0;KL_3156-KL_1933
GVA;1115;+0100;1825;+0200;0;LX_401-LX_2810
GVA;1150;+0100;1910;+0200;0;SK_536-SK_615
GVA;1200;+0100;1925;+0200;0;LH_979-LH_1226
GVA;0600;+0100;1330;+0200;0;KL_3152-KL_1929
GVA;0650;+0100;1420;+0200;0;LH_983-LH_1218
GVA;1200;+0100;1930;+0200;0;LH_979-LH_1224
GVA;0650;+0100;1425;+0200;0;BD_120-BD_6771
GVA;1430;+0100;2205;+0200;0;BD_124-BD_6777
GVA;0640;+0100;1420;+0200;0;BA_5830-BA_730
GVA;0640;+0100;1420;+0200;0;BA_5952-BA_730
GVA;1345;+0100;2125;+0200;0;BD_124-BD_6847
GVA;1155;+0100;1940;+0200;0;UX_3576-UX_3593
GVA;1155;+0100;1940;+0200;0;AF_5005-AF_1042
GVA;0620;+0100;1410;+0200;0;UX_3572-UX_3585
GVA;0620;+0100;1410;+0200;0;AF_5003-AF_2142
GVA;0850;+0100;1640;+0200;0;BA_5956-BA_732
GVA;0840;+0100;1635;+0200;0;BD_122-BD_6835
GVA;1245;+0100;2040;+0200;0;BA_5836-BA_736
GVA;0840;+0100;1640;+0200;0;BD_122-BD_6775
GVA;0840;+0100;1640;+0200;0;BA_5832-BA_732
GVA;0910;+0100;1710;+0200;0;UX_3574-UX_3589
GVA;0910;+0100;1710;+0200;0;AF_5001-AF_2442
GVA;1440;+0100;2240;+0200;0;BA_5968-BA_738
GVA;0910;+0100;1715;+0200;0;AF_5001-AF_2442
GVA;0950;+0100;1755;+0200;0;BA_5958-BA_734
GVA;1105;+0100;1915;+0200;0;SK_538-SK_617
GVA;1330;+0100;2145;+0200;0;KL_3158-KL_1937
GVA;1345;+0100;2205;+0200;0;BD_124-BD_6777
GVA;1210;+0100;2040;+0200;0;BA_5964-BA_736
GVA;0945;+0100;1835;+0200;0;KL_3154-KL_1933
GVA;1340;+0100;2240;+0200;0;BA_5966-BA_738
GVA;0650;+0100;1420;+0200;0;BD_120-BD_3205-BD_3106
GVA;1430;+0100;2230;+0200;0;LH_6500-LH_2479-LH_2390
GVA;1430;+0100;2230;+0200;0;BD_124-BD_3233-BD_3114
GVA;1430;+0100;2230;+0200;0;LH_6500-LH_915-LH_1228
GVA;1430;+0100;2230;+0200;0;LH_6500-LH_911-LH_1228
GVA;1430;+0100;2230;+0200;0;BD_124-BD_3235-BD_3114
GVA;0840;+0100;1710;+0200;0;LH_6632-LH_905-LH_1220
GVA;0840;+0100;1710;+0200;0;BD_122-BD_3197-BD_3102
GVA;0840;+0100;1710;+0200;0;LH_6632-LH_905-LH_1222
GVA;0840;+0100;1710;+0200;0;BD_122-BD_3197-BD_3118
GVA;1040;+0100;1925;+0200;0;BD_122-BD_3229-BD_3104
GVA;1345;+0100;2230;+0200;0;LH_6480-LH_915-LH_1228
GVA;1345;+0100;2230;+0200;0;LH_6480-LH_2479-LH_2390
GVA;1345;+0100;2230;+0200;0;BD_124-BD_3233-BD_3114
GVA;1345;+0100;2230;+0200;0;BD_124-BD_3235-BD_3114
GVA;1345;+0100;2230;+0200;0;LH_6480-LH_899-LH_1228
GVA;1345;+0100;2230;+0200;0;LH_6480-LH_911-LH_1228
GVA;1040;+0100;1930;+0200;0;BD_122-BD_3229-BD_3120
VCE;1130;+0100;1635;+0200;0;KL_3156-KL_1655
VCE;1730;+0100;2300;+0200;0;AF_5007-AF_2526
VCE;1730;+0100;2300;+0200;0;AZ_3579-AZ_7335
VCE;1810;+0100;2340;+0200;0;LH_981-LH_332
VCE;0600;+0100;1145;+0200;0;KL_3152-KL_1653
VCE;1200;+0100;1745;+0200;0;LH_979-LH_328
VCE;0640;+0100;1250;+0200;0;BA_5952-BA_578
VCE;0650;+0100;1325;+0200;0;LH_983-LH_326
VCE;0945;+0100;1635;+0200;0;KL_3154-KL_1655
VCE;1445;+0100;2200;+0200;0;IB_8071-IB_3632
VCE;1200;+0100;1925;+0200;0;LH_979-LH_330
VCE;1115;+0100;1845;+0200;0;LX_401-LX_1664
VCE;1440;+0100;2225;+0200;0;BA_5968-BA_2588
VCE;0620;+0100;1415;+0200;0;AF_5003-AF_1726
VCE;0620;+0100;1415;+0200;0;AZ_3575-AZ_7329
VCE;0910;+0100;1710;+0200;0;AF_5001-AF_2026
VCE;0910;+0100;1710;+0200;0;AZ_3573-AZ_7331
VCE;1155;+0100;1955;+0200;0;AF_5005-AF_2226
VCE;1155;+0100;1955;+0200;0;AZ_3577-AZ_7333
VCE;1500;+0100;2300;+0200;0;AF_5009-AF_2526
VCE;1500;+0100;2300;+0200;0;AZ_3581-AZ_7335
VCE;0850;+0100;1655;+0200;0;BA_5956-BA_2584
VCE;0840;+0100;1655;+0200;0;BA_5832-BA_2584
VCE;1330;+0100;2210;+0200;0;KL_3158-KL_1659
VCE;1340;+0100;2225;+0200;0;BA_5966-BA_2588
VCE;0730;+0100;1655;+0200;0;BA_5954-BA_2584
VCE;1245;+0100;2225;+0200;0;BA_5836-BA_2588
VCE;0640;+0100;1655;+0200;0;BA_5952-BA_2584
VCE;0640;+0100;1655;+0200;0;BA_5830-BA_2584
VCE;1210;+0100;2225;+0200;0;BA_5964-BA_2588
VCE;1430;+0100;2225;+0200;0;LH_6500-LH_2479-LH_1914
VCE;1345;+0100;2225;+0200;0;LH_6480-LH_2479-LH_1914
VCE;1040;+0100;1925;+0200;0;BD_122-BD_3229-BD_3410
VCE;0910;+0100;1805;+0200;0;AF_5001-AF_7714-AF_4386
VCE;0840;+0100;1745;+0200;0;BD_122-BD_3197-BD_3408
VCE;0840;+0100;1745;+0200;0;LH_6632-LH_905-LH_328
VCE;1155;+0100;2100;+0200;0;AZ_3577-AZ_7305-AZ_1481
VCE;0910;+0100;1820;+0200;0;AZ_3573-AZ_7301-AZ_1467
VCE;1430;+0100;2340;+0200;0;LH_6500-LH_915-LH_332
VCE;1430;+0100;2340;+0200;0;BD_124-BD_3235-BD_3402
VCE;1430;+0100;2340;+0200;0;LH_6500-LH_911-LH_332
VCE;1430;+0100;2340;+0200;0;BD_124-BD_3199-BD_3402
VCE;1430;+0100;2340;+0200;0;BD_124-BD_3233-BD_3402
VCE;1430;+0100;2340;+0200;0;LH_6500-LH_917-LH_332
VCE;0650;+0100;1620;+0200;0;LH_983-LH_110-LH_1910
VCE;0650;+0100;1620;+0200;0;LH_983-LH_108-LH_1910
VCE;0720;+0100;1710;+0200;0;AF_5118-AF_5021-AF_2026
VCE;1345;+0100;2340;+0200;0;BD_124-BD_3199-BD_3402
VCE;1345;+0100;2340;+0200;0;LH_6480-LH_911-LH_332
VCE;1345;+0100;2340;+0200;0;LH_6480-LH_899-LH_332
VCE;1345;+0100;2340;+0200;0;LH_6480-LH_917-LH_332
VCE;1345;+0100;2340;+0200;0;BD_124-BD_3235-BD_3402
VCE;1345;+0100;2340;+0200;0;LH_6480-LH_937-LH_332
VCE;1345;+0100;2340;+0200;0;LH_6480-LH_915-LH_332
VCE;1345;+0100;2340;+0200;0;BD_124-BD_3471-BD_3402
VCE;1345;+0100;2340;+0200;0;BD_124-BD_3233-BD_3402
VCE;1155;+0100;2210;+0200;0;AZ_3577-AZ_7305-AZ_1483
VCE;1155;+0100;2210;+0200;0;AZ_3577-AZ_325-AZ_1483
NCE;1715;+0100;2225;+0200;0;KL_3160-KL_1273
NCE;1730;+0100;2245;+0200;0;AF_5007-AF_7712
NCE;0910;+0100;1430;+0200;0;AF_5001-AF_7714
NCE;1130;+0100;1650;+0200;0;KL_3156-KL_1267
NCE;1155;+0100;1720;+0200;0;AF_5005-AF_7706
NCE;0800;+0100;1330;+0200;0;6X_423-6X_3325
NCE;1155;+0100;1725;+0200;0;AF_5005-AF_7706
NCE;0800;+0100;1335;+0200;0;6X_423-6X_3801
NCE;0800;+0100;1335;+0200;0;6X_423-6X_3375
NCE;1800;+0100;2335;+0200;0;6X_425-6X_7707
NCE;1800;+0100;2335;+0200;0;6X_425-6X_7702
NCE;1800;+0100;2335;+0200;0;6X_425-6X_7709
NCE;1800;+0100;2335;+0200;0;6X_425-6X_7711
NCE;1800;+0100;2335;+0200;0;6X_425-6X_7713
NCE;1800;+0100;2335;+0200;0;6X_425-6X_7715
NCE;1800;+0100;2335;+0200;0;6X_425-6X_7708
NCE;1800;+0100;2335;+0200;0;6X_425-6X_7704
NCE;1800;+0100;2335;+0200;0;6X_425-6X_7703
NCE;1800;+0100;2335;+0200;0;6X_425-6X_7706
NCE;1800;+0100;2335;+0200;0;6X_425-6X_7714
NCE;1800;+0100;2335;+0200;0;6X_425-6X_7700
NCE;1800;+0100;2335;+0200;0;6X_425-6X_7701
NCE;1800;+0100;2335;+0200;0;6X_425-6X_7705
NCE;1800;+0100;2335;+0200;0;6X_425-6X_7712
NCE;1800;+0100;2335;+0200;0;6X_425-6X_7710
NCE;0600;+0100;1140;+0200;0;KL_3152-KL_1263
NCE;0800;+0100;1340;+0200;0;6X_423-6X_3425
NCE;1810;+0100;2350;+0200;0;LH_981-LH_1068
NCE;0800;+0100;1345;+0200;0;6X_423-6X_3475
NCE;0800;+0100;1350;+0200;0;6X_423-6X_3525
NCE;0700;+0100;1255;+0200;0;6X_421-6X_9149
NCE;0800;+0100;1355;+0200;0;6X_423-6X_3575
NCE;0700;+0100;1300;+0200;0;6X_421-6X_3025
NCE;1200;+0100;1800;+0200;0;LH_979-LH_1064
NCE;0700;+0100;1305;+0200;0;6X_421-6X_3075
NCE;0700;+0100;1310;+0200;0;6X_421-6X_3125
NCE;1210;+0100;1820;+0200;0;BA_5964-BA_348
NCE;0700;+0100;1315;+0200;0;6X_421-6X_3175
NCE;0700;+0100;1320;+0200;0;6X_421-6X_3225
NCE;0700;+0100;1325;+0200;0;6X_421-6X_3275
NCE;0700;+0100;1330;+0200;0;6X_421-6X_3325
NCE;1340;+0100;2010;+0200;0;BA_5966-BA_356
NCE;0700;+0100;1335;+0200;0;6X_421-6X_3801
NCE;0700;+0100;1335;+0200;0;6X_421-6X_3375
NCE;0700;+0100;1340;+0200;0;6X_421-6X_3425
NCE;1500;+0100;2140;+0200;0;AF_5009-AF_7712
NCE;1700;+0100;2340;+0200;0;BA_5976-BA_352
NCE;0700;+0100;1345;+0200;0;6X_421-6X_3475
NCE;0700;+0100;1350;+0200;0;6X_421-6X_3525
NCE;0700;+0100;1355;+0200;0;6X_421-6X_3575
NCE;1115;+0100;1810;+0200;0;LX_401-LX_560
NCE;0945;+0100;1650;+0200;0;KL_3154-KL_1267
NCE;0730;+0100;1440;+0200;0;BA_5954-BA_344
NCE;1500;+0100;2220;+0200;0;AF_5009-AF_6232
NCE;1155;+0100;1920;+0200;0;AF_5005-AF_6236
NCE;1245;+0100;2010;+0200;0;BA_5836-BA_356
NCE;0620;+0100;1350;+0200;0;AF_5003-AF_6244
NCE;0950;+0100;1720;+0200;0;BA_5958-BA_354
NCE;0650;+0100;1430;+0200;0;LH_983-LH_1060
NCE;1445;+0100;2225;+0200;0;IB_8071-IB_8756
NCE;1500;+0100;2245;+0200;0;AF_5009-AF_7712
NCE;1155;+0100;1945;+0200;0;AF_5005-AF_7708
NCE;1500;+0100;2250;+0200;0;AF_5009-AF_6246
NCE;1550;+0100;2340;+0200;0;BA_5974-BA_352
NCE;0640;+0100;1440;+0200;0;BA_5952-BA_344
NCE;0640;+0100;1440;+0200;0;BA_5830-BA_344
NCE;1210;+0100;2010;+0200;0;BA_5964-BA_356
NCE;1445;+0100;2250;+0200;0;IB_8071-IB_8756
NCE;0620;+0100;1430;+0200;0;AF_5003-AF_7714
NCE;0910;+0100;1720;+0200;0;AF_5001-AF_7706
NCE;0910;+0100;1725;+0200;0;AF_5001-AF_7706
NCE;1155;+0100;2010;+0200;0;AF_5005-AF_7708
NCE;1500;+0100;2320;+0200;0;AF_5009-AF_6242
NCE;1155;+0100;2020;+0200;0;AF_5005-AF_6238
NCE;0620;+0100;1450;+0200;0;AF_5003-AF_6216
NCE;0850;+0100;1720;+0200;0;BA_5956-BA_354
NCE;0950;+0100;1820;+0200;0;BA_5958-BA_348
NCE;0840;+0100;1720;+0200;0;BA_5832-BA_354
NCE;0910;+0100;1750;+0200;0;AF_5001-AF_6222
NCE;1330;+0100;2225;+0200;0;KL_3158-KL_1273
NCE;0620;+0100;1520;+0200;0;AF_5003-AF_6228
NCE;0800;+0100;1700;+0200;0;6X_423-6X_403
NCE;1440;+0100;2340;+0200;0;BA_5968-BA_352
NCE;1155;+0100;2120;+0200;0;AF_5005-AF_6230
NCE;0850;+0100;1820;+0200;0;BA_5956-BA_348
NCE;1530;+0100;2250;+0200;0;AF_5124-AF_5027-AF_6246
NCE;0910;+0100;1635;+0200;0;AF_5001-AF_7644-AF_7839
NCE;0720;+0100;1450;+0200;0;AF_5118-AF_5021-AF_6216
NCE;0900;+0100;1650;+0200;0;AF_5120-AF_5185-AF_8231
NCE;1530;+0100;2320;+0200;0;AF_5124-AF_5027-AF_6242
NCE;1500;+0100;2255;+0200;0;AF_5009-AF_7648-AF_7829
NCE;0720;+0100;1520;+0200;0;AF_5118-AF_5021-AF_6228
NCE;1430;+0100;2230;+0200;0;LH_6500-LH_2479-LH_2278
NCE;0910;+0100;1720;+0200;0;AF_5001-AF_7624-AF_7874
NCE;1345;+0100;2230;+0200;0;LH_6480-LH_2479-LH_2278
NCE;0720;+0100;1620;+0200;0;AF_5118-AF_5021-AF_6218
NCE;1155;+0100;2105;+0200;0;AF_5005-AF_7646-AF_7834
NCE;0840;+0100;1800;+0200;0;BD_122-BD_3197-BD_3236
NCE;0840;+0100;1800;+0200;0;LH_6632-LH_905-LH_1064
NCE;0900;+0100;1820;+0200;0;AF_5120-AF_5185-AF_8435
NCE;1430;+0100;2350;+0200;0;LH_6500-LH_911-LH_1068
NCE;1430;+0100;2350;+0200;0;BD_124-BD_3199-BD_3238
NCE;1430;+0100;2350;+0200;0;BD_124-BD_3235-BD_3238
NCE;1430;+0100;2350;+0200;0;LH_6500-LH_915-LH_1068
NCE;1430;+0100;2350;+0200;0;LH_6500-LH_917-LH_1068
NCE;1430;+0100;2350;+0200;0;BD_124-BD_3233-BD_3238
NCE;0720;+0100;1650;+0200;0;AF_5118-AF_5183-AF_8231
NCE;0720;+0100;1650;+0200;0;AF_5118-AF_5185-AF_8231
PRG;0600;+0100;1050;+0200;0;KL_3152-KL_3121
PRG;0650;+0100;1145;+0200;0;LH_983-LH_1394
PRG;1810;+0100;2315;+0200;0;LH_981-LH_1402
PRG;1330;+0100;1840;+0200;0;KL_3158-KL_1357
PRG;1200;+0100;1725;+0200;0;LH_979-LH_1398
PRG;0910;+0100;1445;+0200;0;AF_5001-AF_1982
PRG;0650;+0100;1255;+0200;0;LH_983-LH_1396
PRG;0620;+0100;1240;+0200;0;AF_5003-AF_1782
PRG;1550;+0100;2215;+0200;0;BA_5974-BA_858
PRG;1130;+0100;1800;+0200;0;KL_3156-KL_3125
PRG;1500;+0100;2130;+0200;0;AF_5009-AF_2386
PRG;1210;+0100;1850;+0200;0;BA_5964-BA_856
PRG;1500;+0100;2140;+0200;0;AF_5009-AF_1082
PRG;0730;+0100;1415;+0200;0;BA_5954-BA_860
PRG;1200;+0100;1845;+0200;0;LH_979-LH_1400
PRG;1130;+0100;1840;+0200;0;KL_3156-KL_1357
PRG;0600;+0100;1315;+0200;0;KL_3152-KL_1355
PRG;1330;+0100;2050;+0200;0;KL_3158-KL_3123
PRG;1115;+0100;1845;+0200;0;LX_401-LX_1498
PRG;1330;+0100;2100;+0200;0;KL_3158-KL_3123
PRG;0640;+0100;1415;+0200;0;BA_5830-BA_860
PRG;0640;+0100;1415;+0200;0;BA_5952-BA_860
PRG;1440;+0100;2215;+0200;0;BA_5968-BA_858
PRG;1155;+0100;1950;+0200;0;AF_5005-AF_2482
PRG;0620;+0100;1425;+0200;0;AF_5003-AF_1982
PRG;0945;+0100;1800;+0200;0;KL_3154-KL_3125
PRG;0620;+0100;1445;+0200;0;AF_5003-AF_1982
PRG;1340;+0100;2215;+0200;0;BA_5966-BA_858
PRG;1040;+0100;1845;+0200;0;BD_122-BD_3229-BD_2994
PRG;0840;+0100;1725;+0200;0;BD_122-BD_3197-BD_2992
PRG;0840;+0100;1725;+0200;0;LH_6632-LH_905-LH_1398
PRG;1430;+0100;2315;+0200;0;BD_124-BD_3233-BD_2996
PRG;1430;+0100;2315;+0200;0;LH_6500-LH_915-LH_1402
PRG;1430;+0100;2315;+0200;0;LH_6500-LH_911-LH_1402
PRG;1430;+0100;2315;+0200;0;BD_124-BD_3235-BD_2996
LIS;1445;+0100;2000;+0100;0;IB_8071-IB_3106
LIS;1210;+0100;1735;+0100;0;BA_5964-BA_502
LIS;1700;+0100;2225;+0100;0;BA_5976-BA_504
LIS;1715;+0100;2250;+0100;0;KL_3160-KL_1697
LIS;0910;+0100;1450;+0100;0;AF_5001-AF_1624
LIS;1155;+0100;1735;+0100;0;AF_5005-AF_1924
LIS;0840;+0100;1430;+0100;0;TP_8882-TP_363
LIS;0840;+0100;1430;+0100;0;EY_7326-EY_5825
LIS;0640;+0100;1250;+0100;0;BA_5952-BA_506
LIS;1430;+0100;2105;+0100;0;TP_8881-TP_357
LIS;1430;+0100;2105;+0100;0;EY_7328-EY_5823
LIS;1550;+0100;2225;+0100;0;BA_5974-BA_504
LIS;1500;+0100;2150;+0100;0;AF_5009-AF_2324
LIS;1345;+0100;2105;+0100;0;TP_8883-TP_357
LIS;0840;+0100;1620;+0100;0;TP_8882-TP_359
LIS;1430;+0100;2210;+0100;0;TP_8881-TP_367
LIS;0950;+0100;1735;+0100;0;BA_5958-BA_502
LIS;1440;+0100;2225;+0100;0;BA_5968-BA_504
LIS;1445;+0100;2255;+0100;0;IB_8071-IB_3118
LIS;0910;+0100;1735;+0100;0;AF_5001-AF_1924
LIS;1345;+0100;2210;+0100;0;TP_8883-TP_367
LIS;0620;+0100;1450;+0100;0;AF_5003-AF_1624
LIS;0600;+0100;1435;+0100;0;KL_3152-KL_1693
LIS;0650;+0100;1530;+0100;0;LH_983-LH_6994
LIS;0850;+0100;1735;+0100;0;BA_5956-BA_502
LIS;1340;+0100;2225;+0100;0;BA_5966-BA_504
LIS;0840;+0100;1735;+0100;0;BA_5832-BA_502
LIS;0650;+0100;1555;+0100;0;LH_983-LH_1168
LIS;0910;+0100;1630;+0100;0;AF_5001-AF_7624-AF_5360
LIS;1430;+0100;2340;+0100;0;BD_124-BD_3235-BD_3350
LIS;1430;+0100;2340;+0100;0;LH_6500-LH_911-LH_1172
LIS;1430;+0100;2340;+0100;0;LH_6500-LH_915-LH_1172
LIS;1430;+0100;2340;+0100;0;BD_124-BD_3233-BD_3350
SXB;0600;+0100;1035;+0200;0;KL_3152-KL_2043
SXB;0910;+0100;1410;+0200;0;AF_5001-AF_7762
SXB;1155;+0100;1800;+0200;0;AF_5005-AF_7766
SXB;1130;+0100;1740;+0200;0;KL_3156-KL_2045
SXB;0650;+0100;1330;+0200;0;LH_983-LH_388
SXB;1500;+0100;2155;+0200;0;AF_5009-AF_7770
SXB;0620;+0100;1350;+0200;0;AF_5003-AF_7306
SXB;0910;+0100;1655;+0200;0;AF_5001-AF_7308
SXB;0620;+0100;1410;+0200;0;AF_5003-AF_7762
SXB;0945;+0100;1740;+0200;0;KL_3154-KL_2045
SXB;1330;+0100;2125;+0200;0;KL_3158-KL_2047
SXB;1200;+0100;2000;+0200;0;LH_979-LH_392
SXB;0910;+0100;1800;+0200;0;AF_5001-AF_7766
SXB;1155;+0100;2050;+0200;0;AF_5005-AF_7312
SXB;0650;+0100;1600;+0200;0;LH_983-LH_390
SXB;0910;+0100;1850;+0200;0;AF_5001-AF_7310
SXB;1130;+0100;2125;+0200;0;KL_3156-KL_2047
SXB;1155;+0100;2155;+0200;0;AF_5005-AF_7770
SXB;0620;+0100;1655;+0200;0;AF_5003-AF_7308
SXB;0720;+0100;1350;+0200;0;AF_5118-AF_5021-AF_7306
SXB;0910;+0100;1650;+0200;0;AF_5001-AF_7644-AF_5780
SXB;0900;+0100;1740;+0200;0;AF_5120-AF_5185-AF_5485
SXB;1155;+0100;2100;+0200;0;AF_5005-AF_7646-AF_5782
SXB;0720;+0100;1655;+0200;0;AF_5118-AF_5021-AF_7308
SXB;1430;+0100;0015;+0200;1;LH_6500-LH_915-LH_396
SXB;1430;+0100;0015;+0200;1;LH_6500-LH_911-LH_396
SXB;0900;+0100;1850;+0200;0;AF_5120-AF_5023-AF_7310
SXB;0720;+0100;1740;+0200;0;AF_5118-AF_5183-AF_5485
SXB;0720;+0100;1740;+0200;0;AF_5118-AF_5185-AF_5485
SXB;0620;+0100;1650;+0200;0;AF_5003-AF_7414-AF_5780
SXB;0620;+0100;1650;+0200;0;AF_5003-AF_7644-AF_5780
SXB;1345;+0100;0015;+0200;1;LH_6480-LH_915-LH_396
SXB;1345;+0100;0015;+0200;1;LH_6480-LH_899-LH_396
SXB;1345;+0100;0015;+0200;1;LH_6480-LH_911-LH_396
SXB;0720;+0100;1800;+0200;0;AF_5118-AF_1981-AF_7766
SXB;0720;+0100;1800;+0200;0;AF_5118-AF_5021-AF_7766