BCN;1705;+0300;2000;+0200;0;KF_5801
BCN;1705;+0300;2000;+0200;0;JK_322
BCN;1725;+0300;2020;+0200;0;IB_7435
BCN;1725;+0300;2020;+0200;0;AY_3505
BCN;1310;+0300;1710;+0200;0;AB_8309-AB_8722
BCN;1305;+0300;1720;+0200;0;LH_2463-LH_1814
BCN;1850;+0300;2305;+0200;0;LH_851-LH_1138
BCN;0655;+0300;1115;+0200;0;LH_2467-LH_1810
BCN;0700;+0300;1120;+0200;0;AB_8311-AB_8792
BCN;1330;+0300;1755;+0200;0;IB_7415-IB_5669
BCN;1855;+0300;2325;+0200;0;LH_2465-LH_1818
BCN;0830;+0300;1305;+0200;0;BT_302-BT_681
BCN;1250;+0300;1730;+0200;0;SK_717-SK_9974
BCN;1605;+0300;2045;+0200;0;AF_1799-AF_2148
BCN;1805;+0300;2245;+0200;0;KL_1170-KL_1681
BCN;0655;+0300;1140;+0200;0;UA_8736-UA_9360
BCN;0655;+0300;1140;+0200;0;LH_855-LH_1126
BCN;1450;+0300;1935;+0200;0;LH_849-LH_1134
BCN;0655;+0300;1145;+0200;0;LH_855-LH_1126
BCN;0700;+0300;1155;+0200;0;SN_6752-SN_3701
BCN;0725;+0300;1225;+0200;0;SK_6575-SK_4685
BCN;1300;+0300;1805;+0200;0;LH_847-LH_1132
BCN;1300;+0300;1805;+0200;0;BD_3121-BD_3452
BCN;0630;+0300;1140;+0200;0;UA_8736-UA_9360
BCN;0925;+0300;1435;+0200;0;AF_1499-AF_1648
BCN;1215;+0300;1725;+0200;0;AF_1099-AF_1948
BCN;1405;+0300;1920;+0200;0;BA_6079-BA_470
BCN;1405;+0300;1925;+0200;0;KL_1168-KL_1677
BCN;0725;+0300;1250;+0200;0;OS_348-OS_397
BCN;1600;+0300;2125;+0200;0;BA_6033-BA_482
BCN;1200;+0300;1730;+0200;0;SK_6691-SK_9974
BCN;1700;+0300;2230;+0200;0;LX_4793-LX_1950
BCN;0635;+0300;1215;+0200;0;KL_1164-KL_1671
BCN;1125;+0300;1705;+0200;0;KL_1166-KL_1675
BCN;1405;+0300;1950;+0200;0;BA_6079-BA_486
BCN;1720;+0300;2305;+0200;0;KF_33-KF_5733
BCN;1720;+0300;2305;+0200;0;SN_6756-SN_3707
BCN;1405;+0300;1955;+0200;0;AA_6053-AA_6748
BCN;1605;+0300;2200;+0200;0;AF_1799-AF_2348
BCN;1315;+0300;1915;+0200;0;LH_2971-LH_3304
BCN;0905;+0300;1515;+0200;0;LH_853-LH_1128
BCN;0905;+0300;1515;+0200;0;UA_9047-UA_8719
BCN;0800;+0300;1420;+0200;0;BA_6031-BA_474
BCN;0655;+0300;1320;+0200;0;LH_2467-LH_1812
BCN;0755;+0300;1420;+0200;0;BA_795-BA_474
BCN;0800;+0300;1425;+0200;0;AA_6047-AA_6287
BCN;0750;+0300;1425;+0200;0;AA_6539-AA_6287
BCN;1300;+0300;1935;+0200;0;LH_847-LH_1134
BCN;1645;+0300;2320;+0200;0;KE_7640-KE_7671
BCN;1645;+0300;2320;+0200;0;OK_481-OK_690
BCN;1700;+0300;2340;+0200;0;IB_7425-IB_2728
BCN;0820;+0300;1515;+0200;0;UA_9047-UA_8719
BCN;1645;+0300;2340;+0200;0;KE_7640-KE_7671
BCN;0735;+0300;1435;+0200;0;AF_2299-AF_1648
BCN;1215;+0300;1930;+0200;0;AF_1099-AF_2048
BCN;1405;+0300;2125;+0200;0;BA_6079-BA_482
BCN;1125;+0300;1850;+0200;0;SK_6427-SK_9918
BCN;1405;+0300;2130;+0200;0;AA_6053-AA_6294
BCN;0700;+0300;1440;+0200;0;KF_31-KF_5731
BCN;0700;+0300;1440;+0200;0;SN_6752-SN_3703
BCN;0940;+0300;1730;+0200;0;SK_1715-SK_9974
BCN;1450;+0300;2240;+0200;0;OS_346-OS_395
BCN;0505;+0300;1305;+0200;0;BT_330-BT_681
BCN;0925;+0300;1725;+0200;0;AF_1499-AF_1948
BCN;1125;+0300;1925;+0200;0;KL_1166-KL_1677
LON;0730;+0300;0800;+0100;0;6X_9800
LON;1405;+0300;1510;+0100;0;AA_6053
LON;1405;+0300;1510;+0100;0;BA_6079
LON;1405;+0300;1510;+0100;0;AY_839
LON;1710;+0300;1815;+0100;0;6X_9501
LON;1755;+0300;1900;+0100;0;BA_799
LON;0750;+0300;0900;+0100;0;AA_6539
LON;0755;+0300;0905;+0100;0;BA_795
LON;0800;+0300;0910;+0100;0;6X_3631
LON;0800;+0300;0910;+0100;0;AA_6047
LON;0800;+0300;0910;+0100;0;7X_603
LON;0800;+0300;0910;+0100;0;BA_6031
LON;0800;+0300;0910;+0100;0;7X_607
LON;0800;+0300;0910;+0100;0;6X_3614
LON;0800;+0300;0910;+0100;0;AY_831
LON;1600;+0300;1710;+0100;0;AA_6049
LON;1600;+0300;1710;+0100;0;BA_6033
LON;1600;+0300;1710;+0100;0;AY_833
LON;1930;+0300;2040;+0100;0;BA_6035
LON;1930;+0300;2040;+0100;0;AY_3125
LON;0920;+0300;1035;+0100;0;6X_799
LON;0920;+0300;1035;+0100;0;6X_797
LON;1730;+0300;1955;+0100;0;SK_6423-SK_533
LON;0955;+0300;1225;+0100;0;BT_340-BT_651
LON;0955;+0300;1225;+0100;0;BT_302-BT_651
LON;1835;+0300;2105;+0100;0;SK_719-SK_1501
LON;1835;+0300;2105;+0100;0;BD_3881-BD_3711
LON;0700;+0300;0935;+0100;0;SK_707-SK_525
LON;0700;+0300;0935;+0100;0;UA_6952-UA_6963
LON;1805;+0300;2050;+0100;0;KL_1170-KL_1033
LON;1300;+0300;1550;+0100;0;LH_847-LH_910
LON;1300;+0300;1550;+0100;0;BD_3121-BD_3222
LON;1250;+0300;1550;+0100;0;BD_3887-BD_3705
LON;1250;+0300;1550;+0100;0;UA_6920-UA_6933
LON;1250;+0300;1550;+0100;0;SK_717-SK_505
LON;1450;+0300;1750;+0100;0;LH_849-LH_916
LON;1405;+0300;1710;+0100;0;KL_1168-KL_1029
LON;1600;+0300;1910;+0100;0;SK_6542-SK_1507
LON;0700;+0300;1015;+0100;0;SN_6752-SN_2093
LON;0935;+0300;1250;+0100;0;SK_703-SK_531
LON;1605;+0300;1920;+0100;0;AF_1799-AF_1180
LON;0655;+0300;1015;+0100;0;UA_9099-UA_8885
LON;0655;+0300;1015;+0100;0;LH_2467-LH_2472
LON;1300;+0300;1620;+0100;0;LH_847-LH_934
LON;1300;+0300;1620;+0100;0;BD_3121-BD_3468
LON;1305;+0300;1625;+0100;0;LH_2463-LH_2478
LON;1850;+0300;2210;+0100;0;LH_851-LH_922
LON;0655;+0300;1020;+0100;0;UA_9099-UA_8885
LON;0940;+0300;1305;+0100;0;SK_1715-SK_503
LON;1405;+0300;1735;+0100;0;KL_1168-KL_1023
LON;1625;+0300;1955;+0100;0;SK_705-SK_533
LON;1410;+0300;1750;+0100;0;BD_3123-BD_3234
LON;0655;+0300;1040;+0100;0;LH_855-LH_904
LON;1750;+0300;2135;+0100;0;SK_6581-SK_815
LON;0825;+0300;1215;+0100;0;BA_6003-BA_1391
LON;1125;+0300;1515;+0100;0;KL_1166-KL_1019
LON;1200;+0300;1550;+0100;0;SK_6691-SK_505
LON;1300;+0300;1650;+0100;0;LH_847-LH_898
LON;1315;+0300;1705;+0100;0;LH_2971-LH_3384
LON;1450;+0300;1840;+0100;0;OS_346-OS_455
LON;1450;+0300;1840;+0100;0;LH_849-LH_936
LON;0735;+0300;1130;+0100;0;6X_3616-6X_7726
LON;0830;+0300;1225;+0100;0;BT_302-BT_651
LON;1300;+0300;1655;+0100;0;LH_847-LH_914
LON;1300;+0300;1655;+0100;0;BD_3121-BD_3220
LON;1450;+0300;1850;+0100;0;LH_849-LH_918
LON;1250;+0300;1655;+0100;0;SK_717-SK_1517
LON;1250;+0300;1655;+0100;0;BD_3887-BD_3715
LON;1700;+0300;2105;+0100;0;LX_4793-LX_462
LON;0635;+0300;1045;+0100;0;KL_1164-KL_1009
LON;1215;+0300;1625;+0100;0;AF_1099-AF_2580
LON;1700;+0300;2110;+0100;0;LX_4793-LX_340
LON;1720;+0300;2135;+0100;0;SN_6756-SN_2103
LON;1755;+0300;2210;+0100;0;BA_6077-BA_769
LON;0925;+0300;1345;+0100;0;AF_1499-AF_2280
LON;0840;+0300;1305;+0100;0;TG_7403-TG_6222
LON;0840;+0300;1305;+0100;0;SK_6545-SK_503
LON;0905;+0300;1330;+0100;0;LH_853-LH_906
LON;0905;+0300;1330;+0100;0;BD_3125-BD_3218
LON;1600;+0300;2025;+0100;0;BA_6007-BA_1407
LON;1605;+0300;2030;+0100;0;AF_1799-AF_1380
LON;1410;+0300;1840;+0100;0;BD_3123-BD_3462
LON;0825;+0300;1300;+0100;0;BA_6003-BA_2907
LON;0725;+0300;1205;+0100;0;SK_6575-SK_805
LON;0930;+0300;1410;+0100;0;AA_6020-AA_6528
LON;1410;+0300;1850;+0100;0;BD_3123-BD_3190
LON;1125;+0300;1610;+0100;0;KL_1166-KL_1021
LON;1600;+0300;2045;+0100;0;BA_6083-BA_793
PAR;0735;+0300;0940;+0200;0;AY_871
PAR;0735;+0300;0940;+0200;0;6X_3616
PAR;0735;+0300;0940;+0200;0;AA_6055
PAR;0735;+0300;0940;+0200;0;AF_2299
PAR;0830;+0300;1035;+0200;0;KF_21
PAR;0830;+0300;1035;+0200;0;SK_6525
PAR;0925;+0300;1130;+0200;0;AY_879
PAR;0925;+0300;1130;+0200;0;AF_1499
PAR;0925;+0300;1130;+0200;0;AA_6058
PAR;1215;+0300;1420;+0200;0;AA_6057
PAR;1215;+0300;1420;+0200;0;AF_1099
PAR;1215;+0300;1420;+0200;0;AY_875
PAR;1215;+0300;1420;+0200;0;6X_3617
PAR;1605;+0300;1810;+0200;0;AF_1799
PAR;1605;+0300;1810;+0200;0;AY_873
PAR;1645;+0300;1850;+0200;0;SK_6527
PAR;1645;+0300;1850;+0200;0;KF_23
PAR;1930;+0300;2135;+0200;0;AF_1299
PAR;1930;+0300;2135;+0200;0;AY_3677
PAR;0955;+0300;1320;+0200;0;BT_340-BT_691
PAR;0955;+0300;1320;+0200;0;BT_302-BT_691
PAR;0935;+0300;1310;+0200;0;SK_703-SK_571
PAR;1600;+0300;1935;+0200;0;SK_6542-SK_567
PAR;0640;+0300;1020;+0200;0;SK_6540-SK_565
PAR;1855;+0300;2235;+0200;0;LH_2465-LH_2240
PAR;0700;+0300;1045;+0200;0;SN_6752-SN_3633
PAR;1125;+0300;1510;+0200;0;KL_1166-KL_2009
PAR;1315;+0300;1700;+0200;0;LH_2971-LH_3222
PAR;0655;+0300;1045;+0200;0;UA_8736-UA_9357
PAR;1805;+0300;2200;+0200;0;KL_1170-KL_2023
PAR;1850;+0300;2245;+0200;0;LH_851-LH_1052
PAR;0655;+0300;1055;+0200;0;LH_855-LH_1030
PAR;0730;+0300;1130;+0200;0;6X_9800-6X_306
PAR;1300;+0300;1700;+0200;0;UA_9049-UA_8996
PAR;1300;+0300;1700;+0200;0;LH_847-LH_1040
PAR;0905;+0300;1310;+0200;0;UA_9047-UA_9031
PAR;1300;+0300;1705;+0200;0;UA_9049-UA_8996
PAR;1405;+0300;1810;+0200;0;KL_1168-KL_1243
PAR;0635;+0300;1045;+0200;0;KL_1164-KL_2003
PAR;0905;+0300;1315;+0200;0;LH_853-LH_1034
PAR;0905;+0300;1315;+0200;0;UA_9047-UA_9031
PAR;1305;+0300;1715;+0200;0;LH_2463-LH_2234
PAR;0630;+0300;1045;+0200;0;UA_8736-UA_9357
PAR;0700;+0300;1115;+0200;0;SN_6752-SN_3633
PAR;1250;+0300;1715;+0200;0;UA_6920-UA_6915
PAR;1250;+0300;1715;+0200;0;SK_717-SK_559
PAR;1450;+0300;1920;+0200;0;OS_346-OS_417
PAR;1700;+0300;2140;+0200;0;LX_4793-LX_646
PAR;0725;+0300;1210;+0200;0;OS_348-OS_7111
PAR;0820;+0300;1310;+0200;0;UA_9047-UA_9031
PAR;0830;+0300;1320;+0200;0;BT_302-BT_691
PAR;1405;+0300;1855;+0200;0;AA_6053-AA_6509
PAR;1450;+0300;1940;+0200;0;LH_849-LH_1046
PAR;0820;+0300;1315;+0200;0;UA_9047-UA_9031
PAR;0800;+0300;1300;+0200;0;AA_6047-AA_6552
PAR;0800;+0300;1300;+0200;0;BA_6031-BA_308
PAR;0755;+0300;1300;+0200;0;BA_795-BA_308
PAR;0920;+0300;1425;+0200;0;6X_797-6X_312
PAR;0920;+0300;1425;+0200;0;6X_799-6X_312
PAR;0750;+0300;1300;+0200;0;AA_6539-AA_6552
PAR;0800;+0300;1310;+0200;0;SK_6421-SK_571
PAR;1125;+0300;1635;+0200;0;KL_1166-KL_2013
PAR;1405;+0300;1915;+0200;0;KL_1168-KL_1245
PAR;1600;+0300;2110;+0200;0;BA_6033-BA_324
PAR;1600;+0300;2110;+0200;0;AA_6049-AA_6357
PAR;1200;+0300;1715;+0200;0;SK_6691-SK_559
PAR;1300;+0300;1815;+0200;0;LH_847-LH_1042
PAR;0655;+0300;1215;+0200;0;LH_2467-LH_2230
PAR;0635;+0300;1200;+0200;0;KL_1164-KL_2007
PAR;1305;+0300;1830;+0200;0;LH_2463-LH_2236
PAR;0800;+0300;1335;+0200;0;BA_6031-BA_334
PAR;1600;+0300;2135;+0200;0;BA_6033-BA_338
PAR;1600;+0300;2135;+0200;0;AA_6049-AA_6231
PAR;0755;+0300;1335;+0200;0;BA_795-BA_334
PAR;0905;+0300;1445;+0200;0;UA_9047-UA_8994
PAR;0905;+0300;1450;+0200;0;UA_9047-UA_8994
PAR;0905;+0300;1450;+0200;0;LH_853-LH_1036
PAR;0725;+0300;1315;+0200;0;SK_6575-SK_837
PAR;1450;+0300;2040;+0200;0;OS_346-OS_7113
PAR;1645;+0300;2235;+0200;0;OK_481-OK_764
PAR;1315;+0300;1910;+0200;0;LH_2971-LH_3224
PAR;1405;+0300;2000;+0200;0;BA_6079-BA_322
PAR;1405;+0300;2000;+0200;0;AA_6053-AA_6458
PAR;1600;+0300;2155;+0200;0;BA_6033-BA_338
PAR;0830;+0300;1435;+0200;0;MA_745-MA_532
PAR;1405;+0300;2010;+0200;0;KL_1168-KL_2017
PAR;1405;+0300;2010;+0200;0;AA_6053-AA_6458
PAR;0700;+0300;1310;+0200;0;SK_707-SK_571
PAR;0655;+0300;1310;+0200;0;UA_8736-UA_9031
PAR;0655;+0300;1315;+0200;0;LH_855-LH_1034
PAR;0655;+0300;1315;+0200;0;UA_8736-UA_9031
PAR;0800;+0300;1425;+0200;0;6X_3614-6X_312
PAR;0800;+0300;1425;+0200;0;6X_3631-6X_312
PAR;0800;+0300;1425;+0200;0;7X_607-7X_3612
PAR;0800;+0300;1425;+0200;0;7X_603-7X_3612
PAR;0820;+0300;1445;+0200;0;UA_9047-UA_8994
PAR;0820;+0300;1450;+0200;0;UA_9047-UA_8994
PAR;1600;+0300;2230;+0200;0;AA_6049-AA_6303
PAR;1600;+0300;2230;+0200;0;BA_6033-BA_326
ROM;0750;+0300;1015;+0200;0;AY_781
ROM;1620;+0300;1845;+0200;0;AY_783
ROM;0700;+0300;1100;+0200;0;AB_8311-AB_8270
ROM;0655;+0300;1105;+0200;0;LH_2467-LH_1842
ROM;0655;+0300;1105;+0200;0;UA_9099-UA_9288
ROM;0940;+0300;1350;+0200;0;SK_1715-SK_681
ROM;1945;+0300;0001;+0200;1;SK_709-SK_8950
ROM;1410;+0300;1830;+0200;0;BD_3123-BD_3594
ROM;1450;+0300;1910;+0200;0;OS_346-OS_503
ROM;1805;+0300;2230;+0200;0;AZ_3811-AZ_7717
ROM;1805;+0300;2230;+0200;0;KL_1170-KL_1609
ROM;0830;+0300;1300;+0200;0;BT_302-BT_631
ROM;1300;+0300;1735;+0200;0;UA_9049-UA_8802
ROM;1300;+0300;1735;+0200;0;LH_847-LH_236
ROM;1300;+0300;1735;+0200;0;BD_3121-BD_3596
ROM;1405;+0300;1900;+0200;0;KL_1168-KL_1607
ROM;1405;+0300;1900;+0200;0;AZ_3763-AZ_7715
ROM;0905;+0300;1405;+0200;0;BD_3125-BD_3598
ROM;0905;+0300;1405;+0200;0;LH_853-LH_234
ROM;0905;+0300;1405;+0200;0;UA_9047-UA_8746
ROM;1125;+0300;1625;+0200;0;AZ_5109-AZ_7729
ROM;1125;+0300;1625;+0200;0;KL_1166-KL_1603
ROM;1850;+0300;2355;+0200;0;LH_851-LH_242
ROM;1855;+0300;0001;+0200;1;SK_6430-SK_8950
ROM;0840;+0300;1350;+0200;0;SK_6545-SK_681
ROM;1305;+0300;1815;+0200;0;LH_2463-LH_1848
ROM;1700;+0300;2210;+0200;0;LX_4793-LX_1734
ROM;0700;+0300;1215;+0200;0;AB_8311-AB_8270
ROM;0925;+0300;1440;+0200;0;AF_1499-AF_9846
ROM;1215;+0300;1730;+0200;0;AF_1099-AF_2104
ROM;1645;+0300;2200;+0200;0;OK_481-OK_726
ROM;0635;+0300;1155;+0200;0;KL_1164-KL_1601
ROM;0635;+0300;1155;+0200;0;AZ_3809-AZ_7713
ROM;1405;+0300;1925;+0200;0;AZ_3763-AZ_109
ROM;1405;+0300;1925;+0200;0;KL_1168-KL_3403
ROM;0655;+0300;1220;+0200;0;UA_8736-UA_8744
ROM;1300;+0300;1830;+0200;0;BD_3121-BD_3594
ROM;1300;+0300;1830;+0200;0;LH_847-LH_238
ROM;1720;+0300;2250;+0200;0;SN_6756-SN_3187
ROM;1720;+0300;2250;+0200;0;KF_33-KF_5723
ROM;0655;+0300;1230;+0200;0;LH_855-LH_232
ROM;0655;+0300;1230;+0200;0;UA_8736-UA_8744
ROM;1605;+0300;2140;+0200;0;AF_1799-AF_2304
ROM;0820;+0300;1405;+0200;0;UA_9047-UA_8746
ROM;0630;+0300;1220;+0200;0;UA_8736-UA_8744
ROM;0630;+0300;1230;+0200;0;UA_8736-UA_8744
ROM;0655;+0300;1305;+0200;0;LH_2467-LH_1844
ROM;0655;+0300;1305;+0200;0;UA_9099-UA_9212
ROM;1740;+0300;2350;+0200;0;TK_1764-TK_1865
ROM;1605;+0300;2220;+0200;0;AF_1799-AF_9842
ROM;0800;+0300;1420;+0200;0;AA_6047-AA_6534
ROM;0800;+0300;1420;+0200;0;BA_6031-BA_546
ROM;0755;+0300;1420;+0200;0;BA_795-BA_546
ROM;0720;+0300;1350;+0200;0;SK_713-SK_681
ROM;0750;+0300;1420;+0200;0;AA_6539-AA_6534
ROM;1215;+0300;1845;+0200;0;AF_1099-AF_2204
ROM;1730;+0300;0001;+0200;1;SK_6423-SK_8950
ROM;1215;+0300;1850;+0200;0;AF_1099-AF_2204
ROM;1405;+0300;2040;+0200;0;AZ_3763-AZ_111
ROM;1405;+0300;2040;+0200;0;KL_1168-KL_3405
ROM;0925;+0300;1610;+0200;0;AF_1499-AF_1904
ROM;0735;+0300;1440;+0200;0;AF_2299-AF_9846
ROM;0640;+0300;1350;+0200;0;SK_6540-SK_681
ROM;0655;+0300;1405;+0200;0;LH_855-LH_234
ROM;0655;+0300;1405;+0200;0;UA_8736-UA_8746
ROM;1215;+0300;1945;+0200;0;AF_1099-AF_9838
ROM;0630;+0300;1405;+0200;0;UA_8736-UA_8746
ROM;1125;+0300;1900;+0200;0;AZ_5109-AZ_7715
ROM;1125;+0300;1900;+0200;0;KL_1166-KL_1607
ROM;1625;+0300;0001;+0200;1;SK_705-SK_8950
ROM;0535;+0300;1325;+0200;0;TP_797-TP_838
ROM;1405;+0300;2155;+0200;0;BA_6079-BA_558
ROM;1405;+0300;2155;+0200;0;AA_6053-AA_6460
ROM;0505;+0300;1300;+0200;0;BT_330-BT_631
ROM;1125;+0300;1925;+0200;0;KL_1166-KL_3403
ROM;1125;+0300;1925;+0200;0;AZ_5109-AZ_109
ROM;1305;+0300;2105;+0200;0;LH_2463-LH_1850
ROM;0925;+0300;1730;+0200;0;AF_1499-AF_2104
ROM;0800;+0300;1610;+0200;0;AA_6047-AA_6519
ROM;0800;+0300;1615;+0200;0;BA_6031-BA_560
ROM;0750;+0300;1610;+0200;0;AA_6539-AA_6519
ROM;0755;+0300;1615;+0200;0;BA_795-BA_560
ROM;1215;+0300;2040;+0200;0;AF_1099-AF_9840
ROM;1405;+0300;2230;+0200;0;AZ_3763-AZ_7717
ROM;1405;+0300;2230;+0200;0;KL_1168-KL_1609
ROM;0905;+0300;1735;+0200;0;BD_3125-BD_3596
ROM;0905;+0300;1735;+0200;0;UA_9047-UA_8802
ROM;0905;+0300;1735;+0200;0;LH_853-LH_236
BER;0800;+0300;0855;+0200;0;AY_911
BER;1310;+0300;1405;+0200;0;AB_8309
BER;1700;+0300;1755;+0200;0;AY_917
BER;1730;+0300;1825;+0200;0;JL_7813
BER;0700;+0300;0800;+0200;0;AB_8311
BER;0800;+0300;1010;+0200;0;SK_6421-SK_2677
BER;1250;+0300;1510;+0200;0;LH_6293-LH_6037
BER;1250;+0300;1510;+0200;0;SK_717-SK_679
BER;0505;+0300;0730;+0200;0;BT_330-BT_211
BER;1625;+0300;1855;+0200;0;LH_6273-LH_6059
BER;1625;+0300;1855;+0200;0;SK_705-SK_2679
BER;1250;+0300;1540;+0200;0;SK_717-SK_679
BER;1155;+0300;1450;+0200;0;BT_304-BT_219
BER;1150;+0300;1450;+0200;0;BT_304-BT_219
BER;0830;+0300;1135;+0200;0;BT_302-BT_217
BER;0700;+0300;1010;+0200;0;SK_707-SK_2677
BER;1200;+0300;1510;+0200;0;SK_6691-SK_679
BER;1305;+0300;1620;+0200;0;LH_2463-LH_2042
BER;1555;+0300;1910;+0200;0;BT_306-BT_213
BER;0655;+0300;1015;+0200;0;LH_2467-LH_2034
BER;1835;+0300;2155;+0200;0;AB_8925-AB_6450
BER;1835;+0300;2200;+0200;0;AB_8925-AB_6450
BER;1450;+0300;1820;+0200;0;LH_849-LH_190
BER;0905;+0300;1240;+0200;0;LH_853-LH_180
BER;1300;+0300;1635;+0200;0;LH_847-LH_186
BER;1200;+0300;1540;+0200;0;SK_6691-SK_679
BER;1315;+0300;1655;+0200;0;LH_2971-LH_2738
BER;1805;+0300;2150;+0200;0;KL_1170-KL_1835
BER;0940;+0300;1330;+0200;0;LH_6061-LH_6047
BER;0940;+0300;1330;+0200;0;SK_1715-SK_1675
BER;1305;+0300;1700;+0200;0;LH_2463-LH_2046
BER;1855;+0300;2250;+0200;0;LH_2465-LH_2056
BER;1720;+0300;2120;+0200;0;SN_6756-SN_2589
BER;1850;+0300;2250;+0200;0;LH_851-LH_200
BER;1005;+0300;1410;+0200;0;LX_4791-LX_966
BER;1450;+0300;1900;+0200;0;LH_849-LH_192
BER;0700;+0300;1115;+0200;0;SN_6752-SN_2581
BER;1450;+0300;1905;+0200;0;OS_346-OS_275
BER;0655;+0300;1120;+0200;0;LH_855-LH_178
BER;1405;+0300;1830;+0200;0;KL_1168-KL_1833
BER;1600;+0300;2025;+0200;0;SK_6542-SK_1677
BER;1300;+0300;1730;+0200;0;LH_847-LH_188
BER;0635;+0300;1120;+0200;0;KL_1164-KL_1823
BER;1450;+0300;1935;+0200;0;LH_849-LH_194
BER;0840;+0300;1330;+0200;0;SK_6545-SK_1675
BER;1315;+0300;1805;+0200;0;LH_2971-LH_2740
BER;1450;+0300;1940;+0200;0;LH_849-LH_194
BER;0955;+0300;1450;+0200;0;BT_340-BT_219
BER;0955;+0300;1450;+0200;0;BT_302-BT_219
BER;0905;+0300;1405;+0200;0;LH_853-LH_182
BER;1125;+0300;1630;+0200;0;KL_1166-KL_1829
BER;1215;+0300;1720;+0200;0;AF_1099-AF_2334
BER;1700;+0300;2205;+0200;0;LX_4793-LX_962
BER;1720;+0300;2225;+0200;0;SN_6756-SN_2591
BER;0925;+0300;1435;+0200;0;AF_1499-AF_2034
BER;0655;+0300;1210;+0200;0;LH_2467-LH_2036
BER;1305;+0300;1820;+0200;0;LH_2463-LH_2048
BER;1300;+0300;1820;+0200;0;LH_847-LH_190
BER;1600;+0300;2125;+0200;0;BA_6033-BA_988
BER;0940;+0300;1510;+0200;0;SK_1715-SK_679
BER;0940;+0300;1510;+0200;0;LH_6061-LH_6037
BER;0655;+0300;1240;+0200;0;LH_855-LH_180
BER;0800;+0300;1345;+0200;0;AA_6047-AA_6382
BER;0800;+0300;1345;+0200;0;BA_6031-BA_992
BER;0755;+0300;1345;+0200;0;BA_795-BA_992
BER;0750;+0300;1345;+0200;0;AA_6539-AA_6382
BER;1450;+0300;2045;+0200;0;LH_849-LH_196
BER;0940;+0300;1540;+0200;0;SK_1715-SK_679
BER;1300;+0300;1900;+0200;0;LH_847-LH_192
BER;0720;+0300;1330;+0200;0;SK_713-SK_1675
BER;0720;+0300;1330;+0200;0;LH_6289-LH_6047
BER;0905;+0300;1520;+0200;0;LH_853-LH_184
BER;0700;+0300;1320;+0200;0;SN_6752-SN_2583
BER;0830;+0300;1450;+0200;0;BT_302-BT_219
BER;0505;+0300;1135;+0200;0;BT_330-BT_217
BER;0840;+0300;1510;+0200;0;SK_6545-SK_679
BER;1300;+0300;1935;+0200;0;LH_847-LH_194
BER;0700;+0300;1340;+0200;0;SN_6752-SN_2583
BER;1300;+0300;1940;+0200;0;LH_847-LH_194
BER;1450;+0300;2130;+0200;0;OS_346-OS_273
BER;0725;+0300;1410;+0200;0;OS_348-OS_291
PRG;0935;+0300;1045;+0200;0;AY_715
PRG;1735;+0300;1845;+0200;0;AY_717
PRG;0935;+0300;1050;+0200;0;AY_715
PRG;1645;+0300;1800;+0200;0;OK_481
PRG;1450;+0300;1800;+0200;0;OS_346-OS_709
PRG;1305;+0300;1620;+0200;0;LH_2463-LH_1692
PRG;0725;+0300;1045;+0200;0;OS_348-OS_705
PRG;0725;+0300;1045;+0200;0;OU_5547-OU_5540
PRG;0905;+0300;1255;+0200;0;TP_7909-TP_7928
PRG;0905;+0300;1255;+0200;0;LH_853-LH_1396
PRG;0905;+0300;1255;+0200;0;UA_9047-UA_8733
PRG;1405;+0300;1800;+0200;0;KL_1168-KL_3125
PRG;1450;+0300;1845;+0200;0;TP_7913-TP_7932
PRG;1450;+0300;1845;+0200;0;LH_849-LH_1400
PRG;1450;+0300;1845;+0200;0;NH_6172-NH_6199
PRG;0905;+0300;1310;+0200;0;UA_9047-UA_8733
PRG;0905;+0300;1310;+0200;0;BD_3125-BD_2990
PRG;1300;+0300;1705;+0200;0;UA_9049-UA_9398
PRG;1005;+0300;1415;+0200;0;LX_4791-LX_1486
PRG;0635;+0300;1050;+0200;0;KL_1164-KL_3121
PRG;1410;+0300;1825;+0200;0;UA_9049-UA_9062
PRG;0655;+0300;1120;+0200;0;UA_8736-UA_9582
PRG;1300;+0300;1725;+0200;0;LH_847-LH_1398
PRG;1300;+0300;1725;+0200;0;BD_3121-BD_2992
PRG;1850;+0300;2315;+0200;0;LH_851-LH_1402
PRG;1850;+0300;2315;+0200;0;TP_7917-TP_7934
PRG;0820;+0300;1255;+0200;0;UA_9047-UA_8733
PRG;1405;+0300;1840;+0200;0;KL_1168-KL_1357
PRG;1410;+0300;1845;+0200;0;UA_9049-UA_9062
PRG;1410;+0300;1845;+0200;0;BD_3123-BD_2994
PRG;0630;+0300;1120;+0200;0;UA_8736-UA_9582
PRG;0655;+0300;1145;+0200;0;TP_7907-TP_7936
PRG;0655;+0300;1145;+0200;0;LH_855-LH_1394
PRG;0820;+0300;1310;+0200;0;UA_9047-UA_8733
PRG;0925;+0300;1425;+0200;0;AF_1499-AF_1982
PRG;0735;+0300;1240;+0200;0;AF_2299-AF_1782
PRG;1720;+0300;2230;+0200;0;SN_6756-SN_2815
PRG;1720;+0300;2235;+0200;0;SN_6756-SN_2815
PRG;0655;+0300;1215;+0200;0;UA_9099-UA_9111
PRG;0800;+0300;1320;+0200;0;AA_6047-AA_6744
PRG;0925;+0300;1445;+0200;0;AF_1499-AF_1982
PRG;0655;+0300;1220;+0200;0;TP_7923-TP_7942
PRG;0655;+0300;1220;+0200;0;UA_9099-UA_9111
PRG;0655;+0300;1220;+0200;0;LH_2467-LH_1690
PRG;1300;+0300;1825;+0200;0;UA_9049-UA_9062
PRG;1605;+0300;2130;+0200;0;AF_1799-AF_2386
PRG;0750;+0300;1320;+0200;0;AA_6539-AA_6744
PRG;1605;+0300;2140;+0200;0;AF_1799-AF_1082
PRG;1300;+0300;1845;+0200;0;LH_847-LH_1400
PRG;1300;+0300;1845;+0200;0;BD_3121-BD_2994
PRG;1300;+0300;1845;+0200;0;UA_9049-UA_9062
PRG;1450;+0300;2035;+0200;0;OS_346-OS_711
PRG;1450;+0300;2035;+0200;0;OU_5549-OU_5542
PRG;1450;+0300;2040;+0200;0;OU_5549-OU_5542
PRG;0655;+0300;1255;+0200;0;TP_7907-TP_7928
PRG;0655;+0300;1255;+0200;0;UA_8736-UA_8733
PRG;0655;+0300;1255;+0200;0;LH_855-LH_1396
PRG;1315;+0300;1925;+0200;0;LH_2971-LH_3054
PRG;0655;+0300;1310;+0200;0;UA_8736-UA_8733
PRG;0800;+0300;1415;+0200;0;BA_6031-BA_860
PRG;0800;+0300;1415;+0200;0;AA_6047-AA_6481
PRG;1600;+0300;2215;+0200;0;BA_6033-BA_858
PRG;0755;+0300;1415;+0200;0;BA_795-BA_860
PRG;0630;+0300;1255;+0200;0;UA_8736-UA_8733
PRG;0750;+0300;1415;+0200;0;AA_6539-AA_6481
AMS;0635;+0300;0805;+0200;0;KL_1164
AMS;0815;+0300;0945;+0200;0;AY_841
AMS;1405;+0300;1535;+0200;0;KL_1168
AMS;1615;+0300;1745;+0200;0;JL_7809
AMS;1615;+0300;1745;+0200;0;AY_845
AMS;1125;+0300;1300;+0200;0;KL_1166
AMS;1805;+0300;1940;+0200;0;KL_1170
AMS;0830;+0300;1015;+0200;0;SK_6535
AMS;0830;+0300;1015;+0200;0;KF_11
AMS;1730;+0300;1915;+0200;0;SK_6537
AMS;1730;+0300;1915;+0200;0;KF_15
AMS;0725;+0300;1020;+0200;0;SK_6575-SK_821
AMS;0955;+0300;1255;+0200;0;BT_340-BT_617
AMS;0955;+0300;1255;+0200;0;BT_302-BT_617
AMS;0640;+0300;0945;+0200;0;SK_6540-SK_2551
AMS;0940;+0300;1245;+0200;0;SK_1715-SK_547
AMS;1625;+0300;1930;+0200;0;SK_705-SK_557
AMS;0800;+0300;1110;+0200;0;SK_6421-SK_1553
AMS;1850;+0300;2215;+0200;0;LH_851-LH_1002
AMS;0905;+0300;1235;+0200;0;LH_853-LH_990
AMS;0655;+0300;1030;+0200;0;LH_2467-LH_2302
AMS;1600;+0300;1935;+0200;0;SK_6542-SK_553
AMS;1305;+0300;1645;+0200;0;LH_2463-LH_2306
AMS;1250;+0300;1645;+0200;0;UA_6920-UA_6889
AMS;1250;+0300;1645;+0200;0;SK_717-SK_1549
AMS;0840;+0300;1245;+0200;0;SK_6545-SK_547
AMS;0700;+0300;1110;+0200;0;SK_707-SK_1553
AMS;0700;+0300;1110;+0200;0;UA_6952-UA_6957
AMS;1005;+0300;1415;+0200;0;LX_4791-LX_728
AMS;1645;+0300;2055;+0200;0;OK_481-OK_4624
AMS;0820;+0300;1235;+0200;0;UA_9047-UA_9553
AMS;1605;+0300;2020;+0200;0;AF_1799-AF_8240
AMS;0830;+0300;1255;+0200;0;BT_302-BT_617
AMS;1450;+0300;1915;+0200;0;OS_346-OS_375
AMS;0925;+0300;1400;+0200;0;AF_1499-AF_1740
AMS;1450;+0300;1930;+0200;0;NH_6172-NH_6175
AMS;1450;+0300;1930;+0200;0;LH_849-LH_998
AMS;1200;+0300;1645;+0200;0;SK_6691-SK_1549
AMS;1300;+0300;1750;+0200;0;LH_847-LH_996
AMS;0905;+0300;1405;+0200;0;UA_9047-UA_9163
AMS;0905;+0300;1415;+0200;0;LH_853-LH_992
AMS;0905;+0300;1415;+0200;0;UA_9047-UA_9163
AMS;1700;+0300;2210;+0200;0;LX_4793-LX_736
AMS;0735;+0300;1255;+0200;0;AF_2299-AF_1640
AMS;1215;+0300;1735;+0200;0;AF_1099-AF_2040
AMS;0720;+0300;1245;+0200;0;SK_713-SK_547
AMS;1305;+0300;1830;+0200;0;LH_2463-LH_2308
AMS;1605;+0300;2140;+0200;0;AF_1799-AF_8242
AMS;0655;+0300;1235;+0200;0;UA_8736-UA_9553
AMS;0655;+0300;1235;+0200;0;LH_855-LH_990
AMS;0820;+0300;1405;+0200;0;UA_9047-UA_9163
LIS;0535;+0300;0825;+0100;0;TP_797
LIS;0655;+0300;1115;+0100;0;LH_855-LH_1166
LIS;0655;+0300;1115;+0100;0;TP_7907-TP_6700
LIS;0630;+0300;1110;+0100;0;UA_8736-UA_8846
LIS;0630;+0300;1115;+0100;0;UA_8736-UA_8846
LIS;1805;+0300;2250;+0100;0;KL_1170-KL_1697
LIS;0800;+0300;1250;+0100;0;BA_6031-BA_506
LIS;1850;+0300;2340;+0100;0;LH_851-LH_1172
LIS;1850;+0300;2340;+0100;0;TP_7917-TP_6706
LIS;0700;+0300;1155;+0100;0;SN_6752-SN_3815
LIS;0755;+0300;1250;+0100;0;BA_795-BA_506
LIS;1215;+0300;1735;+0100;0;AF_1099-AF_1924
LIS;0925;+0300;1450;+0100;0;AF_1499-AF_1624
LIS;1605;+0300;2150;+0100;0;AF_1799-AF_2324
LIS;1700;+0300;2255;+0100;0;IB_7425-IB_3118
LIS;1450;+0300;2110;+0100;0;OS_346-OS_8153
LIS;0905;+0300;1530;+0100;0;LH_853-LH_6994
LIS;0905;+0300;1530;+0100;0;TP_7909-TP_573
LIS;1600;+0300;2225;+0100;0;BA_6033-BA_504
LIS;0655;+0300;1325;+0100;0;TP_7923-TP_6720
LIS;0655;+0300;1325;+0100;0;LH_2467-LH_1790
LIS;0655;+0300;1325;+0100;0;UA_9099-UA_8938
LIS;0655;+0300;1325;+0100;0;LG_1610-LG_1631
LIS;1450;+0300;2120;+0100;0;NH_6172-NH_6735
LIS;1450;+0300;2120;+0100;0;TP_7913-TP_579
LIS;1450;+0300;2120;+0100;0;LH_849-LH_6956
LIS;0905;+0300;1545;+0100;0;UA_9047-UA_8896
LIS;0640;+0300;1325;+0100;0;LG_1610-LG_1631
LIS;1600;+0300;2245;+0100;0;AA_6049-AA_6466
LIS;0905;+0300;1555;+0100;0;LH_853-LH_1168
LIS;0905;+0300;1555;+0100;0;UA_9047-UA_8896
LIS;0905;+0300;1555;+0100;0;TP_7909-TP_6702
LIS;0700;+0300;1410;+0100;0;SN_6752-SN_6403
LIS;0735;+0300;1450;+0100;0;AF_2299-AF_1624
LIS;0820;+0300;1545;+0100;0;UA_9047-UA_8896
LIS;0820;+0300;1555;+0100;0;UA_9047-UA_8896
LIS;0635;+0300;1435;+0100;0;KL_1164-KL_1693
LIS;0655;+0300;1505;+0100;0;TP_7923-TP_557
LIS;0655;+0300;1505;+0100;0;LH_2467-LH_6950
LIS;0925;+0300;1735;+0100;0;AF_1499-AF_1924
LIS;1300;+0300;2120;+0100;0;LH_847-LH_6956
LIS;1405;+0300;2225;+0100;0;BA_6079-BA_504
LIS;1315;+0300;2145;+0100;0;LG_1612-LG_1633
MUC;0655;+0300;0825;+0200;0;LH_2467
MUC;0655;+0300;0825;+0200;0;UA_9099
MUC;0655;+0300;0825;+0200;0;KF_5057
MUC;0655;+0300;0825;+0200;0;SK_3759
MUC;0800;+0300;0930;+0200;0;AY_803
MUC;1305;+0300;1435;+0200;0;KF_5051
MUC;1305;+0300;1435;+0200;0;SK_3669
MUC;1305;+0300;1435;+0200;0;LH_2463
MUC;1620;+0300;1750;+0200;0;JL_7817
MUC;1620;+0300;1750;+0200;0;AY_807
MUC;1855;+0300;2025;+0200;0;LH_2465
MUC;1855;+0300;2025;+0200;0;SK_3309
MUC;1855;+0300;2025;+0200;0;KF_5055
MUC;1615;+0300;1750;+0200;0;AY_807
MUC;1835;+0300;2120;+0200;0;SK_719-SK_659
MUC;1310;+0300;1600;+0200;0;AB_8309-AB_6199
MUC;1730;+0300;2020;+0200;0;SK_6423-SK_3635
MUC;0700;+0300;0955;+0200;0;LH_6133-LH_2421
MUC;0700;+0300;0955;+0200;0;SK_707-SK_3655
MUC;0940;+0300;1235;+0200;0;SK_1715-SK_1665
MUC;0940;+0300;1235;+0200;0;LH_6061-LH_6247
MUC;1555;+0300;1855;+0200;0;BT_306-BT_223
MUC;1450;+0300;1810;+0200;0;LH_849-LH_116
MUC;0700;+0300;1025;+0200;0;AB_8311-AB_6193
MUC;1250;+0300;1615;+0200;0;SK_717-SK_2657
MUC;1250;+0300;1615;+0200;0;LH_6293-LH_6257
MUC;0640;+0300;1015;+0200;0;SK_6540-SK_3689
MUC;1850;+0300;2225;+0200;0;LH_851-LH_124
MUC;1600;+0300;1940;+0200;0;SK_6542-SK_663
MUC;1835;+0300;2215;+0200;0;AB_8925-AB_6041
MUC;0955;+0300;1340;+0200;0;BT_302-BT_221
MUC;0955;+0300;1340;+0200;0;BT_340-BT_221
MUC;0840;+0300;1235;+0200;0;SK_6545-SK_1665
MUC;1450;+0300;1845;+0200;0;OS_346-OS_7235
MUC;1625;+0300;2020;+0200;0;LH_6273-LH_2419
MUC;1625;+0300;2020;+0200;0;SK_705-SK_3635
MUC;1700;+0300;2100;+0200;0;LX_4793-LX_3624
MUC;0655;+0300;1100;+0200;0;LH_855-LH_106
MUC;0905;+0300;1310;+0200;0;LH_853-LH_108
MUC;1300;+0300;1705;+0200;0;LH_847-LH_114
MUC;1805;+0300;2215;+0200;0;KL_1170-KL_1801
MUC;1200;+0300;1615;+0200;0;SK_6691-SK_2657
MUC;0635;+0300;1055;+0200;0;KL_1164-KL_1793
MUC;1005;+0300;1425;+0200;0;LX_4791-LX_3620
MUC;1315;+0300;1740;+0200;0;LH_2971-LH_2013
MUC;1450;+0300;1915;+0200;0;LH_849-LH_118
MUC;0725;+0300;1155;+0200;0;OS_348-OS_7239
MUC;0935;+0300;1405;+0200;0;LH_6271-LH_2415
MUC;0935;+0300;1405;+0200;0;SK_703-SK_3633
MUC;1835;+0300;2305;+0200;0;LH_6255-LH_2447
MUC;0725;+0300;1210;+0200;0;SK_6575-SK_4759
MUC;0940;+0300;1435;+0200;0;LH_6061-LH_2443
MUC;0940;+0300;1435;+0200;0;SK_1715-SK_3693
MUC;1125;+0300;1620;+0200;0;SK_6427-SK_2661
MUC;0925;+0300;1425;+0200;0;AF_1499-AF_2022
MUC;1310;+0300;1810;+0200;0;AB_8309-AB_6201
MUC;1700;+0300;2200;+0200;0;LX_4793-LX_3626
MUC;0925;+0300;1430;+0200;0;AF_1499-AF_2022
MUC;0830;+0300;1340;+0200;0;BT_302-BT_221
MUC;1215;+0300;1725;+0200;0;AF_1099-AF_2322
MUC;1300;+0300;1810;+0200;0;LH_847-LH_116
MUC;1405;+0300;1915;+0200;0;KL_1168-KL_1799
MUC;0720;+0300;1235;+0200;0;SK_713-SK_1665
MUC;0720;+0300;1235;+0200;0;LH_6289-LH_6247
MUC;1125;+0300;1640;+0200;0;KL_1166-KL_1797
MUC;1215;+0300;1730;+0200;0;AF_1099-AF_2322
MUC;1720;+0300;2235;+0200;0;SN_6756-SN_7063
MUC;1600;+0300;2120;+0200;0;SK_6542-SK_659
MUC;0905;+0300;1430;+0200;0;LH_853-LH_110
MUC;1450;+0300;2015;+0200;0;LH_849-LH_120
MUC;0700;+0300;1230;+0200;0;SN_6752-SN_7053
MUC;1315;+0300;1845;+0200;0;LH_2971-LH_2015
CPH;1540;+0300;1615;+0200;0;AY_663
CPH;0720;+0300;0800;+0200;0;UA_6922
CPH;0720;+0300;0800;+0200;0;KF_5310
CPH;0720;+0300;0800;+0200;0;SK_713
CPH;0735;+0300;0815;+0200;0;AY_661
CPH;0840;+0300;0920;+0200;0;KF_605
CPH;0840;+0300;0920;+0200;0;SK_6545
CPH;0940;+0300;1020;+0200;0;SK_1715
CPH;0940;+0300;1020;+0200;0;KF_5318
CPH;0955;+0300;1035;+0200;0;AY_665
CPH;1200;+0300;1240;+0200;0;KF_607
CPH;1200;+0300;1240;+0200;0;SK_6691
CPH;1250;+0300;1330;+0200;0;SK_717
CPH;1250;+0300;1330;+0200;0;UA_6920
CPH;1600;+0300;1640;+0200;0;SK_6542
CPH;1600;+0300;1640;+0200;0;KF_623
CPH;1745;+0300;1825;+0200;0;AY_667
CPH;1745;+0300;1825;+0200;0;JL_7805
CPH;1835;+0300;1915;+0200;0;SK_719
CPH;1835;+0300;1915;+0200;0;KF_5314
CPH;1930;+0300;2010;+0200;0;SK_1711
CPH;2115;+0300;2155;+0200;0;SK_6543
CPH;2115;+0300;2155;+0200;0;KF_627
CPH;0640;+0300;0725;+0200;0;SK_6540
CPH;0640;+0300;0725;+0200;0;KF_621
CPH;1730;+0300;1920;+0200;0;SK_6423-SK_1429
CPH;1625;+0300;1825;+0200;0;SK_705-SK_409
CPH;1945;+0300;2145;+0200;0;SK_709-SK_1427
CPH;1125;+0300;1330;+0200;0;SK_6427-SK_1421
CPH;0505;+0300;0725;+0200;0;BT_330-BT_131
CPH;0800;+0300;1025;+0200;0;SK_6421-SK_403
CPH;0955;+0300;1235;+0200;0;BT_340-BT_135
CPH;0955;+0300;1235;+0200;0;BT_302-BT_135
CPH;1730;+0300;2010;+0200;0;SK_6423-SK_411
CPH;1855;+0300;2145;+0200;0;SK_6430-SK_1427
CPH;1625;+0300;1920;+0200;0;SK_705-SK_1429
CPH;0725;+0300;1025;+0200;0;SK_6575-SK_455
CPH;0800;+0300;1110;+0200;0;SK_6421-SK_1419
CPH;1555;+0300;1905;+0200;0;BT_306-BT_139
CPH;0700;+0300;1025;+0200;0;UA_6952-UA_6896
CPH;0700;+0300;1025;+0200;0;SK_707-SK_403
CPH;1125;+0300;1455;+0200;0;SK_6427-SK_1423
STO;1145;+0300;1140;+0200;0;AY_633
STO;1330;+0300;1325;+0200;0;AY_641
STO;1600;+0300;1555;+0200;0;AY_637
STO;2005;+0300;2000;+0200;0;TF_4985
STO;0700;+0300;0700;+0200;0;SK_707
STO;0700;+0300;0700;+0200;0;UA_6952
STO;0700;+0300;0700;+0200;0;KF_5304
STO;0745;+0300;0745;+0200;0;6X_6003
STO;0745;+0300;0745;+0200;0;6X_6004
STO;0800;+0300;0800;+0200;0;AY_643
STO;0845;+0300;0845;+0200;0;TF_4981
STO;0845;+0300;0845;+0200;0;AY_981
STO;0930;+0300;0930;+0200;0;AA_6020
STO;0930;+0300;0930;+0200;0;AY_635
STO;0935;+0300;0935;+0200;0;KF_5300
STO;0935;+0300;0935;+0200;0;SK_703
STO;1125;+0300;1125;+0200;0;KF_855
STO;1125;+0300;1125;+0200;0;SK_6427
STO;1535;+0300;1535;+0200;0;KF_865
STO;1625;+0300;1625;+0200;0;KF_5302
STO;1625;+0300;1625;+0200;0;SK_705
STO;1650;+0300;1650;+0200;0;JL_7803
STO;1650;+0300;1650;+0200;0;AY_645
STO;1700;+0300;1700;+0200;0;TF_4983
STO;1700;+0300;1700;+0200;0;AY_983
STO;1730;+0300;1730;+0200;0;SK_6423
STO;1730;+0300;1730;+0200;0;KF_847
STO;1810;+0300;1810;+0200;0;AY_647
STO;1855;+0300;1855;+0200;0;KF_867
STO;1855;+0300;1855;+0200;0;SK_6430
STO;1945;+0300;1945;+0200;0;KF_5306
STO;1945;+0300;1945;+0200;0;SK_709
STO;2000;+0300;2000;+0200;0;AY_985
STO;2005;+0300;2005;+0200;0;AY_649
STO;2050;+0300;2050;+0200;0;KF_857
STO;0800;+0300;0805;+0200;0;SK_6421
STO;0800;+0300;0805;+0200;0;KF_845
STO;1625;+0300;1630;+0200;0;SK_705
STO;1625;+0300;1630;+0200;0;KF_5302
STO;1700;+0300;1840;+0200;0;KF_779-KF_919
STO;0505;+0300;0655;+0200;0;BT_330-BT_101
STO;0725;+0300;0925;+0200;0;SK_6575-SK_480
MIL;1605;+0300;1805;+0200;0;AY_795
MIL;0800;+0300;1005;+0200;0;AY_793
MIL;0655;+0300;1015;+0200;0;LH_2467-LH_1854
MIL;0655;+0300;1015;+0200;0;UA_9099-UA_9294
MIL;1850;+0300;2215;+0200;0;LH_851-LH_278
MIL;0655;+0300;1025;+0200;0;UA_9099-UA_9294
MIL;1930;+0300;2300;+0200;0;SK_1711-SK_1689
MIL;0655;+0300;1035;+0200;0;LH_855-LH_248
MIL;1855;+0300;2235;+0200;0;LH_2465-LH_1866
MIL;0955;+0300;1340;+0200;0;BT_340-BT_629
MIL;0955;+0300;1340;+0200;0;BT_302-BT_629
MIL;0640;+0300;1030;+0200;0;SK_6540-SK_1685
MIL;0800;+0300;1150;+0200;0;SK_6421-SK_689
MIL;1300;+0300;1650;+0200;0;BD_3121-BD_2924
MIL;1300;+0300;1650;+0200;0;LH_847-LH_274
MIL;1450;+0300;1840;+0200;0;LH_849-LH_276
MIL;0820;+0300;1215;+0200;0;UA_9047-UA_8768
MIL;1300;+0300;1655;+0200;0;UA_9049-UA_9556
MIL;1450;+0300;1850;+0200;0;LH_849-LH_276
MIL;0630;+0300;1035;+0200;0;UA_8736-UA_9140
MIL;1805;+0300;2215;+0200;0;KL_1170-KL_1635
MIL;1805;+0300;2215;+0200;0;AZ_3811-AZ_7725
MIL;1850;+0300;2300;+0200;0;LH_851-LH_258
MIL;0700;+0300;1120;+0200;0;SN_6752-SN_3147
MIL;1315;+0300;1735;+0200;0;LH_2971-LH_3182
MIL;1450;+0300;1915;+0200;0;OS_346-OS_515
MIL;1700;+0300;2125;+0200;0;LX_4793-LX_1638
MIL;1835;+0300;2300;+0200;0;SK_719-SK_1689
MIL;1300;+0300;1735;+0200;0;LH_847-LH_254
MIL;1300;+0300;1735;+0200;0;UA_9049-UA_9220
MIL;1405;+0300;1840;+0200;0;AZ_3763-AZ_7747
MIL;1405;+0300;1840;+0200;0;KL_1168-KL_1621
MIL;1805;+0300;2240;+0200;0;KL_1170-KL_1635
MIL;0905;+0300;1345;+0200;0;UA_9047-UA_9216
MIL;1215;+0300;1655;+0200;0;AF_1099-AF_9700
MIL;0725;+0300;1210;+0200;0;SK_6575-SK_4719
MIL;0905;+0300;1350;+0200;0;LH_853-LH_252
MIL;0905;+0300;1350;+0200;0;UA_9047-UA_9216
MIL;0635;+0300;1125;+0200;0;AZ_3809-AZ_7905
MIL;0635;+0300;1125;+0200;0;KL_1164-KL_3623
MIL;0700;+0300;1150;+0200;0;SK_707-SK_689
MIL;0925;+0300;1415;+0200;0;AF_1499-AF_1714
MIL;1605;+0300;2100;+0200;0;AF_1799-AF_9702
MIL;0700;+0300;1200;+0200;0;SN_6752-SN_3147
MIL;0830;+0300;1340;+0200;0;BT_302-BT_629
MIL;1720;+0300;2230;+0200;0;KF_33-KF_5743
MIL;0635;+0300;1150;+0200;0;AZ_3809-AZ_7719
MIL;0635;+0300;1150;+0200;0;KL_1164-KL_1623
MIL;1720;+0300;2235;+0200;0;SN_6756-SN_3161
MIL;0655;+0300;1215;+0200;0;LH_855-LH_272
MIL;0655;+0300;1215;+0200;0;UA_8736-UA_8768
MIL;0655;+0300;1220;+0200;0;LH_2467-LH_1856
MIL;0655;+0300;1220;+0200;0;UA_9099-UA_8992
MIL;0820;+0300;1345;+0200;0;UA_9047-UA_9216
MIL;0925;+0300;1450;+0200;0;AF_1499-AF_1712
MIL;1305;+0300;1830;+0200;0;LH_2463-LH_1862
MIL;0635;+0300;1205;+0200;0;KL_1164-KL_1623
MIL;0655;+0300;1225;+0200;0;UA_9099-UA_8992
MIL;0820;+0300;1350;+0200;0;UA_9047-UA_9216
MIL;1125;+0300;1655;+0200;0;AZ_5109-AZ_7721
MIL;1125;+0300;1655;+0200;0;KL_1166-KL_1627
MIL;1300;+0300;1840;+0200;0;LH_847-LH_276
MIL;0630;+0300;1215;+0200;0;UA_8736-UA_8768
MIL;1300;+0300;1850;+0200;0;LH_847-LH_276
MIL;1605;+0300;2210;+0200;0;AF_1799-AF_9812
MIL;1250;+0300;1900;+0200;0;SK_717-SK_687
MIL;1315;+0300;1935;+0200;0;LH_2971-LH_3184
MIL;1605;+0300;2235;+0200;0;AF_1799-AF_2514
MIL;0735;+0300;1415;+0200;0;AF_2299-AF_1714
MIL;1405;+0300;2045;+0200;0;BA_6079-BA_580
MIL;0655;+0300;1345;+0200;0;UA_8736-UA_9216
MIL;0655;+0300;1350;+0200;0;LH_855-LH_252
MIL;0655;+0300;1350;+0200;0;UA_8736-UA_9216
MIL;0800;+0300;1500;+0200;0;BA_6031-BA_562
MIL;0800;+0300;1500;+0200;0;AA_6047-AA_6308
MIL;1200;+0300;1900;+0200;0;SK_6691-SK_687
MIL;1450;+0300;2150;+0200;0;OS_346-OS_517
MIL;1600;+0300;2300;+0200;0;SK_6542-SK_1689
MIL;0755;+0300;1500;+0200;0;BA_795-BA_562
MIL;1310;+0300;2015;+0200;0;AB_8309-AB_8432
MIL;1405;+0300;2110;+0200;0;AA_6053-AA_6383
MIL;0750;+0300;1500;+0200;0;AA_6539-AA_6308
MIL;1305;+0300;2015;+0200;0;LH_2463-LH_1864
MIL;0630;+0300;1345;+0200;0;UA_8736-UA_9216
MIL;0735;+0300;1450;+0200;0;AF_2299-AF_1712
MIL;1125;+0300;1840;+0200;0;KL_1166-KL_1621
MIL;1125;+0300;1840;+0200;0;AZ_5109-AZ_7747
MIL;0630;+0300;1350;+0200;0;UA_8736-UA_9216
MIL;1405;+0300;2125;+0200;0;BA_6079-BA_570
MIL;1405;+0300;2125;+0200;0;AA_6053-AA_6314
MIL;0655;+0300;1420;+0200;0;LH_2467-LH_1858
MIL;1405;+0300;2130;+0200;0;AA_6053-AA_6314
MIL;1450;+0300;2215;+0200;0;LH_849-LH_278
MIL;0925;+0300;1655;+0200;0;AF_1499-AF_9700
MIL;1215;+0300;1945;+0200;0;AF_1099-AF_2112
MIL;1450;+0300;2220;+0200;0;OS_346-OS_539
MIL;0635;+0300;1410;+0200;0;AZ_3809-AZ_121
MIL;0635;+0300;1410;+0200;0;KL_1164-KL_3419
MIL;1005;+0300;1745;+0200;0;LX_4791-LX_1622
MIL;0905;+0300;1650;+0200;0;BD_3125-BD_2924
MIL;0905;+0300;1650;+0200;0;LH_853-LH_274
MIL;1215;+0300;2000;+0200;0;AF_1099-AF_2214
MIL;1405;+0300;2150;+0200;0;AZ_3763-AZ_113
MIL;1405;+0300;2150;+0200;0;KL_1168-KL_3417
MAD;1700;+0300;2025;+0200;0;IB_7425
MAD;1700;+0300;2025;+0200;0;AY_3183
MAD;1640;+0300;2125;+0200;0;IB_7437-IB_3205
MAD;0720;+0300;1215;+0200;0;SK_713-SK_581
MAD;1850;+0300;2350;+0200;0;LH_851-LH_1120
MAD;1850;+0300;2350;+0200;0;SK_3615-SK_3587
MAD;0830;+0300;1335;+0200;0;MA_745-MA_580
MAD;1300;+0300;1805;+0200;0;UA_9049-UA_9359
MAD;1705;+0300;2210;+0200;0;KF_5801-KF_5811
MAD;1705;+0300;2210;+0200;0;JK_322-JK_445
MAD;1805;+0300;2310;+0200;0;KL_1170-KL_1707
MAD;1725;+0300;2235;+0200;0;IB_7435-IB_6769
MAD;0925;+0300;1440;+0200;0;AF_1499-AF_1600
MAD;1215;+0300;1730;+0200;0;AF_1099-AF_1800
MAD;1300;+0300;1815;+0200;0;LH_847-LH_1116
MAD;1300;+0300;1815;+0200;0;BD_3121-BD_2916
MAD;0905;+0300;1425;+0200;0;BD_3125-BD_2918
MAD;0905;+0300;1425;+0200;0;LH_853-LH_1114
MAD;0905;+0300;1425;+0200;0;UA_9047-UA_9229
MAD;1330;+0300;1850;+0200;0;IB_7415-IB_3321
MAD;1720;+0300;2245;+0200;0;KF_33-KF_5433
MAD;1720;+0300;2245;+0200;0;SN_6756-SN_3731
MAD;0635;+0300;1205;+0200;0;KL_1164-KL_1701
MAD;0905;+0300;1435;+0200;0;UA_9047-UA_9229
MAD;1615;+0300;2145;+0200;0;IB_7433-IB_3249
MAD;0640;+0300;1215;+0200;0;SK_6540-SK_581
MAD;1450;+0300;2025;+0200;0;SK_3675-SK_9931
MAD;1450;+0300;2025;+0200;0;LH_849-LH_6802
MAD;1605;+0300;2145;+0200;0;AF_1799-AF_2100
MAD;0805;+0300;1350;+0200;0;IB_7429-IB_3483
MAD;1405;+0300;1950;+0200;0;BA_6079-BA_7065
MAD;1405;+0300;1950;+0200;0;KL_1168-KL_1709
MAD;1710;+0300;2300;+0200;0;6X_9501-6X_9508
MAD;1250;+0300;1850;+0200;0;SK_717-SK_9926
MAD;1600;+0300;2200;+0200;0;BA_6033-BA_7057
MAD;0820;+0300;1425;+0200;0;UA_9047-UA_9229
MAD;1125;+0300;1730;+0200;0;KL_1166-KL_1705
MAD;1315;+0300;1920;+0200;0;LH_2971-LH_3292
MAD;1645;+0300;2255;+0200;0;OK_481-OK_702
MAD;1645;+0300;2255;+0200;0;KE_7640-KE_7685
MAD;0820;+0300;1435;+0200;0;UA_9047-UA_9229
MAD;1645;+0300;2300;+0200;0;KE_7640-KE_7685
MAD;1725;+0300;2345;+0200;0;IB_7435-IB_6771
MAD;0800;+0300;1430;+0200;0;AA_6047-AA_5615
MAD;0820;+0300;1450;+0200;0;IB_7436-IB_3507
MAD;1215;+0300;1845;+0200;0;AF_1099-AF_1900
MAD;0750;+0300;1430;+0200;0;AA_6539-AA_5615
MAD;0925;+0300;1610;+0200;0;AF_1499-AF_1700
MAD;1215;+0300;1900;+0200;0;6X_3617-6X_3868
MAD;1200;+0300;1850;+0200;0;SK_6691-SK_9926
MAD;1405;+0300;2055;+0200;0;BA_6079-BA_7059
MAD;0735;+0300;1430;+0200;0;IB_7421-IB_3203
MAD;0735;+0300;1440;+0200;0;AF_2299-AF_1600
MAD;0905;+0300;1615;+0200;0;SK_3607-SK_9916
MAD;0905;+0300;1615;+0200;0;LH_853-LH_6800
MAD;0655;+0300;1415;+0200;0;LH_2467-LH_1802
MAD;1300;+0300;2025;+0200;0;LH_847-LH_6802
MAD;0655;+0300;1425;+0200;0;UA_8736-UA_9229
MAD;0655;+0300;1425;+0200;0;LH_855-LH_1114
MAD;0800;+0300;1535;+0200;0;BA_6031-BA_7061
MAD;0655;+0300;1435;+0200;0;UA_8736-UA_9229
MAD;0755;+0300;1535;+0200;0;BA_795-BA_7061
MAD;0630;+0300;1425;+0200;0;UA_8736-UA_9229
MAD;1405;+0300;2200;+0200;0;BA_6079-BA_7057
MAD;0800;+0300;1600;+0200;0;AA_6047-AA_6280
MAD;0630;+0300;1435;+0200;0;UA_8736-UA_9229
MAD;0925;+0300;1730;+0200;0;AF_1499-AF_1800
MAD;1215;+0300;2020;+0200;0;AF_1099-AF_2000
MAD;0750;+0300;1600;+0200;0;AA_6539-AA_6280
MAD;1125;+0300;1950;+0200;0;KL_1166-KL_1709
MAD;0535;+0300;1405;+0200;0;TP_797-TP_1014
MAD;0735;+0300;1610;+0200;0;AF_2299-AF_1700
MAD;0635;+0300;1515;+0200;0;KL_1164-KL_1703
MAD;1305;+0300;2155;+0200;0;LH_2463-LH_1806
MAD;0905;+0300;1805;+0200;0;UA_9047-UA_9359
MAD;1450;+0300;2350;+0200;0;LH_849-LH_1120
MAD;1450;+0300;2350;+0200;0;NH_6172-NH_6141
MAD;1450;+0300;2350;+0200;0;SK_3675-SK_3587
MAD;1405;+0300;2310;+0200;0;KL_1168-KL_1707
MAD;0805;+0300;1715;+0200;0;IB_7429-IB_3487
MAD;0905;+0300;1815;+0200;0;LH_853-LH_1116
MAD;0905;+0300;1815;+0200;0;BD_3125-BD_2916
MAD;0925;+0300;1835;+0200;0;AF_1499-AF_1630
MAD;0940;+0300;1850;+0200;0;SK_1715-SK_9926
VIE;0825;+0300;0955;+0200;0;AY_765
VIE;1705;+0300;1835;+0200;0;AY_767
VIE;1450;+0300;1630;+0200;0;OS_346
VIE;0725;+0300;0910;+0200;0;OS_348
VIE;0505;+0300;0735;+0200;0;BT_330-BT_431
VIE;0955;+0300;1225;+0200;0;BT_340-BT_431
VIE;0955;+0300;1225;+0200;0;BT_302-BT_431
VIE;1310;+0300;1555;+0200;0;AB_8309-AB_8272
VIE;1945;+0300;2245;+0200;0;SK_709-SK_9411
VIE;0700;+0300;1005;+0200;0;AB_8311-AB_8202
VIE;0955;+0300;1305;+0200;0;BT_340-BT_433
VIE;0955;+0300;1305;+0200;0;BT_302-BT_433
VIE;0840;+0300;1155;+0200;0;SK_6545-SK_9403
VIE;1835;+0300;2150;+0200;0;OS_7560-OS_306
VIE;1835;+0300;2150;+0200;0;SK_719-SK_9405
VIE;1305;+0300;1630;+0200;0;LH_2463-LH_2330
VIE;0655;+0300;1025;+0200;0;LH_2467-LH_2326
VIE;1600;+0300;1935;+0200;0;SK_6542-SK_9415
VIE;1410;+0300;1750;+0200;0;BD_3123-BD_2986
VIE;1855;+0300;2240;+0200;0;LH_2465-LH_6330
VIE;1300;+0300;1650;+0200;0;LH_847-LH_6336
VIE;1450;+0300;1840;+0200;0;LH_849-LH_1242
VIE;1450;+0300;1840;+0200;0;SK_3675-SK_3583
VIE;1835;+0300;2225;+0200;0;AB_8925-AB_8812
VIE;1855;+0300;2245;+0200;0;SK_6430-SK_9411
VIE;0830;+0300;1225;+0200;0;BT_302-BT_431
VIE;1005;+0300;1410;+0200;0;LX_4791-LX_1578
VIE;1805;+0300;2210;+0200;0;KL_1170-KL_1849
VIE;0800;+0300;1210;+0200;0;SK_6421-SK_9409
VIE;1700;+0300;2115;+0200;0;LX_4793-LX_3558
VIE;1850;+0300;2305;+0200;0;SK_3615-SK_3729
VIE;1850;+0300;2305;+0200;0;LH_851-LH_1246
VIE;1450;+0300;1910;+0200;0;LH_849-LH_6346
VIE;1450;+0300;1910;+0200;0;NH_6172-NH_6331
VIE;1720;+0300;2145;+0200;0;SN_6756-SN_6005
VIE;1410;+0300;1840;+0200;0;BD_3123-BD_2988
VIE;0720;+0300;1155;+0200;0;SK_713-SK_9403
VIE;0720;+0300;1155;+0200;0;OS_7556-OS_302
VIE;0830;+0300;1305;+0200;0;BT_302-BT_433
VIE;1300;+0300;1750;+0200;0;UA_9049-UA_9076
VIE;1300;+0300;1750;+0200;0;LH_847-LH_1240
VIE;1300;+0300;1750;+0200;0;BD_3121-BD_2986
VIE;1700;+0300;2155;+0200;0;LX_4793-LX_1584
VIE;0700;+0300;1200;+0200;0;SN_6752-SN_6001
VIE;0905;+0300;1405;+0200;0;UA_9047-UA_8966
VIE;1450;+0300;1950;+0200;0;LH_849-LH_6929
VIE;0905;+0300;1410;+0200;0;SK_3607-SK_3297
VIE;0905;+0300;1410;+0200;0;LH_853-LH_1238
VIE;0905;+0300;1410;+0200;0;BD_3125-BD_2984
VIE;0905;+0300;1410;+0200;0;UA_9047-UA_8966
VIE;1405;+0300;1910;+0200;0;KL_1168-KL_1847
VIE;1700;+0300;2205;+0200;0;LX_4793-LX_1584
VIE;0655;+0300;1205;+0200;0;SK_3679-SK_9440
VIE;0655;+0300;1205;+0200;0;LH_855-LH_6334
VIE;0700;+0300;1210;+0200;0;SK_707-SK_9409
VIE;0925;+0300;1435;+0200;0;AF_1499-AF_1738
VIE;0640;+0300;1155;+0200;0;SK_6540-SK_9403
VIE;0730;+0300;1245;+0200;0;6X_9800-6X_9502
VIE;0925;+0300;1440;+0200;0;AF_1499-AF_1738
VIE;1730;+0300;2245;+0200;0;SK_6423-SK_9411
VIE;1215;+0300;1735;+0200;0;AF_1099-AF_1438
VIE;1215;+0300;1740;+0200;0;AF_1099-AF_1438
VIE;1310;+0300;1835;+0200;0;AB_8309-AB_8358
VIE;1315;+0300;1840;+0200;0;LH_2971-LH_3094
VIE;0655;+0300;1225;+0200;0;LH_2467-LH_2328
VIE;1300;+0300;1840;+0200;0;BD_3121-BD_2988
VIE;1300;+0300;1840;+0200;0;LH_847-LH_1242
VIE;0820;+0300;1405;+0200;0;UA_9047-UA_8966
VIE;0820;+0300;1410;+0200;0;UA_9047-UA_8966
VIE;1600;+0300;2150;+0200;0;SK_6542-SK_9405
VIE;1600;+0300;2200;+0200;0;BA_6033-BA_706
VIE;1600;+0300;2200;+0200;0;AA_6049-AA_6474
NCE;1305;+0300;1640;+0200;0;LH_2463-LH_2274
NCE;1305;+0300;1640;+0200;0;SK_3669-SK_3281
NCE;1855;+0300;2230;+0200;0;SK_3309-SK_3257
NCE;1855;+0300;2230;+0200;0;LH_2465-LH_2278
NCE;1410;+0300;1800;+0200;0;BD_3123-BD_3236
NCE;0720;+0300;1115;+0200;0;SK_713-SK_2795
NCE;0720;+0300;1120;+0200;0;SK_713-SK_2795
NCE;1005;+0300;1405;+0200;0;LX_4791-LX_568
NCE;1410;+0300;1815;+0200;0;UA_9049-UA_9204
NCE;0840;+0300;1250;+0200;0;SK_6545-SK_793
NCE;0635;+0300;1050;+0200;0;KL_1164-KL_1261
NCE;0700;+0300;1120;+0200;0;SN_6752-SN_3617
NCE;1805;+0300;2225;+0200;0;KL_1170-KL_1273
NCE;0725;+0300;1150;+0200;0;SK_6575-SK_4703
NCE;1450;+0300;1915;+0200;0;OS_346-OS_421
NCE;0640;+0300;1115;+0200;0;SK_6540-SK_2795
NCE;0640;+0300;1120;+0200;0;SK_6540-SK_2795
NCE;0700;+0300;1145;+0200;0;SN_6752-SN_3617
NCE;0700;+0300;1145;+0200;0;KF_31-KF_5451
NCE;0735;+0300;1230;+0200;0;6X_3616-6X_408
NCE;1300;+0300;1800;+0200;0;UA_9049-UA_9204
NCE;1300;+0300;1800;+0200;0;LH_847-LH_1064
NCE;1300;+0300;1800;+0200;0;BD_3121-BD_3236
NCE;1850;+0300;2350;+0200;0;SK_3615-SK_3227
NCE;1850;+0300;2350;+0200;0;LH_851-LH_1068
NCE;0635;+0300;1140;+0200;0;KL_1164-KL_1263
NCE;0925;+0300;1430;+0200;0;AF_1499-AF_7714
NCE;1215;+0300;1720;+0200;0;AF_1099-AF_7706
NCE;0655;+0300;1205;+0200;0;UA_9099-UA_8908
NCE;0800;+0300;1310;+0200;0;6X_3614-6X_3125
NCE;0800;+0300;1310;+0200;0;6X_3631-6X_3125
NCE;0905;+0300;1415;+0200;0;UA_9047-UA_9202
NCE;1215;+0300;1725;+0200;0;AF_1099-AF_7706
NCE;0655;+0300;1210;+0200;0;SK_3759-SK_3289
NCE;0655;+0300;1210;+0200;0;LH_2467-LH_2272
NCE;0655;+0300;1210;+0200;0;UA_9099-UA_8908
NCE;0800;+0300;1315;+0200;0;6X_3631-6X_3175
NCE;0800;+0300;1315;+0200;0;6X_3614-6X_3175
NCE;1300;+0300;1815;+0200;0;UA_9049-UA_9204
NCE;0800;+0300;1320;+0200;0;6X_3631-6X_3225
NCE;0800;+0300;1320;+0200;0;6X_3614-6X_3225
NCE;0730;+0300;1255;+0200;0;6X_9800-6X_9149
NCE;0800;+0300;1325;+0200;0;6X_3614-6X_3275
NCE;0800;+0300;1325;+0200;0;6X_3631-6X_3275
NCE;0905;+0300;1430;+0200;0;LH_853-LH_1060
NCE;0905;+0300;1430;+0200;0;UA_9047-UA_9202
NCE;0905;+0300;1430;+0200;0;SK_3607-SK_3269
NCE;1125;+0300;1650;+0200;0;KL_1166-KL_1267
NCE;0720;+0300;1250;+0200;0;SK_713-SK_793
NCE;0730;+0300;1300;+0200;0;6X_9800-6X_3025
NCE;0800;+0300;1330;+0200;0;6X_3614-6X_3325
NCE;0800;+0300;1330;+0200;0;6X_3631-6X_3325
NCE;0730;+0300;1305;+0200;0;6X_9800-6X_3075
NCE;0800;+0300;1335;+0200;0;6X_3614-6X_3375
NCE;0800;+0300;1335;+0200;0;6X_3631-6X_3375
NCE;0800;+0300;1335;+0200;0;6X_3631-6X_3801
NCE;0800;+0300;1335;+0200;0;6X_3614-6X_3801
NCE;1605;+0300;2140;+0200;0;AF_1799-AF_7712
NCE;0730;+0300;1310;+0200;0;6X_9800-6X_3125
NCE;0800;+0300;1340;+0200;0;6X_3631-6X_3425
NCE;0800;+0300;1340;+0200;0;6X_3614-6X_3425
NCE;1700;+0300;2240;+0200;0;LX_4793-LX_564
NCE;0730;+0300;1315;+0200;0;6X_9800-6X_3175
NCE;0800;+0300;1345;+0200;0;6X_3614-6X_3475
NCE;0800;+0300;1345;+0200;0;6X_3631-6X_3475
NCE;1755;+0300;2340;+0200;0;BA_799-BA_352
NCE;0730;+0300;1320;+0200;0;6X_9800-6X_3225
NCE;0800;+0300;1350;+0200;0;6X_3614-6X_3525
NCE;0800;+0300;1350;+0200;0;6X_3631-6X_3525
NCE;0730;+0300;1325;+0200;0;6X_9800-6X_3275
NCE;0800;+0300;1355;+0200;0;6X_3631-6X_3575
NCE;0800;+0300;1355;+0200;0;6X_3614-6X_3575
NCE;0820;+0300;1415;+0200;0;UA_9047-UA_9202
NCE;0730;+0300;1330;+0200;0;6X_9800-6X_3325
NCE;0730;+0300;1335;+0200;0;6X_9800-6X_3375
NCE;0730;+0300;1335;+0200;0;6X_9800-6X_3801
NCE;1405;+0300;2010;+0200;0;AA_6053-AA_6391
NCE;1405;+0300;2010;+0200;0;BA_6079-BA_356
NCE;0640;+0300;1250;+0200;0;SK_6540-SK_793
NCE;0730;+0300;1340;+0200;0;6X_9800-6X_3425
NCE;0820;+0300;1430;+0200;0;UA_9047-UA_9202
NCE;0700;+0300;1315;+0200;0;SN_6752-SN_3619
NCE;0730;+0300;1345;+0200;0;6X_9800-6X_3475
NCE;0700;+0300;1320;+0200;0;SN_6752-SN_3619
NCE;0730;+0300;1350;+0200;0;6X_9800-6X_3525
NCE;0730;+0300;1355;+0200;0;6X_9800-6X_3575
NCE;1710;+0300;2335;+0200;0;6X_9501-6X_7707
NCE;1710;+0300;2335;+0200;0;6X_9501-6X_7713
NCE;1710;+0300;2335;+0200;0;6X_9501-6X_7703
NCE;1710;+0300;2335;+0200;0;6X_9501-6X_7708
NCE;1710;+0300;2335;+0200;0;6X_9501-6X_7701
NCE;1710;+0300;2335;+0200;0;6X_9501-6X_7705
NCE;1710;+0300;2335;+0200;0;6X_9501-6X_7715
NCE;1710;+0300;2335;+0200;0;6X_9501-6X_7712
NCE;1710;+0300;2335;+0200;0;6X_9501-6X_7710
NCE;1710;+0300;2335;+0200;0;6X_9501-6X_7711
NCE;1710;+0300;2335;+0200;0;6X_9501-6X_7706
NCE;1710;+0300;2335;+0200;0;6X_9501-6X_7704
NCE;1710;+0300;2335;+0200;0;6X_9501-6X_7709
NCE;1710;+0300;2335;+0200;0;6X_9501-6X_7700
NCE;1710;+0300;2335;+0200;0;6X_9501-6X_7714
NCE;1710;+0300;2335;+0200;0;6X_9501-6X_7702
NCE;1215;+0300;1850;+0200;0;AF_1099-AF_6226
NCE;0800;+0300;1440;+0200;0;AA_6047-AA_6588
NCE;0800;+0300;1440;+0200;0;BA_6031-BA_344
NCE;1605;+0300;2245;+0200;0;AF_1799-AF_7712
NCE;0755;+0300;1440;+0200;0;BA_795-BA_344
NCE;1605;+0300;2250;+0200;0;AF_1799-AF_6246
NCE;0750;+0300;1440;+0200;0;AA_6539-AA_6588
NCE;0735;+0300;1430;+0200;0;AF_2299-AF_7714
NCE;0925;+0300;1620;+0200;0;AF_1499-AF_6218
NCE;1215;+0300;1920;+0200;0;AF_1099-AF_6236
NCE;0735;+0300;1450;+0200;0;AF_2299-AF_6216
NCE;1605;+0300;2320;+0200;0;AF_1799-AF_6242
NCE;0655;+0300;1415;+0200;0;UA_8736-UA_9202
NCE;1215;+0300;1945;+0200;0;6X_3617-6X_3850
NCE;1215;+0300;1945;+0200;0;AF_1099-AF_7708
NCE;0655;+0300;1430;+0200;0;SK_3679-SK_3269
NCE;0655;+0300;1430;+0200;0;LH_855-LH_1060
NCE;0655;+0300;1430;+0200;0;UA_8736-UA_9202
NCE;1305;+0300;2040;+0200;0;SK_3669-SK_3711
NCE;1305;+0300;2040;+0200;0;LH_2463-LH_2276
NCE;1600;+0300;2335;+0200;0;AA_6049-AA_6391
NCE;0920;+0300;1700;+0200;0;6X_799-6X_403
NCE;0920;+0300;1700;+0200;0;6X_797-6X_403
NCE;1450;+0300;2230;+0200;0;OS_346-OS_423
NCE;1600;+0300;2340;+0200;0;BA_6033-BA_352
NCE;0630;+0300;1415;+0200;0;UA_8736-UA_9202
NCE;0735;+0300;1520;+0200;0;AF_2299-AF_6228
FRA;1300;+0300;1430;+0200;0;LH_847
FRA;1300;+0300;1430;+0200;0;UA_9049
FRA;1300;+0300;1430;+0200;0;BD_3121
FRA;1300;+0300;1430;+0200;0;KF_5081
FRA;1850;+0300;2020;+0200;0;KF_5075
FRA;1850;+0300;2020;+0200;0;SK_3615
FRA;1850;+0300;2020;+0200;0;LH_851
FRA;0820;+0300;0955;+0200;0;AA_6045
FRA;0820;+0300;0955;+0200;0;AY_821
FRA;1410;+0300;1545;+0200;0;UA_9049
FRA;1410;+0300;1545;+0200;0;BD_3123
FRA;1700;+0300;1835;+0200;0;AY_825
FRA;1700;+0300;1835;+0200;0;JL_7807
FRA;0655;+0300;0835;+0200;0;LH_855
FRA;0655;+0300;0835;+0200;0;UA_8736
FRA;0655;+0300;0835;+0200;0;SK_3679
FRA;0655;+0300;0835;+0200;0;KF_5079
FRA;0905;+0300;1045;+0200;0;LH_853
FRA;0905;+0300;1045;+0200;0;SK_3607
FRA;0905;+0300;1045;+0200;0;KF_5077
FRA;0905;+0300;1045;+0200;0;BD_3125
FRA;0905;+0300;1045;+0200;0;UA_9047
FRA;1450;+0300;1630;+0200;0;KF_5073
FRA;1450;+0300;1630;+0200;0;SK_3675
FRA;1450;+0300;1630;+0200;0;LH_849
FRA;1450;+0300;1630;+0200;0;NH_6172
FRA;1655;+0300;1835;+0200;0;AY_825
FRA;0630;+0300;0815;+0200;0;UA_8736
FRA;0820;+0300;1005;+0200;0;UA_9047
FRA;0700;+0300;0950;+0200;0;SK_707-SK_1631
FRA;0840;+0300;1135;+0200;0;SK_6545-SK_1637
FRA;0840;+0300;1135;+0200;0;TG_7403-TG_7153
FRA;0935;+0300;1240;+0200;0;LH_6271-LH_801
FRA;0935;+0300;1240;+0200;0;SK_703-SK_3671
FRA;1305;+0300;1610;+0200;0;LH_2463-LH_115
FRA;0700;+0300;1010;+0200;0;AB_8311-AB_6557
FRA;1600;+0300;1910;+0200;0;SK_6542-SK_1635
FRA;1855;+0300;2205;+0200;0;LH_2465-LH_125
FRA;0840;+0300;1155;+0200;0;SK_6545-SK_3627
FRA;1125;+0300;1445;+0200;0;SK_6427-SK_3613
FRA;1600;+0300;1920;+0200;0;SK_6542-SK_1635
FRA;1750;+0300;2110;+0200;0;SK_6581-SK_3621
FRA;0655;+0300;1020;+0200;0;LH_2467-LH_105
FRA;0800;+0300;1125;+0200;0;SK_6421-SK_635
FRA;0635;+0300;1005;+0200;0;KL_1164-KL_1765
FRA;1250;+0300;1620;+0200;0;LH_6293-LH_6265
FRA;1250;+0300;1620;+0200;0;SK_717-SK_675
FRA;0720;+0300;1100;+0200;0;SK_713-SK_1637
FRA;0720;+0300;1100;+0200;0;LH_6289-LH_6221
FRA;1125;+0300;1505;+0200;0;KL_1166-KL_1767
FRA;1405;+0300;1750;+0200;0;KL_1168-KL_1773
FRA;1805;+0300;2200;+0200;0;KL_1170-KL_1775
FRA;1730;+0300;2130;+0200;0;SK_6423-SK_3677
FRA;1700;+0300;2105;+0200;0;LX_4793-LX_3610
FRA;0655;+0300;1105;+0200;0;LH_2467-LH_107
FRA;0720;+0300;1135;+0200;0;SK_713-SK_1637
FRA;1720;+0300;2135;+0200;0;SN_6756-SN_7013
FRA;0640;+0300;1100;+0200;0;SK_6540-SK_1637
FRA;0725;+0300;1145;+0200;0;SK_6575-SK_4751
FRA;1200;+0300;1620;+0200;0;SK_6691-SK_675
FRA;1450;+0300;1910;+0200;0;OS_346-OS_125
FRA;0700;+0300;1125;+0200;0;SK_707-SK_635
FRA;0700;+0300;1125;+0200;0;LH_6133-LH_6227
FRA;0955;+0300;1420;+0200;0;BT_340-BT_241
FRA;0955;+0300;1420;+0200;0;BT_302-BT_241
FRA;0720;+0300;1155;+0200;0;BD_3880-BD_3423
FRA;0720;+0300;1155;+0200;0;LH_6289-LH_823
FRA;0720;+0300;1155;+0200;0;SK_713-SK_3627
FRA;1005;+0300;1440;+0200;0;LX_4791-LX_3604
FRA;1215;+0300;1650;+0200;0;AF_1099-AF_2118
FRA;0800;+0300;1240;+0200;0;SK_6421-SK_3671
FRA;1305;+0300;1745;+0200;0;LH_2463-LH_117
FRA;0640;+0300;1135;+0200;0;SK_6540-SK_1637
FRA;0920;+0300;1415;+0200;0;6X_797-6X_908
FRA;1600;+0300;2055;+0200;0;SK_6542-SK_3629
FRA;0655;+0300;1155;+0200;0;LH_2467-LH_109
FRA;0725;+0300;1225;+0200;0;OS_348-OS_7203
FRA;1310;+0300;1810;+0200;0;AB_8309-AB_6559
FRA;1310;+0300;1810;+0200;0;AB_8309-AB_6563
FRA;0700;+0300;1205;+0200;0;SN_6752-SN_7003
FRA;0725;+0300;1230;+0200;0;SK_6575-SK_3623
FRA;1450;+0300;1955;+0200;0;OS_346-OS_7209
FRA;1625;+0300;2130;+0200;0;SK_705-SK_3677
FRA;1625;+0300;2130;+0200;0;LH_6273-LH_805
FRA;0925;+0300;1435;+0200;0;AF_1499-AF_1918
FRA;0935;+0300;1445;+0200;0;LH_6271-LH_803
FRA;0935;+0300;1445;+0200;0;SK_703-SK_3613
FRA;0640;+0300;1155;+0200;0;SK_6540-SK_3627
FRA;0800;+0300;1315;+0200;0;6X_3631-6X_906
FRA;0800;+0300;1315;+0200;0;7X_603-7X_3477
FRA;0800;+0300;1315;+0200;0;6X_3631-6X_807
FRA;0800;+0300;1315;+0200;0;7X_607-7X_4477
FRA;0800;+0300;1315;+0200;0;7X_603-7X_8007
FRA;0800;+0300;1315;+0200;0;7X_607-7X_8006
FRA;0800;+0300;1315;+0200;0;6X_3614-6X_4906
FRA;0800;+0300;1315;+0200;0;7X_607-7X_3477
FRA;0800;+0300;1315;+0200;0;7X_603-7X_8006
FRA;0800;+0300;1315;+0200;0;6X_3614-6X_906
FRA;0800;+0300;1315;+0200;0;6X_3631-6X_4906
FRA;0800;+0300;1315;+0200;0;6X_3631-6X_806
FRA;0800;+0300;1315;+0200;0;7X_603-7X_4477
FRA;0800;+0300;1315;+0200;0;6X_3614-6X_807
FRA;0800;+0300;1315;+0200;0;6X_3614-6X_806
FRA;0800;+0300;1315;+0200;0;7X_607-7X_8007
FRA;1405;+0300;1920;+0200;0;BA_6079-BA_912
FRA;0800;+0300;1320;+0200;0;BA_6031-BA_904
FRA;1250;+0300;1810;+0200;0;SK_717-SK_8575
FRA;1250;+0300;1810;+0200;0;BD_3887-BD_3419
FRA;1250;+0300;1810;+0200;0;LH_6293-LH_829
FRA;0755;+0300;1320;+0200;0;BA_795-BA_904
FRA;1125;+0300;1650;+0200;0;KL_1166-KL_1771
FRA;0800;+0300;1330;+0200;0;6X_3614-6X_9101
FRA;0800;+0300;1330;+0200;0;7X_603-7X_9101
FRA;0800;+0300;1330;+0200;0;7X_607-7X_9101
FRA;0800;+0300;1330;+0200;0;6X_3631-6X_9101
FRA;1125;+0300;1655;+0200;0;KL_1166-KL_1771
FRA;1605;+0300;2135;+0200;0;AF_1799-AF_1018
BRU;1640;+0300;1815;+0200;0;AY_817
BRU;1640;+0300;1815;+0200;0;JL_7823
BRU;0735;+0300;0915;+0200;0;AA_6043
BRU;0735;+0300;0915;+0200;0;AY_811
BRU;0700;+0300;0845;+0200;0;SK_6509
BRU;0700;+0300;0845;+0200;0;KF_31
BRU;0700;+0300;0845;+0200;0;SN_6752
BRU;1720;+0300;1905;+0200;0;SK_6511
BRU;1720;+0300;1905;+0200;0;SN_6756
BRU;1720;+0300;1905;+0200;0;KF_33
BRU;0640;+0300;0950;+0200;0;SK_6540-SK_593
BRU;0940;+0300;1250;+0200;0;SK_1715-SK_1591
BRU;0720;+0300;1040;+0200;0;BD_3880-BD_5456
BRU;1555;+0300;1915;+0200;0;BT_306-BT_603
BRU;0655;+0300;1020;+0200;0;LH_855-LH_1008
BRU;1850;+0300;2215;+0200;0;LH_851-LH_1024
BRU;0505;+0300;0835;+0200;0;BT_330-BT_601
BRU;0655;+0300;1025;+0200;0;UA_9099-UA_9102
BRU;0655;+0300;1025;+0200;0;LH_2467-LH_2284
BRU;1305;+0300;1635;+0200;0;LH_2463-LH_2290
BRU;0655;+0300;1035;+0200;0;UA_9099-UA_9102
BRU;0905;+0300;1245;+0200;0;LH_853-LH_1010
BRU;0905;+0300;1245;+0200;0;UA_9047-UA_9225
BRU;1405;+0300;1745;+0200;0;KL_1168-KL_1731
BRU;1410;+0300;1750;+0200;0;SN_7102-SN_7008
BRU;1835;+0300;2215;+0200;0;SN_7104-SN_7014
BRU;1855;+0300;2235;+0200;0;LH_2465-LH_2296
BRU;1300;+0300;1645;+0200;0;LH_847-LH_1014
BRU;1450;+0300;1835;+0200;0;LH_849-LH_1018
BRU;1450;+0300;1835;+0200;0;NH_6172-NH_6171
BRU;1600;+0300;1945;+0200;0;SK_6542-SK_597
BRU;1645;+0300;2030;+0200;0;OK_481-OK_634
BRU;0630;+0300;1020;+0200;0;UA_8736-UA_8819
BRU;0630;+0300;1020;+0200;0;SN_7108-SN_7002
BRU;1250;+0300;1640;+0200;0;UA_6920-UA_6907
BRU;1250;+0300;1640;+0200;0;SK_717-SK_1593
BRU;1805;+0300;2205;+0200;0;KL_1170-KL_1733
BRU;0725;+0300;1130;+0200;0;OS_348-OS_8171
BRU;0635;+0300;1045;+0200;0;KL_1164-KL_1723
BRU;0840;+0300;1250;+0200;0;SK_6545-SK_1591
BRU;1450;+0300;1910;+0200;0;OS_346-OS_355
BRU;0820;+0300;1245;+0200;0;UA_9047-UA_9225
BRU;1410;+0300;1835;+0200;0;SN_7102-SN_7010
BRU;1700;+0300;2135;+0200;0;LX_4793-LX_770
BRU;1200;+0300;1640;+0200;0;SK_6691-SK_1593
BRU;1300;+0300;1740;+0200;0;LH_847-LH_1016
BRU;0905;+0300;1400;+0200;0;LH_853-LH_1012
BRU;0905;+0300;1400;+0200;0;UA_9047-UA_9354
BRU;1600;+0300;2055;+0200;0;BA_6033-BA_400
BRU;0925;+0300;1423;+0200;0;AF_1499-AF_7183
BRU;0655;+0300;1205;+0200;0;UA_9099-UA_9284
BRU;0655;+0300;1205;+0200;0;LH_2467-LH_2286
BRU;1450;+0300;2005;+0200;0;LH_849-LH_1020
BRU;1305;+0300;1825;+0200;0;LH_2463-LH_2292
BRU;1450;+0300;2010;+0200;0;OS_346-OS_8173
BRU;0720;+0300;1250;+0200;0;SK_713-SK_1591
BRU;0720;+0300;1250;+0200;0;BD_3880-BD_3731
BRU;1300;+0300;1835;+0200;0;LH_847-LH_1018
BRU;0820;+0300;1400;+0200;0;UA_9047-UA_9354
BRU;0820;+0300;1400;+0200;0;SN_7106-SN_7004
BRU;1250;+0300;1835;+0200;0;BD_3887-BD_5460
BRU;1410;+0300;1955;+0200;0;SN_7102-SN_7012
BRU;0655;+0300;1245;+0200;0;LH_855-LH_1010
BRU;0655;+0300;1245;+0200;0;UA_8736-UA_9225
BRU;1125;+0300;1720;+0200;0;SK_6427-SK_1589
BRU;1600;+0300;2155;+0200;0;BA_6033-BA_404
BRU;1705;+0300;2310;+0200;0;JK_322-JK_9261
BRU;0640;+0300;1250;+0200;0;SK_6540-SK_1591
BRU;1125;+0300;1735;+0200;0;SK_6427-SK_1589
BRU;0630;+0300;1245;+0200;0;UA_8736-UA_9225
BRU;1125;+0300;1745;+0200;0;KL_1166-KL_1731
BRU;1600;+0300;2225;+0200;0;BA_6033-BA_404
BRU;1215;+0300;1845;+0200;0;AF_1099-AF_7185
BRU;0800;+0300;1445;+0200;0;BA_6031-BA_394
BRU;0735;+0300;1423;+0200;0;AF_2299-AF_7183
BRU;0755;+0300;1445;+0200;0;BA_795-BA_394
BRU;0800;+0300;1450;+0200;0;AA_6047-AA_6427
BRU;1405;+0300;2055;+0200;0;BA_6079-BA_400
BRU;1250;+0300;1945;+0200;0;BD_3887-BD_3727
BRU;1250;+0300;1945;+0200;0;SK_717-SK_597
BRU;0750;+0300;1450;+0200;0;AA_6539-AA_6427
BRU;0940;+0300;1640;+0200;0;SK_1715-SK_1593
BRU;0655;+0300;1400;+0200;0;LH_855-LH_1012
BRU;0655;+0300;1400;+0200;0;UA_8736-UA_9354
BRU;1300;+0300;2005;+0200;0;LH_847-LH_1020
ZRH;0755;+0300;0940;+0200;0;AY_857
ZRH;0755;+0300;0940;+0200;0;AA_6063
ZRH;1630;+0300;1815;+0200;0;AY_863
ZRH;1005;+0300;1200;+0200;0;TG_7417
ZRH;1005;+0300;1200;+0200;0;LX_4791
ZRH;1005;+0300;1200;+0200;0;KF_63
ZRH;1005;+0300;1200;+0200;0;SK_6515
ZRH;1700;+0300;1855;+0200;0;KF_65
ZRH;1700;+0300;1855;+0200;0;LX_4793
ZRH;1700;+0300;1855;+0200;0;SK_6517
ZRH;1855;+0300;2200;+0200;0;SK_6430-SK_3511
ZRH;0700;+0300;1010;+0200;0;AB_8311-AB_8588
ZRH;1410;+0300;1730;+0200;0;BD_3123-BD_3552
ZRH;1600;+0300;1925;+0200;0;SK_6542-SK_609
ZRH;0940;+0300;1310;+0200;0;SK_1715-SK_603
ZRH;0955;+0300;1330;+0200;0;BT_302-BT_641
ZRH;0955;+0300;1330;+0200;0;BT_340-BT_641
ZRH;1305;+0300;1640;+0200;0;LH_2463-LH_2370
ZRH;1250;+0300;1630;+0200;0;SK_717-SK_3505
ZRH;1645;+0300;2025;+0200;0;KE_7640-KE_7661
ZRH;1645;+0300;2025;+0200;0;OK_481-OK_588
ZRH;0655;+0300;1040;+0200;0;LH_2467-LH_5782
ZRH;0905;+0300;1255;+0200;0;UA_9047-UA_9008
ZRH;0905;+0300;1255;+0200;0;BD_3125-BD_3556
ZRH;0905;+0300;1255;+0200;0;LH_853-LH_1190
ZRH;1720;+0300;2110;+0200;0;SN_6756-SN_5113
ZRH;1835;+0300;2225;+0200;0;AB_8925-AB_8172
ZRH;0725;+0300;1125;+0200;0;OS_348-OS_8803
ZRH;0700;+0300;1105;+0200;0;SN_6752-SN_5103
ZRH;0800;+0300;1210;+0200;0;SK_6421-SK_3509
ZRH;1450;+0300;1900;+0200;0;LH_849-LH_5776
ZRH;1750;+0300;2200;+0200;0;SK_6581-SK_3519
ZRH;0720;+0300;1135;+0200;0;SK_713-SK_3503
ZRH;1450;+0300;1905;+0200;0;OS_346-OS_565
ZRH;1605;+0300;2020;+0200;0;AF_1799-AF_5110
ZRH;1805;+0300;2225;+0200;0;KL_1170-KL_1969
ZRH;0635;+0300;1105;+0200;0;KL_1164-KL_1957
ZRH;0840;+0300;1310;+0200;0;SK_6545-SK_603
ZRH;1200;+0300;1630;+0200;0;SK_6691-SK_3505
ZRH;1300;+0300;1730;+0200;0;UA_9049-UA_8876
ZRH;1300;+0300;1730;+0200;0;BD_3121-BD_3552
ZRH;1300;+0300;1730;+0200;0;LH_847-LH_1196
ZRH;1405;+0300;1835;+0200;0;KL_1168-KL_1963
ZRH;1450;+0300;1920;+0200;0;NH_6172-NH_6101
ZRH;1450;+0300;1920;+0200;0;LH_849-LH_1198
ZRH;1730;+0300;2200;+0200;0;SK_6423-SK_3511
ZRH;0655;+0300;1130;+0200;0;LH_855-LH_5772
ZRH;0820;+0300;1255;+0200;0;UA_9047-UA_9008
ZRH;0725;+0300;1205;+0200;0;SK_6575-SK_3517
ZRH;0925;+0300;1415;+0200;0;AF_1499-AF_5104
ZRH;1215;+0300;1705;+0200;0;AF_1099-AF_5106
ZRH;1315;+0300;1805;+0200;0;LH_2971-LH_3138
ZRH;0640;+0300;1135;+0200;0;SK_6540-SK_3503
ZRH;1305;+0300;1800;+0200;0;LH_2463-LH_5786
ZRH;0830;+0300;1330;+0200;0;BT_302-BT_641
ZRH;0700;+0300;1210;+0200;0;SK_707-SK_3509
ZRH;1125;+0300;1635;+0200;0;KL_1166-KL_1961
ZRH;1410;+0300;1920;+0200;0;BD_3123-BD_3554
ZRH;0700;+0300;1215;+0200;0;SN_6752-SN_5105
ZRH;0655;+0300;1220;+0200;0;UA_9099-UA_8776
ZRH;0655;+0300;1220;+0200;0;LH_2467-LH_2368
ZRH;1310;+0300;1835;+0200;0;AB_8309-AB_8198
ZRH;1310;+0300;1840;+0200;0;AB_8309-AB_8198
ZRH;1450;+0300;2020;+0200;0;OS_346-OS_8807
ZRH;0905;+0300;1440;+0200;0;LH_853-LH_1192
ZRH;0905;+0300;1440;+0200;0;UA_9047-UA_9032
ZRH;0905;+0300;1440;+0200;0;BD_3125-BD_3558
ZRH;1625;+0300;2200;+0200;0;SK_705-SK_3511
ZRH;1600;+0300;2140;+0200;0;SK_6542-SK_3507
ZRH;0720;+0300;1310;+0200;0;SK_713-SK_603
ZRH;0720;+0300;1310;+0200;0;UA_6922-UA_6953
ZRH;1450;+0300;2040;+0200;0;OS_346-OS_8807
ZRH;1600;+0300;2150;+0200;0;BA_6033-BA_720
ZRH;1315;+0300;1910;+0200;0;LH_2971-LH_3140
ZRH;0655;+0300;1255;+0200;0;UA_8736-UA_9008
ZRH;0655;+0300;1255;+0200;0;LH_855-LH_1190
ZRH;1300;+0300;1900;+0200;0;LH_847-LH_5776
DUS;0740;+0300;0905;+0200;0;AY_703
DUS;1630;+0300;1755;+0200;0;JL_7811
DUS;1630;+0300;1755;+0200;0;AY_707
DUS;1835;+0300;2000;+0200;0;AB_8925
DUS;1315;+0300;1445;+0200;0;LH_2971
DUS;1930;+0300;2200;+0200;0;SK_1711-SK_629
DUS;1250;+0300;1525;+0200;0;SK_717-SK_1621
DUS;1625;+0300;1910;+0200;0;LH_6273-LH_6287
DUS;1625;+0300;1910;+0200;0;SK_705-SK_2625
DUS;0640;+0300;0930;+0200;0;SK_6540-SK_1629
DUS;1310;+0300;1600;+0200;0;AB_8309-AB_6443
DUS;1945;+0300;2235;+0200;0;SK_709-SK_3643
DUS;0940;+0300;1245;+0200;0;LH_6061-LH_6041
DUS;0940;+0300;1245;+0200;0;SK_1715-SK_1627
DUS;1310;+0300;1615;+0200;0;AB_8309-AB_6443
DUS;0655;+0300;1015;+0200;0;LH_2467-LH_2004
DUS;0800;+0300;1120;+0200;0;SK_6421-SK_3697
DUS;0955;+0300;1315;+0200;0;BT_340-BT_231
DUS;0955;+0300;1315;+0200;0;BT_302-BT_231
DUS;1200;+0300;1525;+0200;0;SK_6691-SK_1621
DUS;1835;+0300;2200;+0200;0;LH_6255-LH_6207
DUS;1835;+0300;2200;+0200;0;SK_719-SK_629
DUS;1850;+0300;2220;+0200;0;LH_851-LH_88
DUS;1405;+0300;1740;+0200;0;KL_1168-KL_1861
DUS;0700;+0300;1040;+0200;0;AB_8311-AB_6441
DUS;1450;+0300;1830;+0200;0;LH_849-LH_84
DUS;1855;+0300;2235;+0200;0;SK_6430-SK_3643
DUS;1305;+0300;1650;+0200;0;LH_2463-LH_2014
DUS;1700;+0300;2055;+0200;0;LX_4793-LX_3638
DUS;1855;+0300;2250;+0200;0;LH_2465-LH_2026
DUS;0725;+0300;1125;+0200;0;SK_6575-SK_8573
DUS;0840;+0300;1245;+0200;0;SK_6545-SK_1627
DUS;0655;+0300;1110;+0200;0;LH_855-LH_76
DUS;0700;+0300;1120;+0200;0;LH_6133-LH_2921
DUS;0700;+0300;1120;+0200;0;SK_707-SK_3697
DUS;1215;+0300;1635;+0200;0;AF_1099-AF_2206
DUS;1805;+0300;2225;+0200;0;KL_1170-KL_1863
DUS;0700;+0300;1125;+0200;0;AB_8311-AB_6441
DUS;1300;+0300;1725;+0200;0;LH_847-LH_82
DUS;1450;+0300;1915;+0200;0;OS_346-OS_155
DUS;0925;+0300;1405;+0200;0;AF_1499-AF_1906
DUS;0830;+0300;1315;+0200;0;BT_302-BT_231
DUS;0905;+0300;1400;+0200;0;LH_853-LH_78
DUS;0725;+0300;1230;+0200;0;OS_348-OS_7243
DUS;1405;+0300;1910;+0200;0;BA_6079-BA_944
DUS;1405;+0300;1910;+0200;0;AA_6053-AA_6450
DUS;1700;+0300;2205;+0200;0;LX_4793-LX_1028
DUS;1730;+0300;2235;+0200;0;SK_6423-SK_3643
DUS;0635;+0300;1145;+0200;0;KL_1164-KL_1855
DUS;1310;+0300;1820;+0200;0;AB_8309-AB_6447
DUS;0655;+0300;1210;+0200;0;LH_2467-LH_2008
DUS;1125;+0300;1640;+0200;0;SK_6427-SK_3691
DUS;1305;+0300;1820;+0200;0;LH_2463-LH_2016
DUS;1405;+0300;1920;+0200;0;AA_6053-AA_6450
DUS;1600;+0300;2120;+0200;0;BA_6033-BA_946
DUS;0720;+0300;1245;+0200;0;SK_713-SK_1627
DUS;0720;+0300;1245;+0200;0;LH_6289-LH_6041
DUS;1250;+0300;1815;+0200;0;LH_6293-LH_6215
DUS;1250;+0300;1815;+0200;0;SK_717-SK_627
DUS;1300;+0300;1830;+0200;0;LH_847-LH_84
DUS;0940;+0300;1525;+0200;0;SK_1715-SK_1621
DUS;0940;+0300;1525;+0200;0;LH_6061-LH_6213
DUS;1450;+0300;2035;+0200;0;LH_849-LH_86
DUS;1450;+0300;2050;+0200;0;OS_346-OS_7249
DUS;1600;+0300;2200;+0200;0;SK_6542-SK_629
DUS;0640;+0300;1245;+0200;0;SK_6540-SK_1627
DUS;1605;+0300;2215;+0200;0;AF_1799-AF_1106
DUS;1625;+0300;2235;+0200;0;SK_705-SK_3643
DUS;1625;+0300;2235;+0200;0;LH_6273-LH_2925
DUS;1125;+0300;1740;+0200;0;KL_1166-KL_1861
DUS;1200;+0300;1815;+0200;0;SK_6691-SK_627
DUB;0720;+0300;1020;+0100;0;SK_713-SK_537
DUB;0800;+0300;1105;+0100;0;SK_6421-SK_535
DUB;1805;+0300;2120;+0100;0;KL_1170-KL_3161
DUB;1405;+0300;1735;+0100;0;KL_1168-KL_3159
DUB;0635;+0300;1010;+0100;0;KL_1164-KL_3153
DUB;0640;+0300;1020;+0100;0;SK_6540-SK_537
DUB;1850;+0300;2240;+0100;0;LH_851-LH_982
DUB;0725;+0300;1120;+0100;0;SK_6575-SK_4603
DUB;0700;+0300;1105;+0100;0;SK_707-SK_535
DUB;1405;+0300;1810;+0100;0;BA_6079-BA_5969
DUB;0655;+0300;1105;+0100;0;LH_855-LH_978
DUB;1125;+0300;1540;+0100;0;KL_1166-KL_3157
DUB;0800;+0300;1225;+0100;0;BA_6031-BA_5957
DUB;1300;+0300;1725;+0100;0;LH_847-LH_980
DUB;1600;+0300;2025;+0100;0;BA_6033-BA_5977
DUB;0755;+0300;1225;+0100;0;BA_795-BA_5957
DUB;1215;+0300;1645;+0100;0;AF_1099-AF_5014
DUB;1755;+0300;2225;+0100;0;BA_799-BA_5983
DUB;0925;+0300;1400;+0100;0;AF_1499-AF_5006
DUB;1250;+0300;1805;+0100;0;SK_717-SK_2537
DUB;1405;+0300;1925;+0100;0;BA_6079-BA_5975
DUB;1600;+0300;2125;+0100;0;BA_6033-BA_5979
DUB;1405;+0300;1955;+0100;0;BA_6079-BA_5847
DUB;0800;+0300;1355;+0100;0;BA_6031-BA_5959
DUB;0755;+0300;1355;+0100;0;BA_795-BA_5959
DUB;1200;+0300;1805;+0100;0;SK_6691-SK_2537
DUB;1125;+0300;1735;+0100;0;KL_1166-KL_3159
DUB;1605;+0300;2215;+0100;0;AF_1799-AF_5008
DUB;1405;+0300;2025;+0100;0;BA_6079-BA_5977
DUB;0735;+0300;1400;+0100;0;AF_2299-AF_5006
DUB;1600;+0300;2225;+0100;0;BA_6033-BA_5983
DUB;0635;+0300;1340;+0100;0;KL_1164-KL_3155
DUB;1405;+0300;2120;+0100;0;KL_1168-KL_3161
DUB;0925;+0300;1645;+0100;0;AF_1499-AF_5014
DUB;1405;+0300;2125;+0100;0;BA_6079-BA_5979
DUB;1215;+0300;1945;+0100;0;AF_1099-AF_5010
DUB;0800;+0300;1535;+0100;0;BA_6031-BA_5965
DUB;0755;+0300;1535;+0100;0;BA_795-BA_5965
DUB;0640;+0300;1120;+0100;0;SK_6540-SK_1462-SK_4603
DUB;1300;+0300;1850;+0100;0;LH_847-LH_910-LH_6503
DUB;1300;+0300;1850;+0100;0;BD_3121-BD_3222-BD_129
DUB;1250;+0300;1850;+0100;0;SK_717-SK_505-SK_9719
DUB;1250;+0300;1850;+0100;0;BD_3887-BD_3705-BD_129
DUB;1410;+0300;2040;+0100;0;BD_3123-BD_3234-BD_131
DUB;1125;+0300;1805;+0100;0;SK_6427-SK_1421-SK_2537
DUB;1125;+0300;1805;+0100;0;SK_6427-SK_1423-SK_2537
DUB;1315;+0300;1955;+0100;0;LH_2971-LH_3384-LH_6505
DUB;1200;+0300;1850;+0100;0;SK_6691-SK_505-SK_9719
DUB;0700;+0300;1355;+0100;0;SK_707-SK_525-SK_9757
DUB;1300;+0300;1955;+0100;0;LH_847-LH_910-LH_6505
DUB;1300;+0300;1955;+0100;0;LH_847-LH_914-LH_6505
DUB;0655;+0300;1355;+0100;0;LH_855-LH_904-LH_6633
DUB;1250;+0300;1955;+0100;0;SK_717-SK_1517-SK_9775
DUB;1250;+0300;1955;+0100;0;SK_717-SK_505-SK_9775
DUB;1300;+0300;2040;+0100;0;BD_3121-BD_3468-BD_131
DUB;1300;+0300;2040;+0100;0;BD_3121-BD_3234-BD_131
DUB;1300;+0300;2040;+0100;0;BD_3121-BD_3222-BD_131
DUB;1300;+0300;2040;+0100;0;BD_3121-BD_3220-BD_131
GVA;0805;+0300;1005;+0200;0;AY_867
GVA;0805;+0300;1005;+0200;0;AY_3745
GVA;1610;+0300;1810;+0200;0;AY_869
GVA;1305;+0300;1625;+0200;0;LH_2463-LH_2384
GVA;0720;+0300;1045;+0200;0;UA_6922-UA_6923
GVA;0720;+0300;1045;+0200;0;SK_713-SK_613
GVA;0800;+0300;1130;+0200;0;SK_6421-SK_2615
GVA;0720;+0300;1055;+0200;0;SK_713-SK_613
GVA;1855;+0300;2230;+0200;0;LH_2465-LH_2390
GVA;1805;+0300;2145;+0200;0;KL_1170-KL_1937
GVA;1850;+0300;2230;+0200;0;LH_851-LH_1228
GVA;0630;+0300;1015;+0200;0;UA_8736-UA_9068
GVA;1410;+0300;1755;+0200;0;BD_3123-BD_3118
GVA;0905;+0300;1255;+0200;0;UA_9047-UA_9018
GVA;1720;+0300;2110;+0200;0;KF_33-KF_5693
GVA;0905;+0300;1300;+0200;0;LH_853-LH_1216
GVA;0905;+0300;1300;+0200;0;BD_3125-BD_3096
GVA;0905;+0300;1300;+0200;0;UA_9047-UA_9018
GVA;1005;+0300;1400;+0200;0;LX_4791-LX_2806
GVA;0640;+0300;1045;+0200;0;SK_6540-SK_613
GVA;1300;+0300;1710;+0200;0;BD_3121-BD_3118
GVA;1300;+0300;1710;+0200;0;LH_847-LH_1222
GVA;1300;+0300;1710;+0200;0;BD_3121-BD_3102
GVA;1300;+0300;1710;+0200;0;LH_847-LH_1220
GVA;1300;+0300;1710;+0200;0;UA_9049-UA_9324
GVA;0640;+0300;1055;+0200;0;SK_6540-SK_613
GVA;0635;+0300;1100;+0200;0;KL_1164-KL_1927
GVA;1700;+0300;2125;+0200;0;SK_6517-SK_3512
GVA;1700;+0300;2125;+0200;0;LX_4793-LX_2816
GVA;0700;+0300;1130;+0200;0;SK_707-SK_2615
GVA;1405;+0300;1835;+0200;0;KL_1168-KL_1933
GVA;1450;+0300;1920;+0200;0;OS_346-OS_575
GVA;0820;+0300;1255;+0200;0;UA_9047-UA_9018
GVA;1450;+0300;1925;+0200;0;LH_849-LH_1226
GVA;0820;+0300;1300;+0200;0;UA_9047-UA_9018
GVA;1450;+0300;1930;+0200;0;NH_6172-NH_6107
GVA;1450;+0300;1930;+0200;0;LH_849-LH_1224
GVA;0925;+0300;1410;+0200;0;AF_1499-AF_2142
GVA;1125;+0300;1620;+0200;0;KL_1166-KL_1931
GVA;1215;+0300;1710;+0200;0;AF_1099-AF_2442
GVA;1300;+0300;1755;+0200;0;BD_3121-BD_3118
GVA;1300;+0300;1755;+0200;0;LH_847-LH_1222
GVA;1720;+0300;2215;+0200;0;SN_6756-SN_2723
GVA;1215;+0300;1715;+0200;0;AF_1099-AF_2442
GVA;0905;+0300;1410;+0200;0;UA_9047-UA_9020
GVA;0700;+0300;1215;+0200;0;KF_31-KF_5691
GVA;0700;+0300;1215;+0200;0;SN_6752-SN_2715
GVA;0905;+0300;1420;+0200;0;UA_9047-UA_9020
GVA;0905;+0300;1420;+0200;0;LH_853-LH_1218
GVA;0905;+0300;1420;+0200;0;BD_3125-BD_3106
GVA;1410;+0300;1925;+0200;0;BD_3123-BD_3104
GVA;1305;+0300;1825;+0200;0;LH_2463-LH_2386
GVA;1410;+0300;1930;+0200;0;BD_3123-BD_3120
GVA;0655;+0300;1220;+0200;0;LH_2467-LH_2382
GVA;0700;+0300;1230;+0200;0;SN_6752-SN_2715
GVA;0735;+0300;1310;+0200;0;AF_2299-AF_2042
GVA;1605;+0300;2145;+0200;0;AF_1799-AF_1242
GVA;0820;+0300;1410;+0200;0;UA_9047-UA_9020
GVA;1315;+0300;1910;+0200;0;LH_2971-LH_3164
GVA;0655;+0300;1255;+0200;0;UA_8736-UA_9018
GVA;0820;+0300;1420;+0200;0;UA_9047-UA_9020
GVA;0655;+0300;1300;+0200;0;LH_855-LH_1216
GVA;0655;+0300;1300;+0200;0;UA_8736-UA_9018
GVA;0800;+0300;1420;+0200;0;BA_6031-BA_730
GVA;0800;+0300;1420;+0200;0;AA_6047-AA_6340
GVA;1405;+0300;2025;+0200;0;AA_6053-AA_6346
GVA;1700;+0300;2320;+0200;0;LX_4793-LX_2818
GVA;0630;+0300;1255;+0200;0;UA_8736-UA_9018
GVA;0755;+0300;1420;+0200;0;BA_795-BA_730
GVA;1250;+0300;1915;+0200;0;SK_717-SK_617
GVA;1250;+0300;1915;+0200;0;UA_6920-UA_6925
GVA;1300;+0300;1925;+0200;0;LH_847-LH_1226
GVA;1300;+0300;1925;+0200;0;BD_3121-BD_3104
GVA;0630;+0300;1300;+0200;0;UA_8736-UA_9018
GVA;0750;+0300;1420;+0200;0;AA_6539-AA_6340
GVA;1300;+0300;1930;+0200;0;BD_3121-BD_3120
GVA;1300;+0300;1930;+0200;0;LH_847-LH_1224
GVA;0735;+0300;1410;+0200;0;AF_2299-AF_2142
GVA;1405;+0300;2040;+0200;0;BA_6079-BA_736
GVA;1600;+0300;2235;+0200;0;AA_6049-AA_6348
GVA;1600;+0300;2240;+0200;0;AA_6049-AA_6348
GVA;1600;+0300;2240;+0200;0;BA_6033-BA_738
GVA;0925;+0300;1610;+0200;0;AF_1499-AF_2342
VCE;0915;+0300;1110;+0200;0;AY_771
VCE;1305;+0300;1620;+0200;0;LH_2463-LH_1910
VCE;1855;+0300;2225;+0200;0;LH_2465-LH_1914
VCE;0700;+0300;1035;+0200;0;AB_8311-AB_8990
VCE;1410;+0300;1745;+0200;0;BD_3123-BD_3408
VCE;0955;+0300;1340;+0200;0;BT_340-BT_627
VCE;0955;+0300;1340;+0200;0;BT_302-BT_627
VCE;1450;+0300;1840;+0200;0;OS_346-OS_529
VCE;1005;+0300;1400;+0200;0;LX_4791-LX_1662
VCE;1805;+0300;2210;+0200;0;KL_1170-KL_1659
VCE;0905;+0300;1325;+0200;0;LH_853-LH_326
VCE;0905;+0300;1325;+0200;0;UA_9047-UA_9086
VCE;0905;+0300;1325;+0200;0;SK_3607-SK_3777
VCE;0905;+0300;1325;+0200;0;BD_3125-BD_3406
VCE;1450;+0300;1925;+0200;0;SK_3675-SK_3395
VCE;1450;+0300;1925;+0200;0;LH_849-LH_330
VCE;1450;+0300;1925;+0200;0;NH_6172-NH_6201
VCE;0800;+0300;1240;+0200;0;SK_6421-SK_1847
VCE;0905;+0300;1345;+0200;0;UA_9047-UA_9086
VCE;1300;+0300;1740;+0200;0;UA_9049-UA_9165
VCE;1300;+0300;1745;+0200;0;BD_3121-BD_3408
VCE;1300;+0300;1745;+0200;0;LH_847-LH_328
VCE;1300;+0300;1745;+0200;0;UA_9049-UA_9165
VCE;0925;+0300;1415;+0200;0;AF_1499-AF_1726
VCE;1850;+0300;2340;+0200;0;LH_851-LH_332
VCE;1850;+0300;2340;+0200;0;SK_3615-SK_3709
VCE;1215;+0300;1710;+0200;0;AF_1099-AF_2026
VCE;0820;+0300;1325;+0200;0;UA_9047-UA_9086
VCE;0635;+0300;1145;+0200;0;AZ_3809-AZ_7733
VCE;0635;+0300;1145;+0200;0;KL_1164-KL_1653
VCE;0830;+0300;1340;+0200;0;BT_302-BT_627
VCE;1125;+0300;1635;+0200;0;KL_1166-KL_1655
VCE;1125;+0300;1635;+0200;0;AZ_5109-AZ_7735
VCE;0655;+0300;1210;+0200;0;UA_9099-UA_9267
VCE;0655;+0300;1210;+0200;0;LH_2467-LH_1908
VCE;1410;+0300;1925;+0200;0;BD_3123-BD_3410
VCE;0820;+0300;1345;+0200;0;UA_9047-UA_9086
VCE;0700;+0300;1240;+0200;0;SK_707-SK_1847
VCE;1300;+0300;1925;+0200;0;LH_847-LH_330
VCE;1300;+0300;1925;+0200;0;BD_3121-BD_3410
VCE;0655;+0300;1325;+0200;0;UA_8736-UA_9086
VCE;0655;+0300;1325;+0200;0;LH_855-LH_326
VCE;0655;+0300;1325;+0200;0;SK_3679-SK_3777
VCE;0735;+0300;1415;+0200;0;AF_2299-AF_1726
VCE;0655;+0300;1345;+0200;0;UA_8736-UA_9086
VCE;0630;+0300;1325;+0200;0;UA_8736-UA_9086
VCE;1605;+0300;2300;+0200;0;AF_1799-AF_2526
VCE;1450;+0300;2150;+0200;0;OS_346-OS_527
VCE;0630;+0300;1345;+0200;0;UA_8736-UA_9086
VCE;0700;+0300;1420;+0200;0;AB_8311-AB_8990
VCE;0655;+0300;1425;+0200;0;UA_9099-UA_9273
VCE;1215;+0300;1955;+0200;0;AF_1099-AF_2226
VCE;0925;+0300;1710;+0200;0;AF_1499-AF_2026
VCE;1405;+0300;2210;+0200;0;KL_1168-KL_1659
VCE;1405;+0300;2225;+0200;0;BA_6079-BA_2588
VCE;0505;+0300;1340;+0200;0;BT_330-BT_627
VCE;0905;+0300;1740;+0200;0;UA_9047-UA_9165
VCE;0905;+0300;1745;+0200;0;SK_3607-SK_3707
VCE;0905;+0300;1745;+0200;0;LH_853-LH_328
VCE;0905;+0300;1745;+0200;0;UA_9047-UA_9165
VCE;0905;+0300;1745;+0200;0;BD_3125-BD_3408
VCE;1005;+0300;1845;+0200;0;LX_4791-LX_1664
HAM;0750;+0300;0850;+0200;0;AY_853
HAM;1730;+0300;1830;+0200;0;AY_855
HAM;1730;+0300;1830;+0200;0;JL_7815
HAM;1250;+0300;1505;+0200;0;SK_717-SK_649
HAM;1250;+0300;1505;+0200;0;LH_6293-LH_6069
HAM;1930;+0300;2145;+0200;0;SK_1711-SK_647
HAM;0505;+0300;0735;+0200;0;BT_330-BT_251
HAM;0640;+0300;0915;+0200;0;SK_6540-SK_1641
HAM;0800;+0300;1035;+0200;0;SK_6421-SK_3667
HAM;1855;+0300;2135;+0200;0;SK_6430-SK_3673
HAM;1600;+0300;1850;+0200;0;SK_6542-SK_651
HAM;0725;+0300;1025;+0200;0;SK_6575-SK_3663
HAM;1315;+0300;1615;+0200;0;LH_2971-LH_2712
HAM;1200;+0300;1505;+0200;0;SK_6691-SK_649
HAM;1835;+0300;2145;+0200;0;LH_6255-LH_6057
HAM;1835;+0300;2145;+0200;0;SK_719-SK_647
HAM;1300;+0300;1615;+0200;0;LH_847-LH_16
HAM;0655;+0300;1020;+0200;0;LH_855-LH_8
HAM;0940;+0300;1305;+0200;0;LH_6061-LH_6055
HAM;0940;+0300;1305;+0200;0;SK_1715-SK_1647
HAM;0655;+0300;1030;+0200;0;LH_2467-LH_2064
HAM;0700;+0300;1035;+0200;0;SK_707-SK_3667
HAM;0700;+0300;1035;+0200;0;LH_6133-LH_2927
HAM;1405;+0300;1740;+0200;0;KL_1168-KL_1783
HAM;1750;+0300;2130;+0200;0;SK_6581-SK_3651
HAM;1305;+0300;1650;+0200;0;LH_2463-LH_2074
HAM;1855;+0300;2240;+0200;0;LH_2465-LH_2084
HAM;0700;+0300;1050;+0200;0;SN_6752-SN_2623
HAM;1720;+0300;2110;+0200;0;SN_6756-SN_2629
HAM;1450;+0300;1845;+0200;0;LH_849-LH_22
HAM;0700;+0300;1100;+0200;0;SN_6752-SN_2623
HAM;0905;+0300;1310;+0200;0;LH_853-LH_12
HAM;1730;+0300;2135;+0200;0;SK_6423-SK_3673
HAM;1850;+0300;2255;+0200;0;LH_851-LH_30
HAM;1805;+0300;2215;+0200;0;KL_1170-KL_1789
HAM;1300;+0300;1715;+0200;0;LH_847-LH_18
HAM;1450;+0300;1910;+0200;0;OS_346-OS_171
HAM;1605;+0300;2025;+0200;0;AF_1799-AF_2510
HAM;0840;+0300;1305;+0200;0;SK_6545-SK_1647
HAM;1305;+0300;1730;+0200;0;LH_2463-LH_2086
HAM;1555;+0300;2020;+0200;0;BT_306-BT_253
HAM;0635;+0300;1115;+0200;0;KL_1164-KL_1779
HAM;0655;+0300;1135;+0200;0;LH_855-LH_10
HAM;1215;+0300;1655;+0200;0;AF_1099-AF_2310
HAM;1700;+0300;2145;+0200;0;LX_4793-LX_3648
HAM;0655;+0300;1155;+0200;0;LH_2467-LH_2066
HAM;1300;+0300;1800;+0200;0;LH_847-LH_20
HAM;1450;+0300;1950;+0200;0;LH_849-LH_24
HAM;1315;+0300;1820;+0200;0;LH_2971-LH_2714
HAM;1450;+0300;1955;+0200;0;LH_849-LH_24
HAM;1625;+0300;2135;+0200;0;LH_6273-LH_2931
HAM;1625;+0300;2135;+0200;0;SK_705-SK_3673
HAM;1305;+0300;1820;+0200;0;LH_2463-LH_2076
HAM;0800;+0300;1325;+0200;0;AA_6047-AA_6493
HAM;0940;+0300;1505;+0200;0;LH_6061-LH_6069
HAM;0940;+0300;1505;+0200;0;SK_1715-SK_649
HAM;0750;+0300;1325;+0200;0;AA_6539-AA_6493
HAM;0905;+0300;1440;+0200;0;LH_853-LH_14
HAM;0720;+0300;1305;+0200;0;LH_6289-LH_6055
HAM;0720;+0300;1305;+0200;0;SK_713-SK_1647
HAM;1300;+0300;1845;+0200;0;LH_847-LH_22
HAM;1450;+0300;2035;+0200;0;LH_849-LH_26
HAM;1600;+0300;2145;+0200;0;SK_6542-SK_647
HAM;1125;+0300;1720;+0200;0;SK_6427-SK_3637
HAM;0655;+0300;1255;+0200;0;LH_2467-LH_2068
HAM;1250;+0300;1850;+0200;0;SK_717-SK_651
HAM;1250;+0300;1850;+0200;0;LH_6293-LH_6241
OSL;1215;+0300;1240;+0200;0;AY_655
OSL;0735;+0300;0805;+0200;0;AY_651
OSL;1255;+0300;1325;+0200;0;KF_675
OSL;1555;+0300;1625;+0200;0;AY_659
OSL;1750;+0300;1820;+0200;0;SK_6581
OSL;1750;+0300;1820;+0200;0;KF_677
OSL;1755;+0300;1825;+0200;0;JL_7801
OSL;1755;+0300;1825;+0200;0;AY_657
OSL;0725;+0300;0800;+0200;0;SK_6575
OSL;0725;+0300;0800;+0200;0;KF_663
OSL;1125;+0300;1330;+0200;0;SK_6427-SK_861
OSL;1625;+0300;1830;+0200;0;SK_705-SK_885
OSL;1730;+0300;1935;+0200;0;SK_6423-SK_889
OSL;0505;+0300;0720;+0200;0;BT_330-BT_151
OSL;0800;+0300;1015;+0200;0;SK_6421-SK_849
OSL;1730;+0300;1945;+0200;0;SK_6423-SK_889
OSL;1945;+0300;2215;+0200;0;SK_709-SK_897
OSL;1250;+0300;1525;+0200;0;BD_3887-BD_3876
OSL;1250;+0300;1525;+0200;0;SK_717-SK_1458
OSL;1615;+0300;1850;+0200;0;BA_8218-BA_8271
OSL;1930;+0300;2205;+0200;0;SK_1711-SK_3036
OSL;1600;+0300;1840;+0200;0;SK_6542-SK_462
OSL;1600;+0300;1840;+0200;0;SK_6542-SK_3052
OSL;1835;+0300;2115;+0200;0;SK_719-SK_1478
OSL;1835;+0300;2115;+0200;0;BD_3881-BD_3878
OSL;2115;+0300;2355;+0200;0;SK_6543-SK_1474
OSL;0640;+0300;0925;+0200;0;SK_6540-SK_1462
OSL;1200;+0300;1445;+0200;0;SK_6691-SK_458
OSL;0840;+0300;1130;+0200;0;SK_6545-SK_1454
OSL;1250;+0300;1540;+0200;0;SK_717-SK_3174
OSL;0720;+0300;1030;+0200;0;SK_713-SK_1464
OSL;1125;+0300;1435;+0200;0;SK_6427-SK_495
OSL;1625;+0300;1935;+0200;0;SK_705-SK_889
OSL;0700;+0300;1015;+0200;0;SK_707-SK_849
OSL;0720;+0300;1035;+0200;0;SK_713-SK_3180
OSL;1600;+0300;1920;+0200;0;SK_6542-SK_1470
OSL;1625;+0300;1945;+0200;0;SK_705-SK_889
OSL;1855;+0300;2215;+0200;0;SK_6430-SK_897
OSL;0940;+0300;1305;+0200;0;SK_1715-SK_1456
OSL;1200;+0300;1525;+0200;0;SK_6691-SK_1458
OSL;1835;+0300;2205;+0200;0;SK_719-SK_3036
OSL;1200;+0300;1540;+0200;0;SK_6691-SK_3174
OSL;0640;+0300;1030;+0200;0;SK_6540-SK_1464
OSL;0640;+0300;1035;+0200;0;SK_6540-SK_3180
OSL;0935;+0300;1330;+0200;0;SK_703-SK_861
OSL;1250;+0300;1645;+0200;0;UA_6920-UA_6941
OSL;1250;+0300;1645;+0200;0;BD_3887-BD_3870
OSL;1250;+0300;1645;+0200;0;SK_717-SK_460
OSL;0830;+0300;1230;+0200;0;BT_302-BT_159
OSL;1805;+0300;2205;+0200;0;KL_1170-KL_1221
OSL;1125;+0300;1530;+0200;0;SK_6427-SK_867
OSL;0720;+0300;1130;+0200;0;SK_713-SK_1454
OSL;1410;+0300;1820;+0200;0;BD_3123-BD_2932
OSL;0655;+0300;1110;+0200;0;SK_3759-SK_3678
OSL;0655;+0300;1110;+0200;0;LH_2467-LH_2450
OSL;0905;+0300;1325;+0200;0;SK_3607-SK_4752
OSL;1305;+0300;1725;+0200;0;LH_2463-LH_2454
OSL;1305;+0300;1725;+0200;0;SK_3669-SK_3698
OSL;1555;+0300;2015;+0200;0;BT_306-BT_153
OSL;0840;+0300;1305;+0200;0;SK_6545-SK_1456
OSL;1250;+0300;1715;+0200;0;SK_717-SK_1460
OSL;1450;+0300;1915;+0200;0;LH_849-LH_6280
OSL;1450;+0300;1915;+0200;0;SK_3675-SK_4756
OSL;1930;+0300;2355;+0200;0;SK_1711-SK_1474
OSL;0635;+0300;1105;+0200;0;KL_1164-KL_1143
OSL;1805;+0300;2235;+0200;0;KL_1170-KL_1151
MAN;1600;+0300;1655;+0100;0;AY_937
MAN;1600;+0300;1655;+0100;0;BA_6007
MAN;0825;+0300;0925;+0100;0;AA_6060
MAN;0825;+0300;0925;+0100;0;BA_6003
MAN;0825;+0300;0925;+0100;0;AY_933
MAN;0745;+0300;0745;+0100;0;6X_6003
MAN;0815;+0300;0940;+0100;0;6X_6003
MAN;0745;+0300;0745;+0100;0;6X_6004
MAN;0815;+0300;0940;+0100;0;6X_6004
MAN;0700;+0300;0915;+0100;0;SK_707-SK_2547
MAN;1600;+0300;1830;+0100;0;SK_6542-SK_541
MAN;0730;+0300;1010;+0100;0;6X_9800-6X_4384
MAN;0730;+0300;1010;+0100;0;6X_9800-6X_7012
MAN;0730;+0300;1010;+0100;0;6X_9800-6X_1384
MAN;0730;+0300;1010;+0100;0;6X_9800-6X_7000
MAN;0730;+0300;1010;+0100;0;6X_9800-6X_7005
MAN;0730;+0300;1010;+0100;0;6X_9800-6X_7007
MAN;0730;+0300;1010;+0100;0;6X_9800-6X_7010
MAN;0730;+0300;1010;+0100;0;6X_9800-6X_7009
MAN;0730;+0300;1010;+0100;0;6X_9800-6X_7003
MAN;0730;+0300;1010;+0100;0;6X_9800-6X_7014
MAN;0730;+0300;1010;+0100;0;6X_9800-6X_7015
MAN;0730;+0300;1010;+0100;0;6X_9800-6X_7013
MAN;0730;+0300;1010;+0100;0;6X_9800-6X_7001
MAN;0730;+0300;1010;+0100;0;6X_9800-6X_7008
MAN;0730;+0300;1010;+0100;0;6X_9800-6X_7011
MAN;0730;+0300;1010;+0100;0;6X_9800-6X_7006
MAN;0730;+0300;1010;+0100;0;6X_9800-6X_3804
MAN;0730;+0300;1010;+0100;0;6X_9800-6X_7004
MAN;0730;+0300;1010;+0100;0;6X_9800-6X_7002
MAN;0640;+0300;0930;+0100;0;SK_6540-SK_539
MAN;1405;+0300;1655;+0100;0;KL_1168-KL_1093
MAN;0700;+0300;1005;+0100;0;SN_6752-SN_2173
MAN;1315;+0300;1625;+0100;0;LH_2971-LH_3430
MAN;0905;+0300;1220;+0100;0;LH_853-LH_942
MAN;0905;+0300;1220;+0100;0;BD_3125-BD_3352
MAN;0655;+0300;1020;+0100;0;LH_2467-LH_2500
MAN;0655;+0300;1020;+0100;0;UA_9099-UA_8754
MAN;0920;+0300;1245;+0100;0;6X_799-6X_1392
MAN;0920;+0300;1245;+0100;0;6X_797-6X_1392
MAN;1305;+0300;1630;+0100;0;LH_2463-LH_2502
MAN;1410;+0300;1735;+0100;0;BD_3123-BD_3366
MAN;1805;+0300;2135;+0100;0;KL_1170-KL_1097
MAN;1125;+0300;1505;+0100;0;KL_1166-KL_1087
MAN;1720;+0300;2100;+0100;0;SN_6756-SN_2183
MAN;1855;+0300;2235;+0100;0;LH_2465-LH_2504
MAN;0635;+0300;1020;+0100;0;KL_1164-KL_1081
MAN;1850;+0300;2245;+0100;0;LH_851-LH_948
MAN;0820;+0300;1220;+0100;0;UA_9047-UA_9042
MAN;0925;+0300;1325;+0100;0;AF_1499-AF_2268
MAN;1755;+0300;2200;+0100;0;BA_799-BA_1404
MAN;0800;+0300;1210;+0100;0;BA_6031-BA_1388
MAN;0755;+0300;1210;+0100;0;BA_795-BA_1388
MAN;0925;+0300;1340;+0100;0;AF_1499-AF_2268
MAN;0655;+0300;1130;+0100;0;UA_8736-UA_9042
MAN;1300;+0300;1735;+0100;0;LH_847-LH_946
MAN;1300;+0300;1735;+0100;0;BD_3121-BD_3366
MAN;1405;+0300;1840;+0100;0;BA_6079-BA_1402
MAN;0800;+0300;1245;+0100;0;6X_3614-6X_1392
MAN;0800;+0300;1245;+0100;0;6X_3631-6X_1392
MAN;0630;+0300;1130;+0100;0;UA_8736-UA_9042
MAN;0730;+0300;1245;+0100;0;6X_9800-6X_1392
MAN;0655;+0300;1220;+0100;0;LH_855-LH_942
MAN;0655;+0300;1220;+0100;0;UA_8736-UA_9042
MAN;1125;+0300;1655;+0100;0;KL_1166-KL_1093
MAN;1250;+0300;1830;+0100;0;BD_3887-BD_3895
MAN;1250;+0300;1830;+0100;0;SK_717-SK_541
MAN;0630;+0300;1220;+0100;0;UA_8736-UA_9042
MAN;0635;+0300;1225;+0100;0;KL_1164-KL_1083
MAN;0735;+0300;1325;+0100;0;AF_2299-AF_2268
MAN;1315;+0300;1915;+0100;0;LH_2971-LH_3434
MAN;1600;+0300;2200;+0100;0;BA_6033-BA_1404
MAN;0735;+0300;1340;+0100;0;AF_2299-AF_2268
MAN;1600;+0300;2205;+0100;0;BA_6033-BA_2914
MAN;1125;+0300;1755;+0100;0;SK_6427-SK_2549
MAN;1200;+0300;1830;+0100;0;SK_6691-SK_541
MAN;0800;+0300;1435;+0100;0;BA_6031-BA_1394
MAN;0755;+0300;1435;+0100;0;BA_795-BA_1394
MAN;1215;+0300;1855;+0100;0;AF_1099-AF_1168
LYS;1600;+0300;1810;+0200;0;AY_925
LYS;0750;+0300;1005;+0200;0;AY_923
LYS;1850;+0300;2220;+0200;0;SK_3615-SK_3339
LYS;1850;+0300;2220;+0200;0;LH_851-LH_1082
LYS;1305;+0300;1640;+0200;0;SK_3669-SK_3233
LYS;1305;+0300;1640;+0200;0;LH_2463-LH_2250
LYS;1855;+0300;2245;+0200;0;SK_3309-SK_3253
LYS;1855;+0300;2245;+0200;0;LH_2465-LH_2254
LYS;1005;+0300;1400;+0200;0;LX_4791-LX_532
LYS;1410;+0300;1810;+0200;0;BD_3123-BD_3086
LYS;1605;+0300;2010;+0200;0;AF_1799-AF_7648
LYS;1720;+0300;2125;+0200;0;SN_6756-SN_3593
LYS;1720;+0300;2125;+0200;0;KF_33-KF_5713
LYS;1805;+0300;2210;+0200;0;KL_1170-KL_2029
LYS;1450;+0300;1910;+0200;0;OS_346-OS_407
LYS;1720;+0300;2140;+0200;0;SN_6756-SN_3593
LYS;1125;+0300;1550;+0200;0;KL_1166-KL_2031
LYS;1700;+0300;2130;+0200;0;LX_4793-LX_538
LYS;0635;+0300;1120;+0200;0;KL_1164-KL_2025
LYS;0905;+0300;1355;+0200;0;UA_9047-UA_8916
LYS;1250;+0300;1740;+0200;0;SK_717-SK_1793
LYS;1215;+0300;1710;+0200;0;AF_1099-AF_7646
LYS;0925;+0300;1425;+0200;0;AF_1499-AF_7644
LYS;0905;+0300;1415;+0200;0;BD_3125-BD_3082
LYS;0905;+0300;1415;+0200;0;LH_853-LH_1076
LYS;0905;+0300;1415;+0200;0;UA_9047-UA_8916
LYS;0905;+0300;1415;+0200;0;SK_3607-SK_3715
LYS;1300;+0300;1810;+0200;0;LH_847-LH_1078
LYS;1300;+0300;1810;+0200;0;BD_3121-BD_3086
LYS;0655;+0300;1215;+0200;0;UA_9099-UA_9026
LYS;1755;+0300;2315;+0200;0;BA_799-BA_364
LYS;0655;+0300;1220;+0200;0;UA_9099-UA_9026
LYS;0655;+0300;1220;+0200;0;LH_2467-LH_2248
LYS;0655;+0300;1220;+0200;0;SK_3759-SK_3237
LYS;1305;+0300;1830;+0200;0;LH_2463-LH_2252
LYS;1305;+0300;1830;+0200;0;SK_3669-SK_3231
LYS;0820;+0300;1355;+0200;0;UA_9047-UA_8916
LYS;1200;+0300;1740;+0200;0;SK_6691-SK_1793
LYS;0820;+0300;1415;+0200;0;UA_9047-UA_8916
LYS;0735;+0300;1405;+0200;0;AF_2299-AF_7414
LYS;1605;+0300;2240;+0200;0;AF_1799-AF_7650
LYS;1315;+0300;1955;+0200;0;LH_2971-LH_3268
LYS;0735;+0300;1425;+0200;0;AF_2299-AF_7644
LYS;0655;+0300;1355;+0200;0;UA_8736-UA_8916
LYS;1600;+0300;2315;+0200;0;BA_6033-BA_364
LYS;0655;+0300;1415;+0200;0;LH_855-LH_1076
LYS;0655;+0300;1415;+0200;0;UA_8736-UA_8916
LYS;0655;+0300;1415;+0200;0;SK_3679-SK_3715
LYS;0630;+0300;1355;+0200;0;UA_8736-UA_8916
LYS;1450;+0300;2220;+0200;0;SK_3675-SK_3339
LYS;1450;+0300;2220;+0200;0;NH_6172-NH_6131
LYS;1450;+0300;2220;+0200;0;LH_849-LH_1082
LYS;1600;+0300;2335;+0200;0;AA_6049-AA_6362
LYS;0630;+0300;1415;+0200;0;UA_8736-UA_8916
LYS;0925;+0300;1710;+0200;0;AF_1499-AF_7646
LYS;1215;+0300;2000;+0200;0;AF_1099-AF_7416
LYS;1215;+0300;2010;+0200;0;AF_1099-AF_7648
LYS;0940;+0300;1740;+0200;0;SK_1715-SK_1793
LYS;1005;+0300;1810;+0200;0;LX_4791-LX_536
LYS;1405;+0300;2210;+0200;0;KL_1168-KL_2029
LYS;1410;+0300;2220;+0200;0;BD_3123-BD_3088
LYS;1730;+0300;2245;+0200;0;SK_6423-SK_3635-SK_3253
LYS;0700;+0300;1220;+0200;0;LH_6133-LH_2421-LH_2248
LYS;0700;+0300;1220;+0200;0;SK_707-SK_3655-SK_3237
LYS;1625;+0300;2150;+0200;0;LH_6273-LH_6287-LH_3270
LYS;0840;+0300;1415;+0200;0;SK_6545-SK_3627-SK_3715
LYS;0840;+0300;1415;+0200;0;SK_6545-SK_1637-SK_3715
LYS;0800;+0300;1415;+0200;0;SK_6421-SK_635-SK_3715
LYS;1125;+0300;1740;+0200;0;SK_6427-SK_1423-SK_1793
LYS;1125;+0300;1740;+0200;0;SK_6427-SK_1421-SK_1793
LYS;1600;+0300;2220;+0200;0;SK_6542-SK_1635-SK_3339
LYS;1625;+0300;2245;+0200;0;SK_705-SK_3635-SK_3253
LYS;1625;+0300;2245;+0200;0;LH_6273-LH_2419-LH_2254
LYS;1125;+0300;1810;+0200;0;SK_6427-SK_3613-SK_3717
LYS;0720;+0300;1415;+0200;0;LH_6289-LH_823-LH_1076
LYS;0720;+0300;1415;+0200;0;LH_6289-LH_6221-LH_1076
LYS;0720;+0300;1415;+0200;0;SK_713-SK_3627-SK_3715
LYS;0720;+0300;1415;+0200;0;BD_3880-BD_3423-BD_3082
LYS;0720;+0300;1415;+0200;0;SK_713-SK_1637-SK_3715
LYS;0935;+0300;1640;+0200;0;SK_703-SK_3633-SK_3233
LYS;0935;+0300;1640;+0200;0;LH_6271-LH_2415-LH_2250
LYS;1125;+0300;1830;+0200;0;SK_6427-SK_2661-SK_3231
LYS;0700;+0300;1415;+0200;0;SK_707-SK_1631-SK_3715
LYS;0700;+0300;1415;+0200;0;SK_707-SK_635-SK_3715
LYS;0700;+0300;1415;+0200;0;LH_6133-LH_6227-LH_1076
LYS;0640;+0300;1415;+0200;0;SK_6540-SK_1637-SK_3715
LYS;0640;+0300;1415;+0200;0;SK_6540-SK_3627-SK_3715
LYS;0935;+0300;1740;+0200;0;SK_703-SK_1423-SK_1793
LYS;0935;+0300;1740;+0200;0;SK_703-SK_1421-SK_1793
TLS;0655;+0300;1045;+0200;0;UA_9099-UA_8758
TLS;0655;+0300;1050;+0200;0;LH_2467-LH_2214
TLS;0655;+0300;1050;+0200;0;UA_9099-UA_8758
TLS;1855;+0300;2250;+0200;0;LH_2465-LH_2222
TLS;1805;+0300;2220;+0200;0;KL_1170-KL_1313
TLS;1305;+0300;1725;+0200;0;LH_2463-LH_2218
TLS;0700;+0300;1125;+0200;0;SN_6752-SN_3667
TLS;0905;+0300;1345;+0200;0;UA_9047-UA_9162
TLS;1300;+0300;1745;+0200;0;LH_847-LH_1098
TLS;1850;+0300;2345;+0200;0;LH_851-LH_1100
TLS;1125;+0300;1625;+0200;0;KL_1166-KL_1311
TLS;1215;+0300;1715;+0200;0;AF_1099-AF_7786
TLS;0905;+0300;1410;+0200;0;SQ_2079-SQ_2088
TLS;0905;+0300;1410;+0200;0;BD_3125-BD_2936
TLS;0905;+0300;1410;+0200;0;LH_853-LH_1096
TLS;1300;+0300;1805;+0200;0;BD_3121-BD_2938
TLS;1300;+0300;1805;+0200;0;LH_847-LH_1098
TLS;0925;+0300;1435;+0200;0;AF_1499-AF_7794
TLS;0635;+0300;1150;+0200;0;KL_1164-KL_1303
TLS;1720;+0300;2240;+0200;0;KF_33-KF_5623
TLS;0820;+0300;1345;+0200;0;UA_9047-UA_9162
TLS;1720;+0300;2250;+0200;0;SN_6756-SN_3675
TLS;1215;+0300;1830;+0200;0;AF_1099-AF_6134
TLS;1600;+0300;2225;+0200;0;BA_6033-BA_376
TLS;1215;+0300;1845;+0200;0;AF_1099-AF_6146
TLS;1605;+0300;2235;+0200;0;AF_1799-AF_7792
TLS;0925;+0300;1600;+0200;0;AF_1499-AF_6126
TLS;1215;+0300;1900;+0200;0;AF_1099-AF_6136
TLS;0655;+0300;1345;+0200;0;UA_8736-UA_9162
TLS;0735;+0300;1430;+0200;0;AF_2299-AF_6166
TLS;0735;+0300;1435;+0200;0;AF_2299-AF_7794
TLS;1600;+0300;2300;+0200;0;AA_6049-AA_6273
TLS;1600;+0300;2300;+0200;0;BA_6033-BA_376
TLS;0925;+0300;1630;+0200;0;AF_1499-AF_6154
TLS;0630;+0300;1345;+0200;0;UA_8736-UA_9162
TLS;0655;+0300;1410;+0200;0;LH_855-LH_1096
TLS;1215;+0300;1930;+0200;0;AF_1099-AF_6138
TLS;0925;+0300;1645;+0200;0;AF_1499-AF_6128
TLS;0735;+0300;1500;+0200;0;AF_2299-AF_6122
TLS;1215;+0300;1950;+0200;0;AF_1099-AF_7788
TLS;1215;+0300;2000;+0200;0;AF_1099-AF_6140
TLS;1305;+0300;2050;+0200;0;LH_2463-LH_2220
TLS;0925;+0300;1715;+0200;0;AF_1499-AF_7786
TLS;0925;+0300;1715;+0200;0;AF_1499-AF_6156
TLS;0655;+0300;1450;+0200;0;LH_2467-LH_2216
TLS;0735;+0300;1530;+0200;0;AF_2299-AF_6124
TLS;0925;+0300;1730;+0200;0;AF_1499-AF_6130
TLS;1215;+0300;2030;+0200;0;AF_1099-AF_6142
TLS;1405;+0300;2220;+0200;0;KL_1168-KL_1313
TLS;1405;+0300;2225;+0200;0;BA_6079-BA_376
TLS;0735;+0300;1600;+0200;0;AF_2299-AF_6126
TLS;0925;+0300;1800;+0200;0;AF_1499-AF_6132
TLS;0905;+0300;1745;+0200;0;LH_853-LH_1098
TLS;1215;+0300;2105;+0200;0;AF_1099-AF_6144
TLS;0735;+0300;1630;+0200;0;AF_2299-AF_6154
TLS;1405;+0300;2300;+0200;0;AA_6053-AA_6273
TLS;1405;+0300;2300;+0200;0;BA_6079-BA_376
TLS;1450;+0300;2345;+0200;0;LH_849-LH_1100
TLS;1450;+0300;2345;+0200;0;NH_6172-NH_6133
TLS;0905;+0300;1805;+0200;0;LH_853-LH_1098
TLS;0905;+0300;1805;+0200;0;BD_3125-BD_2938
TLS;0925;+0300;1830;+0200;0;AF_1499-AF_6134
TLS;0735;+0300;1645;+0200;0;AF_2299-AF_6128
TLS;0800;+0300;1715;+0200;0;BA_6031-BA_374
TLS;0800;+0300;1715;+0200;0;AA_6047-AA_6271
TLS;1215;+0300;2130;+0200;0;AF_1099-AF_6162
TLS;0720;+0300;1410;+0200;0;LH_6289-LH_6221-LH_1096
TLS;0700;+0300;1410;+0200;0;LH_6133-LH_6227-LH_1096
TLS;0935;+0300;1745;+0200;0;LH_6271-LH_801-LH_1098
TLS;0935;+0300;1745;+0200;0;LH_6271-LH_803-LH_1098
TLS;0935;+0300;1805;+0200;0;LH_6271-LH_803-LH_1098
TLS;0935;+0300;1805;+0200;0;LH_6271-LH_801-LH_1098
TLS;0720;+0300;1630;+0200;0;BD_3880-BD_3731-BD_5423
TLS;0720;+0300;1630;+0200;0;BD_3880-BD_5456-BD_5423
SXB;0700;+0300;1035;+0200;0;SN_6752-SN_3653
SXB;1405;+0300;1740;+0200;0;KL_1168-KL_2045
SXB;0635;+0300;1035;+0200;0;KL_1164-KL_2043
SXB;0925;+0300;1410;+0200;0;AF_1499-AF_7762
SXB;1450;+0300;2000;+0200;0;LH_849-LH_392
SXB;1850;+0300;0015;+0200;1;LH_851-LH_396
SXB;1215;+0300;1800;+0200;0;AF_1099-AF_7766
SXB;1605;+0300;2155;+0200;0;AF_1799-AF_7770
SXB;0735;+0300;1350;+0200;0;AF_2299-AF_7306
SXB;1125;+0300;1740;+0200;0;KL_1166-KL_2045
SXB;0655;+0300;1330;+0200;0;LH_855-LH_388
SXB;0735;+0300;1410;+0200;0;AF_2299-AF_7762
SXB;1215;+0300;1850;+0200;0;AF_1099-AF_7310
SXB;0905;+0300;1600;+0200;0;LH_853-LH_390
SXB;1300;+0300;2000;+0200;0;LH_847-LH_392
SXB;1405;+0300;2125;+0200;0;KL_1168-KL_2047
SXB;0925;+0300;1655;+0200;0;AF_1499-AF_7308
SXB;1450;+0300;2300;+0200;0;LH_849-LH_394
SXB;1305;+0300;2000;+0200;0;LH_2463-LH_115-LH_392
SXB;1250;+0300;2000;+0200;0;LH_6293-LH_6265-LH_392
NTE;0635;+0300;1045;+0200;0;KL_1164-KL_2033
NTE;1805;+0300;2215;+0200;0;KL_1170-KL_2035
NTE;0925;+0300;1340;+0200;0;AF_1499-AF_7724
NTE;1125;+0300;1600;+0200;0;KL_1166-KL_2049
NTE;1215;+0300;1720;+0200;0;AF_1099-AF_7730
NTE;1605;+0300;2145;+0200;0;AF_1799-AF_7728
NTE;0735;+0300;1340;+0200;0;AF_2299-AF_7724
NTE;1605;+0300;2225;+0200;0;AF_1799-AF_7388
NTE;0735;+0300;1445;+0200;0;AF_2299-AF_7386
NTE;0925;+0300;1720;+0200;0;AF_1499-AF_7730
NTE;1405;+0300;2215;+0200;0;KL_1168-KL_2035
NTE;0635;+0300;1600;+0200;0;KL_1164-KL_2049
NTE;1215;+0300;2145;+0200;0;AF_1099-AF_7728
NTE;0735;+0300;1720;+0200;0;AF_2299-AF_7730
NTE;1215;+0300;2225;+0200;0;AF_1099-AF_7388
NTE;1125;+0300;2215;+0200;0;KL_1166-KL_2035
NTE;0735;+0300;1325;+0200;0;AF_2299-AF_7622-AF_3203
NTE;1125;+0300;1720;+0200;0;KL_1166-KL_2009-KL_2312
NTE;0635;+0300;1340;+0200;0;KL_1164-KL_2003-KL_2310
NTE;1215;+0300;1940;+0200;0;AF_1099-AF_7634-AF_3207
NTE;1405;+0300;2145;+0200;0;KL_1168-KL_1243-KL_2314
NTE;1405;+0300;2145;+0200;0;KL_1168-KL_1245-KL_2314
NTE;0925;+0300;1940;+0200;0;AF_1499-AF_7634-AF_3207
NTE;0925;+0300;1940;+0200;0;AF_1499-AF_6266-AF_3207
NTE;0925;+0300;1940;+0200;0;AF_1499-AF_6262-AF_3207
NTE;0925;+0300;1940;+0200;0;AF_1499-AF_7624-AF_3207
NTE;0925;+0300;1940;+0200;0;AF_1499-AF_6264-AF_3207
NTE;1125;+0300;2145;+0200;0;KL_1166-KL_1243-KL_2314
NTE;1125;+0300;2145;+0200;0;KL_1166-KL_1245-KL_2314
NTE;1125;+0300;2145;+0200;0;KL_1166-KL_2009-KL_2314
NTE;1125;+0300;2145;+0200;0;KL_1166-KL_2013-KL_2314
NTE;0635;+0300;1720;+0200;0;KL_1164-KL_2007-KL_2312
NTE;0635;+0300;1720;+0200;0;KL_1164-KL_2009-KL_2312
NTE;0635;+0300;1720;+0200;0;KL_1164-KL_1233-KL_2312
NTE;0635;+0300;1720;+0200;0;KL_1164-KL_2003-KL_2312