LON;1925;+0200;2000;+0100;0;BA_363
LON;1925;+0200;2000;+0100;0;QF_3530
LON;1155;+0200;1235;+0100;0;AA_6715
LON;1215;+0200;1255;+0100;0;AA_6715
LON;1215;+0200;1255;+0100;0;BA_361
LON;0815;+0200;0905;+0100;0;QF_3532
LON;0815;+0200;0905;+0100;0;BA_365
LON;0815;+0200;0905;+0100;0;AA_6717
LON;1700;+0200;1920;+0100;0;AF_7645-AF_1180
LON;1845;+0200;2105;+0100;0;LX_537-LX_462
LON;0700;+0200;0925;+0100;0;LX_539-LX_460
LON;0910;+0200;1135;+0100;0;LH_3265-LH_3382
LON;1845;+0200;2110;+0100;0;LX_537-LX_340
LON;1040;+0200;1310;+0100;0;AF_7417-AF_5022
LON;0630;+0200;0905;+0100;0;AF_7401-AF_5020
LON;1350;+0200;1625;+0100;0;AF_7643-AF_2580
LON;0850;+0200;1135;+0100;0;AF_5861-AF_5206
LON;1640;+0200;1925;+0100;0;SN_3590-SN_2101
LON;1850;+0200;2135;+0100;0;SN_3592-SN_2103
LON;1850;+0200;2135;+0100;0;BD_5362-BD_5437
LON;0720;+0200;1015;+0100;0;SN_3594-SN_2093
LON;0730;+0200;1025;+0100;0;AF_7651-AF_1980
LON;1455;+0200;1750;+0100;0;BD_3083-BD_3234
LON;1455;+0200;1750;+0100;0;LH_1077-LH_916
LON;1715;+0200;2010;+0100;0;LH_2251-LH_2482
LON;0600;+0200;0900;+0100;0;LH_1083-LH_902
LON;0600;+0200;0900;+0100;0;BD_3085-BD_3214
LON;0730;+0200;1030;+0100;0;AF_7651-AF_1980
LON;1045;+0200;1345;+0100;0;AF_7641-AF_2280
LON;1450;+0200;1750;+0100;0;LX_533-LX_466
LON;1450;+0200;1750;+0100;0;LX_533-LX_326
LON;1025;+0200;1330;+0100;0;LH_1075-LH_906
LON;1025;+0200;1330;+0100;0;BD_3089-BD_3218
LON;1025;+0200;1330;+0100;0;UA_8891-UA_8815
LON;1655;+0200;2000;+0100;0;AF_7415-AF_5028
LON;1745;+0200;2050;+0100;0;KL_2028-KL_1033
LON;0600;+0200;0910;+0100;0;LH_1083-LH_896
LON;0705;+0200;1015;+0100;0;BD_5364-BD_5433
LON;0705;+0200;1015;+0100;0;SN_3594-SN_2093
LON;1020;+0200;1330;+0100;0;UA_8891-UA_8815
LON;1200;+0200;1515;+0100;0;KL_2030-KL_1019
LON;0900;+0200;1225;+0100;0;LH_2247-LH_2474
LON;1845;+0200;2210;+0100;0;BD_3087-BD_3194
LON;1845;+0200;2210;+0100;0;LH_1079-LH_922
LON;1255;+0200;1625;+0100;0;LH_2249-LH_2478
LON;1700;+0200;2030;+0100;0;AF_7645-AF_1380
LON;0640;+0200;1015;+0100;0;LH_2255-LH_2472
LON;1200;+0200;1535;+0100;0;AF_1256-AF_5192
LON;1455;+0200;1840;+0100;0;LH_1077-LH_936
LON;1455;+0200;1840;+0100;0;BD_3083-BD_3462
LON;0655;+0200;1045;+0100;0;KL_2024-KL_1009
LON;1025;+0200;1420;+0100;0;BD_3089-BD_3208
LON;1025;+0200;1420;+0100;0;LH_1075-LH_908
LON;1455;+0200;1850;+0100;0;LH_1077-LH_918
LON;1455;+0200;1850;+0100;0;BD_3083-BD_3190
LON;0705;+0200;1110;+0100;0;IB_8709-IB_3174
LON;0655;+0200;1105;+0100;0;AF_1156-AF_5186
LON;1200;+0200;1610;+0100;0;KL_2030-KL_1021
LON;1200;+0200;1615;+0100;0;KL_2030-KL_1025
LON;0925;+0200;1345;+0100;0;AF_7653-AF_2280
LON;0610;+0200;1035;+0100;0;UA_8881-UA_8811
LON;1155;+0200;1620;+0100;0;IB_8711-IB_3172
LON;1350;+0200;1815;+0100;0;AF_7643-AF_1080
LON;1450;+0200;1915;+0100;0;LX_533-LX_454
LON;0610;+0200;1040;+0100;0;UA_8881-UA_8811
LON;1005;+0200;1435;+0100;0;OS_404-OS_461
LON;1335;+0200;1805;+0100;0;BD_1344-BD_573
LON;0600;+0200;1035;+0100;0;UA_8881-UA_8811
LON;0700;+0200;1135;+0100;0;LH_3271-LH_3382
LON;1350;+0200;1825;+0100;0;AF_7643-AF_1080
LON;1450;+0200;1925;+0100;0;LX_533-LX_338
LON;0600;+0200;1040;+0100;0;BD_3085-BD_3216
LON;0600;+0200;1040;+0100;0;LH_1083-LH_904
LON;0600;+0200;1040;+0100;0;UA_8881-UA_8811
LON;0725;+0200;1205;+0100;0;AA_5328-AA_6277
LON;0640;+0200;1135;+0100;0;AF_5859-AF_5206
LON;1640;+0200;2135;+0100;0;SN_3590-SN_2103
LON;1640;+0200;2135;+0100;0;BD_5360-BD_5437
LON;0705;+0200;1205;+0100;0;AA_5328-AA_6277
LON;1350;+0200;1850;+0100;0;AF_7643-AF_5026
ROM;0845;+0200;1015;+0200;0;AF_5823
ROM;1520;+0200;1650;+0200;0;AZ_7839
ROM;1520;+0200;1650;+0200;0;AF_5821
ROM;0830;+0200;1155;+0200;0;AF_7840-AF_4342
ROM;1040;+0200;1405;+0200;0;LX_531-LX_1736
ROM;1845;+0200;2210;+0200;0;LX_537-LX_1734
ROM;0845;+0200;1215;+0200;0;AF_7802-AF_3128
ROM;1630;+0200;2000;+0200;0;AZ_2710-AZ_367
ROM;0850;+0200;1225;+0200;0;AZ_7358-AZ_1314
ROM;1255;+0200;1630;+0200;0;LH_2249-LH_1846
ROM;1530;+0200;1905;+0200;0;AZ_7361-AZ_1480
ROM;0840;+0200;1220;+0200;0;AF_7830-AF_9884
ROM;0830;+0200;1215;+0200;0;AF_7840-AF_3248
ROM;0830;+0200;1220;+0200;0;AF_7833-AF_9884
ROM;1715;+0200;2105;+0200;0;LH_2251-LH_1850
ROM;0835;+0200;1230;+0200;0;AZ_7829-AZ_1019
ROM;0900;+0200;1305;+0200;0;LH_2247-LH_1844
ROM;1450;+0200;1905;+0200;0;LX_533-LX_1732
ROM;0730;+0200;1150;+0200;0;AF_7651-AF_1504
ROM;0935;+0200;1355;+0200;0;LH_3265-LH_3200
ROM;0640;+0200;1105;+0200;0;LH_2255-LH_1842
ROM;1050;+0200;1530;+0200;0;TU_463-TU_754
ROM;1530;+0200;2010;+0200;0;AZ_7361-AZ_1474
ROM;1700;+0200;2140;+0200;0;AF_7645-AF_2304
ROM;0730;+0200;1215;+0200;0;AF_7651-AF_9832
ROM;0910;+0200;1355;+0200;0;LH_3265-LH_3200
ROM;1515;+0200;2000;+0200;0;AF_7850-AF_9890
ROM;1515;+0200;2000;+0200;0;AZ_2712-AZ_367
ROM;1745;+0200;2230;+0200;0;KL_2028-KL_1609
ROM;1055;+0200;1550;+0200;0;SN_3588-SN_3181
ROM;1350;+0200;1845;+0200;0;AF_7643-AF_2204
ROM;1535;+0200;2030;+0200;0;AF_7839-AF_9886
ROM;0655;+0200;1155;+0200;0;KL_2024-KL_1601
ROM;1055;+0200;1555;+0200;0;BD_5368-BD_5353
ROM;1055;+0200;1555;+0200;0;SN_3588-SN_3181
ROM;1250;+0200;1750;+0200;0;TU_851-TU_852
ROM;1350;+0200;1850;+0200;0;AF_7643-AF_2204
ROM;1540;+0200;2040;+0200;0;AZ_7831-AZ_1023
ROM;0650;+0200;1155;+0200;0;AF_7846-AF_4342
ROM;1845;+0200;2355;+0200;0;LH_1079-LH_242
ROM;1845;+0200;2355;+0200;0;BD_3087-BD_3592
ROM;0700;+0200;1215;+0200;0;AF_7800-AF_3128
ROM;0925;+0200;1440;+0200;0;AF_7653-AF_9846
ROM;1255;+0200;1815;+0200;0;LH_2249-LH_1848
ROM;1700;+0200;2220;+0200;0;AF_7645-AF_9842
ROM;0650;+0200;1215;+0200;0;AF_7846-AF_3248
ROM;1045;+0200;1610;+0200;0;AF_7641-AF_1904
ROM;1215;+0200;1745;+0200;0;AA_6715-AA_6455
ROM;1515;+0200;2045;+0200;0;AF_7824-AF_4330
ROM;1540;+0200;2110;+0200;0;AZ_7831-AZ_2075
ROM;0835;+0200;1410;+0200;0;AZ_7829-AZ_2055
ROM;1215;+0200;1750;+0200;0;BA_361-BA_556
ROM;1155;+0200;1745;+0200;0;AA_6715-AA_6455
ROM;1350;+0200;1945;+0200;0;AF_7643-AF_9838
ROM;1540;+0200;2140;+0200;0;AZ_7831-AZ_2121
ROM;0815;+0200;1420;+0200;0;BA_365-BA_546
ROM;0815;+0200;1420;+0200;0;QF_3532-QF_3423
ROM;0815;+0200;1420;+0200;0;AA_6717-AA_6534
ROM;0900;+0200;1505;+0200;0;AZ_7851-AZ_1470
ROM;1640;+0200;2250;+0200;0;BD_5360-BD_5357
ROM;1640;+0200;2250;+0200;0;SN_3590-SN_3187
ROM;0640;+0200;1305;+0200;0;LH_2255-LH_1844
ROM;0600;+0200;1230;+0200;0;BD_3085-BD_3590
ROM;0600;+0200;1230;+0200;0;LH_1083-LH_232
MAD;0705;+0200;0855;+0200;0;IB_8709
MAD;1155;+0200;1345;+0200;0;IB_8711
MAD;1410;+0200;1600;+0200;0;IB_8715
MAD;2010;+0200;2200;+0200;0;IB_8713
MAD;1535;+0200;1920;+0200;0;UX_3454-UX_3968
MAD;0730;+0200;1140;+0200;0;AF_7651-AF_1300
MAD;0835;+0200;1255;+0200;0;UX_3456-UX_2154
MAD;0635;+0200;1115;+0200;0;TP_477-TP_1012
MAD;1715;+0200;2155;+0200;0;LH_2251-LH_1806
MAD;1700;+0200;2145;+0200;0;AF_7645-AF_2100
MAD;1450;+0200;1940;+0200;0;LX_533-LX_2032
MAD;0640;+0200;1135;+0200;0;LH_2255-LH_1800
MAD;1350;+0200;1845;+0200;0;AF_7643-AF_1900
MAD;0835;+0200;1340;+0200;0;UX_3456-UX_2153
MAD;1845;+0200;2350;+0200;0;BD_3087-BD_2920
MAD;1845;+0200;2350;+0200;0;LH_1079-LH_1120
MAD;0655;+0200;1205;+0200;0;KL_2024-KL_1701
MAD;1215;+0200;1725;+0200;0;BA_361-BA_464
MAD;1215;+0200;1725;+0200;0;AA_6715-AA_6283
MAD;0815;+0200;1330;+0200;0;BA_365-BA_458
MAD;0815;+0200;1330;+0200;0;AA_6717-AA_6278
MAD;0815;+0200;1330;+0200;0;QF_3532-QF_3379
MAD;0900;+0200;1415;+0200;0;LH_2247-LH_1802
MAD;0925;+0200;1440;+0200;0;AF_7653-AF_1600
MAD;1215;+0200;1730;+0200;0;BA_361-BA_464
MAD;1045;+0200;1610;+0200;0;AF_7641-AF_1700
MAD;1745;+0200;2310;+0200;0;KL_2028-KL_1707
MAD;1155;+0200;1725;+0200;0;AA_6715-AA_6283
MAD;1200;+0200;1730;+0200;0;KL_2030-KL_1705
MAD;1455;+0200;2025;+0200;0;LH_1077-LH_6802
MAD;1250;+0200;1825;+0200;0;TU_851-TU_606
MAD;0600;+0200;1140;+0200;0;LH_1083-LH_1112
MAD;1655;+0200;2240;+0200;0;AF_7415-AF_1730
MAD;1025;+0200;1615;+0200;0;LH_1075-LH_6800
MAD;1055;+0200;1650;+0200;0;BD_5368-BD_5313
MAD;1055;+0200;1650;+0200;0;SN_3588-SN_3727
MAD;1640;+0200;2245;+0200;0;SN_3590-SN_3731
MAD;1640;+0200;2245;+0200;0;BD_5360-BD_5317
MAD;0630;+0200;1240;+0200;0;AF_7401-AF_1530
MAD;0730;+0200;1340;+0200;0;AF_7651-AF_1430
MAD;0815;+0200;1430;+0200;0;AA_6717-AA_5615
MAD;1215;+0200;1840;+0200;0;BA_361-BA_462
MAD;1215;+0200;1840;+0200;0;AA_6715-AA_6282
MAD;1535;+0200;2200;+0200;0;UX_3454-UX_2159
MAD;1350;+0200;2020;+0200;0;AF_7643-AF_2000
MAD;1215;+0200;1855;+0200;0;BA_361-BA_7063
MAD;0925;+0200;1610;+0200;0;AF_7653-AF_1700
MAD;1045;+0200;1730;+0200;0;AF_7641-AF_1800
MAD;1155;+0200;1840;+0200;0;AA_6715-AA_6282
LIS;0635;+0200;0800;+0100;0;TP_477
LIS;1835;+0200;2000;+0100;0;TP_473
LIS;1350;+0200;1735;+0100;0;AF_7643-AF_1924
LIS;1155;+0200;1550;+0100;0;IB_8711-IB_3102
LIS;0700;+0200;1105;+0100;0;LH_3271-LH_3332
LIS;1045;+0200;1450;+0100;0;AF_7641-AF_1624
LIS;0900;+0200;1325;+0100;0;UA_9027-UA_8938
LIS;0900;+0200;1325;+0100;0;LH_2247-LH_1790
LIS;1640;+0200;2105;+0100;0;SN_3590-SN_6405
LIS;0855;+0200;1325;+0100;0;UA_9027-UA_8938
LIS;1715;+0200;2145;+0100;0;LH_2251-LH_1792
LIS;0700;+0200;1135;+0100;0;LX_539-LX_2084
LIS;0720;+0200;1155;+0100;0;SN_3594-SN_3815
LIS;0705;+0200;1150;+0100;0;IB_8709-IB_3110
LIS;0705;+0200;1155;+0100;0;BD_5364-BD_5565
LIS;0705;+0200;1155;+0100;0;SN_3594-SN_3815
LIS;1700;+0200;2150;+0100;0;AF_7645-AF_2324
LIS;1845;+0200;2340;+0100;0;BD_3087-BD_3350
LIS;1845;+0200;2340;+0100;0;LH_1079-LH_1172
LIS;0610;+0200;1110;+0100;0;UA_8881-UA_8846
LIS;0610;+0200;1115;+0100;0;UA_8881-UA_8846
LIS;1025;+0200;1530;+0100;0;LH_1075-LH_6994
LIS;1745;+0200;2250;+0100;0;KL_2028-KL_1697
LIS;0600;+0200;1110;+0100;0;UA_8881-UA_8846
LIS;0600;+0200;1115;+0100;0;BD_3085-BD_3348
LIS;0600;+0200;1115;+0100;0;LH_1083-LH_1166
LIS;0600;+0200;1115;+0100;0;UA_8881-UA_8846
LIS;1215;+0200;1730;+0100;0;AA_6715-AA_6359
LIS;1025;+0200;1545;+0100;0;UA_8891-UA_8896
LIS;1215;+0200;1735;+0100;0;BA_361-BA_502
LIS;1215;+0200;1735;+0100;0;AA_6715-AA_6359
LIS;0850;+0200;1415;+0100;0;AZ_7358-AZ_7770
LIS;0925;+0200;1450;+0100;0;AF_7653-AF_1624
LIS;1020;+0200;1545;+0100;0;UA_8891-UA_8896
LIS;1025;+0200;1555;+0100;0;UA_8891-UA_8896
LIS;1025;+0200;1555;+0100;0;LH_1075-LH_1168
LIS;1020;+0200;1555;+0100;0;UA_8891-UA_8896
LIS;1155;+0200;1730;+0100;0;AA_6715-AA_6359
LIS;1155;+0200;1735;+0100;0;AA_6715-AA_6359
LIS;1520;+0200;2100;+0100;0;AZ_7839-AZ_7766
LIS;1410;+0200;2000;+0100;0;IB_8715-IB_3106
LIS;0900;+0200;1455;+0100;0;AZ_7851-AZ_7774
LIS;0900;+0200;1505;+0100;0;LH_2247-LH_6950
LIS;1450;+0200;2105;+0100;0;LX_533-LX_4582
LIS;1455;+0200;2120;+0100;0;NH_6130-NH_6735
LIS;1455;+0200;2120;+0100;0;LH_1077-LH_6956
LIS;0640;+0200;1325;+0100;0;LH_2255-LH_1790
LIS;0720;+0200;1410;+0100;0;SN_3594-SN_6403
LIS;1045;+0200;1735;+0100;0;AF_7641-AF_1924
LIS;1040;+0200;1735;+0100;0;AF_7417-AF_1924
LIS;0705;+0200;1410;+0100;0;SN_3594-SN_6403
LIS;0700;+0200;1410;+0100;0;LX_539-LX_4580
LIS;0730;+0200;1450;+0100;0;AF_7651-AF_1624
LIS;0655;+0200;1435;+0100;0;KL_2024-KL_1693
LIS;0845;+0200;1630;+0100;0;AF_7802-AF_5360
BCN;2250;+0200;0005;+0200;1;IB_5975
BCN;2250;+0200;0005;+0200;1;VY_1224
BCN;0835;+0200;0955;+0200;0;UX_3456
BCN;0835;+0200;0955;+0200;0;AF_5906
BCN;1535;+0200;1655;+0200;0;AF_5898
BCN;1535;+0200;1655;+0200;0;UX_3454
BCN;2005;+0200;2125;+0200;0;UX_3452
BCN;2005;+0200;2125;+0200;0;AF_5894
BCN;0700;+0200;1015;+0200;0;AF_7800-AF_3202
BCN;1350;+0200;1725;+0200;0;AF_7643-AF_1948
BCN;0730;+0200;1115;+0200;0;AF_7651-AF_1348
BCN;1700;+0200;2045;+0200;0;AF_7645-AF_2148
BCN;1845;+0200;2230;+0200;0;LX_537-LX_1950
BCN;1045;+0200;1435;+0200;0;AF_7641-AF_1648
BCN;1155;+0200;1555;+0200;0;IB_8711-IB_6754
BCN;1715;+0200;2120;+0200;0;LH_2251-LH_1816
BCN;1450;+0200;1905;+0200;0;LX_533-LX_1956
BCN;1850;+0200;2305;+0200;0;SN_3592-SN_3707
BCN;1850;+0200;2305;+0200;0;BD_5362-BD_5307
BCN;0900;+0200;1320;+0200;0;LH_2247-LH_1812
BCN;1845;+0200;2305;+0200;0;BD_3087-BD_3448
BCN;1845;+0200;2305;+0200;0;LH_1079-LH_1138
BCN;1905;+0200;2325;+0200;0;LH_2253-LH_1818
BCN;1255;+0200;1720;+0200;0;LH_2249-LH_1814
BCN;0640;+0200;1115;+0200;0;LH_2255-LH_1810
BCN;0720;+0200;1155;+0200;0;UA_9944-UA_9971
BCN;0720;+0200;1155;+0200;0;SN_3594-SN_3701
BCN;1455;+0200;1935;+0200;0;LH_1077-LH_1134
BCN;0700;+0200;1150;+0200;0;LH_3271-LH_3302
BCN;0705;+0200;1155;+0200;0;UA_9944-UA_9971
BCN;0705;+0200;1155;+0200;0;SN_3594-SN_3701
BCN;1025;+0200;1515;+0200;0;LH_1075-LH_1128
BCN;1155;+0200;1655;+0200;0;IB_8711-IB_6772
BCN;1700;+0200;2200;+0200;0;AF_7645-AF_2348
BCN;1745;+0200;2245;+0200;0;KL_2028-KL_1681
BCN;1200;+0200;1705;+0200;0;KL_2030-KL_1675
BCN;0720;+0200;1230;+0200;0;UA_9944-UA_9971
BCN;0925;+0200;1435;+0200;0;AF_7653-AF_1648
BCN;1055;+0200;1610;+0200;0;SN_3588-SN_3703
BCN;0635;+0200;1155;+0200;0;TP_477-TP_1040
BCN;0655;+0200;1215;+0200;0;KL_2024-KL_1671
BCN;0705;+0200;1230;+0200;0;UA_9944-UA_9971
BCN;1155;+0200;1725;+0200;0;IB_8711-IB_6774
BCN;0600;+0200;1140;+0200;0;LH_1083-LH_1126
BCN;1350;+0200;1930;+0200;0;AF_7643-AF_2048
BCN;0600;+0200;1145;+0200;0;BD_3085-BD_3450
BCN;0600;+0200;1145;+0200;0;LH_1083-LH_1126
BCN;1410;+0200;1955;+0200;0;IB_8715-IB_2738
BCN;0705;+0200;1255;+0200;0;IB_8709-IB_6764
BCN;1155;+0200;1755;+0200;0;IB_8711-IB_2762
BCN;1155;+0200;1755;+0200;0;IB_8711-IB_6776
BCN;0815;+0200;1420;+0200;0;BA_365-BA_474
BCN;0815;+0200;1425;+0200;0;AA_6717-AA_6287
BCN;1715;+0200;2325;+0200;0;LH_2251-LH_1818
BCN;0730;+0200;1345;+0200;0;AF_7651-AF_1230
BCN;0900;+0200;1515;+0200;0;LH_2247-LH_6722
BCN;1215;+0200;1830;+0200;0;AA_6715-AA_6292
BCN;1215;+0200;1830;+0200;0;BA_361-BA_480
PRG;1515;+0200;1655;+0200;0;AF_5903
PRG;0855;+0200;1040;+0200;0;AF_5901
PRG;1715;+0200;2015;+0200;0;LH_2251-LH_1696
PRG;0900;+0200;1220;+0200;0;LH_2247-LH_1690
PRG;1255;+0200;1620;+0200;0;LH_2249-LH_1692
PRG;1040;+0200;1415;+0200;0;LX_531-LX_1486
PRG;1045;+0200;1425;+0200;0;AF_7641-AF_1982
PRG;1850;+0200;2230;+0200;0;SN_3592-SN_2815
PRG;1850;+0200;2235;+0200;0;SN_3592-SN_2815
PRG;1455;+0200;1845;+0200;0;LH_1077-LH_1400
PRG;1455;+0200;1845;+0200;0;BD_3083-BD_2994
PRG;1455;+0200;1845;+0200;0;NH_6130-NH_6199
PRG;1640;+0200;2030;+0200;0;SN_3590-SN_2813
PRG;1640;+0200;2030;+0200;0;BD_5360-BD_5483
PRG;0655;+0200;1050;+0200;0;KL_2024-KL_3121
PRG;1450;+0200;1845;+0200;0;LX_533-LX_1498
PRG;1045;+0200;1445;+0200;0;AF_7641-AF_1982
PRG;1005;+0200;1410;+0200;0;OS_404-OS_707
PRG;0830;+0200;1255;+0200;0;AF_7840-AF_4346
PRG;1700;+0200;2130;+0200;0;AF_7645-AF_2386
PRG;1845;+0200;2315;+0200;0;LH_1079-LH_1402
PRG;1845;+0200;2315;+0200;0;BD_3087-BD_2996
PRG;1700;+0200;2140;+0200;0;AF_7645-AF_1082
PRG;0925;+0200;1425;+0200;0;AF_7653-AF_1982
PRG;0730;+0200;1240;+0200;0;AF_7651-AF_1782
PRG;0925;+0200;1445;+0200;0;AF_7653-AF_1982
PRG;0640;+0200;1220;+0200;0;LH_2255-LH_1690
PRG;0600;+0200;1145;+0200;0;BD_3085-BD_3000
PRG;0600;+0200;1145;+0200;0;LH_1083-LH_1394
PRG;1055;+0200;1640;+0200;0;SN_3588-SN_2811
PRG;1055;+0200;1640;+0200;0;BD_5368-BD_5481
PRG;1640;+0200;2230;+0200;0;SN_3590-SN_2815
PRG;1640;+0200;2235;+0200;0;SN_3590-SN_2815
PRG;0815;+0200;1415;+0200;0;BA_365-BA_860
PRG;0815;+0200;1415;+0200;0;AA_6717-AA_6481
PRG;1200;+0200;1800;+0200;0;KL_2030-KL_3125
PRG;1350;+0200;1950;+0200;0;AF_7643-AF_2482
PRG;0650;+0200;1255;+0200;0;AF_7846-AF_4346
PRG;0630;+0200;1240;+0200;0;AF_7401-AF_1782
PRG;0935;+0200;1545;+0200;0;LH_3265-LH_3052
PRG;0655;+0200;1315;+0200;0;KL_2024-KL_1355
PRG;1055;+0200;1725;+0200;0;SN_3588-SN_2811
PRG;0910;+0200;1545;+0200;0;LH_3265-LH_3052
PRG;1215;+0200;1850;+0200;0;BA_361-BA_856
PRG;1215;+0200;1850;+0200;0;AA_6715-AA_6635
PRG;1200;+0200;1840;+0200;0;KL_2030-KL_1357
VCE;0900;+0200;1020;+0200;0;AZ_7851
VCE;0900;+0200;1020;+0200;0;AF_5562
VCE;1530;+0200;1650;+0200;0;AZ_7361
VCE;1530;+0200;1650;+0200;0;AF_5564
VCE;1950;+0200;2110;+0200;0;AZ_7363
VCE;1950;+0200;2110;+0200;0;AF_5566
VCE;0900;+0200;1210;+0200;0;LH_2247-LH_1908
VCE;1040;+0200;1400;+0200;0;LX_531-LX_1662
VCE;1905;+0200;2225;+0200;0;LH_2253-LH_1914
VCE;1255;+0200;1620;+0200;0;LH_2249-LH_1910
VCE;0935;+0200;1305;+0200;0;LH_3265-LH_3212
VCE;0910;+0200;1305;+0200;0;LH_3265-LH_3212
VCE;1450;+0200;1845;+0200;0;LX_533-LX_1664
VCE;0730;+0200;1130;+0200;0;AF_7651-AF_1426
VCE;0935;+0200;1340;+0200;0;LH_3265-LH_3212
VCE;0835;+0200;1245;+0200;0;AF_7822-AF_4332
VCE;1640;+0200;2050;+0200;0;BD_5360-BD_5555
VCE;1745;+0200;2210;+0200;0;KL_2028-KL_1659
VCE;0910;+0200;1340;+0200;0;LH_3265-LH_3212
VCE;1455;+0200;1925;+0200;0;LH_1077-LH_330
VCE;1455;+0200;1925;+0200;0;BD_3083-BD_3410
VCE;1455;+0200;1925;+0200;0;NH_6130-NH_6201
VCE;1640;+0200;2110;+0200;0;SN_3590-SN_3205
VCE;1200;+0200;1635;+0200;0;KL_2030-KL_1655
VCE;0655;+0200;1145;+0200;0;KL_2024-KL_1653
VCE;0925;+0200;1415;+0200;0;AF_7653-AF_1726
VCE;1845;+0200;2340;+0200;0;LH_1079-LH_332
VCE;1845;+0200;2340;+0200;0;BD_3087-BD_3402
VCE;1715;+0200;2225;+0200;0;LH_2251-LH_1914
VCE;0640;+0200;1210;+0200;0;LH_2255-LH_1908
VCE;1520;+0200;2100;+0200;0;AZ_7839-AZ_1481
VCE;1700;+0200;2300;+0200;0;AF_7645-AF_2526
VCE;0700;+0200;1305;+0200;0;LH_3271-LH_3212
VCE;1350;+0200;1955;+0200;0;AF_7643-AF_2226
VCE;1655;+0200;2300;+0200;0;AF_7415-AF_2526
VCE;1045;+0200;1710;+0200;0;AF_7641-AF_2026
VCE;1040;+0200;1710;+0200;0;AF_7417-AF_2026
VCE;1155;+0200;1825;+0200;0;IB_8711-IB_3630
VCE;0700;+0200;1340;+0200;0;LH_3271-LH_3212
VCE;0730;+0200;1415;+0200;0;AF_7651-AF_1726
NTE;0640;+0200;0755;+0200;0;AF_5859
NTE;0850;+0200;1005;+0200;0;AF_5861
NTE;1515;+0200;1630;+0200;0;AF_5863
NTE;1645;+0200;1800;+0200;0;AF_5865
NTE;1855;+0200;2010;+0200;0;AF_5867
NTE;2010;+0200;2125;+0200;0;AF_5869
NTE;0830;+0200;1050;+0200;0;AF_7840-AF_7860
NTE;0650;+0200;0920;+0200;0;AF_7846-AF_5656
NTE;1845;+0200;2130;+0200;0;AF_7848-AF_5652
NTE;1515;+0200;1815;+0200;0;AF_7850-AF_5650
NTE;0730;+0200;1040;+0200;0;AF_7651-AF_7720
NTE;1820;+0200;2130;+0200;0;AF_7842-AF_5652
NTE;1845;+0200;2205;+0200;0;AF_7848-AF_7862
NTE;1350;+0200;1720;+0200;0;AF_7643-AF_7730
NTE;1820;+0200;2205;+0200;0;AF_7842-AF_7862
NTE;1545;+0200;1940;+0200;0;AF_7806-AF_3207
NTE;0630;+0200;1030;+0200;0;AF_7401-AF_7382
NTE;0650;+0200;1050;+0200;0;AF_7846-AF_7860
NTE;1200;+0200;1600;+0200;0;AF_1256-AF_5367
NTE;1200;+0200;1600;+0200;0;KL_2030-KL_2049
NTE;1040;+0200;1445;+0200;0;AF_7417-AF_7386
NTE;1535;+0200;1940;+0200;0;AF_7815-AF_3144
NTE;0925;+0200;1340;+0200;0;AF_7653-AF_7724
NTE;1745;+0200;2215;+0200;0;KL_2028-KL_2035
NTE;1745;+0200;2215;+0200;0;AF_1356-AF_5369
NTE;0845;+0200;1325;+0200;0;AF_7802-AF_3203
NTE;1700;+0200;2145;+0200;0;AF_7645-AF_7728
NTE;0835;+0200;1325;+0200;0;AF_5906-AF_3203-AF_3203
NTE;1445;+0200;1940;+0200;0;AF_7812-AF_3207
NTE;1250;+0200;1800;+0200;0;TU_851-TU_810
NTE;1034;+0200;1547;+0200;0;TX_5402-TX_5427
NTE;0835;+0200;1400;+0200;0;AF_7822-AF_5766
NTE;1700;+0200;2225;+0200;0;AF_7645-AF_7388
NTE;1655;+0200;2225;+0200;0;AF_7415-AF_7388
NTE;1535;+0200;2115;+0200;0;AF_7839-AF_7890
NTE;0630;+0200;1225;+0200;0;AF_7401-AF_7384
NTE;1515;+0200;2110;+0200;0;AF_7824-AF_7612
NTE;1535;+0200;2130;+0200;0;AF_7815-AF_3146
NTE;0730;+0200;1340;+0200;0;AF_7651-AF_7724
NTE;1515;+0200;2130;+0200;0;AF_7850-AF_5652
NTE;1545;+0200;2205;+0200;0;AF_5803-AF_3275
NTE;1550;+0200;2210;+0200;0;AF_5780-AF_5772
NTE;0700;+0200;1325;+0200;0;AF_7800-AF_3203
NTE;1045;+0200;1720;+0200;0;AF_7641-AF_7730
NTE;1040;+0200;1720;+0200;0;AF_7417-AF_7730
NTE;0630;+0200;1050;+0200;0;AF_7401-AF_6108-AF_7860
NTE;1655;+0200;2130;+0200;0;AF_7415-AF_6140-AF_5652
NTE;0835;+0200;0943;+0200;0;AF_5412
NTE;0944;+0200;1340;+0200;0;AF_5412-AF_3283-AF_3283-AF_7724
NTE;0835;+0200;1340;+0200;0;AF_5412-AF_3283-AF_7724
NTE;1655;+0200;2205;+0200;0;AF_7415-AF_6142-AF_7862
NTE;1655;+0200;2205;+0200;0;AF_7415-AF_6140-AF_7862
NTE;0700;+0200;1225;+0200;0;AF_7800-AF_6257-AF_7384
NTE;0700;+0200;1225;+0200;0;AF_7800-AF_6259-AF_7384
NTE;0650;+0200;1225;+0200;0;AF_7846-AF_6153-AF_7384
NTE;0650;+0200;1225;+0200;0;AF_7846-AF_6111-AF_7384
NTE;0650;+0200;1225;+0200;0;AF_7846-AF_6115-AF_7384
NTE;1350;+0200;1940;+0200;0;AF_7643-AF_7634-AF_3207
NTE;0730;+0200;1325;+0200;0;AF_7651-AF_7622-AF_3203
NTE;0850;+0200;1445;+0200;0;AF_5801-AF_7545-AF_7386
NTE;0845;+0200;1445;+0200;0;AF_7802-AF_6261-AF_7386
NTE;1545;+0200;2145;+0200;0;AF_7806-AF_7637-AF_7728
NTE;0840;+0200;1445;+0200;0;AF_3212-AF_7435-AF_7386
NTE;0840;+0200;1445;+0200;0;AF_7830-AF_6211-AF_7386
NTE;0840;+0200;1445;+0200;0;AF_7830-AF_6209-AF_7386
NTE;1040;+0200;1645;+0200;0;AF_7417-AF_7436-AF_3264
NTE;1040;+0200;1645;+0200;0;AF_7417-AF_6020-AF_7610
NTE;0835;+0200;0943;+0200;0;AF_5412
NTE;0944;+0200;1445;+0200;0;AF_5412-AF_7337-AF_7386
NTE;0830;+0200;1445;+0200;0;AF_7833-AF_6207-AF_7386
NTE;0830;+0200;1445;+0200;0;AF_7833-AF_6209-AF_7386
NTE;0830;+0200;1445;+0200;0;AF_5784-AF_7307-AF_7386
NTE;0830;+0200;1445;+0200;0;AF_7840-AF_6113-AF_7386
NTE;0830;+0200;1445;+0200;0;AF_7833-AF_6211-AF_7386
NTE;0830;+0200;1445;+0200;0;AF_7840-AF_6117-AF_7386
NTE;0730;+0200;1400;+0200;0;AF_7651-AF_7662-AF_5766
NTE;1515;+0200;1623;+0200;0;AF_5414
NTE;1624;+0200;2145;+0200;0;AF_5414-AF_3287-AF_3287-AF_7728
NTE;1515;+0200;2145;+0200;0;AF_7850-AF_7789-AF_7728
NTE;1515;+0200;2145;+0200;0;AF_5414-AF_3287-AF_7728
NTE;0925;+0200;1600;+0200;0;AF_7653-AF_1640-AF_5367
NTE;1550;+0200;2225;+0200;0;AF_5780-AF_7315-AF_7388
NTE;1550;+0200;2225;+0200;0;AF_5780-AF_7319-AF_7388
NTE;1545;+0200;2225;+0200;0;AF_5803-AF_7551-AF_7388
NTE;1545;+0200;2225;+0200;0;AF_7806-AF_6273-AF_7388
NTE;1545;+0200;2225;+0200;0;AF_5803-AF_7557-AF_7388
NTE;1545;+0200;2225;+0200;0;AF_7806-AF_6271-AF_7388
PAR;0730;+0200;0840;+0200;0;JL_5722
PAR;0730;+0200;0840;+0200;0;AF_7651
PAR;0925;+0200;1035;+0200;0;AF_7653
PAR;1045;+0200;1155;+0200;0;AF_7641
PAR;1350;+0200;1500;+0200;0;AF_7643
PAR;1350;+0200;1500;+0200;0;JL_5390
PAR;1700;+0200;1810;+0200;0;AF_7645
PAR;2100;+0200;2210;+0200;0;AF_7649
PAR;0630;+0200;0745;+0200;0;AF_7401
PAR;1040;+0200;1155;+0200;0;AF_7417
PAR;1655;+0200;1810;+0200;0;AF_7415
PAR;1034;+0200;1235;+0200;0;TX_5402
PAR;1800;+0200;2001;+0200;0;WY_4029
PAR;0830;+0200;1032;+0200;0;WY_4026
PAR;0900;+0200;1102;+0200;0;WY_4027
PAR;1700;+0200;1902;+0200;0;WY_4028
PAR;0835;+0200;0943;+0200;0;AF_5412
PAR;0944;+0200;1115;+0200;0;AF_5412-AF_7337
PAR;0650;+0200;0935;+0200;0;AF_7846-AF_6153
PAR;1445;+0200;1730;+0200;0;AF_7812-AF_7629
PAR;1820;+0200;2105;+0200;0;AF_7842-AF_6145
PAR;0700;+0200;0950;+0200;0;AF_7800-AF_6257
PAR;1515;+0200;1805;+0200;0;AF_7850-AF_6133
PAR;1845;+0200;2135;+0200;0;AF_7848-AF_6163
PAR;1550;+0200;1845;+0200;0;AF_5780-AF_7315
PAR;1845;+0200;2140;+0200;0;LX_537-LX_646
PAR;0830;+0200;1130;+0200;0;AF_7833-AF_6207
PAR;0910;+0200;1210;+0200;0;LH_3265-LH_3220
PAR;0830;+0200;1135;+0200;0;AF_7840-AF_6113
PAR;1450;+0200;1755;+0200;0;LX_533-LX_656
PAR;1830;+0200;2135;+0200;0;AF_7804-AF_6275
PAR;0700;+0200;1010;+0200;0;AF_7800-AF_6259
PAR;0835;+0200;1145;+0200;0;AF_5412-AF_3283
PAR;0835;+0200;0943;+0200;0;AF_5412
PAR;0944;+0200;1145;+0200;0;AF_5412-AF_3283-AF_3283
PAR;0845;+0200;1155;+0200;0;AF_5751-AF_5722
PAR;0850;+0200;1200;+0200;0;AF_5801-AF_7689
PAR;1040;+0200;1350;+0200;0;LX_531-LX_638
PAR;0650;+0200;1005;+0200;0;AF_7846-AF_6111
PAR;0830;+0200;1145;+0200;0;AF_5784-AF_7307
PAR;0840;+0200;1155;+0200;0;AF_3212-AF_7435
PAR;0845;+0200;1200;+0200;0;AF_7802-AF_7625
PAR;1820;+0200;2135;+0200;0;AF_7842-AF_6163
PAR;0700;+0200;1020;+0200;0;LX_539-LX_634
PAR;0835;+0200;1155;+0200;0;AF_5442-AF_5932
PAR;0840;+0200;1200;+0200;0;AF_7830-AF_6209
PAR;0850;+0200;1210;+0200;0;AF_5801-AF_7545
PAR;1455;+0200;1815;+0200;0;LH_1077-LH_1042
PAR;1515;+0200;1835;+0200;0;AF_7850-AF_6135
PAR;1515;+0200;1623;+0200;0;AF_5414
PAR;1624;+0200;1835;+0200;0;AF_5414-AF_3287-AF_3287
PAR;1515;+0200;1835;+0200;0;AF_5414-AF_3287
PAR;1845;+0200;2205;+0200;0;AF_7848-AF_6149
PAR;0720;+0200;1045;+0200;0;SN_3594-SN_3633
PAR;0835;+0200;1200;+0200;0;AZ_7829-AZ_7350
PAR;0845;+0200;1210;+0200;0;AF_7802-AF_6261
PAR;1445;+0200;1810;+0200;0;AF_7812-AF_6269
PAR;1545;+0200;1910;+0200;0;AF_7806-AF_6271
PAR;1545;+0200;1910;+0200;0;AF_5803-AF_7551
PAR;0830;+0200;1200;+0200;0;AF_7833-AF_6209
PAR;0840;+0200;1210;+0200;0;AF_5791-AF_7365
PAR;0840;+0200;1210;+0200;0;AF_7830-AF_7701
PAR;1905;+0200;2235;+0200;0;LH_2253-LH_2240
PAR;0830;+0200;1205;+0200;0;AF_7840-AF_6117
PAR;0850;+0200;1225;+0200;0;AF_5861-AF_7383
PAR;1515;+0200;1850;+0200;0;AF_7850-AF_6137
PAR;1545;+0200;1920;+0200;0;AF_7806-AF_7637
PAR;1845;+0200;2220;+0200;0;AF_7848-AF_7791
PAR;0705;+0200;1045;+0200;0;9W_6094-9W_6031
PAR;0705;+0200;1045;+0200;0;SN_3594-SN_3633
PAR;0705;+0200;1045;+0200;0;UA_9944-UA_9965
PAR;0830;+0200;1210;+0200;0;AF_7833-AF_7701
PAR;0840;+0200;1220;+0200;0;AF_3212-AF_5303
PAR;0850;+0200;1230;+0200;0;AF_5422-AF_7775
PAR;0850;+0200;1230;+0200;0;AF_5861-AF_7725
PAR;0850;+0200;1230;+0200;0;AF_5432-AF_7483
PAR;1515;+0200;1855;+0200;0;AF_5863-AF_7385
PAR;1515;+0200;1855;+0200;0;AF_5793-AF_7733
PAR;0640;+0200;1025;+0200;0;LH_2255-LH_2228
PAR;0650;+0200;1035;+0200;0;AF_7846-AF_6115
PAR;1820;+0200;2205;+0200;0;AF_7842-AF_6149
PAR;1830;+0200;2215;+0200;0;AF_7804-AF_7633
PAR;0655;+0200;1045;+0200;0;AF_1156-AF_1241
PAR;0655;+0200;1045;+0200;0;KL_2024-KL_2003
PAR;0830;+0200;1220;+0200;0;AF_7840-AF_7795
PAR;1515;+0200;1905;+0200;0;AF_5414-AF_7341
PAR;1515;+0200;1623;+0200;0;AF_5414
PAR;1624;+0200;1905;+0200;0;AF_5414-AF_7341
PAR;1515;+0200;1905;+0200;0;AF_5863-AF_7731
PAR;0600;+0200;0955;+0200;0;LH_1083-LH_1028
PAR;0720;+0200;1115;+0200;0;SN_3594-SN_3633
PAR;0720;+0200;1115;+0200;0;UA_9944-UA_9965
PAR;0830;+0200;1225;+0200;0;AF_5784-AF_7763
PAR;1535;+0200;1930;+0200;0;AF_7839-AF_6227
PAR;1515;+0200;1915;+0200;0;AF_5793-AF_7375
PAR;1820;+0200;2220;+0200;0;AF_7842-AF_7791
PAR;1845;+0200;2245;+0200;0;LH_1079-LH_1052
PAR;0850;+0200;1255;+0200;0;AF_5422-AF_7457
PAR;1515;+0200;1920;+0200;0;AF_7850-AF_6157
PAR;1515;+0200;1920;+0200;0;AF_7824-AF_6043
PAR;0705;+0200;1115;+0200;0;SN_3594-SN_3633
PAR;0705;+0200;1115;+0200;0;UA_9944-UA_9965
PAR;1155;+0200;1605;+0200;0;AA_6715-AA_6556
PAR;1535;+0200;1945;+0200;0;AF_5444-AF_5936
PAR;1550;+0200;2000;+0200;0;AF_5780-AF_7767
PAR;0650;+0200;1105;+0200;0;AF_7846-AF_6109
PAR;0700;+0200;1115;+0200;0;AF_7800-AF_6281
PAR;1515;+0200;1930;+0200;0;AF_7850-AF_7789
PAR;1515;+0200;1930;+0200;0;AF_5584-AF_2309
PAR;1745;+0200;2200;+0200;0;KL_2028-KL_2023
PAR;1745;+0200;2200;+0200;0;AF_1356-AF_2241
AMS;1200;+0200;1335;+0200;0;AF_1256
AMS;1200;+0200;1335;+0200;0;KL_2030
AMS;0655;+0200;0840;+0200;0;AF_1156
AMS;0655;+0200;0840;+0200;0;KL_2024
AMS;1745;+0200;1930;+0200;0;AF_1356
AMS;1745;+0200;1930;+0200;0;KL_2028
AMS;0830;+0200;1115;+0200;0;AF_5784-AF_5484
AMS;1045;+0200;1400;+0200;0;AF_7641-AF_1740
AMS;1700;+0200;2020;+0200;0;AF_7645-AF_8240
AMS;1845;+0200;2210;+0200;0;LX_537-LX_736
AMS;0730;+0200;1100;+0200;0;AF_7651-AF_8228
AMS;0925;+0200;1255;+0200;0;AF_7653-AF_1640
AMS;1845;+0200;2215;+0200;0;LH_1079-LH_1002
AMS;1040;+0200;1415;+0200;0;LX_531-LX_728
AMS;1025;+0200;1405;+0200;0;UA_8891-UA_9163
AMS;0900;+0200;1245;+0200;0;LH_2247-LH_2304
AMS;1020;+0200;1405;+0200;0;UA_8891-UA_9163
AMS;1350;+0200;1735;+0200;0;AF_7643-AF_2040
AMS;1550;+0200;1935;+0200;0;AF_5780-AF_5486
AMS;0610;+0200;1000;+0200;0;UA_8881-UA_9161
AMS;0640;+0200;1030;+0200;0;LH_2255-LH_2302
AMS;1025;+0200;1415;+0200;0;LH_1075-LH_992
AMS;1025;+0200;1415;+0200;0;UA_8891-UA_9163
AMS;1255;+0200;1645;+0200;0;LH_2249-LH_2306
AMS;1445;+0200;1835;+0200;0;AF_7812-AF_8340
AMS;1020;+0200;1415;+0200;0;UA_8891-UA_9163
AMS;1515;+0200;1910;+0200;0;AF_7850-AF_8264
AMS;0600;+0200;1000;+0200;0;UA_8881-UA_9161
AMS;0610;+0200;1010;+0200;0;UA_8881-UA_9161
AMS;0600;+0200;1010;+0200;0;UA_8881-UA_9161
AMS;0600;+0200;1010;+0200;0;LH_1083-LH_988
AMS;0730;+0200;1140;+0200;0;AF_7651-AF_8230
AMS;1535;+0200;1945;+0200;0;AF_7839-AF_8232
AMS;1540;+0200;1950;+0200;0;AZ_7831-AZ_7722
AMS;1450;+0200;1905;+0200;0;LX_533-LX_734
AMS;0925;+0200;1400;+0200;0;AF_7653-AF_1740
AMS;1455;+0200;1930;+0200;0;LH_1077-LH_998
AMS;1455;+0200;1930;+0200;0;NH_6130-NH_6175
AMS;1700;+0200;2140;+0200;0;AF_7645-AF_8242
AMS;1515;+0200;2000;+0200;0;AF_5863-AF_5368
AMS;0640;+0200;1135;+0200;0;AF_5859-AF_5366
AMS;0835;+0200;1335;+0200;0;AF_5412-AF_8420
AMS;0840;+0200;1340;+0200;0;AF_7830-AF_8442
AMS;1715;+0200;2220;+0200;0;LH_2251-LH_2312
AMS;0830;+0200;1340;+0200;0;AF_7833-AF_8442
AMS;1045;+0200;1555;+0200;0;AF_7641-AF_8234
AMS;0730;+0200;1255;+0200;0;AF_7651-AF_1640
AMS;1535;+0200;2105;+0200;0;AF_7839-AF_8444
AMS;0900;+0200;1435;+0200;0;AZ_7851-AZ_7734
AMS;1255;+0200;1830;+0200;0;LH_2249-LH_2308
AMS;0845;+0200;1425;+0200;0;AF_7802-AF_8302
AMS;0850;+0200;1430;+0200;0;AZ_7358-AZ_7740
AMS;0815;+0200;1405;+0200;0;AA_6717-AA_6504
AMS;1350;+0200;1940;+0200;0;AF_7643-AF_2240
AMS;0815;+0200;1410;+0200;0;BA_365-BA_434
AMS;0840;+0200;1440;+0200;0;AF_7830-AF_8272
AMS;1215;+0200;1815;+0200;0;AA_6715-AA_6459
AMS;1215;+0200;1815;+0200;0;BA_361-BA_440
DUB;0655;+0200;1010;+0100;0;KL_2024-KL_3153
DUB;1045;+0200;1400;+0100;0;AF_7641-AF_5006
DUB;0700;+0200;1035;+0100;0;LX_539-LX_400
DUB;1745;+0200;2120;+0100;0;KL_2028-KL_3161
DUB;1200;+0200;1540;+0100;0;KL_2030-KL_3157
DUB;0730;+0200;1115;+0100;0;AF_7651-AF_5004
DUB;1845;+0200;2240;+0100;0;LH_1079-LH_982
DUB;0815;+0200;1225;+0100;0;BA_365-BA_5957
DUB;0925;+0200;1400;+0100;0;AF_7653-AF_5006
DUB;1215;+0200;1710;+0100;0;BA_361-BA_5967
DUB;0600;+0200;1105;+0100;0;LH_1083-LH_978
DUB;1700;+0200;2215;+0100;0;AF_7645-AF_5008
DUB;1655;+0200;2215;+0100;0;AF_7415-AF_5008
DUB;1200;+0200;1735;+0100;0;KL_2030-KL_3159
DUB;0815;+0200;1355;+0100;0;BA_365-BA_5959
DUB;1215;+0200;1810;+0100;0;BA_361-BA_5969
DUB;1350;+0200;1945;+0100;0;AF_7643-AF_5010
DUB;1045;+0200;1645;+0100;0;AF_7641-AF_5014
DUB;1040;+0200;1645;+0100;0;AF_7417-AF_5014
DUB;0730;+0200;1400;+0100;0;AF_7651-AF_5006
DUB;0655;+0200;1340;+0100;0;KL_2024-KL_3155
DUB;0705;+0200;1350;+0100;0;IB_8709-IB_8070
DUB;1025;+0200;1725;+0100;0;LH_1075-LH_980
DUB;1215;+0200;1925;+0100;0;BA_361-BA_5975
DUB;0815;+0200;1535;+0100;0;BA_365-BA_5965
DUB;0925;+0200;1645;+0100;0;AF_7653-AF_5014
DUB;0630;+0200;1400;+0100;0;AF_7401-AF_5006
DUB;1215;+0200;1955;+0100;0;BA_361-BA_5847
DUB;0815;+0200;1600;+0100;0;BA_365-BA_5843
DUB;1455;+0200;2240;+0100;0;LH_1077-LH_982
DUB;0840;+0200;1400;+0100;0;AF_7830-AF_7701-AF_5006
DUB;0830;+0200;1400;+0100;0;AF_7833-AF_7701-AF_5006
DUB;1455;+0200;2040;+0100;0;BD_3083-BD_3234-BD_131
DUB;1040;+0200;1640;+0100;0;AF_7417-AF_5022-AF_5125
DUB;0600;+0200;1225;+0100;0;BD_3085-BD_3214-BD_123
DUB;1535;+0200;2215;+0100;0;AF_7839-AF_7709-AF_5008
DUB;1200;+0200;1850;+0100;0;AF_1256-AF_5192-AF_5119
DUB;1350;+0200;2040;+0100;0;AF_7643-AF_5026-AF_5121
DUB;1255;+0200;1955;+0100;0;LH_2249-LH_2478-LH_6505
DUB;1515;+0200;2215;+0100;0;AF_7850-AF_7789-AF_5008
DUB;1515;+0200;2215;+0100;0;AF_7850-AF_6133-AF_5008
DUB;1335;+0200;2040;+0100;0;BD_1344-BD_573-BD_131
DUB;0650;+0200;1400;+0100;0;AF_7846-AF_6153-AF_5006
DUB;0640;+0200;1355;+0100;0;LH_2255-LH_2472-LH_6633
TLS;0650;+0200;0750;+0200;0;AF_7846
TLS;0830;+0200;0930;+0200;0;AF_7840
TLS;1515;+0200;1615;+0200;0;AF_7850
TLS;1820;+0200;1920;+0200;0;AF_7842
TLS;1845;+0200;1945;+0200;0;AF_7848
TLS;2000;+0200;2100;+0200;0;AF_7844
TLS;0630;+0200;0930;+0200;0;AF_7401-AF_6108
TLS;1645;+0200;1950;+0200;0;AF_5865-AF_5653
TLS;1655;+0200;2000;+0200;0;AF_7415-AF_6140
TLS;0730;+0200;1055;+0200;0;AF_7651-AF_7782
TLS;1350;+0200;1715;+0200;0;AF_7643-AF_7786
TLS;2010;+0200;2335;+0200;0;AF_5869-AF_7863
TLS;0630;+0200;1000;+0200;0;AF_7401-AF_6110
TLS;0850;+0200;1220;+0200;0;AF_5861-AF_7861
TLS;2000;+0200;2330;+0200;0;AF_5782-AF_7871
TLS;1655;+0200;2030;+0200;0;AF_7415-AF_6142
TLS;1905;+0200;2250;+0200;0;LH_2253-LH_2222
TLS;1040;+0200;1430;+0200;0;AF_7417-AF_6166
TLS;1045;+0200;1435;+0200;0;AF_7641-AF_7794
TLS;1850;+0200;2240;+0200;0;BD_5362-BD_5425
TLS;1535;+0200;1935;+0200;0;AF_7815-AF_5510
TLS;1850;+0200;2250;+0200;0;SN_3592-SN_3675
TLS;0705;+0200;1110;+0200;0;IB_8709-IB_8766
TLS;0720;+0200;1125;+0200;0;SN_3594-SN_3667
TLS;1520;+0200;1925;+0200;0;AZ_7839-AZ_7344
TLS;0640;+0200;1050;+0200;0;LH_2255-LH_2214
TLS;1540;+0200;1950;+0200;0;AZ_7831-AZ_7342
TLS;1655;+0200;2105;+0200;0;AF_7415-AF_6144
TLS;1530;+0200;1945;+0200;0;AF_5757-AF_5744
TLS;0705;+0200;1125;+0200;0;UA_9944-UA_9967
TLS;0705;+0200;1125;+0200;0;BD_5364-BD_5427
TLS;0705;+0200;1125;+0200;0;SN_3594-SN_3667
TLS;0705;+0200;1125;+0200;0;9W_6094-9W_6067
TLS;1040;+0200;1500;+0200;0;AF_7417-AF_6122
TLS;1410;+0200;1830;+0200;0;IB_8715-IB_8770
TLS;1200;+0200;1625;+0200;0;KL_2030-KL_1311
TLS;1200;+0200;1625;+0200;0;AF_1256-AF_8263
TLS;0630;+0200;1100;+0200;0;AF_7401-AF_6112
TLS;1155;+0200;1625;+0200;0;IB_8711-IB_8776
TLS;1255;+0200;1725;+0200;0;LH_2249-LH_2218
TLS;1745;+0200;2215;+0200;0;AF_1356-AF_8265
TLS;1515;+0200;1950;+0200;0;AF_5863-AF_5653
TLS;1655;+0200;2130;+0200;0;AF_7415-AF_6162
TLS;1745;+0200;2220;+0200;0;KL_2028-KL_1313
TLS;1855;+0200;2335;+0200;0;AF_5867-AF_7863
TLS;1040;+0200;1530;+0200;0;AF_7417-AF_6124
TLS;0655;+0200;1150;+0200;0;KL_2024-KL_1303
TLS;1215;+0200;1715;+0200;0;AA_6715-AA_6271
TLS;1215;+0200;1715;+0200;0;BA_361-BA_374
TLS;1845;+0200;2345;+0200;0;BD_3087-BD_2934
TLS;1845;+0200;2345;+0200;0;LH_1079-LH_1100
TLS;1655;+0200;2200;+0200;0;AF_7415-AF_6148
TLS;0925;+0200;1435;+0200;0;AF_7653-AF_7794
TLS;1040;+0200;1600;+0200;0;AF_7417-AF_6126
TLS;1155;+0200;1715;+0200;0;AA_6715-AA_6271
TLS;1515;+0200;2035;+0200;0;AF_5973-AF_4341
TLS;0630;+0200;1200;+0200;0;AF_7401-AF_6114
TLS;0730;+0200;1300;+0200;0;AF_7651-AF_6118
BRU;0820;+0200;0940;+0200;0;AF_5402
BRU;1055;+0200;1215;+0200;0;SN_3588
BRU;1555;+0200;1715;+0200;0;AF_5404
BRU;1950;+0200;2110;+0200;0;AF_5406
BRU;0705;+0200;0830;+0200;0;UA_9944
BRU;0705;+0200;0830;+0200;0;SN_3594
BRU;0720;+0200;0845;+0200;0;SN_3594
BRU;0720;+0200;0845;+0200;0;UA_9944
BRU;1640;+0200;1805;+0200;0;SN_3590
BRU;1850;+0200;2015;+0200;0;SN_3592
BRU;1845;+0200;2135;+0200;0;LX_537-LX_770
BRU;1040;+0200;1350;+0200;0;LX_531-LX_780
BRU;1450;+0200;1805;+0200;0;LX_533-LX_782
BRU;1715;+0200;2035;+0200;0;LH_2251-LH_2294
BRU;0700;+0200;1030;+0200;0;LX_539-LX_778
BRU;1845;+0200;2215;+0200;0;LH_1079-LH_1024
BRU;1905;+0200;2235;+0200;0;LH_2253-LH_2296
BRU;1025;+0200;1400;+0200;0;LH_1075-LH_1012
BRU;1045;+0200;1423;+0200;0;AF_7641-AF_7183
BRU;1255;+0200;1635;+0200;0;LH_2249-LH_2290
BRU;1455;+0200;1835;+0200;0;LH_1077-LH_1018
BRU;1455;+0200;1835;+0200;0;NH_6130-NH_6171
BRU;0640;+0200;1025;+0200;0;LH_2255-LH_2284
BRU;0655;+0200;1045;+0200;0;KL_2024-KL_1723
BRU;1215;+0200;1605;+0200;0;AA_6715-AA_6456
BRU;1215;+0200;1615;+0200;0;BA_361-BA_396
BRU;0830;+0200;1235;+0200;0;AF_7840-AF_4344
BRU;1155;+0200;1605;+0200;0;AA_6715-AA_6456
BRU;0600;+0200;1020;+0200;0;SQ_2005-SQ_2038
BRU;0600;+0200;1020;+0200;0;LH_1083-LH_1008
BRU;1450;+0200;1910;+0200;0;LX_533-LX_788
BRU;1745;+0200;2205;+0200;0;KL_2028-KL_1733
BRU;0730;+0200;1155;+0200;0;AF_7651-AF_7179
BRU;1350;+0200;1845;+0200;0;AF_7643-AF_7185
BRU;0925;+0200;1423;+0200;0;AF_7653-AF_7183
BRU;1455;+0200;2005;+0200;0;LH_1077-LH_1020
BRU;1715;+0200;2235;+0200;0;LH_2251-LH_2296
BRU;0640;+0200;1205;+0200;0;LH_2255-LH_2286
BRU;0900;+0200;1425;+0200;0;LH_2247-LH_2288
BRU;1255;+0200;1825;+0200;0;LH_2249-LH_2292
BRU;0650;+0200;1235;+0200;0;AF_7846-AF_4344
BRU;1200;+0200;1745;+0200;0;KL_2030-KL_1731
BER;1450;+0200;1750;+0200;0;LX_533-LX_970
BER;0900;+0200;1210;+0200;0;LH_2247-LH_2036
BER;0700;+0200;1015;+0200;0;LX_539-LX_976
BER;1845;+0200;2205;+0200;0;LX_537-LX_962
BER;0935;+0200;1300;+0200;0;LH_3265-LH_2734
BER;1255;+0200;1620;+0200;0;LH_2249-LH_2042
BER;1455;+0200;1820;+0200;0;LH_1077-LH_190
BER;1715;+0200;2040;+0200;0;LH_2251-LH_2052
BER;1040;+0200;1410;+0200;0;LX_531-LX_966
BER;0640;+0200;1015;+0200;0;LH_2255-LH_2034
BER;1850;+0200;2225;+0200;0;BD_5362-BD_5331
BER;1850;+0200;2225;+0200;0;SN_3592-SN_2591
BER;1025;+0200;1405;+0200;0;LH_1075-LH_182
BER;1905;+0200;2250;+0200;0;LH_2253-LH_2056
BER;0910;+0200;1300;+0200;0;LH_3265-LH_2734
BER;1045;+0200;1435;+0200;0;AF_7641-AF_2034
BER;0720;+0200;1115;+0200;0;SN_3594-SN_2581
BER;0700;+0200;1100;+0200;0;LH_3271-LH_2732
BER;0935;+0200;1335;+0200;0;LH_3265-LH_2736
BER;0600;+0200;1005;+0200;0;LH_1083-LH_176
BER;1005;+0200;1410;+0200;0;OS_404-OS_291
BER;1255;+0200;1700;+0200;0;LH_2249-LH_2046
BER;1455;+0200;1900;+0200;0;LH_1077-LH_192
BER;1745;+0200;2150;+0200;0;KL_2028-KL_1835
BER;1845;+0200;2250;+0200;0;LH_1079-LH_200
BER;0705;+0200;1115;+0200;0;BD_5364-BD_5321
BER;0705;+0200;1115;+0200;0;9W_6094-9W_6081
BER;0705;+0200;1115;+0200;0;SN_3594-SN_2581
BER;1450;+0200;1905;+0200;0;LX_533-LX_978
BER;0655;+0200;1120;+0200;0;KL_2024-KL_1823
BER;0910;+0200;1335;+0200;0;LH_3265-LH_2736
BER;0730;+0200;1200;+0200;0;AF_7651-AF_1734
BER;1200;+0200;1630;+0200;0;KL_2030-KL_1829
BER;1455;+0200;1935;+0200;0;LH_1077-LH_194
BER;1640;+0200;2120;+0200;0;SN_3590-SN_2589
BER;1640;+0200;2120;+0200;0;BD_5360-BD_5329
BER;1715;+0200;2155;+0200;0;LH_2251-LH_2054
BER;1455;+0200;1940;+0200;0;LH_1077-LH_194
BER;1025;+0200;1520;+0200;0;LH_1075-LH_184
BER;0925;+0200;1435;+0200;0;AF_7653-AF_2034
BER;0900;+0200;1415;+0200;0;LH_2247-LH_2038
BER;0600;+0200;1120;+0200;0;LH_1083-LH_178
BER;0650;+0200;1210;+0200;0;AF_7846-AF_4356
BER;1255;+0200;1820;+0200;0;LH_2249-LH_2048
BER;0640;+0200;1210;+0200;0;LH_2255-LH_2036
BER;0815;+0200;1345;+0200;0;AA_6717-AA_6382
BER;0815;+0200;1345;+0200;0;BA_365-BA_992
BER;1055;+0200;1630;+0200;0;BD_5368-BD_5325
BER;1055;+0200;1630;+0200;0;SN_3588-SN_2585
BER;1715;+0200;2250;+0200;0;LH_2251-LH_2056
BER;1640;+0200;2225;+0200;0;BD_5360-BD_5331
BER;1640;+0200;2225;+0200;0;SN_3590-SN_2591
BER;1455;+0200;2045;+0200;0;LH_1077-LH_196
BER;0700;+0200;1300;+0200;0;LH_3271-LH_2734
BER;0720;+0200;1320;+0200;0;SN_3594-SN_2583
BER;1025;+0200;1635;+0200;0;LH_1075-LH_186
BER;0705;+0200;1320;+0200;0;BD_5364-BD_5333
BER;0705;+0200;1320;+0200;0;SN_3594-SN_2583
VIE;1005;+0200;1155;+0200;0;OS_404
VIE;1005;+0200;1155;+0200;0;AF_2056
VIE;1945;+0200;2140;+0200;0;AF_1956
VIE;1945;+0200;2140;+0200;0;OS_408
VIE;1715;+0200;2020;+0200;0;LH_2251-LH_2332
VIE;1845;+0200;2155;+0200;0;LX_537-LX_1584
VIE;1845;+0200;2205;+0200;0;LX_537-LX_1584
VIE;0900;+0200;1225;+0200;0;LH_2247-LH_2328
VIE;1040;+0200;1410;+0200;0;LX_531-LX_1578
VIE;1255;+0200;1630;+0200;0;LH_2249-LH_2330
VIE;1905;+0200;2240;+0200;0;LH_2253-LH_6330
VIE;1450;+0200;1830;+0200;0;LX_533-LX_1582
VIE;0640;+0200;1025;+0200;0;LH_2255-LH_2326
VIE;1025;+0200;1410;+0200;0;LH_1075-LH_1238
VIE;1025;+0200;1410;+0200;0;BD_3089-BD_2984
VIE;1455;+0200;1840;+0200;0;BD_3083-BD_2988
VIE;1455;+0200;1840;+0200;0;LH_1077-LH_1242
VIE;0610;+0200;1005;+0200;0;UA_8881-UA_8964
VIE;1045;+0200;1440;+0200;0;AF_7641-AF_1738
VIE;0600;+0200;1005;+0200;0;SQ_2005-SQ_2042
VIE;0600;+0200;1005;+0200;0;UA_8881-UA_8964
VIE;0600;+0200;1005;+0200;0;LH_1083-LH_1234
VIE;1455;+0200;1910;+0200;0;LH_1077-LH_6346
VIE;1455;+0200;1910;+0200;0;NH_6130-NH_6331
VIE;1845;+0200;2305;+0200;0;LH_1079-LH_1246
VIE;1845;+0200;2305;+0200;0;BD_3087-BD_2982
VIE;1450;+0200;1915;+0200;0;LX_533-LX_3556
VIE;1745;+0200;2210;+0200;0;KL_2028-KL_1849
VIE;0730;+0200;1205;+0200;0;AF_7651-AF_1556
VIE;1640;+0200;2115;+0200;0;SN_3590-SN_2909
VIE;1640;+0200;2115;+0200;0;BD_5360-BD_5489
VIE;0700;+0200;1140;+0200;0;LX_539-LX_3552
VIE;0720;+0200;1200;+0200;0;SN_3594-SN_6001
VIE;0700;+0200;1150;+0200;0;LH_3271-LH_6354
VIE;0935;+0200;1425;+0200;0;LH_3265-LH_3092
VIE;0705;+0200;1200;+0200;0;SN_3594-SN_6001
VIE;0705;+0200;1200;+0200;0;BD_5364-BD_2832
VIE;1455;+0200;1950;+0200;0;LH_1077-LH_6929
VIE;1350;+0200;1855;+0200;0;AF_7643-AF_1656
VIE;1640;+0200;2145;+0200;0;BD_5360-BD_2836
VIE;1640;+0200;2145;+0200;0;SN_3590-SN_6005
VIE;0925;+0200;1435;+0200;0;AF_7653-AF_1738
VIE;0910;+0200;1425;+0200;0;LH_3265-LH_3092
VIE;0925;+0200;1440;+0200;0;AF_7653-AF_1738
VIE;1700;+0200;2215;+0200;0;AF_7645-AF_1756
VIE;1715;+0200;2240;+0200;0;LH_2251-LH_6330
NCE;0830;+0200;0925;+0200;0;AF_7833
NCE;0840;+0200;0940;+0200;0;AF_7830
NCE;1535;+0200;1635;+0200;0;AF_7839
NCE;2005;+0200;2105;+0200;0;AF_7834
NCE;2155;+0200;2255;+0200;0;AF_7829
NCE;0840;+0200;1045;+0200;0;AF_3212-AF_3256
NCE;0835;+0200;1130;+0200;0;AF_5342-AF_5330
NCE;0700;+0200;1000;+0200;0;AF_7800-AF_7876
NCE;0830;+0200;1130;+0200;0;AF_5784-AF_7894
NCE;0700;+0200;1010;+0200;0;LX_539-LX_562
NCE;1040;+0200;1350;+0200;0;AF_7417-AF_6244
NCE;0630;+0200;0950;+0200;0;AF_7401-AF_6204
NCE;1450;+0200;1810;+0200;0;LX_533-LX_560
NCE;1040;+0200;1405;+0200;0;LX_531-LX_568
NCE;1315;+0200;1640;+0200;0;XK_131-XK_108
NCE;1315;+0200;1640;+0200;0;AF_4764-AF_4733
NCE;1655;+0200;2020;+0200;0;AF_7415-AF_6238
NCE;1715;+0200;2040;+0200;0;LH_2251-LH_2276
NCE;1905;+0200;2230;+0200;0;LH_2253-LH_2278
NCE;1350;+0200;1720;+0200;0;AF_7643-AF_7706
NCE;1535;+0200;1905;+0200;0;AF_7815-AF_7883
NCE;2000;+0200;2330;+0200;0;AF_7844-AF_7881
NCE;0730;+0200;1105;+0200;0;AF_7651-AF_7702
NCE;1350;+0200;1725;+0200;0;AF_7643-AF_7706
NCE;2000;+0200;2335;+0200;0;AF_5782-AF_7899
NCE;1045;+0200;1430;+0200;0;AF_7641-AF_7714
NCE;1255;+0200;1640;+0200;0;LH_2249-LH_2274
NCE;1845;+0200;2240;+0200;0;LX_537-LX_564
NCE;0640;+0200;1040;+0200;0;AF_5859-AF_7889
NCE;0720;+0200;1120;+0200;0;SN_3594-SN_3617
NCE;1025;+0200;1430;+0200;0;LH_1075-LH_1060
NCE;1040;+0200;1450;+0200;0;AF_7417-AF_6216
NCE;0705;+0200;1120;+0200;0;SN_3594-SN_3617
NCE;0600;+0200;1020;+0200;0;SQ_2005-SQ_2100
NCE;0600;+0200;1020;+0200;0;LH_1083-LH_1058
NCE;0630;+0200;1050;+0200;0;AF_7401-AF_6206
NCE;0935;+0200;1355;+0200;0;LH_3265-LH_3272
NCE;1855;+0200;2315;+0200;0;AF_5867-AF_7891
NCE;0720;+0200;1145;+0200;0;SN_3594-SN_3617
NCE;1055;+0200;1520;+0200;0;SN_3588-SN_3621
NCE;1055;+0200;1520;+0200;0;BD_5368-BD_5445
NCE;1655;+0200;2120;+0200;0;AF_7415-AF_6230
NCE;0835;+0200;1305;+0200;0;AF_7813-AF_7886
NCE;1530;+0200;2000;+0200;0;AF_5564-AF_4387
NCE;1535;+0200;2010;+0200;0;AF_7815-AF_7884
NCE;1640;+0200;2115;+0200;0;SN_3590-SN_3623
NCE;1640;+0200;2115;+0200;0;BD_5360-BD_5447
NCE;0705;+0200;1145;+0200;0;BD_5364-BD_5441
NCE;0705;+0200;1145;+0200;0;KF_5712-KF_5451
NCE;0705;+0200;1145;+0200;0;SN_3594-SN_3617
NCE;0830;+0200;1310;+0200;0;AF_5784-AF_7893
NCE;1040;+0200;1520;+0200;0;AF_7417-AF_6228
NCE;1055;+0200;1535;+0200;0;SN_3588-SN_3621
NCE;1700;+0200;2140;+0200;0;AF_7645-AF_7712
NCE;1745;+0200;2225;+0200;0;KL_2028-KL_1273
NCE;1745;+0200;2225;+0200;0;AF_1356-AF_8275
NCE;0655;+0200;1140;+0200;0;KL_2024-KL_1263
NCE;0655;+0200;1140;+0200;0;AF_1156-AF_8271
NCE;0910;+0200;1355;+0200;0;LH_3265-LH_3272
NCE;1845;+0200;2330;+0200;0;AF_7848-AF_7881
NCE;0630;+0200;1120;+0200;0;AF_7401-AF_6200
NCE;1200;+0200;1650;+0200;0;AF_1256-AF_8231
NCE;1200;+0200;1650;+0200;0;KL_2030-KL_1267
NCE;1250;+0200;1740;+0200;0;TU_851-TU_764
NCE;0925;+0200;1430;+0200;0;AF_7653-AF_7714
NCE;1215;+0200;1720;+0200;0;BA_361-BA_354
NCE;1845;+0200;2350;+0200;0;BD_3087-BD_3238
NCE;1845;+0200;2350;+0200;0;LH_1079-LH_1068
NCE;1215;+0200;1725;+0200;0;AA_6715-AA_6586
NCE;1820;+0200;2330;+0200;0;AF_7842-AF_7881
NCE;1715;+0200;2230;+0200;0;LH_2251-LH_2278
MIL;0835;+0200;0935;+0200;0;AZ_7829
MIL;0835;+0200;0935;+0200;0;AF_3292
MIL;1540;+0200;1640;+0200;0;AF_3296
MIL;1540;+0200;1640;+0200;0;AZ_7831
MIL;2015;+0200;2115;+0200;0;AF_3298
MIL;2015;+0200;2115;+0200;0;AZ_7833
MIL;1040;+0200;1315;+0200;0;LX_531-LX_1628
MIL;1845;+0200;2125;+0200;0;LX_537-LX_1638
MIL;1845;+0200;2135;+0200;0;AF_7848-AF_4352
MIL;1450;+0200;1745;+0200;0;LX_533-LX_1622
MIL;1820;+0200;2135;+0200;0;AF_7842-AF_4352
MIL;0900;+0200;1220;+0200;0;LH_2247-LH_1856
MIL;1255;+0200;1615;+0200;0;LH_2249-LH_1860
MIL;1025;+0200;1350;+0200;0;LH_1075-LH_252
MIL;1045;+0200;1415;+0200;0;AF_7641-AF_1714
MIL;1520;+0200;1850;+0200;0;AZ_7839-AZ_2096
MIL;1845;+0200;2215;+0200;0;LH_1079-LH_278
MIL;1845;+0200;2215;+0200;0;BD_3087-BD_2926
MIL;1905;+0200;2235;+0200;0;LH_2253-LH_1866
MIL;0640;+0200;1015;+0200;0;LH_2255-LH_1854
MIL;0700;+0200;1035;+0200;0;LX_539-LX_1616
MIL;0730;+0200;1105;+0200;0;AF_7651-AF_9802
MIL;1850;+0200;2230;+0200;0;BD_5362-BD_5401
MIL;0705;+0200;1050;+0200;0;SN_3594-SN_3155
MIL;0705;+0200;1050;+0200;0;BD_5364-BD_5405
MIL;1455;+0200;1840;+0200;0;LH_1077-LH_276
MIL;1850;+0200;2235;+0200;0;SN_3592-SN_3161
MIL;1450;+0200;1840;+0200;0;LX_533-LX_1636
MIL;1520;+0200;1910;+0200;0;AZ_7839-AZ_2050
MIL;0600;+0200;0955;+0200;0;LH_1083-LH_270
MIL;1455;+0200;1850;+0200;0;LH_1077-LH_276
MIL;0720;+0200;1120;+0200;0;SN_3594-SN_3147
MIL;1700;+0200;2100;+0200;0;AF_7645-AF_9702
MIL;1045;+0200;1450;+0200;0;AF_7641-AF_1712
MIL;1520;+0200;1925;+0200;0;AZ_7839-AZ_2112
MIL;1655;+0200;2100;+0200;0;AF_7415-AF_9712
MIL;1745;+0200;2150;+0200;0;KL_2028-KL_3417
MIL;0705;+0200;1120;+0200;0;SN_3594-SN_3147
MIL;1845;+0200;2300;+0200;0;LH_1079-LH_258
MIL;1520;+0200;1940;+0200;0;AZ_7839-AZ_2100
MIL;0655;+0200;1125;+0200;0;KL_2024-KL_3623
MIL;1745;+0200;2215;+0200;0;KL_2028-KL_1635
MIL;0600;+0200;1035;+0200;0;LH_1083-LH_248
MIL;0600;+0200;1035;+0200;0;SQ_2005-SQ_2180
MIL;1520;+0200;1955;+0200;0;AZ_7839-AZ_2102
MIL;0720;+0200;1200;+0200;0;SN_3594-SN_3147
MIL;1815;+0200;2300;+0200;0;SK_1794-SK_1689
MIL;0925;+0200;1415;+0200;0;AF_7653-AF_1714
MIL;1520;+0200;2010;+0200;0;AZ_7839-AZ_2056
MIL;0655;+0200;1150;+0200;0;KL_2024-KL_1623
MIL;0705;+0200;1200;+0200;0;SN_3594-SN_3147
MIL;0705;+0200;1200;+0200;0;BD_5364-BD_5265
MIL;1200;+0200;1655;+0200;0;KL_2030-KL_1627
MIL;1745;+0200;2240;+0200;0;KL_2028-KL_1635
MIL;0655;+0200;1205;+0200;0;KL_2024-KL_1623
MIL;1520;+0200;2030;+0200;0;AZ_7839-AZ_2108
MIL;1700;+0200;2210;+0200;0;AF_7645-AF_9812
CPH;1815;+0200;2015;+0200;0;SK_1794
CPH;1715;+0200;2045;+0200;0;LH_2251-LH_2446
CPH;1025;+0200;1410;+0200;0;LH_1075-LH_6222
CPH;1025;+0200;1410;+0200;0;SK_3594-SK_1638
CPH;1045;+0200;1430;+0200;0;AF_7641-AF_2350
CPH;0640;+0200;1040;+0200;0;SK_3238-SK_662
CPH;0640;+0200;1040;+0200;0;LH_2255-LH_6260
CPH;0655;+0200;1055;+0200;0;KL_2024-KL_1127
CPH;1455;+0200;1900;+0200;0;SK_3718-SK_676
CPH;0730;+0200;1140;+0200;0;AF_7651-AF_2050
CPH;1455;+0200;1910;+0200;0;SK_3718-SK_676
CPH;1455;+0200;1910;+0200;0;LH_1077-LH_6032
CPH;1905;+0200;2325;+0200;0;SK_3228-SK_1660
CPH;1905;+0200;2325;+0200;0;LH_2253-LH_6258
CPH;1450;+0200;1915;+0200;0;LX_533-LX_1272
CPH;0700;+0200;1130;+0200;0;LH_3271-LH_6210
CPH;0730;+0200;1200;+0200;0;AF_7651-AF_2050
CPH;1845;+0200;2315;+0200;0;BD_3087-BD_3422
CPH;1845;+0200;2315;+0200;0;LH_1079-LH_832
CPH;1200;+0200;1635;+0200;0;KL_2030-KL_1131
CPH;1700;+0200;2140;+0200;0;AF_7645-AF_1350
CPH;1715;+0200;2155;+0200;0;LH_2251-LH_6262
CPH;1715;+0200;2155;+0200;0;SK_3230-SK_664
CPH;1845;+0200;2330;+0200;0;SK_3716-SK_8518
CPH;1745;+0200;2235;+0200;0;KL_2028-KL_1139
CPH;0600;+0200;1055;+0200;0;LH_1083-LH_6070
CPH;0600;+0200;1055;+0200;0;SK_3340-SK_640
CPH;1215;+0200;1710;+0200;0;AA_6715-AA_6547
CPH;0925;+0200;1425;+0200;0;AF_7653-AF_2350
CPH;0705;+0200;1210;+0200;0;BD_5364-BD_3734
CPH;0925;+0200;1430;+0200;0;AF_7653-AF_2350
CPH;1640;+0200;2145;+0200;0;BD_5360-BD_5465
CPH;1640;+0200;2145;+0200;0;SN_3590-SN_2265
CPH;0935;+0200;1445;+0200;0;LH_3265-LH_6042
CPH;1215;+0200;1725;+0200;0;BA_361-BA_818
CPH;0700;+0200;1215;+0200;0;LX_539-LX_4700
CPH;1155;+0200;1710;+0200;0;AA_6715-AA_6547
CPH;0720;+0200;1240;+0200;0;SN_3594-SN_2257
CPH;0720;+0200;1240;+0200;0;UA_9944-UA_9911
CPH;1640;+0200;2200;+0200;0;BD_5360-BD_3730
CPH;1045;+0200;1615;+0200;0;AY_924-AY_663
CPH;0640;+0200;1215;+0200;0;LH_2255-LH_2442
CPH;0640;+0200;1215;+0200;0;SK_3238-SK_3636
CPH;0705;+0200;1240;+0200;0;SN_3594-SN_2257
CPH;0705;+0200;1240;+0200;0;UA_9944-UA_9911
CPH;0910;+0200;1445;+0200;0;LH_3265-LH_6042
CPH;1025;+0200;1600;+0200;0;UA_8891-UA_9330
CPH;1055;+0200;1630;+0200;0;SN_3588-SN_2259
CPH;1055;+0200;1630;+0200;0;BD_5368-BD_5459
CPH;0720;+0200;1300;+0200;0;SN_3594-SN_2257
CPH;0720;+0200;1300;+0200;0;UA_9944-UA_9911
CPH;1020;+0200;1600;+0200;0;UA_8891-UA_9330
CPH;1255;+0200;1835;+0200;0;SK_3332-SK_2658
CPH;1255;+0200;1835;+0200;0;LH_2249-LH_6256
CPH;0900;+0200;1445;+0200;0;SK_3322-SK_1666
CPH;0900;+0200;1445;+0200;0;LH_2247-LH_6052
CPH;1025;+0200;1610;+0200;0;SK_3594-SK_8574
CPH;1025;+0200;1610;+0200;0;LH_1075-LH_828
CPH;1025;+0200;1610;+0200;0;BD_3089-BD_3416
CPH;0705;+0200;1300;+0200;0;UA_9944-UA_9911
CPH;0705;+0200;1300;+0200;0;SN_3594-SN_2257
CPH;0705;+0200;1300;+0200;0;BD_5364-BD_5457
CPH;1715;+0200;2325;+0200;0;SK_3230-SK_1660
CPH;1715;+0200;2325;+0200;0;LH_2251-LH_6258
CPH;1045;+0200;1715;+0200;0;AF_7641-AF_1050
CPH;0610;+0200;1245;+0200;0;UA_8881-UA_9568
CPH;1040;+0200;1715;+0200;0;AF_7417-AF_1050
CPH;1045;+0200;1720;+0200;0;AF_7641-AF_1050
CPH;1200;+0200;1835;+0200;0;KL_2030-KL_1133
CPH;1455;+0200;2130;+0200;0;LH_1077-LH_6224
CPH;1455;+0200;2130;+0200;0;SK_3718-SK_1636
CPH;0655;+0200;1335;+0200;0;KL_2024-KL_1129
CPH;1040;+0200;1720;+0200;0;AF_7417-AF_1050
CPH;0600;+0200;1245;+0200;0;BD_3085-BD_3418
CPH;0600;+0200;1245;+0200;0;UA_8881-UA_9568
CPH;1215;+0200;1900;+0200;0;AA_6715-AA_6471
CPH;1215;+0200;1900;+0200;0;BA_361-BA_820
CPH;0730;+0200;1425;+0200;0;AF_7651-AF_2350
CPH;1005;+0200;1700;+0200;0;OS_404-OS_303
CPH;0730;+0200;1430;+0200;0;AF_7651-AF_2350
CPH;0700;+0200;1405;+0200;0;LX_539-LX_1270
CPH;1155;+0200;1900;+0200;0;AA_6715-AA_6471
CPH;1450;+0200;2155;+0200;0;LX_533-LX_4704
CPH;0900;+0200;1615;+0200;0;SK_3322-SK_3682
CPH;0900;+0200;1615;+0200;0;LH_2247-LH_2444
CPH;0815;+0200;1545;+0200;0;BA_365-BA_816
CPH;0815;+0200;1545;+0200;0;AA_6717-AA_6536
MUC;0640;+0200;0800;+0200;0;LH_2255
MUC;0900;+0200;1020;+0200;0;LH_2247
MUC;1255;+0200;1415;+0200;0;LH_2249
MUC;1715;+0200;1835;+0200;0;LH_2251
MUC;1905;+0200;2025;+0200;0;NH_6044
MUC;1905;+0200;2025;+0200;0;LH_2253
MUC;0700;+0200;1005;+0200;0;LX_539-LX_3618
MUC;0600;+0200;0910;+0200;0;LH_1083-LH_102
MUC;1455;+0200;1810;+0200;0;LH_1077-LH_116
MUC;1845;+0200;2200;+0200;0;LX_537-LX_3626
MUC;0700;+0200;1035;+0200;0;LH_3271-LH_2003
MUC;1350;+0200;1725;+0200;0;AF_7643-AF_2322
MUC;1450;+0200;1825;+0200;0;LX_533-LX_3622
MUC;1045;+0200;1425;+0200;0;AF_7641-AF_2022
MUC;1350;+0200;1730;+0200;0;AF_7643-AF_2322
MUC;1640;+0200;2020;+0200;0;SN_3590-SN_7061
MUC;1845;+0200;2225;+0200;0;LH_1079-LH_124
MUC;1040;+0200;1425;+0200;0;LX_531-LX_3620
MUC;1045;+0200;1430;+0200;0;AF_7641-AF_2022
MUC;1850;+0200;2235;+0200;0;SN_3592-SN_7063
MUC;1005;+0200;1355;+0200;0;OS_404-OS_7233
MUC;0600;+0200;1000;+0200;0;LH_1083-LH_104
MUC;0655;+0200;1055;+0200;0;KL_2024-KL_1793
MUC;1025;+0200;1430;+0200;0;LH_1075-LH_110
MUC;0730;+0200;1150;+0200;0;AF_7651-AF_1722
MUC;1455;+0200;1915;+0200;0;LH_1077-LH_118
MUC;0935;+0200;1400;+0200;0;LH_3265-LH_2009
MUC;1745;+0200;2215;+0200;0;KL_2028-KL_1801
MUC;1215;+0200;1650;+0200;0;BA_361-BA_954
MUC;1200;+0200;1640;+0200;0;KL_2030-KL_1797
MUC;0910;+0200;1400;+0200;0;LH_3265-LH_2009
MUC;0700;+0200;1155;+0200;0;LH_3271-LH_2005
MUC;0600;+0200;1100;+0200;0;LH_1083-LH_106
MUC;0925;+0200;1425;+0200;0;AF_7653-AF_2022
MUC;0925;+0200;1430;+0200;0;AF_7653-AF_2022
MUC;0720;+0200;1230;+0200;0;SN_3594-SN_7053
MUC;1700;+0200;2210;+0200;0;AF_7645-AF_1122
MUC;1450;+0200;2005;+0200;0;LX_533-LX_1110
MUC;1455;+0200;2015;+0200;0;LH_1077-LH_120
MUC;0705;+0200;1230;+0200;0;SN_3594-SN_7053
MUC;1055;+0200;1625;+0200;0;SN_3588-SN_7057
MUC;1025;+0200;1600;+0200;0;LH_1075-LH_112
MUC;1215;+0200;1800;+0200;0;BA_361-BA_960
MUC;1215;+0200;1800;+0200;0;AA_6715-AA_6386
DUS;0700;+0200;0815;+0200;0;LH_3271
DUS;0910;+0200;1025;+0200;0;LH_3265
DUS;0935;+0200;1050;+0200;0;LH_3265
DUS;2035;+0200;2150;+0200;0;LH_3269
DUS;0835;+0200;1000;+0200;0;AF_5876
DUS;1525;+0200;1650;+0200;0;AF_5874
DUS;1955;+0200;2120;+0200;0;AF_5878
DUS;0900;+0200;1210;+0200;0;LH_2247-LH_2008
DUS;1040;+0200;1350;+0200;0;LX_531-LX_1018
DUS;0700;+0200;1020;+0200;0;LX_539-LX_3634
DUS;1045;+0200;1405;+0200;0;AF_7641-AF_1906
DUS;1845;+0200;2205;+0200;0;LX_537-LX_1028
DUS;0730;+0200;1100;+0200;0;AF_7651-AF_1606
DUS;0600;+0200;0935;+0200;0;LH_1083-LH_74
DUS;0640;+0200;1015;+0200;0;LH_2255-LH_2004
DUS;1025;+0200;1400;+0200;0;LH_1075-LH_78
DUS;1455;+0200;1830;+0200;0;LH_1077-LH_84
DUS;1845;+0200;2220;+0200;0;LH_1079-LH_88
DUS;1715;+0200;2055;+0200;0;LH_2251-LH_2022
DUS;1905;+0200;2250;+0200;0;LH_2253-LH_2026
DUS;1255;+0200;1650;+0200;0;LH_2249-LH_2014
DUS;0835;+0200;1250;+0200;0;AF_7822-AF_4310
DUS;1450;+0200;1905;+0200;0;LX_533-LX_1026
DUS;0925;+0200;1405;+0200;0;AF_7653-AF_1906
DUS;1745;+0200;2225;+0200;0;KL_2028-KL_1863
DUS;1715;+0200;2200;+0200;0;LH_2251-LH_2024
DUS;0655;+0200;1145;+0200;0;KL_2024-KL_1855
DUS;1450;+0200;1950;+0200;0;LX_533-LX_3640
DUS;1215;+0200;1720;+0200;0;BA_361-BA_942
DUS;1215;+0200;1720;+0200;0;AA_6715-AA_6422
DUS;0600;+0200;1110;+0200;0;LH_1083-LH_76
DUS;1700;+0200;2215;+0200;0;AF_7645-AF_1106
DUS;0900;+0200;1425;+0200;0;LH_2247-LH_2010
DUS;1155;+0200;1720;+0200;0;AA_6715-AA_6422
DUS;1255;+0200;1820;+0200;0;LH_2249-LH_2016
DUS;0640;+0200;1210;+0200;0;LH_2255-LH_2008
DUS;1715;+0200;2250;+0200;0;LH_2251-LH_2026
DUS;1200;+0200;1740;+0200;0;KL_2030-KL_1861
DUS;1455;+0200;2035;+0200;0;LH_1077-LH_86
DUS;1045;+0200;1635;+0200;0;AF_7641-AF_2206
DUS;1335;+0200;1925;+0200;0;BD_1344-BD_3693
DUS;1350;+0200;1940;+0200;0;AF_7643-AF_2406
DUS;1040;+0200;1635;+0200;0;AF_7417-AF_2206
STO;1815;+0200;2210;+0200;0;SK_1794-SK_414
STO;1450;+0200;1855;+0200;0;LX_533-LX_1254
STO;0705;+0200;1125;+0200;0;SN_3594-SN_2303
STO;0935;+0200;1400;+0200;0;LH_3265-LH_2922
STO;1040;+0200;1505;+0200;0;LX_531-LX_1250
STO;1200;+0200;1625;+0200;0;KL_2030-KL_1115
STO;1715;+0200;2140;+0200;0;LH_2251-LH_2420
STO;1715;+0200;2140;+0200;0;SK_3230-SK_3654
STO;0640;+0200;1110;+0200;0;SK_3238-SK_3632
STO;0640;+0200;1110;+0200;0;LH_2255-LH_2414
STO;0730;+0200;1205;+0200;0;AF_7651-AF_2062
STO;1255;+0200;1730;+0200;0;LH_2249-LH_2418
STO;1255;+0200;1730;+0200;0;SK_3332-SK_3634
STO;1350;+0200;1835;+0200;0;AF_7643-AF_1062
STO;0910;+0200;1400;+0200;0;LH_3265-LH_2922
STO;1640;+0200;2135;+0200;0;SN_3590-SN_2309
STO;1640;+0200;2135;+0200;0;BD_5360-BD_5469
STO;0705;+0200;1210;+0200;0;BD_5364-BD_3830
STO;1845;+0200;2350;+0200;0;BD_3087-BD_3526
STO;1845;+0200;2350;+0200;0;LH_1079-LH_808
STO;1845;+0200;2350;+0200;0;SK_3716-SK_3610
STO;1005;+0200;1515;+0200;0;OS_404-OS_313
STO;1045;+0200;1555;+0200;0;AY_924-AY_637
STO;0700;+0200;1215;+0200;0;LX_539-LX_4706
STO;1745;+0200;2300;+0200;0;KL_2028-KL_1121
STO;0655;+0200;1215;+0200;0;KL_2024-KL_1109
STO;1455;+0200;2025;+0200;0;LH_1077-LH_6228
STO;1455;+0200;2025;+0200;0;SK_3718-SK_638
STO;1815;+0200;2355;+0200;0;SK_1794-SK_1428
STO;1700;+0200;2245;+0200;0;AF_7645-AF_1462
STO;0600;+0200;1150;+0200;0;SK_3340-SK_3612
STO;0600;+0200;1150;+0200;0;SQ_2005-SQ_2000
STO;0600;+0200;1150;+0200;0;BD_3085-BD_3522
STO;0600;+0200;1150;+0200;0;LH_1083-LH_802
STO;0720;+0200;1325;+0200;0;SN_3594-SN_2305
STO;1045;+0200;1650;+0200;0;AY_924-AY_645
STO;0900;+0200;1515;+0200;0;SK_3322-SK_3656
STO;0900;+0200;1515;+0200;0;LH_2247-LH_2416
STO;1045;+0200;1700;+0200;0;AY_924-AY_983
STO;0705;+0200;1325;+0200;0;SN_3594-SN_2305
STO;0705;+0200;1325;+0200;0;BD_5364-BD_5473
STO;1255;+0200;1935;+0200;0;SK_3332-SK_2662
STO;1255;+0200;1935;+0200;0;LH_2249-LH_6188
STO;0600;+0200;1245;+0200;0;SK_3340-SK_1632
STO;0815;+0200;1500;+0200;0;QF_3532-QF_3353
STO;0815;+0200;1500;+0200;0;AA_6717-AA_6529
STO;0815;+0200;1500;+0200;0;BA_365-BA_778
STO;0705;+0200;1400;+0200;0;IB_8709-IB_3322
STO;0700;+0200;1400;+0200;0;LH_3271-LH_2922
STO;1200;+0200;1900;+0200;0;KL_2030-KL_1117
STO;1455;+0200;2155;+0200;0;LH_1077-LH_6056
STO;1455;+0200;2155;+0200;0;SK_3718-SK_674
STO;1045;+0200;1810;+0200;0;AY_924-AY_647
STO;1450;+0200;2220;+0200;0;LX_533-LX_4708
STO;0635;+0200;1420;+0200;0;TP_477-TP_782
STO;1045;+0200;1835;+0200;0;AF_7641-AF_1062
STO;1040;+0200;1835;+0200;0;AF_7417-AF_1062
STO;1215;+0200;2010;+0200;0;AA_6715-AA_6454
STO;1215;+0200;2010;+0200;0;BA_361-BA_782
STO;0700;+0200;1505;+0200;0;LX_539-LX_1250
STO;1215;+0200;2025;+0200;0;AA_6715-AA_6454
STO;0600;+0200;1415;+0200;0;LH_1083-LH_6226
STO;0600;+0200;1415;+0200;0;SK_3340-SK_2636
STO;1025;+0200;1840;+0200;0;SK_3594-SK_3614
STO;1025;+0200;1840;+0200;0;LH_1075-LH_804
STO;1025;+0200;1840;+0200;0;BD_3089-BD_3524
STO;1040;+0200;1855;+0200;0;LX_531-LX_1254
STO;1155;+0200;2010;+0200;0;AA_6715-AA_6454
STO;1335;+0200;2155;+0200;0;BD_1344-BD_3950
STO;0900;+0200;1730;+0200;0;LH_2247-LH_2418
STO;0900;+0200;1730;+0200;0;SK_3322-SK_3634
STO;1155;+0200;2025;+0200;0;AA_6715-AA_6454
FRA;1455;+0200;1620;+0200;0;BD_3083
FRA;1455;+0200;1620;+0200;0;NH_6130
FRA;1455;+0200;1620;+0200;0;LH_1077
FRA;1845;+0200;2010;+0200;0;LH_1079
FRA;1845;+0200;2010;+0200;0;BD_3087
FRA;0600;+0200;0730;+0200;0;BD_3085
FRA;0600;+0200;0730;+0200;0;LH_1083
FRA;1025;+0200;1155;+0200;0;LH_1075
FRA;1025;+0200;1155;+0200;0;BD_3089
FRA;1905;+0200;2205;+0200;0;LH_2253-LH_125
FRA;0700;+0200;1015;+0200;0;LX_539-LX_3600
FRA;1255;+0200;1610;+0200;0;LH_2249-LH_115
FRA;0935;+0200;1255;+0200;0;LH_3265-LH_79
FRA;0705;+0200;1030;+0200;0;SN_3594-SN_7001
FRA;0640;+0200;1020;+0200;0;LH_2255-LH_105
FRA;0730;+0200;1110;+0200;0;AF_7651-AF_1618
FRA;1640;+0200;2020;+0200;0;SN_3590-SN_7011
FRA;0900;+0200;1245;+0200;0;LH_2247-LH_111
FRA;0910;+0200;1255;+0200;0;LH_3265-LH_79
FRA;1045;+0200;1435;+0200;0;AF_7641-AF_1918
FRA;1715;+0200;2105;+0200;0;LH_2251-LH_123
FRA;1715;+0200;2110;+0200;0;LH_2251-LH_123
FRA;1040;+0200;1440;+0200;0;LX_531-LX_3604
FRA;0700;+0200;1115;+0200;0;LH_3271-LH_77
FRA;0700;+0200;1115;+0200;0;LX_539-LX_3602
FRA;1745;+0200;2200;+0200;0;KL_2028-KL_1775
FRA;1450;+0200;1910;+0200;0;LX_533-LX_3608
FRA;0640;+0200;1105;+0200;0;LH_2255-LH_107
FRA;1350;+0200;1815;+0200;0;AF_7643-AF_2318
FRA;1005;+0200;1440;+0200;0;OS_404-OS_123
FRA;1155;+0200;1630;+0200;0;AA_6715-AA_6462
FRA;1700;+0200;2135;+0200;0;AF_7645-AF_1018
FRA;0720;+0200;1205;+0200;0;SN_3594-SN_7003
FRA;1055;+0200;1545;+0200;0;SN_3588-SN_7005
FRA;1200;+0200;1650;+0200;0;KL_2030-KL_1771
FRA;1255;+0200;1745;+0200;0;LH_2249-LH_117
FRA;1715;+0200;2205;+0200;0;LH_2251-LH_125
FRA;1200;+0200;1655;+0200;0;KL_2030-KL_1771
FRA;1640;+0200;2135;+0200;0;SN_3590-SN_7013
FRA;0705;+0200;1205;+0200;0;SN_3594-SN_7003
FRA;0815;+0200;1320;+0200;0;QF_3532-QF_3479
FRA;0815;+0200;1320;+0200;0;BA_365-BA_904
FRA;0925;+0200;1435;+0200;0;AF_7653-AF_1918
FRA;0640;+0200;1155;+0200;0;LH_2255-LH_109
FRA;1450;+0200;2005;+0200;0;LX_533-LX_1076
FRA;0815;+0200;1335;+0200;0;AA_6717-AA_6576
FRA;1040;+0200;1620;+0200;0;LX_531-LX_3606
FRA;1215;+0200;1755;+0200;0;AA_6715-AA_6461
HAM;0900;+0200;1050;+0200;0;AF_5971
HAM;0855;+0200;1050;+0200;0;AF_5971
HAM;1515;+0200;1710;+0200;0;AF_5973
HAM;1845;+0200;2145;+0200;0;LX_537-LX_3648
HAM;1040;+0200;1400;+0200;0;LX_531-LX_1056
HAM;1700;+0200;2025;+0200;0;AF_7645-AF_2510
HAM;0600;+0200;0930;+0200;0;LH_1083-LH_6
HAM;0720;+0200;1050;+0200;0;SN_3594-SN_2623
HAM;1815;+0200;2145;+0200;0;SK_1794-SK_647
HAM;1905;+0200;2240;+0200;0;LH_2253-LH_2084
HAM;0700;+0200;1040;+0200;0;LX_539-LX_3644
HAM;0720;+0200;1100;+0200;0;SN_3594-SN_2623
HAM;0700;+0200;1045;+0200;0;LH_3271-LH_2706
HAM;0705;+0200;1050;+0200;0;9W_6094-9W_6023
HAM;0705;+0200;1050;+0200;0;SN_3594-SN_2623
HAM;1055;+0200;1440;+0200;0;SN_3588-SN_2625
HAM;1715;+0200;2100;+0200;0;LH_2251-LH_2082
HAM;0640;+0200;1030;+0200;0;LH_2255-LH_2064
HAM;1455;+0200;1845;+0200;0;LH_1077-LH_22
HAM;0705;+0200;1100;+0200;0;SN_3594-SN_2623
HAM;0730;+0200;1125;+0200;0;AF_7651-AF_1710
HAM;0900;+0200;1255;+0200;0;LH_2247-LH_2068
HAM;1255;+0200;1650;+0200;0;LH_2249-LH_2074
HAM;1845;+0200;2255;+0200;0;LH_1079-LH_30
HAM;1025;+0200;1440;+0200;0;LH_1075-LH_14
HAM;1450;+0200;1905;+0200;0;LX_533-LX_1054
HAM;0600;+0200;1020;+0200;0;LH_1083-LH_8
HAM;0655;+0200;1115;+0200;0;KL_2024-KL_1779
HAM;1215;+0200;1635;+0200;0;BA_361-BA_974
HAM;1155;+0200;1620;+0200;0;AA_6715-AA_6611
HAM;1640;+0200;2110;+0200;0;SN_3590-SN_2629
HAM;1640;+0200;2110;+0200;0;BD_5360-BD_5389
HAM;1745;+0200;2215;+0200;0;KL_2028-KL_1789
HAM;1255;+0200;1730;+0200;0;LH_2249-LH_2086
HAM;0700;+0200;1140;+0200;0;LH_3271-LH_2708
HAM;0815;+0200;1305;+0200;0;BA_365-BA_962
HAM;0815;+0200;1305;+0200;0;QF_3532-QF_3523
HAM;1055;+0200;1545;+0200;0;BD_5368-BD_5395
HAM;1055;+0200;1545;+0200;0;SN_3588-SN_2625
HAM;1455;+0200;1950;+0200;0;LH_1077-LH_24
HAM;1455;+0200;1955;+0200;0;LH_1077-LH_24
HAM;0815;+0200;1325;+0200;0;AA_6717-AA_6493
HAM;0640;+0200;1155;+0200;0;LH_2255-LH_2066
HAM;0935;+0200;1455;+0200;0;LH_3265-LH_2710
HAM;0900;+0200;1425;+0200;0;LH_2247-LH_2070
HAM;1255;+0200;1820;+0200;0;LH_2249-LH_2076
HAM;1715;+0200;2240;+0200;0;LH_2251-LH_2084
HAM;0600;+0200;1135;+0200;0;LH_1083-LH_10
HAM;1040;+0200;1620;+0200;0;LX_531-LX_3646
HAM;1200;+0200;1740;+0200;0;KL_2030-KL_1783
HAM;1455;+0200;2035;+0200;0;LH_1077-LH_26
HAM;0910;+0200;1455;+0200;0;LH_3265-LH_2710
HAM;1025;+0200;1615;+0200;0;LH_1075-LH_16
HAM;1215;+0200;1805;+0200;0;BA_361-BA_966
HAM;1215;+0200;1805;+0200;0;AA_6715-AA_6749
HAM;1045;+0200;1655;+0200;0;AF_7641-AF_2310
HAM;1155;+0200;1805;+0200;0;AA_6715-AA_6749
HAM;0640;+0200;1255;+0200;0;LH_2255-LH_2068
HAM;1040;+0200;1655;+0200;0;AF_7417-AF_2310
HAM;1255;+0200;1920;+0200;0;LH_2249-LH_2078
HAM;1055;+0200;1725;+0200;0;SN_3588-SN_2627
HAM;1350;+0200;2025;+0200;0;AF_7643-AF_2510
HAM;0935;+0200;1615;+0200;0;LH_3265-LH_2712
HAM;0900;+0200;1545;+0200;0;LH_2247-LH_2072
MAN;1335;+0200;1430;+0100;0;BD_1344
MAN;1055;+0200;1325;+0100;0;BD_5368-BD_5375
MAN;1925;+0200;2200;+0100;0;BA_363-BA_1404
MAN;1045;+0200;1325;+0100;0;AF_7641-AF_2268
MAN;0720;+0200;1005;+0100;0;SN_3594-SN_2173
MAN;0935;+0200;1220;+0100;0;LH_3265-LH_3432
MAN;1045;+0200;1340;+0100;0;AF_7641-AF_2268
MAN;0705;+0200;1005;+0100;0;SN_3594-SN_2173
MAN;0705;+0200;1005;+0100;0;BD_5364-BD_5373
MAN;0705;+0200;1005;+0100;0;UA_9944-UA_9909
MAN;0705;+0200;1005;+0100;0;9W_6094-9W_6073
MAN;0705;+0200;1010;+0100;0;UA_9944-UA_9909
MAN;0705;+0200;1010;+0100;0;9W_6094-9W_6073
MAN;0705;+0200;1010;+0100;0;BD_5364-BD_5373
MAN;1200;+0200;1505;+0100;0;KL_2030-KL_1087
MAN;0910;+0200;1220;+0100;0;LH_3265-LH_3432
MAN;1450;+0200;1810;+0100;0;LX_533-LX_380
MAN;0655;+0200;1020;+0100;0;KL_2024-KL_1081
MAN;1905;+0200;2235;+0100;0;LH_2253-LH_2504
MAN;1255;+0200;1630;+0100;0;LH_2249-LH_2502
MAN;0640;+0200;1020;+0100;0;LH_2255-LH_2500
MAN;1745;+0200;2135;+0100;0;KL_2028-KL_1097
MAN;0815;+0200;1210;+0100;0;BA_365-BA_1388
MAN;0925;+0200;1325;+0100;0;AF_7653-AF_2268
MAN;1845;+0200;2245;+0100;0;BD_3087-BD_3368
MAN;1845;+0200;2245;+0100;0;LH_1079-LH_948
MAN;0925;+0200;1340;+0100;0;AF_7653-AF_2268
MAN;1640;+0200;2100;+0100;0;SN_3590-SN_2183
MAN;1640;+0200;2100;+0100;0;BD_5360-BD_5383
MAN;1215;+0200;1640;+0100;0;BA_361-BA_1396
MAN;1055;+0200;1525;+0100;0;SN_3588-SN_2175
MAN;1215;+0200;1655;+0100;0;BA_361-BA_2908
MAN;1200;+0200;1655;+0100;0;KL_2030-KL_1093
MAN;1155;+0200;1700;+0100;0;IB_8711-IB_8502
MAN;1350;+0200;1855;+0100;0;AF_7643-AF_1168
MAN;0610;+0200;1130;+0100;0;UA_8881-UA_9042
MAN;0700;+0200;1220;+0100;0;LH_3271-LH_3432
MAN;1715;+0200;2235;+0100;0;LH_2251-LH_2504
MAN;0600;+0200;1130;+0100;0;UA_8881-UA_9042
MAN;0655;+0200;1225;+0100;0;KL_2024-KL_1083
MAN;0730;+0200;1325;+0100;0;AF_7651-AF_2268
MAN;0700;+0200;1305;+0100;0;LX_539-LX_394
MAN;0610;+0200;1220;+0100;0;UA_8881-UA_9042
MAN;0730;+0200;1340;+0100;0;AF_7651-AF_2268
MAN;1045;+0200;1655;+0100;0;AY_924-AY_937
MAN;0600;+0200;1220;+0100;0;BD_3085-BD_3352
MAN;0600;+0200;1220;+0100;0;LH_1083-LH_942
MAN;0600;+0200;1220;+0100;0;UA_8881-UA_9042
MAN;0705;+0200;1325;+0100;0;BD_5364-BD_5375
MAN;0815;+0200;1435;+0100;0;BA_365-BA_1394
MAN;1215;+0200;1840;+0100;0;BA_361-BA_1402
MAN;1055;+0200;1730;+0100;0;SN_3588-SN_2177
MAN;1055;+0200;1730;+0100;0;BD_5368-BD_5377
MAN;0935;+0200;1625;+0100;0;LH_3265-LH_3430
MAN;0630;+0200;1325;+0100;0;AF_7401-AF_2268
MAN;0630;+0200;1340;+0100;0;AF_7401-AF_2268
MAN;1025;+0200;1735;+0100;0;LH_1075-LH_946
MAN;1025;+0200;1735;+0100;0;BD_3089-BD_3366
MAN;0910;+0200;1625;+0100;0;LH_3265-LH_3430
MAN;1255;+0200;1735;+0100;0;LH_2249-LH_115-LH_946
MAN;1715;+0200;2245;+0100;0;LH_2251-LH_123-LH_948
MAN;0640;+0200;1220;+0100;0;LH_2255-LH_105-LH_942
MAN;0600;+0200;1225;+0100;0;LH_1083-LH_902-LH_6562
MAN;0600;+0200;1225;+0100;0;BD_3085-BD_3214-BD_588
MAN;1455;+0200;2125;+0100;0;BD_3083-BD_3190-BD_592
MAN;1455;+0200;2125;+0100;0;LH_1077-LH_918-LH_6566
MAN;1455;+0200;2125;+0100;0;LH_1077-LH_916-LH_6566
MAN;1455;+0200;2125;+0100;0;BD_3083-BD_3234-BD_592
MAN;1025;+0200;1705;+0100;0;LH_1075-LH_906-LH_6564
MAN;1025;+0200;1705;+0100;0;LH_1075-LH_908-LH_6564
MAN;1025;+0200;1705;+0100;0;BD_3089-BD_3218-BD_590
MAN;1025;+0200;1705;+0100;0;BD_3089-BD_3208-BD_590
SXB;0830;+0200;0930;+0200;0;AF_5784
SXB;1550;+0200;1650;+0200;0;AF_5780
SXB;2000;+0200;2100;+0200;0;AF_5782
SXB;0830;+0200;1115;+0200;0;AF_7833-AF_7892
SXB;1845;+0200;2130;+0200;0;AF_7848-AF_7870
SXB;0730;+0200;1040;+0200;0;AF_7651-AF_7760
SXB;1040;+0200;1350;+0200;0;AF_7417-AF_7306
SXB;1445;+0200;1755;+0200;0;AF_7812-AF_5477
SXB;1820;+0200;2130;+0200;0;AF_7842-AF_7870
SXB;0630;+0200;0945;+0200;0;AF_7401-AF_7302
SXB;0720;+0200;1035;+0200;0;SN_3594-SN_3653
SXB;1830;+0200;2150;+0200;0;AF_7804-AF_5361
SXB;0705;+0200;1030;+0200;0;BD_5364-BD_5559
SXB;1045;+0200;1410;+0200;0;AF_7641-AF_7762
SXB;0700;+0200;1030;+0200;0;AF_7800-AF_5473
SXB;0705;+0200;1035;+0200;0;SN_3594-SN_3653
SXB;1645;+0200;2015;+0200;0;AF_5865-AF_5773
SXB;0655;+0200;1035;+0200;0;KL_2024-KL_2043
SXB;0655;+0200;1035;+0200;0;AF_1156-AF_5483
SXB;1745;+0200;2125;+0200;0;AF_1356-AF_5487
SXB;1745;+0200;2125;+0200;0;KL_2028-KL_2047
SXB;1535;+0200;1920;+0200;0;AF_7839-AF_7897
SXB;1655;+0200;2050;+0200;0;AF_7415-AF_7312
SXB;1350;+0200;1800;+0200;0;AF_7643-AF_7766
SXB;0840;+0200;1325;+0200;0;AF_7830-AF_7895
SXB;0925;+0200;1410;+0200;0;AF_7653-AF_7762
SXB;0830;+0200;1325;+0200;0;AF_7833-AF_7895
SXB;1700;+0200;2155;+0200;0;AF_7645-AF_7770
SXB;0600;+0200;1100;+0200;0;LH_1083-LH_386
SXB;1515;+0200;2015;+0200;0;AF_5863-AF_5773
SXB;1455;+0200;2000;+0200;0;LH_1077-LH_392
SXB;1845;+0200;0015;+0200;1;LH_1079-LH_396
SXB;1025;+0200;1600;+0200;0;LH_1075-LH_390
SXB;1155;+0200;1730;+0200;0;IB_8711-IB_8654
SXB;1155;+0200;1735;+0200;0;IB_8711-IB_8654
SXB;1200;+0200;1740;+0200;0;AF_1256-AF_5485
SXB;1200;+0200;1740;+0200;0;KL_2030-KL_2045
SXB;1535;+0200;2120;+0200;0;AF_7815-AF_5357
SXB;0850;+0200;1350;+0200;0;AF_5801-AF_7545-AF_7306
SXB;0845;+0200;1350;+0200;0;AF_7802-AF_6261-AF_7306
SXB;1545;+0200;2050;+0200;0;AF_7806-AF_6271-AF_7312
SXB;1545;+0200;2050;+0200;0;AF_5803-AF_7551-AF_7312
SXB;0840;+0200;1350;+0200;0;AF_7830-AF_6209-AF_7306
SXB;0840;+0200;1350;+0200;0;AF_3212-AF_7435-AF_7306
SXB;0835;+0200;0943;+0200;0;AF_5412
SXB;0944;+0200;1350;+0200;0;AF_5412-AF_7337-AF_7306
SXB;0830;+0200;1350;+0200;0;AF_7833-AF_6207-AF_7306
SXB;0830;+0200;1350;+0200;0;AF_7840-AF_6113-AF_7306
SXB;0830;+0200;1350;+0200;0;AF_7840-AF_6117-AF_7306
SXB;0830;+0200;1350;+0200;0;AF_7833-AF_6209-AF_7306
SXB;0850;+0200;1410;+0200;0;AF_5801-AF_7689-AF_7762
SXB;0845;+0200;1410;+0200;0;AF_7802-AF_7625-AF_7762
SXB;0840;+0200;1410;+0200;0;AF_3212-AF_5303-AF_7762
SXB;0840;+0200;1410;+0200;0;AF_7830-AF_7701-AF_7762
SXB;1350;+0200;1920;+0200;0;AF_7643-AF_7706-AF_7897
SXB;0835;+0200;0943;+0200;0;AF_5412
SXB;0944;+0200;1410;+0200;0;AF_5412-AF_3283-AF_3283-AF_7762
SXB;0835;+0200;1410;+0200;0;AF_5412-AF_3283-AF_7762
SXB;1515;+0200;2050;+0200;0;AF_7850-AF_6135-AF_7312
SXB;1515;+0200;2050;+0200;0;AF_7850-AF_6137-AF_7312
SXB;1515;+0200;1623;+0200;0;AF_5414
SXB;1624;+0200;2050;+0200;0;AF_5414-AF_7341-AF_7312
SXB;1515;+0200;2050;+0200;0;AF_7850-AF_6157-AF_7312
SXB;1515;+0200;2050;+0200;0;AF_7850-AF_6133-AF_7312
SXB;1515;+0200;2050;+0200;0;AF_5863-AF_7385-AF_7312
SXB;1515;+0200;2050;+0200;0;AF_7824-AF_6043-AF_7312
SXB;1515;+0200;2050;+0200;0;AF_5414-AF_7341-AF_7312
SXB;0830;+0200;1410;+0200;0;AF_7833-AF_7701-AF_7762
SXB;0830;+0200;1410;+0200;0;AF_7840-AF_7795-AF_7762
SXB;0730;+0200;1325;+0200;0;AF_7651-AF_7702-AF_7895
OSL;1815;+0200;2205;+0200;0;SK_1794-SK_3036
OSL;0655;+0200;1105;+0200;0;KL_2024-KL_1143
OSL;1025;+0200;1435;+0200;0;LH_1075-LH_6230
OSL;1025;+0200;1435;+0200;0;SK_3594-SK_4752
OSL;1200;+0200;1610;+0200;0;KL_2030-KL_1147
OSL;1450;+0200;1910;+0200;0;LX_533-LX_1216
OSL;1455;+0200;1915;+0200;0;SK_3718-SK_4756
OSL;1455;+0200;1915;+0200;0;LH_1077-LH_6280
OSL;1745;+0200;2205;+0200;0;KL_2028-KL_1221
OSL;1745;+0200;2205;+0200;0;AF_1356-AF_8315
OSL;0720;+0200;1145;+0200;0;SN_3594-SN_2281
OSL;1715;+0200;2140;+0200;0;SK_3230-SK_3652
OSL;1715;+0200;2140;+0200;0;LH_2251-LH_2456
OSL;0640;+0200;1110;+0200;0;LH_2255-LH_2450
OSL;0640;+0200;1110;+0200;0;SK_3238-SK_3678
OSL;1255;+0200;1725;+0200;0;SK_3332-SK_3698
OSL;1255;+0200;1725;+0200;0;LH_2249-LH_2454
OSL;1350;+0200;1820;+0200;0;AF_7643-AF_2374
OSL;0730;+0200;1205;+0200;0;AF_7651-AF_2074
OSL;0705;+0200;1145;+0200;0;SN_3594-SN_2281
OSL;0705;+0200;1145;+0200;0;UA_9944-UA_9919
OSL;1745;+0200;2235;+0200;0;KL_2028-KL_1151
OSL;1845;+0200;2345;+0200;0;SK_3716-SK_3644
OSL;1845;+0200;2345;+0200;0;BD_3087-BD_2928
OSL;1845;+0200;2345;+0200;0;LH_1079-LH_864
OSL;1640;+0200;2215;+0200;0;SN_3590-SN_2287
OSL;1045;+0200;1625;+0200;0;AY_924-AY_659
OSL;1640;+0200;2220;+0200;0;SN_3590-SN_2287
OSL;1815;+0200;2355;+0200;0;SK_1794-SK_1474
OSL;0705;+0200;1300;+0200;0;BD_5364-BD_3794
OSL;1025;+0200;1625;+0200;0;SK_3594-SK_4756
OSL;1055;+0200;1655;+0200;0;SN_3588-SN_2283
OSL;0900;+0200;1520;+0200;0;LH_2247-LH_6170
OSL;0900;+0200;1520;+0200;0;SK_3322-SK_4760
OSL;0655;+0200;1325;+0200;0;KL_2024-KL_1145
OSL;0655;+0200;1330;+0200;0;KL_2024-KL_1217
OSL;0655;+0200;1335;+0200;0;AF_1156-AF_8311
OSL;0610;+0200;1300;+0200;0;UA_8881-UA_9146
OSL;1200;+0200;1850;+0200;0;KL_2030-KL_1149
OSL;0610;+0200;1305;+0200;0;UA_8881-UA_9146
OSL;0600;+0200;1300;+0200;0;UA_8881-UA_9146
OSL;1455;+0200;2155;+0200;0;SK_3718-SK_4758
OSL;0600;+0200;1305;+0200;0;SQ_2005-SQ_2130
OSL;0600;+0200;1305;+0200;0;SK_3340-SK_3692
OSL;0600;+0200;1305;+0200;0;LH_1083-LH_860
OSL;0600;+0200;1305;+0200;0;BD_3085-BD_2930
OSL;0600;+0200;1305;+0200;0;UA_8881-UA_9146
OSL;1455;+0200;2210;+0200;0;LH_1077-LH_6106
OSL;1455;+0200;2210;+0200;0;SK_3718-SK_4758
OSL;1350;+0200;2110;+0200;0;AF_7643-AF_1274
OSL;0600;+0200;1325;+0200;0;SK_3340-SK_4752
OSL;1450;+0200;2220;+0200;0;LX_533-LX_4710
OSL;1045;+0200;1820;+0200;0;AF_7641-AF_2374
OSL;0635;+0200;1415;+0200;0;TP_477-TP_766
OSL;1025;+0200;1805;+0200;0;UA_8891-UA_9536
OSL;1040;+0200;1820;+0200;0;AF_7417-AF_2374
OSL;1045;+0200;1825;+0200;0;AY_924-AY_657
OSL;1020;+0200;1805;+0200;0;UA_8891-UA_9536
OSL;0815;+0200;1610;+0200;0;BA_365-BA_766
OSL;0815;+0200;1610;+0200;0;QF_3532-QF_3593
OSL;1025;+0200;1820;+0200;0;SK_3594-SK_3620
OSL;1025;+0200;1820;+0200;0;LH_1075-LH_862
OSL;1025;+0200;1820;+0200;0;BD_3089-BD_2932
OSL;1215;+0200;2010;+0200;0;BA_361-BA_768
OSL;1215;+0200;2010;+0200;0;AA_6715-AA_6406
OSL;0815;+0200;1620;+0200;0;AA_6717-AA_6629
OSL;1215;+0200;2025;+0200;0;AA_6715-AA_6406
OSL;1155;+0200;2010;+0200;0;AA_6715-AA_6406
OSL;0900;+0200;1725;+0200;0;SK_3322-SK_3698
OSL;0900;+0200;1725;+0200;0;LH_2247-LH_2454
OSL;1040;+0200;1910;+0200;0;LX_531-LX_1216
OSL;1155;+0200;2025;+0200;0;AA_6715-AA_6406
OSL;0730;+0200;1335;+0200;0;AF_7651-AF_8228-AF_8311
OSL;1025;+0200;1645;+0200;0;LH_1075-LH_6222-LH_6246
OSL;1025;+0200;1645;+0200;0;SK_3594-SK_1638-SK_460
OSL;1255;+0200;1915;+0200;0;LH_2249-LH_115-LH_6280
OSL;1455;+0200;2115;+0200;0;SK_3718-SK_676-SK_1478
OSL;1455;+0200;2115;+0200;0;LH_1077-LH_6032-LH_6072
OSL;0640;+0200;1305;+0200;0;LH_2255-LH_105-LH_860
OSL;0640;+0200;1305;+0200;0;LH_2255-LH_6260-LH_6172
OSL;0640;+0200;1305;+0200;0;SK_3238-SK_662-SK_1456
OSL;1715;+0200;2345;+0200;0;LH_2251-LH_123-LH_864
OSL;1715;+0200;2355;+0200;0;SK_3230-SK_664-SK_1474
OSL;1715;+0200;2355;+0200;0;LH_2251-LH_6262-LH_6236
OSL;1715;+0200;2355;+0200;0;LH_2251-LH_2446-LH_6236
OSL;1025;+0200;1715;+0200;0;SK_3594-SK_1638-SK_1460
OSL;0600;+0200;1305;+0200;0;LH_1083-LH_6070-LH_6172
OSL;0600;+0200;1305;+0200;0;SK_3340-SK_640-SK_1456
OSL;0935;+0200;1645;+0200;0;LH_3265-LH_6042-LH_6246
OSL;1455;+0200;2205;+0200;0;SK_3718-SK_676-SK_3036
OSL;0910;+0200;1645;+0200;0;LH_3265-LH_6042-LH_6246
OSL;0900;+0200;1645;+0200;0;SK_3322-SK_1666-SK_460
OSL;0900;+0200;1645;+0200;0;LH_2247-LH_6052-LH_6246
OSL;1055;+0200;1840;+0200;0;BD_5368-BD_5459-BD_3874
OSL;0640;+0200;1435;+0200;0;LH_2255-LH_109-LH_6230
OSL;0640;+0200;1435;+0200;0;LH_2255-LH_107-LH_6230
OSL;0640;+0200;1435;+0200;0;LH_2255-LH_105-LH_6230
OSL;0640;+0200;1445;+0200;0;SK_3238-SK_3636-SK_458
OSL;0640;+0200;1445;+0200;0;SK_3238-SK_662-SK_458
OSL;0900;+0200;1715;+0200;0;SK_3322-SK_1666-SK_1460
OSL;1025;+0200;1840;+0200;0;LH_1075-LH_6222-LH_6234
OSL;1025;+0200;1840;+0200;0;SK_3594-SK_1638-SK_462
OSL;1025;+0200;1840;+0200;0;SK_3594-SK_1638-SK_3052
OSL;1025;+0200;1840;+0200;0;SK_3594-SK_8574-SK_3052
OSL;1025;+0200;1840;+0200;0;BD_3089-BD_3416-BD_3874
OSL;1025;+0200;1840;+0200;0;SK_3594-SK_8574-SK_462
OSL;1025;+0200;1840;+0200;0;LH_1075-LH_828-LH_6234
OSL;1350;+0200;2205;+0200;0;AF_7643-AF_2040-AF_8315
OSL;1350;+0200;2205;+0200;0;AF_7643-AF_2240-AF_8315
OSL;0705;+0200;1525;+0200;0;BD_5364-BD_3734-BD_3876
OSL;0705;+0200;1525;+0200;0;BD_5364-BD_5457-BD_3876
OSL;1255;+0200;2115;+0200;0;LH_2249-LH_6256-LH_6072
OSL;1255;+0200;2115;+0200;0;SK_3332-SK_2658-SK_1478
OSL;0700;+0200;1525;+0200;0;LH_3271-LH_6210-LH_6096
OSL;0700;+0200;1530;+0200;0;LH_3271-LH_2708-LH_2958
OSL;0700;+0200;1530;+0200;0;LH_3271-LH_2706-LH_2958
HEL;1045;+0200;1455;+0300;0;AY_924
HEL;1850;+0200;2300;+0300;0;AY_926
HEL;0700;+0200;1235;+0300;0;LH_3271-LH_2970
HEL;0640;+0200;1220;+0300;0;LH_2255-LH_2462
HEL;0640;+0200;1220;+0300;0;SK_3238-SK_3668
HEL;1715;+0200;2300;+0300;0;SK_3230-SK_3684
HEL;1715;+0200;2300;+0300;0;LH_2251-LH_2466
HEL;1700;+0200;2255;+0300;0;AF_7645-AF_1798
HEL;0720;+0200;1320;+0300;0;SN_3594-SN_6751
HEL;0600;+0200;1215;+0300;0;LH_1083-LH_846
HEL;0600;+0200;1215;+0300;0;SQ_2005-SQ_2004
HEL;0655;+0200;1310;+0300;0;KL_2024-KL_1167
HEL;0705;+0200;1320;+0300;0;KF_5712-KF_32
HEL;0705;+0200;1320;+0300;0;SN_3594-SN_6751
HEL;1040;+0200;1655;+0300;0;LX_531-LX_4790
HEL;1745;+0200;0015;+0300;1;KL_2028-KL_1171
HEL;1640;+0200;2325;+0300;0;KF_5714-KF_34
HEL;1640;+0200;2325;+0300;0;SN_3590-SN_6755
HEL;1845;+0200;0130;+0300;1;LH_1079-LH_854
HEL;1845;+0200;0130;+0300;1;BD_3087-BD_3124
HEL;1845;+0200;0130;+0300;1;SK_3716-SK_3674
HEL;0925;+0200;1615;+0300;0;AF_7653-AF_1498
HEL;0610;+0200;1315;+0300;0;UA_8881-UA_8735
HEL;1815;+0200;0120;+0300;1;SK_1794-SK_6544
HEL;0600;+0200;1315;+0300;0;UA_8881-UA_8735
HEL;1025;+0200;1740;+0300;0;UA_8891-UA_9022
HEL;0730;+0200;1450;+0300;0;AF_7651-AF_2298
HEL;1020;+0200;1740;+0300;0;UA_8891-UA_9022
HEL;1025;+0200;1800;+0300;0;LH_1075-LH_850
HEL;1025;+0200;1800;+0300;0;UA_8891-UA_9022
HEL;1025;+0200;1800;+0300;0;SK_3594-SK_3616
HEL;1020;+0200;1800;+0300;0;UA_8891-UA_9022
HEL;0610;+0200;1405;+0300;0;UA_8881-UA_8735
HEL;0600;+0200;1405;+0300;0;SK_3340-SK_3606
HEL;0600;+0200;1405;+0300;0;LH_1083-LH_848
HEL;0600;+0200;1405;+0300;0;UA_8881-UA_8735
HEL;1455;+0200;2305;+0300;0;BD_3083-BD_3122
HEL;1455;+0200;2305;+0300;0;LH_1077-LH_852
HEL;1455;+0200;2305;+0300;0;SK_3718-SK_3672
HEL;1455;+0200;2305;+0300;0;NH_6130-NH_6173
HEL;0630;+0200;1450;+0300;0;AF_7401-AF_2298
HEL;0705;+0200;1530;+0300;0;IB_8709-IB_7426
HEL;1045;+0200;1915;+0300;0;AF_7641-AF_1098
HEL;1040;+0200;1915;+0300;0;AF_7417-AF_1098
HEL;1045;+0200;1920;+0300;0;AF_7641-AF_1098
HEL;1450;+0200;2325;+0300;0;LX_533-LX_4792
HEL;1040;+0200;1920;+0300;0;AF_7417-AF_1098
HEL;0730;+0200;1615;+0300;0;AF_7651-AF_1498
HEL;0815;+0200;1700;+0300;0;BA_365-BA_794
HEL;0815;+0200;1705;+0300;0;AA_6717-AA_6538
HEL;1215;+0200;2105;+0300;0;AA_6715-AA_6054
HEL;1215;+0200;2105;+0300;0;BA_361-BA_6080
HEL;1350;+0200;2255;+0300;0;AF_7643-AF_1798
HEL;0900;+0200;1810;+0300;0;SK_3322-SK_3362
HEL;0900;+0200;1810;+0300;0;LH_2247-LH_2464
HEL;1155;+0200;2105;+0300;0;AA_6715-AA_6054
HEL;0630;+0200;1615;+0300;0;AF_7401-AF_1498
ZRH;1845;+0200;1945;+0200;0;LX_537
ZRH;0700;+0200;0805;+0200;0;LX_539
ZRH;1450;+0200;1555;+0200;0;LX_533
ZRH;1040;+0200;1150;+0200;0;LX_531
ZRH;1350;+0200;1705;+0200;0;AF_7643-AF_5106
ZRH;1715;+0200;2030;+0200;0;LH_2251-LH_2374
ZRH;0900;+0200;1220;+0200;0;LH_2247-LH_2368
ZRH;1700;+0200;2020;+0200;0;AF_7645-AF_5110
ZRH;1045;+0200;1415;+0200;0;AF_7641-AF_5104
ZRH;0600;+0200;0935;+0200;0;LH_1083-LH_1186
ZRH;0720;+0200;1105;+0200;0;SN_3594-SN_5103
ZRH;1255;+0200;1640;+0200;0;LH_2249-LH_2370
ZRH;0600;+0200;0950;+0200;0;LH_1083-LH_5770
ZRH;0730;+0200;1125;+0200;0;AF_7651-AF_5102
ZRH;0640;+0200;1040;+0200;0;LH_2255-LH_5782
ZRH;0705;+0200;1105;+0200;0;SN_3594-SN_5103
ZRH;1455;+0200;1900;+0200;0;LH_1077-LH_5776
ZRH;0655;+0200;1105;+0200;0;KL_2024-KL_1957
ZRH;0700;+0200;1115;+0200;0;LH_3271-LH_5794
ZRH;1025;+0200;1440;+0200;0;BD_3089-BD_3558
ZRH;1025;+0200;1440;+0200;0;LH_1075-LH_1192
ZRH;1455;+0200;1920;+0200;0;BD_3083-BD_3554
ZRH;1455;+0200;1920;+0200;0;LH_1077-LH_1198
ZRH;1455;+0200;1920;+0200;0;NH_6130-NH_6101
ZRH;0815;+0200;1245;+0200;0;QF_3532-QF_3384
ZRH;0815;+0200;1245;+0200;0;BA_365-BA_712
ZRH;1155;+0200;1625;+0200;0;AA_6715-AA_6354
ZRH;1640;+0200;2110;+0200;0;SN_3590-SN_5113
ZRH;1715;+0200;2145;+0200;0;LH_2251-LH_5788
ZRH;1200;+0200;1635;+0200;0;KL_2030-KL_1961
ZRH;1745;+0200;2225;+0200;0;KL_2028-KL_1969
ZRH;0925;+0200;1415;+0200;0;AF_7653-AF_5104
ZRH;0720;+0200;1215;+0200;0;SN_3594-SN_5105
ZRH;1025;+0200;1525;+0200;0;LH_1075-LH_5774
ZRH;1255;+0200;1800;+0200;0;LH_2249-LH_5786
ZRH;1350;+0200;1855;+0200;0;AF_7643-AF_5108
ZRH;0705;+0200;1215;+0200;0;SN_3594-SN_5105
ZRH;0935;+0200;1445;+0200;0;LH_3265-LH_3136
GVA;1845;+0200;2125;+0200;0;LX_537-LX_2816
GVA;1450;+0200;1740;+0200;0;LX_533-LX_2808
GVA;0900;+0200;1220;+0200;0;LH_2247-LH_2382
GVA;1040;+0200;1400;+0200;0;LX_531-LX_2806
GVA;1350;+0200;1710;+0200;0;AF_7643-AF_2442
GVA;0700;+0200;1025;+0200;0;LX_539-LX_2804
GVA;1045;+0200;1410;+0200;0;AF_7641-AF_2142
GVA;1350;+0200;1715;+0200;0;AF_7643-AF_2442
GVA;1850;+0200;2215;+0200;0;SN_3592-SN_2723
GVA;1905;+0200;2230;+0200;0;LH_2253-LH_2390
GVA;1255;+0200;1625;+0200;0;LH_2249-LH_2384
GVA;1450;+0200;1825;+0200;0;LX_533-LX_2810
GVA;0730;+0200;1110;+0200;0;AF_7651-AF_1842
GVA;0730;+0200;1115;+0200;0;AF_7651-AF_1842
GVA;0925;+0200;1310;+0200;0;AF_7653-AF_2042
GVA;1640;+0200;2025;+0200;0;SN_3590-SN_2721
GVA;1845;+0200;2230;+0200;0;LH_1079-LH_1228
GVA;1845;+0200;2230;+0200;0;BD_3087-BD_3114
GVA;1640;+0200;2030;+0200;0;BD_5360-BD_5281
GVA;1640;+0200;2030;+0200;0;SN_3590-SN_2721
GVA;1025;+0200;1420;+0200;0;BD_3089-BD_3106
GVA;1025;+0200;1420;+0200;0;LH_1075-LH_1218
GVA;1745;+0200;2145;+0200;0;KL_2028-KL_1937
GVA;0655;+0200;1100;+0200;0;KL_2024-KL_1927
GVA;0600;+0200;1015;+0200;0;LH_1083-LH_1214
GVA;0600;+0200;1015;+0200;0;SQ_2005-SQ_2046
GVA;0650;+0200;1105;+0200;0;AF_7846-AF_4358
GVA;1200;+0200;1620;+0200;0;KL_2030-KL_1931
GVA;1215;+0200;1640;+0200;0;AA_6715-AA_6342
GVA;1215;+0200;1640;+0200;0;BA_361-BA_732
GVA;1455;+0200;1925;+0200;0;BD_3083-BD_3104
GVA;1455;+0200;1925;+0200;0;LH_1077-LH_1226
GVA;1640;+0200;2110;+0200;0;BD_5360-BD_5283
GVA;1455;+0200;1930;+0200;0;BD_3083-BD_3120
GVA;1455;+0200;1930;+0200;0;NH_6130-NH_6107
GVA;1455;+0200;1930;+0200;0;LH_1077-LH_1224
GVA;1845;+0200;2320;+0200;0;LX_537-LX_2818
GVA;0700;+0200;1140;+0200;0;LH_3271-LH_3158
GVA;0815;+0200;1255;+0200;0;BA_365-BA_728
GVA;0815;+0200;1300;+0200;0;AA_6717-AA_6338
GVA;0925;+0200;1410;+0200;0;AF_7653-AF_2142
GVA;1155;+0200;1640;+0200;0;AA_6715-AA_6342
GVA;1700;+0200;2145;+0200;0;AF_7645-AF_1242
GVA;0720;+0200;1215;+0200;0;UA_9944-UA_9935
GVA;0720;+0200;1215;+0200;0;SN_3594-SN_2715