MAD;1200;+0200;1415;+0200;0;IB_3202
MAD;1605;+0200;1820;+0200;0;IB_3214
MAD;1945;+0200;2200;+0200;0;IB_3208
MAD;1205;+0200;1425;+0200;0;SN_3722
MAD;2055;+0200;2315;+0200;0;JK_9273
MAD;2055;+0200;2315;+0200;0;SN_3730
MAD;0640;+0200;0905;+0200;0;UA_9956
MAD;0640;+0200;0905;+0200;0;SN_3732
MAD;0640;+0200;0905;+0200;0;JK_9267
MAD;0900;+0200;1125;+0200;0;IB_3206
MAD;1220;+0200;1445;+0200;0;JK_9269
MAD;1730;+0200;1955;+0200;0;SN_3728
MAD;1730;+0200;1955;+0200;0;JK_9271
MAD;1730;+0200;2000;+0200;0;SN_3728
MAD;1015;+0200;1415;+0200;0;LX_2043-LX_4160
MAD;0935;+0200;1350;+0200;0;LX_2021-LX_780
MAD;1800;+0200;2235;+0200;0;LH_1805-LH_2296
MAD;0715;+0200;1155;+0200;0;AF_2101-AF_7179
MAD;1830;+0200;2310;+0200;0;JK_444-JK_9261
MAD;0710;+0200;1155;+0200;0;AF_2101-AF_7179
MAD;1300;+0200;1745;+0200;0;KL_1702-KL_1731
MAD;1350;+0200;1835;+0200;0;LH_6803-LH_1018
MAD;0555;+0200;1045;+0200;0;KL_1708-KL_1723
MAD;0905;+0200;1400;+0200;0;LH_6801-LH_1012
MAD;0950;+0200;1445;+0200;0;BA_7062-BA_394
MAD;1030;+0200;1535;+0200;0;AZ_7915-AZ_7196
MAD;1530;+0200;2035;+0200;0;NH_6096-NH_6085
MAD;1530;+0200;2035;+0200;0;LH_1803-LH_2294
MAD;1720;+0200;2225;+0200;0;BA_465-BA_404
MAD;1535;+0200;2043;+0200;0;AF_1601-AF_7187
MAD;1230;+0200;1740;+0200;0;LH_1113-LH_1016
MAD;1045;+0200;1605;+0200;0;AA_6277-AA_6456
MAD;1310;+0200;1835;+0200;0;AA_5492-AA_6457
MAD;1630;+0200;2155;+0200;0;BA_7058-BA_404
MAD;1815;+0200;2340;+0200;0;TP_1017-TP_618
MAD;1005;+0200;1540;+0200;0;TP_1011-TP_608
MAD;0845;+0200;1425;+0200;0;JK_6116-JK_9286
MAD;1750;+0200;2330;+0200;0;AZ_63-AZ_164
MAD;1445;+0200;2030;+0200;0;OK_701-OK_634
MAD;1620;+0200;2205;+0200;0;KL_1704-KL_1733
MAD;0855;+0200;1445;+0200;0;BA_7054-BA_394
MAD;0855;+0200;1445;+0200;0;QF_4202-QF_3391
MAD;1625;+0200;2215;+0200;0;LH_1115-LH_1024
MAD;0855;+0200;1450;+0200;0;AA_5491-AA_6427
MAD;1240;+0200;1835;+0200;0;AA_5492-AA_6457
MAD;1240;+0200;1835;+0200;0;BA_7056-BA_398
MAD;1500;+0200;2055;+0200;0;BA_7060-BA_400
MAD;1630;+0200;2225;+0200;0;BA_7058-BA_404
MAD;0800;+0200;1400;+0200;0;KL_1710-KL_1725
MAD;1235;+0200;1835;+0200;0;BA_457-BA_398
MAD;0805;+0200;1410;+0200;0;TP_1007-TP_602
MAD;1040;+0200;1645;+0200;0;LH_1111-LH_1014
MAD;1230;+0200;1835;+0200;0;LH_1113-LH_1018
MAD;1610;+0200;2215;+0200;0;LH_1115-LH_1024
MAD;1035;+0200;1645;+0200;0;LH_1111-LH_1014
MAD;1215;+0200;1825;+0200;0;LH_1801-LH_2292
MAD;1235;+0200;1845;+0200;0;AF_1301-AF_7185
MAD;1525;+0200;2135;+0200;0;LX_2027-LX_770
MAD;1350;+0200;2005;+0200;0;LH_6803-LH_1020
MAD;0950;+0200;1615;+0200;0;BA_7062-BA_396
MAD;1005;+0200;1630;+0200;0;TP_1011-TP_608
MAD;0615;+0200;1245;+0200;0;LH_1121-LH_1010
MAD;0750;+0200;1423;+0200;0;AF_1831-AF_7183
MAD;1200;+0200;1835;+0200;0;TP_1013-TP_614
MAD;1310;+0200;1945;+0200;0;SK_582-SK_597
MAD;1420;+0200;2055;+0200;0;BA_459-BA_400
MAD;0740;+0200;1425;+0200;0;LH_1807-LH_2288
BCN;2105;+0200;2310;+0200;0;SN_3706
BCN;2105;+0200;2310;+0200;0;JK_9261
BCN;0630;+0200;0840;+0200;0;JK_9251
BCN;0630;+0200;0840;+0200;0;SN_3708
BCN;0630;+0200;0840;+0200;0;UA_9952
BCN;0910;+0200;1120;+0200;0;SN_3696
BCN;0910;+0200;1120;+0200;0;JK_9253
BCN;1235;+0200;1445;+0200;0;SN_3702
BCN;1520;+0200;1730;+0200;0;JK_9257
BCN;1650;+0200;1900;+0200;0;SN_3704
BCN;2115;+0200;2325;+0200;0;SN_3706
BCN;0635;+0200;0940;+0200;0;AF_5895-AF_5402
BCN;1740;+0200;2110;+0200;0;AF_5907-AF_5406
BCN;1450;+0200;1840;+0200;0;LX_1943-LX_4158
BCN;1810;+0200;2205;+0200;0;KL_1676-KL_1733
BCN;0630;+0200;1030;+0200;0;LX_1951-LX_778
BCN;1605;+0200;2005;+0200;0;LH_1129-LH_1020
BCN;0945;+0200;1350;+0200;0;LX_1953-LX_780
BCN;1420;+0200;1825;+0200;0;LH_1813-LH_2292
BCN;0615;+0200;1025;+0200;0;LH_1819-LH_2284
BCN;1230;+0200;1645;+0200;0;LH_1127-LH_1014
BCN;1300;+0200;1715;+0200;0;AF_5899-AF_5404
BCN;0625;+0200;1045;+0200;0;KL_1662-KL_1723
BCN;0735;+0200;1155;+0200;0;AF_2149-AF_7179
BCN;0950;+0200;1415;+0200;0;IB_6775-IB_3202
BCN;1110;+0200;1535;+0200;0;AZ_7895-AZ_7196
BCN;1445;+0200;1910;+0200;0;LX_1955-LX_788
BCN;1315;+0200;1745;+0200;0;KL_1672-KL_1731
BCN;1805;+0200;2235;+0200;0;LH_1815-LH_2296
BCN;0810;+0200;1245;+0200;0;LH_1137-LH_1010
BCN;1015;+0200;1450;+0200;0;AA_6286-AA_6427
BCN;1140;+0200;1615;+0200;0;BA_479-BA_396
BCN;1200;+0200;1635;+0200;0;LH_1811-LH_2290
BCN;0625;+0200;1110;+0200;0;AZ_75-AZ_156
BCN;0930;+0200;1415;+0200;0;IB_6757-IB_3202
BCN;1335;+0200;1820;+0200;0;IB_6767-IB_3214
BCN;1345;+0200;1830;+0200;0;OK_689-OK_632
BCN;1845;+0200;2330;+0200;0;AZ_79-AZ_164
BCN;1555;+0200;2043;+0200;0;AF_1649-AF_7187
BCN;0635;+0200;1130;+0200;0;OS_396-OS_8171
BCN;0650;+0200;1155;+0200;0;AF_2349-AF_7179
BCN;0910;+0200;1415;+0200;0;IB_6755-IB_3202
BCN;0910;+0200;1415;+0200;0;LX_1941-LX_4160
BCN;1230;+0200;1740;+0200;0;LH_1127-LH_1016
BCN;1325;+0200;1835;+0200;0;BA_485-BA_398
BCN;1325;+0200;1835;+0200;0;AA_6296-AA_6457
BCN;1100;+0200;1615;+0200;0;BA_479-BA_396
BCN;1640;+0200;2155;+0200;0;BA_475-BA_404
BCN;1800;+0200;2315;+0200;0;JK_429-JK_9273
BCN;1640;+0200;2200;+0200;0;IB_2705-IB_3208
BCN;1115;+0200;1640;+0200;0;SK_9973-SK_1593
BCN;1345;+0200;1910;+0200;0;OS_398-OS_355
BCN;1450;+0200;2015;+0200;0;LX_1943-LX_4164
BCN;0845;+0200;1415;+0200;0;IB_6753-IB_3202
BCN;0845;+0200;1425;+0200;0;JK_6502-JK_9286
BCN;1145;+0200;1725;+0200;0;AZ_77-AZ_160
BCN;1240;+0200;1820;+0200;0;IB_2751-IB_3214
BCN;1620;+0200;2205;+0200;0;KL_1674-KL_1733
BCN;1640;+0200;2225;+0200;0;JL_7742-JL_7705
BCN;1640;+0200;2225;+0200;0;BA_475-BA_404
BCN;0615;+0200;1205;+0200;0;LH_1819-LH_2286
BCN;0810;+0200;1400;+0200;0;LH_1137-LH_1012
BCN;0810;+0200;1400;+0200;0;KL_1664-KL_1725
BCN;1015;+0200;1605;+0200;0;AA_6286-AA_6456
BCN;1255;+0200;1845;+0200;0;AF_1349-AF_7185
BCN;0650;+0200;1245;+0200;0;LH_1139-LH_1010
BCN;1240;+0200;1835;+0200;0;TP_1041-TP_614
BCN;1030;+0200;1635;+0200;0;LH_6723-LH_2290
BCN;1040;+0200;1645;+0200;0;LH_1125-LH_1014
BCN;1230;+0200;1835;+0200;0;LH_1127-LH_1018
BCN;0800;+0200;1410;+0200;0;TP_1035-TP_602
BCN;0815;+0200;1425;+0200;0;LH_1817-LH_2288
BCN;0835;+0200;1445;+0200;0;JK_451-JK_9269
BCN;1605;+0200;2215;+0200;0;LH_1129-LH_1024
BCN;1420;+0200;2035;+0200;0;LH_1813-LH_2294
BCN;1440;+0200;2055;+0200;0;BA_489-BA_400
BCN;1110;+0200;1735;+0200;0;SK_9919-SK_1589
BCN;1200;+0200;1825;+0200;0;LH_1811-LH_2292
BCN;1345;+0200;2010;+0200;0;OS_398-OS_8173
BCN;1525;+0200;2150;+0200;0;LO_438-LO_231
LON;0900;+0100;1105;+0200;0;QF_3389
LON;0900;+0100;1105;+0200;0;BA_392
LON;1240;+0100;1445;+0200;0;BA_394
LON;1240;+0100;1445;+0200;0;QF_3391
LON;1245;+0100;1450;+0200;0;AA_6427
LON;0655;+0100;0905;+0200;0;BA_388
LON;0855;+0100;1105;+0200;0;AA_6425
LON;1355;+0100;1605;+0200;0;AA_6456
LON;1405;+0100;1615;+0200;0;BA_396
LON;1845;+0100;2055;+0200;0;BA_400
LON;1900;+0100;2110;+0200;0;SN_2102
LON;1900;+0100;2110;+0200;0;SQ_2820
LON;1900;+0100;2110;+0200;0;BD_5436
LON;1945;+0100;2155;+0200;0;BA_404
LON;2015;+0100;2225;+0200;0;JL_7705
LON;2015;+0100;2225;+0200;0;SN_2102
LON;2015;+0100;2225;+0200;0;BA_404
LON;0650;+0100;0905;+0200;0;BD_5438
LON;0650;+0100;0905;+0200;0;SN_2104
LON;0820;+0100;1035;+0200;0;SQ_2822
LON;0820;+0100;1035;+0200;0;BD_5432
LON;0820;+0100;1035;+0200;0;SN_2092
LON;1005;+0100;1220;+0200;0;SN_2094
LON;1105;+0100;1320;+0200;0;BD_5434
LON;1105;+0100;1320;+0200;0;SN_2094
LON;1620;+0100;1835;+0200;0;BA_398
LON;1620;+0100;1835;+0200;0;QF_3393
LON;1620;+0100;1835;+0200;0;AA_6457
LON;1750;+0100;2005;+0200;0;SN_2096
LON;0955;+0100;1400;+0200;0;KL_1008-KL_1725
LON;1805;+0100;2215;+0200;0;LH_915-LH_1024
LON;0630;+0100;1045;+0200;0;KL_1000-KL_1723
LON;1600;+0100;2015;+0200;0;BD_590-BD_5378
LON;1415;+0100;1835;+0200;0;LH_907-LH_1018
LON;1450;+0100;1915;+0200;0;LH_3393-LH_5580
LON;1700;+0100;2135;+0200;0;LX_325-LX_770
LON;1740;+0100;2215;+0200;0;LH_899-LH_1024
LON;1400;+0100;1840;+0200;0;LX_355-LX_4158
LON;1400;+0100;1840;+0200;0;BD_6775-BD_5280
LON;1450;+0100;1930;+0200;0;LH_3393-LH_5580
LON;1450;+0100;1930;+0200;0;BD_3303-BD_5388
LON;1525;+0100;2005;+0200;0;LH_909-LH_1020
LON;0710;+0100;1155;+0200;0;AF_1081-AF_7179
LON;1355;+0100;1840;+0200;0;BD_6835-BD_5280
LON;1355;+0100;1840;+0200;0;LX_435-LX_4158
LON;0910;+0100;1400;+0200;0;LH_929-LH_1012
LON;0910;+0100;1400;+0200;0;LH_901-LH_1012
LON;0910;+0100;1400;+0200;0;UA_9548-UA_9354
LON;0935;+0100;1425;+0200;0;LH_2471-LH_2288
LON;1120;+0100;1610;+0200;0;BD_588-BD_5376
LON;0750;+0100;1245;+0200;0;LH_927-LH_1010
LON;0755;+0100;1250;+0200;0;BD_582-BD_5374
LON;0850;+0100;1345;+0200;0;BD_52-BD_1629
LON;1710;+0100;2205;+0200;0;KL_1022-KL_1733
LON;1145;+0100;1645;+0200;0;LH_905-LH_1014
ROM;0645;+0200;0900;+0200;0;UA_9938
ROM;0645;+0200;0900;+0200;0;HU_8090
ROM;0645;+0200;0900;+0200;0;SN_3188
ROM;0855;+0200;1110;+0200;0;AZ_156
ROM;0855;+0200;1110;+0200;0;AF_3793
ROM;1020;+0200;1235;+0200;0;SN_3176
ROM;1510;+0200;1725;+0200;0;AF_3795
ROM;1510;+0200;1725;+0200;0;AZ_160
ROM;1635;+0200;1850;+0200;0;SN_3182
ROM;2055;+0200;2310;+0200;0;SN_3184
ROM;2115;+0200;2330;+0200;0;AZ_164
ROM;2115;+0200;2330;+0200;0;AF_3797
ROM;1020;+0200;1240;+0200;0;SN_3176
ROM;1500;+0200;1830;+0200;0;AZ_2044-AZ_7096
ROM;1740;+0200;2110;+0200;0;AF_5820-AF_5406
ROM;1200;+0200;1535;+0200;0;AZ_2034-AZ_7196
ROM;0645;+0200;1025;+0200;0;LH_1851-LH_2284
ROM;0650;+0200;1030;+0200;0;LX_1735-LX_778
ROM;1455;+0200;1835;+0200;0;NH_6122-NH_6171
ROM;1455;+0200;1835;+0200;0;LH_235-LH_1018
ROM;1855;+0200;2235;+0200;0;LH_1849-LH_2296
ROM;1010;+0200;1400;+0200;0;LH_231-LH_1012
ROM;1825;+0200;2215;+0200;0;LH_237-LH_1024
ROM;0620;+0200;1020;+0200;0;LH_243-LH_1008
ROM;1420;+0200;1825;+0200;0;LH_1845-LH_2292
ROM;1425;+0200;1830;+0200;0;OK_725-OK_632
ROM;1645;+0200;2055;+0200;0;LX_1715-LX_766
ROM;0935;+0200;1350;+0200;0;LX_1727-LX_780
ROM;1255;+0200;1715;+0200;0;AF_5822-AF_5404
ROM;1320;+0200;1740;+0200;0;LH_233-LH_1016
ROM;1450;+0200;1910;+0200;0;LX_1737-LX_788
ROM;0620;+0200;1045;+0200;0;KL_1596-KL_1723
ROM;1210;+0200;1635;+0200;0;LH_1843-LH_2290
ROM;1400;+0200;1830;+0200;0;AZ_2068-AZ_7096
ROM;0720;+0200;1155;+0200;0;AF_2305-AF_7179
ROM;1100;+0200;1535;+0200;0;AZ_2032-AZ_7196
ROM;1725;+0200;2205;+0200;0;KL_1604-KL_1733
ROM;1255;+0200;1745;+0200;0;KL_1602-KL_1731
ROM;0700;+0200;1155;+0200;0;AF_9831-AF_7179
ROM;1450;+0200;1945;+0200;0;SK_682-SK_597
ROM;1335;+0200;1835;+0200;0;BA_549-BA_398
ROM;1335;+0200;1835;+0200;0;AA_6511-AA_6457
ROM;0855;+0200;1400;+0200;0;KL_3400-KL_1725
ROM;1535;+0200;2043;+0200;0;AF_9845-AF_7187
ROM;1455;+0200;2005;+0200;0;LH_235-LH_1020
ROM;1715;+0200;2225;+0200;0;BA_559-BA_404
ROM;1320;+0200;1835;+0200;0;LH_233-LH_1018
ROM;1720;+0200;2235;+0200;0;LH_1847-LH_2296
ROM;0645;+0200;1205;+0200;0;LH_1851-LH_2286
ROM;0855;+0200;1423;+0200;0;AF_9833-AF_7183
ROM;1300;+0200;1830;+0200;0;AZ_2038-AZ_7096
ROM;1000;+0200;1535;+0200;0;AZ_2036-AZ_7196
ROM;1520;+0200;2055;+0200;0;BA_547-BA_400
ROM;1625;+0200;2200;+0200;0;IB_3675-IB_3208
ROM;0840;+0200;1425;+0200;0;LH_1841-LH_2288
ROM;1300;+0200;1845;+0200;0;AF_1505-AF_7185
ROM;0930;+0200;1535;+0200;0;AZ_2030-AZ_7196
ROM;1130;+0200;1735;+0200;0;OU_383-OU_4456
ROM;1215;+0200;1820;+0200;0;IB_3613-IB_3214
ROM;1425;+0200;2030;+0200;0;OK_725-OK_634
ROM;1430;+0200;2043;+0200;0;AF_9839-AF_7187
ROM;0800;+0200;1415;+0200;0;IB_3609-IB_3202
ROM;0920;+0200;1535;+0200;0;AZ_2310-AZ_7196
ROM;1210;+0200;1825;+0200;0;LH_1843-LH_2292
ROM;1420;+0200;2035;+0200;0;LH_1845-LH_2294
LIS;0755;+0100;1135;+0200;0;SN_6402
LIS;1455;+0100;1835;+0200;0;EY_5812
LIS;1455;+0100;1835;+0200;0;SN_6404
LIS;1455;+0100;1835;+0200;0;TP_614
LIS;0710;+0100;1055;+0200;0;TP_606
LIS;0905;+0100;1250;+0200;0;SN_3814
LIS;0905;+0100;1250;+0200;0;BD_5564
LIS;1155;+0100;1540;+0200;0;TP_608
LIS;1235;+0100;1620;+0200;0;SN_3816
LIS;1245;+0100;1630;+0200;0;TP_608
LIS;1245;+0100;1630;+0200;0;SN_6410
LIS;1545;+0100;1930;+0200;0;TP_614
LIS;1940;+0100;2325;+0200;0;SN_3820
LIS;1945;+0100;2330;+0200;0;SN_6406
LIS;1955;+0100;2340;+0200;0;TP_618
LIS;1635;+0100;2200;+0200;0;IB_3103-IB_3208
LIS;1745;+0100;2315;+0200;0;JK_9424-JK_9273
LIS;0830;+0100;1415;+0200;0;IB_3107-IB_3202
LIS;0840;+0100;1425;+0200;0;JK_9464-JK_9286
LIS;0900;+0100;1445;+0200;0;JK_9448-JK_9269
LIS;1235;+0100;1820;+0200;0;IB_3109-IB_3214
LIS;1420;+0100;2005;+0200;0;LH_6953-LH_1020
LIS;0615;+0100;1205;+0200;0;UA_8957-UA_9284
LIS;0615;+0100;1205;+0200;0;LH_1793-LH_2286
LIS;0655;+0100;1245;+0200;0;LH_1173-LH_1010
LIS;0800;+0100;1350;+0200;0;LX_4581-LX_780
LIS;1215;+0100;1805;+0200;0;LX_2085-LX_782
LIS;0600;+0100;1155;+0200;0;AF_2325-AF_7179
LIS;1105;+0100;1700;+0200;0;SN_6411-SN_3812
LIS;0810;+0100;1410;+0200;0;TP_1952-TP_602
LIS;0820;+0100;1423;+0200;0;AF_2325-AF_7183
LIS;1105;+0100;1725;+0200;0;EY_5846-EY_7278
LIS;1415;+0100;2035;+0200;0;LH_1791-LH_2294
LIS;0800;+0100;1425;+0200;0;LH_6951-LH_2288
LIS;0800;+0100;1425;+0200;0;A3_1758-A3_1420
LIS;0800;+0100;1430;+0200;0;A3_1758-A3_1420
LIS;0815;+0100;1445;+0200;0;BA_499-BA_394
LIS;1205;+0100;1835;+0200;0;LH_1167-LH_1018
LIS;1535;+0100;2205;+0200;0;KL_1694-KL_1733
LIS;0815;+0100;1450;+0200;0;AA_6402-AA_6427
LIS;1200;+0100;1835;+0200;0;SN_7076-SN_7010
LIS;1330;+0100;2010;+0200;0;OS_8154-OS_8173
LIS;1630;+0100;2310;+0200;0;JK_9400-JK_9261
LIS;0715;+0100;1400;+0200;0;KL_1692-KL_1725
LIS;1450;+0100;2135;+0200;0;LX_4583-LX_770
LIS;1215;+0100;1910;+0200;0;LX_2085-LX_788
LIS;0655;+0100;1400;+0200;0;UA_8862-UA_9354
LIS;0655;+0100;1400;+0200;0;LH_1173-LH_1012
LIS;0650;+0100;1400;+0200;0;SN_7128-SN_7004
LIS;0650;+0100;1400;+0200;0;UA_8862-UA_9354
LIS;1315;+0100;2030;+0200;0;TP_1960-TP_602
LIS;0650;+0100;1410;+0200;0;TP_1950-TP_602
LIS;0655;+0100;1415;+0200;0;IB_3119-IB_3202
LIS;1335;+0100;2055;+0200;0;BA_507-BA_400
LIS;1115;+0100;1845;+0200;0;AF_1025-AF_7185
LIS;1100;+0100;1835;+0200;0;AA_6575-AA_6457
LIS;1100;+0100;1835;+0200;0;BA_501-BA_398
LIS;0705;+0100;1445;+0200;0;JK_9414-JK_9269
LIS;0905;+0100;1650;+0200;0;JK_9476-JK_9285
LIS;0815;+0100;1605;+0200;0;AA_6402-AA_6456
LIS;0930;+0100;1725;+0200;0;AZ_7765-AZ_160
LIS;1200;+0100;1955;+0200;0;SN_7076-SN_7012
LIS;1420;+0100;2215;+0200;0;LH_6953-LH_1024
LIS;0815;+0100;1615;+0200;0;BA_499-BA_396
LIS;1155;+0100;1955;+0200;0;JK_9416-JK_9271
LIS;1205;+0100;2005;+0200;0;LH_1167-LH_1020
LIS;1515;+0100;2315;+0200;0;JK_9468-JK_9273
LIS;0615;+0100;1425;+0200;0;LH_1793-LH_2288
LIS;0835;+0100;1645;+0200;0;LH_6955-LH_1014
LIS;1000;+0100;1820;+0200;0;IB_3111-IB_3214
LIS;1335;+0100;2155;+0200;0;BA_507-BA_404
LIS;1415;+0100;2235;+0200;0;LH_1791-LH_2296
LIS;0600;+0100;1423;+0200;0;AF_2325-AF_7183
LIS;0905;+0100;1730;+0200;0;JK_9430-JK_9257
LIS;0650;+0100;1520;+0200;0;EY_5844-EY_7278
LIS;0800;+0100;1635;+0200;0;LH_6951-LH_2290
LIS;1430;+0100;2310;+0200;0;JK_9493-JK_9261
CPH;1120;+0200;1250;+0200;0;SK_1591
CPH;1510;+0200;1640;+0200;0;UA_6907
CPH;1510;+0200;1640;+0200;0;SK_1593
CPH;0815;+0200;0950;+0200;0;SK_593
CPH;0815;+0200;0950;+0200;0;UA_6909
CPH;1810;+0200;1945;+0200;0;SK_597
CPH;1900;+0200;2035;+0200;0;TF_2281
CPH;1900;+0200;2035;+0200;0;SN_2264
CPH;0635;+0200;0815;+0200;0;SN_2268
CPH;0635;+0200;0815;+0200;0;UA_9912
CPH;0850;+0200;1030;+0200;0;TF_2273
CPH;0850;+0200;1030;+0200;0;SN_2256
CPH;0850;+0200;1030;+0200;0;UA_9910
CPH;0900;+0200;1040;+0200;0;UA_9910
CPH;0900;+0200;1040;+0200;0;HU_8094
CPH;0900;+0200;1040;+0200;0;SN_2256
CPH;1310;+0200;1450;+0200;0;SN_2258
CPH;1310;+0200;1450;+0200;0;TF_2275
CPH;1330;+0200;1510;+0200;0;SN_2258
CPH;1700;+0200;1840;+0200;0;TF_2279
CPH;1700;+0200;1840;+0200;0;SN_2260
CPH;1415;+0200;1730;+0200;0;LH_6069-LH_5584
CPH;0700;+0200;1020;+0200;0;LH_6219-LH_1008
CPH;0925;+0200;1245;+0200;0;LH_6221-LH_1010
CPH;1425;+0200;1745;+0200;0;KL_1130-KL_1731
CPH;1645;+0200;2005;+0200;0;LH_829-LH_1020
CPH;1720;+0200;2055;+0200;0;LX_1291-LX_766
CPH;0645;+0200;1025;+0200;0;LH_6259-LH_2284
CPH;1020;+0200;1400;+0200;0;UA_9029-UA_9354
CPH;1020;+0200;1400;+0200;0;LH_823-LH_1012
CPH;1255;+0200;1635;+0200;0;LH_2443-LH_2290
CPH;1545;+0200;1925;+0200;0;LH_6251-LH_3360
CPH;1015;+0200;1400;+0200;0;KL_1126-KL_1725
CPH;1440;+0200;1825;+0200;0;LH_6257-LH_2292
CPH;1450;+0200;1835;+0200;0;LH_6265-LH_1018
CPH;1650;+0200;2035;+0200;0;LH_2445-LH_2294
CPH;1740;+0200;2135;+0200;0;LX_4705-LX_770
CPH;1925;+0200;2320;+0200;0;LH_6039-LH_5570
CPH;1415;+0200;1815;+0200;0;BD_3876-BD_3795
CPH;1415;+0200;1815;+0200;0;SK_1458-SK_4745
CPH;0820;+0200;1230;+0200;0;LH_6239-LH_5582
CPH;0940;+0200;1350;+0200;0;LX_1267-LX_780
CPH;1010;+0200;1423;+0200;0;AF_1751-AF_7183
CPH;0605;+0200;1020;+0200;0;UA_9265-UA_8819
CPH;0715;+0200;1130;+0200;0;OS_308-OS_8171
CPH;1410;+0200;1825;+0200;0;LH_6037-LH_5566
CPH;0600;+0200;1020;+0200;0;SQ_2009-SQ_2038
CPH;0600;+0200;1020;+0200;0;LH_833-LH_1008
CPH;0600;+0200;1020;+0200;0;UA_9265-UA_8819
CPH;1030;+0200;1450;+0200;0;AA_6387-AA_6427
CPH;1805;+0200;2225;+0200;0;BA_819-BA_404
CPH;0820;+0200;1245;+0200;0;LH_6239-LH_5582
CPH;0825;+0200;1250;+0200;0;BD_3891-BD_5374
CPH;1530;+0200;1955;+0200;0;LO_5454-LO_5235
CPH;1630;+0200;2055;+0200;0;BA_817-BA_400
CPH;1440;+0200;1910;+0200;0;LX_1271-LX_788
CPH;1530;+0200;2000;+0200;0;LO_5454-LO_5235
CPH;1735;+0200;2205;+0200;0;KL_1132-KL_1733
CPH;1805;+0200;2235;+0200;0;LH_6261-LH_2296
CPH;0825;+0200;1300;+0200;0;BD_3891-BD_5374
CPH;0925;+0200;1400;+0200;0;UA_9029-UA_9354
CPH;0925;+0200;1400;+0200;0;LH_6221-LH_1012
CPH;1400;+0200;1835;+0200;0;AA_6535-AA_6457
CPH;1400;+0200;1835;+0200;0;BA_815-BA_398
CPH;1740;+0200;2215;+0200;0;LH_6225-LH_1024
CPH;1335;+0200;1815;+0200;0;SK_458-SK_4745
CPH;0600;+0200;1045;+0200;0;KL_1124-KL_1723
CPH;1325;+0200;1815;+0200;0;JL_7804-JL_7823
CPH;1325;+0200;1815;+0200;0;AY_666-AY_817
CPH;1415;+0200;1905;+0200;0;SK_6694-SK_6511
CPH;1730;+0200;2225;+0200;0;BD_3975-BD_5348
CPH;0655;+0200;1155;+0200;0;AF_1351-AF_7179
CPH;0855;+0200;1355;+0200;0;BD_3973-BD_5340
CPH;1415;+0200;1915;+0200;0;LH_6069-LH_5580
CPH;0800;+0200;1310;+0200;0;LH_6035-LH_5564
CPH;1410;+0200;1920;+0200;0;BD_3966-BD_5518
CPH;1100;+0200;1615;+0200;0;BA_813-BA_396
CPH;1215;+0200;1730;+0200;0;LH_6055-LH_5584
CPH;1415;+0200;1930;+0200;0;LH_6069-LH_5580
CPH;1450;+0200;2005;+0200;0;LH_6265-LH_1020
CPH;1555;+0200;2110;+0200;0;BD_3715-BD_5436
CPH;1525;+0200;2043;+0200;0;AF_2351-AF_7187
CPH;0645;+0200;1205;+0200;0;LH_6259-LH_2286
CPH;1155;+0200;1720;+0200;0;SK_1420-SK_1589
CPH;1630;+0200;2155;+0200;0;BA_817-BA_404
CPH;1745;+0200;2310;+0200;0;OS_304-OS_8175
CPH;1255;+0200;1825;+0200;0;LH_2443-LH_2292
CPH;1645;+0200;2215;+0200;0;LH_829-LH_1024
CPH;0745;+0200;1320;+0200;0;BD_3701-BD_5434
CPH;1030;+0200;1605;+0200;0;AA_6387-AA_6456
CPH;1100;+0200;1635;+0200;0;LH_6247-LH_2290
CPH;1155;+0200;1735;+0200;0;BD_3760-BD_3839
CPH;1155;+0200;1735;+0200;0;SK_1420-SK_1589
CPH;1315;+0200;1855;+0200;0;BD_1604-BD_1631
CPH;0700;+0200;1245;+0200;0;LH_6219-LH_1010
CPH;1300;+0200;1845;+0200;0;AF_2051-AF_7185
CPH;1650;+0200;2235;+0200;0;LH_2445-LH_2296
MIL;1655;+0200;1825;+0200;0;SN_3158
MIL;1655;+0200;1825;+0200;0;LH_5697
MIL;1915;+0200;2045;+0200;0;LH_5699
MIL;0645;+0200;0820;+0200;0;UA_9936
MIL;0645;+0200;0820;+0200;0;LH_5701
MIL;0645;+0200;0820;+0200;0;SN_3162
MIL;0655;+0200;0830;+0200;0;AF_3799
MIL;0655;+0200;0830;+0200;0;AZ_148
MIL;0855;+0200;1030;+0200;0;SN_3154
MIL;0855;+0200;1030;+0200;0;UA_9934
MIL;0855;+0200;1030;+0200;0;LH_5693
MIL;0855;+0200;1030;+0200;0;HU_8048
MIL;1125;+0200;1300;+0200;0;SN_3156
MIL;1125;+0200;1300;+0200;0;LH_5695
MIL;1130;+0200;1305;+0200;0;SN_3156
MIL;1130;+0200;1305;+0200;0;LH_5695
MIL;1200;+0200;1335;+0200;0;SN_3148
MIL;1340;+0200;1515;+0200;0;SN_3148
MIL;1340;+0200;1515;+0200;0;LH_5536
MIL;1400;+0200;1535;+0200;0;AZ_7196
MIL;1400;+0200;1535;+0200;0;AF_3781
MIL;1655;+0200;1830;+0200;0;AF_3707
MIL;1655;+0200;1830;+0200;0;AZ_7096
MIL;1725;+0200;1900;+0200;0;SN_3158
MIL;1850;+0200;2025;+0200;0;SN_3150
MIL;1850;+0200;2025;+0200;0;LH_5538
MIL;1855;+0200;2030;+0200;0;SN_3160
MIL;0630;+0200;0810;+0200;0;SN_3162
MIL;0630;+0200;0810;+0200;0;UA_9936
MIL;1850;+0200;2030;+0200;0;SN_3150
MIL;1650;+0200;1925;+0200;0;LH_3197-LH_3360
MIL;1815;+0200;2110;+0200;0;AF_3297-AF_5406
MIL;0635;+0200;0940;+0200;0;AF_3291-AF_5402
MIL;1430;+0200;1740;+0200;0;LH_253-LH_1016
MIL;1455;+0200;1805;+0200;0;LX_1629-LX_782
MIL;0850;+0200;1205;+0200;0;LH_1853-LH_2286
MIL;1820;+0200;2135;+0200;0;LX_1623-LX_770
MIL;0710;+0200;1030;+0200;0;LX_1639-LX_778
MIL;1505;+0200;1825;+0200;0;LH_1859-LH_2292
MIL;0920;+0200;1245;+0200;0;LH_3189-LH_5582
MIL;1035;+0200;1400;+0200;0;LH_271-LH_1012
MIL;1310;+0200;1635;+0200;0;LH_1857-LH_2290
MIL;1350;+0200;1715;+0200;0;AF_3295-AF_5404
MIL;1910;+0200;2235;+0200;0;LH_1863-LH_2296
MIL;0655;+0200;1025;+0200;0;LH_1867-LH_2284
MIL;0915;+0200;1245;+0200;0;LH_247-LH_1010
MIL;1705;+0200;2035;+0200;0;LH_1861-LH_2294
MIL;0645;+0200;1020;+0200;0;LH_259-LH_1008
MIL;1050;+0200;1425;+0200;0;LH_1855-LH_2288
MIL;1005;+0200;1350;+0200;0;LX_1613-LX_780
MIL;0655;+0200;1045;+0200;0;KL_3624-KL_1723
MIL;1525;+0200;1915;+0200;0;LH_3191-LH_5580
MIL;1030;+0200;1423;+0200;0;AF_1115-AF_7183
MIL;0650;+0200;1045;+0200;0;KL_1618-KL_1723
MIL;1250;+0200;1645;+0200;0;LH_273-LH_1014
MIL;0645;+0200;1045;+0200;0;KL_1618-KL_1723
MIL;1815;+0200;2215;+0200;0;LH_255-LH_1024
MIL;1430;+0200;1835;+0200;0;LH_253-LH_1018
MIL;1525;+0200;1930;+0200;0;LH_3191-LH_5580
MIL;0700;+0200;1110;+0200;0;AZ_2013-AZ_156
MIL;0720;+0200;1130;+0200;0;OS_518-OS_8171
MIL;1755;+0200;2205;+0200;0;KL_1628-KL_1733
MIL;1010;+0200;1423;+0200;0;AF_1213-AF_7183
MIL;1630;+0200;2043;+0200;0;AF_1715-AF_7187
MIL;0655;+0200;1110;+0200;0;AZ_1017-AZ_156
MIL;1200;+0200;1615;+0200;0;BA_573-BA_396
MIL;1455;+0200;1910;+0200;0;LX_1629-LX_788
MIL;1325;+0200;1745;+0200;0;KL_1624-KL_1731
MIL;1300;+0200;1725;+0200;0;AZ_2055-AZ_160
MIL;1750;+0200;2215;+0200;0;LH_275-LH_1024
MIL;1750;+0200;2215;+0200;0;SN_7096-SN_7014
MIL;1905;+0200;2330;+0200;0;AZ_2313-AZ_164
MIL;0930;+0200;1400;+0200;0;KL_3418-KL_1725
MIL;1900;+0200;2330;+0200;0;AZ_2109-AZ_164
MIL;0655;+0200;1130;+0200;0;OS_540-OS_8171
MIL;1130;+0200;1605;+0200;0;AA_6311-AA_6456
MIL;0630;+0200;1110;+0200;0;AZ_2009-AZ_156
MIL;1305;+0200;1745;+0200;0;KL_1624-KL_1731
MIL;0915;+0200;1400;+0200;0;LH_247-LH_1012
MIL;1130;+0200;1615;+0200;0;BA_565-BA_396
MIL;1350;+0200;1835;+0200;0;AA_6316-AA_6457
MIL;1350;+0200;1835;+0200;0;BA_577-BA_398
MIL;1845;+0200;2330;+0200;0;AZ_2107-AZ_164
MIL;1555;+0200;2043;+0200;0;AF_1713-AF_7187
MIL;0705;+0200;1155;+0200;0;AF_2515-AF_7179
MIL;1250;+0200;1740;+0200;0;LH_273-LH_1016
MIL;0655;+0200;1155;+0200;0;AF_9801-AF_7179
MIL;1555;+0200;2055;+0200;0;BA_563-BA_400
MIL;1830;+0200;2330;+0200;0;AZ_2067-AZ_164
MIL;0655;+0200;1205;+0200;0;LH_1867-LH_2286
MIL;1300;+0200;1815;+0200;0;SK_4718-SK_4745
MIL;1310;+0200;1825;+0200;0;LH_1857-LH_2292
MIL;1815;+0200;2330;+0200;0;AZ_2099-AZ_164
STO;1510;+0200;1720;+0200;0;SK_1589
STO;1525;+0200;1735;+0200;0;SK_1589
STO;0700;+0200;0915;+0200;0;SK_589
STO;1355;+0200;1610;+0200;0;SN_2306
STO;2010;+0200;2225;+0200;0;SN_2308
STO;0655;+0200;0915;+0200;0;SN_2310
STO;1155;+0200;1415;+0200;0;SN_2304
STO;1355;+0200;1615;+0200;0;SN_2306
STO;0905;+0200;1230;+0200;0;LH_2927-LH_5582
STO;1550;+0200;1915;+0200;0;LH_2929-LH_5580
STO;1615;+0200;1945;+0200;0;SK_1425-SK_597
STO;0915;+0200;1250;+0200;0;BD_3753-BD_3731
STO;0915;+0200;1250;+0200;0;SK_403-SK_1591
STO;1610;+0200;1945;+0200;0;BD_3743-BD_3727
STO;1610;+0200;1945;+0200;0;SK_1425-SK_597
STO;0610;+0200;0950;+0200;0;SK_1415-SK_593
STO;0905;+0200;1245;+0200;0;LH_2927-LH_5582
STO;1550;+0200;1930;+0200;0;LH_2929-LH_5580
STO;1430;+0200;1815;+0200;0;SK_867-SK_4745
STO;0620;+0200;1020;+0200;0;LH_809-LH_1008
STO;1240;+0200;1645;+0200;0;LH_803-LH_1014
STO;1410;+0200;1815;+0200;0;AY_642-AY_817
STO;0630;+0200;1045;+0200;0;KL_1106-KL_1723
STO;1410;+0200;1825;+0200;0;LH_6187-LH_2292
STO;0745;+0200;1205;+0200;0;LH_2421-LH_2286
STO;0940;+0200;1400;+0200;0;KL_1108-KL_1725
STO;1220;+0200;1640;+0200;0;SK_1421-SK_1593
STO;1430;+0200;1855;+0200;0;OV_124-OV_177
STO;1810;+0200;2235;+0200;0;LH_2419-LH_2296
STO;1310;+0200;1745;+0200;0;KL_1110-KL_1731
STO;1340;+0200;1815;+0200;0;SK_495-SK_4745
STO;1610;+0200;2045;+0200;0;BD_3743-BD_5464
STO;1155;+0200;1635;+0200;0;LH_2415-LH_2290
STO;1555;+0200;2035;+0200;0;LH_2417-LH_2294
STO;1720;+0200;2205;+0200;0;KL_1116-KL_1733
STO;0640;+0200;1130;+0200;0;OS_318-OS_8171
STO;0910;+0200;1400;+0200;0;LH_6227-LH_1012
STO;1345;+0200;1835;+0200;0;BD_3751-BD_5460
STO;1515;+0200;2005;+0200;0;LH_6229-LH_1020
STO;1640;+0200;2135;+0200;0;LX_4709-LX_770
STO;0750;+0200;1250;+0200;0;BD_3947-BD_5374
STO;1240;+0200;1740;+0200;0;LH_803-LH_1016
STO;1240;+0200;1740;+0200;0;JJ_6037-JJ_6042
STO;0650;+0200;1155;+0200;0;AF_1463-AF_7179
STO;0750;+0200;1300;+0200;0;BD_3947-BD_5374
STO;1000;+0200;1510;+0200;0;BD_3747-BD_5458
STO;1240;+0200;1750;+0200;0;JJ_6037-JJ_6042
STO;1350;+0200;1905;+0200;0;KF_5309-KF_33
STO;1350;+0200;1905;+0200;0;SK_704-SK_6511
STO;1540;+0200;2055;+0200;0;BA_779-BA_400
STO;1255;+0200;1815;+0200;0;AY_634-AY_817
STO;1255;+0200;1815;+0200;0;JL_7802-JL_7823
STO;1345;+0200;1905;+0200;0;KF_5309-KF_33
STO;1345;+0200;1905;+0200;0;SK_704-SK_6511
STO;0755;+0200;1320;+0200;0;BD_3841-BD_5434
STO;1650;+0200;2215;+0200;0;LH_6203-LH_1024
STO;0710;+0200;1250;+0200;0;SK_1417-SK_1591
STO;0710;+0200;1250;+0200;0;BD_3739-BD_3731
STO;1230;+0200;1815;+0200;0;SK_861-SK_4745
STO;1525;+0200;2110;+0200;0;BD_3845-BD_5436
STO;1545;+0200;2135;+0200;0;LX_1251-LX_770
STO;0915;+0200;1510;+0200;0;BD_3753-BD_5458
STO;1240;+0200;1835;+0200;0;NH_6188-NH_6171
STO;1240;+0200;1835;+0200;0;LH_803-LH_1018
STO;1725;+0200;2320;+0200;0;LH_6059-LH_5570
STO;1345;+0200;1945;+0200;0;SK_1423-SK_597
STO;1345;+0200;1945;+0200;0;BD_3751-BD_3727
STO;1440;+0200;2043;+0200;0;AF_2063-AF_7187
STO;1225;+0200;1835;+0200;0;AA_6528-AA_6457
STO;1030;+0200;1645;+0200;0;LH_801-LH_1014
STO;1220;+0200;1835;+0200;0;BD_3745-BD_5460
STO;1540;+0200;2155;+0200;0;BA_779-BA_404
BER;0640;+0200;0805;+0200;0;UA_9920
BER;0640;+0200;0805;+0200;0;LH_5572
BER;0640;+0200;0805;+0200;0;SN_2592
BER;1145;+0200;1310;+0200;0;LH_5564
BER;1145;+0200;1310;+0200;0;SN_2582
BER;1350;+0200;1515;+0200;0;LH_5574
BER;1350;+0200;1515;+0200;0;SN_2584
BER;1410;+0200;1535;+0200;0;SN_2584
BER;1700;+0200;1825;+0200;0;SN_2586
BER;1700;+0200;1825;+0200;0;LH_5566
BER;1855;+0200;2020;+0200;0;LH_5568
BER;1855;+0200;2020;+0200;0;SN_2588
BER;1900;+0200;2025;+0200;0;SN_2588
BER;1900;+0200;2025;+0200;0;LH_5568
BER;2155;+0200;2320;+0200;0;SN_2590
BER;2155;+0200;2320;+0200;0;LH_5570
BER;0845;+0200;1015;+0200;0;SN_2580
BER;0845;+0200;1015;+0200;0;UA_9918
BER;0845;+0200;1015;+0200;0;LH_5562
BER;0850;+0200;1020;+0200;0;UA_9918
BER;0850;+0200;1020;+0200;0;SN_2580
BER;1920;+0200;2205;+0200;0;KL_1834-KL_1733
BER;1105;+0200;1400;+0200;0;LH_183-LH_1012
BER;1445;+0200;1740;+0200;0;LH_189-LH_1016
BER;1055;+0200;1400;+0200;0;LH_183-LH_1012
BER;1340;+0200;1645;+0200;0;LH_187-LH_1014
BER;0935;+0200;1245;+0200;0;LH_179-LH_1010
BER;1115;+0200;1425;+0200;0;LH_2035-LH_2288
BER;0935;+0200;1250;+0200;0;SK_1674-SK_1591
BER;1900;+0200;2215;+0200;0;LH_197-LH_1024
BER;0655;+0200;1020;+0200;0;LH_173-LH_1008
BER;1100;+0200;1425;+0200;0;LH_2035-LH_2288
BER;1420;+0200;1745;+0200;0;KL_1826-KL_1731
BER;0835;+0200;1205;+0200;0;LH_2029-LH_2286
BER;1455;+0200;1825;+0200;0;LH_2039-LH_2292
BER;1615;+0200;1945;+0200;0;SK_680-SK_597
BER;1705;+0200;2035;+0200;0;LH_2043-LH_2294
BER;1905;+0200;2235;+0200;0;TG_7829-TG_7854
BER;1905;+0200;2235;+0200;0;LH_2049-LH_2296
BER;0650;+0200;1030;+0200;0;LX_963-LX_778
BER;1020;+0200;1400;+0200;0;KL_1822-KL_1725
BER;1020;+0200;1400;+0200;0;LH_181-LH_1012
BER;1255;+0200;1635;+0200;0;LH_2037-LH_2290
BER;0635;+0200;1025;+0200;0;LH_2055-LH_2284
BER;1445;+0200;1835;+0200;0;LH_189-LH_1018
BER;1535;+0200;1925;+0200;0;LH_2849-LH_3360
BER;1820;+0200;2215;+0200;0;LH_195-LH_1024
BER;1340;+0200;1740;+0200;0;LH_187-LH_1016
BER;1510;+0200;1910;+0200;0;OS_292-OS_355
BER;1545;+0200;1945;+0200;0;SK_680-SK_597
BER;1605;+0200;2005;+0200;0;LH_191-LH_1020
BER;0840;+0200;1245;+0200;0;LH_177-LH_1010
BER;0610;+0200;1020;+0200;0;LH_171-LH_1008
BER;0720;+0200;1130;+0200;0;OS_274-OS_8171
BER;0605;+0200;1020;+0200;0;LH_171-LH_1008
BER;1620;+0200;2035;+0200;0;LH_2041-LH_2294
BER;1640;+0200;2055;+0200;0;BA_985-BA_400
BER;0930;+0200;1350;+0200;0;LX_975-LX_780
BER;1450;+0200;1910;+0200;0;LX_967-LX_788
BER;0935;+0200;1400;+0200;0;LH_179-LH_1012
BER;1145;+0200;1610;+0200;0;LH_2847-LH_3358
BER;0955;+0200;1423;+0200;0;AF_1435-AF_7183
BER;0735;+0200;1205;+0200;0;LH_2057-LH_2286
BER;0950;+0200;1425;+0200;0;LH_2033-LH_2288
BER;1210;+0200;1645;+0200;0;LH_185-LH_1014
BER;0715;+0200;1155;+0200;0;AF_1135-AF_7179
BER;1205;+0200;1645;+0200;0;LH_185-LH_1014
BER;1725;+0200;2205;+0200;0;KL_1830-KL_1733
BER;0600;+0200;1045;+0200;0;KL_1818-KL_1723
BER;0710;+0200;1155;+0200;0;AF_1135-AF_7179
BER;1730;+0200;2215;+0200;0;LH_193-LH_1024
BER;1555;+0200;2043;+0200;0;AF_2035-AF_7187
BER;0755;+0200;1245;+0200;0;LH_175-LH_1010
BER;1340;+0200;1835;+0200;0;LH_187-LH_1018
BER;1740;+0200;2235;+0200;0;LH_2047-LH_2296
BER;1105;+0200;1605;+0200;0;AA_6393-AA_6456
BER;1510;+0200;2010;+0200;0;OS_292-OS_8173
BER;0915;+0200;1425;+0200;0;LH_2031-LH_2288
BER;1105;+0200;1615;+0200;0;BA_991-BA_396
BER;1640;+0200;2155;+0200;0;BA_985-BA_404
VIE;0710;+0200;0855;+0200;0;BD_2831
VIE;0710;+0200;0855;+0200;0;OS_351
VIE;0940;+0200;1125;+0200;0;SN_2902
VIE;1510;+0200;1655;+0200;0;BD_2833
VIE;1510;+0200;1655;+0200;0;SN_6004
VIE;1510;+0200;1655;+0200;0;OS_353
VIE;1725;+0200;1910;+0200;0;OS_355
VIE;1725;+0200;1910;+0200;0;BD_2835
VIE;1725;+0200;1910;+0200;0;SN_6006
VIE;0650;+0200;0840;+0200;0;SN_2910
VIE;0650;+0200;0840;+0200;0;OS_8177
VIE;0650;+0200;0840;+0200;0;UA_9930
VIE;0700;+0200;0850;+0200;0;SN_6002
VIE;0940;+0200;1130;+0200;0;SN_2902
VIE;0940;+0200;1130;+0200;0;OS_8171
VIE;1820;+0200;2010;+0200;0;OS_8173
VIE;1820;+0200;2010;+0200;0;SN_2906
VIE;2120;+0200;2310;+0200;0;OS_8175
VIE;2120;+0200;2310;+0200;0;SN_2908
VIE;1815;+0200;2010;+0200;0;SN_2906
VIE;0915;+0200;1205;+0200;0;LH_2325-LH_2286
VIE;1055;+0200;1400;+0200;0;LH_1235-LH_1012
VIE;1450;+0200;1805;+0200;0;LX_1579-LX_782
VIE;0700;+0200;1020;+0200;0;LH_6331-LH_1008
VIE;0905;+0200;1230;+0200;0;LH_3099-LH_5582
VIE;1100;+0200;1425;+0200;0;LH_2327-LH_2288
VIE;1315;+0200;1645;+0200;0;LH_6333-LH_1014
VIE;0655;+0200;1030;+0200;0;LX_1585-LX_778
VIE;0655;+0200;1030;+0200;0;SQ_2985-SQ_2908
VIE;0910;+0200;1245;+0200;0;LH_6917-LH_1010
VIE;1300;+0200;1635;+0200;0;LH_2329-LH_2290
VIE;1310;+0200;1645;+0200;0;LH_6333-LH_1014
VIE;1410;+0200;1745;+0200;0;KL_1846-KL_1731
VIE;0905;+0200;1245;+0200;0;LH_3099-LH_5582
VIE;1450;+0200;1835;+0200;0;LH_1239-LH_1018
VIE;1525;+0200;1910;+0200;0;LX_3555-LX_788
VIE;1530;+0200;1915;+0200;0;LH_3101-LH_5580
VIE;1650;+0200;2035;+0200;0;LH_6327-LH_2294
VIE;1650;+0200;2035;+0200;0;NH_6303-NH_6085
VIE;1830;+0200;2215;+0200;0;LH_1241-LH_1024
VIE;0655;+0200;1045;+0200;0;KL_1838-KL_1723
VIE;1000;+0200;1350;+0200;0;LX_1575-LX_780
VIE;0630;+0200;1025;+0200;0;LH_6325-LH_2284
VIE;0850;+0200;1245;+0200;0;LH_1233-LH_1010
VIE;0850;+0200;1245;+0200;0;UA_9340-UA_9225
VIE;1740;+0200;2135;+0200;0;LX_3557-LX_770
VIE;0620;+0200;1020;+0200;0;LH_1247-LH_1008
VIE;0620;+0200;1020;+0200;0;UA_8959-UA_8819
VIE;1530;+0200;1930;+0200;0;LH_3101-LH_5580
VIE;1745;+0200;2150;+0200;0;LO_5226-LO_231
VIE;1005;+0200;1423;+0200;0;AF_1139-AF_7183
VIE;1450;+0200;1910;+0200;0;LX_1579-LX_788
VIE;0935;+0200;1400;+0200;0;KL_1840-KL_1725
VIE;1315;+0200;1740;+0200;0;LH_6333-LH_1016
VIE;1310;+0200;1740;+0200;0;LH_6333-LH_1016
VIE;1515;+0200;1945;+0200;0;SK_9414-SK_597
VIE;1535;+0200;2005;+0200;0;LH_6339-LH_1020
VIE;1740;+0200;2215;+0200;0;LH_6335-LH_1024
VIE;1255;+0200;1735;+0200;0;OU_5441-OU_4456
VIE;1750;+0200;2235;+0200;0;LH_2331-LH_2296
VIE;0910;+0200;1400;+0200;0;LH_6917-LH_1012
VIE;0700;+0200;1155;+0200;0;AF_1557-AF_7179
VIE;1830;+0200;2330;+0200;0;AZ_191-AZ_164
VIE;1220;+0200;1725;+0200;0;AZ_189-AZ_160
VIE;1535;+0200;2043;+0200;0;AF_1739-AF_7187
VIE;0720;+0200;1230;+0200;0;LH_6361-LH_5582
VIE;0850;+0200;1400;+0200;0;LH_1233-LH_1012
VIE;0850;+0200;1400;+0200;0;UA_9340-UA_9354
VIE;0915;+0200;1425;+0200;0;LH_2325-LH_2288
VIE;0715;+0200;1230;+0200;0;LH_6361-LH_5582
VIE;1450;+0200;2005;+0200;0;LH_1239-LH_1020
VIE;1315;+0200;1835;+0200;0;LH_6333-LH_1018
VIE;0720;+0200;1245;+0200;0;LH_6361-LH_5582
VIE;1300;+0200;1825;+0200;0;LH_2329-LH_2292
VIE;1310;+0200;1835;+0200;0;LH_6333-LH_1018
VIE;1520;+0200;2045;+0200;0;LH_6426-LH_5699
VIE;0715;+0200;1245;+0200;0;LH_6361-LH_5582
VIE;1750;+0200;2320;+0200;0;LH_6323-LH_5570
VCE;0840;+0200;1025;+0200;0;HU_8092
VCE;0840;+0200;1025;+0200;0;UA_9942
VCE;0840;+0200;1025;+0200;0;SN_3200
VCE;2140;+0200;2325;+0200;0;SN_3206
VCE;1755;+0200;2110;+0200;0;AF_5565-AF_5406
VCE;0840;+0200;1205;+0200;0;LH_1907-LH_2286
VCE;1415;+0200;1740;+0200;0;LH_327-LH_1016
VCE;1440;+0200;1805;+0200;0;LX_1663-LX_782
VCE;1710;+0200;2035;+0200;0;LH_1911-LH_2294
VCE;0650;+0200;1020;+0200;0;LH_333-LH_1008
VCE;0650;+0200;1025;+0200;0;LH_1915-LH_2284
VCE;1255;+0200;1635;+0200;0;LH_1909-LH_2290
VCE;1015;+0200;1400;+0200;0;LH_325-LH_1012
VCE;1830;+0200;2215;+0200;0;LH_329-LH_1024
VCE;1915;+0200;2310;+0200;0;OS_530-OS_8175
VCE;0645;+0200;1045;+0200;0;KL_1650-KL_1723
VCE;0940;+0200;1350;+0200;0;LX_1661-LX_780
VCE;1005;+0200;1423;+0200;0;AF_1127-AF_7183
VCE;1415;+0200;1835;+0200;0;LH_327-LH_1018
VCE;1415;+0200;1835;+0200;0;NH_6200-NH_6171
VCE;1000;+0200;1423;+0200;0;AF_1127-AF_7183
VCE;0705;+0200;1130;+0200;0;OS_528-OS_8171
VCE;0705;+0200;1130;+0200;0;BD_2798-BD_5492
VCE;1250;+0200;1715;+0200;0;AF_5563-AF_5404
VCE;1905;+0200;2330;+0200;0;AZ_1474-AZ_164
VCE;1440;+0200;1910;+0200;0;LX_1663-LX_788
VCE;1730;+0200;2205;+0200;0;KL_1656-KL_1733
VCE;0630;+0200;1110;+0200;0;AZ_1460-AZ_156
VCE;0710;+0200;1155;+0200;0;AF_2527-AF_7179
VCE;0700;+0200;1155;+0200;0;AF_2527-AF_7179
VCE;1340;+0200;1835;+0200;0;AA_6318-AA_6457
VCE;1335;+0200;1835;+0200;0;BA_579-BA_398
VCE;1235;+0200;1745;+0200;0;KL_1654-KL_1731
VCE;0650;+0200;1205;+0200;0;LH_1915-LH_2286
VCE;1710;+0200;2235;+0200;0;LH_1911-LH_2296
VCE;1255;+0200;1825;+0200;0;LH_1909-LH_2292
VCE;1800;+0200;2330;+0200;0;AZ_1480-AZ_164
VCE;1510;+0200;2043;+0200;0;AF_1727-AF_7187
VCE;0840;+0200;1425;+0200;0;LH_1907-LH_2288
VCE;1415;+0200;2005;+0200;0;LH_327-LH_1020
VCE;0650;+0200;1245;+0200;0;LH_333-LH_1010
VCE;1100;+0200;1655;+0200;0;OS_522-OS_353
VCE;1100;+0200;1655;+0200;0;BD_2800-BD_2833
VCE;1215;+0200;1820;+0200;0;IB_3645-IB_3214
VCE;1110;+0200;1725;+0200;0;AZ_1472-AZ_160
PRG;0645;+0200;0810;+0200;0;SN_2816
PRG;0700;+0200;0825;+0200;0;OK_630
PRG;2100;+0200;2225;+0200;0;SN_2814
PRG;0645;+0200;0815;+0200;0;SN_2816
PRG;0845;+0200;1015;+0200;0;UA_9926
PRG;1700;+0200;1830;+0200;0;OK_632
PRG;1710;+0200;1840;+0200;0;SN_2812
PRG;1900;+0200;2030;+0200;0;OK_634
PRG;0840;+0200;1015;+0200;0;SN_2808
PRG;0840;+0200;1015;+0200;0;UA_9926
PRG;1755;+0200;1930;+0200;0;SN_2812
PRG;1930;+0200;2215;+0200;0;LH_1401-LH_1024
PRG;0600;+0200;0850;+0200;0;LH_1403-LH_1006
PRG;0955;+0200;1245;+0200;0;LH_1393-LH_1010
PRG;1345;+0200;1645;+0200;0;LH_1397-LH_1014
PRG;1910;+0200;2215;+0200;0;SN_7122-SN_7014
PRG;0710;+0200;1025;+0200;0;LH_1697-LH_2284
PRG;1450;+0200;1805;+0200;0;LX_1487-LX_782
PRG;1720;+0200;2035;+0200;0;NH_6068-NH_6085
PRG;1720;+0200;2035;+0200;0;LH_1693-LH_2294
PRG;0810;+0200;1130;+0200;0;OS_704-OS_8171
PRG;1415;+0200;1745;+0200;0;KL_3124-KL_1731
PRG;1010;+0200;1350;+0200;0;LX_1485-LX_780
PRG;1730;+0200;2110;+0200;0;AF_5904-AF_5406
PRG;0700;+0200;1045;+0200;0;KL_3120-KL_1723
PRG;1250;+0200;1635;+0200;0;LH_1691-LH_2290
PRG;1400;+0200;1745;+0200;0;KL_1356-KL_1731
PRG;1345;+0200;1740;+0200;0;LH_1397-LH_1016
PRG;1355;+0200;1750;+0200;0;SN_7088-SN_7008
PRG;1820;+0200;2215;+0200;0;LH_1399-LH_1024
PRG;1430;+0200;1830;+0200;0;LO_528-LO_233
PRG;1510;+0200;1910;+0200;0;OS_708-OS_355
PRG;0955;+0200;1400;+0200;0;SN_7124-SN_7004
PRG;0955;+0200;1400;+0200;0;LH_1393-LH_1012
PRG;1015;+0200;1423;+0200;0;AF_1383-AF_7183
PRG;1235;+0200;1645;+0200;0;LH_1395-LH_1014
PRG;1005;+0200;1423;+0200;0;AF_1383-AF_7183
PRG;0600;+0200;1020;+0200;0;SN_7090-SN_7002
PRG;0600;+0200;1020;+0200;0;LH_1403-LH_1008
PRG;1450;+0200;1910;+0200;0;LX_1487-LX_788
PRG;0725;+0200;1155;+0200;0;AF_1083-AF_7179
PRG;1245;+0200;1715;+0200;0;AF_5902-AF_5404
PRG;1840;+0200;2310;+0200;0;OS_710-OS_8175
PRG;0925;+0200;1400;+0200;0;KL_1352-KL_1725
PRG;1355;+0200;1835;+0200;0;SN_7088-SN_7010
PRG;1345;+0200;1835;+0200;0;LH_1397-LH_1018
PRG;1605;+0200;2055;+0200;0;BA_861-BA_400
PRG;1715;+0200;2205;+0200;0;KL_3122-KL_1733
PRG;0710;+0200;1205;+0200;0;LH_1697-LH_2286
PRG;0925;+0200;1425;+0200;0;LH_1689-LH_2288
PRG;1510;+0200;2010;+0200;0;OS_708-OS_8173
PRG;1705;+0200;2205;+0200;0;KL_3122-KL_1733
PRG;1540;+0200;2043;+0200;0;AF_1983-AF_7187
PRG;1235;+0200;1740;+0200;0;LH_1395-LH_1016
PRG;1535;+0200;2043;+0200;0;AF_1983-AF_7187
PRG;0915;+0200;1425;+0200;0;LH_1689-LH_2288
PRG;1720;+0200;2235;+0200;0;LH_1693-LH_2296
PRG;1430;+0200;1955;+0200;0;LO_528-LO_5235
PRG;1125;+0200;1655;+0200;0;OS_706-OS_353
PRG;1430;+0200;2000;+0200;0;LO_528-LO_5235
MUC;0650;+0200;0810;+0200;0;SN_7050
MUC;0650;+0200;0810;+0200;0;LH_2282
MUC;0905;+0200;1025;+0200;0;LH_2284
MUC;0915;+0200;1035;+0200;0;SN_7052
MUC;1045;+0200;1205;+0200;0;LH_2286
MUC;1045;+0200;1205;+0200;0;SN_7054
MUC;1305;+0200;1425;+0200;0;LH_2288
MUC;1310;+0200;1430;+0200;0;SN_7056
MUC;1515;+0200;1635;+0200;0;SN_7058
MUC;1515;+0200;1635;+0200;0;LH_2290
MUC;1705;+0200;1825;+0200;0;LH_2292
MUC;1705;+0200;1825;+0200;0;SN_7060
MUC;1915;+0200;2035;+0200;0;NH_6085
MUC;1915;+0200;2035;+0200;0;LH_2294
MUC;1915;+0200;2035;+0200;0;SN_7062
MUC;2115;+0200;2235;+0200;0;LH_2296
MUC;2115;+0200;2235;+0200;0;TG_7854
MUC;2115;+0200;2235;+0200;0;SN_7064
MUC;1000;+0200;1245;+0200;0;LH_107-LH_1010
MUC;1805;+0200;2055;+0200;0;LX_3929-LX_766
MUC;0735;+0200;1030;+0200;0;LX_3619-LX_778
MUC;1350;+0200;1645;+0200;0;LH_113-LH_1014
MUC;1840;+0200;2135;+0200;0;LX_3625-LX_770
MUC;0715;+0200;1020;+0200;0;LH_101-LH_1008
MUC;1050;+0200;1400;+0200;0;LH_109-LH_1012
MUC;1535;+0200;1845;+0200;0;LH_2098-LH_5544
MUC;0915;+0200;1230;+0200;0;LH_2064-LH_5582
MUC;1615;+0200;1930;+0200;0;LH_2086-LH_5580
MUC;1645;+0200;2005;+0200;0;LH_117-LH_1020
MUC;1855;+0200;2215;+0200;0;LH_121-LH_1024
MUC;1510;+0200;1835;+0200;0;LH_115-LH_1018
MUC;1545;+0200;1910;+0200;0;LX_3623-LX_788
MUC;1720;+0200;2045;+0200;0;LH_1862-LH_5699
MUC;0915;+0200;1245;+0200;0;LH_2064-LH_5582
MUC;0915;+0200;1245;+0200;0;LH_105-LH_1010
MUC;0640;+0200;1015;+0200;0;LH_2028-LH_5562
MUC;1110;+0200;1445;+0200;0;LH_2094-LH_5542
MUC;1410;+0200;1745;+0200;0;KL_1796-KL_1731
MUC;0705;+0200;1045;+0200;0;KL_1790-KL_1723
MUC;1535;+0200;1915;+0200;0;LH_2074-LH_5580
MUC;0905;+0200;1250;+0200;0;SK_662-SK_1591
MUC;1525;+0200;1910;+0200;0;BD_3628-BD_2835
MUC;1525;+0200;1910;+0200;0;OS_7236-OS_355
MUC;1935;+0200;2320;+0200;0;LH_2052-LH_5570
MUC;1350;+0200;1740;+0200;0;LH_113-LH_1016
MUC;1435;+0200;1825;+0200;0;LH_2040-LH_5566
MUC;0905;+0200;1300;+0200;0;LH_1854-LH_5695
MUC;1535;+0200;1930;+0200;0;LH_2074-LH_5580
MUC;1915;+0200;2310;+0200;0;OS_7238-OS_8175
MUC;0905;+0200;1305;+0200;0;LH_1854-LH_5695
MUC;0910;+0200;1310;+0200;0;LH_2034-LH_5564
MUC;1000;+0200;1400;+0200;0;LH_107-LH_1012
MUC;1405;+0200;1805;+0200;0;LX_1105-LX_782
MUC;1525;+0200;1925;+0200;0;LH_2148-LH_3360
MUC;0825;+0200;1230;+0200;0;LH_2062-LH_5582
MUC;0610;+0200;1020;+0200;0;LH_99-LH_1008
MUC;1105;+0200;1515;+0200;0;LH_2036-LH_5574
MUC;0605;+0200;1020;+0200;0;LH_99-LH_1008
MUC;0935;+0200;1350;+0200;0;LX_1101-LX_780
MUC;0710;+0200;1130;+0200;0;OS_7232-OS_8171
MUC;0825;+0200;1245;+0200;0;LH_2062-LH_5582
MUC;0825;+0200;1245;+0200;0;LH_103-LH_1010
MUC;1155;+0200;1615;+0200;0;BA_949-BA_396
MUC;1310;+0200;1730;+0200;0;LH_2070-LH_5584
MUC;1755;+0200;2215;+0200;0;LH_119-LH_1024
MUC;1555;+0200;2020;+0200;0;LH_2046-LH_5568
MUC;1730;+0200;2155;+0200;0;BA_955-BA_404
MUC;0925;+0200;1355;+0200;0;LH_2508-LH_5603
MUC;0925;+0200;1355;+0200;0;BD_3400-BD_5340
MUC;0930;+0200;1400;+0200;0;KL_1792-KL_1725
MUC;1555;+0200;2025;+0200;0;LH_2046-LH_5568
MUC;1705;+0200;2135;+0200;0;LX_1109-LX_770
MUC;1850;+0200;2320;+0200;0;LH_2050-LH_5570
MUC;1610;+0200;2043;+0200;0;AF_2023-AF_7187
MUC;0720;+0200;1155;+0200;0;AF_1123-AF_7179
MUC;1620;+0200;2055;+0200;0;BA_953-BA_400
MUC;1730;+0200;2205;+0200;0;KL_1798-KL_1733
MUC;1835;+0200;2310;+0200;0;OS_116-OS_8175
MUC;0915;+0200;1400;+0200;0;LH_105-LH_1012
MUC;1350;+0200;1835;+0200;0;LH_113-LH_1018
MUC;1430;+0200;1915;+0200;0;LH_2072-LH_5580
MUC;1525;+0200;2010;+0200;0;OS_7236-OS_8173
MUC;1525;+0200;2010;+0200;0;BD_3628-BD_5494
MUC;1525;+0200;2015;+0200;0;BD_3334-BD_5378
MUC;0930;+0200;1423;+0200;0;AF_1423-AF_7183
MUC;0645;+0200;1140;+0200;0;LO_5356-LO_5237
MUC;1115;+0200;1610;+0200;0;LH_2146-LH_3358
MUC;1510;+0200;2005;+0200;0;LH_115-LH_1020
MUC;1730;+0200;2225;+0200;0;BA_955-BA_404
MUC;1430;+0200;1930;+0200;0;LH_2072-LH_5580
MUC;1445;+0200;1945;+0200;0;SK_3682-SK_597
MUC;0805;+0200;1310;+0200;0;LH_2032-LH_5564
MUC;1140;+0200;1645;+0200;0;LH_111-LH_1014
MUC;1405;+0200;1910;+0200;0;LX_1105-LX_788
MUC;1450;+0200;1955;+0200;0;SN_7119-SN_2556
MUC;1515;+0200;2020;+0200;0;LH_2042-LH_5568
MUC;1445;+0200;1955;+0200;0;LO_5352-LO_5235
MUC;1450;+0200;2000;+0200;0;SN_7119-SN_2556
MUC;1515;+0200;2025;+0200;0;LH_2042-LH_5568
MUC;0715;+0200;1230;+0200;0;LH_2060-LH_5582
MUC;1310;+0200;1825;+0200;0;LH_1858-LH_5697
MUC;1310;+0200;1825;+0200;0;LH_2038-LH_5566
MUC;1445;+0200;2000;+0200;0;LO_5352-LO_5235
MAN;1035;+0100;1250;+0200;0;BD_5374
MAN;1035;+0100;1250;+0200;0;SN_2174
MAN;1355;+0100;1610;+0200;0;SN_2176
MAN;1355;+0100;1610;+0200;0;BD_5376
MAN;1800;+0100;2015;+0200;0;BD_5378
MAN;1800;+0100;2015;+0200;0;SN_2178
MAN;0635;+0100;0855;+0200;0;SN_2184
MAN;0635;+0100;0855;+0200;0;UA_9908
MAN;0635;+0100;0855;+0200;0;BD_5384
MAN;1040;+0100;1300;+0200;0;SN_2174
MAN;1040;+0100;1300;+0200;0;BD_5374
MAN;1800;+0100;2020;+0200;0;SN_2178
MAN;1850;+0100;2110;+0200;0;6X_1622
MAN;0815;+0100;1230;+0200;0;BD_3371-BD_5394
MAN;0815;+0100;1230;+0200;0;LH_3437-LH_5582
MAN;1325;+0100;1745;+0200;0;KL_1084-KL_1731
MAN;1145;+0100;1610;+0200;0;LH_3427-LH_3358
MAN;1315;+0100;1740;+0200;0;LH_943-LH_1016
MAN;1740;+0100;2205;+0200;0;KL_1094-KL_1733
MAN;0815;+0100;1245;+0200;0;LH_3437-LH_5582
MAN;1445;+0100;1915;+0200;0;LH_3441-LH_5580
MAN;1720;+0100;2155;+0200;0;BA_1403-BA_404
MAN;0940;+0100;1423;+0200;0;AF_1669-AF_7183
MAN;0600;+0100;1045;+0200;0;KL_1072-KL_1723
MAN;1000;+0100;1445;+0200;0;BA_1389-BA_394
MAN;1445;+0100;1930;+0200;0;BD_3373-BD_5388
MAN;1445;+0100;1930;+0200;0;LH_3441-LH_5580
MAN;0930;+0100;1423;+0200;0;AF_1669-AF_7183
MAN;0905;+0100;1400;+0200;0;KL_1074-KL_1725
MAN;0855;+0100;1400;+0200;0;BA_8246-BA_8227
MAN;1720;+0100;2225;+0200;0;BA_1403-BA_404
MAN;0655;+0100;1205;+0200;0;LH_2505-LH_2286
MAN;0655;+0100;1205;+0200;0;UA_8753-UA_9284
MAN;0810;+0100;1320;+0200;0;BD_581-BD_5434
MAN;0810;+0100;1320;+0200;0;LH_6555-LH_5595
MAN;0840;+0100;1350;+0200;0;LX_391-LX_780
MAN;0850;+0100;1400;+0200;0;LH_941-LH_1012
MAN;1105;+0100;1615;+0200;0;BA_1391-BA_396
MAN;1325;+0100;1835;+0200;0;BA_1395-BA_398
MAN;1315;+0100;1835;+0200;0;LH_943-LH_1018
MAN;1715;+0100;2235;+0200;0;LH_2503-LH_2296
MAN;0820;+0100;1345;+0200;0;LH_6651-LH_6575
MAN;0820;+0100;1345;+0200;0;BD_1583-BD_1629
MAN;1345;+0100;1910;+0200;0;LX_395-LX_788
MAN;1530;+0100;2055;+0200;0;BA_1399-BA_400
MAN;0710;+0100;1245;+0200;0;LH_949-LH_1010
MAN;0710;+0100;1245;+0200;0;UA_9043-UA_9225
MAN;1100;+0100;1635;+0200;0;LH_2501-LH_2290
MAN;1505;+0100;2043;+0200;0;AF_2269-AF_7187
MAN;0700;+0100;1245;+0200;0;UA_9043-UA_9225
MAN;1600;+0100;2205;+0200;0;KL_1088-KL_1733
MAN;1000;+0100;1615;+0200;0;BA_1389-BA_396
NCE;1155;+0200;1330;+0200;0;SN_3618
NCE;2150;+0200;2325;+0200;0;SN_3624
NCE;1220;+0200;1400;+0200;0;SN_3618
NCE;1350;+0200;1530;+0200;0;SN_3620
NCE;1555;+0200;1735;+0200;0;KF_5454
NCE;1610;+0200;1750;+0200;0;SN_3622
NCE;2145;+0200;2325;+0200;0;SN_3624
NCE;0655;+0200;0940;+0200;0;AF_7838-AF_5402
NCE;1810;+0200;2110;+0200;0;AF_7835-AF_5406
NCE;1445;+0200;1805;+0200;0;LX_569-LX_782
NCE;1515;+0200;1835;+0200;0;LH_1061-LH_1018
NCE;1515;+0200;1835;+0200;0;NH_6134-NH_6171
NCE;1715;+0200;2035;+0200;0;NH_6050-NH_6085
NCE;1715;+0200;2035;+0200;0;LH_2275-LH_2294
NCE;0840;+0200;1205;+0200;0;LH_2271-LH_2286
NCE;1350;+0200;1715;+0200;0;AF_7837-AF_5404
NCE;1350;+0200;1715;+0200;0;AF_7836-AF_5404
NCE;1850;+0200;2215;+0200;0;LH_1065-LH_1024
NCE;0650;+0200;1020;+0200;0;LH_1069-LH_1008
NCE;0700;+0200;1030;+0200;0;SQ_2965-SQ_2908
NCE;0700;+0200;1030;+0200;0;LX_565-LX_778
NCE;1905;+0200;2235;+0200;0;LH_2277-LH_2296
NCE;0640;+0200;1025;+0200;0;LH_2279-LH_2284
NCE;1250;+0200;1635;+0200;0;LH_2273-LH_2290
NCE;1035;+0200;1423;+0200;0;AF_7701-AF_7183
NCE;0755;+0200;1155;+0200;0;AF_7711-AF_7179
NCE;1920;+0200;2330;+0200;0;AZ_355-AZ_164
NCE;0625;+0200;1045;+0200;0;KL_1260-KL_1723
NCE;1150;+0200;1615;+0200;0;BA_343-BA_396
NCE;1445;+0200;1910;+0200;0;LX_569-LX_788
NCE;1615;+0200;2043;+0200;0;AF_7715-AF_7187
NCE;1210;+0200;1640;+0200;0;SK_2796-SK_1593
NCE;1730;+0200;2205;+0200;0;KL_1268-KL_1733
NCE;0650;+0200;1130;+0200;0;OS_424-OS_8171
NCE;0710;+0200;1155;+0200;0;AF_7711-AF_7179
NCE;1245;+0200;1730;+0200;0;LH_3275-LH_5584
NCE;1515;+0200;2005;+0200;0;LH_1061-LH_1020
NCE;1330;+0200;1835;+0200;0;BA_347-BA_398
NCE;1330;+0200;1835;+0200;0;AA_6735-AA_6457
NCE;1230;+0200;1745;+0200;0;KL_1264-KL_1731
NCE;1330;+0200;1845;+0200;0;AF_7703-AF_7185
NCE;1715;+0200;2235;+0200;0;LH_2275-LH_2296
NCE;0640;+0200;1205;+0200;0;LH_2279-LH_2286
NCE;1530;+0200;2055;+0200;0;BA_345-BA_400
NCE;0625;+0200;1155;+0200;0;AF_7713-AF_7179
NCE;1240;+0200;1815;+0200;0;SK_4704-SK_4745
NCE;1250;+0200;1825;+0200;0;LH_2273-LH_2292
NCE;1105;+0200;1645;+0200;0;LH_1059-LH_1014
NCE;0840;+0200;1425;+0200;0;LH_2271-LH_2288
NCE;0600;+0200;1155;+0200;0;AF_7713-AF_7179
NCE;0650;+0200;1245;+0200;0;LH_1069-LH_1010
NCE;1215;+0200;1820;+0200;0;IB_8751-IB_3214
NCE;1340;+0200;1945;+0200;0;SK_794-SK_597
NCE;1435;+0200;2043;+0200;0;AF_6245-AF_7187
NCE;1210;+0200;1820;+0200;0;IB_8751-IB_3214
NCE;1235;+0200;1845;+0200;0;AF_6213-AF_7185
NCE;1110;+0200;1725;+0200;0;AZ_343-AZ_160
NCE;1130;+0200;1745;+0200;0;KL_1262-KL_1731
NCE;0805;+0200;1423;+0200;0;AF_6203-AF_7183
NCE;1530;+0200;2155;+0200;0;BA_345-BA_404
NCE;0755;+0200;1423;+0200;0;AF_7711-AF_7183
NCE;1245;+0200;1915;+0200;0;LH_3275-LH_5580
NCE;0600;+0200;1235;+0200;0;AF_7878-AF_4344
NCE;1105;+0200;1740;+0200;0;LH_1059-LH_1016
NCE;1405;+0200;2043;+0200;0;AF_6217-AF_7187
NCE;1155;+0200;1835;+0200;0;AA_6392-AA_6457
NCE;1205;+0200;1845;+0200;0;AF_6215-AF_7185
NCE;1510;+0200;2150;+0200;0;LO_342-LO_231
NCE;1150;+0200;1835;+0200;0;AA_6392-AA_6457
NCE;1150;+0200;1835;+0200;0;BA_343-BA_398
NCE;1245;+0200;1930;+0200;0;LH_3275-LH_5580
NCE;0700;+0200;1350;+0200;0;SQ_2965-SQ_2980
NCE;0700;+0200;1350;+0200;0;LX_565-LX_780
NCE;1445;+0200;2135;+0200;0;LX_569-LX_770
NCE;1530;+0200;2225;+0200;0;BA_345-BA_404
NCE;0715;+0200;1415;+0200;0;IB_8753-IB_3202
NCE;1515;+0200;2215;+0200;0;LH_1061-LH_1024
NCE;0710;+0200;1415;+0200;0;IB_8753-IB_3202
NCE;0950;+0200;1655;+0200;0;OS_420-OS_353
NCE;1335;+0200;2043;+0200;0;AF_6223-AF_7187
NCE;0650;+0200;1400;+0200;0;LH_1069-LH_1012
NCE;1135;+0200;1845;+0200;0;AF_6211-AF_7185
NCE;0710;+0200;1423;+0200;0;AF_7711-AF_7183
NCE;1330;+0200;2043;+0200;0;AF_7703-AF_7187
NCE;0730;+0200;1445;+0200;0;BA_341-BA_394
NCE;0730;+0200;1445;+0200;0;QF_3574-QF_3391
NCE;1005;+0200;1720;+0200;0;SK_1830-SK_1589
NCE;1340;+0200;2055;+0200;0;BA_8476-BA_400
NCE;0705;+0200;1423;+0200;0;AF_6201-AF_7183
NCE;0730;+0200;1450;+0200;0;AA_6587-AA_6427
NCE;1350;+0200;2110;+0200;0;AF_7836-AF_5406
NCE;1350;+0200;2110;+0200;0;AF_7837-AF_5406
NCE;1040;+0200;1805;+0200;0;LX_563-LX_782
NCE;1330;+0200;2055;+0200;0;BA_347-BA_400
NCE;1005;+0200;1735;+0200;0;SK_1830-SK_1589
NCE;1105;+0200;1835;+0200;0;LH_1059-LH_1018
GVA;2100;+0200;2210;+0200;0;SN_2722
GVA;0650;+0200;0805;+0200;0;LX_4150
GVA;0650;+0200;0805;+0200;0;SN_2724
GVA;0650;+0200;0805;+0200;0;UA_9924
GVA;0830;+0200;0945;+0200;0;UA_9922
GVA;0835;+0200;0950;+0200;0;UA_9922
GVA;0835;+0200;0950;+0200;0;SN_2712
GVA;0835;+0200;0950;+0200;0;LX_4152
GVA;1035;+0200;1150;+0200;0;SN_2714
GVA;1725;+0200;1840;+0200;0;LX_4158
GVA;1855;+0200;2010;+0200;0;SN_2726
GVA;2110;+0200;2225;+0200;0;SN_2722
GVA;2110;+0200;2225;+0200;0;LX_4162
GVA;1045;+0200;1205;+0200;0;SN_2714
GVA;1045;+0200;1205;+0200;0;LX_4154
GVA;1255;+0200;1415;+0200;0;LX_4160
GVA;1255;+0200;1415;+0200;0;SN_2716
GVA;1720;+0200;1840;+0200;0;SN_2720
GVA;1855;+0200;2015;+0200;0;LX_4164
GVA;1505;+0200;1805;+0200;0;LX_2813-LX_782
GVA;1340;+0200;1645;+0200;0;LH_1217-LH_1014
GVA;0705;+0200;1020;+0200;0;LH_1229-LH_1008
GVA;0910;+0200;1230;+0200;0;LH_3167-LH_5582
GVA;1815;+0200;2135;+0200;0;LX_2817-LX_770
GVA;1510;+0200;1835;+0200;0;LH_1219-LH_1018
GVA;0715;+0200;1045;+0200;0;KL_1924-KL_1723
GVA;0915;+0200;1245;+0200;0;LH_1213-LH_1010
GVA;1905;+0200;2235;+0200;0;LH_2387-LH_2296
GVA;0910;+0200;1245;+0200;0;LH_3167-LH_5582
GVA;1410;+0200;1745;+0200;0;KL_1930-KL_1731
GVA;1700;+0200;2035;+0200;0;LH_2385-LH_2294
GVA;0645;+0200;1025;+0200;0;LH_2391-LH_2284
GVA;1010;+0200;1350;+0200;0;LX_2807-LX_780
GVA;1255;+0200;1635;+0200;0;LH_2383-LH_2290
GVA;1835;+0200;2215;+0200;0;LH_1223-LH_1024
GVA;1030;+0200;1423;+0200;0;AF_1643-AF_7183
GVA;1340;+0200;1740;+0200;0;LH_1217-LH_1016
GVA;1200;+0200;1605;+0200;0;AA_6337-AA_6456
GVA;1400;+0200;1805;+0200;0;LX_2811-LX_782
GVA;1505;+0200;1910;+0200;0;LX_2813-LX_788
GVA;0720;+0200;1130;+0200;0;OS_578-OS_8171
GVA;1200;+0200;1615;+0200;0;BA_727-BA_396
GVA;0730;+0200;1155;+0200;0;AF_1243-AF_7179
GVA;1020;+0200;1445;+0200;0;BA_725-BA_394
GVA;1750;+0200;2215;+0200;0;LH_1221-LH_1024
GVA;0600;+0200;1030;+0200;0;LX_2801-LX_778
GVA;1725;+0200;2155;+0200;0;BA_733-BA_404
GVA;1015;+0200;1450;+0200;0;AA_6335-AA_6427
GVA;0915;+0200;1400;+0200;0;LH_1213-LH_1012
GVA;1350;+0200;1835;+0200;0;AA_6339-AA_6457
GVA;1350;+0200;1835;+0200;0;BA_729-BA_398
GVA;1400;+0200;1845;+0200;0;AF_2043-AF_7185
GVA;0910;+0200;1400;+0200;0;KL_1926-KL_1725
GVA;1240;+0200;1730;+0200;0;JK_9542-JK_9257
GVA;1820;+0200;2310;+0200;0;JK_9526-JK_9261
GVA;1840;+0200;2330;+0200;0;AZ_577-AZ_164
GVA;1340;+0200;1835;+0200;0;LH_1217-LH_1018
GVA;1510;+0200;2005;+0200;0;LH_1219-LH_1020
GVA;1140;+0200;1640;+0200;0;SK_1610-SK_1593
GVA;1705;+0200;2205;+0200;0;KL_1932-KL_1733
GVA;1725;+0200;2225;+0200;0;BA_733-BA_404
GVA;1130;+0200;1640;+0200;0;SK_1610-SK_1593
GVA;1130;+0200;1640;+0200;0;UA_6918-UA_6907
GVA;1400;+0200;1910;+0200;0;LX_2811-LX_788
LYS;0820;+0200;0940;+0200;0;AF_5402
LYS;1055;+0200;1215;+0200;0;SN_3588
LYS;1555;+0200;1715;+0200;0;AF_5404
LYS;1950;+0200;2110;+0200;0;AF_5406
LYS;0705;+0200;0830;+0200;0;UA_9944
LYS;0705;+0200;0830;+0200;0;SN_3594
LYS;0720;+0200;0845;+0200;0;SN_3594
LYS;0720;+0200;0845;+0200;0;UA_9944
LYS;1640;+0200;1805;+0200;0;SN_3590
LYS;1850;+0200;2015;+0200;0;SN_3592
LYS;1845;+0200;2135;+0200;0;LX_537-LX_770
LYS;1040;+0200;1350;+0200;0;LX_531-LX_780
LYS;1450;+0200;1805;+0200;0;LX_533-LX_782
LYS;1715;+0200;2035;+0200;0;LH_2251-LH_2294
LYS;0700;+0200;1030;+0200;0;LX_539-LX_778
LYS;1845;+0200;2215;+0200;0;LH_1079-LH_1024
LYS;1905;+0200;2235;+0200;0;LH_2253-LH_2296
LYS;1025;+0200;1400;+0200;0;LH_1075-LH_1012
LYS;1045;+0200;1423;+0200;0;AF_7641-AF_7183
LYS;1255;+0200;1635;+0200;0;LH_2249-LH_2290
LYS;1455;+0200;1835;+0200;0;LH_1077-LH_1018
LYS;1455;+0200;1835;+0200;0;NH_6130-NH_6171
LYS;0640;+0200;1025;+0200;0;LH_2255-LH_2284
LYS;0655;+0200;1045;+0200;0;KL_2024-KL_1723
LYS;1215;+0200;1605;+0200;0;AA_6715-AA_6456
LYS;1215;+0200;1615;+0200;0;BA_361-BA_396
LYS;0830;+0200;1235;+0200;0;AF_7840-AF_4344
LYS;1155;+0200;1605;+0200;0;AA_6715-AA_6456
LYS;0600;+0200;1020;+0200;0;SQ_2005-SQ_2038
LYS;0600;+0200;1020;+0200;0;LH_1083-LH_1008
LYS;1450;+0200;1910;+0200;0;LX_533-LX_788
LYS;1745;+0200;2205;+0200;0;KL_2028-KL_1733
LYS;0730;+0200;1155;+0200;0;AF_7651-AF_7179
LYS;1350;+0200;1845;+0200;0;AF_7643-AF_7185
LYS;0925;+0200;1423;+0200;0;AF_7653-AF_7183
LYS;1455;+0200;2005;+0200;0;LH_1077-LH_1020
LYS;1715;+0200;2235;+0200;0;LH_2251-LH_2296
LYS;0640;+0200;1205;+0200;0;LH_2255-LH_2286
LYS;0900;+0200;1425;+0200;0;LH_2247-LH_2288
LYS;1255;+0200;1825;+0200;0;LH_2249-LH_2292
LYS;0650;+0200;1235;+0200;0;AF_7846-AF_4344
LYS;1200;+0200;1745;+0200;0;KL_2030-KL_1731
HEL;1640;+0300;1815;+0200;0;AY_817
HEL;1640;+0300;1815;+0200;0;JL_7823
HEL;0735;+0300;0915;+0200;0;AA_6043
HEL;0735;+0300;0915;+0200;0;AY_811
HEL;0700;+0300;0845;+0200;0;SK_6509
HEL;0700;+0300;0845;+0200;0;KF_31
HEL;0700;+0300;0845;+0200;0;SN_6752
HEL;1720;+0300;1905;+0200;0;SK_6511
HEL;1720;+0300;1905;+0200;0;SN_6756
HEL;1720;+0300;1905;+0200;0;KF_33
HEL;0640;+0300;0950;+0200;0;SK_6540-SK_593
HEL;0940;+0300;1250;+0200;0;SK_1715-SK_1591
HEL;0720;+0300;1040;+0200;0;BD_3880-BD_5456
HEL;1555;+0300;1915;+0200;0;BT_306-BT_603
HEL;0655;+0300;1020;+0200;0;LH_855-LH_1008
HEL;1850;+0300;2215;+0200;0;LH_851-LH_1024
HEL;0505;+0300;0835;+0200;0;BT_330-BT_601
HEL;0655;+0300;1025;+0200;0;UA_9099-UA_9102
HEL;0655;+0300;1025;+0200;0;LH_2467-LH_2284
HEL;1305;+0300;1635;+0200;0;LH_2463-LH_2290
HEL;0655;+0300;1035;+0200;0;UA_9099-UA_9102
HEL;0905;+0300;1245;+0200;0;LH_853-LH_1010
HEL;0905;+0300;1245;+0200;0;UA_9047-UA_9225
HEL;1405;+0300;1745;+0200;0;KL_1168-KL_1731
HEL;1410;+0300;1750;+0200;0;SN_7102-SN_7008
HEL;1835;+0300;2215;+0200;0;SN_7104-SN_7014
HEL;1855;+0300;2235;+0200;0;LH_2465-LH_2296
HEL;1300;+0300;1645;+0200;0;LH_847-LH_1014
HEL;1450;+0300;1835;+0200;0;LH_849-LH_1018
HEL;1450;+0300;1835;+0200;0;NH_6172-NH_6171
HEL;1600;+0300;1945;+0200;0;SK_6542-SK_597
HEL;1645;+0300;2030;+0200;0;OK_481-OK_634
HEL;0630;+0300;1020;+0200;0;UA_8736-UA_8819
HEL;0630;+0300;1020;+0200;0;SN_7108-SN_7002
HEL;1250;+0300;1640;+0200;0;UA_6920-UA_6907
HEL;1250;+0300;1640;+0200;0;SK_717-SK_1593
HEL;1805;+0300;2205;+0200;0;KL_1170-KL_1733
HEL;0725;+0300;1130;+0200;0;OS_348-OS_8171
HEL;0635;+0300;1045;+0200;0;KL_1164-KL_1723
HEL;0840;+0300;1250;+0200;0;SK_6545-SK_1591
HEL;1450;+0300;1910;+0200;0;OS_346-OS_355
HEL;0820;+0300;1245;+0200;0;UA_9047-UA_9225
HEL;1410;+0300;1835;+0200;0;SN_7102-SN_7010
HEL;1700;+0300;2135;+0200;0;LX_4793-LX_770
HEL;1200;+0300;1640;+0200;0;SK_6691-SK_1593
HEL;1300;+0300;1740;+0200;0;LH_847-LH_1016
HEL;0905;+0300;1400;+0200;0;LH_853-LH_1012
HEL;0905;+0300;1400;+0200;0;UA_9047-UA_9354
HEL;1600;+0300;2055;+0200;0;BA_6033-BA_400
HEL;0925;+0300;1423;+0200;0;AF_1499-AF_7183
HEL;0655;+0300;1205;+0200;0;UA_9099-UA_9284
HEL;0655;+0300;1205;+0200;0;LH_2467-LH_2286
HEL;1450;+0300;2005;+0200;0;LH_849-LH_1020
HEL;1305;+0300;1825;+0200;0;LH_2463-LH_2292
HEL;1450;+0300;2010;+0200;0;OS_346-OS_8173
HEL;0720;+0300;1250;+0200;0;SK_713-SK_1591
HEL;0720;+0300;1250;+0200;0;BD_3880-BD_3731
HEL;1300;+0300;1835;+0200;0;LH_847-LH_1018
HEL;0820;+0300;1400;+0200;0;UA_9047-UA_9354
HEL;0820;+0300;1400;+0200;0;SN_7106-SN_7004
HEL;1250;+0300;1835;+0200;0;BD_3887-BD_5460
HEL;1410;+0300;1955;+0200;0;SN_7102-SN_7012
HEL;0655;+0300;1245;+0200;0;LH_855-LH_1010
HEL;0655;+0300;1245;+0200;0;UA_8736-UA_9225
HEL;1125;+0300;1720;+0200;0;SK_6427-SK_1589
HEL;1600;+0300;2155;+0200;0;BA_6033-BA_404
HEL;1705;+0300;2310;+0200;0;JK_322-JK_9261
HEL;0640;+0300;1250;+0200;0;SK_6540-SK_1591
HEL;1125;+0300;1735;+0200;0;SK_6427-SK_1589
HEL;0630;+0300;1245;+0200;0;UA_8736-UA_9225
HEL;1125;+0300;1745;+0200;0;KL_1166-KL_1731
HEL;1600;+0300;2225;+0200;0;BA_6033-BA_404
HEL;1215;+0300;1845;+0200;0;AF_1099-AF_7185
HEL;0800;+0300;1445;+0200;0;BA_6031-BA_394
HEL;0735;+0300;1423;+0200;0;AF_2299-AF_7183
HEL;0755;+0300;1445;+0200;0;BA_795-BA_394
HEL;0800;+0300;1450;+0200;0;AA_6047-AA_6427
HEL;1405;+0300;2055;+0200;0;BA_6079-BA_400
HEL;1250;+0300;1945;+0200;0;BD_3887-BD_3727
HEL;1250;+0300;1945;+0200;0;SK_717-SK_597
HEL;0750;+0300;1450;+0200;0;AA_6539-AA_6427
HEL;0940;+0300;1640;+0200;0;SK_1715-SK_1593
HEL;0655;+0300;1400;+0200;0;LH_855-LH_1012
HEL;0655;+0300;1400;+0200;0;UA_8736-UA_9354
HEL;1300;+0300;2005;+0200;0;LH_847-LH_1020
PAR;0830;+0200;0925;+0200;0;SN_3632
PAR;0830;+0200;0925;+0200;0;UA_9948
PAR;1145;+0200;1240;+0200;0;SN_3634
PAR;1215;+0200;1310;+0200;0;SN_3634
PAR;1310;+0200;1423;+0200;0;AF_7183
PAR;1037;+0200;1151;+0200;0;WY_4508
PAR;1037;+0200;1155;+0200;0;AF_7179
PAR;1107;+0200;1242;+0200;0;WY_4509
PAR;1907;+0200;2043;+0200;0;AF_7187
PAR;0807;+0200;0945;+0200;0;AF_7181
PAR;1707;+0200;1845;+0200;0;AF_7185
PAR;2046;+0200;2224;+0200;0;WY_4510
PAR;0800;+0200;1045;+0200;0;KL_2006-KL_1723
PAR;1910;+0200;2205;+0200;0;KL_1244-KL_1733
PAR;1835;+0200;2135;+0200;0;LX_657-LX_770
PAR;1440;+0200;1745;+0200;0;KL_1234-KL_1731
PAR;1530;+0200;1835;+0200;0;LH_1037-LH_1018
PAR;1050;+0200;1400;+0200;0;LH_1029-LH_1012
PAR;0915;+0200;1230;+0200;0;LH_3229-LH_5582
PAR;1450;+0200;1805;+0200;0;LX_639-LX_782
PAR;1600;+0200;1915;+0200;0;LH_3231-LH_5580
PAR;1900;+0200;2215;+0200;0;LH_1043-LH_1024
PAR;0725;+0200;1045;+0200;0;KL_2002-KL_1723
PAR;0700;+0200;1025;+0200;0;LH_2241-LH_2284
PAR;0705;+0200;1030;+0200;0;LX_647-LX_778
PAR;0840;+0200;1205;+0200;0;LH_2227-LH_2286
PAR;0920;+0200;1245;+0200;0;LH_1027-LH_1010
PAR;1910;+0200;2235;+0200;0;LH_2237-LH_2296
PAR;0735;+0200;1105;+0200;0;QF_3403-QF_3389
PAR;0735;+0200;1105;+0200;0;BA_303-BA_392
PAR;0735;+0200;1105;+0200;0;AA_6557-AA_6425
PAR;0915;+0200;1245;+0200;0;LH_3229-LH_5582
PAR;1305;+0200;1635;+0200;0;LH_2231-LH_2290
PAR;1600;+0200;1930;+0200;0;LH_3231-LH_5580
PAR;1700;+0200;2035;+0200;0;LH_2233-LH_2294
PAR;1020;+0200;1400;+0200;0;KL_1230-KL_1725
PAR;1400;+0200;1740;+0200;0;LH_1035-LH_1016
PAR;1825;+0200;2205;+0200;0;KL_2022-KL_1733
PAR;0850;+0200;1235;+0200;0;AF_6110-AF_4344
PAR;0925;+0200;1310;+0200;0;LH_3241-LH_5564
PAR;1220;+0200;1605;+0200;0;AA_6559-AA_6456
PAR;0625;+0200;1020;+0200;0;LH_1053-LH_1008
PAR;1050;+0200;1445;+0200;0;BA_307-BA_394
PAR;1055;+0200;1450;+0200;0;AA_6433-AA_6427
PAR;1220;+0200;1615;+0200;0;BA_309-BA_396
PAR;0950;+0200;1350;+0200;0;LX_633-LX_780
PAR;1315;+0200;1715;+0200;0;AF_7644-AF_5404
PAR;1755;+0200;2155;+0200;0;BA_323-BA_404
PAR;1650;+0200;2055;+0200;0;BA_319-BA_400
PAR;1825;+0200;2235;+0200;0;LH_2235-LH_2296
PAR;0820;+0200;1235;+0200;0;AF_6108-AF_4344
PAR;1240;+0200;1655;+0200;0;OS_7116-OS_353
PAR;1235;+0200;1655;+0200;0;OS_7116-OS_353
PAR;1450;+0200;1910;+0200;0;LX_639-LX_788
PAR;0935;+0200;1400;+0200;0;KL_1228-KL_1725
PAR;1250;+0200;1715;+0200;0;AF_7414-AF_5404
PAR;1745;+0200;2215;+0200;0;LH_1041-LH_1024
PAR;1755;+0200;2225;+0200;0;BA_323-BA_404
PAR;0800;+0200;1235;+0200;0;AF_6106-AF_4344
PAR;1355;+0200;1830;+0200;0;AZ_7817-AZ_7096
PAR;1400;+0200;1835;+0200;0;LH_1035-LH_1018
PAR;1530;+0200;2005;+0200;0;LH_1037-LH_1020
PAR;1535;+0200;2010;+0200;0;OS_7114-OS_8173
PAR;0920;+0200;1400;+0200;0;LH_1027-LH_1012
PAR;0800;+0200;1245;+0200;0;LH_1051-LH_1010
PAR;1350;+0200;1835;+0200;0;BA_315-BA_398
PAR;1350;+0200;1835;+0200;0;AA_6555-AA_6457
PAR;1545;+0200;2030;+0200;0;OK_761-OK_634
OSL;0815;+0200;1015;+0200;0;SK_4743
OSL;1615;+0200;1815;+0200;0;SK_4745
OSL;0640;+0200;0850;+0200;0;UA_9914
OSL;0640;+0200;0850;+0200;0;SN_2288
OSL;1220;+0200;1430;+0200;0;SN_2282
OSL;1725;+0200;1935;+0200;0;SN_2284
OSL;0640;+0200;0855;+0200;0;UA_9914
OSL;1320;+0200;1640;+0200;0;SK_3051-SK_1593
OSL;1420;+0200;1745;+0200;0;KL_1146-KL_1731
OSL;1605;+0200;1930;+0200;0;LH_2959-LH_5580
OSL;0900;+0200;1230;+0200;0;LH_2957-LH_5582
OSL;0615;+0200;0950;+0200;0;SK_3169-SK_593
OSL;0915;+0200;1250;+0200;0;BD_3865-BD_3731
OSL;0915;+0200;1250;+0200;0;SK_455-SK_1591
OSL;1410;+0200;1745;+0200;0;KL_1218-KL_1731
OSL;1610;+0200;1945;+0200;0;SK_1471-SK_597
OSL;1610;+0200;1945;+0200;0;BD_3867-BD_3727
OSL;0610;+0200;0950;+0200;0;SK_1461-SK_593
OSL;0900;+0200;1245;+0200;0;LH_2957-LH_5582
OSL;1355;+0200;1740;+0200;0;LH_861-LH_1016
OSL;0625;+0200;1020;+0200;0;LH_865-LH_1008
OSL;0630;+0200;1045;+0200;0;KL_1140-KL_1723
OSL;0750;+0200;1205;+0200;0;UA_9077-UA_9284
OSL;1420;+0200;1835;+0200;0;LH_6281-LH_1018
OSL;1220;+0200;1640;+0200;0;SK_1467-SK_1593
OSL;1525;+0200;1945;+0200;0;SK_459-SK_597
OSL;0740;+0200;1205;+0200;0;UA_9077-UA_9284
OSL;0740;+0200;1205;+0200;0;LH_2457-LH_2286
OSL;0935;+0200;1400;+0200;0;LH_6231-LH_1012
OSL;0820;+0200;1250;+0200;0;SK_1453-SK_1591
OSL;0930;+0200;1400;+0200;0;KL_1142-KL_1725
OSL;0955;+0200;1425;+0200;0;LH_6171-LH_2288
OSL;1805;+0200;2235;+0200;0;LH_2455-LH_2296
OSL;0610;+0200;1045;+0200;0;KL_1212-KL_1723
OSL;0815;+0200;1250;+0200;0;BD_3935-BD_5374
OSL;1610;+0200;2045;+0200;0;BD_3867-BD_5464
OSL;1355;+0200;1835;+0200;0;NH_6184-NH_6171
OSL;1355;+0200;1835;+0200;0;LH_861-LH_1018
OSL;1655;+0200;2135;+0200;0;LX_4711-LX_770
OSL;0815;+0200;1300;+0200;0;BD_3935-BD_5374
OSL;1150;+0200;1635;+0200;0;LH_2451-LH_2290
OSL;1720;+0200;2205;+0200;0;KL_1148-KL_1733
OSL;1230;+0200;1720;+0200;0;SK_868-SK_1589
OSL;1315;+0200;1815;+0200;0;AY_656-AY_817
OSL;1315;+0200;1815;+0200;0;JL_7800-JL_7823
OSL;1655;+0200;2155;+0200;0;BA_767-BA_404
OSL;1005;+0200;1510;+0200;0;BD_3875-BD_5458
OSL;1230;+0200;1735;+0200;0;SK_868-SK_1589
OSL;1400;+0200;1905;+0200;0;KF_676-KF_33
OSL;1400;+0200;1910;+0200;0;OS_336-OS_355
OSL;0635;+0200;1155;+0200;0;AF_1275-AF_7179
OSL;0750;+0200;1320;+0200;0;BD_3783-BD_5434
OSL;1645;+0200;2215;+0200;0;LH_6105-LH_1024
OSL;1655;+0200;2225;+0200;0;BA_767-BA_404
OSL;0710;+0200;1250;+0200;0;SK_1463-SK_1591
OSL;1420;+0200;2005;+0200;0;LH_6281-LH_1020
OSL;1155;+0200;1745;+0200;0;KL_1144-KL_1731
OSL;0915;+0200;1510;+0200;0;BD_3865-BD_5458
OSL;1245;+0200;1845;+0200;0;AF_2075-AF_7185
OSL;1345;+0200;1945;+0200;0;SK_1469-SK_597
OSL;1510;+0200;2110;+0200;0;BD_3789-BD_5436
OSL;1355;+0200;2005;+0200;0;LH_861-LH_1020
OSL;1400;+0200;2010;+0200;0;OS_336-OS_8173
OSL;1220;+0200;1835;+0200;0;BD_3869-BD_5460
OSL;1300;+0200;1915;+0200;0;BT_160-BT_603
OSL;0625;+0200;1245;+0200;0;UA_9095-UA_9225
OSL;0625;+0200;1245;+0200;0;LH_865-LH_1010
OSL;1025;+0200;1645;+0200;0;LH_859-LH_1014
OSL;1100;+0200;1720;+0200;0;SK_864-SK_1589
OSL;1205;+0200;1830;+0200;0;OK_447-OK_632
OSL;1320;+0200;1945;+0200;0;SK_3051-SK_597
OSL;1050;+0200;1720;+0200;0;SK_864-SK_1589
OSL;0615;+0200;1250;+0200;0;SK_3169-SK_1591
OSL;1005;+0200;1640;+0200;0;SK_1455-SK_1593
OSL;1100;+0200;1735;+0200;0;SK_864-SK_1589
OSL;1150;+0200;1825;+0200;0;LH_2451-LH_2292
OSL;0610;+0200;1250;+0200;0;SK_1461-SK_1591
OSL;0955;+0200;1635;+0200;0;LH_6171-LH_2290
OSL;1155;+0200;1835;+0200;0;AA_6630-AA_6457
OSL;1155;+0200;1835;+0200;0;BA_763-BA_398
OSL;0740;+0200;1425;+0200;0;LH_2457-LH_2288
OSL;0955;+0200;1640;+0200;0;SK_3173-SK_1593
OSL;1050;+0200;1735;+0200;0;SK_864-SK_1589
OSL;0755;+0200;1445;+0200;0;QF_3604-QF_3391
OSL;0755;+0200;1445;+0200;0;BA_761-BA_394
OSL;0800;+0200;1450;+0200;0;AA_6628-AA_6427
DUB;0945;+0100;1400;+0200;0;KL_3154-KL_1725
DUB;1330;+0100;1745;+0200;0;KL_3158-KL_1731
DUB;0600;+0100;1045;+0200;0;KL_3152-KL_1723
DUB;1200;+0100;1645;+0200;0;LH_979-LH_1014
DUB;1715;+0100;2205;+0200;0;KL_3160-KL_1733
DUB;0950;+0100;1445;+0200;0;BA_5958-BA_394
DUB;1700;+0100;2155;+0200;0;BA_5976-BA_404
DUB;1550;+0100;2055;+0200;0;BA_5974-BA_400
DUB;0910;+0100;1423;+0200;0;AF_5001-AF_7183
DUB;1700;+0100;2225;+0200;0;BA_5976-BA_404
DUB;0620;+0100;1155;+0200;0;AF_5003-AF_7179
DUB;1105;+0100;1640;+0200;0;SK_538-SK_1593
DUB;1200;+0100;1740;+0200;0;LH_979-LH_1016
DUB;1500;+0100;2043;+0200;0;AF_5009-AF_7187
DUB;0650;+0100;1245;+0200;0;LH_983-LH_1010
DUB;0850;+0100;1445;+0200;0;BA_5956-BA_394
DUB;1210;+0100;1815;+0200;0;SK_4604-SK_4745
DUB;1550;+0100;2155;+0200;0;BA_5974-BA_404
DUB;1130;+0100;1745;+0200;0;KL_3156-KL_1731
DUB;1440;+0100;2055;+0200;0;BA_5968-BA_400
DUB;0950;+0100;1615;+0200;0;BA_5958-BA_396
DUB;1210;+0100;1835;+0200;0;BA_5964-BA_398
DUB;0650;+0100;1320;+0200;0;BD_120-BD_5434
DUB;1200;+0100;1835;+0200;0;LH_979-LH_1018
DUB;1550;+0100;2225;+0200;0;BA_5974-BA_404
DUB;1430;+0100;2110;+0200;0;BD_124-BD_5436
DUB;1115;+0100;1805;+0200;0;LX_401-LX_782
DUB;1155;+0100;1845;+0200;0;AF_5005-AF_7185
DUB;0650;+0100;1400;+0200;0;LH_983-LH_1012
DUB;0730;+0100;1445;+0200;0;BA_5954-BA_394
DUB;1340;+0100;2055;+0200;0;BA_5966-BA_400
DUB;1440;+0100;2155;+0200;0;BA_5968-BA_404
DUB;1445;+0100;2200;+0200;0;IB_8071-IB_3208
DUB;0850;+0100;1615;+0200;0;BA_5956-BA_396
DUB;1345;+0100;2110;+0200;0;BD_124-BD_5436
DUB;0840;+0100;1610;+0200;0;BD_122-BD_588-BD_5376
TLS;1055;+0200;1235;+0200;0;AF_4344
TLS;0635;+0200;0820;+0200;0;SN_3676
TLS;0635;+0200;0820;+0200;0;UA_9950
TLS;1155;+0200;1340;+0200;0;SN_3668
TLS;0620;+0200;0820;+0200;0;SN_3676
TLS;0620;+0200;0820;+0200;0;UA_9950
TLS;1155;+0200;1355;+0200;0;SN_3668
TLS;1720;+0200;1920;+0200;0;SN_3670
TLS;1820;+0200;2110;+0200;0;AF_7851-AF_5406
TLS;1345;+0200;1715;+0200;0;AF_7849-AF_5404
TLS;1840;+0200;2215;+0200;0;LH_1099-LH_1024
TLS;1015;+0200;1400;+0200;0;LH_1095-LH_1012
TLS;1450;+0200;1835;+0200;0;NH_6132-NH_6171
TLS;1450;+0200;1835;+0200;0;LH_1097-LH_1018
TLS;0625;+0200;1025;+0200;0;LH_2223-LH_2284
TLS;1155;+0200;1605;+0200;0;AA_6270-AA_6456
TLS;1825;+0200;2235;+0200;0;LH_2219-LH_2296
TLS;1155;+0200;1615;+0200;0;BA_373-BA_396
TLS;1650;+0200;2110;+0200;0;AF_7843-AF_5406
TLS;1805;+0200;2225;+0200;0;BA_375-BA_404
TLS;1210;+0200;1635;+0200;0;LH_2215-LH_2290
TLS;1615;+0200;2043;+0200;0;AF_7787-AF_7187
TLS;0605;+0200;1045;+0200;0;KL_1300-KL_1723
TLS;0715;+0200;1155;+0200;0;AF_7793-AF_7179
TLS;0710;+0200;1155;+0200;0;AF_7793-AF_7179
TLS;1715;+0200;2205;+0200;0;KL_1312-KL_1733
TLS;1535;+0200;2035;+0200;0;LH_2217-LH_2294
TLS;1655;+0200;2200;+0200;0;IB_8771-IB_3208
TLS;1230;+0200;1745;+0200;0;KL_1304-KL_1731
TLS;1450;+0200;2005;+0200;0;LH_1097-LH_1020
TLS;1815;+0200;2330;+0200;0;AZ_367-AZ_164
TLS;0845;+0200;1423;+0200;0;AF_6111-AF_7183
TLS;0615;+0200;1155;+0200;0;AF_6101-AF_7179
TLS;0625;+0200;1205;+0200;0;LH_2223-LH_2286
TLS;0705;+0200;1245;+0200;0;LH_1101-LH_1010
TLS;1250;+0200;1835;+0200;0;TP_491-TP_614
TLS;1255;+0200;1845;+0200;0;AF_7785-AF_7185
TLS;0600;+0200;1155;+0200;0;AF_6155-AF_7179
TLS;1245;+0200;1845;+0200;0;AF_6121-AF_7185
TLS;0815;+0200;1423;+0200;0;AF_6153-AF_7183
TLS;0835;+0200;1445;+0200;0;BA_377-BA_394
TLS;0835;+0200;1445;+0200;0;QF_3376-QF_3391
TLS;1210;+0200;1825;+0200;0;LH_2215-LH_2292
TLS;0830;+0200;1450;+0200;0;AA_6274-AA_6427
TLS;1015;+0200;1645;+0200;0;LH_1095-LH_1014
TLS;0745;+0200;1423;+0200;0;AF_6107-AF_7183
TLS;1140;+0200;1820;+0200;0;IB_8767-IB_3214
TLS;1155;+0200;1835;+0200;0;AA_6270-AA_6457
TLS;1155;+0200;1835;+0200;0;BA_373-BA_398
TLS;1250;+0200;1930;+0200;0;TP_491-TP_614
TLS;0705;+0200;1400;+0200;0;LH_1101-LH_1012
TLS;1345;+0200;2043;+0200;0;AF_6123-AF_7187
TLS;1145;+0200;1845;+0200;0;AF_6119-AF_7185
TLS;1535;+0200;2235;+0200;0;LH_2217-LH_2296
TLS;0715;+0200;1423;+0200;0;AF_6105-AF_7183
TLS;0715;+0200;1423;+0200;0;AF_7793-AF_7183
TLS;0710;+0200;1423;+0200;0;AF_7793-AF_7183
TLS;0700;+0200;1415;+0200;0;IB_8765-IB_3202
HAM;0650;+0200;0755;+0200;0;SN_2630
HAM;0650;+0200;0755;+0200;0;LH_5586
HAM;0650;+0200;0800;+0200;0;LH_5586
HAM;1120;+0200;1230;+0200;0;LH_5582
HAM;1120;+0200;1230;+0200;0;SN_2624
HAM;1135;+0200;1245;+0200;0;LH_5582
HAM;1135;+0200;1245;+0200;0;SN_2624
HAM;1515;+0200;1625;+0200;0;SN_2626
HAM;1615;+0200;1730;+0200;0;LH_5584
HAM;1615;+0200;1730;+0200;0;SN_2626
HAM;1800;+0200;1915;+0200;0;SN_2628
HAM;1800;+0200;1915;+0200;0;LH_5580
HAM;1815;+0200;1930;+0200;0;SN_2628
HAM;1815;+0200;1930;+0200;0;LH_5580
HAM;1400;+0200;1645;+0200;0;LH_17-LH_1014
HAM;1640;+0200;1925;+0200;0;LH_2826-LH_3360
HAM;1930;+0200;2215;+0200;0;LH_27-LH_1024
HAM;0950;+0200;1250;+0200;0;SK_646-SK_1591
HAM;1335;+0200;1640;+0200;0;SK_1648-SK_1593
HAM;1440;+0200;1745;+0200;0;KL_1782-KL_1731
HAM;1700;+0200;2005;+0200;0;LH_21-LH_1020
HAM;1825;+0200;2135;+0200;0;LX_3649-LX_770
HAM;0635;+0200;0950;+0200;0;SK_648-SK_593
HAM;1110;+0200;1425;+0200;0;LH_2065-LH_2288
HAM;1520;+0200;1835;+0200;0;LH_19-LH_1018
HAM;0925;+0200;1245;+0200;0;LH_9-LH_1010
HAM;1500;+0200;1825;+0200;0;LH_2071-LH_2292
HAM;1850;+0200;2215;+0200;0;LH_25-LH_1024
HAM;1910;+0200;2235;+0200;0;LH_2077-LH_2296
HAM;0835;+0200;1205;+0200;0;LH_2059-LH_2286
HAM;0645;+0200;1020;+0200;0;LH_31-LH_1008
HAM;1400;+0200;1740;+0200;0;LH_17-LH_1016
HAM;1825;+0200;2205;+0200;0;KL_1784-KL_1733
HAM;0640;+0200;1025;+0200;0;LH_2087-LH_2284
HAM;1010;+0200;1400;+0200;0;LH_11-LH_1012
HAM;1220;+0200;1610;+0200;0;LH_2824-LH_3358
HAM;1840;+0200;2235;+0200;0;LH_2085-LH_2296
HAM;0705;+0200;1105;+0200;0;BA_963-BA_392
HAM;0705;+0200;1105;+0200;0;AA_6608-AA_6425
HAM;0705;+0200;1105;+0200;0;QF_3520-QF_3389
HAM;1235;+0200;1635;+0200;0;LH_2067-LH_2290
HAM;0840;+0200;1245;+0200;0;LH_7-LH_1010
HAM;0945;+0200;1350;+0200;0;LX_1051-LX_780
HAM;1020;+0200;1425;+0200;0;LH_2063-LH_2288
HAM;1410;+0200;1815;+0200;0;SK_3660-SK_4745
HAM;1540;+0200;1945;+0200;0;SK_650-SK_597
HAM;1630;+0200;2035;+0200;0;LH_2073-LH_2294
HAM;1810;+0200;2215;+0200;0;LH_23-LH_1024
HAM;1010;+0200;1423;+0200;0;AF_1411-AF_7183
HAM;0605;+0200;1020;+0200;0;LH_1-LH_1008
HAM;0735;+0200;1155;+0200;0;AF_2511-AF_7179
HAM;1225;+0200;1645;+0200;0;LH_15-LH_1014
HAM;1415;+0200;1835;+0200;0;BA_969-BA_398
HAM;1415;+0200;1835;+0200;0;AA_6352-AA_6457
HAM;1445;+0200;1910;+0200;0;LX_1057-LX_788
HAM;0700;+0200;1130;+0200;0;OS_7252-OS_8171
HAM;0610;+0200;1045;+0200;0;KL_1776-KL_1723
HAM;0730;+0200;1205;+0200;0;LH_2083-LH_2286
HAM;0925;+0200;1400;+0200;0;LH_9-LH_1012
HAM;1400;+0200;1835;+0200;0;LH_17-LH_1018
HAM;0805;+0200;1245;+0200;0;LH_5-LH_1010
HAM;0710;+0200;1155;+0200;0;AF_2511-AF_7179
HAM;1520;+0200;2005;+0200;0;LH_19-LH_1020
HAM;1115;+0200;1605;+0200;0;AA_6405-AA_6456
HAM;1225;+0200;1715;+0200;0;AF_5972-AF_5404
HAM;1330;+0200;1825;+0200;0;LH_2069-LH_2292
HAM;1115;+0200;1615;+0200;0;BA_965-BA_396
HAM;1300;+0200;1805;+0200;0;LX_3647-LX_782
HAM;1730;+0200;2235;+0200;0;LH_2075-LH_2296
HAM;0735;+0200;1245;+0200;0;LH_3-LH_1010
HAM;0850;+0200;1400;+0200;0;KL_1778-KL_1725
HAM;0915;+0200;1425;+0200;0;LH_2061-LH_2288
HAM;1315;+0200;1825;+0200;0;LH_3190-LH_5697
HAM;1225;+0200;1740;+0200;0;LH_15-LH_1016
HAM;1300;+0200;1815;+0200;0;AY_852-AY_817
HAM;1300;+0200;1815;+0200;0;JL_7814-JL_7823
HAM;1700;+0200;2215;+0200;0;LH_21-LH_1024
HAM;0840;+0200;1400;+0200;0;LH_7-LH_1012
HAM;1750;+0200;2310;+0200;0;OS_7256-OS_8175
HAM;0640;+0200;1205;+0200;0;LH_2087-LH_2286
HAM;1110;+0200;1635;+0200;0;LH_2065-LH_2290
ZRH;1655;+0200;1805;+0200;0;SN_5112
ZRH;2025;+0200;2135;+0200;0;SN_5102
ZRH;2025;+0200;2135;+0200;0;LX_770
ZRH;0720;+0200;0835;+0200;0;LX_786
ZRH;0720;+0200;0835;+0200;0;SN_5104
ZRH;1230;+0200;1345;+0200;0;SN_5108
ZRH;1235;+0200;1350;+0200;0;SQ_2980
ZRH;1235;+0200;1350;+0200;0;LX_780
ZRH;1650;+0200;1805;+0200;0;LX_782
ZRH;0910;+0200;1030;+0200;0;SQ_2908
ZRH;0910;+0200;1030;+0200;0;LX_778
ZRH;0910;+0200;1030;+0200;0;SN_5106
ZRH;1750;+0200;1910;+0200;0;LX_788
ZRH;1750;+0200;1910;+0200;0;SN_5114
ZRH;0700;+0200;0950;+0200;0;LX_2800-LX_4152
ZRH;1535;+0200;1825;+0200;0;LH_5787-LH_2292
ZRH;0910;+0200;1205;+0200;0;LH_2367-LH_2286
ZRH;1330;+0200;1635;+0200;0;LH_2369-LH_2290
ZRH;1340;+0200;1645;+0200;0;LH_1191-LH_1014
ZRH;1730;+0200;2035;+0200;0;NH_6098-NH_6085
ZRH;1730;+0200;2035;+0200;0;LH_2371-LH_2294
ZRH;1905;+0200;2215;+0200;0;LH_5779-LH_1024
ZRH;0705;+0200;1020;+0200;0;LH_5771-LH_1008
ZRH;0710;+0200;1025;+0200;0;LH_5783-LH_2284
ZRH;0915;+0200;1230;+0200;0;LH_3143-LH_5582
ZRH;1520;+0200;1835;+0200;0;LH_1193-LH_1018
ZRH;1920;+0200;2235;+0200;0;LH_5789-LH_2296
ZRH;0940;+0200;1300;+0200;0;LH_5903-LH_5695
ZRH;1655;+0200;2015;+0200;0;LX_2808-LX_4164
ZRH;0940;+0200;1305;+0200;0;LH_5903-LH_5695
ZRH;0915;+0200;1245;+0200;0;LH_3143-LH_5582
ZRH;1415;+0200;1745;+0200;0;KL_1960-KL_1731
ZRH;0910;+0200;1245;+0200;0;LH_1185-LH_1010
ZRH;1235;+0200;1610;+0200;0;LH_5827-LH_3358
ZRH;1625;+0200;2005;+0200;0;LH_5777-LH_1020
ZRH;0655;+0200;1045;+0200;0;KL_1952-KL_1723
ZRH;1010;+0200;1400;+0200;0;LH_1187-LH_1012
ZRH;1630;+0200;2020;+0200;0;LH_5843-LH_5568
ZRH;1655;+0200;2045;+0200;0;LH_5907-LH_5699
ZRH;1630;+0200;2025;+0200;0;LH_5843-LH_5568
ZRH;1210;+0200;1610;+0200;0;BD_6804-BD_5376
ZRH;1340;+0200;1740;+0200;0;LH_1191-LH_1016
ZRH;0700;+0200;1105;+0200;0;BA_709-BA_392
ZRH;0700;+0200;1105;+0200;0;AA_6483-AA_6425
ZRH;1040;+0200;1445;+0200;0;BA_711-BA_394
ZRH;1250;+0200;1655;+0200;0;OS_8804-OS_353
ZRH;1810;+0200;2215;+0200;0;LH_1197-LH_1024
ZRH;1635;+0200;2043;+0200;0;AF_5105-AF_7187
ZRH;0710;+0200;1130;+0200;0;OS_8802-OS_8171
ZRH;0735;+0200;1155;+0200;0;AF_5111-AF_7179
ZRH;0850;+0200;1310;+0200;0;LH_5853-LH_5564
ZRH;1215;+0200;1635;+0200;0;LH_5785-LH_2290
ZRH;1220;+0200;1640;+0200;0;SK_3504-SK_1593
ZRH;1225;+0200;1645;+0200;0;LH_5775-LH_1014
ZRH;1455;+0200;1915;+0200;0;LH_3145-LH_5580
ZRH;0740;+0200;1205;+0200;0;LX_2802-LX_4154
ZRH;1025;+0200;1450;+0200;0;AA_6470-AA_6427
ZRH;0715;+0200;1145;+0200;0;BD_6820-BD_5338
ZRH;0815;+0200;1245;+0200;0;LH_5773-LH_1010
ZRH;0950;+0200;1423;+0200;0;AF_5101-AF_7183
ZRH;0925;+0200;1400;+0200;0;KL_1954-KL_1725
ZRH;0940;+0200;1415;+0200;0;LX_2804-LX_4160
ZRH;1455;+0200;1930;+0200;0;LH_3145-LH_5580
ZRH;1730;+0200;2205;+0200;0;KL_1962-KL_1733
ZRH;0715;+0200;1155;+0200;0;BD_6820-BD_5338
ZRH;1520;+0200;2005;+0200;0;LH_1193-LH_1020
ZRH;1710;+0200;2155;+0200;0;BA_717-BA_404
ZRH;0910;+0200;1400;+0200;0;LH_1185-LH_1012
ZRH;1735;+0200;2225;+0200;0;LX_2810-LX_4162
ZRH;0710;+0200;1205;+0200;0;LH_5783-LH_2286
ZRH;0750;+0200;1245;+0200;0;LH_1183-LH_1010
ZRH;1235;+0200;1730;+0200;0;LH_5847-LH_5584
ZRH;1330;+0200;1825;+0200;0;LH_2369-LH_2292
ZRH;1340;+0200;1835;+0200;0;LH_1191-LH_1018
ZRH;1535;+0200;2035;+0200;0;LH_5787-LH_2294
ZRH;1725;+0200;2225;+0200;0;BD_6824-BD_5348
FRA;0650;+0200;0745;+0200;0;LH_1004
FRA;0705;+0200;0800;+0200;0;SN_7016
FRA;0705;+0200;0800;+0200;0;LH_1004
FRA;0745;+0200;0840;+0200;0;LH_1006
FRA;0755;+0200;0850;+0200;0;SN_7000
FRA;0755;+0200;0850;+0200;0;LH_1006
FRA;0925;+0200;1020;+0200;0;SN_7002
FRA;0925;+0200;1020;+0200;0;LH_1008
FRA;1150;+0200;1245;+0200;0;LH_1010
FRA;1305;+0200;1400;+0200;0;LH_1012
FRA;1305;+0200;1400;+0200;0;SN_7004
FRA;1550;+0200;1645;+0200;0;LH_1014
FRA;1645;+0200;1740;+0200;0;LH_1016
FRA;1655;+0200;1750;+0200;0;SN_7008
FRA;1740;+0200;1835;+0200;0;SN_7010
FRA;1740;+0200;1835;+0200;0;LH_1018
FRA;1740;+0200;1835;+0200;0;NH_6171
FRA;1900;+0200;1955;+0200;0;SN_7012
FRA;1910;+0200;2005;+0200;0;LH_1020
FRA;2120;+0200;2215;+0200;0;SN_7014
FRA;2120;+0200;2215;+0200;0;LH_1024
FRA;1335;+0200;1610;+0200;0;LH_130-LH_3358
FRA;0740;+0200;1030;+0200;0;LX_3601-LX_778
FRA;1910;+0200;2205;+0200;0;KL_1774-KL_1733
FRA;0905;+0200;1205;+0200;0;LH_104-LH_2286
FRA;1335;+0200;1635;+0200;0;LH_110-LH_2290
FRA;1615;+0200;1915;+0200;0;LH_18-LH_5580
FRA;1830;+0200;2135;+0200;0;LX_3611-LX_770
FRA;0920;+0200;1230;+0200;0;LH_8-LH_5582
FRA;1050;+0200;1400;+0200;0;KL_1766-KL_1725
FRA;1615;+0200;1930;+0200;0;LH_18-LH_5580
FRA;1920;+0200;2235;+0200;0;LH_120-LH_2296
FRA;1505;+0200;1825;+0200;0;LH_112-LH_2292
FRA;1655;+0200;2015;+0200;0;BD_3118-BD_5270
FRA;1715;+0200;2035;+0200;0;LH_116-LH_2294
FRA;0650;+0200;1015;+0200;0;LH_170-LH_5562
FRA;0820;+0200;1145;+0200;0;LH_952-LH_5601
FRA;0920;+0200;1245;+0200;0;LH_8-LH_5582
FRA;1025;+0200;1350;+0200;0;LX_1071-LX_780
FRA;1605;+0200;1930;+0200;0;SN_7123-SN_2812
FRA;1810;+0200;2135;+0200;0;LX_1075-LX_770
FRA;1435;+0200;1805;+0200;0;LX_1073-LX_782
FRA;1050;+0200;1423;+0200;0;AF_1519-AF_7183
FRA;0650;+0200;1025;+0200;0;LH_98-LH_2284
FRA;0710;+0200;1045;+0200;0;KL_1762-KL_1723
FRA;0820;+0200;1155;+0200;0;LH_952-LH_5601
FRA;0925;+0200;1300;+0200;0;LH_248-LH_5695
FRA;0925;+0200;1305;+0200;0;LH_248-LH_5695
FRA;1135;+0200;1515;+0200;0;LH_180-LH_5574
FRA;1135;+0200;1515;+0200;0;BD_3580-BD_5324
FRA;1530;+0200;1910;+0200;0;OS_124-OS_355
FRA;1630;+0200;2010;+0200;0;OS_7208-OS_8173
FRA;1630;+0200;2010;+0200;0;BD_2986-BD_5494
FRA;1940;+0200;2320;+0200;0;LH_196-LH_5570
FRA;1125;+0200;1510;+0200;0;BD_3418-BD_5458
FRA;1450;+0200;1835;+0200;0;BD_3416-BD_5460
FRA;0815;+0200;1205;+0200;0;LH_102-LH_2286
FRA;1340;+0200;1730;+0200;0;BD_2954-BD_5396
FRA;1340;+0200;1730;+0200;0;LH_14-LH_5584
FRA;1245;+0200;1640;+0200;0;SK_1638-SK_1593
FRA;1440;+0200;1835;+0200;0;AA_6581-AA_6457
FRA;1625;+0200;2020;+0200;0;LH_188-LH_5568
FRA;1650;+0200;2045;+0200;0;BD_3420-BD_5464
FRA;0830;+0200;1230;+0200;0;LH_6-LH_5582
FRA;1515;+0200;1915;+0200;0;LH_16-LH_5580
FRA;1625;+0200;2025;+0200;0;LH_188-LH_5568
FRA;1250;+0200;1655;+0200;0;OS_7204-OS_353
FRA;1250;+0200;1655;+0200;0;BD_2984-BD_2833
FRA;1610;+0200;2015;+0200;0;BD_3118-BD_5270
FRA;1610;+0200;2015;+0200;0;BD_3102-BD_5270
FRA;1800;+0200;2205;+0200;0;KL_1772-KL_1733
FRA;0900;+0200;1310;+0200;0;LH_176-LH_5564
FRA;1105;+0200;1515;+0200;0;BD_2922-BD_5266
FRA;1105;+0200;1515;+0200;0;LH_272-LH_5536
FRA;1230;+0200;1640;+0200;0;SK_1638-SK_1593
FRA;1245;+0200;1655;+0200;0;OS_7204-OS_353
FRA;1415;+0200;1825;+0200;0;LH_184-LH_5566
FRA;1415;+0200;1825;+0200;0;BD_3568-BD_5326
FRA;1425;+0200;1835;+0200;0;BA_907-BA_398
FRA;0600;+0200;1015;+0200;0;LH_168-LH_5562
FRA;0830;+0200;1245;+0200;0;LH_6-LH_5582
FRA;1150;+0200;1605;+0200;0;AA_6259-AA_6456
FRA;1350;+0200;1805;+0200;0;LX_3607-LX_782
FRA;1515;+0200;1930;+0200;0;LH_16-LH_5580
FRA;1820;+0200;2235;+0200;0;LH_118-LH_2296
FRA;0610;+0200;1030;+0200;0;LX_3613-LX_778
FRA;1005;+0200;1425;+0200;0;LH_106-LH_2288
FRA;1215;+0200;1635;+0200;0;LH_108-LH_2290
FRA;1625;+0200;2045;+0200;0;LH_254-LH_5699
FRA;0740;+0200;1205;+0200;0;LH_100-LH_2286
FRA;0840;+0200;1305;+0200;0;SN_7067-SN_2314
FRA;1410;+0200;1835;+0200;0;AA_6581-AA_6457
FRA;1410;+0200;1835;+0200;0;BA_905-BA_398
FRA;1610;+0200;2035;+0200;0;LH_114-LH_2294
FRA;0725;+0200;1155;+0200;0;AF_1019-AF_7179
FRA;1140;+0200;1610;+0200;0;BD_3352-BD_5376
FRA;1720;+0200;2150;+0200;0;LO_5378-LO_231
NTE;1810;+0200;2110;+0200;0;AF_5866-AF_5406
NTE;1830;+0200;2205;+0200;0;KL_2034-KL_1733
NTE;0655;+0200;1045;+0200;0;KL_2032-KL_1723
NTE;1005;+0200;1400;+0200;0;KL_2048-KL_1725
NTE;1710;+0200;2110;+0200;0;AF_5864-AF_5406
NTE;1305;+0200;1715;+0200;0;AF_5862-AF_5404
NTE;1425;+0200;1845;+0200;0;AF_7727-AF_7185
NTE;0720;+0200;1155;+0200;0;AF_7721-AF_7179
NTE;0640;+0200;1235;+0200;0;AF_5657-AF_4344
NTE;1425;+0200;2043;+0200;0;AF_7727-AF_7187
NTE;0735;+0200;1415;+0200;0;IB_8545-IB_3202
NTE;0725;+0200;1423;+0200;0;AF_7381-AF_7183
NTE;0720;+0200;1423;+0200;0;AF_7721-AF_7183
NTE;0655;+0200;1400;+0200;0;KL_2032-KL_1725
NTE;1125;+0200;1845;+0200;0;AF_7725-AF_7185
NTE;1110;+0200;1845;+0200;0;AF_7383-AF_7185
NTE;1005;+0200;1745;+0200;0;KL_2048-KL_1731
NTE;1305;+0200;2110;+0200;0;AF_5862-AF_5406
NTE;0840;+0200;1423;+0200;0;AF_5860-AF_7641-AF_7183
NTE;1125;+0200;1715;+0200;0;AF_7725-AF_7644-AF_5404
NTE;1125;+0200;1745;+0200;0;KL_2311-KL_1234-KL_1731
NTE;0755;+0200;1423;+0200;0;AF_3202-AF_6259-AF_7183
NTE;0755;+0200;1423;+0200;0;AF_3202-AF_7625-AF_7183
NTE;1410;+0200;2043;+0200;0;AF_3206-AF_7629-AF_7187
NTE;0720;+0200;1400;+0200;0;KL_2309-KL_1228-KL_1725
NTE;0720;+0200;1400;+0200;0;KL_2309-KL_1230-KL_1725
NTE;0740;+0200;1423;+0200;0;AF_5333-AF_7701-AF_7183
NTE;0715;+0200;1423;+0200;0;AF_3259-AF_7431-AF_7183
NTE;1120;+0200;1845;+0200;0;AF_7861-AF_7785-AF_7185
NTE;1120;+0200;1845;+0200;0;AF_7861-AF_6121-AF_7185
NTE;0650;+0200;1423;+0200;0;AF_5858-AF_7653-AF_7183
NTE;0650;+0200;1423;+0200;0;AF_5858-AF_7641-AF_7183
NTE;1425;+0200;2205;+0200;0;KL_2313-KL_1244-KL_1733
NTE;1425;+0200;2205;+0200;0;KL_2313-KL_2016-KL_1733
NTE;1425;+0200;2205;+0200;0;KL_2313-KL_2022-KL_1733
NTE;0640;+0200;1423;+0200;0;AF_5657-AF_6153-AF_7183
NTE;0640;+0200;1423;+0200;0;AF_5657-AF_6111-AF_7183
NTE;1255;+0200;2043;+0200;0;AF_7611-AF_7667-AF_7187
NTE;1040;+0200;1845;+0200;0;AF_5767-AF_7665-AF_7185
AMS;2120;+0200;2205;+0200;0;KL_1733
AMS;0650;+0200;0740;+0200;0;KL_1721
AMS;0955;+0200;1045;+0200;0;KL_1723
AMS;1310;+0200;1400;+0200;0;KL_1725
AMS;1655;+0200;1745;+0200;0;KL_1731
AMS;1009;+0200;1200;+0200;0;9B_9228
AMS;1203;+0200;1240;+0200;0;9B_9228
AMS;1109;+0200;1300;+0200;0;9B_9232
AMS;1303;+0200;1340;+0200;0;9B_9232
AMS;1209;+0200;1400;+0200;0;9B_9236
AMS;1403;+0200;1440;+0200;0;9B_9236
AMS;1309;+0200;1500;+0200;0;9B_9240
AMS;1503;+0200;1540;+0200;0;9B_9240
AMS;1409;+0200;1601;+0200;0;9B_9244
AMS;1603;+0200;1640;+0200;0;9B_9244
AMS;1509;+0200;1700;+0200;0;9B_9248
AMS;1703;+0200;1740;+0200;0;9B_9248
AMS;1609;+0200;1801;+0200;0;9B_9252
AMS;1803;+0200;1840;+0200;0;9B_9252
AMS;1709;+0200;1900;+0200;0;9B_9256
AMS;1903;+0200;1940;+0200;0;9B_9256
AMS;1809;+0200;2001;+0200;0;9B_9260
AMS;2003;+0200;2040;+0200;0;9B_9260
AMS;1909;+0200;2100;+0200;0;9B_9264
AMS;2103;+0200;2140;+0200;0;9B_9264
AMS;2109;+0200;2300;+0200;0;9B_9272
AMS;2303;+0200;2343;+0200;0;9B_9272
AMS;1455;+0200;1740;+0200;0;LH_993-LH_1016
AMS;0945;+0200;1245;+0200;0;LH_987-LH_1010
AMS;1055;+0200;1400;+0200;0;LH_989-LH_1012
AMS;1055;+0200;1400;+0200;0;UA_9203-UA_9354
AMS;0705;+0200;1020;+0200;0;LH_1003-LH_1008
AMS;0705;+0200;1020;+0200;0;UA_9156-UA_8819
AMS;1040;+0200;1400;+0200;0;UA_9203-UA_9354
AMS;1105;+0200;1425;+0200;0;LH_2303-LH_2288
AMS;0700;+0200;1025;+0200;0;LH_2313-LH_2284
AMS;0705;+0200;1030;+0200;0;LX_737-LX_778
AMS;1320;+0200;1645;+0200;0;LH_991-LH_1014
AMS;0650;+0200;1020;+0200;0;UA_9156-UA_8819
AMS;1905;+0200;2235;+0200;0;TG_7853-TG_7854
AMS;1905;+0200;2235;+0200;0;LH_2309-LH_2296
AMS;1045;+0200;1423;+0200;0;AF_1341-AF_7183
AMS;1455;+0200;1835;+0200;0;BA_435-BA_398
AMS;1455;+0200;1835;+0200;0;AA_6505-AA_6457
AMS;1455;+0200;1835;+0200;0;LH_993-LH_1018
AMS;0720;+0200;1105;+0200;0;BA_423-BA_392
AMS;0720;+0200;1105;+0200;0;QF_3364-QF_3389
AMS;0720;+0200;1105;+0200;0;AA_6434-AA_6425
AMS;1830;+0200;2215;+0200;0;LH_997-LH_1024
AMS;0800;+0200;1155;+0200;0;AF_8229-AF_7179
AMS;0835;+0200;1230;+0200;0;LH_3335-LH_5582
AMS;1630;+0200;2030;+0200;0;OK_623-OK_634
AMS;0945;+0200;1350;+0200;0;LX_725-LX_780
AMS;0835;+0200;1245;+0200;0;LH_3335-LH_5582
AMS;0945;+0200;1400;+0200;0;LH_987-LH_1012
AMS;0945;+0200;1400;+0200;0;UA_9195-UA_9354
AMS;1030;+0200;1445;+0200;0;BA_429-BA_394
AMS;1455;+0200;1910;+0200;0;LX_729-LX_788
AMS;0940;+0200;1400;+0200;0;UA_9195-UA_9354
AMS;1030;+0200;1450;+0200;0;AA_6435-AA_6427
AMS;1320;+0200;1740;+0200;0;LH_991-LH_1016
AMS;1140;+0200;1605;+0200;0;AA_6443-AA_6456
AMS;1630;+0200;2055;+0200;0;BA_439-BA_400
AMS;0700;+0200;1130;+0200;0;OS_378-OS_8171
AMS;1140;+0200;1615;+0200;0;BA_431-BA_396
AMS;0715;+0200;1155;+0200;0;AF_8227-AF_7179
AMS;1355;+0200;1845;+0200;0;AF_1641-AF_7185
AMS;0930;+0200;1423;+0200;0;AF_1241-AF_7183
AMS;0700;+0200;1205;+0200;0;LH_2313-LH_2286
AMS;1320;+0200;1825;+0200;0;LH_2305-LH_2292
AMS;0645;+0200;1155;+0200;0;AF_8223-AF_7179
AMS;1455;+0200;2005;+0200;0;LH_993-LH_1020
AMS;1320;+0200;1835;+0200;0;LH_991-LH_1018
AMS;1720;+0200;2235;+0200;0;LH_2307-LH_2296
AMS;1520;+0200;2043;+0200;0;AF_1741-AF_7187
AMS;1155;+0200;1720;+0200;0;SK_556-SK_1589
AMS;1630;+0200;2155;+0200;0;BA_439-BA_404
AMS;1745;+0200;2310;+0200;0;OS_374-OS_8175
AMS;1105;+0200;1635;+0200;0;LH_2303-LH_2290
AMS;0850;+0200;1425;+0200;0;LH_2301-LH_2288
AMS;1030;+0200;1605;+0200;0;AA_6435-AA_6456
AMS;1620;+0200;2155;+0200;0;BA_8454-BA_404
AMS;0705;+0200;1245;+0200;0;LH_1003-LH_1010
AMS;0705;+0200;1245;+0200;0;UA_9156-UA_9225
AMS;1155;+0200;1735;+0200;0;SK_556-SK_1589
AMS;1030;+0200;1615;+0200;0;BA_429-BA_396
SXB;1100;+0200;1155;+0200;0;SN_3654
SXB;1105;+0200;1200;+0200;0;SN_3654
SXB;1835;+0200;1930;+0200;0;SN_3662
SXB;1940;+0200;2035;+0200;0;SN_3662
SXB;0650;+0200;0940;+0200;0;AF_5785-AF_5402
SXB;1405;+0200;1715;+0200;0;AF_5781-AF_5404
SXB;1800;+0200;2110;+0200;0;AF_5783-AF_5406
SXB;1820;+0200;2205;+0200;0;KL_2044-KL_1733
SXB;1010;+0200;1400;+0200;0;KL_2042-KL_1725
SXB;1455;+0200;1845;+0200;0;AF_7771-AF_7185
SXB;0650;+0200;1045;+0200;0;KL_2046-KL_1723
SXB;0840;+0200;1235;+0200;0;AF_5540-AF_4344
SXB;0725;+0200;1155;+0200;0;AF_7761-AF_7179
SXB;0755;+0200;1235;+0200;0;AF_7869-AF_4344
SXB;1200;+0200;1645;+0200;0;LH_391-LH_1014
SXB;1700;+0200;2215;+0200;0;LH_395-LH_1024
SXB;1200;+0200;1740;+0200;0;LH_391-LH_1016
SXB;0815;+0200;1400;+0200;0;LH_389-LH_1012
SXB;1455;+0200;2043;+0200;0;AF_7771-AF_7187
SXB;1415;+0200;2005;+0200;0;LH_393-LH_1020
SXB;1445;+0200;2043;+0200;0;AF_7311-AF_7187
SXB;0415;+0200;1020;+0200;0;LH_385-LH_1008
SXB;0615;+0200;1245;+0200;0;LH_387-LH_1010
SXB;1200;+0200;1835;+0200;0;LH_391-LH_1018
SXB;0725;+0200;1423;+0200;0;AF_7761-AF_7183
SXB;0645;+0200;1235;+0200;0;AF_7303-AF_6108-AF_4344
SXB;0645;+0200;1235;+0200;0;AF_7303-AF_6110-AF_4344
SXB;1115;+0200;1715;+0200;0;AF_7763-AF_7644-AF_5404
SXB;1045;+0200;1715;+0200;0;AF_7307-AF_7414-AF_5404
DUS;0605;+0200;0840;+0200;0;LH_73-LH_1006
DUS;0950;+0200;1230;+0200;0;LH_2706-LH_5582
DUS;1815;+0200;2055;+0200;0;LX_3903-LX_766
DUS;0605;+0200;0850;+0200;0;LH_73-LH_1006
DUS;0950;+0200;1245;+0200;0;LH_2706-LH_5582
DUS;1435;+0200;1740;+0200;0;LH_81-LH_1016
DUS;1440;+0200;1745;+0200;0;KL_1858-KL_1731
DUS;0720;+0200;1030;+0200;0;LX_3633-LX_778
DUS;1905;+0200;2215;+0200;0;LH_87-LH_1024
DUS;0625;+0200;0940;+0200;0;AF_5877-AF_5402
DUS;0955;+0200;1310;+0200;0;BD_3486-BD_5322
DUS;0955;+0200;1310;+0200;0;LH_2732-LH_5564
DUS;1450;+0200;1805;+0200;0;LX_1019-LX_782
DUS;0845;+0200;1205;+0200;0;LH_2001-LH_2286
DUS;1155;+0200;1515;+0200;0;BD_3484-BD_5324
DUS;1155;+0200;1515;+0200;0;LH_2734-LH_5574
DUS;1700;+0200;2020;+0200;0;LH_2740-LH_5568
DUS;1500;+0200;1825;+0200;0;LH_2011-LH_2292
DUS;1655;+0200;2020;+0200;0;BD_3488-BD_5328
DUS;1700;+0200;2025;+0200;0;LH_2740-LH_5568
DUS;1055;+0200;1423;+0200;0;AF_1307-AF_7183
DUS;0655;+0200;1025;+0200;0;LH_2023-LH_2284
DUS;1400;+0200;1730;+0200;0;LH_2710-LH_5584
DUS;1050;+0200;1423;+0200;0;AF_1307-AF_7183
DUS;0640;+0200;1015;+0200;0;LH_2726-LH_5562
DUS;1800;+0200;2135;+0200;0;LX_3637-LX_770
DUS;1900;+0200;2235;+0200;0;TG_7837-TG_7854
DUS;1900;+0200;2235;+0200;0;LH_2017-LH_2296
DUS;1020;+0200;1400;+0200;0;LH_77-LH_1012
DUS;1045;+0200;1425;+0200;0;LH_2005-LH_2288
DUS;1545;+0200;1925;+0200;0;LH_2756-LH_3360
DUS;1605;+0200;1945;+0200;0;SK_1622-SK_597
DUS;1730;+0200;2110;+0200;0;AF_5879-AF_5406
DUS;0645;+0200;1030;+0200;0;LX_1029-LX_778
DUS;1250;+0200;1635;+0200;0;LH_2009-LH_2290
DUS;1425;+0200;1810;+0200;0;LH_3446-LH_5605
DUS;1425;+0200;1810;+0200;0;BD_3424-BD_5346
DUS;1820;+0200;2205;+0200;0;KL_1862-KL_1733
DUS;0715;+0200;1105;+0200;0;QF_3450-QF_3389
DUS;0715;+0200;1105;+0200;0;BA_935-BA_392
DUS;0715;+0200;1105;+0200;0;AA_6503-AA_6425
DUS;1305;+0200;1655;+0200;0;OS_7244-OS_353
DUS;1805;+0200;2155;+0200;0;BA_943-BA_404
DUS;1835;+0200;2225;+0200;0;BD_3416-BD_5348
DUS;0955;+0200;1350;+0200;0;LX_1017-LX_780
DUS;1520;+0200;1915;+0200;0;LH_2712-LH_5580
DUS;1045;+0200;1445;+0200;0;BA_937-BA_394
DUS;1435;+0200;1835;+0200;0;LH_81-LH_1018
DUS;1920;+0200;2320;+0200;0;LH_2742-LH_5570
DUS;1045;+0200;1450;+0200;0;AA_6364-AA_6427
DUS;1250;+0200;1655;+0200;0;OS_7244-OS_353
DUS;1400;+0200;1805;+0200;0;LX_3635-LX_782
DUS;1630;+0200;2035;+0200;0;LH_2013-LH_2294
DUS;0615;+0200;1025;+0200;0;LH_2027-LH_2284
DUS;1520;+0200;1930;+0200;0;LH_2712-LH_5580
DUS;1645;+0200;2055;+0200;0;BA_941-BA_400
DUS;1910;+0200;2320;+0200;0;LH_2742-LH_5570
DUS;0605;+0200;1020;+0200;0;LH_73-LH_1008
DUS;0815;+0200;1230;+0200;0;LH_2704-LH_5582
DUS;0830;+0200;1245;+0200;0;LH_75-LH_1010
DUS;0845;+0200;1300;+0200;0;LH_3180-LH_5695
DUS;1300;+0200;1715;+0200;0;AF_5875-AF_5404
DUS;1800;+0200;2215;+0200;0;LH_85-LH_1024
DUS;1625;+0200;2043;+0200;0;AF_1907-AF_7187
DUS;0625;+0200;1045;+0200;0;KL_1852-KL_1723
DUS;0710;+0200;1130;+0200;0;OS_7250-OS_8171
DUS;0845;+0200;1305;+0200;0;LH_3180-LH_5695
DUS;1150;+0200;1610;+0200;0;BD_3684-BD_5376
DUS;1450;+0200;1910;+0200;0;LX_1019-LX_788
DUS;1555;+0200;2015;+0200;0;BD_3692-BD_5378
DUS;1805;+0200;2225;+0200;0;BA_943-BA_404
DUS;0725;+0200;1155;+0200;0;AF_1107-AF_7179
DUS;0815;+0200;1245;+0200;0;LH_2704-LH_5582
DUS;1550;+0200;2020;+0200;0;LH_2738-LH_5568
DUS;1550;+0200;2020;+0200;0;BD_3488-BD_5328
DUS;1640;+0200;2110;+0200;0;BD_3242-BD_5436
DUS;0720;+0200;1155;+0200;0;AF_1107-AF_7179
DUS;0730;+0200;1205;+0200;0;LH_2025-LH_2286
DUS;1550;+0200;2025;+0200;0;LH_2738-LH_5568
DUS;1610;+0200;2045;+0200;0;LH_3182-LH_5699
DUS;0830;+0200;1310;+0200;0;LH_2730-LH_5564
DUS;1655;+0200;2135;+0200;0;LX_3641-LX_770
DUS;1710;+0200;2150;+0200;0;LO_5410-LO_231
DUS;1200;+0200;1645;+0200;0;LH_79-LH_1014
DUS;0645;+0200;1140;+0200;0;LO_5408-LO_5237
DUS;0925;+0200;1425;+0200;0;LH_2003-LH_2288
DUS;1735;+0200;2235;+0200;0;LH_2015-LH_2296