LON;0635;+0100;0850;+0200;0;LH_3389
LON;0635;+0100;0850;+0200;0;BD_3245
LON;0725;+0100;0940;+0200;0;AB_8893
LON;0805;+0100;1020;+0200;0;UA_9234
LON;0805;+0100;1020;+0200;0;BD_3251
LON;0805;+0100;1020;+0200;0;LH_3381
LON;1210;+0100;1425;+0200;0;UA_9236
LON;1220;+0100;1435;+0200;0;BD_3243
LON;1220;+0100;1435;+0200;0;LH_3383
LON;1220;+0100;1435;+0200;0;UA_9236
LON;1610;+0100;1825;+0200;0;AB_8747
LON;1630;+0100;1845;+0200;0;AB_8747
LON;1745;+0100;2000;+0200;0;LH_3385
LON;1745;+0100;2000;+0200;0;BD_3253
LON;1940;+0100;2155;+0200;0;BD_3249
LON;1940;+0100;2155;+0200;0;LH_3387
LON;1955;+0100;2210;+0200;0;AB_8343
LON;2020;+0100;2235;+0200;0;AB_8343
LON;0720;+0100;0940;+0200;0;BA_936
LON;0720;+0100;0940;+0200;0;QF_3451
LON;1330;+0100;1550;+0200;0;BA_940
LON;1500;+0100;1720;+0200;0;AA_6422
LON;1650;+0100;1910;+0200;0;QF_3441
LON;1650;+0100;1910;+0200;0;BA_944
LON;1650;+0100;1910;+0200;0;AA_6450
LON;1700;+0100;1920;+0200;0;AA_6450
LON;1900;+0100;2120;+0200;0;BA_946
LON;1900;+0100;2120;+0200;0;JL_7701
LON;0940;+0100;1205;+0200;0;QF_3445
LON;0940;+0100;1205;+0200;0;BA_938
LON;1325;+0100;1550;+0200;0;AA_6514
LON;1455;+0100;1720;+0200;0;BA_942
LON;1455;+0100;1720;+0200;0;AA_6422
LON;0940;+0100;1210;+0200;0;AA_6508
LON;1835;+0100;2225;+0200;0;KL_1024-KL_1863
LON;1830;+0100;2225;+0200;0;KL_1026-KL_1863
LON;0955;+0100;1400;+0200;0;KL_1008-KL_1857
LON;0950;+0100;1400;+0200;0;LH_897-LH_78
LON;0950;+0100;1400;+0200;0;LH_903-LH_78
LON;1405;+0100;1815;+0200;0;LH_3403-LH_2757
LON;1650;+0100;2100;+0200;0;LX_4425-LX_3902
LON;0855;+0100;1310;+0200;0;LH_3391-LH_2711
LON;0855;+0100;1310;+0200;0;BD_3301-BD_2979
LON;1415;+0100;1830;+0200;0;BD_3229-BD_3310
LON;1415;+0100;1830;+0200;0;LH_907-LH_84
LON;1800;+0100;2215;+0200;0;AF_2581-AF_1106
LON;1805;+0100;2220;+0200;0;LH_915-LH_88
LON;0640;+0100;1100;+0200;0;AF_1381-AF_1606
LON;1105;+0100;1545;+0200;0;LH_2473-LH_2012
LON;1740;+0100;2220;+0200;0;LH_899-LH_88
LON;0625;+0100;1110;+0200;0;LH_921-LH_76
LON;0625;+0100;1110;+0200;0;BD_3193-BD_3316
LON;0725;+0100;1210;+0200;0;LH_2483-LH_2008
LON;1025;+0100;1510;+0200;0;LH_6489-LH_2737
LON;1525;+0100;2010;+0200;0;LH_2477-LH_2020
LON;1715;+0100;2200;+0200;0;LH_2479-LH_2024
LON;0910;+0100;1400;+0200;0;LH_901-LH_78
LON;0910;+0100;1400;+0200;0;LH_929-LH_78
LON;0935;+0100;1425;+0200;0;LH_2471-LH_2010
LON;1710;+0100;2200;+0200;0;LH_2479-LH_2024
LON;1710;+0100;2205;+0200;0;LX_465-LX_1028
LON;1450;+0100;1950;+0200;0;LH_3393-LH_2717
LON;1315;+0100;1820;+0200;0;LH_2475-LH_2016
LON;1440;+0100;1945;+0200;0;LH_6491-LH_2743
LON;1440;+0100;1945;+0200;0;BD_845-BD_3503
LON;1700;+0100;2205;+0200;0;LX_325-LX_1028
LON;0840;+0100;1350;+0200;0;LX_317-LX_1018
LON;1525;+0100;2035;+0200;0;BD_3209-BD_3314
LON;1525;+0100;2035;+0200;0;LH_909-LH_86
LON;1650;+0100;2200;+0200;0;SK_506-SK_629
LON;1710;+0100;2220;+0200;0;LH_911-LH_88
LON;0630;+0100;1145;+0200;0;KL_1000-KL_1855
LON;1705;+0100;2220;+0200;0;LH_911-LH_88
LON;1710;+0100;2225;+0200;0;KL_1022-KL_1863
LON;0840;+0100;1400;+0200;0;KL_1002-KL_1857
LON;1345;+0100;1905;+0200;0;LX_333-LX_1026
LON;0825;+0100;1350;+0200;0;LX_451-LX_1018
LON;1655;+0100;2220;+0200;0;LH_935-LH_88
LON;1240;+0100;1810;+0200;0;LH_3407-LH_2773
LON;1525;+0100;2055;+0200;0;LH_2477-LH_2022
BCN;1230;+0200;1440;+0200;0;JK_9329
BCN;1230;+0200;1440;+0200;0;LH_3303
BCN;1955;+0200;2205;+0200;0;LH_3305
BCN;1955;+0200;2205;+0200;0;JK_8981
BCN;0845;+0200;1100;+0200;0;AB_8937
BCN;2020;+0200;2235;+0200;0;AB_8565
BCN;0635;+0200;1000;+0200;0;AF_5895-AF_5876
BCN;1740;+0200;2120;+0200;0;AF_5907-AF_5878
BCN;1200;+0200;1545;+0200;0;LH_1811-LH_2012
BCN;0630;+0200;1020;+0200;0;LX_1951-LX_3634
BCN;1300;+0200;1650;+0200;0;AF_5899-AF_5874
BCN;0815;+0200;1210;+0200;0;LH_1817-LH_2008
BCN;1030;+0200;1425;+0200;0;JK_131-JK_8996
BCN;1030;+0200;1425;+0200;0;LH_6723-LH_2010
BCN;1805;+0200;2200;+0200;0;LH_1815-LH_2024
BCN;1820;+0200;2215;+0200;0;AF_1949-AF_1106
BCN;0615;+0200;1015;+0200;0;LH_1819-LH_2004
BCN;1420;+0200;1820;+0200;0;LH_1813-LH_2016
BCN;1835;+0200;2235;+0200;0;AB_7527-AB_9865
BCN;0945;+0200;1350;+0200;0;LX_1953-LX_1018
BCN;0650;+0200;1100;+0200;0;AF_2349-AF_1606
BCN;1205;+0200;1615;+0200;0;AB_8723-AB_6443
BCN;1810;+0200;2225;+0200;0;KL_1676-KL_1863
BCN;0650;+0200;1110;+0200;0;LH_1139-LH_76
BCN;1445;+0200;1905;+0200;0;LX_1955-LX_1026
BCN;1315;+0200;1740;+0200;0;KL_1672-KL_1861
BCN;1605;+0200;2035;+0200;0;BD_3451-BD_3314
BCN;1605;+0200;2035;+0200;0;LH_1129-LH_86
BCN;1755;+0200;2225;+0200;0;AB_8793-AB_6451
BCN;1335;+0200;1820;+0200;0;IB_6767-IB_3522
BCN;1345;+0200;1830;+0200;0;OK_689-OK_526
BCN;1345;+0200;1830;+0200;0;KE_7670-KE_7621
BCN;1805;+0200;2250;+0200;0;LH_1815-LH_2026
BCN;1200;+0200;1650;+0200;0;LH_1811-LH_2014
BCN;0715;+0200;1210;+0200;0;AA_6289-AA_6508
BCN;1230;+0200;1725;+0200;0;LH_1127-LH_82
BCN;1335;+0200;1830;+0200;0;KE_7670-KE_7621
BCN;1445;+0200;1950;+0200;0;LX_1955-LX_3640
BCN;0725;+0200;1240;+0200;0;JK_425-JK_8847
BCN;1030;+0200;1545;+0200;0;LH_6723-LH_2012
BCN;1420;+0200;1935;+0200;0;LH_1813-LH_2018
BCN;0625;+0200;1145;+0200;0;KL_1662-KL_1855
BCN;0910;+0200;1430;+0200;0;LX_1941-LX_3692
BCN;1345;+0200;1915;+0200;0;OS_398-OS_155
BCN;0925;+0200;1500;+0200;0;AB_8167-AB_6751
BCN;1015;+0200;1550;+0200;0;AA_6286-AA_6514
BCN;1640;+0200;2215;+0200;0;IB_2705-IB_3524
BCN;0700;+0200;1240;+0200;0;JK_7552-JK_8847
BCN;1140;+0200;1720;+0200;0;AA_6286-AA_6422
BCN;1140;+0200;1720;+0200;0;BA_479-BA_942
BCN;1140;+0200;1720;+0200;0;BA_473-BA_942
BCN;1140;+0200;1720;+0200;0;AA_6291-AA_6422
BCN;1240;+0200;1820;+0200;0;IB_2751-IB_3522
BCN;1325;+0200;1910;+0200;0;BA_485-BA_944
BCN;1325;+0200;1910;+0200;0;AA_6296-AA_6450
BCN;0810;+0200;1400;+0200;0;KL_1664-KL_1857
BCN;0810;+0200;1400;+0200;0;LH_1137-LH_78
BCN;0810;+0200;1400;+0200;0;JK_9371-JK_8893
BCN;1420;+0200;2010;+0200;0;LH_1813-LH_2020
BCN;0615;+0200;1210;+0200;0;LH_1819-LH_2008
BCN;0635;+0200;1230;+0200;0;OS_396-OS_7243
BCN;1325;+0200;1920;+0200;0;AA_6296-AA_6450
BCN;1230;+0200;1830;+0200;0;JK_8833-JK_8897
BCN;1230;+0200;1830;+0200;0;LH_1127-LH_84
BCN;1450;+0200;2050;+0200;0;LX_1943-LX_3694
BCN;1635;+0200;2235;+0200;0;JK_443-JK_9335
BCN;0820;+0200;1425;+0200;0;JK_9337-JK_8996
BCN;1620;+0200;2225;+0200;0;KL_1674-KL_1863
BCN;0815;+0200;1425;+0200;0;LH_1817-LH_2010
BCN;1025;+0200;1635;+0200;0;AF_1149-AF_2206
BCN;1445;+0200;2055;+0200;0;LX_1955-LX_3638
BCN;1525;+0200;2135;+0200;0;LO_438-LO_5409
BCN;1205;+0200;1820;+0200;0;AB_8723-AB_6447
BCN;1605;+0200;2220;+0200;0;LH_1129-LH_88
BCN;1625;+0200;2240;+0200;0;AB_8011-AB_8813
BCN;1030;+0200;1650;+0200;0;LH_6723-LH_2014
BCN;1100;+0200;1720;+0200;0;BA_479-BA_942
BCN;1200;+0200;1820;+0200;0;LH_1811-LH_2016
BCN;1555;+0200;2215;+0200;0;AF_1649-AF_1106
BCN;0735;+0200;1405;+0200;0;AF_2149-AF_1906
BCN;0945;+0200;1615;+0200;0;LH_6773-LH_2713
BCN;0925;+0200;1600;+0200;0;AB_8167-AB_6751
BCN;1105;+0200;1740;+0200;0;KL_1666-KL_1861
BCN;1420;+0200;2055;+0200;0;LH_1813-LH_2022
BCN;1140;+0200;1820;+0200;0;IB_2753-IB_3522
BCN;1440;+0200;2120;+0200;0;BA_489-BA_946
BCN;1040;+0200;1725;+0200;0;BD_3453-BD_3312
BCN;1040;+0200;1725;+0200;0;LH_1125-LH_82
BCN;1255;+0200;1940;+0200;0;AF_1349-AF_2406
BER;0650;+0200;0755;+0200;0;LH_2727
BER;0650;+0200;0755;+0200;0;BD_3499
BER;0810;+0200;0915;+0200;0;LH_2729
BER;0855;+0200;1000;+0200;0;LH_2731
BER;0855;+0200;1000;+0200;0;BD_3491
BER;1010;+0200;1115;+0200;0;BD_3493
BER;1010;+0200;1115;+0200;0;LH_2733
BER;1135;+0200;1240;+0200;0;BD_3485
BER;1135;+0200;1240;+0200;0;LH_2735
BER;1405;+0200;1510;+0200;0;LH_2737
BER;1405;+0200;1510;+0200;0;BD_3487
BER;1510;+0200;1615;+0200;0;BD_3495
BER;1510;+0200;1615;+0200;0;LH_2739
BER;1735;+0200;1840;+0200;0;LH_2741
BER;1840;+0200;1945;+0200;0;BD_3503
BER;1840;+0200;1945;+0200;0;LH_2743
BER;2045;+0200;2150;+0200;0;LH_2745
BER;0620;+0200;0730;+0200;0;AB_6437
BER;0820;+0200;0930;+0200;0;AB_6439
BER;0930;+0200;1040;+0200;0;AB_6441
BER;1015;+0200;1125;+0200;0;AB_6441
BER;1450;+0200;1600;+0200;0;AB_6443
BER;1505;+0200;1615;+0200;0;AB_6443
BER;1710;+0200;1820;+0200;0;AB_6447
BER;1850;+0200;2000;+0200;0;AB_6449
BER;2050;+0200;2200;+0200;0;AB_6451
BER;2110;+0200;2225;+0200;0;AB_6451
BER;1515;+0200;1740;+0200;0;LH_2904-LH_2793
BER;0655;+0200;0935;+0200;0;LH_173-LH_74
BER;1445;+0200;1725;+0200;0;LH_189-LH_82
BER;1535;+0200;1815;+0200;0;LH_2849-LH_2757
BER;0825;+0200;1115;+0200;0;LH_2843-LH_2753
BER;0915;+0200;1210;+0200;0;LH_2031-LH_2008
BER;1105;+0200;1400;+0200;0;LH_183-LH_78
BER;1825;+0200;2120;+0200;0;LH_2906-LH_2795
BER;1905;+0200;2200;+0200;0;LH_2049-LH_2024
BER;0645;+0200;0950;+0200;0;LH_2841-LH_2751
BER;1055;+0200;1400;+0200;0;LH_183-LH_78
BER;1705;+0200;2010;+0200;0;LH_2043-LH_2020
BER;1730;+0200;2035;+0200;0;LH_193-LH_86
BER;1920;+0200;2225;+0200;0;KL_1834-KL_1863
BER;0935;+0200;1245;+0200;0;SK_1674-SK_1627
BER;0935;+0200;1245;+0200;0;LH_6036-LH_6041
BER;1115;+0200;1425;+0200;0;LH_2035-LH_2010
BER;0755;+0200;1110;+0200;0;LH_175-LH_76
BER;0850;+0200;1205;+0200;0;AB_8202-AB_8241
BER;1450;+0200;1805;+0200;0;AB_6199-AB_6036
BER;1620;+0200;1935;+0200;0;LH_2041-LH_2018
BER;1700;+0200;2015;+0200;0;AB_6201-AB_6038
BER;1740;+0200;2055;+0200;0;LH_2047-LH_2022
BER;0815;+0200;1135;+0200;0;AB_6187-AB_6026
BER;1005;+0200;1325;+0200;0;LH_2902-LH_2791
BER;1215;+0200;1535;+0200;0;AB_8952-AB_8843
BER;1420;+0200;1740;+0200;0;KL_1826-KL_1861
BER;1900;+0200;2220;+0200;0;LH_197-LH_88
BER;1920;+0200;2240;+0200;0;AB_8762-AB_8813
BER;0610;+0200;0935;+0200;0;LH_171-LH_74
BER;0650;+0200;1015;+0200;0;LH_5834-LH_3135
BER;0700;+0200;1025;+0200;0;LH_2900-LH_2789
BER;0810;+0200;1135;+0200;0;AB_6187-AB_6026
BER;1100;+0200;1425;+0200;0;LH_2035-LH_2010
BER;1455;+0200;1820;+0200;0;LH_2039-LH_2016
BER;0605;+0200;0935;+0200;0;LH_171-LH_74
BER;0650;+0200;1020;+0200;0;LX_963-LX_3634
BER;1830;+0200;2200;+0200;0;LH_5842-LH_5799
BER;0625;+0200;1000;+0200;0;AB_8274-AB_8181
BER;0720;+0200;1055;+0200;0;OS_274-OS_7251
BER;0835;+0200;1210;+0200;0;LH_2029-LH_2008
BER;0850;+0200;1225;+0200;0;AB_8202-AB_8241
BER;1245;+0200;1620;+0200;0;AB_8268-AB_8517
BER;1830;+0200;2205;+0200;0;LX_971-LX_1028
BER;1830;+0200;2205;+0200;0;LH_5842-LH_5799
BER;0635;+0200;1015;+0200;0;LH_2055-LH_2004
BER;0720;+0200;1100;+0200;0;LH_6358-LH_3089
BER;0720;+0200;1100;+0200;0;OS_274-OS_7251
BER;1020;+0200;1400;+0200;0;KL_1822-KL_1857
BER;1020;+0200;1400;+0200;0;LH_181-LH_78
BER;1835;+0200;2215;+0200;0;AF_2335-AF_1106
BER;0715;+0200;1100;+0200;0;AF_1135-AF_1606
BER;1230;+0200;1615;+0200;0;AB_6191-AB_6034
BER;1250;+0200;1635;+0200;0;AF_1735-AF_2206
BER;1340;+0200;1725;+0200;0;LH_187-LH_82
BER;1445;+0200;1830;+0200;0;LH_189-LH_84
BER;1555;+0200;1940;+0200;0;AF_2035-AF_2406
BER;1905;+0200;2250;+0200;0;LH_2049-LH_2026
BER;0710;+0200;1100;+0200;0;AF_1135-AF_1606
BER;1415;+0200;1805;+0200;0;AB_8316-AB_8145
BER;1620;+0200;2010;+0200;0;LH_2041-LH_2020
BER;1705;+0200;2055;+0200;0;LH_2043-LH_2022
BER;1255;+0200;1650;+0200;0;LH_2037-LH_2014
BER;1410;+0200;1805;+0200;0;AB_8316-AB_8145
BER;1820;+0200;2220;+0200;0;LH_195-LH_88
ROM;1440;+0200;1645;+0200;0;LH_3201
ROM;1430;+0200;1640;+0200;0;AB_8841
ROM;1335;+0200;1550;+0200;0;AB_8841
ROM;0645;+0200;1015;+0200;0;LH_1851-LH_2004
ROM;0650;+0200;1020;+0200;0;LX_1735-LX_3634
ROM;0840;+0200;1210;+0200;0;LH_1841-LH_2008
ROM;1210;+0200;1545;+0200;0;LH_1843-LH_2012
ROM;1455;+0200;1830;+0200;0;LH_235-LH_84
ROM;1720;+0200;2055;+0200;0;LH_1847-LH_2022
ROM;1740;+0200;2120;+0200;0;AF_5820-AF_5878
ROM;1010;+0200;1400;+0200;0;LH_231-LH_78
ROM;1810;+0200;2200;+0200;0;AB_8271-AB_6451
ROM;1255;+0200;1650;+0200;0;AF_5822-AF_5874
ROM;1825;+0200;2220;+0200;0;LH_237-LH_88
ROM;1855;+0200;2250;+0200;0;LH_1849-LH_2026
ROM;1420;+0200;1820;+0200;0;LH_1845-LH_2016
ROM;1140;+0200;1545;+0200;0;AB_8467-AB_8517
ROM;1320;+0200;1725;+0200;0;LH_233-LH_82
ROM;1425;+0200;1830;+0200;0;OK_725-OK_526
ROM;1535;+0200;1940;+0200;0;AF_9845-AF_2406
ROM;0935;+0200;1350;+0200;0;LX_1727-LX_1018
ROM;1450;+0200;1905;+0200;0;LX_1737-LX_1026
ROM;1645;+0200;2100;+0200;0;LX_1715-LX_3902
ROM;1800;+0200;2215;+0200;0;AF_1905-AF_1106
ROM;1810;+0200;2225;+0200;0;AB_8271-AB_6451
ROM;1140;+0200;1620;+0200;0;AB_8467-AB_8517
ROM;1210;+0200;1650;+0200;0;LH_1843-LH_2014
ROM;1720;+0200;2200;+0200;0;LH_1847-LH_2024
ROM;1255;+0200;1740;+0200;0;AZ_7714-AZ_2948
ROM;1255;+0200;1740;+0200;0;KL_1602-KL_1861
ROM;0620;+0200;1110;+0200;0;LH_243-LH_76
ROM;1450;+0200;1950;+0200;0;LX_1737-LX_3640
ROM;1725;+0200;2225;+0200;0;KL_1604-KL_1863
ROM;1725;+0200;2225;+0200;0;AZ_7728-AZ_2906
ROM;0855;+0200;1400;+0200;0;AZ_108-AZ_2946
ROM;0855;+0200;1400;+0200;0;KL_3400-KL_1857
ROM;0855;+0200;1405;+0200;0;AZ_318-AZ_2882
ROM;0855;+0200;1405;+0200;0;AF_9833-AF_1906
ROM;1320;+0200;1830;+0200;0;LH_233-LH_84
ROM;1430;+0200;1940;+0200;0;AZ_324-AZ_2886
ROM;1430;+0200;1940;+0200;0;AF_9839-AF_2406
ROM;1705;+0200;2215;+0200;0;AZ_326-AZ_2888
ROM;1705;+0200;2215;+0200;0;AF_9841-AF_1106
ROM;1420;+0200;1935;+0200;0;LH_1845-LH_2018
ROM;1300;+0200;1820;+0200;0;AB_8271-AB_6447
ROM;0620;+0200;1145;+0200;0;KL_1596-KL_1855
ROM;0620;+0200;1145;+0200;0;AZ_7710-AZ_2944
ROM;0645;+0200;1210;+0200;0;LH_1851-LH_2008
ROM;1720;+0200;2250;+0200;0;LH_1847-LH_2026
ROM;1145;+0200;1720;+0200;0;BA_553-BA_942
ROM;1145;+0200;1720;+0200;0;AA_6516-AA_6422
ROM;1335;+0200;1910;+0200;0;AA_6511-AA_6450
ROM;1335;+0200;1910;+0200;0;BA_549-BA_944
ROM;1455;+0200;2035;+0200;0;LH_235-LH_86
ROM;0840;+0200;1425;+0200;0;LH_1841-LH_2010
ROM;1335;+0200;1920;+0200;0;AA_6511-AA_6450
MUC;0645;+0200;0755;+0200;0;LH_2000
MUC;0725;+0200;0835;+0200;0;LH_2002
MUC;0905;+0200;1015;+0200;0;LH_2004
MUC;1100;+0200;1210;+0200;0;LH_2008
MUC;1315;+0200;1425;+0200;0;LH_2010
MUC;1435;+0200;1545;+0200;0;LH_2012
MUC;1540;+0200;1650;+0200;0;LH_2014
MUC;1710;+0200;1820;+0200;0;LH_2016
MUC;1825;+0200;1935;+0200;0;NH_6089
MUC;1825;+0200;1935;+0200;0;LH_2018
MUC;1900;+0200;2010;+0200;0;LH_2020
MUC;1945;+0200;2055;+0200;0;LH_2022
MUC;2050;+0200;2200;+0200;0;LH_2024
MUC;2140;+0200;2250;+0200;0;LH_2026
MUC;0620;+0200;0735;+0200;0;AB_6022
MUC;0820;+0200;0935;+0200;0;AB_6024
MUC;1020;+0200;1135;+0200;0;AB_6026
MUC;1220;+0200;1335;+0200;0;AB_6028
MUC;1500;+0200;1615;+0200;0;AB_6034
MUC;1650;+0200;1805;+0200;0;AB_6036
MUC;1805;+0200;1920;+0200;0;AB_6044
MUC;1900;+0200;2015;+0200;0;AB_6038
MUC;1845;+0200;2120;+0200;0;LH_2160-LH_2795
MUC;0745;+0200;1025;+0200;0;LH_2392-LH_3171
MUC;1755;+0200;2035;+0200;0;LH_119-LH_86
MUC;1840;+0200;2120;+0200;0;LH_2150-LH_2759
MUC;0735;+0200;1020;+0200;0;LX_3619-LX_3634
MUC;0825;+0200;1110;+0200;0;LH_103-LH_76
MUC;1555;+0200;1840;+0200;0;LH_2046-LH_2741
MUC;1705;+0200;1950;+0200;0;LX_1109-LX_3640
MUC;1705;+0200;1950;+0200;0;LH_2076-LH_2717
MUC;1705;+0200;1950;+0200;0;LH_5786-LH_3139
MUC;1805;+0200;2050;+0200;0;LH_2398-LH_3173
MUC;1405;+0200;1655;+0200;0;LX_1105-LX_3636
MUC;1525;+0200;1815;+0200;0;LH_2148-LH_2757
MUC;0740;+0200;1035;+0200;0;LH_1688-LH_3051
MUC;1515;+0200;1810;+0200;0;LH_2126-LH_2773
MUC;1805;+0200;2100;+0200;0;LX_3929-LX_3902
MUC;0915;+0200;1215;+0200;0;LH_2064-LH_2709
MUC;1850;+0200;2150;+0200;0;LH_2050-LH_2745
MUC;0820;+0200;1125;+0200;0;AB_6186-AB_6441
MUC;1310;+0200;1615;+0200;0;LH_2070-LH_2713
MUC;1310;+0200;1615;+0200;0;LH_2038-LH_2739
MUC;1435;+0200;1740;+0200;0;LH_2158-LH_2793
MUC;1635;+0200;1940;+0200;0;AB_6306-AB_6753
MUC;1855;+0200;2200;+0200;0;AB_6202-AB_6451
MUC;0805;+0200;1115;+0200;0;LH_2032-LH_2733
MUC;0920;+0200;1230;+0200;0;OS_7240-OS_7243
MUC;1050;+0200;1400;+0200;0;LH_109-LH_78
MUC;0635;+0200;0950;+0200;0;LH_2058-LH_2705
MUC;1645;+0200;2000;+0200;0;AB_6200-AB_6449
MUC;0640;+0200;1000;+0200;0;LH_2028-LH_2731
MUC;0705;+0200;1025;+0200;0;LH_2246-LH_3265
MUC;0720;+0200;1040;+0200;0;AB_6192-AB_6441
MUC;1430;+0200;1750;+0200;0;LH_2072-LH_2715
MUC;1445;+0200;1805;+0200;0;LH_2168-LH_2781
MUC;1510;+0200;1830;+0200;0;LH_115-LH_84
MUC;1545;+0200;1905;+0200;0;LX_3623-LX_1026
MUC;1545;+0200;1905;+0200;0;LH_2370-LH_5797
MUC;1840;+0200;2200;+0200;0;LH_2372-LH_5799
MUC;0610;+0200;0935;+0200;0;LH_99-LH_74
MUC;0705;+0200;1030;+0200;0;LH_1852-LH_3177
MUC;0715;+0200;1040;+0200;0;LH_2060-LH_2707
MUC;1455;+0200;1820;+0200;0;AB_6196-AB_6447
MUC;1515;+0200;1840;+0200;0;LH_2042-LH_2741
MUC;1805;+0200;2130;+0200;0;LH_2078-LH_2719
MUC;1840;+0200;2205;+0200;0;LH_2372-LH_5799
MUC;1840;+0200;2205;+0200;0;LX_3625-LX_1028
MUC;1855;+0200;2220;+0200;0;LH_121-LH_88
MUC;0605;+0200;0935;+0200;0;LH_99-LH_74
MUC;0745;+0200;1115;+0200;0;LH_2142-LH_2753
MUC;0910;+0200;1240;+0200;0;LH_2034-LH_2735
MUC;1105;+0200;1435;+0200;0;LO_5370-LO_5405
MUC;1105;+0200;1435;+0200;0;LH_1636-LH_3045
MUC;1410;+0200;1740;+0200;0;KL_1796-KL_1861
MUC;1445;+0200;1815;+0200;0;SK_3682-SK_627
MUC;1445;+0200;1815;+0200;0;LH_2444-LH_6215
MUC;1835;+0200;2205;+0200;0;OS_116-OS_7247
MUC;1835;+0200;2205;+0200;0;LH_6328-LH_3097
MUC;1855;+0200;2225;+0200;0;AB_6202-AB_6451
MUC;1350;+0200;1725;+0200;0;LH_113-LH_82
MUC;1615;+0200;1950;+0200;0;LH_2086-LH_2717
MUC;0720;+0200;1100;+0200;0;AF_1123-AF_1606
MUC;0905;+0200;1245;+0200;0;LH_1854-LH_3181
MUC;0905;+0200;1245;+0200;0;LH_6260-LH_6041
MUC;0905;+0200;1245;+0200;0;SK_662-SK_1627
MUC;1255;+0200;1635;+0200;0;AF_1723-AF_2206
MUC;0705;+0200;1050;+0200;0;LH_2246-LH_3265
MUC;0710;+0200;1055;+0200;0;OS_7232-OS_7251
MUC;0820;+0200;1205;+0200;0;AB_8385-AB_8241
MUC;1830;+0200;2215;+0200;0;AF_2323-AF_1106
VIE;1050;+0200;1215;+0200;0;LH_3091
VIE;0625;+0200;0755;+0200;0;AB_8645
VIE;0830;+0200;1000;+0200;0;AB_8181
VIE;1035;+0200;1205;+0200;0;AB_8241
VIE;1055;+0200;1225;+0200;0;AB_8241
VIE;1415;+0200;1545;+0200;0;AB_8517
VIE;1450;+0200;1620;+0200;0;AB_8517
VIE;1840;+0200;2010;+0200;0;AB_8137
VIE;2110;+0200;2240;+0200;0;AB_8813
VIE;0705;+0200;0840;+0200;0;OS_151
VIE;0705;+0200;0840;+0200;0;LH_6353
VIE;0920;+0200;1055;+0200;0;UA_9483
VIE;0920;+0200;1055;+0200;0;OS_7251
VIE;0925;+0200;1100;+0200;0;LH_3089
VIE;0925;+0200;1100;+0200;0;OS_7251
VIE;1055;+0200;1230;+0200;0;OS_7243
VIE;1515;+0200;1650;+0200;0;OS_7245
VIE;1520;+0200;1655;+0200;0;OS_7245
VIE;1520;+0200;1655;+0200;0;LH_3093
VIE;1740;+0200;1915;+0200;0;LH_6355
VIE;1740;+0200;1915;+0200;0;OS_155
VIE;1915;+0200;2050;+0200;0;OS_7249
VIE;1915;+0200;2050;+0200;0;LH_3095
VIE;2005;+0200;2140;+0200;0;OS_7247
VIE;2030;+0200;2205;+0200;0;LH_3097
VIE;2030;+0200;2205;+0200;0;OS_7247
VIE;1300;+0200;1545;+0200;0;LH_2329-LH_2012
VIE;1650;+0200;1935;+0200;0;LH_6327-LH_2018
VIE;0640;+0200;0935;+0200;0;AB_8384-AB_6024
VIE;0915;+0200;1210;+0200;0;LH_2325-LH_2008
VIE;1535;+0200;1830;+0200;0;LH_6339-LH_84
VIE;0825;+0200;1125;+0200;0;AB_8275-AB_6441
VIE;1920;+0200;2220;+0200;0;LH_1243-LH_88
VIE;1925;+0200;2225;+0200;0;AB_8753-AB_6451
VIE;0625;+0200;0930;+0200;0;AB_8203-AB_6439
VIE;1055;+0200;1400;+0200;0;LH_1235-LH_78
VIE;1635;+0200;1940;+0200;0;AB_8331-AB_6753
VIE;1655;+0200;2000;+0200;0;AB_8273-AB_6449
VIE;1750;+0200;2055;+0200;0;LH_2331-LH_2022
VIE;1920;+0200;2225;+0200;0;AB_8753-AB_6451
VIE;1945;+0200;2250;+0200;0;LH_6329-LH_2026
VIE;0905;+0200;1215;+0200;0;LH_3099-LH_2709
VIE;0620;+0200;0935;+0200;0;LH_1247-LH_74
VIE;1740;+0200;2055;+0200;0;LX_3557-LX_3638
VIE;1745;+0200;2100;+0200;0;LX_3583-LX_3902
VIE;0625;+0200;0945;+0200;0;LH_6381-LH_2777
VIE;0720;+0200;1040;+0200;0;LH_6361-LH_2707
VIE;1650;+0200;2010;+0200;0;LH_6327-LH_2020
VIE;0655;+0200;1020;+0200;0;LX_1585-LX_3634
VIE;0715;+0200;1040;+0200;0;LH_6361-LH_2707
VIE;1100;+0200;1425;+0200;0;LH_2327-LH_2010
VIE;1250;+0200;1615;+0200;0;LH_6349-LH_2739
VIE;1455;+0200;1820;+0200;0;AB_8359-AB_6447
VIE;1410;+0200;1740;+0200;0;KL_1846-KL_1861
VIE;1430;+0200;1805;+0200;0;AB_8536-AB_8145
VIE;0615;+0200;0955;+0200;0;AB_8016-AB_8217
VIE;1450;+0200;1830;+0200;0;LH_1239-LH_84
VIE;1525;+0200;1905;+0200;0;LX_3555-LX_1026
VIE;1540;+0200;1920;+0200;0;AB_8388-AB_6044
VIE;1740;+0200;2120;+0200;0;LH_6367-LH_2759
VIE;0630;+0200;1015;+0200;0;LH_6325-LH_2004
VIE;1535;+0200;1920;+0200;0;AB_8388-AB_6044
VIE;0615;+0200;1005;+0200;0;AB_8016-AB_8217
VIE;0625;+0200;1015;+0200;0;AB_8822-AB_8407
VIE;1000;+0200;1350;+0200;0;LX_1575-LX_1018
VIE;1300;+0200;1650;+0200;0;LH_2329-LH_2014
VIE;1745;+0200;2135;+0200;0;LO_5226-LO_5409
VIE;1830;+0200;2220;+0200;0;LH_1241-LH_88
VIE;1735;+0200;2130;+0200;0;LH_6363-LH_2719
VIE;1745;+0200;2140;+0200;0;LH_6428-LH_3185
VIE;0715;+0200;1115;+0200;0;LH_6395-LH_2753
VIE;0715;+0200;1115;+0200;0;LH_6321-LH_2733
VIE;1005;+0200;1405;+0200;0;AF_1139-AF_1906
VIE;1200;+0200;1600;+0200;0;AB_8014-AB_8751
VIE;1720;+0200;2120;+0200;0;AF_2057-AF_5878
VIE;1750;+0200;2150;+0200;0;LH_6323-LH_2745
VIE;0905;+0200;1310;+0200;0;LH_3099-LH_2711
VIE;1200;+0200;1605;+0200;0;AB_8014-AB_8751
VIE;1535;+0200;1940;+0200;0;AF_1739-AF_2406
VIE;1650;+0200;2055;+0200;0;LH_6327-LH_2022
VIE;0700;+0200;1110;+0200;0;LH_6331-LH_76
VIE;1315;+0200;1725;+0200;0;LH_6333-LH_82
VIE;1750;+0200;2200;+0200;0;LH_2331-LH_2024
VIE;0625;+0200;1040;+0200;0;AB_8203-AB_6441
VIE;1310;+0200;1725;+0200;0;LH_6333-LH_82
VIE;1450;+0200;1905;+0200;0;LX_1579-LX_1026
VIE;1520;+0200;1940;+0200;0;LH_6426-LH_3183
VIE;1530;+0200;1950;+0200;0;LH_3101-LH_2717
VIE;0935;+0200;1400;+0200;0;KL_1840-KL_1857
VIE;1525;+0200;1950;+0200;0;LX_3555-LX_3640
VIE;1740;+0200;2205;+0200;0;LX_3557-LX_1028
VIE;1800;+0200;2225;+0200;0;AB_8012-AB_8231
VIE;1730;+0200;2200;+0200;0;SK_9404-SK_629
VIE;1250;+0200;1725;+0200;0;LO_5224-LO_5397
VIE;1540;+0200;2015;+0200;0;AB_8388-AB_6038
VIE;1740;+0200;2215;+0200;0;TG_7207-TG_7954
VIE;1535;+0200;2015;+0200;0;AB_8388-AB_6038
VIE;1740;+0200;2220;+0200;0;LH_6335-LH_88
VIE;0615;+0200;1100;+0200;0;AB_8347-AB_6773
VIE;1100;+0200;1545;+0200;0;LH_2327-LH_2012
VIE;1455;+0200;1940;+0200;0;AF_1657-AF_2406
PAR;0700;+0200;0805;+0200;0;LH_3227
PAR;0855;+0200;1000;+0200;0;LH_3219
PAR;1245;+0200;1350;+0200;0;LH_3221
PAR;1740;+0200;1845;+0200;0;LH_3223
PAR;2000;+0200;2105;+0200;0;LH_3225
PAR;0725;+0200;0835;+0200;0;AF_1306
PAR;0730;+0200;0840;+0200;0;AF_1306
PAR;0950;+0200;1100;+0200;0;JL_5715
PAR;0950;+0200;1100;+0200;0;AF_1606
PAR;1255;+0200;1405;+0200;0;AF_1906
PAR;1525;+0200;1635;+0200;0;AF_2206
PAR;1830;+0200;1940;+0200;0;JL_5307
PAR;1830;+0200;1940;+0200;0;AF_2406
PAR;2105;+0200;2215;+0200;0;AF_1106
PAR;0900;+0200;1145;+0200;0;KL_1224-KL_1855
PAR;1745;+0200;2035;+0200;0;LH_1041-LH_86
PAR;0915;+0200;1215;+0200;0;LH_3229-LH_2709
PAR;1440;+0200;1740;+0200;0;KL_1234-KL_1861
PAR;1530;+0200;1830;+0200;0;LH_1037-LH_84
PAR;0625;+0200;0935;+0200;0;LH_1053-LH_74
PAR;0800;+0200;1110;+0200;0;LH_1051-LH_76
PAR;1050;+0200;1400;+0200;0;LH_1029-LH_78
PAR;0700;+0200;1015;+0200;0;LH_2241-LH_2004
PAR;0705;+0200;1020;+0200;0;LX_647-LX_3634
PAR;1910;+0200;2225;+0200;0;KL_1244-KL_1863
PAR;1105;+0200;1425;+0200;0;LH_2229-LH_2010
PAR;1900;+0200;2220;+0200;0;LH_1043-LH_88
PAR;1400;+0200;1725;+0200;0;LH_1035-LH_82
PAR;1515;+0200;1840;+0200;0;LH_3243-LH_2741
PAR;0840;+0200;1210;+0200;0;LH_2227-LH_2008
PAR;1835;+0200;2205;+0200;0;LX_657-LX_1028
PAR;1315;+0200;1650;+0200;0;AF_7644-AF_5874
PAR;1545;+0200;1920;+0200;0;AA_6230-AA_6450
PAR;1825;+0200;2200;+0200;0;LH_2235-LH_2024
PAR;1020;+0200;1400;+0200;0;KL_1230-KL_1857
PAR;1910;+0200;2250;+0200;0;LH_2237-LH_2026
PAR;0800;+0200;1145;+0200;0;KL_2006-KL_1855
PAR;1305;+0200;1650;+0200;0;LH_2231-LH_2014
PAR;1600;+0200;1950;+0200;0;LH_3231-LH_2717
PAR;0915;+0200;1310;+0200;0;LH_3229-LH_2711
PAR;1700;+0200;2055;+0200;0;LH_2233-LH_2022
PAR;0810;+0200;1210;+0200;0;AA_6228-AA_6508
PAR;0950;+0200;1350;+0200;0;LX_633-LX_1018
PAR;1250;+0200;1650;+0200;0;AF_7414-AF_5874
PAR;1800;+0200;2200;+0200;0;SK_1560-SK_629
PAR;1825;+0200;2225;+0200;0;KL_2022-KL_1863
PAR;1240;+0200;1650;+0200;0;OS_7116-OS_7245
PAR;1110;+0200;1525;+0200;0;SK_566-SK_1621
PAR;1235;+0200;1650;+0200;0;OS_7116-OS_7245
PAR;1240;+0200;1655;+0200;0;OS_7116-OS_7245
PAR;1450;+0200;1905;+0200;0;LX_639-LX_1026
PAR;1725;+0200;2140;+0200;0;OS_7118-OS_7247
PAR;0725;+0200;1145;+0200;0;KL_2002-KL_1855
PAR;1235;+0200;1655;+0200;0;OS_7116-OS_7245
PAR;0935;+0200;1400;+0200;0;KL_1228-KL_1857
PAR;1825;+0200;2250;+0200;0;LH_2235-LH_2026
PAR;0735;+0200;1205;+0200;0;BA_303-BA_938
PAR;0735;+0200;1205;+0200;0;QF_3403-QF_3445
PAR;1400;+0200;1830;+0200;0;LH_1035-LH_84
PAR;1515;+0200;1945;+0200;0;LH_3243-LH_2743
PAR;1650;+0200;2120;+0200;0;BA_319-BA_946
LIS;1145;+0100;1535;+0200;0;LH_3333
LIS;0800;+0100;1155;+0200;0;TP_542
LIS;1650;+0100;2220;+0200;0;LH_1169-LH_88
LIS;1650;+0100;2220;+0200;0;TP_6703-TP_7760
LIS;0705;+0100;1240;+0200;0;JK_9414-JK_8847
LIS;1635;+0100;2215;+0200;0;IB_3103-IB_3524
LIS;0820;+0100;1405;+0200;0;AF_2325-AF_1906
LIS;1235;+0100;1820;+0200;0;IB_3109-IB_3522
LIS;0800;+0100;1350;+0200;0;LX_4581-LX_1018
LIS;0615;+0100;1210;+0200;0;TP_6725-TP_7770
LIS;0615;+0100;1210;+0200;0;LH_1793-LH_2008
LIS;1415;+0100;2010;+0200;0;LH_1791-LH_2020
LIS;1415;+0100;2010;+0200;0;TP_6721-TP_7774
LIS;1450;+0100;2055;+0200;0;LX_4583-LX_3638
LIS;1420;+0100;2035;+0200;0;TP_576-TP_7758
LIS;1420;+0100;2035;+0200;0;LH_6953-LH_86
LIS;1620;+0100;2235;+0200;0;AB_7613-AB_9865
LIS;0800;+0100;1425;+0200;0;LH_6951-LH_2010
LIS;0800;+0100;1425;+0200;0;TP_558-TP_7772
LIS;1205;+0100;1830;+0200;0;BD_3349-BD_3310
LIS;1205;+0100;1830;+0200;0;LH_1167-LH_84
LIS;1205;+0100;1830;+0200;0;TP_6701-TP_7754
LIS;1415;+0100;2055;+0200;0;LH_1791-LH_2022
LIS;1535;+0100;2215;+0200;0;AF_1625-AF_1106
LIS;0715;+0100;1400;+0200;0;KL_1692-KL_1857
LIS;1215;+0100;1905;+0200;0;LX_2085-LX_1026
LIS;1535;+0100;2225;+0200;0;KL_1694-KL_1863
LIS;0655;+0100;1400;+0200;0;LH_1173-LH_78
LIS;0655;+0100;1400;+0200;0;TP_6707-TP_7750
LIS;0730;+0100;1440;+0200;0;JK_9432-JK_9329
LIS;1450;+0100;2205;+0200;0;LX_4583-LX_1028
LIS;1330;+0100;2050;+0200;0;OS_8154-OS_7249
LIS;1515;+0100;2235;+0200;0;JK_9468-JK_9335
LIS;0840;+0100;1605;+0200;0;JK_9464-JK_8807
LIS;0815;+0100;1550;+0200;0;BA_499-BA_940
LIS;0815;+0100;1550;+0200;0;AA_6402-AA_6514
LIS;1215;+0100;1950;+0200;0;LX_2085-LX_3640
LIS;1430;+0100;2205;+0200;0;JK_9493-JK_8981
LIS;0800;+0100;1545;+0200;0;LH_6951-LH_2012
LIS;1335;+0100;2120;+0200;0;JL_7732-JL_7701
LIS;1335;+0100;2120;+0200;0;BA_507-BA_946
LIS;1415;+0100;2200;+0200;0;LH_1791-LH_2024
LIS;1420;+0100;2220;+0200;0;LH_6953-LH_88
LIS;1420;+0100;2220;+0200;0;TP_576-TP_7760
LIS;0600;+0100;1405;+0200;0;AF_2325-AF_1906
LIS;0615;+0100;1425;+0200;0;TP_6725-TP_7772
LIS;0615;+0100;1425;+0200;0;LH_1793-LH_2010
LIS;1100;+0100;1910;+0200;0;BA_501-BA_944
LIS;1100;+0100;1910;+0200;0;AA_6575-AA_6450
LIS;1330;+0100;2140;+0200;0;OS_8154-OS_7247
LIS;0820;+0100;1635;+0200;0;AF_2325-AF_2206
LIS;0910;+0100;1725;+0200;0;LO_5442-LO_5397
LIS;0840;+0100;1700;+0200;0;JK_9458-JK_9363
LIS;1000;+0100;1820;+0200;0;IB_3111-IB_3522
LIS;1100;+0100;1920;+0200;0;AA_6575-AA_6450
LIS;1115;+0100;1940;+0200;0;AF_1025-AF_2406
LIS;1205;+0100;2035;+0200;0;LH_1167-LH_86
LIS;1205;+0100;2035;+0200;0;TP_6701-TP_7758
LIS;1205;+0100;2035;+0200;0;BD_3349-BD_3314
LIS;1330;+0100;2205;+0200;0;OS_8154-OS_7247
LIS;1415;+0100;2250;+0200;0;LH_1791-LH_2026
LIS;1215;+0100;2055;+0200;0;LX_2085-LX_3638
LIS;0800;+0100;1650;+0200;0;LH_6951-LH_2014
LIS;0835;+0100;1725;+0200;0;LH_6955-LH_82
LIS;0835;+0100;1725;+0200;0;TP_572-TP_7752
LIS;0800;+0100;1655;+0200;0;LX_4581-LX_3636
MAD;0645;+0200;0915;+0200;0;LH_3295
MAD;0645;+0200;0915;+0200;0;JK_8824
MAD;0855;+0200;1125;+0200;0;IB_3592
MAD;1010;+0200;1240;+0200;0;JK_8847
MAD;1010;+0200;1240;+0200;0;LH_3291
MAD;1550;+0200;1820;+0200;0;IB_3522
MAD;1945;+0200;2215;+0200;0;IB_3524
MAD;2005;+0200;2235;+0200;0;JK_9335
MAD;2005;+0200;2235;+0200;0;LH_3293
MAD;1235;+0200;1635;+0200;0;AF_1301-AF_2206
MAD;1535;+0200;1940;+0200;0;AF_1601-AF_2406
MAD;1625;+0200;2035;+0200;0;LH_1115-LH_86
MAD;0935;+0200;1350;+0200;0;LX_2021-LX_1018
MAD;1015;+0200;1430;+0200;0;LX_2043-LX_3692
MAD;1525;+0200;1950;+0200;0;LX_2027-LX_3640
MAD;1610;+0200;2035;+0200;0;LH_1115-LH_86
MAD;0740;+0200;1210;+0200;0;LH_1807-LH_2008
MAD;1215;+0200;1650;+0200;0;LH_1801-LH_2014
MAD;1300;+0200;1740;+0200;0;KL_1702-KL_1861
MAD;1350;+0200;1830;+0200;0;JK_117-JK_8897
MAD;1350;+0200;1830;+0200;0;LH_6803-LH_84
MAD;1530;+0200;2010;+0200;0;LH_1803-LH_2020
MAD;1420;+0200;1910;+0200;0;AA_6279-AA_6450
MAD;1420;+0200;1910;+0200;0;BA_459-BA_944
MAD;1800;+0200;2250;+0200;0;LH_1805-LH_2026
MAD;0615;+0200;1110;+0200;0;LH_1121-LH_76
MAD;0905;+0200;1400;+0200;0;LH_6801-LH_78
MAD;0905;+0200;1400;+0200;0;JK_125-JK_8893
MAD;1230;+0200;1725;+0200;0;LH_1113-LH_82
MAD;1420;+0200;1920;+0200;0;AA_6279-AA_6450
MAD;1450;+0200;1950;+0200;0;LH_3297-LH_2717
MAD;1045;+0200;1550;+0200;0;AA_6277-AA_6514
MAD;1310;+0200;1815;+0200;0;SK_582-SK_627
MAD;1700;+0200;2215;+0200;0;AF_1701-AF_1106
MAD;1720;+0200;2235;+0200;0;AB_7741-AB_9865
MAD;0920;+0200;1440;+0200;0;JK_426-JK_9329
MAD;1530;+0200;2055;+0200;0;LH_1803-LH_2022
MAD;1340;+0200;1910;+0200;0;AA_5495-AA_6450
MAD;1525;+0200;2055;+0200;0;LX_2027-LX_3638
MAD;1335;+0200;1910;+0200;0;BA_7066-BA_944
MAD;1335;+0200;1910;+0200;0;AA_5495-AA_6450
MAD;1340;+0200;1920;+0200;0;AA_5495-AA_6450
MAD;1335;+0200;1920;+0200;0;AA_5495-AA_6450
MAD;0555;+0200;1145;+0200;0;KL_1708-KL_1855
MAD;1625;+0200;2220;+0200;0;LH_1115-LH_88
MAD;0800;+0200;1400;+0200;0;KL_1710-KL_1857
MAD;0950;+0200;1550;+0200;0;BA_7062-BA_940
MAD;1230;+0200;1830;+0200;0;LH_1113-LH_84
MAD;1230;+0200;1830;+0200;0;JK_8865-JK_8897
MAD;1310;+0200;1910;+0200;0;AA_5492-AA_6450
MAD;1215;+0200;1820;+0200;0;LH_1801-LH_2016
MAD;1600;+0200;2205;+0200;0;JK_452-JK_8981
MAD;1620;+0200;2225;+0200;0;KL_1704-KL_1863
MAD;1310;+0200;1920;+0200;0;AA_5492-AA_6450
MAD;1610;+0200;2220;+0200;0;LH_1115-LH_88
MAD;0750;+0200;1405;+0200;0;AF_1831-AF_1906
MAD;1015;+0200;1635;+0200;0;AF_1001-AF_2206
MAD;1500;+0200;2120;+0200;0;JL_7840-JL_7701
MAD;1500;+0200;2120;+0200;0;BA_7060-BA_946
MAD;1240;+0200;1910;+0200;0;AA_5492-AA_6450
MAD;1240;+0200;1910;+0200;0;BA_7056-BA_944
MAD;1530;+0200;2200;+0200;0;LH_1803-LH_2024
ZRH;0905;+0200;1015;+0200;0;LH_3135
ZRH;0910;+0200;1020;+0200;0;LX_3634
ZRH;1520;+0200;1630;+0200;0;LH_3137
ZRH;1545;+0200;1655;+0200;0;LX_3636
ZRH;1840;+0200;1950;+0200;0;LH_3139
ZRH;1840;+0200;1950;+0200;0;LX_3640
ZRH;1945;+0200;2055;+0200;0;LH_3141
ZRH;1945;+0200;2055;+0200;0;LX_3638
ZRH;0725;+0200;0840;+0200;0;LX_1016
ZRH;0725;+0200;0840;+0200;0;LH_5793
ZRH;1650;+0200;1805;+0200;0;AB_8145
ZRH;2050;+0200;2205;+0200;0;AB_8521
ZRH;0645;+0200;0805;+0200;0;AB_8119
ZRH;1045;+0200;1205;+0200;0;AB_8125
ZRH;1230;+0200;1350;+0200;0;LX_1018
ZRH;1230;+0200;1350;+0200;0;UA_9802
ZRH;1230;+0200;1350;+0200;0;LH_5795
ZRH;1745;+0200;1905;+0200;0;LH_5797
ZRH;1745;+0200;1905;+0200;0;LX_1026
ZRH;1900;+0200;2020;+0200;0;AB_8173
ZRH;1905;+0200;2025;+0200;0;AB_8173
ZRH;2035;+0200;2200;+0200;0;LH_5799
ZRH;2040;+0200;2205;+0200;0;LX_1028
ZRH;2040;+0200;2205;+0200;0;LH_5799
ZRH;1730;+0200;2010;+0200;0;LH_2371-LH_2020
ZRH;0705;+0200;0950;+0200;0;LH_5823-LH_2751
ZRH;1535;+0200;1820;+0200;0;LH_5787-LH_2016
ZRH;2005;+0200;2250;+0200;0;LH_2373-LH_2026
ZRH;0700;+0200;0955;+0200;0;LX_2800-LX_3710
ZRH;0815;+0200;1110;+0200;0;LH_5773-LH_76
ZRH;1455;+0200;1750;+0200;0;LH_3145-LH_2715
ZRH;0910;+0200;1210;+0200;0;LH_2367-LH_2008
ZRH;0915;+0200;1215;+0200;0;LH_3143-LH_2709
ZRH;0625;+0200;0930;+0200;0;AB_8121-AB_6439
ZRH;0710;+0200;1015;+0200;0;LH_5783-LH_2004
ZRH;0720;+0200;1030;+0200;0;LH_5901-LH_3177
ZRH;1520;+0200;1830;+0200;0;LH_1193-LH_84
ZRH;1915;+0200;2225;+0200;0;AB_8199-AB_6451
ZRH;0725;+0200;1040;+0200;0;LH_5845-LH_2707
ZRH;1630;+0200;1945;+0200;0;LH_5843-LH_2743
ZRH;1645;+0200;2000;+0200;0;AB_8317-AB_6449
ZRH;1735;+0200;2050;+0200;0;LX_2810-LX_3694
ZRH;1905;+0200;2220;+0200;0;LH_5779-LH_88
ZRH;0750;+0200;1110;+0200;0;LH_1183-LH_76
ZRH;1330;+0200;1650;+0200;0;LH_2369-LH_2014
ZRH;0900;+0200;1225;+0200;0;AB_8151-AB_8241
ZRH;1415;+0200;1740;+0200;0;KL_1960-KL_1861
ZRH;1455;+0200;1820;+0200;0;AB_8211-AB_6447
ZRH;1730;+0200;2055;+0200;0;LH_2371-LH_2022
ZRH;1215;+0200;1545;+0200;0;LH_5785-LH_2012
ZRH;1245;+0200;1615;+0200;0;LH_5839-LH_2739
ZRH;1735;+0200;2105;+0200;0;LH_5864-LH_3165
ZRH;1920;+0200;2250;+0200;0;LH_5789-LH_2026
ZRH;1235;+0200;1615;+0200;0;LH_5847-LH_2713
ZRH;1710;+0200;2050;+0200;0;OS_8806-OS_7249
ZRH;0710;+0200;1055;+0200;0;OS_8802-OS_7251
ZRH;0940;+0200;1325;+0200;0;LH_5858-LH_3159
ZRH;1340;+0200;1725;+0200;0;LH_1191-LH_82
ZRH;1625;+0200;2010;+0200;0;AB_8537-AB_8137
ZRH;0710;+0200;1100;+0200;0;OS_8802-OS_7251
ZRH;0725;+0200;1115;+0200;0;LH_5837-LH_2733
ZRH;0850;+0200;1240;+0200;0;LH_5853-LH_2735
ZRH;1010;+0200;1400;+0200;0;LH_1187-LH_78
ZRH;1310;+0200;1700;+0200;0;LH_5860-LH_3163
ZRH;1700;+0200;2050;+0200;0;OS_8806-OS_7249
ZRH;0915;+0200;1310;+0200;0;LH_3143-LH_2711
ZRH;1655;+0200;2050;+0200;0;LX_2808-LX_3694
ZRH;1725;+0200;2120;+0200;0;LH_5817-LH_2795
ZRH;1735;+0200;2130;+0200;0;LH_5849-LH_2719
ZRH;1745;+0200;2140;+0200;0;OS_564-OS_7247
ZRH;1745;+0200;2140;+0200;0;LH_5909-LH_3185
ZRH;1250;+0200;1650;+0200;0;OS_8804-OS_7245
ZRH;1535;+0200;1935;+0200;0;LH_5787-LH_2018
ZRH;1720;+0200;2120;+0200;0;LH_5829-LH_2759
ZRH;0635;+0200;1040;+0200;0;AB_8121-AB_6441
ZRH;0705;+0200;1110;+0200;0;LH_5771-LH_76
ZRH;1250;+0200;1655;+0200;0;OS_8804-OS_7245
ZRH;1835;+0200;2240;+0200;0;AB_8501-AB_8813
ZRH;0705;+0200;1115;+0200;0;LH_5823-LH_2753
ZRH;1625;+0200;2035;+0200;0;LH_5777-LH_86
ZRH;1655;+0200;2105;+0200;0;LH_5862-LH_3165
ZRH;1710;+0200;2120;+0200;0;BA_717-BA_946
ZRH;1740;+0200;2150;+0200;0;LH_5841-LH_2745
ZRH;1810;+0200;2220;+0200;0;LH_1197-LH_88
ZRH;0625;+0200;1040;+0200;0;AB_8121-AB_6441
ZRH;0950;+0200;1405;+0200;0;AF_5101-AF_1906
ZRH;1715;+0200;2135;+0200;0;LO_5416-LO_5409
ZRH;1745;+0200;2205;+0200;0;OS_564-OS_7247
ZRH;0900;+0200;1325;+0200;0;LH_5813-LH_2791
ZRH;1315;+0200;1740;+0200;0;LH_5815-LH_2793
ZRH;1350;+0200;1815;+0200;0;SK_604-SK_627
ZRH;1750;+0200;2215;+0200;0;AF_5107-AF_1106
ZRH;0630;+0200;1100;+0200;0;AB_8683-AB_6749
ZRH;1530;+0200;2000;+0200;0;BD_6784-BD_3253
ZRH;1710;+0200;2140;+0200;0;OS_8806-OS_7247
ZRH;1725;+0200;2155;+0200;0;BD_6824-BD_3417
ZRH;1730;+0200;2200;+0200;0;LH_2371-LH_2024
PRG;0925;+0200;1035;+0200;0;LH_3051
PRG;1625;+0200;1735;+0200;0;LH_3053
PRG;2005;+0200;2115;+0200;0;LH_3055
PRG;1715;+0200;1830;+0200;0;OK_526
PRG;0700;+0200;0820;+0200;0;OK_522
PRG;0925;+0200;1210;+0200;0;LH_1689-LH_2008
PRG;1720;+0200;2010;+0200;0;LH_1693-LH_2020
PRG;1930;+0200;2220;+0200;0;LH_1401-LH_88
PRG;0915;+0200;1210;+0200;0;LH_1689-LH_2008
PRG;1250;+0200;1545;+0200;0;LH_1691-LH_2012
PRG;1840;+0200;2140;+0200;0;OS_710-OS_7247
PRG;0710;+0200;1015;+0200;0;LH_1697-LH_2004
PRG;1920;+0200;2225;+0200;0;KL_1358-KL_1863
PRG;1415;+0200;1740;+0200;0;KL_3124-KL_1861
PRG;1840;+0200;2205;+0200;0;OS_710-OS_7247
PRG;0600;+0200;0935;+0200;0;LH_1403-LH_74
PRG;1720;+0200;2055;+0200;0;LH_1693-LH_2022
PRG;1010;+0200;1350;+0200;0;LX_1485-LX_1018
PRG;1345;+0200;1725;+0200;0;LH_1397-LH_82
PRG;1400;+0200;1740;+0200;0;KL_1356-KL_1861
PRG;1015;+0200;1405;+0200;0;AF_1383-AF_1906
PRG;1730;+0200;2120;+0200;0;AF_5904-AF_5878
PRG;1005;+0200;1405;+0200;0;AF_1383-AF_1906
PRG;1250;+0200;1650;+0200;0;LH_1691-LH_2014
PRG;1540;+0200;1940;+0200;0;AF_1983-AF_2406
PRG;1820;+0200;2220;+0200;0;LH_1399-LH_88
PRG;0955;+0200;1400;+0200;0;LH_1393-LH_78
PRG;1245;+0200;1650;+0200;0;AF_5902-AF_5874
PRG;1510;+0200;1915;+0200;0;OS_708-OS_155
PRG;1535;+0200;1940;+0200;0;AF_1983-AF_2406
PRG;1450;+0200;1905;+0200;0;LX_1487-LX_1026
PRG;0810;+0200;1230;+0200;0;OS_704-OS_7243
PRG;1430;+0200;1900;+0200;0;LO_528-LO_407
PRG;1745;+0200;2215;+0200;0;AF_1783-AF_1106
PRG;0925;+0200;1400;+0200;0;KL_1352-KL_1857
PRG;1720;+0200;2200;+0200;0;LH_1693-LH_2024
PRG;0700;+0200;1145;+0200;0;KL_3120-KL_1855
PRG;1345;+0200;1830;+0200;0;LH_1397-LH_84
PRG;1235;+0200;1725;+0200;0;LH_1395-LH_82
PRG;0710;+0200;1210;+0200;0;LH_1697-LH_2008
PRG;0925;+0200;1425;+0200;0;LH_1689-LH_2010
PRG;1450;+0200;1950;+0200;0;LX_1487-LX_3640
PRG;1715;+0200;2215;+0200;0;AF_1987-AF_1106
MIL;0700;+0200;0830;+0200;0;LH_3187
MIL;0845;+0200;1015;+0200;0;AB_8407
MIL;0900;+0200;1030;+0200;0;LH_3177
MIL;0920;+0200;1050;+0200;0;UA_9491
MIL;1115;+0200;1245;+0200;0;LH_3181
MIL;1810;+0200;1940;+0200;0;LH_3183
MIL;2010;+0200;2140;+0200;0;LH_3185
MIL;2055;+0200;2225;+0200;0;AB_8409
MIL;0835;+0200;1115;+0200;0;LH_3195-LH_2753
MIL;0820;+0200;1105;+0200;0;AB_8755-AB_6837
MIL;1750;+0200;2035;+0200;0;LH_275-LH_86
MIL;1935;+0200;2220;+0200;0;LH_277-LH_88
MIL;0645;+0200;0935;+0200;0;LH_259-LH_74
MIL;1430;+0200;1725;+0200;0;LH_253-LH_82
MIL;1350;+0200;1650;+0200;0;AF_3295-AF_5874
MIL;0710;+0200;1015;+0200;0;LH_5900-LH_3135
MIL;1705;+0200;2010;+0200;0;LH_1861-LH_2020
MIL;1815;+0200;2120;+0200;0;AF_3297-AF_5878
MIL;0710;+0200;1020;+0200;0;LX_1639-LX_3634
MIL;1505;+0200;1820;+0200;0;LH_1859-LH_2016
MIL;0655;+0200;1015;+0200;0;LH_1867-LH_2004
MIL;0850;+0200;1210;+0200;0;LH_1853-LH_2008
MIL;0635;+0200;1000;+0200;0;AF_3291-AF_5876
MIL;0840;+0200;1205;+0200;0;AB_8823-AB_8241
MIL;1035;+0200;1400;+0200;0;LH_271-LH_78
MIL;1030;+0200;1405;+0200;0;AF_1115-AF_1906
MIL;1050;+0200;1425;+0200;0;LH_1855-LH_2010
MIL;1300;+0200;1635;+0200;0;AF_9701-AF_2206
MIL;1310;+0200;1650;+0200;0;LH_1857-LH_2014
MIL;1820;+0200;2200;+0200;0;LH_5908-LH_5799
MIL;1910;+0200;2250;+0200;0;LH_1863-LH_2026
MIL;0725;+0200;1110;+0200;0;LH_279-LH_76
MIL;0840;+0200;1225;+0200;0;AB_8823-AB_8241
MIL;1005;+0200;1350;+0200;0;LX_1613-LX_1018
MIL;1005;+0200;1350;+0200;0;LH_5902-LH_5795
MIL;1555;+0200;1940;+0200;0;AF_1713-AF_2406
MIL;1820;+0200;2205;+0200;0;LH_5908-LH_5799
MIL;1820;+0200;2205;+0200;0;LX_1623-LX_1028
MIL;0920;+0200;1310;+0200;0;LH_3189-LH_2711
MIL;1705;+0200;2055;+0200;0;LH_1861-LH_2022
MIL;0705;+0200;1100;+0200;0;AF_2515-AF_1606
MIL;1010;+0200;1405;+0200;0;AF_1213-AF_1906
MIL;0655;+0200;1055;+0200;0;OS_540-OS_7251
MIL;1430;+0200;1830;+0200;0;LH_253-LH_84
MIL;1740;+0200;2140;+0200;0;OS_514-OS_7247
MIL;0655;+0200;1100;+0200;0;AF_9801-AF_1606
MIL;0655;+0200;1100;+0200;0;OS_540-OS_7251
MIL;1120;+0200;1525;+0200;0;SK_1686-SK_1621
MIL;1810;+0200;2215;+0200;0;AF_9813-AF_1106
MIL;1815;+0200;2220;+0200;0;LH_255-LH_88
MIL;1455;+0200;1905;+0200;0;LX_1629-LX_1026
MIL;1455;+0200;1905;+0200;0;LH_5906-LH_5797
MIL;1325;+0200;1740;+0200;0;KL_1624-KL_1861
MIL;1325;+0200;1740;+0200;0;AZ_7720-AZ_2948
MIL;1130;+0200;1550;+0200;0;AA_6311-AA_6514
MIL;1130;+0200;1550;+0200;0;BA_565-BA_940
MIL;0645;+0200;1110;+0200;0;LH_259-LH_76
MIL;1525;+0200;1950;+0200;0;LH_3191-LH_2717
MIL;1740;+0200;2205;+0200;0;LH_6427-LH_3097
MIL;1740;+0200;2205;+0200;0;OS_514-OS_7247
MIL;0930;+0200;1400;+0200;0;KL_3418-KL_1857
MIL;0930;+0200;1400;+0200;0;AZ_120-AZ_2946
MIL;1505;+0200;1935;+0200;0;LH_1859-LH_2018
MIL;1650;+0200;2120;+0200;0;LH_3197-LH_2759
MIL;1750;+0200;2220;+0200;0;LH_275-LH_88
MIL;1755;+0200;2225;+0200;0;KL_1628-KL_1863
MIL;1755;+0200;2225;+0200;0;AZ_7722-AZ_2906
MIL;1250;+0200;1725;+0200;0;LH_273-LH_82
MIL;1305;+0200;1740;+0200;0;KL_1624-KL_1861
MIL;0805;+0200;1245;+0200;0;AF_4303-AF_4310
MIL;0805;+0200;1250;+0200;0;AF_4303-AF_4310
MIL;0915;+0200;1400;+0200;0;LH_247-LH_78
MIL;1235;+0200;1720;+0200;0;AA_6546-AA_6422
MIL;1525;+0200;2010;+0200;0;AB_8829-AB_8137
MIL;0655;+0200;1145;+0200;0;KL_3624-KL_1855
MIL;0655;+0200;1145;+0200;0;AZ_7904-AZ_2944
MIL;0650;+0200;1145;+0200;0;AZ_7718-AZ_2944
MIL;0650;+0200;1145;+0200;0;KL_1618-KL_1855
MIL;0720;+0200;1215;+0200;0;LH_6431-LH_3091
MIL;1050;+0200;1545;+0200;0;LH_1855-LH_2012
MIL;1455;+0200;1950;+0200;0;LX_1629-LX_3640
MIL;1455;+0200;1950;+0200;0;LH_5906-LH_3139
MIL;1705;+0200;2200;+0200;0;LH_1861-LH_2024
MIL;0645;+0200;1145;+0200;0;KL_1618-KL_1855
STO;0920;+0200;1120;+0200;0;SK_3697
STO;0920;+0200;1120;+0200;0;LH_2921
STO;1440;+0200;1640;+0200;0;LH_2923
STO;1440;+0200;1640;+0200;0;SK_3691
STO;1710;+0200;1910;+0200;0;LH_6287
STO;1710;+0200;1910;+0200;0;SK_2625
STO;2035;+0200;2235;+0200;0;SK_3643
STO;2035;+0200;2235;+0200;0;LH_2925
STO;1900;+0200;2200;+0200;0;SK_411-SK_629
STO;1220;+0200;1525;+0200;0;SK_1421-SK_1621
STO;0905;+0200;1215;+0200;0;LH_2927-LH_2709
STO;0610;+0200;0930;+0200;0;SK_1415-SK_1629
STO;0610;+0200;0930;+0200;0;LH_6295-LH_6211
STO;1500;+0200;1820;+0200;0;AB_8103-AB_6447
STO;0915;+0200;1245;+0200;0;SK_403-SK_1627
STO;0915;+0200;1245;+0200;0;LH_6129-LH_6041
STO;0700;+0200;1040;+0200;0;SK_2153-SK_3617
STO;1430;+0200;1815;+0200;0;SK_867-SK_818
STO;1650;+0200;2035;+0200;0;LH_6203-LH_86
STO;1750;+0200;2140;+0200;0;SK_165-SK_3647
STO;0730;+0200;1125;+0200;0;SK_481-SK_8573
STO;1805;+0200;2200;+0200;0;SK_1429-SK_629
STO;1550;+0200;1950;+0200;0;LH_2929-LH_2717
STO;0905;+0200;1310;+0200;0;LH_2927-LH_2711
STO;0630;+0200;1040;+0200;0;AB_8101-AB_6441
STO;1410;+0200;1820;+0200;0;LH_6187-LH_2016
STO;1555;+0200;2010;+0200;0;LH_2417-LH_2020
STO;1640;+0200;2055;+0200;0;LX_4709-LX_3638
STO;0940;+0200;1400;+0200;0;KL_1108-KL_1857
STO;0700;+0200;1125;+0200;0;SK_485-SK_8573
STO;0745;+0200;1210;+0200;0;LH_2421-LH_2008
STO;1725;+0200;2150;+0200;0;LH_6059-LH_2745
STO;1310;+0200;1740;+0200;0;KL_1110-KL_1861
STO;1345;+0200;1815;+0200;0;SK_1423-SK_627
STO;1345;+0200;1815;+0200;0;LH_6173-LH_6215
STO;1340;+0200;1815;+0200;0;SK_495-SK_818
STO;1810;+0200;2250;+0200;0;LH_2419-LH_2026
STO;1240;+0200;1725;+0200;0;LH_803-LH_82
STO;1240;+0200;1725;+0200;0;JJ_6037-JJ_6016
STO;1715;+0200;2200;+0200;0;LH_6099-LH_6207
STO;1715;+0200;2200;+0200;0;SK_409-SK_629
STO;0620;+0200;1110;+0200;0;BD_3523-BD_3316
STO;0620;+0200;1110;+0200;0;LH_809-LH_76
STO;0910;+0200;1400;+0200;0;LH_6227-LH_78
STO;0630;+0200;1125;+0200;0;AB_8101-AB_6441
STO;1155;+0200;1650;+0200;0;LH_2415-LH_2014
STO;1255;+0200;1755;+0200;0;JL_7802-JL_7811
STO;1255;+0200;1755;+0200;0;AY_634-AY_707
STO;1440;+0200;1940;+0200;0;AF_2063-AF_2406
STO;1500;+0200;2000;+0200;0;AB_8103-AB_6449
STO;1555;+0200;2055;+0200;0;LH_2417-LH_2022
STO;1720;+0200;2225;+0200;0;KL_1116-KL_1863
STO;1545;+0200;2055;+0200;0;LX_1251-LX_3638
STO;0630;+0200;1145;+0200;0;KL_1106-KL_1855
STO;1205;+0200;1720;+0200;0;BA_777-BA_942
STO;1515;+0200;2035;+0200;0;LH_6229-LH_86
STO;1620;+0200;2140;+0200;0;OS_314-OS_7247
STO;1620;+0200;2140;+0200;0;SK_163-SK_3647
STO;1000;+0200;1525;+0200;0;SK_1419-SK_1621
STO;1000;+0200;1525;+0200;0;LH_6243-LH_6213
STO;1410;+0200;1935;+0200;0;LH_6187-LH_2018
STO;1640;+0200;2205;+0200;0;LX_4709-LX_1028
STO;1650;+0200;2220;+0200;0;LH_6203-LH_88
STO;0710;+0200;1245;+0200;0;SK_1417-SK_1627
STO;1540;+0200;2120;+0200;0;JL_7716-JL_7701
STO;1540;+0200;2120;+0200;0;BA_779-BA_946
STO;1550;+0200;2130;+0200;0;LH_2929-LH_2719
STO;1615;+0200;2155;+0200;0;BD_3853-BD_3249
STO;1630;+0200;2210;+0200;0;BD_3949-BD_3697
STO;1230;+0200;1815;+0200;0;SK_861-SK_818
STO;1615;+0200;2200;+0200;0;SK_1425-SK_629
STO;1620;+0200;2205;+0200;0;OS_314-OS_7247
STO;0640;+0200;1230;+0200;0;OS_318-OS_7243
STO;1240;+0200;1830;+0200;0;LH_803-LH_84
STO;1240;+0200;1830;+0200;0;JJ_6037-JJ_6016
STO;1610;+0200;2200;+0200;0;SK_1425-SK_629
STO;1610;+0200;2200;+0200;0;LH_6013-LH_6207
STO;0720;+0200;1315;+0200;0;BT_102-BT_231
STO;1220;+0200;1815;+0200;0;LH_6233-LH_6215
STO;1220;+0200;1815;+0200;0;SK_1421-SK_627
STO;1410;+0200;2010;+0200;0;LH_6187-LH_2020
DUB;1330;+0100;1740;+0200;0;KL_3158-KL_1861
DUB;0945;+0100;1400;+0200;0;KL_3154-KL_1857
DUB;0910;+0100;1405;+0200;0;AF_5001-AF_1906
DUB;1210;+0100;1720;+0200;0;BA_5964-BA_942
DUB;1715;+0100;2225;+0200;0;KL_3160-KL_1863
DUB;0640;+0100;1205;+0200;0;BA_5952-BA_938
DUB;1200;+0100;1725;+0200;0;LH_979-LH_82
DUB;1340;+0100;1910;+0200;0;BA_5966-BA_944
DUB;1430;+0100;2000;+0200;0;BD_124-BD_3253
DUB;1430;+0100;2000;+0200;0;LH_6500-LH_3385
DUB;1550;+0100;2120;+0200;0;BA_5974-BA_946
DUB;1115;+0100;1655;+0200;0;LX_401-LX_3636
DUB;0600;+0100;1145;+0200;0;KL_3152-KL_1855
DUB;0840;+0100;1435;+0200;0;LH_6632-LH_3383
DUB;0840;+0100;1435;+0200;0;BD_122-BD_3243
DUB;0950;+0100;1550;+0200;0;BA_5958-BA_940
DUB;1210;+0100;1815;+0200;0;SK_4604-SK_818
DUB;1130;+0100;1740;+0200;0;KL_3156-KL_1861
DUB;1345;+0100;2000;+0200;0;BD_124-BD_3253
DUB;1345;+0100;2000;+0200;0;LH_6480-LH_3385
DUB;1200;+0100;1830;+0200;0;LH_979-LH_84
DUB;1440;+0100;2120;+0200;0;BA_5968-BA_946
DUB;0850;+0100;1550;+0200;0;BA_5956-BA_940
DUB;1210;+0100;1910;+0200;0;BA_5964-BA_944
DUB;0650;+0100;1400;+0200;0;LH_983-LH_78
DUB;0840;+0100;1550;+0200;0;BA_5832-BA_940
DUB;1105;+0100;1815;+0200;0;SK_538-SK_627
DUB;1500;+0100;2215;+0200;0;AF_5009-AF_1106
DUB;1150;+0100;1910;+0200;0;SK_536-SK_2625
DUB;0910;+0100;1635;+0200;0;AF_5001-AF_2206
DUB;1430;+0100;2155;+0200;0;LH_6500-LH_3387
DUB;1430;+0100;2155;+0200;0;BD_124-BD_3249
DUB;0950;+0100;1720;+0200;0;BA_5958-BA_942
DUB;1445;+0100;2215;+0200;0;IB_8071-IB_3524
DUB;1340;+0100;2120;+0200;0;BA_5966-BA_946
DUB;0620;+0100;1405;+0200;0;AF_5003-AF_1906
DUB;0650;+0100;1435;+0200;0;BD_120-BD_3243
DUB;1155;+0100;1940;+0200;0;AF_5005-AF_2406
DUB;1430;+0100;2200;+0200;0;LH_6500-LH_2479-LH_2024
DUB;1200;+0100;1935;+0200;0;LH_979-LH_114-LH_2018
DUB;1200;+0100;1945;+0200;0;LH_979-LH_188-LH_2743
VCE;1350;+0200;1520;+0200;0;LH_3213
VCE;1430;+0200;1600;+0200;0;LH_3213
VCE;1425;+0200;1600;+0200;0;AB_8863
VCE;1255;+0200;1545;+0200;0;LH_1909-LH_2012
VCE;1710;+0200;2010;+0200;0;LH_1911-LH_2020
VCE;1415;+0200;1725;+0200;0;BD_3407-BD_3312
VCE;1415;+0200;1725;+0200;0;LH_327-LH_82
VCE;1505;+0200;1820;+0200;0;AB_8985-AB_6839
VCE;0635;+0200;1000;+0200;0;AF_5561-AF_5876
VCE;0650;+0200;1015;+0200;0;LH_1915-LH_2004
VCE;1755;+0200;2120;+0200;0;AF_5565-AF_5878
VCE;0840;+0200;1210;+0200;0;LH_1907-LH_2008
VCE;1825;+0200;2200;+0200;0;AB_8991-AB_6451
VCE;1220;+0200;1600;+0200;0;AB_8983-AB_6751
VCE;1440;+0200;1820;+0200;0;AB_8991-AB_6447
VCE;1015;+0200;1400;+0200;0;LH_325-LH_78
VCE;1710;+0200;2055;+0200;0;LH_1911-LH_2022
VCE;0705;+0200;1055;+0200;0;OS_528-OS_7251
VCE;0710;+0200;1100;+0200;0;AF_2527-AF_1606
VCE;1830;+0200;2220;+0200;0;LH_329-LH_88
VCE;0705;+0200;1100;+0200;0;OS_528-OS_7251
VCE;1255;+0200;1650;+0200;0;LH_1909-LH_2014
VCE;1505;+0200;1900;+0200;0;AB_8985-AB_6839
VCE;0700;+0200;1100;+0200;0;AF_2527-AF_1606
VCE;1005;+0200;1405;+0200;0;AF_1127-AF_1906
VCE;1250;+0200;1650;+0200;0;AF_5563-AF_5874
VCE;1825;+0200;2225;+0200;0;AB_8991-AB_6451
VCE;1000;+0200;1405;+0200;0;AF_1127-AF_1906
VCE;0940;+0200;1350;+0200;0;LX_1661-LX_1018
VCE;1805;+0200;2215;+0200;0;AF_2027-AF_1106
VCE;1220;+0200;1635;+0200;0;AF_1427-AF_2206
VCE;1415;+0200;1830;+0200;0;LH_327-LH_84
VCE;1415;+0200;1830;+0200;0;BD_3407-BD_3310
VCE;1800;+0200;2215;+0200;0;AF_2027-AF_1106
VCE;0650;+0200;1110;+0200;0;LH_333-LH_76
VCE;0650;+0200;1110;+0200;0;BD_3403-BD_3316
VCE;1440;+0200;1905;+0200;0;LX_1663-LX_1026
VCE;1510;+0200;1940;+0200;0;AF_1727-AF_2406
VCE;1510;+0200;1940;+0200;0;AZ_7328-AZ_2886
VCE;1710;+0200;2200;+0200;0;LH_1911-LH_2024
VCE;1730;+0200;2225;+0200;0;KL_1656-KL_1863
VCE;1730;+0200;2225;+0200;0;AZ_7736-AZ_2906
VCE;0645;+0200;1145;+0200;0;AZ_7732-AZ_2944
VCE;0645;+0200;1145;+0200;0;KL_1650-KL_1855
VCE;1235;+0200;1740;+0200;0;KL_1654-KL_1861
VCE;1235;+0200;1740;+0200;0;AZ_7734-AZ_2948
VCE;1440;+0200;1950;+0200;0;LX_1663-LX_3640
VCE;0650;+0200;1210;+0200;0;LH_1915-LH_2008
VCE;1440;+0200;2000;+0200;0;AB_8991-AB_6449
VCE;0705;+0200;1230;+0200;0;OS_528-OS_7243
VCE;1255;+0200;1820;+0200;0;LH_1909-LH_2016
VCE;1250;+0200;1820;+0200;0;AB_8985-AB_6839
VCE;1340;+0200;1910;+0200;0;AA_6318-AA_6450
VCE;1335;+0200;1910;+0200;0;BA_579-BA_944
VCE;1330;+0200;1910;+0200;0;SK_1848-SK_2625
VCE;1340;+0200;1920;+0200;0;AA_6318-AA_6450
VCE;1710;+0200;2250;+0200;0;LH_1911-LH_2026
VCE;0840;+0200;1425;+0200;0;LH_1907-LH_2010
HAM;0645;+0200;0740;+0200;0;LH_2701
HAM;0800;+0200;0855;+0200;0;LH_2703
HAM;0855;+0200;0950;+0200;0;LH_2705
HAM;0945;+0200;1040;+0200;0;LH_2707
HAM;1005;+0200;1100;+0200;0;AB_6749
HAM;1120;+0200;1215;+0200;0;LH_2709
HAM;1215;+0200;1310;+0200;0;BD_2979
HAM;1215;+0200;1310;+0200;0;LH_2711
HAM;1405;+0200;1500;+0200;0;AB_6751
HAM;1505;+0200;1600;+0200;0;AB_6751
HAM;1520;+0200;1615;+0200;0;LH_2713
HAM;1655;+0200;1750;+0200;0;LH_2715
HAM;1655;+0200;1750;+0200;0;BD_2973
HAM;1855;+0200;1950;+0200;0;LH_2717
HAM;2035;+0200;2130;+0200;0;LH_2719
HAM;0635;+0200;0735;+0200;0;AB_6745
HAM;1005;+0200;1105;+0200;0;AB_6749
HAM;1840;+0200;1940;+0200;0;AB_6753
HAM;0645;+0200;0935;+0200;0;LH_31-LH_74
HAM;0700;+0200;0950;+0200;0;LH_2820-LH_2751
HAM;0825;+0200;1115;+0200;0;AB_6709-AB_6773
HAM;1110;+0200;1400;+0200;0;LH_13-LH_78
HAM;1830;+0200;2120;+0200;0;LH_2838-LH_2795
HAM;1830;+0200;2120;+0200;0;LH_2828-LH_2759
HAM;1930;+0200;2220;+0200;0;LH_27-LH_88
HAM;0635;+0200;0930;+0200;0;SK_648-SK_1629
HAM;0635;+0200;0930;+0200;0;LH_6058-LH_6211
HAM;0850;+0200;1145;+0200;0;KL_1778-KL_1855
HAM;0950;+0200;1245;+0200;0;SK_646-SK_1627
HAM;0950;+0200;1245;+0200;0;LH_6238-LH_6041
HAM;1440;+0200;1740;+0200;0;KL_1782-KL_1861
HAM;0805;+0200;1110;+0200;0;LH_5-LH_76
HAM;1630;+0200;1935;+0200;0;LH_2073-LH_2018
HAM;1235;+0200;1545;+0200;0;LH_2067-LH_2012
HAM;1520;+0200;1830;+0200;0;LH_19-LH_84
HAM;0820;+0200;1135;+0200;0;AB_6299-AB_6026
HAM;1020;+0200;1335;+0200;0;AB_6301-AB_6028
HAM;1110;+0200;1425;+0200;0;LH_2065-LH_2010
HAM;1845;+0200;2200;+0200;0;AB_8930-AB_8429
HAM;1005;+0200;1325;+0200;0;LH_2834-LH_2791
HAM;1330;+0200;1650;+0200;0;LH_2069-LH_2014
HAM;1500;+0200;1820;+0200;0;LH_2071-LH_2016
HAM;1840;+0200;2200;+0200;0;LH_2085-LH_2024
HAM;1400;+0200;1725;+0200;0;LH_17-LH_82
HAM;1730;+0200;2055;+0200;0;LH_2075-LH_2022
HAM;0605;+0200;0935;+0200;0;LH_1-LH_74
HAM;0625;+0200;0955;+0200;0;AB_8932-AB_8427
HAM;0655;+0200;1025;+0200;0;LH_2832-LH_2789
HAM;1300;+0200;1630;+0200;0;LH_3144-LH_3137
HAM;1850;+0200;2220;+0200;0;LH_25-LH_88
HAM;0640;+0200;1015;+0200;0;LH_2087-LH_2004
HAM;0735;+0200;1110;+0200;0;LH_3-LH_76
HAM;0835;+0200;1210;+0200;0;LH_2059-LH_2008
HAM;1300;+0200;1635;+0200;0;AF_1711-AF_2206
HAM;1320;+0200;1655;+0200;0;LH_3100-LH_3093
HAM;1320;+0200;1655;+0200;0;OS_7254-OS_7245
HAM;1430;+0200;1805;+0200;0;AB_6305-AB_6036
HAM;1700;+0200;2035;+0200;0;LH_21-LH_86
HAM;1825;+0200;2200;+0200;0;LH_3146-LH_5799
HAM;1630;+0200;2010;+0200;0;LH_2073-LH_2020
HAM;1740;+0200;2120;+0200;0;AF_5974-AF_5878
HAM;1825;+0200;2205;+0200;0;LX_3649-LX_1028
HAM;1825;+0200;2205;+0200;0;LH_3146-LH_5799
HAM;1910;+0200;2250;+0200;0;LH_2077-LH_2026
HAM;0615;+0200;1000;+0200;0;AB_8468-AB_8181
HAM;0710;+0200;1100;+0200;0;AF_2511-AF_1606
HAM;1010;+0200;1400;+0200;0;LH_11-LH_78
HAM;1625;+0200;2015;+0200;0;AB_6307-AB_6038
HAM;1630;+0200;2020;+0200;0;AB_8780-AB_8173
HAM;1750;+0200;2140;+0200;0;OS_7256-OS_7247
HAM;1850;+0200;2240;+0200;0;AB_8846-AB_8813
HAM;0700;+0200;1055;+0200;0;OS_7252-OS_7251
HAM;1010;+0200;1405;+0200;0;AF_1411-AF_1906
HAM;1300;+0200;1655;+0200;0;LX_3647-LX_3636
HAM;1630;+0200;2025;+0200;0;AB_8780-AB_8173
HAM;1745;+0200;2140;+0200;0;LH_3192-LH_3185
HAM;1815;+0200;2210;+0200;0;BD_3372-BD_3697
HAM;1815;+0200;2210;+0200;0;LH_3438-LH_3435
HAM;0700;+0200;1100;+0200;0;LH_3098-LH_3089
HAM;0700;+0200;1100;+0200;0;OS_7252-OS_7251
HAM;1825;+0200;2225;+0200;0;KL_1784-KL_1863
HAM;0945;+0200;1350;+0200;0;LH_5844-LH_5795
HAM;0945;+0200;1350;+0200;0;LX_1051-LX_1018
HAM;1020;+0200;1425;+0200;0;LH_2063-LH_2010
HAM;1410;+0200;1815;+0200;0;LH_2958-LH_6209
HAM;1410;+0200;1815;+0200;0;SK_3660-SK_818
HAM;1735;+0200;2140;+0200;0;OS_7256-OS_7247
HAM;1655;+0200;2105;+0200;0;LH_3232-LH_3225
HAM;1810;+0200;2220;+0200;0;LH_23-LH_88
HAM;1840;+0200;2250;+0200;0;LH_2085-LH_2026
HAM;0700;+0200;1115;+0200;0;LH_2820-LH_2753
HAM;0705;+0200;1120;+0200;0;LH_2926-LH_2921
HAM;1235;+0200;1650;+0200;0;LH_2067-LH_2014
HAM;1720;+0200;2135;+0200;0;AB_6713-AB_6777
HAM;1750;+0200;2205;+0200;0;OS_7256-OS_7247
NCE;1440;+0200;1615;+0200;0;LH_3273
NCE;1420;+0200;1600;+0200;0;AB_8751
NCE;1425;+0200;1605;+0200;0;AB_8751
NCE;1350;+0200;1650;+0200;0;AF_7837-AF_5874
NCE;1350;+0200;1650;+0200;0;AF_7836-AF_5874
NCE;0655;+0200;1000;+0200;0;AF_7838-AF_5876
NCE;1810;+0200;2120;+0200;0;AF_7835-AF_5878
NCE;1515;+0200;1830;+0200;0;BD_3241-BD_3310
NCE;1515;+0200;1830;+0200;0;LH_1061-LH_84
NCE;0700;+0200;1020;+0200;0;LX_565-LX_3634
NCE;1845;+0200;2205;+0200;0;LX_561-LX_1028
NCE;0840;+0200;1210;+0200;0;LH_2271-LH_2008
NCE;1035;+0200;1405;+0200;0;AF_7701-AF_1906
NCE;1245;+0200;1615;+0200;0;LH_3275-LH_2713
NCE;1850;+0200;2220;+0200;0;LH_1065-LH_88
NCE;0640;+0200;1015;+0200;0;LH_2279-LH_2004
NCE;1715;+0200;2055;+0200;0;LH_2275-LH_2022
NCE;1905;+0200;2250;+0200;0;LH_2277-LH_2026
NCE;0710;+0200;1100;+0200;0;AF_7711-AF_1606
NCE;1250;+0200;1650;+0200;0;LH_2273-LH_2014
NCE;0650;+0200;1055;+0200;0;OS_424-OS_7251
NCE;0650;+0200;1100;+0200;0;OS_424-OS_7251
NCE;0650;+0200;1110;+0200;0;LH_1069-LH_76
NCE;0650;+0200;1110;+0200;0;BD_3237-BD_3316
NCE;1445;+0200;1905;+0200;0;LX_569-LX_1026
NCE;0625;+0200;1100;+0200;0;AF_7713-AF_1606
NCE;0730;+0200;1205;+0200;0;BA_341-BA_938
NCE;0730;+0200;1205;+0200;0;QF_3574-QF_3445
NCE;1340;+0200;1815;+0200;0;SK_794-SK_627
NCE;0730;+0200;1210;+0200;0;AA_6587-AA_6508
NCE;1715;+0200;2200;+0200;0;LH_2275-LH_2024
NCE;1730;+0200;2225;+0200;0;KL_1268-KL_1863
NCE;0600;+0200;1100;+0200;0;AF_7713-AF_1606
NCE;1245;+0200;1750;+0200;0;LH_3275-LH_2715
NCE;1445;+0200;1950;+0200;0;LX_569-LX_3640
NCE;1230;+0200;1740;+0200;0;KL_1264-KL_1861
NCE;0625;+0200;1145;+0200;0;KL_1260-KL_1855
NCE;1515;+0200;2035;+0200;0;LH_1061-LH_86
NCE;1515;+0200;2035;+0200;0;BD_3241-BD_3314
NCE;1155;+0200;1720;+0200;0;AA_6392-AA_6422
NCE;0640;+0200;1210;+0200;0;LH_2279-LH_2008
NCE;1150;+0200;1720;+0200;0;AA_6392-AA_6422
NCE;1150;+0200;1720;+0200;0;BA_343-BA_942
NCE;1250;+0200;1820;+0200;0;LH_2273-LH_2016
NCE;1240;+0200;1815;+0200;0;SK_4704-SK_818
NCE;1405;+0200;1940;+0200;0;AF_6217-AF_2406
NCE;1715;+0200;2250;+0200;0;LH_2275-LH_2026
NCE;0650;+0200;1230;+0200;0;OS_424-OS_7243
NCE;1330;+0200;1910;+0200;0;AA_6735-AA_6450
NCE;1330;+0200;1910;+0200;0;BA_347-BA_944
NCE;0840;+0200;1425;+0200;0;LH_2271-LH_2010
NCE;1330;+0200;1920;+0200;0;AA_6735-AA_6450
NCE;1420;+0200;2010;+0200;0;AB_8015-AB_8137
NCE;1530;+0200;2120;+0200;0;BA_345-BA_946
NCE;0805;+0200;1405;+0200;0;AF_6203-AF_1906
NCE;1035;+0200;1635;+0200;0;AF_6209-AF_2206
NCE;1035;+0200;1635;+0200;0;AF_7701-AF_2206
NCE;1615;+0200;2215;+0200;0;AF_7715-AF_1106
CPH;0810;+0200;0930;+0200;0;LH_6211
CPH;0810;+0200;0930;+0200;0;SK_1629
CPH;0835;+0200;0955;+0200;0;AB_8217
CPH;0845;+0200;1005;+0200;0;AB_8217
CPH;1405;+0200;1525;+0200;0;LH_6213
CPH;1405;+0200;1525;+0200;0;SK_1621
CPH;1655;+0200;1815;+0200;0;LH_6215
CPH;1655;+0200;1815;+0200;0;SK_627
CPH;2040;+0200;2200;+0200;0;LH_6207
CPH;2040;+0200;2200;+0200;0;SK_629
CPH;2105;+0200;2225;+0200;0;AB_8231
CPH;1120;+0200;1245;+0200;0;SK_1627
CPH;1120;+0200;1245;+0200;0;LH_6041
CPH;1530;+0200;1820;+0200;0;AB_8951-AB_6447
CPH;1925;+0200;2225;+0200;0;KL_1134-KL_1863
CPH;0805;+0200;1115;+0200;0;LH_6249-LH_2753
CPH;0800;+0200;1115;+0200;0;LH_6035-LH_2733
CPH;1425;+0200;1740;+0200;0;KL_1130-KL_1861
CPH;1100;+0200;1425;+0200;0;LH_6247-LH_2010
CPH;0645;+0200;1015;+0200;0;LH_6259-LH_2004
CPH;1800;+0200;2130;+0200;0;LH_6241-LH_2719
CPH;0600;+0200;0935;+0200;0;LH_833-LH_74
CPH;0705;+0200;1040;+0200;0;AB_8093-AB_6441
CPH;0835;+0200;1210;+0200;0;LH_2441-LH_2008
CPH;0850;+0200;1225;+0200;0;AB_8017-AB_8241
CPH;1415;+0200;1750;+0200;0;LH_6069-LH_2715
CPH;0700;+0200;1040;+0200;0;AB_8093-AB_6441
CPH;1020;+0200;1400;+0200;0;LH_823-LH_78
CPH;1235;+0200;1615;+0200;0;LH_6047-LH_2739
CPH;1440;+0200;1820;+0200;0;LH_6257-LH_2016
CPH;1450;+0200;1830;+0200;0;LH_6265-LH_84
CPH;1720;+0200;2100;+0200;0;LX_1291-LX_3902
CPH;1015;+0200;1400;+0200;0;KL_1126-KL_1857
CPH;1525;+0200;1910;+0200;0;SK_408-SK_2625
CPH;1525;+0200;1910;+0200;0;LH_6068-LH_6287
CPH;0835;+0200;1225;+0200;0;AB_8017-AB_8241
CPH;1645;+0200;2035;+0200;0;LH_829-LH_86
CPH;1645;+0200;2035;+0200;0;BD_3419-BD_3314
CPH;0820;+0200;1215;+0200;0;LH_6239-LH_2709
CPH;1010;+0200;1405;+0200;0;AF_1751-AF_1906
CPH;1255;+0200;1650;+0200;0;LH_2443-LH_2014
CPH;1745;+0200;2140;+0200;0;OS_304-OS_7247
CPH;1805;+0200;2200;+0200;0;LH_6261-LH_2024
CPH;0720;+0200;1120;+0200;0;SK_402-SK_3697
CPH;1215;+0200;1615;+0200;0;LH_6055-LH_2713
CPH;1415;+0200;1815;+0200;0;SK_1458-SK_818
CPH;1415;+0200;1815;+0200;0;LH_6096-LH_6209
CPH;0655;+0200;1100;+0200;0;AF_1351-AF_1606
CPH;0720;+0200;1125;+0200;0;SK_454-SK_8573
CPH;1120;+0200;1525;+0200;0;LH_6200-LH_2943
CPH;1650;+0200;2055;+0200;0;LH_2445-LH_2022
CPH;0700;+0200;1110;+0200;0;LH_6219-LH_76
CPH;0940;+0200;1350;+0200;0;LX_1267-LX_1018
CPH;1805;+0200;2215;+0200;0;AF_1051-AF_1106
CPH;1525;+0200;1940;+0200;0;AF_2351-AF_2406
CPH;0705;+0200;1125;+0200;0;AB_8093-AB_6441
CPH;1720;+0200;2140;+0200;0;SK_1444-SK_3647
CPH;1720;+0200;2140;+0200;0;LH_6108-LH_2943
CPH;1745;+0200;2205;+0200;0;OS_304-OS_7247
CPH;0700;+0200;1125;+0200;0;AB_8093-AB_6441
CPH;1440;+0200;1905;+0200;0;LX_1271-LX_1026
CPH;1730;+0200;2155;+0200;0;BD_3975-BD_3417
CPH;1740;+0200;2205;+0200;0;LX_4705-LX_1028
CPH;1810;+0200;2235;+0200;0;SK_1426-SK_3643
CPH;1410;+0200;1840;+0200;0;LH_6037-LH_2741
CPH;1530;+0200;2000;+0200;0;AB_8951-AB_6449
HEL;0740;+0300;0905;+0200;0;AY_703
HEL;1630;+0300;1755;+0200;0;JL_7811
HEL;1630;+0300;1755;+0200;0;AY_707
HEL;1835;+0300;2000;+0200;0;AB_8925
HEL;1315;+0300;1445;+0200;0;LH_2971
HEL;1930;+0300;2200;+0200;0;SK_1711-SK_629
HEL;1250;+0300;1525;+0200;0;SK_717-SK_1621
HEL;1625;+0300;1910;+0200;0;LH_6273-LH_6287
HEL;1625;+0300;1910;+0200;0;SK_705-SK_2625
HEL;0640;+0300;0930;+0200;0;SK_6540-SK_1629
HEL;1310;+0300;1600;+0200;0;AB_8309-AB_6443
HEL;1945;+0300;2235;+0200;0;SK_709-SK_3643
HEL;0940;+0300;1245;+0200;0;LH_6061-LH_6041
HEL;0940;+0300;1245;+0200;0;SK_1715-SK_1627
HEL;1310;+0300;1615;+0200;0;AB_8309-AB_6443
HEL;0655;+0300;1015;+0200;0;LH_2467-LH_2004
HEL;0800;+0300;1120;+0200;0;SK_6421-SK_3697
HEL;0955;+0300;1315;+0200;0;BT_340-BT_231
HEL;0955;+0300;1315;+0200;0;BT_302-BT_231
HEL;1200;+0300;1525;+0200;0;SK_6691-SK_1621
HEL;1835;+0300;2200;+0200;0;LH_6255-LH_6207
HEL;1835;+0300;2200;+0200;0;SK_719-SK_629
HEL;1850;+0300;2220;+0200;0;LH_851-LH_88
HEL;1405;+0300;1740;+0200;0;KL_1168-KL_1861
HEL;0700;+0300;1040;+0200;0;AB_8311-AB_6441
HEL;1450;+0300;1830;+0200;0;LH_849-LH_84
HEL;1855;+0300;2235;+0200;0;SK_6430-SK_3643
HEL;1305;+0300;1650;+0200;0;LH_2463-LH_2014
HEL;1700;+0300;2055;+0200;0;LX_4793-LX_3638
HEL;1855;+0300;2250;+0200;0;LH_2465-LH_2026
HEL;0725;+0300;1125;+0200;0;SK_6575-SK_8573
HEL;0840;+0300;1245;+0200;0;SK_6545-SK_1627
HEL;0655;+0300;1110;+0200;0;LH_855-LH_76
HEL;0700;+0300;1120;+0200;0;LH_6133-LH_2921
HEL;0700;+0300;1120;+0200;0;SK_707-SK_3697
HEL;1215;+0300;1635;+0200;0;AF_1099-AF_2206
HEL;1805;+0300;2225;+0200;0;KL_1170-KL_1863
HEL;0700;+0300;1125;+0200;0;AB_8311-AB_6441
HEL;1300;+0300;1725;+0200;0;LH_847-LH_82
HEL;1450;+0300;1915;+0200;0;OS_346-OS_155
HEL;0925;+0300;1405;+0200;0;AF_1499-AF_1906
HEL;0830;+0300;1315;+0200;0;BT_302-BT_231
HEL;0905;+0300;1400;+0200;0;LH_853-LH_78
HEL;0725;+0300;1230;+0200;0;OS_348-OS_7243
HEL;1405;+0300;1910;+0200;0;BA_6079-BA_944
HEL;1405;+0300;1910;+0200;0;AA_6053-AA_6450
HEL;1700;+0300;2205;+0200;0;LX_4793-LX_1028
HEL;1730;+0300;2235;+0200;0;SK_6423-SK_3643
HEL;0635;+0300;1145;+0200;0;KL_1164-KL_1855
HEL;1310;+0300;1820;+0200;0;AB_8309-AB_6447
HEL;0655;+0300;1210;+0200;0;LH_2467-LH_2008
HEL;1125;+0300;1640;+0200;0;SK_6427-SK_3691
HEL;1305;+0300;1820;+0200;0;LH_2463-LH_2016
HEL;1405;+0300;1920;+0200;0;AA_6053-AA_6450
HEL;1600;+0300;2120;+0200;0;BA_6033-BA_946
HEL;0720;+0300;1245;+0200;0;SK_713-SK_1627
HEL;0720;+0300;1245;+0200;0;LH_6289-LH_6041
HEL;1250;+0300;1815;+0200;0;LH_6293-LH_6215
HEL;1250;+0300;1815;+0200;0;SK_717-SK_627
HEL;1300;+0300;1830;+0200;0;LH_847-LH_84
HEL;0940;+0300;1525;+0200;0;SK_1715-SK_1621
HEL;0940;+0300;1525;+0200;0;LH_6061-LH_6213
HEL;1450;+0300;2035;+0200;0;LH_849-LH_86
HEL;1450;+0300;2050;+0200;0;OS_346-OS_7249
HEL;1600;+0300;2200;+0200;0;SK_6542-SK_629
HEL;0640;+0300;1245;+0200;0;SK_6540-SK_1627
HEL;1605;+0300;2215;+0200;0;AF_1799-AF_1106
HEL;1625;+0300;2235;+0200;0;SK_705-SK_3643
HEL;1625;+0300;2235;+0200;0;LH_6273-LH_2925
HEL;1125;+0300;1740;+0200;0;KL_1166-KL_1861
HEL;1200;+0300;1815;+0200;0;SK_6691-SK_627
OSL;0935;+0200;1125;+0200;0;SK_8573
OSL;0935;+0200;1125;+0200;0;LH_2951
OSL;1615;+0200;1815;+0200;0;LH_6209
OSL;1615;+0200;1815;+0200;0;SK_818
OSL;1220;+0200;1525;+0200;0;SK_1467-SK_1621
OSL;0615;+0200;0930;+0200;0;SK_3169-SK_1629
OSL;0900;+0200;1215;+0200;0;LH_2957-LH_2709
OSL;0610;+0200;0930;+0200;0;SK_1461-SK_1629
OSL;0610;+0200;0930;+0200;0;LH_6073-LH_6211
OSL;1420;+0200;1740;+0200;0;KL_1146-KL_1861
OSL;1500;+0200;1820;+0200;0;AB_8243-AB_6447
OSL;0915;+0200;1245;+0200;0;SK_455-SK_1627
OSL;0915;+0200;1245;+0200;0;LH_6083-LH_6041
OSL;1355;+0200;1725;+0200;0;BD_2931-BD_3312
OSL;1355;+0200;1725;+0200;0;LH_861-LH_82
OSL;1410;+0200;1740;+0200;0;KL_1218-KL_1861
OSL;0745;+0200;1120;+0200;0;SK_848-SK_3697
OSL;1025;+0200;1400;+0200;0;LH_859-LH_78
OSL;1605;+0200;1950;+0200;0;LH_2959-LH_2717
OSL;1645;+0200;2035;+0200;0;LH_6105-LH_86
OSL;1515;+0200;1910;+0200;0;SK_496-SK_2625
OSL;1805;+0200;2200;+0200;0;SK_1477-SK_629
OSL;0630;+0200;1040;+0200;0;AB_8245-AB_6441
OSL;0900;+0200;1310;+0200;0;LH_2957-LH_2711
OSL;1230;+0200;1640;+0200;0;SK_868-SK_3691
OSL;1420;+0200;1830;+0200;0;LH_6281-LH_84
OSL;1750;+0200;2200;+0200;0;SK_3033-SK_629
OSL;1820;+0200;2235;+0200;0;SK_1484-SK_3643
OSL;0635;+0200;1100;+0200;0;AF_1275-AF_1606
OSL;0820;+0200;1245;+0200;0;SK_1453-SK_1627
OSL;0935;+0200;1400;+0200;0;LH_6231-LH_78
OSL;0740;+0200;1210;+0200;0;LH_2457-LH_2008
OSL;0930;+0200;1400;+0200;0;KL_1142-KL_1857
OSL;0955;+0200;1425;+0200;0;LH_6171-LH_2010
OSL;1345;+0200;1815;+0200;0;SK_1469-SK_627
OSL;1345;+0200;1815;+0200;0;LH_6087-LH_6215
OSL;1730;+0200;2200;+0200;0;SK_461-SK_629
OSL;1730;+0200;2200;+0200;0;LH_6053-LH_6207
OSL;1355;+0200;1830;+0200;0;BD_2931-BD_3310
OSL;1355;+0200;1830;+0200;0;LH_861-LH_84
OSL;1315;+0200;1755;+0200;0;JL_7800-JL_7811
OSL;1315;+0200;1755;+0200;0;AY_656-AY_707
OSL;0625;+0200;1110;+0200;0;LH_865-LH_76
OSL;1805;+0200;2250;+0200;0;LH_2455-LH_2026
OSL;0630;+0200;1125;+0200;0;AB_8245-AB_6441
OSL;1320;+0200;1815;+0200;0;SK_3051-SK_627
OSL;1150;+0200;1650;+0200;0;LH_2451-LH_2014
OSL;1410;+0200;1910;+0200;0;SK_874-SK_2625
OSL;1500;+0200;2000;+0200;0;AB_8243-AB_6449
OSL;1720;+0200;2225;+0200;0;KL_1148-KL_1863
OSL;1400;+0200;1910;+0200;0;SK_874-SK_2625
OSL;1630;+0200;2140;+0200;0;SK_3053-SK_3647
OSL;1655;+0200;2205;+0200;0;LX_4711-LX_1028
OSL;0630;+0200;1145;+0200;0;KL_1140-KL_1855
OSL;1400;+0200;1915;+0200;0;OS_336-OS_155
OSL;0755;+0200;1315;+0200;0;BT_152-BT_231
OSL;1005;+0200;1525;+0200;0;SK_1455-SK_1621
OSL;1155;+0200;1720;+0200;0;AA_6630-AA_6422
OSL;1155;+0200;1720;+0200;0;BA_763-BA_942
OSL;1605;+0200;2130;+0200;0;LH_2959-LH_2719
OSL;0955;+0200;1525;+0200;0;SK_3173-SK_1621
OSL;1705;+0200;2235;+0200;0;SK_890-SK_3643
OSL;0610;+0200;1145;+0200;0;KL_1212-KL_1855
OSL;0710;+0200;1245;+0200;0;LH_6085-LH_6041
OSL;0710;+0200;1245;+0200;0;SK_1463-SK_1627
OSL;1645;+0200;2220;+0200;0;LH_6105-LH_88
OSL;1100;+0200;1640;+0200;0;SK_864-SK_3691
OSL;1155;+0200;1740;+0200;0;KL_1144-KL_1861
OSL;0955;+0200;1545;+0200;0;LH_6171-LH_2012
OSL;1050;+0200;1640;+0200;0;SK_864-SK_3691
OSL;1610;+0200;2200;+0200;0;SK_1471-SK_629
OSL;1610;+0200;2200;+0200;0;LH_6245-LH_6207
OSL;0635;+0200;1230;+0200;0;OS_332-OS_7243
OSL;1220;+0200;1815;+0200;0;SK_1467-SK_627
OSL;1220;+0200;1815;+0200;0;LH_6065-LH_6215
GVA;0840;+0200;0950;+0200;0;LH_3161
GVA;0845;+0200;0955;+0200;0;LX_3710
GVA;1215;+0200;1325;+0200;0;LH_3159
GVA;1320;+0200;1430;+0200;0;LX_3692
GVA;1550;+0200;1700;+0200;0;LH_3163
GVA;1635;+0200;1745;+0200;0;LX_3696
GVA;1940;+0200;2050;+0200;0;LX_3694
GVA;1955;+0200;2105;+0200;0;LH_3165
GVA;0600;+0200;0840;+0200;0;LX_2801-LX_1016
GVA;0600;+0200;0840;+0200;0;LH_5855-LH_5793
GVA;1815;+0200;2055;+0200;0;LX_2817-LX_3638
GVA;1815;+0200;2055;+0200;0;LH_5869-LH_3141
GVA;1750;+0200;2035;+0200;0;LH_1221-LH_86
GVA;1110;+0200;1400;+0200;0;LH_1215-LH_78
GVA;1400;+0200;1655;+0200;0;LX_2811-LX_3636
GVA;1900;+0200;2200;+0200;0;LH_5873-LH_5799
GVA;0910;+0200;1215;+0200;0;LH_3167-LH_2709
GVA;1900;+0200;2205;+0200;0;LH_5873-LH_5799
GVA;1900;+0200;2205;+0200;0;LX_2815-LX_1028
GVA;0900;+0200;1210;+0200;0;LH_2381-LH_2008
GVA;1700;+0200;2010;+0200;0;LH_2385-LH_2020
GVA;1510;+0200;1830;+0200;0;LH_1219-LH_84
GVA;0645;+0200;1015;+0200;0;LH_2391-LH_2004
GVA;0730;+0200;1100;+0200;0;AF_1243-AF_1606
GVA;1410;+0200;1740;+0200;0;KL_1930-KL_1861
GVA;1030;+0200;1405;+0200;0;AF_1643-AF_1906
GVA;0720;+0200;1100;+0200;0;OS_578-OS_7251
GVA;1010;+0200;1350;+0200;0;LX_2807-LX_1018
GVA;1010;+0200;1350;+0200;0;LH_5861-LH_5795
GVA;1340;+0200;1725;+0200;0;LH_1217-LH_82
GVA;1815;+0200;2200;+0200;0;LH_5869-LH_5799
GVA;1830;+0200;2215;+0200;0;AF_2443-AF_1106
GVA;1835;+0200;2220;+0200;0;LH_1223-LH_88
GVA;1905;+0200;2250;+0200;0;LH_2387-LH_2026
GVA;1815;+0200;2205;+0200;0;LX_2817-LX_1028
GVA;1815;+0200;2205;+0200;0;LH_5869-LH_5799
GVA;1130;+0200;1525;+0200;0;SK_1610-SK_1621
GVA;1255;+0200;1650;+0200;0;LH_2383-LH_2014
GVA;1700;+0200;2055;+0200;0;LH_2385-LH_2022
GVA;1745;+0200;2140;+0200;0;OS_582-OS_7247
GVA;0910;+0200;1310;+0200;0;LH_3167-LH_2711
GVA;1505;+0200;1905;+0200;0;LH_5867-LH_5797
GVA;1505;+0200;1905;+0200;0;LX_2813-LX_1026
GVA;1520;+0200;1920;+0200;0;AA_6341-AA_6450
GVA;0705;+0200;1110;+0200;0;LH_1229-LH_76
GVA;1515;+0200;1920;+0200;0;AA_6341-AA_6450
GVA;0600;+0200;1015;+0200;0;LH_5855-LH_3135
GVA;1525;+0200;1940;+0200;0;AF_2143-AF_2406
GVA;0600;+0200;1020;+0200;0;LX_2801-LX_3634
GVA;1015;+0200;1435;+0200;0;BD_6770-BD_3243
GVA;1745;+0200;2205;+0200;0;OS_582-OS_7247
GVA;0715;+0200;1145;+0200;0;KL_1924-KL_1855
GVA;1205;+0200;1635;+0200;0;AF_1843-AF_2206
GVA;1750;+0200;2220;+0200;0;LH_1221-LH_88
GVA;0730;+0200;1205;+0200;0;BA_723-BA_938
GVA;0730;+0200;1205;+0200;0;QF_3658-QF_3445
GVA;1200;+0200;1635;+0200;0;AF_1843-AF_2206
GVA;0730;+0200;1210;+0200;0;AA_6333-AA_6508
GVA;1520;+0200;2000;+0200;0;BD_6768-BD_3253
GVA;0915;+0200;1400;+0200;0;LH_1213-LH_78
GVA;1505;+0200;1950;+0200;0;LX_2813-LX_3640
GVA;1505;+0200;1950;+0200;0;LH_5867-LH_3139
GVA;0910;+0200;1400;+0200;0;KL_1926-KL_1857
GVA;1340;+0200;1830;+0200;0;LH_1217-LH_84
GVA;1700;+0200;2200;+0200;0;LH_2385-LH_2024
MAN;0750;+0100;1010;+0200;0;BD_3691
MAN;0750;+0100;1010;+0200;0;LH_3429
MAN;1255;+0100;1515;+0200;0;BD_3695
MAN;1255;+0100;1515;+0200;0;LH_3433
MAN;1705;+0100;1925;+0200;0;LH_3431
MAN;1705;+0100;1925;+0200;0;BD_3693
MAN;1950;+0100;2210;+0200;0;BD_3697
MAN;1950;+0100;2210;+0200;0;LH_3435
MAN;0815;+0100;1215;+0200;0;LH_3437-LH_2709
MAN;1315;+0100;1725;+0200;0;LH_943-LH_82
MAN;1315;+0100;1725;+0200;0;BD_3353-BD_3312
MAN;1325;+0100;1740;+0200;0;KL_1084-KL_1861
MAN;0940;+0100;1405;+0200;0;AF_1669-AF_1906
MAN;0930;+0100;1405;+0200;0;AF_1669-AF_1906
MAN;1505;+0100;1940;+0200;0;AF_2269-AF_2406
MAN;1100;+0100;1545;+0200;0;LH_2501-LH_2012
MAN;1105;+0100;1550;+0200;0;BA_1391-BA_940
MAN;1715;+0100;2200;+0200;0;LH_2503-LH_2024
MAN;1740;+0100;2225;+0200;0;KL_1094-KL_1863
MAN;0715;+0100;1205;+0200;0;BA_1385-BA_938
MAN;1705;+0100;2155;+0200;0;LH_6689-LH_3387
MAN;1705;+0100;2155;+0200;0;BD_573-BD_3249
MAN;0815;+0100;1310;+0200;0;LH_3437-LH_2711
MAN;0815;+0100;1310;+0200;0;BD_3371-BD_2979
MAN;0905;+0100;1400;+0200;0;KL_1074-KL_1857
MAN;0930;+0100;1435;+0200;0;LH_6557-LH_3383
MAN;0930;+0100;1435;+0200;0;BD_585-BD_3243
MAN;1445;+0100;1950;+0200;0;LH_3441-LH_2717
MAN;0840;+0100;1350;+0200;0;LX_391-LX_1018
MAN;0850;+0100;1400;+0200;0;LH_941-LH_78
MAN;1015;+0100;1525;+0200;0;SK_540-SK_1621
MAN;0655;+0100;1210;+0200;0;LH_2505-LH_2008
MAN;1315;+0100;1830;+0200;0;LH_943-LH_84
MAN;1315;+0100;1830;+0200;0;BD_3353-BD_3310
MAN;1345;+0100;1905;+0200;0;LX_395-LX_1026
MAN;0910;+0100;1435;+0200;0;LH_6555-LH_3383
MAN;1715;+0100;2250;+0200;0;LH_2503-LH_2026
MAN;0600;+0100;1145;+0200;0;KL_1072-KL_1855
MAN;1325;+0100;1910;+0200;0;BA_1395-BA_944
MAN;1000;+0100;1550;+0200;0;BA_1389-BA_940
MAN;1100;+0100;1650;+0200;0;LH_2501-LH_2014
MAN;1530;+0100;2120;+0200;0;BA_1399-BA_946
MAN;1345;+0100;1950;+0200;0;LX_395-LX_3640
MAN;1350;+0100;2000;+0200;0;LH_6523-LH_3385
MAN;1350;+0100;2000;+0200;0;BD_589-BD_3253
MAN;1105;+0100;1720;+0200;0;BA_1391-BA_942
LYS;0700;+0200;0815;+0200;0;LH_3271
LYS;0910;+0200;1025;+0200;0;LH_3265
LYS;0935;+0200;1050;+0200;0;LH_3265
LYS;2035;+0200;2150;+0200;0;LH_3269
LYS;0835;+0200;1000;+0200;0;AF_5876
LYS;1525;+0200;1650;+0200;0;AF_5874
LYS;1955;+0200;2120;+0200;0;AF_5878
LYS;0900;+0200;1210;+0200;0;LH_2247-LH_2008
LYS;1040;+0200;1350;+0200;0;LX_531-LX_1018
LYS;0700;+0200;1020;+0200;0;LX_539-LX_3634
LYS;1045;+0200;1405;+0200;0;AF_7641-AF_1906
LYS;1845;+0200;2205;+0200;0;LX_537-LX_1028
LYS;0730;+0200;1100;+0200;0;AF_7651-AF_1606
LYS;0600;+0200;0935;+0200;0;LH_1083-LH_74
LYS;0640;+0200;1015;+0200;0;LH_2255-LH_2004
LYS;1025;+0200;1400;+0200;0;LH_1075-LH_78
LYS;1455;+0200;1830;+0200;0;LH_1077-LH_84
LYS;1845;+0200;2220;+0200;0;LH_1079-LH_88
LYS;1715;+0200;2055;+0200;0;LH_2251-LH_2022
LYS;1905;+0200;2250;+0200;0;LH_2253-LH_2026
LYS;1255;+0200;1650;+0200;0;LH_2249-LH_2014
LYS;0835;+0200;1250;+0200;0;AF_7822-AF_4310
LYS;1450;+0200;1905;+0200;0;LX_533-LX_1026
LYS;0925;+0200;1405;+0200;0;AF_7653-AF_1906
LYS;1745;+0200;2225;+0200;0;KL_2028-KL_1863
LYS;1715;+0200;2200;+0200;0;LH_2251-LH_2024
LYS;0655;+0200;1145;+0200;0;KL_2024-KL_1855
LYS;1450;+0200;1950;+0200;0;LX_533-LX_3640
LYS;1215;+0200;1720;+0200;0;BA_361-BA_942
LYS;1215;+0200;1720;+0200;0;AA_6715-AA_6422
LYS;0600;+0200;1110;+0200;0;LH_1083-LH_76
LYS;1700;+0200;2215;+0200;0;AF_7645-AF_1106
LYS;0900;+0200;1425;+0200;0;LH_2247-LH_2010
LYS;1155;+0200;1720;+0200;0;AA_6715-AA_6422
LYS;1255;+0200;1820;+0200;0;LH_2249-LH_2016
LYS;0640;+0200;1210;+0200;0;LH_2255-LH_2008
LYS;1715;+0200;2250;+0200;0;LH_2251-LH_2026
LYS;1200;+0200;1740;+0200;0;KL_2030-KL_1861
LYS;1455;+0200;2035;+0200;0;LH_1077-LH_86
LYS;1045;+0200;1635;+0200;0;AF_7641-AF_2206
LYS;1335;+0200;1925;+0200;0;BD_1344-BD_3693
LYS;1350;+0200;1940;+0200;0;AF_7643-AF_2406
LYS;1040;+0200;1635;+0200;0;AF_7417-AF_2206
TLS;1500;+0200;1650;+0200;0;AF_3252
TLS;0700;+0200;1000;+0200;0;AF_7841-AF_5876
TLS;1820;+0200;2120;+0200;0;AF_7851-AF_5878
TLS;1345;+0200;1650;+0200;0;AF_7849-AF_5874
TLS;1615;+0200;1940;+0200;0;AF_7787-AF_2406
TLS;1210;+0200;1545;+0200;0;LH_2215-LH_2012
TLS;1825;+0200;2200;+0200;0;LH_2219-LH_2024
TLS;1255;+0200;1635;+0200;0;AF_7785-AF_2206
TLS;1450;+0200;1830;+0200;0;LH_1097-LH_84
TLS;1450;+0200;1830;+0200;0;BD_2937-BD_3310
TLS;1840;+0200;2220;+0200;0;LH_1099-LH_88
TLS;0715;+0200;1100;+0200;0;AF_7793-AF_1606
TLS;1015;+0200;1400;+0200;0;LH_1095-LH_78
TLS;0625;+0200;1015;+0200;0;LH_2223-LH_2004
TLS;0710;+0200;1100;+0200;0;AF_7793-AF_1606
TLS;1535;+0200;1935;+0200;0;LH_2217-LH_2018
TLS;0705;+0200;1110;+0200;0;LH_1101-LH_76
TLS;1800;+0200;2215;+0200;0;AF_7789-AF_1106
TLS;1825;+0200;2250;+0200;0;LH_2219-LH_2026
TLS;1650;+0200;2120;+0200;0;AF_7843-AF_5878
TLS;1535;+0200;2010;+0200;0;LH_2217-LH_2020
TLS;1210;+0200;1650;+0200;0;LH_2215-LH_2014
TLS;1230;+0200;1740;+0200;0;KL_1304-KL_1861
TLS;1715;+0200;2225;+0200;0;KL_1312-KL_1863
TLS;0730;+0200;1245;+0200;0;AF_7657-AF_4310
TLS;0730;+0200;1250;+0200;0;AF_7657-AF_4310
TLS;1535;+0200;2055;+0200;0;LH_2217-LH_2022
TLS;1655;+0200;2215;+0200;0;IB_8771-IB_3524
TLS;1155;+0200;1720;+0200;0;AA_6270-AA_6422
TLS;1155;+0200;1720;+0200;0;BA_373-BA_942
TLS;1645;+0200;2215;+0200;0;AF_6133-AF_1106
TLS;0605;+0200;1145;+0200;0;KL_1300-KL_1855
TLS;0705;+0200;1245;+0200;0;AF_5590-AF_4310
TLS;0625;+0200;1210;+0200;0;LH_2223-LH_2008
TLS;0705;+0200;1250;+0200;0;AF_5590-AF_4310
TLS;1050;+0200;1635;+0200;0;AF_7795-AF_2206
TLS;1450;+0200;2035;+0200;0;LH_1097-LH_86
TLS;1450;+0200;2035;+0200;0;BD_2937-BD_3314
TLS;0815;+0200;1405;+0200;0;AF_6153-AF_1906
TLS;1045;+0200;1635;+0200;0;AF_6117-AF_2206
TLS;1345;+0200;1940;+0200;0;AF_6123-AF_2406
TLS;1615;+0200;2215;+0200;0;AF_6131-AF_1106
TLS;1615;+0200;2215;+0200;0;AF_7787-AF_1106
TLS;1210;+0200;1820;+0200;0;LH_2215-LH_2016
TLS;0745;+0200;1405;+0200;0;AF_6107-AF_1906
TLS;1015;+0200;1635;+0200;0;AF_6113-AF_2206
TLS;1535;+0200;2200;+0200;0;LH_2217-LH_2024
TLS;1545;+0200;2215;+0200;0;AF_6129-AF_1106
TLS;1140;+0200;1820;+0200;0;IB_8767-IB_3522
TLS;1255;+0200;1940;+0200;0;AF_7785-AF_2406
TLS;0715;+0200;1405;+0200;0;AF_7793-AF_1906
TLS;0715;+0200;1405;+0200;0;AF_6105-AF_1906
TLS;0945;+0200;1635;+0200;0;AF_6109-AF_2206
TLS;0705;+0200;1400;+0200;0;LH_1101-LH_78
TLS;0710;+0200;1405;+0200;0;AF_7793-AF_1906
TLS;1245;+0200;1940;+0200;0;AF_6121-AF_2406
TLS;1515;+0200;2215;+0200;0;AF_6167-AF_1106
AMS;0650;+0200;0740;+0200;0;KL_1853
AMS;1055;+0200;1145;+0200;0;KL_1855
AMS;1310;+0200;1400;+0200;0;KL_1857
AMS;1650;+0200;1740;+0200;0;KL_1861
AMS;2135;+0200;2225;+0200;0;KL_1863
AMS;1655;+0200;1950;+0200;0;LH_3337-LH_2717
AMS;1055;+0200;1400;+0200;0;LH_989-LH_78
AMS;0700;+0200;1015;+0200;0;LH_2313-LH_2004
AMS;0705;+0200;1020;+0200;0;LX_737-LX_3634
AMS;0850;+0200;1210;+0200;0;LH_2301-LH_2008
AMS;1045;+0200;1405;+0200;0;AF_1341-AF_1906
AMS;1105;+0200;1425;+0200;0;LH_2303-LH_2010
AMS;1855;+0200;2215;+0200;0;AF_2041-AF_1106
AMS;1320;+0200;1650;+0200;0;LH_2305-LH_2014
AMS;1455;+0200;1830;+0200;0;LH_993-LH_84
AMS;1720;+0200;2055;+0200;0;LH_2307-LH_2022
AMS;0835;+0200;1215;+0200;0;LH_3335-LH_2709
AMS;0715;+0200;1100;+0200;0;AF_8227-AF_1606
AMS;1905;+0200;2250;+0200;0;LH_2309-LH_2026
AMS;1830;+0200;2220;+0200;0;LH_997-LH_88
AMS;1435;+0200;1830;+0200;0;KE_7604-KE_7621
AMS;0700;+0200;1100;+0200;0;OS_378-OS_7251
AMS;0705;+0200;1110;+0200;0;LH_1003-LH_76
AMS;0945;+0200;1350;+0200;0;LX_725-LX_1018
AMS;1230;+0200;1635;+0200;0;AF_8233-AF_2206
AMS;1320;+0200;1725;+0200;0;LH_991-LH_82
AMS;1140;+0200;1550;+0200;0;BA_431-BA_940
AMS;1140;+0200;1550;+0200;0;AA_6443-AA_6514
AMS;1455;+0200;1905;+0200;0;LX_729-LX_1026
AMS;0645;+0200;1100;+0200;0;AF_8223-AF_1606
AMS;0945;+0200;1400;+0200;0;LH_987-LH_78
AMS;1455;+0200;1910;+0200;0;AA_6505-AA_6450
AMS;1455;+0200;1910;+0200;0;BA_435-BA_944
AMS;1800;+0200;2215;+0200;0;AF_8241-AF_1106
AMS;1520;+0200;1940;+0200;0;AF_1741-AF_2406
AMS;1745;+0200;2205;+0200;0;OS_374-OS_7247
AMS;1455;+0200;1920;+0200;0;AA_6505-AA_6450
AMS;1730;+0200;2200;+0200;0;SK_1550-SK_629
FRA;0705;+0200;0750;+0200;0;LH_72
FRA;0850;+0200;0935;+0200;0;LH_74
FRA;1025;+0200;1110;+0200;0;LH_76
FRA;1025;+0200;1110;+0200;0;BD_3316
FRA;1315;+0200;1400;+0200;0;LH_78
FRA;1640;+0200;1725;+0200;0;LH_82
FRA;1640;+0200;1725;+0200;0;BD_3312
FRA;1745;+0200;1830;+0200;0;LH_84
FRA;1745;+0200;1830;+0200;0;NH_6065
FRA;1745;+0200;1830;+0200;0;BD_3310
FRA;1950;+0200;2035;+0200;0;BD_3314
FRA;1950;+0200;2035;+0200;0;LH_86
FRA;2135;+0200;2220;+0200;0;LH_88
FRA;2135;+0200;2220;+0200;0;AI_8851
FRA;0810;+0200;0914;+0200;0;QF_3941
FRA;0917;+0200;0937;+0200;0;QF_3941
FRA;1035;+0200;1310;+0200;0;LH_10-LH_2711
FRA;1340;+0200;1615;+0200;0;LH_14-LH_2713
FRA;1515;+0200;1750;+0200;0;LH_16-LH_2715
FRA;1855;+0200;2130;+0200;0;LH_24-LH_2719
FRA;0740;+0200;1020;+0200;0;LX_3601-LX_3634
FRA;1350;+0200;1630;+0200;0;LH_1192-LH_3137
FRA;1850;+0200;2130;+0200;0;LH_24-LH_2719
FRA;1920;+0200;2200;+0200;0;LH_120-LH_2024
FRA;1810;+0200;2055;+0200;0;LX_1075-LX_3638
FRA;1810;+0200;2055;+0200;0;LH_5776-LH_3141
FRA;0655;+0200;0945;+0200;0;LH_156-LH_2777
FRA;0700;+0200;0950;+0200;0;LH_2-LH_2705
FRA;1035;+0200;1325;+0200;0;LH_142-LH_2791
FRA;1700;+0200;1950;+0200;0;LH_20-LH_2717
FRA;0600;+0200;0855;+0200;0;LH_32-LH_2703
FRA;0655;+0200;0950;+0200;0;LH_2-LH_2705
FRA;0830;+0200;1125;+0200;0;AB_6554-AB_6441
FRA;0920;+0200;1215;+0200;0;LH_8-LH_2709
FRA;1525;+0200;1820;+0200;0;AB_6558-AB_6447
FRA;1715;+0200;2010;+0200;0;LH_116-LH_2020
FRA;0740;+0200;1040;+0200;0;LH_4-LH_2707
FRA;0825;+0200;1125;+0200;0;AB_6554-AB_6441
FRA;0735;+0200;1040;+0200;0;LH_4-LH_2707
FRA;0905;+0200;1210;+0200;0;LH_104-LH_2008
FRA;1350;+0200;1655;+0200;0;LX_3607-LX_3636
FRA;1855;+0200;2200;+0200;0;AB_6564-AB_6451
FRA;0650;+0200;1000;+0200;0;LH_170-LH_2731
FRA;0805;+0200;1115;+0200;0;LH_174-LH_2733
FRA;1050;+0200;1400;+0200;0;KL_1766-KL_1857
FRA;1530;+0200;1840;+0200;0;LH_186-LH_2741
FRA;1640;+0200;1950;+0200;0;LH_1196-LH_3139
FRA;1640;+0200;1950;+0200;0;LX_3609-LX_3640
FRA;1810;+0200;2120;+0200;0;LH_148-LH_2795
FRA;1815;+0200;2125;+0200;0;LH_212-LH_2775
FRA;0600;+0200;0915;+0200;0;LH_168-LH_2729
FRA;0800;+0200;1115;+0200;0;LH_126-LH_2753
FRA;1050;+0200;1405;+0200;0;AF_1519-AF_1906
FRA;1300;+0200;1615;+0200;0;LH_182-LH_2739
FRA;1335;+0200;1650;+0200;0;LH_110-LH_2014
FRA;1505;+0200;1820;+0200;0;LH_112-LH_2016
FRA;1720;+0200;2035;+0200;0;LH_164-LH_2783
FRA;1835;+0200;2150;+0200;0;LH_194-LH_2745
FRA;1910;+0200;2225;+0200;0;KL_1774-KL_1863
FRA;1625;+0200;1945;+0200;0;LH_188-LH_2743
FRA;1830;+0200;2150;+0200;0;LH_194-LH_2745
FRA;0650;+0200;1015;+0200;0;LH_98-LH_2004
FRA;1025;+0200;1350;+0200;0;LH_5772-LH_5795
FRA;1025;+0200;1350;+0200;0;LX_1071-LX_1018
FRA;1450;+0200;1815;+0200;0;SK_8574-SK_627
FRA;1450;+0200;1815;+0200;0;LH_828-LH_6215
FRA;1610;+0200;1935;+0200;0;LH_114-LH_2018
FRA;0845;+0200;1215;+0200;0;LH_1234-LH_3091
FRA;1215;+0200;1545;+0200;0;LH_108-LH_2012
FRA;1720;+0200;2050;+0200;0;LH_1242-LH_3095
FRA;1745;+0200;2115;+0200;0;LH_1400-LH_3055
FRA;1830;+0200;2200;+0200;0;LH_1198-LH_5799
FRA;1855;+0200;2225;+0200;0;AB_6564-AB_6451
FRA;1920;+0200;2250;+0200;0;LH_120-LH_2026
NTE;0650;+0200;1000;+0200;0;AF_5858-AF_5876
NTE;1810;+0200;2120;+0200;0;AF_5866-AF_5878
NTE;0720;+0200;1100;+0200;0;AF_7721-AF_1606
NTE;1305;+0200;1650;+0200;0;AF_5862-AF_5874
NTE;1005;+0200;1400;+0200;0;KL_2048-KL_1857
NTE;1830;+0200;2225;+0200;0;KL_2034-KL_1863
NTE;1710;+0200;2120;+0200;0;AF_5864-AF_5878
NTE;1800;+0200;2215;+0200;0;AF_7731-AF_1106
NTE;0655;+0200;1145;+0200;0;KL_2032-KL_1855
NTE;0755;+0200;1245;+0200;0;AF_7609-AF_4310
NTE;0755;+0200;1250;+0200;0;AF_7609-AF_4310
NTE;1125;+0200;1635;+0200;0;AF_7725-AF_2206
NTE;1425;+0200;1940;+0200;0;AF_7727-AF_2406
NTE;1110;+0200;1635;+0200;0;AF_7383-AF_2206
NTE;1120;+0200;1650;+0200;0;AF_7861-AF_3252
NTE;0640;+0200;1245;+0200;0;AF_5761-AF_4310
NTE;0640;+0200;1250;+0200;0;AF_5761-AF_4310
NTE;0725;+0200;1405;+0200;0;AF_7381-AF_1906
NTE;0720;+0200;1405;+0200;0;AF_7721-AF_1906
NTE;0655;+0200;1400;+0200;0;KL_2032-KL_1857
NTE;1005;+0200;1740;+0200;0;KL_2048-KL_1861
NTE;1425;+0200;2215;+0200;0;AF_7727-AF_1106
NTE;0840;+0200;1650;+0200;0;AF_5860-AF_5874
NTE;1125;+0200;1940;+0200;0;AF_7725-AF_2406
NTE;1305;+0200;2120;+0200;0;AF_5862-AF_5878
NTE;1110;+0200;1940;+0200;0;AF_7383-AF_2406
NTE;1120;+0200;1635;+0200;0;AF_7861-AF_7785-AF_2206
NTE;0840;+0200;1405;+0200;0;AF_5860-AF_7641-AF_1906
NTE;1125;+0200;1650;+0200;0;AF_7725-AF_7644-AF_5874
NTE;1410;+0200;1940;+0200;0;AF_3206-AF_7629-AF_2406
NTE;0755;+0200;1405;+0200;0;AF_3202-AF_7625-AF_1906
NTE;1125;+0200;1740;+0200;0;KL_2311-KL_1234-KL_1861
NTE;1540;+0200;2215;+0200;0;AF_5651-AF_7789-AF_1106
NTE;0720;+0200;1400;+0200;0;KL_2309-KL_1230-KL_1857
NTE;0720;+0200;1400;+0200;0;KL_2309-KL_1228-KL_1857
NTE;1255;+0200;1940;+0200;0;AF_7611-AF_7667-AF_2406
NTE;0650;+0200;1405;+0200;0;AF_5858-AF_7653-AF_1906
NTE;0650;+0200;1405;+0200;0;AF_5858-AF_7641-AF_1906
NTE;0640;+0200;1405;+0200;0;AF_5657-AF_6153-AF_1906
NTE;0840;+0200;1635;+0200;0;AF_5860-AF_7641-AF_2206
NTE;0840;+0200;1635;+0200;0;AF_5860-AF_7417-AF_2206
NTE;1140;+0200;1940;+0200;0;AF_7691-AF_7667-AF_2406
NTE;1425;+0200;2225;+0200;0;KL_2313-KL_1244-KL_1863
NTE;1425;+0200;2225;+0200;0;KL_2313-KL_2016-KL_1863
NTE;1425;+0200;2225;+0200;0;KL_2313-KL_2022-KL_1863
NTE;1410;+0200;2215;+0200;0;AF_3206-AF_7629-AF_1106
NTE;1410;+0200;2215;+0200;0;AF_3206-AF_6267-AF_1106
NTE;1410;+0200;2215;+0200;0;AF_3206-AF_7637-AF_1106
NTE;1120;+0200;1940;+0200;0;AF_7861-AF_7787-AF_2406
NTE;1120;+0200;1940;+0200;0;AF_7861-AF_7785-AF_2406
NTE;1120;+0200;1940;+0200;0;AF_7861-AF_6123-AF_2406
NTE;1120;+0200;1940;+0200;0;AF_7861-AF_6121-AF_2406
NTE;0755;+0200;1635;+0200;0;AF_3202-AF_6281-AF_2206
NTE;0755;+0200;1635;+0200;0;AF_7609-AF_7663-AF_2206
NTE;0755;+0200;1635;+0200;0;AF_3202-AF_6261-AF_2206
NTE;0755;+0200;1635;+0200;0;AF_3202-AF_6259-AF_2206
NTE;0755;+0200;1635;+0200;0;AF_3202-AF_7625-AF_2206
NTE;1040;+0200;1940;+0200;0;AF_5767-AF_7667-AF_2406
NTE;1040;+0200;1940;+0200;0;AF_5767-AF_7665-AF_2406
BRU;0840;+0200;1115;+0200;0;LH_3355-LH_2753
BRU;1125;+0200;1400;+0200;0;KL_1724-KL_1857
BRU;0655;+0200;0935;+0200;0;LH_1025-LH_74
BRU;0830;+0200;1110;+0200;0;LH_1005-LH_76
BRU;1440;+0200;1725;+0200;0;LH_1013-LH_82
BRU;1110;+0200;1400;+0200;0;LH_1009-LH_78
BRU;1740;+0200;2035;+0200;0;LH_1015-LH_86
BRU;1905;+0200;2200;+0200;0;TG_7855-TG_7832
BRU;1100;+0200;1400;+0200;0;LH_1009-LH_78
BRU;1245;+0200;1545;+0200;0;LH_2287-LH_2012
BRU;1440;+0200;1740;+0200;0;KL_1726-KL_1861
BRU;1920;+0200;2220;+0200;0;LH_1019-LH_88
BRU;0705;+0200;1020;+0200;0;LX_771-LX_3634
BRU;1155;+0200;1510;+0200;0;LH_5573-LH_2737
BRU;1155;+0200;1510;+0200;0;BD_5333-BD_3487
BRU;1105;+0200;1425;+0200;0;LH_2285-LH_2010
BRU;1430;+0200;1750;+0200;0;BD_5395-BD_2973
BRU;1430;+0200;1750;+0200;0;LH_5583-LH_2715
BRU;1500;+0200;1820;+0200;0;LH_2289-LH_2016
BRU;1630;+0200;1950;+0200;0;LH_5579-LH_2717
BRU;0635;+0200;1000;+0200;0;AF_5401-AF_5876
BRU;0820;+0200;1145;+0200;0;KL_1722-KL_1855
BRU;0845;+0200;1210;+0200;0;LH_2283-LH_2008
BRU;1755;+0200;2120;+0200;0;AF_5405-AF_5878
BRU;1840;+0200;2205;+0200;0;LX_783-LX_1028
BRU;0645;+0200;1015;+0200;0;LH_2297-LH_2004
BRU;0940;+0200;1310;+0200;0;LH_5581-LH_2711
BRU;1320;+0200;1650;+0200;0;AF_5403-AF_5874
BRU;0935;+0200;1310;+0200;0;BD_5287-BD_3601
BRU;0935;+0200;1310;+0200;0;LH_5581-LH_2711
BRU;1505;+0200;1840;+0200;0;LH_5565-LH_2741
BRU;1210;+0200;1550;+0200;0;AA_6399-AA_6514
BRU;1210;+0200;1550;+0200;0;BA_393-BA_940
BRU;1610;+0200;1950;+0200;0;LH_5579-LH_2717
BRU;1715;+0200;2055;+0200;0;LH_2291-LH_2022
BRU;1021;+0200;1405;+0200;0;AF_7184-AF_1906
BRU;1525;+0200;1910;+0200;0;BA_395-BA_944
BRU;1525;+0200;1910;+0200;0;AA_6428-AA_6450
BRU;1905;+0200;2250;+0200;0;LH_2293-LH_2026
BRU;0640;+0200;1030;+0200;0;LH_5692-LH_3177
BRU;0710;+0200;1100;+0200;0;AF_7182-AF_1606
BRU;1440;+0200;1830;+0200;0;LH_1013-LH_84
BRU;1830;+0200;2220;+0200;0;LH_1017-LH_88
BRU;0705;+0200;1100;+0200;0;OS_8172-OS_7251
BRU;1525;+0200;1920;+0200;0;AA_6428-AA_6450
BRU;1745;+0200;2140;+0200;0;OS_354-OS_7247
BRU;0950;+0200;1350;+0200;0;LX_787-LX_1018
BRU;1325;+0200;1725;+0200;0;LH_1011-LH_82
BRU;1435;+0200;1835;+0200;0;BA_8228-BA_8203
BRU;1535;+0200;1935;+0200;0;BD_5289-BD_3603
BRU;1720;+0200;2120;+0200;0;JL_7704-JL_7701
BRU;1720;+0200;2120;+0200;0;BA_397-BA_946
BRU;1825;+0200;2225;+0200;0;KL_1732-KL_1863
BRU;1245;+0200;1650;+0200;0;LH_2287-LH_2014
BRU;1500;+0200;1905;+0200;0;LX_781-LX_1026
BRU;1535;+0200;1940;+0200;0;BD_5289-BD_3603
BRU;0655;+0200;1110;+0200;0;LH_1025-LH_76
BRU;1218;+0200;1635;+0200;0;AF_7192-AF_2206
BRU;0935;+0200;1355;+0200;0;BD_5287-BD_3601
BRU;1155;+0200;1615;+0200;0;BD_5333-BD_3495
BRU;1155;+0200;1615;+0200;0;LH_5573-LH_2739
BRU;1745;+0200;2205;+0200;0;OS_354-OS_7247
BRU;0650;+0200;1115;+0200;0;LH_5561-LH_2733
BRU;1730;+0200;2200;+0200;0;SK_1594-SK_629
BRU;1000;+0200;1435;+0200;0;BD_5433-BD_3243
BRU;1000;+0200;1435;+0200;0;LH_5594-LH_3383
BRU;1500;+0200;1935;+0200;0;LH_2289-LH_2018
BRU;1645;+0200;2120;+0200;0;LH_3359-LH_2759
BRU;0725;+0200;1205;+0200;0;BA_389-BA_938
BRU;0725;+0200;1205;+0200;0;QF_3390-QF_3445
BRU;0920;+0200;1400;+0200;0;LH_1007-LH_78
BRU;1105;+0200;1545;+0200;0;LH_2285-LH_2012
BRU;1505;+0200;1945;+0200;0;LH_5565-LH_2743
BRU;1505;+0200;1945;+0200;0;BD_5325-BD_3503
BRU;1700;+0200;2140;+0200;0;LH_5698-LH_3185
BRU;1740;+0200;2220;+0200;0;LH_1015-LH_88
BRU;1040;+0200;1525;+0200;0;SK_594-SK_1621
BRU;1705;+0200;2150;+0200;0;LH_5567-LH_2745
BRU;1715;+0200;2200;+0200;0;LH_2291-LH_2024
SXB;0650;+0200;1000;+0200;0;AF_5785-AF_5876
SXB;1800;+0200;2120;+0200;0;AF_5783-AF_5878
SXB;1850;+0200;2215;+0200;0;AF_7767-AF_1106
SXB;0725;+0200;1100;+0200;0;AF_7761-AF_1606
SXB;1010;+0200;1400;+0200;0;KL_2042-KL_1857
SXB;1820;+0200;2225;+0200;0;KL_2044-KL_1863
SXB;1455;+0200;1940;+0200;0;AF_7771-AF_2406
SXB;0615;+0200;1110;+0200;0;LH_387-LH_76
SXB;0650;+0200;1145;+0200;0;KL_2046-KL_1855
SXB;0415;+0200;0935;+0200;0;LH_385-LH_74
SXB;1115;+0200;1635;+0200;0;AF_7763-AF_2206
SXB;1700;+0200;2220;+0200;0;LH_395-LH_88
SXB;1200;+0200;1725;+0200;0;LH_391-LH_82
SXB;0815;+0200;1400;+0200;0;LH_389-LH_78
SXB;0655;+0200;1245;+0200;0;AF_5462-AF_4310
SXB;1045;+0200;1635;+0200;0;AF_7307-AF_2206
SXB;0655;+0200;1250;+0200;0;AF_5462-AF_4310
SXB;1415;+0200;2035;+0200;0;LH_393-LH_86
SXB;1200;+0200;1830;+0200;0;LH_391-LH_84
SXB;1115;+0200;1650;+0200;0;AF_7763-AF_7644-AF_5874
SXB;1045;+0200;1650;+0200;0;AF_7307-AF_7414-AF_5874