BCN;1130;+0200;1620;+0300;0;JK_323
BCN;1130;+0200;1620;+0300;0;KF_5802
BCN;1000;+0200;1455;+0300;0;AY_3506
BCN;1000;+0200;1455;+0300;0;IB_7439
BCN;0615;+0200;1220;+0300;0;LH_1819-LH_2462
BCN;1910;+0200;0115;+0300;1;JK_37-JK_9669
BCN;1200;+0200;1810;+0300;0;LH_1811-LH_2464
BCN;1910;+0200;0120;+0300;1;KF_5808-KF_628
BCN;1910;+0200;0120;+0300;1;SK_9951-SK_6544
BCN;1910;+0200;0120;+0300;1;JK_37-JK_9669
BCN;1755;+0200;0015;+0300;1;AB_8793-AB_8310
BCN;1115;+0200;1750;+0300;0;SK_9973-SK_712
BCN;1650;+0200;2325;+0300;0;SN_3704-SN_6755
BCN;1850;+0200;0130;+0300;1;LH_1133-LH_854
BCN;0625;+0200;1310;+0300;0;KL_1662-KL_1167
BCN;0630;+0200;1320;+0300;0;KF_5732-KF_32
BCN;0630;+0200;1320;+0300;0;SN_3708-SN_6751
BCN;1350;+0200;2040;+0300;0;BT_682-BT_327
BCN;1040;+0200;1740;+0300;0;UA_9310-UA_9022
BCN;1555;+0200;2255;+0300;0;AF_1649-AF_1798
BCN;1605;+0200;2305;+0300;0;BD_3451-BD_3122
BCN;1605;+0200;2305;+0300;0;LH_1129-LH_852
BCN;0700;+0200;1405;+0300;0;UA_9317-UA_8735
BCN;0945;+0200;1655;+0300;0;LX_1953-LX_4790
BCN;1030;+0200;1740;+0300;0;UA_9310-UA_9022
BCN;0635;+0200;1350;+0300;0;OS_396-OS_345
BCN;0650;+0200;1405;+0300;0;LH_1139-LH_848
BCN;0650;+0200;1405;+0300;0;UA_9317-UA_8735
BCN;0735;+0200;1450;+0300;0;AF_2149-AF_2298
BCN;1040;+0200;1800;+0300;0;UA_9310-UA_9022
BCN;1040;+0200;1800;+0300;0;LH_1125-LH_850
BCN;1030;+0200;1800;+0300;0;UA_9310-UA_9022
BCN;1115;+0200;1850;+0300;0;SK_9973-SK_1710
BCN;1030;+0200;1810;+0300;0;LH_6723-LH_2464
BCN;1325;+0200;2105;+0300;0;AA_6296-AA_6054
BCN;1325;+0200;2105;+0300;0;BA_485-BA_6080
BCN;1515;+0200;2300;+0300;0;AA_6262-AA_6050
BCN;1110;+0200;1905;+0300;0;SK_9919-SK_708
BCN;1620;+0200;0015;+0300;1;KL_1674-KL_1171
BCN;0650;+0200;1450;+0300;0;AF_2349-AF_2298
BCN;0715;+0200;1515;+0300;0;BA_477-BA_6032
BCN;0715;+0200;1515;+0300;0;AA_6289-AA_6048
BCN;1025;+0200;1825;+0300;0;IB_5668-IB_7414
BCN;1315;+0200;2115;+0300;0;SK_4686-SK_6590
BCN;0725;+0200;1530;+0300;0;IB_2701-IB_7426
BCN;0755;+0200;1600;+0300;0;OK_691-OK_480
BCN;0755;+0200;1600;+0300;0;KE_7672-KE_7639
BCN;1520;+0200;2325;+0300;0;KF_5734-KF_34
BCN;0720;+0200;1530;+0300;0;IB_6793-IB_7426
BCN;1440;+0200;2300;+0300;0;BA_489-BA_6034
BCN;1515;+0200;2335;+0300;0;AA_6262-AA_6463
BCN;0655;+0200;1530;+0300;0;IB_2747-IB_7426
BCN;0720;+0200;1600;+0300;0;KE_7672-KE_7639
BCN;0735;+0200;1615;+0300;0;AF_2149-AF_1498
BCN;1420;+0200;2300;+0300;0;LH_1813-LH_2466
BCN;1445;+0200;2325;+0300;0;LX_1955-LX_4792
BCN;1025;+0200;1915;+0300;0;AF_1149-AF_1098
BCN;1025;+0200;1920;+0300;0;AF_1149-AF_1098
BCN;1110;+0200;2005;+0300;0;SK_9919-SK_6424
BCN;1115;+0200;2010;+0300;0;SK_9973-SK_6541
BCN;1440;+0200;2335;+0300;0;BA_489-BA_798
BCN;0810;+0200;1710;+0300;0;KL_1664-KL_1169
BCN;0650;+0200;1615;+0300;0;AF_2349-AF_1498
BCN;1140;+0200;2105;+0300;0;AA_6286-AA_6054
BCN;1140;+0200;2105;+0300;0;BA_479-BA_6080
BCN;1140;+0200;2105;+0300;0;BA_473-BA_6080
BCN;1140;+0200;2105;+0300;0;AA_6291-AA_6054
BCN;1605;+0200;0130;+0300;1;BD_3451-BD_3124
BCN;1605;+0200;0130;+0300;1;LH_1129-LH_854
BCN;0810;+0200;1740;+0300;0;UA_9304-UA_9022
BCN;1325;+0200;2300;+0300;0;BA_485-BA_6034
BCN;1325;+0200;2300;+0300;0;AA_6296-AA_6050
BCN;0715;+0200;1700;+0300;0;BA_477-BA_794
BCN;0930;+0200;1915;+0300;0;AF_1031-AF_1098
BCN;1315;+0200;2300;+0300;0;BA_8472-BA_6034
BCN;0715;+0200;1705;+0300;0;AA_6289-AA_6538
BCN;0810;+0200;1800;+0300;0;LH_1137-LH_850
BCN;0810;+0200;1800;+0300;0;UA_9304-UA_9022
BCN;0930;+0200;1920;+0300;0;AF_1031-AF_1098
BCN;0815;+0200;1810;+0300;0;LH_1817-LH_2464
BCN;1345;+0200;2340;+0300;0;OS_398-OS_347
BCN;1255;+0200;2255;+0300;0;AF_1349-AF_1798
BCN;1100;+0200;2105;+0300;0;BA_479-BA_6080
BCN;1325;+0200;2335;+0300;0;AA_6296-AA_6463
BCN;1325;+0200;2335;+0300;0;BA_485-BA_798
LON;1605;+0100;1930;+0300;0;6X_798
LON;0730;+0100;1220;+0300;0;AY_3126
LON;0730;+0100;1220;+0300;0;BA_6036
LON;0730;+0100;1225;+0300;0;6X_9500
LON;1020;+0100;1515;+0300;0;BA_6032
LON;1020;+0100;1515;+0300;0;AA_6048
LON;1020;+0100;1515;+0300;0;AY_832
LON;1020;+0100;1515;+0300;0;7X_604
LON;1020;+0100;1515;+0300;0;6X_3615
LON;1205;+0100;1700;+0300;0;BA_794
LON;1210;+0100;1705;+0300;0;AA_6538
LON;1335;+0100;1830;+0300;0;6X_7818
LON;1610;+0100;2105;+0300;0;AA_6054
LON;1610;+0100;2105;+0300;0;6X_3619
LON;1610;+0100;2105;+0300;0;7X_605
LON;1610;+0100;2105;+0300;0;BA_6080
LON;1610;+0100;2105;+0300;0;AY_840
LON;1805;+0100;2300;+0300;0;AA_6050
LON;1805;+0100;2300;+0300;0;AY_834
LON;1805;+0100;2300;+0300;0;BA_6034
LON;1840;+0100;2335;+0300;0;AA_6463
LON;1840;+0100;2335;+0300;0;BA_798
LON;1350;+0100;2005;+0300;0;SK_532-SK_6424
LON;1310;+0100;1930;+0300;0;BT_652-BT_339
LON;1840;+0100;0105;+0300;1;BT_654-BT_329
LON;1310;+0100;1940;+0300;0;BT_652-BT_325
LON;1555;+0100;2230;+0300;0;BA_2908-BA_6008
LON;0630;+0100;1310;+0300;0;KL_1000-KL_1167
LON;0715;+0100;1355;+0300;0;SK_1530-SK_6428
LON;0715;+0100;1405;+0300;0;LH_923-LH_848
LON;1535;+0100;2230;+0300;0;BA_1396-BA_6008
LON;1600;+0100;2255;+0300;0;AF_2281-AF_1798
LON;0950;+0100;1650;+0300;0;SK_502-SK_6694
LON;1620;+0100;2320;+0300;0;6X_782-6X_6008
LON;1105;+0100;1810;+0300;0;LH_2473-LH_2464
LON;1215;+0100;1920;+0300;0;6X_312-6X_3618
LON;1710;+0100;0015;+0300;1;KL_1022-KL_1171
LON;0735;+0100;1450;+0300;0;AF_1081-AF_2298
LON;0955;+0100;1710;+0300;0;KL_1008-KL_1169
LON;1800;+0100;0120;+0300;1;SK_1516-SK_6544
LON;1805;+0100;0130;+0300;1;BD_3235-BD_3124
LON;1805;+0100;0130;+0300;1;LH_915-LH_854
LON;0745;+0100;1515;+0300;0;BA_1384-BA_6004
LON;1310;+0100;2040;+0300;0;BT_652-BT_327
LON;1525;+0100;2300;+0300;0;LH_2477-LH_2466
LON;0625;+0100;1405;+0300;0;LH_921-LH_848
LON;0710;+0100;1450;+0300;0;AF_1081-AF_2298
LON;1525;+0100;2305;+0300;0;LH_909-LH_852
LON;1525;+0100;2305;+0300;0;BD_3209-BD_3122
LON;0600;+0100;1350;+0300;0;OS_8928-OS_345
LON;1740;+0100;0130;+0300;1;LH_899-LH_854
LON;1130;+0100;1925;+0300;0;BA_778-BA_6054
LON;0950;+0100;1750;+0300;0;SK_502-SK_712
LON;0950;+0100;1750;+0300;0;BD_3702-BD_3884
LON;0950;+0100;1750;+0300;0;UA_6926-UA_6927
LON;0710;+0100;1515;+0300;0;BA_2902-BA_6004
LON;1535;+0100;2340;+0300;0;OS_462-OS_347
LON;1610;+0100;0015;+0300;1;KL_1020-KL_1171
LON;0640;+0100;1450;+0300;0;AF_1381-AF_2298
LON;0950;+0100;1800;+0300;0;LH_897-LH_850
LON;0950;+0100;1800;+0300;0;LH_903-LH_850
LON;1305;+0100;2115;+0300;0;SK_806-SK_6590
LON;0840;+0100;1655;+0300;0;LX_317-LX_4790
LON;1710;+0100;0130;+0300;1;LH_911-LH_854
LON;1305;+0100;2130;+0300;0;BA_766-BA_6078
LON;1705;+0100;0130;+0300;1;BD_3233-BD_3124
LON;1705;+0100;0130;+0300;1;LH_911-LH_854
LON;0715;+0100;1545;+0300;0;SK_1530-SK_704
LON;0825;+0100;1655;+0300;0;LX_451-LX_4790
LON;0840;+0100;1710;+0300;0;KL_1002-KL_1169
LON;0910;+0100;1740;+0300;0;UA_9548-UA_9022
LON;1035;+0100;1905;+0300;0;SK_526-SK_708
LON;1650;+0100;0120;+0300;1;SK_506-SK_6544
LON;0935;+0100;1810;+0300;0;LH_2471-LH_2464
LON;1655;+0100;0130;+0300;1;BD_3469-BD_3124
LON;1655;+0100;0130;+0300;1;LH_935-LH_854
LON;0735;+0100;1615;+0300;0;AF_1081-AF_1498
LON;1405;+0100;2245;+0300;0;BD_3704-BD_3883
LON;1405;+0100;2245;+0300;0;SK_504-SK_714
LON;0630;+0100;1515;+0300;0;BA_1382-BA_6004
PAR;0740;+0200;1130;+0300;0;AF_1298
PAR;0740;+0200;1130;+0300;0;AY_3678
PAR;1525;+0200;1915;+0300;0;AF_1098
PAR;1525;+0200;1915;+0300;0;AY_876
PAR;1115;+0200;1510;+0300;0;KF_22
PAR;1115;+0200;1510;+0300;0;SK_6526
PAR;1220;+0200;1615;+0300;0;AA_6059
PAR;1220;+0200;1615;+0300;0;AY_880
PAR;1220;+0200;1615;+0300;0;AF_1498
PAR;1525;+0200;1920;+0300;0;6X_3618
PAR;1525;+0200;1920;+0300;0;AF_1098
PAR;1900;+0200;2255;+0300;0;AF_1798
PAR;1930;+0200;2325;+0300;0;SK_6528
PAR;1930;+0200;2325;+0300;0;KF_24
PAR;1050;+0200;1450;+0300;0;AA_6056
PAR;1050;+0200;1450;+0300;0;AY_872
PAR;1050;+0200;1450;+0300;0;AF_2298
PAR;1900;+0200;2300;+0300;0;AY_874
PAR;1445;+0200;1930;+0300;0;6X_3864-6X_798
PAR;1040;+0200;1545;+0300;0;SK_574-SK_704
PAR;1400;+0200;1905;+0300;0;SK_2572-SK_708
PAR;0700;+0200;1210;+0300;0;SK_1568-SK_1712
PAR;0700;+0200;1210;+0300;0;UA_6910-UA_6929
PAR;1950;+0200;0105;+0300;1;BT_698-BT_329
PAR;0935;+0200;1455;+0300;0;JL_5713-JL_7802
PAR;0950;+0200;1510;+0300;0;JL_5715-JL_7810
PAR;1410;+0200;1930;+0300;0;BT_692-BT_339
PAR;1745;+0200;2305;+0300;0;LH_1041-LH_852
PAR;0815;+0200;1345;+0300;0;JL_5711-JL_7816
PAR;1140;+0200;1710;+0300;0;KL_2008-KL_1169
PAR;1410;+0200;1940;+0300;0;BT_692-BT_325
PAR;0700;+0200;1235;+0300;0;LH_3227-LH_2970
PAR;0700;+0200;1240;+0300;0;SK_1568-SK_6546
PAR;1110;+0200;1650;+0300;0;SK_566-SK_6694
PAR;0725;+0200;1310;+0300;0;KL_2002-KL_1167
PAR;0625;+0200;1215;+0300;0;LH_1053-LH_846
PAR;1825;+0200;0015;+0300;1;KL_2022-KL_1171
PAR;0955;+0200;1550;+0300;0;JL_5707-JL_7814
PAR;1100;+0200;1655;+0300;0;LX_635-LX_4790
PAR;1140;+0200;1740;+0300;0;UA_9073-UA_9022
PAR;1700;+0200;2300;+0300;0;LH_2233-LH_2466
PAR;0800;+0200;1405;+0300;0;UA_9516-UA_8735
PAR;0800;+0200;1405;+0300;0;LH_1051-LH_848
PAR;0955;+0200;1600;+0300;0;OK_759-OK_480
PAR;1400;+0200;2005;+0300;0;SK_2572-SK_6424
PAR;0935;+0200;1545;+0300;0;JL_5717-JL_7820
PAR;0950;+0200;1600;+0300;0;OK_759-OK_480
PAR;0950;+0200;1600;+0300;0;JL_5703-JL_7804
PAR;1130;+0200;1740;+0300;0;UA_9073-UA_9022
PAR;1725;+0200;2340;+0300;0;OS_7118-OS_347
PAR;1140;+0200;1800;+0300;0;LH_1031-LH_850
PAR;1140;+0200;1800;+0300;0;UA_9073-UA_9022
PAR;1445;+0200;2105;+0300;0;6X_3864-6X_3619
PAR;1130;+0200;1800;+0300;0;UA_9073-UA_9022
PAR;1410;+0200;2040;+0300;0;BT_692-BT_327
PAR;1900;+0200;0130;+0300;1;LH_1043-LH_854
PAR;0715;+0200;1350;+0300;0;OS_7112-OS_345
PAR;1110;+0200;1750;+0300;0;UA_6908-UA_6927
PAR;1110;+0200;1750;+0300;0;SK_566-SK_712
PAR;0630;+0200;1315;+0300;0;UA_9067-UA_8735
PAR;1650;+0200;2335;+0300;0;BA_319-BA_798
PAR;0625;+0200;1315;+0300;0;UA_9067-UA_8735
PAR;1020;+0200;1710;+0300;0;KL_1230-KL_1169
PAR;1050;+0200;1740;+0300;0;UA_9069-UA_9022
PAR;1645;+0200;2335;+0300;0;AA_6480-AA_6463
PAR;1650;+0200;2340;+0300;0;OS_416-OS_347
PAR;0815;+0200;1515;+0300;0;BA_331-BA_6032
PAR;1040;+0200;1740;+0300;0;UA_9069-UA_9022
PAR;1130;+0200;1830;+0300;0;6X_7726-6X_7818
PAR;0810;+0200;1515;+0300;0;AA_6228-AA_6048
PAR;0950;+0200;1655;+0300;0;LX_633-LX_4790
PAR;1105;+0200;1810;+0300;0;LH_2229-LH_2464
PAR;1050;+0200;1800;+0300;0;UA_9069-UA_9022
PAR;1050;+0200;1800;+0300;0;LH_1029-LH_850
PAR;1405;+0200;2115;+0300;0;SK_834-SK_6590
PAR;1350;+0200;2105;+0300;0;AA_6555-AA_6054
PAR;1350;+0200;2105;+0300;0;BA_315-BA_6080
PAR;1545;+0200;2300;+0300;0;AA_6230-AA_6050
PAR;1040;+0200;1800;+0300;0;UA_9069-UA_9022
PAR;1800;+0200;0120;+0300;1;SK_1560-SK_6544
PAR;1200;+0200;1925;+0300;0;LO_332-LO_471
PAR;0745;+0200;1515;+0300;0;7X_3403-7X_604
PAR;0745;+0200;1515;+0300;0;6X_303-6X_3615
PAR;1200;+0200;1930;+0300;0;6X_3626-6X_798
PAR;1530;+0200;2300;+0300;0;BA_335-BA_6034
PAR;0630;+0200;1405;+0300;0;UA_9067-UA_8735
PAR;0725;+0200;1500;+0300;0;PS_9262-PS_621
PAR;0935;+0200;1710;+0300;0;KL_1228-KL_1169
PAR;1530;+0200;2305;+0300;0;LH_1037-LH_852
PAR;0625;+0200;1405;+0300;0;LH_1053-LH_848
PAR;0625;+0200;1405;+0300;0;UA_9067-UA_8735
PAR;0735;+0200;1515;+0300;0;AA_6557-AA_6048
PAR;0735;+0200;1515;+0300;0;BA_303-BA_6032
PAR;1110;+0200;1850;+0300;0;SK_566-SK_1710
PAR;0730;+0200;1515;+0300;0;6X_9806-6X_3615
PAR;1145;+0200;1930;+0300;0;6X_7824-6X_798
PAR;1745;+0200;0130;+0300;1;LH_1041-LH_854
PAR;1245;+0200;2035;+0300;0;MA_551-MA_748
PAR;1545;+0200;2335;+0300;0;AA_6230-AA_6463
PAR;1110;+0200;1905;+0300;0;SK_574-SK_708
PAR;1620;+0200;0015;+0300;1;KL_2016-KL_1171
PAR;1130;+0200;1930;+0300;0;6X_7726-6X_798
PAR;1530;+0200;2335;+0300;0;BA_335-BA_798
PAR;1535;+0200;2340;+0300;0;OS_7114-OS_347
PAR;0725;+0200;1535;+0300;0;PS_9262-PS_621
PAR;0900;+0200;1710;+0300;0;KL_1224-KL_1169
ROM;1945;+0200;0005;+0300;1;AY_784
ROM;1120;+0200;1545;+0300;0;AY_782
ROM;1720;+0200;2300;+0300;0;LH_1847-LH_2466
ROM;1345;+0200;1930;+0300;0;BT_632-BT_339
ROM;1345;+0200;1940;+0300;0;BT_632-BT_325
ROM;1210;+0200;1810;+0300;0;LH_1843-LH_2464
ROM;1810;+0200;0015;+0300;1;AB_8271-AB_8310
ROM;1920;+0200;0130;+0300;1;BD_3609-BD_3124
ROM;1920;+0200;0130;+0300;1;LH_239-LH_854
ROM;0630;+0200;1315;+0300;0;UA_8805-UA_8735
ROM;0620;+0200;1310;+0300;0;AZ_7710-AZ_3808
ROM;0620;+0200;1310;+0300;0;KL_1596-KL_1167
ROM;1635;+0200;2325;+0300;0;KF_5724-KF_34
ROM;1635;+0200;2325;+0300;0;SN_3182-SN_6755
ROM;1725;+0200;0015;+0300;1;KL_1604-KL_1171
ROM;1725;+0200;0015;+0300;1;AZ_7728-AZ_3896
ROM;0620;+0200;1315;+0300;0;UA_8805-UA_8735
ROM;1345;+0200;2040;+0300;0;BT_632-BT_327
ROM;0650;+0200;1355;+0300;0;SK_8951-SK_6428
ROM;1825;+0200;0130;+0300;1;LH_237-LH_854
ROM;1825;+0200;0130;+0300;1;BD_3597-BD_3124
ROM;0855;+0200;1615;+0300;0;AF_9833-AF_1498
ROM;0935;+0200;1655;+0300;0;LX_1727-LX_4790
ROM;1535;+0200;2255;+0300;0;AF_9845-AF_1798
ROM;0720;+0200;1450;+0300;0;AF_2305-AF_2298
ROM;1010;+0200;1740;+0300;0;UA_8801-UA_9022
ROM;0630;+0200;1405;+0300;0;UA_8805-UA_8735
ROM;0620;+0200;1405;+0300;0;UA_8805-UA_8735
ROM;0620;+0200;1405;+0300;0;LH_243-LH_848
ROM;0700;+0200;1450;+0300;0;AF_9831-AF_2298
ROM;1010;+0200;1800;+0300;0;LH_231-LH_850
ROM;1010;+0200;1800;+0300;0;UA_8801-UA_9022
ROM;1450;+0200;2245;+0300;0;SK_682-SK_714
ROM;1455;+0200;2305;+0300;0;LH_235-LH_852
ROM;1455;+0200;2305;+0300;0;BD_3607-BD_3122
ROM;1455;+0200;2305;+0300;0;NH_6122-NH_6173
ROM;0745;+0200;1600;+0300;0;OK_727-OK_480
ROM;0855;+0200;1710;+0300;0;AZ_108-AZ_3810
ROM;0855;+0200;1710;+0300;0;KL_3400-KL_1169
ROM;1520;+0200;2335;+0300;0;BA_547-BA_798
ROM;1520;+0200;2335;+0300;0;AA_6516-AA_6463
ROM;1430;+0200;2255;+0300;0;AF_9839-AF_1798
ROM;1450;+0200;2325;+0300;0;LX_1737-LX_4792
ROM;1420;+0200;2300;+0300;0;LH_1845-LH_2466
ROM;0815;+0200;1700;+0300;0;BA_551-BA_794
ROM;0810;+0200;1700;+0300;0;BA_551-BA_794
ROM;0650;+0200;1545;+0300;0;SK_8951-SK_704
ROM;0720;+0200;1615;+0300;0;AF_2305-AF_1498
ROM;0810;+0200;1705;+0300;0;AA_6512-AA_6538
ROM;1020;+0200;1915;+0300;0;AF_1205-AF_1098
ROM;1020;+0200;1920;+0300;0;AF_1205-AF_1098
ROM;0700;+0200;1615;+0300;0;AF_9831-AF_1498
ROM;1500;+0200;0015;+0300;1;AZ_132-AZ_3896
ROM;1500;+0200;0015;+0300;1;KL_3404-KL_1171
ROM;1145;+0200;2105;+0300;0;BA_553-BA_6080
ROM;1145;+0200;2105;+0300;0;AA_6516-AA_6054
ROM;1335;+0200;2300;+0300;0;BA_549-BA_6034
ROM;1335;+0200;2300;+0300;0;AA_6511-AA_6050
ROM;0840;+0200;1810;+0300;0;LH_1841-LH_2464
ROM;1125;+0200;2105;+0300;0;BA_2543-BA_6080
ROM;1320;+0200;2305;+0300;0;BD_3593-BD_3122
ROM;1320;+0200;2305;+0300;0;LH_233-LH_852
ROM;1300;+0200;2255;+0300;0;AF_1505-AF_1798
ROM;1335;+0200;2335;+0300;0;AA_6511-AA_6463
ROM;1335;+0200;2335;+0300;0;BA_549-BA_798
ROM;0650;+0200;1655;+0300;0;LX_1735-LX_4790
ROM;0855;+0200;1915;+0300;0;AF_9833-AF_1098
ROM;0855;+0200;1920;+0300;0;AF_9833-AF_1098
ROM;1450;+0200;0120;+0300;1;SK_682-SK_6544
ROM;1000;+0200;2035;+0300;0;MA_401-MA_748
ROM;1455;+0200;0130;+0300;1;BD_3607-BD_3124
ROM;1455;+0200;0130;+0300;1;LH_235-LH_854
ROM;1335;+0200;0015;+0300;1;KL_3402-KL_1171
ROM;1335;+0200;0015;+0300;1;AZ_110-AZ_3896
BER;1155;+0200;1445;+0300;0;JL_7812
BER;1210;+0200;1500;+0300;0;AY_912
BER;1455;+0200;1745;+0300;0;AB_8308
BER;1910;+0200;2200;+0300;0;AY_918
BER;2125;+0200;0015;+0300;1;AB_8310
BER;1545;+0200;2010;+0300;0;SK_680-SK_6541
BER;2055;+0200;0120;+0300;1;SK_1678-SK_6544
BER;1405;+0200;1850;+0300;0;SK_1676-SK_1710
BER;1255;+0200;1810;+0300;0;LH_2037-LH_2464
BER;0655;+0200;1215;+0300;0;LH_173-LH_846
BER;1520;+0200;2040;+0300;0;BT_220-BT_327
BER;1740;+0200;2300;+0300;0;LH_2047-LH_2466
BER;1945;+0200;0105;+0300;1;BT_214-BT_329
BER;0840;+0200;1405;+0300;0;LH_177-LH_848
BER;1205;+0200;1735;+0300;0;BT_218-BT_325
BER;1730;+0200;2305;+0300;0;LH_193-LH_852
BER;1950;+0200;0130;+0300;1;LH_199-LH_854
BER;0635;+0200;1220;+0300;0;LH_2055-LH_2462
BER;0650;+0200;1235;+0300;0;LH_2727-LH_2970
BER;1210;+0200;1800;+0300;0;LH_185-LH_850
BER;1205;+0200;1800;+0300;0;LH_185-LH_850
BER;1205;+0200;1800;+0300;0;BT_218-BT_307
BER;1705;+0200;2300;+0300;0;LH_2043-LH_2466
BER;0610;+0200;1215;+0300;0;LH_171-LH_846
BER;0620;+0200;1225;+0300;0;AB_6437-AB_8924
BER;1405;+0200;2010;+0300;0;SK_1676-SK_6541
BER;0605;+0200;1215;+0300;0;LH_171-LH_846
BER;0755;+0200;1405;+0300;0;LH_175-LH_848
BER;1045;+0200;1655;+0300;0;LX_977-LX_4790
BER;0800;+0200;1415;+0300;0;BT_212-BT_305
BER;0935;+0200;1600;+0300;0;KE_7612-KE_7639
BER;1250;+0200;1915;+0300;0;AF_1735-AF_1098
BER;1700;+0200;2325;+0300;0;SN_2586-SN_6755
BER;0720;+0200;1350;+0300;0;OS_274-OS_345
BER;1250;+0200;1920;+0300;0;AF_1735-AF_1098
BER;1615;+0200;2245;+0300;0;SK_680-SK_714
BER;1900;+0200;0130;+0300;1;LH_197-LH_854
BER;0640;+0200;1320;+0300;0;SN_2592-SN_6751
BER;1620;+0200;2300;+0300;0;LH_2041-LH_2466
BER;1020;+0200;1710;+0300;0;KL_1822-KL_1169
BER;1725;+0200;0015;+0300;1;KL_1830-KL_1171
BER;0905;+0200;1600;+0300;0;OK_517-OK_480
BER;0905;+0200;1600;+0300;0;KE_7612-KE_7639
BER;1105;+0200;1800;+0300;0;LH_183-LH_850
BER;1115;+0200;1810;+0300;0;LH_2035-LH_2464
BER;1545;+0200;2245;+0300;0;LH_6038-LH_6292
BER;1545;+0200;2245;+0300;0;SK_680-SK_714
BER;1555;+0200;2255;+0300;0;AF_2035-AF_1798
BER;1605;+0200;2305;+0300;0;LH_191-LH_852
BER;1055;+0200;1800;+0300;0;LH_183-LH_850
BER;0600;+0200;1310;+0300;0;KL_1818-KL_1167
BER;0655;+0200;1405;+0300;0;LH_173-LH_848
BER;1100;+0200;1810;+0300;0;LH_2035-LH_2464
BER;1820;+0200;0130;+0300;1;LH_195-LH_854
BER;0935;+0200;1650;+0300;0;SK_1674-SK_6694
BER;0930;+0200;1655;+0300;0;LX_975-LX_4790
BER;1205;+0200;1930;+0300;0;BT_218-BT_339
BER;0715;+0200;1450;+0300;0;AF_1135-AF_2298
BER;1205;+0200;1940;+0300;0;BT_218-BT_325
BER;0710;+0200;1450;+0300;0;AF_1135-AF_2298
BER;1020;+0200;1800;+0300;0;LH_181-LH_850
BER;1105;+0200;1855;+0300;0;FV_242-FV_229
BER;0610;+0200;1405;+0300;0;LH_171-LH_848
BER;0720;+0200;1515;+0300;0;BA_981-BA_6032
BER;0605;+0200;1405;+0300;0;LH_171-LH_848
BER;1730;+0200;0130;+0300;1;LH_193-LH_854
BER;1455;+0200;2300;+0300;0;LH_2039-LH_2466
BER;0700;+0200;1515;+0300;0;AA_6593-AA_6048
BER;0935;+0200;1750;+0300;0;SK_1674-SK_712
BER;0935;+0200;1750;+0300;0;LH_6036-LH_6288
BER;0945;+0200;1800;+0300;0;SU_2311-SU_2200
BER;0950;+0200;1810;+0300;0;LH_2033-LH_2464
BER;1445;+0200;2305;+0300;0;LH_189-LH_852
BER;0935;+0200;1800;+0300;0;LH_179-LH_850
BER;1430;+0200;2300;+0300;0;AA_6371-AA_6050
BER;1430;+0200;2300;+0300;0;BA_993-BA_6034
BER;1510;+0200;2340;+0300;0;OS_292-OS_347
PRG;1130;+0200;1440;+0300;0;AY_716
PRG;1250;+0200;1600;+0300;0;OK_480
PRG;1940;+0200;2250;+0300;0;AY_718
PRG;1430;+0200;1925;+0300;0;LO_528-LO_471
PRG;1840;+0200;2340;+0300;0;OS_710-OS_347
PRG;0710;+0200;1220;+0300;0;LH_1697-LH_2462
PRG;1250;+0200;1810;+0300;0;LH_1691-LH_2464
PRG;1235;+0200;1800;+0300;0;LH_1395-LH_850
PRG;1235;+0200;1800;+0300;0;TP_7931-TP_7906
PRG;0810;+0200;1350;+0300;0;OS_704-OS_345
PRG;0810;+0200;1350;+0300;0;OU_5541-OU_5546
PRG;1720;+0200;2300;+0300;0;TP_7943-TP_7926
PRG;1720;+0200;2300;+0300;0;LH_1693-LH_2466
PRG;1930;+0200;0130;+0300;1;LH_1401-LH_854
PRG;1930;+0200;0130;+0300;1;BD_2995-BD_3124
PRG;1930;+0200;0130;+0300;1;TP_7935-TP_7910
PRG;0700;+0200;1310;+0300;0;KL_3120-KL_1167
PRG;0600;+0200;1215;+0300;0;LH_1403-LH_846
PRG;1710;+0200;2325;+0300;0;SN_2812-SN_6755
PRG;1230;+0200;1855;+0300;0;FV_222-FV_229
PRG;0645;+0200;1320;+0300;0;SN_2816-SN_6751
PRG;1010;+0200;1655;+0300;0;LX_1485-LX_4790
PRG;1715;+0200;0015;+0300;1;KL_3122-KL_1171
PRG;1705;+0200;0015;+0300;1;KL_3122-KL_1171
PRG;1820;+0200;0130;+0300;1;LH_1399-LH_854
PRG;0600;+0200;1315;+0300;0;UA_8734-UA_8735
PRG;1540;+0200;2255;+0300;0;AF_1983-AF_1798
PRG;1535;+0200;2255;+0300;0;AF_1983-AF_1798
PRG;0725;+0200;1450;+0300;0;AF_1083-AF_2298
PRG;1555;+0200;2335;+0300;0;AA_6506-AA_6463
PRG;0925;+0200;1710;+0300;0;KL_1352-KL_1169
PRG;0955;+0200;1740;+0300;0;UA_9061-UA_9022
PRG;1015;+0200;1800;+0300;0;SU_2011-SU_2200
AMS;1850;+0200;2210;+0300;0;AY_846
AMS;2055;+0200;0015;+0300;1;KL_1171
AMS;0710;+0200;1035;+0300;0;KL_1165
AMS;0945;+0200;1310;+0300;0;KL_1167
AMS;1155;+0200;1520;+0300;0;AY_842
AMS;1155;+0200;1520;+0300;0;JL_7808
AMS;1055;+0200;1425;+0300;0;SK_6536
AMS;1055;+0200;1425;+0300;0;KF_12
AMS;1340;+0200;1710;+0300;0;KL_1169
AMS;1955;+0200;2325;+0300;0;KF_16
AMS;1955;+0200;2325;+0300;0;SK_6538
AMS;2020;+0200;0120;+0300;1;SK_554-SK_6544
AMS;0655;+0200;1210;+0300;0;UA_6892-UA_6929
AMS;0655;+0200;1210;+0300;0;SK_550-SK_1712
AMS;1730;+0200;2245;+0300;0;SK_1550-SK_714
AMS;1330;+0200;1850;+0300;0;SK_548-SK_1710
AMS;2005;+0200;0130;+0300;1;LH_999-LH_854
AMS;1930;+0200;0105;+0300;1;BT_620-BT_329
AMS;1350;+0200;1930;+0300;0;BT_618-BT_339
AMS;1720;+0200;2300;+0300;0;LH_2307-LH_2466
AMS;0655;+0200;1240;+0300;0;SK_550-SK_6546
AMS;1350;+0200;1940;+0300;0;BT_618-BT_325
AMS;1745;+0200;2340;+0300;0;OS_374-OS_347
AMS;1655;+0200;2255;+0300;0;AF_8239-AF_1798
AMS;0705;+0200;1315;+0300;0;UA_9156-UA_8735
AMS;0650;+0200;1315;+0300;0;UA_9156-UA_8735
AMS;1025;+0200;1650;+0300;0;SK_552-SK_6694
AMS;0925;+0200;1600;+0300;0;OK_617-OK_480
AMS;0925;+0200;1600;+0300;0;KE_7602-KE_7639
AMS;1330;+0200;2010;+0300;0;SK_548-SK_6541
AMS;0930;+0200;1615;+0300;0;AF_1241-AF_1498
AMS;1055;+0200;1740;+0300;0;UA_9203-UA_9022
AMS;1230;+0200;1915;+0300;0;AF_8233-AF_1098
AMS;0700;+0200;1350;+0300;0;OS_378-OS_345
AMS;0800;+0200;1450;+0300;0;AF_8229-AF_2298
AMS;1230;+0200;1920;+0300;0;AF_8233-AF_1098
AMS;1350;+0200;2040;+0300;0;BT_618-BT_327
AMS;0705;+0200;1405;+0300;0;UA_9156-UA_8735
AMS;0705;+0200;1405;+0300;0;LH_1003-LH_848
AMS;1040;+0200;1740;+0300;0;UA_9203-UA_9022
AMS;1830;+0200;0130;+0300;1;LH_997-LH_854
AMS;1055;+0200;1800;+0300;0;LH_989-LH_850
AMS;1055;+0200;1800;+0300;0;UA_9203-UA_9022
AMS;1105;+0200;1810;+0300;0;LH_2303-LH_2464
AMS;1630;+0200;2335;+0300;0;AA_6507-AA_6463
AMS;1630;+0200;2335;+0300;0;BA_439-BA_798
AMS;0645;+0200;1355;+0300;0;SK_558-SK_6428
AMS;0945;+0200;1655;+0300;0;LX_725-LX_4790
AMS;1155;+0200;1905;+0300;0;SK_556-SK_708
AMS;0650;+0200;1405;+0300;0;UA_9156-UA_8735
LIS;1455;+0100;2325;+0300;0;SN_6404-SN_6755
LIS;1450;+0100;2325;+0300;0;LX_4583-LX_4792
LIS;1535;+0100;0015;+0300;1;KL_1694-KL_1171
LIS;1650;+0100;0130;+0300;1;TP_6703-TP_7910
LIS;1650;+0100;0130;+0300;1;LH_1169-LH_854
LIS;0815;+0100;1700;+0300;0;BA_499-BA_794
LIS;1415;+0100;2300;+0300;0;LG_1630-LG_1613
LIS;1415;+0100;2300;+0300;0;TP_6721-TP_7926
LIS;1415;+0100;2300;+0300;0;LH_1791-LH_2466
LIS;1420;+0100;2305;+0300;0;TP_576-TP_7908
LIS;1420;+0100;2305;+0300;0;NH_6736-NH_6173
LIS;1420;+0100;2305;+0300;0;LH_6953-LH_852
LIS;0600;+0100;1450;+0300;0;AF_2325-AF_2298
LIS;0730;+0100;1620;+0300;0;JK_9432-JK_323
LIS;0815;+0100;1705;+0300;0;AA_6402-AA_6538
LIS;0800;+0100;1655;+0300;0;LX_4581-LX_4790
LIS;0800;+0100;1655;+0300;0;TG_7314-TG_7416
LIS;0835;+0100;1800;+0300;0;LH_6955-LH_850
LIS;0835;+0100;1800;+0300;0;TP_572-TP_7906
LIS;1335;+0100;2300;+0300;0;BA_507-BA_6034
LIS;0715;+0100;1710;+0300;0;KL_1692-KL_1169
LIS;1335;+0100;2335;+0300;0;BA_507-BA_798
LIS;1100;+0100;2105;+0300;0;BA_501-BA_6080
LIS;1100;+0100;2105;+0300;0;AA_6575-AA_6054
LIS;0800;+0100;1810;+0300;0;TP_558-TP_7924
LIS;0800;+0100;1810;+0300;0;LH_6951-LH_2464
LIS;1330;+0100;2340;+0300;0;OS_8154-OS_347
LIS;0600;+0100;1615;+0300;0;AF_2325-AF_1498
LIS;0910;+0100;1925;+0300;0;LO_5442-LO_471
LIS;1245;+0100;2325;+0300;0;SN_6410-SN_6755
LIS;0655;+0100;1740;+0300;0;UA_8862-UA_9022
LIS;0650;+0100;1740;+0300;0;UA_8862-UA_9022
LIS;1235;+0100;2325;+0300;0;SN_3816-SN_6755
LIS;0820;+0100;1915;+0300;0;AF_2325-AF_1098
LIS;0820;+0100;1920;+0300;0;AF_2325-AF_1098
LIS;1205;+0100;2305;+0300;0;LH_1167-LH_852
LIS;1205;+0100;2305;+0300;0;TP_6701-TP_7908
LIS;1205;+0100;2305;+0300;0;BD_3349-BD_3122
LIS;0655;+0100;1800;+0300;0;TP_6707-TP_7906
LIS;0655;+0100;1800;+0300;0;UA_8862-UA_9022
LIS;0655;+0100;1800;+0300;0;LH_1173-LH_850
LIS;0650;+0100;1800;+0300;0;UA_8862-UA_9022
LIS;1215;+0100;2325;+0300;0;LX_2085-LX_4792
LIS;1420;+0100;0130;+0300;1;LH_6953-LH_854
LIS;1420;+0100;0130;+0300;1;TP_576-TP_7910
LIS;1115;+0100;2255;+0300;0;AF_1025-AF_1798
LIS;0615;+0100;1810;+0300;0;TP_6725-TP_7924
LIS;0615;+0100;1810;+0300;0;LH_1793-LH_2464
LIS;1100;+0100;2300;+0300;0;BA_501-BA_6034
LIS;1100;+0100;2300;+0300;0;AA_6575-AA_6050
MUC;0855;+0200;1220;+0300;0;SK_3668
MUC;0855;+0200;1220;+0300;0;LH_2462
MUC;0855;+0200;1220;+0300;0;KF_5050
MUC;0855;+0200;1220;+0300;0;UA_9098
MUC;0905;+0200;1230;+0300;0;UA_9098
MUC;1020;+0200;1345;+0300;0;JL_7816
MUC;1020;+0200;1345;+0300;0;AY_804
MUC;1445;+0200;1810;+0300;0;LH_2464
MUC;1445;+0200;1810;+0300;0;SK_3362
MUC;1445;+0200;1810;+0300;0;KF_5054
MUC;1840;+0200;2205;+0300;0;AY_808
MUC;1935;+0200;2300;+0300;0;SK_3684
MUC;1935;+0200;2300;+0300;0;LH_2466
MUC;1935;+0200;2300;+0300;0;KF_5056
MUC;1315;+0200;1750;+0300;0;SK_1666-SK_712
MUC;1525;+0200;2005;+0300;0;SK_3634-SK_6424
MUC;0905;+0200;1355;+0300;0;SK_3632-SK_6428
MUC;2005;+0200;0105;+0300;1;BT_224-BT_329
MUC;2020;+0200;0120;+0300;1;SK_664-SK_6544
MUC;1425;+0200;1930;+0300;0;BT_222-BT_339
MUC;1835;+0200;2340;+0300;0;OS_116-OS_347
MUC;0725;+0200;1235;+0300;0;LH_2002-LH_2970
MUC;1755;+0200;2305;+0300;0;LH_119-LH_852
MUC;1425;+0200;1940;+0300;0;BT_222-BT_325
MUC;1855;+0200;0015;+0300;1;AB_6202-AB_8310
MUC;2010;+0200;0130;+0300;1;LH_123-LH_854
MUC;1445;+0200;2010;+0300;0;SK_3682-SK_6541
MUC;0820;+0200;1350;+0300;0;OS_112-OS_345
MUC;1125;+0200;1655;+0300;0;LX_3621-LX_4790
MUC;2000;+0200;0130;+0300;1;LH_123-LH_854
MUC;1210;+0200;1745;+0300;0;AB_6190-AB_8308
MUC;1315;+0200;1850;+0300;0;SK_1666-SK_1710
MUC;0630;+0200;1210;+0300;0;LH_2440-LH_6282
MUC;0630;+0200;1210;+0300;0;SK_3688-SK_1712
MUC;0825;+0200;1405;+0300;0;LH_103-LH_848
MUC;1700;+0200;2245;+0300;0;SK_2658-SK_714
MUC;1700;+0200;2245;+0300;0;LH_6256-LH_6292
MUC;0645;+0200;1235;+0300;0;LH_2000-LH_2970
MUC;1310;+0200;1905;+0300;0;SK_3656-SK_708
MUC;1310;+0200;1905;+0300;0;LH_2416-LH_6296
MUC;1520;+0200;2115;+0300;0;SK_3698-SK_6590
MUC;0610;+0200;1215;+0300;0;LH_99-LH_846
MUC;0620;+0200;1225;+0300;0;AB_6022-AB_8924
MUC;0705;+0200;1310;+0300;0;KL_1790-KL_1167
MUC;1045;+0200;1650;+0300;0;SK_3636-SK_6694
MUC;0605;+0200;1215;+0300;0;LH_99-LH_846
MUC;0630;+0200;1240;+0300;0;SK_3688-SK_6546
MUC;1425;+0200;2040;+0300;0;BT_222-BT_327
MUC;1140;+0200;1800;+0300;0;LH_111-LH_850
MUC;1255;+0200;1915;+0300;0;AF_1723-AF_1098
MUC;1645;+0200;2305;+0300;0;LH_117-LH_852
MUC;1705;+0200;2325;+0300;0;SN_7060-SN_6755
MUC;1705;+0200;2325;+0300;0;LX_1109-LX_4792
MUC;1255;+0200;1920;+0300;0;AF_1723-AF_1098
MUC;0650;+0200;1320;+0300;0;SN_7050-SN_6751
MUC;1855;+0200;0130;+0300;1;LH_121-LH_854
MUC;0710;+0200;1350;+0300;0;OS_7232-OS_345
MUC;0905;+0200;1545;+0300;0;SK_3632-SK_704
MUC;0905;+0200;1545;+0300;0;LH_2414-LH_6274
MUC;1215;+0200;1855;+0300;0;FV_258-FV_229
MUC;0930;+0200;1615;+0300;0;AF_1423-AF_1498
MUC;1610;+0200;2255;+0300;0;AF_2023-AF_1798
MUC;1730;+0200;0015;+0300;1;KL_1798-KL_1171
MUC;0715;+0200;1405;+0300;0;LH_101-LH_848
MUC;1310;+0200;2005;+0300;0;SK_3656-SK_6424
MUC;1315;+0200;2010;+0300;0;SK_1666-SK_6541
MUC;1045;+0200;1750;+0300;0;SK_3636-SK_712
MUC;1045;+0200;1750;+0300;0;LH_2442-LH_6288
MUC;1050;+0200;1800;+0300;0;LH_109-LH_850
MUC;0935;+0200;1655;+0300;0;LX_1101-LX_4790
MUC;0720;+0200;1450;+0300;0;AF_1123-AF_2298
MUC;1645;+0200;0015;+0300;1;AB_6200-AB_8310
CPH;0855;+0200;1125;+0300;0;AY_662
CPH;1655;+0200;1925;+0300;0;AY_664
CPH;2020;+0200;2250;+0300;0;AY_668
CPH;0935;+0200;1210;+0300;0;SK_1712
CPH;0935;+0200;1210;+0300;0;UA_6929
CPH;0935;+0200;1210;+0300;0;KF_5317
CPH;1005;+0200;1240;+0300;0;SK_6546
CPH;1005;+0200;1240;+0300;0;KF_606
CPH;1325;+0200;1600;+0300;0;JL_7804
CPH;1325;+0200;1600;+0300;0;AY_666
CPH;1415;+0200;1650;+0300;0;KF_608
CPH;1415;+0200;1650;+0300;0;SK_6694
CPH;1515;+0200;1750;+0300;0;SK_712
CPH;1515;+0200;1750;+0300;0;UA_6927
CPH;1615;+0200;1850;+0300;0;SK_1710
CPH;0620;+0200;0900;+0300;0;SK_1714
CPH;0620;+0200;0900;+0300;0;KF_5319
CPH;0805;+0200;1045;+0300;0;SK_6539
CPH;0805;+0200;1045;+0300;0;KF_622
CPH;1730;+0200;2010;+0300;0;KF_624
CPH;1730;+0200;2010;+0300;0;SK_6541
CPH;2005;+0200;2245;+0300;0;SK_714
CPH;2005;+0200;2245;+0300;0;KF_5313
CPH;2240;+0200;0120;+0300;1;KF_628
CPH;2240;+0200;0120;+0300;1;SK_6544
CPH;1525;+0200;1905;+0300;0;SK_408-SK_708
CPH;1155;+0200;1545;+0300;0;SK_1420-SK_704
CPH;1615;+0200;2005;+0300;0;SK_1424-SK_6424
CPH;2045;+0200;0105;+0300;1;BT_140-BT_329
CPH;0920;+0200;1355;+0300;0;SK_1418-SK_6428
CPH;1300;+0200;1735;+0300;0;BT_136-BT_325
CPH;1525;+0200;2005;+0300;0;SK_408-SK_6424
CPH;2025;+0200;0105;+0300;1;BT_140-BT_329
CPH;1415;+0200;1905;+0300;0;SK_1422-SK_708
CPH;1300;+0200;1800;+0300;0;BT_136-BT_307
CPH;1605;+0200;2115;+0300;0;SK_1460-SK_6590
STO;0700;+0200;0855;+0300;0;UA_6967
STO;0700;+0200;0855;+0300;0;KF_5301
STO;0700;+0200;0855;+0300;0;TF_4992
STO;0700;+0200;0855;+0300;0;AY_3192
STO;0700;+0200;0855;+0300;0;SK_700
STO;0840;+0200;1035;+0300;0;KF_846
STO;0840;+0200;1035;+0300;0;SK_6422
STO;0840;+0200;1035;+0300;0;AY_644
STO;0840;+0200;1035;+0300;0;AA_6023
STO;0915;+0200;1110;+0300;0;AY_982
STO;0915;+0200;1110;+0300;0;TF_4982
STO;1030;+0200;1225;+0300;0;AA_6022
STO;1030;+0200;1225;+0300;0;AY_636
STO;1350;+0200;1545;+0300;0;SK_704
STO;1350;+0200;1545;+0300;0;KF_5309
STO;1410;+0200;1605;+0300;0;AY_642
STO;1630;+0200;1825;+0300;0;AY_638
STO;1710;+0200;1905;+0300;0;KF_5307
STO;1710;+0200;1905;+0300;0;SK_708
STO;1730;+0200;1925;+0300;0;AY_984
STO;1730;+0200;1925;+0300;0;AY_646
STO;1730;+0200;1925;+0300;0;TF_4984
STO;1840;+0200;2035;+0300;0;AY_648
STO;2030;+0200;2225;+0300;0;TF_4986
STO;2030;+0200;2225;+0300;0;AY_986
STO;2040;+0200;2235;+0300;0;AY_650
STO;2125;+0200;2320;+0300;0;6X_6008
STO;1155;+0200;1355;+0300;0;KF_856
STO;1155;+0200;1355;+0300;0;SK_6428
STO;1255;+0200;1455;+0300;0;AY_634
STO;1255;+0200;1455;+0300;0;JL_7802
STO;1345;+0200;1545;+0300;0;KF_5309
STO;1345;+0200;1545;+0300;0;SK_704
STO;1610;+0200;1810;+0300;0;KF_866
STO;1805;+0200;2005;+0300;0;KF_848
STO;1805;+0200;2005;+0300;0;SK_6424
STO;1930;+0200;2130;+0300;0;KF_868
STO;2120;+0200;2320;+0300;0;KF_854
STO;1600;+0200;1930;+0300;0;SK_6447-SK_6505
STO;1600;+0200;1930;+0300;0;KF_916-KF_776
STO;1655;+0200;2040;+0300;0;BT_108-BT_327
STO;0700;+0200;1055;+0300;0;SK_485-SK_6578
STO;0720;+0200;1125;+0300;0;BT_102-BT_303
STO;1650;+0200;2115;+0300;0;SK_499-SK_6590
STO;2040;+0200;0105;+0300;1;BT_110-BT_329
STO;1220;+0200;1650;+0300;0;SK_1421-SK_6694
MIL;1900;+0200;2255;+0300;0;AY_796
MIL;1130;+0200;1530;+0300;0;AY_794
MIL;1420;+0200;1940;+0300;0;BT_630-BT_325
MIL;2000;+0200;0120;+0300;1;SK_688-SK_6544
MIL;0655;+0200;1220;+0300;0;UA_8863-UA_9098
MIL;0655;+0200;1220;+0300;0;LH_1867-LH_2462
MIL;0645;+0200;1215;+0300;0;LH_259-LH_846
MIL;1120;+0200;1650;+0300;0;SK_1686-SK_6694
MIL;0655;+0200;1230;+0300;0;UA_8863-UA_9098
MIL;0700;+0200;1235;+0300;0;LH_3187-LH_2970
MIL;0630;+0200;1210;+0300;0;SK_1690-SK_1712
MIL;0640;+0200;1220;+0300;0;UA_8863-UA_9098
MIL;1110;+0200;1655;+0300;0;LX_1617-LX_4790
MIL;0640;+0200;1230;+0300;0;UA_8863-UA_9098
MIL;0725;+0200;1315;+0300;0;UA_9305-UA_8735
MIL;1705;+0200;2300;+0300;0;LH_1861-LH_2466
MIL;1935;+0200;0130;+0300;1;LH_277-LH_854
MIL;1725;+0200;2325;+0300;0;SN_3158-SN_6755
MIL;1740;+0200;2340;+0300;0;OS_514-OS_347
MIL;0630;+0200;1240;+0300;0;SK_1690-SK_6546
MIL;0655;+0200;1310;+0300;0;KL_3624-KL_1167
MIL;0655;+0200;1310;+0300;0;AZ_7904-AZ_3808
MIL;1125;+0200;1740;+0300;0;UA_9081-UA_9022
MIL;1250;+0200;1905;+0300;0;SK_690-SK_708
MIL;1300;+0200;1915;+0300;0;AF_9701-AF_1098
MIL;0650;+0200;1310;+0300;0;KL_1618-KL_1167
MIL;0650;+0200;1310;+0300;0;AZ_7718-AZ_3808
MIL;1120;+0200;1740;+0300;0;UA_9081-UA_9022
MIL;1300;+0200;1920;+0300;0;AF_9701-AF_1098
MIL;1420;+0200;2040;+0300;0;BT_630-BT_327
MIL;1635;+0200;2255;+0300;0;AF_9703-AF_1798
MIL;1755;+0200;0015;+0300;1;AZ_7722-AZ_3896
MIL;1755;+0200;0015;+0300;1;KL_1628-KL_1171
MIL;0645;+0200;1310;+0300;0;KL_1618-KL_1167
MIL;1630;+0200;2255;+0300;0;AF_1715-AF_1798
MIL;0645;+0200;1315;+0300;0;UA_9033-UA_8735
MIL;0720;+0200;1350;+0300;0;OS_518-OS_345
MIL;1040;+0200;1710;+0300;0;KL_1620-KL_1169
MIL;1040;+0200;1710;+0300;0;AZ_7726-AZ_3810
MIL;1120;+0200;1750;+0300;0;SK_1686-SK_712
MIL;1655;+0200;2325;+0300;0;SN_3158-SN_6755
MIL;1655;+0200;2325;+0300;0;KF_5744-KF_34
MIL;0645;+0200;1320;+0300;0;SN_3162-SN_6751
MIL;0645;+0200;1320;+0300;0;KF_5742-KF_32
MIL;1125;+0200;1800;+0300;0;UA_9081-UA_9022
MIL;1125;+0200;1800;+0300;0;LH_249-LH_850
MIL;0725;+0200;1405;+0300;0;UA_9305-UA_8735
MIL;0725;+0200;1405;+0300;0;LH_279-LH_848
MIL;1120;+0200;1800;+0300;0;UA_9081-UA_9022
MIL;0915;+0200;1600;+0300;0;OK_719-OK_480
MIL;0630;+0200;1320;+0300;0;SN_3162-SN_6751
MIL;1005;+0200;1655;+0300;0;LX_1613-LX_4790
MIL;0655;+0200;1350;+0300;0;OS_540-OS_345
MIL;1555;+0200;2255;+0300;0;AF_1713-AF_1798
MIL;1035;+0200;1740;+0300;0;UA_8873-UA_9022
MIL;1250;+0200;2005;+0300;0;SK_690-SK_6424
MIL;1815;+0200;0130;+0300;1;LH_255-LH_854
MIL;0645;+0200;1405;+0300;0;UA_9033-UA_8735
MIL;0645;+0200;1405;+0300;0;LH_259-LH_848
MIL;1050;+0200;1810;+0300;0;LH_1855-LH_2464
MIL;1035;+0200;1800;+0300;0;UA_8873-UA_9022
MIL;1035;+0200;1800;+0300;0;LH_271-LH_850
MIL;1120;+0200;1850;+0300;0;SK_1686-SK_1710
MIL;0930;+0200;1710;+0300;0;KL_3418-KL_1169
MIL;0930;+0200;1710;+0300;0;AZ_120-AZ_3810
MIL;1555;+0200;2335;+0300;0;AA_6309-AA_6463
MIL;1555;+0200;2335;+0300;0;BA_563-BA_798
MIL;1635;+0200;0015;+0300;1;AZ_112-AZ_3896
MIL;1635;+0200;0015;+0300;1;KL_3416-KL_1171
MIL;1750;+0200;0130;+0300;1;LH_275-LH_854
MIL;0705;+0200;1450;+0300;0;AF_2515-AF_2298
MIL;0655;+0200;1450;+0300;0;AF_9801-AF_2298
MIL;1505;+0200;2300;+0300;0;LH_1859-LH_2466
MIL;1750;+0200;0150;+0300;1;SN_7096-SN_7107
MIL;1300;+0200;2115;+0300;0;SK_4718-SK_6590
MIL;0915;+0200;1740;+0300;0;UA_9063-UA_9022
MIL;1055;+0200;1925;+0300;0;LO_318-LO_471
MIL;1235;+0200;2105;+0300;0;AA_6546-AA_6054
MIL;1455;+0200;2325;+0300;0;LX_1629-LX_4792
MAD;1015;+0200;1530;+0300;0;IB_7426
MAD;1010;+0200;1530;+0300;0;AY_3184
MAD;1010;+0200;1530;+0300;0;IB_7426
MAD;1235;+0200;1915;+0300;0;AF_1301-AF_1098
MAD;1605;+0200;2245;+0300;0;IB_3214-IB_7428
MAD;1235;+0200;1920;+0300;0;AF_1301-AF_1098
MAD;1605;+0200;2255;+0300;0;IB_3486-IB_7416
MAD;1610;+0200;2305;+0300;0;BD_2917-BD_3122
MAD;1610;+0200;2305;+0300;0;LH_1115-LH_852
MAD;0920;+0200;1620;+0300;0;KF_5812-KF_5802
MAD;0920;+0200;1620;+0300;0;JK_426-JK_323
MAD;1310;+0200;2010;+0300;0;SK_582-SK_6541
MAD;1550;+0200;2250;+0300;0;IB_3516-IB_7432
MAD;0610;+0200;1315;+0300;0;UA_8982-UA_8735
MAD;1140;+0200;1850;+0300;0;SK_9947-SK_1710
MAD;0555;+0200;1310;+0300;0;KL_1708-KL_1167
MAD;0740;+0200;1455;+0300;0;IB_6752-IB_7439
MAD;0735;+0200;1455;+0300;0;IB_6752-IB_7439
MAD;0935;+0200;1655;+0300;0;LX_2021-LX_4790
MAD;1040;+0200;1800;+0300;0;LH_1111-LH_850
MAD;1535;+0200;2255;+0300;0;AF_1601-AF_1798
MAD;1035;+0200;1800;+0300;0;LH_1111-LH_850
MAD;1340;+0200;2105;+0300;0;AA_5495-AA_6054
MAD;1335;+0200;2105;+0300;0;BA_7066-BA_6080
MAD;1335;+0200;2105;+0300;0;AA_5495-AA_6054
MAD;1530;+0200;2300;+0300;0;LH_1803-LH_2466
MAD;0715;+0200;1450;+0300;0;AF_2101-AF_2298
MAD;0710;+0200;1450;+0300;0;AF_2101-AF_2298
MAD;1430;+0200;2210;+0300;0;MA_581-MA_744
MAD;0615;+0200;1405;+0300;0;LH_1121-LH_848
MAD;0615;+0200;1405;+0300;0;UA_8982-UA_8735
MAD;0610;+0200;1405;+0300;0;UA_8982-UA_8735
MAD;0610;+0200;1405;+0300;0;SK_3300-SK_3606
MAD;1310;+0200;2105;+0300;0;AA_5492-AA_6054
MAD;1620;+0200;0015;+0300;1;KL_1704-KL_1171
MAD;1500;+0200;2300;+0300;0;BA_7060-BA_6034
MAD;1525;+0200;2325;+0300;0;LX_2027-LX_4792
MAD;0855;+0200;1700;+0300;0;BA_7054-BA_794
MAD;0705;+0200;1515;+0300;0;BA_455-BA_6032
MAD;0855;+0200;1705;+0300;0;AA_5491-AA_6538
MAD;1010;+0200;1825;+0300;0;IB_3322-IB_7414
MAD;1005;+0200;1830;+0300;0;6X_459-6X_7818
MAD;1240;+0200;2105;+0300;0;AA_5492-AA_6054
MAD;1240;+0200;2105;+0300;0;BA_7056-BA_6080
MAD;0730;+0200;1600;+0300;0;KE_7686-KE_7639
MAD;0730;+0200;1600;+0300;0;OK_703-OK_480
MAD;1140;+0200;2010;+0300;0;SK_9947-SK_6541
MAD;1235;+0200;2105;+0300;0;BA_457-BA_6080
MAD;1500;+0200;2335;+0300;0;BA_7060-BA_798
MAD;1420;+0200;2300;+0300;0;AA_6279-AA_6050
MAD;1420;+0200;2300;+0300;0;BA_459-BA_6034
MAD;0710;+0200;1600;+0300;0;KE_7686-KE_7639
MAD;0730;+0200;1620;+0300;0;JK_446-JK_323
MAD;0905;+0200;1800;+0300;0;SK_9915-SK_3616
MAD;0905;+0200;1800;+0300;0;LH_6801-LH_850
MAD;0715;+0200;1615;+0300;0;AF_2101-AF_1498
MAD;1015;+0200;1915;+0300;0;AF_1001-AF_1098
MAD;1355;+0200;2255;+0300;0;AF_1631-AF_1798
MAD;0710;+0200;1615;+0300;0;AF_2101-AF_1498
MAD;1015;+0200;1920;+0300;0;AF_1001-AF_1098
MAD;1625;+0200;0130;+0300;1;LH_1115-LH_854
MAD;0800;+0200;1710;+0300;0;KL_1710-KL_1169
MAD;1350;+0200;2305;+0300;0;LH_6803-LH_852
MAD;1350;+0200;2305;+0300;0;SK_9932-SK_3672
MAD;1420;+0200;2335;+0300;0;AA_6279-AA_6463
MAD;1420;+0200;2335;+0300;0;BA_459-BA_798
MAD;0740;+0200;1700;+0300;0;BA_8752-BA_794
MAD;1340;+0200;2300;+0300;0;AA_5495-AA_6050
MAD;1610;+0200;0130;+0300;1;LH_1115-LH_854
MAD;1610;+0200;0130;+0300;1;BD_2917-BD_3124
MAD;1005;+0200;1930;+0300;0;6X_459-6X_798
MAD;1335;+0200;2300;+0300;0;AA_5495-AA_6050
MAD;1335;+0200;2300;+0300;0;BA_7066-BA_6034
MAD;1310;+0200;2245;+0300;0;SK_582-SK_714
MAD;1310;+0200;2300;+0300;0;AA_5492-AA_6050
MAD;0705;+0200;1700;+0300;0;BA_455-BA_794
MAD;1340;+0200;2335;+0300;0;AA_5495-AA_6463
MAD;1210;+0200;2210;+0300;0;IB_3246-IB_7438
MAD;1335;+0200;2335;+0300;0;AA_5495-AA_6463
MAD;1335;+0200;2335;+0300;0;BA_7066-BA_798
MAD;0910;+0200;1915;+0300;0;AF_1431-AF_1098
MAD;1250;+0200;2255;+0300;0;IB_3490-IB_7416
MAD;0910;+0200;1920;+0300;0;AF_1431-AF_1098
MAD;1045;+0200;2105;+0300;0;AA_6277-AA_6054
MAD;1235;+0200;2255;+0300;0;AF_1301-AF_1798
MAD;1240;+0200;2300;+0300;0;AA_5492-AA_6050
MAD;1240;+0200;2300;+0300;0;BA_7056-BA_6034
MAD;1235;+0200;2300;+0300;0;BA_457-BA_6034
MAD;1310;+0200;2335;+0300;0;AA_5492-AA_6463
MAD;0740;+0200;1810;+0300;0;LH_1807-LH_2464
MAD;1230;+0200;2305;+0300;0;SK_3586-SK_3672
MAD;1230;+0200;2305;+0300;0;LH_1113-LH_852
MAD;1200;+0200;2245;+0300;0;IB_3202-IB_7428
MAD;1215;+0200;2300;+0300;0;LH_1801-LH_2466
MAD;1240;+0200;2335;+0300;0;BA_7056-BA_798
MAD;1240;+0200;2335;+0300;0;AA_5492-AA_6463
MAD;1005;+0200;2105;+0300;0;6X_459-6X_3619
MAD;1150;+0200;2250;+0300;0;IB_3514-IB_7432
MAD;1235;+0200;2335;+0300;0;BA_457-BA_798
MAD;1140;+0200;2245;+0300;0;SK_9947-SK_714
MAD;0555;+0200;1710;+0300;0;KL_1708-KL_1169
MAD;0950;+0200;2105;+0300;0;BA_7062-BA_6080
MAD;1300;+0200;0015;+0300;1;KL_1702-KL_1171
VIE;1920;+0200;2240;+0300;0;AY_768
VIE;1115;+0200;1440;+0300;0;AY_766
VIE;1020;+0200;1350;+0300;0;OS_345
VIE;2010;+0200;2340;+0300;0;OS_347
VIE;1325;+0200;1800;+0300;0;BT_432-BT_307
VIE;1925;+0200;0015;+0300;1;AB_8753-AB_8310
VIE;1920;+0200;0015;+0300;1;AB_8753-AB_8310
VIE;1300;+0200;1810;+0300;0;LH_2329-LH_2464
VIE;1750;+0200;2300;+0300;0;LH_2331-LH_2466
VIE;1730;+0200;2245;+0300;0;SK_9404-SK_714
VIE;1730;+0200;2245;+0300;0;OS_305-OS_7557
VIE;0715;+0200;1240;+0300;0;SK_9402-SK_6546
VIE;1955;+0200;0120;+0300;1;SK_9406-SK_6544
VIE;0705;+0200;1235;+0300;0;LH_6353-LH_2970
VIE;0630;+0200;1220;+0300;0;LH_6325-LH_2462
VIE;0945;+0200;1535;+0300;0;PS_9815-PS_621
VIE;1340;+0200;1930;+0300;0;BT_434-BT_339
VIE;0620;+0200;1215;+0300;0;LH_1247-LH_846
VIE;0625;+0200;1225;+0300;0;AB_8645-AB_8924
VIE;1340;+0200;1940;+0300;0;BT_434-BT_325
VIE;0810;+0200;1415;+0300;0;BT_432-BT_305
VIE;1325;+0200;1930;+0300;0;BT_432-BT_339
VIE;1650;+0200;2300;+0300;0;LH_6327-LH_2466
VIE;1920;+0200;0130;+0300;1;BD_2987-BD_3124
VIE;1920;+0200;0130;+0300;1;SK_3378-SK_3674
VIE;1920;+0200;0130;+0300;1;LH_1243-LH_854
VIE;0655;+0200;1310;+0300;0;KL_1838-KL_1167
VIE;1325;+0200;1940;+0300;0;BT_432-BT_325
VIE;0700;+0200;1320;+0300;0;SN_6002-SN_6751
VIE;0650;+0200;1320;+0300;0;SN_2910-SN_6751
VIE;1250;+0200;1925;+0300;0;LO_5224-LO_471
VIE;1055;+0200;1740;+0300;0;UA_8961-UA_9022
VIE;0620;+0200;1315;+0300;0;UA_8959-UA_8735
VIE;1000;+0200;1655;+0300;0;LX_1575-LX_4790
VIE;1050;+0200;1745;+0300;0;AB_8269-AB_8308
VIE;1340;+0200;2040;+0300;0;BT_434-BT_327
VIE;1830;+0200;0130;+0300;1;LH_1241-LH_854
VIE;1830;+0200;0130;+0300;1;SK_3298-SK_3674
VIE;0700;+0200;1405;+0300;0;LH_6331-LH_848
VIE;1055;+0200;1800;+0300;0;LH_1235-LH_850
VIE;1055;+0200;1800;+0300;0;SK_3708-SK_3616
VIE;1055;+0200;1800;+0300;0;UA_8961-UA_9022
VIE;0645;+0200;1355;+0300;0;SK_9408-SK_6428
VIE;1100;+0200;1810;+0300;0;LH_2327-LH_2464
VIE;1325;+0200;2040;+0300;0;BT_432-BT_327
VIE;1535;+0200;2255;+0300;0;AF_1739-AF_1798
VIE;1655;+0200;0015;+0300;1;AB_8273-AB_8310
VIE;1515;+0200;2245;+0300;0;SK_9414-SK_714
VIE;1515;+0200;2245;+0300;0;OS_303-OS_7557
VIE;1535;+0200;2305;+0300;0;LH_6339-LH_852
VIE;0740;+0200;1515;+0300;0;AA_6642-AA_6048
VIE;0935;+0200;1710;+0300;0;KL_1840-KL_1169
VIE;1530;+0200;2305;+0300;0;TP_8741-TP_7908
VIE;0620;+0200;1405;+0300;0;LH_1247-LH_848
VIE;0620;+0200;1405;+0300;0;SK_3730-SK_3606
VIE;0620;+0200;1405;+0300;0;UA_8959-UA_8735
NCE;0935;+0200;1420;+0300;0;6X_7821
NCE;1250;+0200;1810;+0300;0;LH_2273-LH_2464
NCE;0640;+0200;1220;+0300;0;LH_2279-LH_2462
NCE;0640;+0200;1220;+0300;0;SK_3284-SK_3668
NCE;1005;+0200;1545;+0300;0;SK_1830-SK_704
NCE;1210;+0200;1750;+0300;0;SK_2796-SK_712
NCE;1715;+0200;2300;+0300;0;LH_2275-LH_2466
NCE;1715;+0200;2300;+0300;0;SK_3330-SK_3684
NCE;1040;+0200;1655;+0300;0;LX_563-LX_4790
NCE;0650;+0200;1315;+0300;0;UA_9055-UA_8735
NCE;1340;+0200;2010;+0300;0;SK_794-SK_6541
NCE;0640;+0200;1315;+0300;0;UA_9055-UA_8735
NCE;1105;+0200;1740;+0300;0;UA_9057-UA_9022
NCE;1210;+0200;1850;+0300;0;SK_2796-SK_1710
NCE;1615;+0200;2255;+0300;0;AF_7715-AF_1798
NCE;1850;+0200;0130;+0300;1;LH_1065-LH_854
NCE;1850;+0200;0130;+0300;1;SK_3592-SK_3674
NCE;0625;+0200;1310;+0300;0;KL_1260-KL_1167
NCE;1730;+0200;0015;+0300;1;KL_1268-KL_1171
NCE;0755;+0200;1450;+0300;0;AF_7711-AF_2298
NCE;1045;+0200;1740;+0300;0;UA_9057-UA_9022
NCE;1105;+0200;1800;+0300;0;LH_1059-LH_850
NCE;1105;+0200;1800;+0300;0;SK_3268-SK_3616
NCE;1105;+0200;1800;+0300;0;UA_9057-UA_9022
NCE;0650;+0200;1350;+0300;0;OS_424-OS_345
NCE;0650;+0200;1405;+0300;0;LH_1069-LH_848
NCE;0650;+0200;1405;+0300;0;SK_3286-SK_3606
NCE;0650;+0200;1405;+0300;0;UA_9055-UA_8735
NCE;0800;+0200;1515;+0300;0;7X_3413-7X_604
NCE;0800;+0200;1515;+0300;0;6X_400-6X_3615
NCE;0800;+0200;1515;+0300;0;6X_343-6X_3615
NCE;0800;+0200;1515;+0300;0;6X_7893-6X_3615
NCE;1045;+0200;1800;+0300;0;UA_9057-UA_9022
NCE;1610;+0200;2325;+0300;0;SN_3622-SN_6755
NCE;1200;+0200;1920;+0300;0;6X_7897-6X_3618
NCE;0640;+0200;1405;+0300;0;UA_9055-UA_8735
NCE;0745;+0200;1515;+0300;0;6X_341-6X_3615
NCE;1200;+0200;1930;+0300;0;6X_7898-6X_798
NCE;1530;+0200;2300;+0300;0;BA_345-BA_6034
NCE;1555;+0200;2325;+0300;0;KF_5454-KF_34
NCE;1330;+0200;2105;+0300;0;BA_347-BA_6080
NCE;1330;+0200;2105;+0300;0;AA_6735-AA_6054
NCE;1525;+0200;2300;+0300;0;AA_6591-AA_6050
NCE;0710;+0200;1450;+0300;0;AF_7711-AF_2298
NCE;0730;+0200;1515;+0300;0;7X_9915-7X_604
NCE;0730;+0200;1515;+0300;0;7X_9900-7X_604
NCE;0730;+0200;1515;+0300;0;7X_9908-7X_604
NCE;0730;+0200;1515;+0300;0;7X_9914-7X_604
NCE;0730;+0200;1515;+0300;0;7X_9911-7X_604
NCE;0730;+0200;1515;+0300;0;AA_6587-AA_6048
NCE;0730;+0200;1515;+0300;0;7X_9906-7X_604
NCE;0730;+0200;1515;+0300;0;7X_9907-7X_604
NCE;0730;+0200;1515;+0300;0;7X_9902-7X_604
NCE;0730;+0200;1515;+0300;0;7X_9905-7X_604
NCE;0730;+0200;1515;+0300;0;7X_9917-7X_604
NCE;0730;+0200;1515;+0300;0;7X_9912-7X_604
NCE;0730;+0200;1515;+0300;0;7X_9910-7X_604
NCE;0730;+0200;1515;+0300;0;7X_9916-7X_604
NCE;0730;+0200;1515;+0300;0;7X_9901-7X_604
NCE;0730;+0200;1515;+0300;0;BA_341-BA_6032
NCE;0730;+0200;1515;+0300;0;7X_9904-7X_604
NCE;0730;+0200;1515;+0300;0;7X_9909-7X_604
NCE;0730;+0200;1515;+0300;0;7X_9903-7X_604
NCE;0730;+0200;1515;+0300;0;7X_9913-7X_604
NCE;1045;+0200;1830;+0300;0;6X_434-6X_7818
NCE;1145;+0200;1930;+0300;0;6X_436-6X_798
NCE;1515;+0200;2305;+0300;0;BD_3241-BD_3122
NCE;1515;+0200;2305;+0300;0;LH_1061-LH_852
NCE;1515;+0200;2305;+0300;0;SK_3302-SK_3672
NCE;1515;+0200;2305;+0300;0;NH_6134-NH_6173
NCE;1210;+0200;2010;+0300;0;SK_2796-SK_6541
NCE;1530;+0200;2335;+0300;0;BA_345-BA_798
NCE;1525;+0200;2335;+0300;0;AA_6591-AA_6463
NCE;0700;+0200;1515;+0300;0;6X_7829-6X_3615
NCE;0755;+0200;1615;+0300;0;AF_7711-AF_1498
NCE;1435;+0200;2255;+0300;0;AF_6245-AF_1798
NCE;0625;+0200;1450;+0300;0;AF_7713-AF_2298
NCE;1005;+0200;1830;+0300;0;6X_7813-6X_7818
NCE;1005;+0200;1830;+0300;0;6X_7804-6X_7818
NCE;1005;+0200;1830;+0300;0;6X_7809-6X_7818
NCE;1005;+0200;1830;+0300;0;6X_7800-6X_7818
NCE;1005;+0200;1830;+0300;0;6X_7802-6X_7818
NCE;1005;+0200;1830;+0300;0;6X_7814-6X_7818
NCE;1005;+0200;1830;+0300;0;6X_7807-6X_7818
NCE;1005;+0200;1830;+0300;0;6X_7811-6X_7818
NCE;1005;+0200;1830;+0300;0;6X_7805-6X_7818
NCE;1005;+0200;1830;+0300;0;6X_7812-6X_7818
NCE;1005;+0200;1830;+0300;0;6X_7803-6X_7818
NCE;1005;+0200;1830;+0300;0;6X_7810-6X_7818
NCE;1005;+0200;1830;+0300;0;6X_7801-6X_7818
NCE;1005;+0200;1830;+0300;0;6X_7815-6X_7818
NCE;1005;+0200;1830;+0300;0;6X_7806-6X_7818
NCE;1005;+0200;1830;+0300;0;6X_7808-6X_7818
NCE;1000;+0200;1830;+0300;0;6X_7894-6X_7818
NCE;1240;+0200;2115;+0300;0;SK_4704-SK_6590
NCE;1035;+0200;1915;+0300;0;AF_7701-AF_1098
NCE;1035;+0200;1915;+0300;0;AF_6209-AF_1098
NCE;1445;+0200;2325;+0300;0;LX_569-LX_4792
NCE;0945;+0200;1830;+0300;0;6X_7817-6X_7818
NCE;0945;+0200;1830;+0300;0;6X_432-6X_7818
NCE;1035;+0200;1920;+0300;0;AF_6209-AF_1098
NCE;1035;+0200;1920;+0300;0;AF_7701-AF_1098
NCE;1045;+0200;1930;+0300;0;6X_434-6X_798
NCE;0600;+0200;1450;+0300;0;AF_7713-AF_2298
NCE;1405;+0200;2255;+0300;0;AF_6217-AF_1798
NCE;0930;+0200;1830;+0300;0;6X_7816-6X_7818
NCE;1005;+0200;1905;+0300;0;SK_1830-SK_708
NCE;0710;+0200;1615;+0300;0;AF_7711-AF_1498
NCE;1200;+0200;2105;+0300;0;6X_7898-6X_3619
NCE;1340;+0200;2245;+0300;0;SK_794-SK_714
NCE;0705;+0200;1615;+0300;0;AF_6201-AF_1498
NCE;1005;+0200;1915;+0300;0;AF_6207-AF_1098
NCE;1155;+0200;2105;+0300;0;AA_6392-AA_6054
NCE;0600;+0200;1515;+0300;0;6X_562-6X_3615
NCE;0915;+0200;1830;+0300;0;6X_440-6X_7818
NCE;1005;+0200;1920;+0300;0;AF_6207-AF_1098
NCE;1150;+0200;2105;+0300;0;BA_343-BA_6080
NCE;1150;+0200;2105;+0300;0;AA_6392-AA_6054
NCE;1000;+0200;1920;+0300;0;6X_2211-6X_3618
NCE;1000;+0200;1920;+0300;0;6X_407-6X_3618
NCE;1000;+0200;1920;+0300;0;6X_7824-6X_3618
NCE;1145;+0200;2105;+0300;0;6X_436-6X_3619
NCE;1335;+0200;2255;+0300;0;AF_6223-AF_1798
NCE;1340;+0200;2300;+0300;0;BA_8476-BA_6034
NCE;1005;+0200;1930;+0300;0;6X_7809-6X_798
NCE;1005;+0200;1930;+0300;0;6X_7805-6X_798
NCE;1005;+0200;1930;+0300;0;6X_7810-6X_798
NCE;1005;+0200;1930;+0300;0;6X_7811-6X_798
NCE;1005;+0200;1930;+0300;0;6X_7803-6X_798
NCE;1005;+0200;1930;+0300;0;6X_7802-6X_798
NCE;1005;+0200;1930;+0300;0;6X_7808-6X_798
NCE;1005;+0200;1930;+0300;0;6X_7813-6X_798
NCE;1005;+0200;1930;+0300;0;6X_7814-6X_798
NCE;1005;+0200;1930;+0300;0;6X_7804-6X_798
NCE;1005;+0200;1930;+0300;0;6X_7815-6X_798
NCE;1005;+0200;1930;+0300;0;6X_7812-6X_798
NCE;1005;+0200;1930;+0300;0;6X_7801-6X_798
NCE;1005;+0200;1930;+0300;0;6X_7807-6X_798
NCE;1005;+0200;1930;+0300;0;6X_7800-6X_798
NCE;1005;+0200;1930;+0300;0;6X_7806-6X_798
NCE;1330;+0200;2255;+0300;0;AF_7703-AF_1798
NCE;0730;+0200;1700;+0300;0;BA_341-BA_794
NCE;0840;+0200;1810;+0300;0;SK_3308-SK_3362
NCE;0840;+0200;1810;+0300;0;LH_2271-LH_2464
NCE;0900;+0200;1830;+0300;0;6X_7876-6X_7818
NCE;0900;+0200;1830;+0300;0;6X_7841-6X_7818
NCE;0900;+0200;1830;+0300;0;6X_7837-6X_7818
NCE;0900;+0200;1830;+0300;0;6X_7840-6X_7818
NCE;0900;+0200;1830;+0300;0;6X_7883-6X_7818
NCE;0900;+0200;1830;+0300;0;6X_7834-6X_7818
NCE;0900;+0200;1830;+0300;0;6X_7839-6X_7818
NCE;0900;+0200;1830;+0300;0;6X_7881-6X_7818
NCE;0900;+0200;1830;+0300;0;6X_7880-6X_7818
NCE;0900;+0200;1830;+0300;0;6X_7892-6X_7818
NCE;0900;+0200;1830;+0300;0;6X_7877-6X_7818
NCE;0900;+0200;1830;+0300;0;6X_7882-6X_7818
NCE;0900;+0200;1830;+0300;0;6X_7846-6X_7818
NCE;0900;+0200;1830;+0300;0;6X_7887-6X_7818
NCE;0900;+0200;1830;+0300;0;6X_7847-6X_7818
NCE;0900;+0200;1830;+0300;0;6X_7844-6X_7818
NCE;0900;+0200;1830;+0300;0;6X_7835-6X_7818
NCE;0900;+0200;1830;+0300;0;6X_7889-6X_7818
NCE;0900;+0200;1830;+0300;0;6X_7885-6X_7818
NCE;0900;+0200;1830;+0300;0;6X_7830-6X_7818
NCE;0900;+0200;1830;+0300;0;6X_7843-6X_7818
NCE;0900;+0200;1830;+0300;0;6X_7838-6X_7818
NCE;0900;+0200;1830;+0300;0;6X_7845-6X_7818
NCE;0900;+0200;1830;+0300;0;6X_7886-6X_7818
NCE;0900;+0200;1830;+0300;0;6X_7875-6X_7818
NCE;0900;+0200;1830;+0300;0;6X_7891-6X_7818
NCE;0900;+0200;1830;+0300;0;6X_7833-6X_7818
NCE;0900;+0200;1830;+0300;0;6X_7884-6X_7818
NCE;0900;+0200;1830;+0300;0;6X_7879-6X_7818
NCE;0900;+0200;1830;+0300;0;6X_7836-6X_7818
NCE;0900;+0200;1830;+0300;0;6X_7831-6X_7818
NCE;0900;+0200;1830;+0300;0;6X_7842-6X_7818
NCE;0900;+0200;1830;+0300;0;6X_7888-6X_7818
NCE;0900;+0200;1830;+0300;0;6X_401-6X_7818
NCE;0900;+0200;1830;+0300;0;6X_438-6X_7818
NCE;0900;+0200;1830;+0300;0;6X_7878-6X_7818
NCE;0900;+0200;1830;+0300;0;6X_7890-6X_7818
NCE;0900;+0200;1830;+0300;0;6X_7832-6X_7818
NCE;1000;+0200;1930;+0300;0;6X_7894-6X_798
NCE;1000;+0200;1100;+0300;0;6X_7824
NCE;1145;+0200;1930;+0300;0;6X_7824-6X_798
NCE;1330;+0200;2300;+0300;0;AA_6735-AA_6050
NCE;1330;+0200;2300;+0300;0;BA_347-BA_6034
NCE;0730;+0200;1705;+0300;0;AA_6587-AA_6538
NCE;1350;+0200;2325;+0300;0;SN_3620-SN_6755
NCE;0845;+0200;1830;+0300;0;6X_430-6X_7818
NCE;0945;+0200;1930;+0300;0;6X_7817-6X_798
NCE;0945;+0200;1930;+0300;0;6X_432-6X_798
FRA;0855;+0200;1215;+0300;0;KF_5082
FRA;0855;+0200;1215;+0300;0;LH_846
FRA;0955;+0200;1315;+0300;0;UA_8735
FRA;1420;+0200;1740;+0300;0;UA_9022
FRA;1440;+0200;1800;+0300;0;KF_5074
FRA;1440;+0200;1800;+0300;0;UA_9022
FRA;1440;+0200;1800;+0300;0;LH_850
FRA;1440;+0200;1800;+0300;0;SK_3616
FRA;1930;+0200;2250;+0300;0;6X_3613
FRA;1930;+0200;2250;+0300;0;AY_826
FRA;1930;+0200;2250;+0300;0;JL_7806
FRA;1945;+0200;2305;+0300;0;LH_852
FRA;1945;+0200;2305;+0300;0;NH_6173
FRA;1945;+0200;2305;+0300;0;BD_3122
FRA;1945;+0200;2305;+0300;0;KF_5076
FRA;1945;+0200;2305;+0300;0;SK_3672
FRA;2210;+0200;0130;+0300;1;SK_3674
FRA;2210;+0200;0130;+0300;1;BD_3124
FRA;2210;+0200;0130;+0300;1;LH_854
FRA;2210;+0200;0130;+0300;1;KF_5078
FRA;1040;+0200;1405;+0300;0;UA_8735
FRA;1040;+0200;1405;+0300;0;LH_848
FRA;1040;+0200;1405;+0300;0;KF_5072
FRA;1040;+0200;1405;+0300;0;SK_3606
FRA;1145;+0200;1510;+0300;0;AY_822
FRA;1145;+0200;1510;+0300;0;AA_6046
FRA;1630;+0200;2115;+0300;0;SK_3620-SK_6590
FRA;0750;+0200;1240;+0300;0;SK_3626-SK_6546
FRA;1040;+0200;1545;+0300;0;SK_1632-SK_704
FRA;1245;+0200;1750;+0300;0;SK_1638-SK_712
FRA;1245;+0200;1750;+0300;0;LH_6222-LH_6288
FRA;1740;+0200;2245;+0300;0;LH_6032-LH_6292
FRA;1740;+0200;2245;+0300;0;SK_676-SK_714
FRA;1410;+0200;1925;+0300;0;LO_378-LO_471
FRA;1730;+0200;2245;+0300;0;SK_676-SK_714
FRA;1230;+0200;1750;+0300;0;SK_1638-SK_712
FRA;1450;+0200;2010;+0300;0;SK_8574-SK_6541
FRA;1520;+0200;2040;+0300;0;BT_242-BT_327
FRA;1855;+0200;0015;+0300;1;AB_6564-AB_8310
FRA;2000;+0200;0120;+0300;1;SK_1636-SK_6544
FRA;0755;+0200;1320;+0300;0;SN_7000-SN_6751
FRA;0650;+0200;1220;+0300;0;LH_98-LH_2462
FRA;0705;+0200;1235;+0300;0;LH_72-LH_2970
FRA;1715;+0200;2300;+0300;0;LH_116-LH_2466
FRA;1740;+0200;2325;+0300;0;SN_7010-SN_6755
FRA;0955;+0200;1545;+0300;0;LH_802-LH_6274
FRA;0955;+0200;1545;+0300;0;SK_3612-SK_704
FRA;1655;+0200;2245;+0300;0;SK_3628-SK_714
FRA;1655;+0200;2245;+0300;0;LH_830-LH_6292
FRA;1215;+0200;1810;+0300;0;LH_108-LH_2464
FRA;1650;+0200;2245;+0300;0;BD_3420-BD_3883
FRA;1745;+0200;2340;+0300;0;OS_132-OS_347
FRA;0710;+0200;1310;+0300;0;KL_1762-KL_1167
FRA;0750;+0200;1350;+0300;0;OS_128-OS_345
FRA;1245;+0200;1850;+0300;0;SK_1638-SK_1710
FRA;0705;+0200;1320;+0300;0;SN_7016-SN_6751
FRA;0740;+0200;1355;+0300;0;SK_3670-SK_6428
FRA;1800;+0200;0015;+0300;1;KL_1772-KL_1171
FRA;1800;+0200;0015;+0300;1;AB_6562-AB_8310
FRA;1050;+0200;1710;+0300;0;KL_1766-KL_1169
FRA;1230;+0200;1850;+0300;0;SK_1638-SK_1710
FRA;1125;+0200;1750;+0300;0;BD_3418-BD_3884
FRA;1715;+0200;2340;+0300;0;OS_7206-OS_347
FRA;1025;+0200;1655;+0300;0;LX_1071-LX_4790
FRA;1655;+0200;2325;+0300;0;SN_7008-SN_6755
FRA;0925;+0200;1600;+0300;0;KE_7608-KE_7639
FRA;0925;+0200;1600;+0300;0;OK_535-OK_480
FRA;1430;+0200;2115;+0300;0;SK_4756-SK_6590
FRA;1640;+0200;2325;+0300;0;LX_3609-LX_4792
FRA;1215;+0200;1905;+0300;0;SK_2636-SK_708
FRA;1215;+0200;1905;+0300;0;LH_6226-LH_6296
FRA;1610;+0200;2300;+0300;0;LH_114-LH_2466
FRA;1555;+0200;2255;+0300;0;AF_1919-AF_1798
FRA;0645;+0200;1350;+0300;0;OS_7260-OS_345
FRA;1630;+0200;2340;+0300;0;OS_7208-OS_347
BRU;1920;+0200;2245;+0300;0;AY_818
BRU;1140;+0200;1515;+0300;0;AY_812
BRU;1140;+0200;1515;+0300;0;AA_6044
BRU;1140;+0200;1515;+0300;0;JL_7822
BRU;1950;+0200;2325;+0300;0;SN_6755
BRU;0940;+0200;1320;+0300;0;KF_32
BRU;0940;+0200;1320;+0300;0;SN_6751
BRU;0940;+0200;1320;+0300;0;SK_6510
BRU;1945;+0200;2325;+0300;0;SK_6512
BRU;1945;+0200;2325;+0300;0;SN_6755
BRU;1945;+0200;2325;+0300;0;KF_34
BRU;2025;+0200;0120;+0300;1;SK_2590-SK_6544
BRU;0700;+0200;1210;+0300;0;SK_2594-SK_1712
BRU;0700;+0200;1210;+0300;0;UA_6904-UA_6929
BRU;1730;+0200;2245;+0300;0;BD_3724-BD_3883
BRU;1730;+0200;2245;+0300;0;SK_1594-SK_714
BRU;2035;+0200;0150;+0300;1;SN_7013-SN_7107
BRU;0655;+0200;1215;+0300;0;LH_1025-LH_846
BRU;1945;+0200;0105;+0300;1;BT_604-BT_329
BRU;0840;+0200;1405;+0300;0;LH_1005-LH_848
BRU;1245;+0200;1810;+0300;0;LH_2287-LH_2464
BRU;1325;+0200;1850;+0300;0;SK_1592-SK_1710
BRU;1740;+0200;2305;+0300;0;LH_1015-LH_852
BRU;0645;+0200;1220;+0300;0;LH_2297-LH_2462
BRU;0830;+0200;1405;+0300;0;LH_1005-LH_848
BRU;0700;+0200;1240;+0300;0;SK_2594-SK_6546
BRU;1705;+0200;2245;+0300;0;BD_5463-BD_3883
BRU;1000;+0200;1545;+0300;0;SK_590-SK_704
BRU;1125;+0200;1710;+0300;0;KL_1724-KL_1169
BRU;1715;+0200;2300;+0300;0;LH_2291-LH_2466
BRU;1825;+0200;0015;+0300;1;KL_1732-KL_1171
BRU;1100;+0200;1655;+0300;0;LX_779-LX_4790
BRU;1745;+0200;2340;+0300;0;OS_354-OS_347
BRU;1040;+0200;1650;+0300;0;SK_594-SK_6694
BRU;1920;+0200;0130;+0300;1;LH_1019-LH_854
BRU;0650;+0200;1315;+0300;0;SN_7015-SN_7101
BRU;0650;+0200;1315;+0300;0;UA_9355-UA_8735
BRU;1120;+0200;1750;+0300;0;BD_5457-BD_3884
BRU;1920;+0200;0150;+0300;1;SN_7011-SN_7107
BRU;1618;+0200;2255;+0300;0;AF_7186-AF_1798
BRU;1100;+0200;1740;+0300;0;UA_8820-UA_9022
BRU;1100;+0200;1740;+0300;0;SN_7003-SN_7103
BRU;0625;+0200;1310;+0300;0;KL_1720-KL_1167
BRU;0705;+0200;1350;+0300;0;OS_8172-OS_345
BRU;1325;+0200;2010;+0300;0;SK_1592-SK_6541
BRU;0910;+0200;1600;+0300;0;OK_631-OK_480
BRU;1110;+0200;1800;+0300;0;LH_1009-LH_850
BRU;1218;+0200;1915;+0300;0;AF_7192-AF_1098
BRU;1100;+0200;1800;+0300;0;UA_8820-UA_9022
BRU;1100;+0200;1800;+0300;0;LH_1009-LH_850
BRU;1830;+0200;0130;+0300;1;LH_1017-LH_854
BRU;1218;+0200;1920;+0300;0;AF_7192-AF_1098
BRU;0950;+0200;1655;+0300;0;LX_787-LX_4790
BRU;0955;+0200;1700;+0300;0;BA_391-BA_794
BRU;1105;+0200;1810;+0300;0;LH_2285-LH_2464
BRU;0655;+0200;1405;+0300;0;LH_1025-LH_848
BRU;0955;+0200;1705;+0300;0;AA_6424-AA_6538
BRU;1040;+0200;1750;+0300;0;BD_3734-BD_3884
BRU;1040;+0200;1750;+0300;0;SK_594-SK_712
BRU;1040;+0200;1750;+0300;0;UA_6902-UA_6927
BRU;0650;+0200;1405;+0300;0;UA_9355-UA_8735
BRU;1830;+0200;0150;+0300;1;SN_7009-SN_7107
BRU;1525;+0200;2300;+0300;0;AA_6428-AA_6050
BRU;1525;+0200;2300;+0300;0;BA_395-BA_6034
BRU;0710;+0200;1450;+0300;0;AF_7182-AF_2298
BRU;1600;+0200;2340;+0300;0;OS_8174-OS_347
BRU;0725;+0200;1515;+0300;0;BA_389-BA_6032
BRU;1455;+0200;2245;+0300;0;BD_5459-BD_3883
BRU;1730;+0200;0120;+0300;1;SK_1594-SK_6544
BRU;1740;+0200;0130;+0300;1;LH_1015-LH_854
BRU;1500;+0200;2300;+0300;0;LH_2289-LH_2466
ZRH;1910;+0200;2250;+0300;0;AY_864
ZRH;1055;+0200;1440;+0300;0;AA_6062
ZRH;1055;+0200;1440;+0300;0;AY_858
ZRH;1935;+0200;2325;+0300;0;LX_4792
ZRH;1935;+0200;2325;+0300;0;SK_6518
ZRH;1935;+0200;2325;+0300;0;KF_66
ZRH;1300;+0200;1655;+0300;0;LX_4790
ZRH;1300;+0200;1655;+0300;0;KF_64
ZRH;1300;+0200;1655;+0300;0;SK_6516
ZRH;1300;+0200;1655;+0300;0;TG_7416
ZRH;1350;+0200;1850;+0300;0;SK_604-SK_1710
ZRH;1915;+0200;0015;+0300;1;AB_8199-AB_8310
ZRH;0710;+0200;1220;+0300;0;LH_5783-LH_2462
ZRH;0725;+0200;1235;+0300;0;LH_5793-LH_2970
ZRH;2010;+0200;0120;+0300;1;SK_610-SK_6544
ZRH;1420;+0200;1940;+0300;0;BT_642-BT_325
ZRH;1725;+0200;2245;+0300;0;SK_3506-SK_714
ZRH;2005;+0200;0130;+0300;1;BD_3555-BD_3124
ZRH;2005;+0200;0130;+0300;1;LH_1199-LH_854
ZRH;0710;+0200;1240;+0300;0;SK_3502-SK_6546
ZRH;1220;+0200;1750;+0300;0;SK_3504-SK_712
ZRH;1730;+0200;2300;+0300;0;LH_2371-LH_2466
ZRH;1225;+0200;1800;+0300;0;LH_5775-LH_850
ZRH;0645;+0200;1225;+0300;0;AB_8119-AB_8924
ZRH;0815;+0200;1405;+0300;0;LH_5773-LH_848
ZRH;0815;+0200;1405;+0300;0;UA_8822-UA_8735
ZRH;0950;+0200;1545;+0300;0;SK_606-SK_704
ZRH;1215;+0200;1810;+0300;0;LH_5785-LH_2464
ZRH;1745;+0200;2340;+0300;0;OS_564-OS_347
ZRH;0720;+0200;1320;+0300;0;SN_5104-SN_6751
ZRH;0750;+0200;1350;+0300;0;OS_568-OS_345
ZRH;0945;+0200;1545;+0300;0;SK_606-SK_704
ZRH;0655;+0200;1310;+0300;0;KL_1952-KL_1167
ZRH;0750;+0200;1405;+0300;0;LH_1183-LH_848
ZRH;1030;+0200;1650;+0300;0;SK_602-SK_6694
ZRH;1350;+0200;2010;+0300;0;SK_604-SK_6541
ZRH;1420;+0200;2040;+0300;0;BT_642-BT_327
ZRH;1635;+0200;2255;+0300;0;AF_5105-AF_1798
ZRH;0950;+0200;1615;+0300;0;AF_5101-AF_1498
ZRH;1240;+0200;1905;+0300;0;SK_3514-SK_708
ZRH;1905;+0200;0130;+0300;1;LH_5779-LH_854
ZRH;1220;+0200;1850;+0300;0;SK_3504-SK_1710
ZRH;1655;+0200;2325;+0300;0;SN_5112-SN_6755
ZRH;1710;+0200;2340;+0300;0;OS_8806-OS_347
ZRH;0710;+0200;1350;+0300;0;OS_8802-OS_345
ZRH;1625;+0200;2305;+0300;0;LH_5777-LH_852
ZRH;1700;+0200;2340;+0300;0;OS_8806-OS_347
ZRH;1730;+0200;0015;+0300;1;KL_1962-KL_1171
ZRH;1050;+0200;1745;+0300;0;AB_8589-AB_8308
ZRH;0705;+0200;1405;+0300;0;LH_5771-LH_848
ZRH;0650;+0200;1355;+0300;0;SK_3508-SK_6428
ZRH;0735;+0200;1450;+0300;0;AF_5111-AF_2298
ZRH;0845;+0200;1600;+0300;0;OK_589-OK_480
ZRH;0935;+0200;1650;+0300;0;SK_602-SK_6694
ZRH;1030;+0200;1750;+0300;0;UA_6944-UA_6927
ZRH;1030;+0200;1750;+0300;0;SK_602-SK_712
ZRH;1205;+0200;1925;+0300;0;LO_5414-LO_471
ZRH;1810;+0200;0130;+0300;1;BD_3551-BD_3124
ZRH;1810;+0200;0130;+0300;1;LH_1197-LH_854
ZRH;1240;+0200;2005;+0300;0;SK_3514-SK_6424
ZRH;1535;+0200;2300;+0300;0;LH_5787-LH_2466
ZRH;1010;+0200;1740;+0300;0;UA_9051-UA_9022
ZRH;1530;+0200;2300;+0300;0;AA_6677-AA_6050
ZRH;1530;+0200;2300;+0300;0;BA_715-BA_6034
ZRH;1645;+0200;0015;+0300;1;AB_8317-AB_8310
ZRH;1330;+0200;2105;+0300;0;BA_713-BA_6080
ZRH;0925;+0200;1710;+0300;0;KL_1954-KL_1169
ZRH;1320;+0200;2105;+0300;0;AA_6485-AA_6054
ZRH;1520;+0200;2305;+0300;0;BD_3559-BD_3122
ZRH;1520;+0200;2305;+0300;0;LH_1193-LH_852
DUS;1845;+0200;2200;+0300;0;AY_708
DUS;0915;+0200;1235;+0300;0;LH_2970
DUS;1150;+0200;1510;+0300;0;AY_704
DUS;1150;+0200;1510;+0300;0;JL_7810
DUS;0900;+0200;1225;+0300;0;AB_8924
DUS;1325;+0200;1750;+0300;0;SK_626-SK_712
DUS;1310;+0200;1745;+0300;0;AB_6442-AB_8308
DUS;1300;+0200;1745;+0300;0;AB_6442-AB_8308
DUS;1800;+0200;2305;+0300;0;LH_85-LH_852
DUS;0650;+0200;1210;+0300;0;LH_6206-LH_6282
DUS;0650;+0200;1210;+0300;0;SK_620-SK_1712
DUS;1250;+0200;1810;+0300;0;LH_2009-LH_2464
DUS;0655;+0200;1220;+0300;0;LH_2023-LH_2462
DUS;1325;+0200;1850;+0300;0;SK_626-SK_1710
DUS;1735;+0200;2300;+0300;0;LH_2015-LH_2466
DUS;1850;+0200;0015;+0300;1;AB_6448-AB_8310
DUS;1400;+0200;1930;+0300;0;BT_232-BT_339
DUS;0830;+0200;1405;+0300;0;LH_75-LH_848
DUS;1400;+0200;1940;+0300;0;BT_232-BT_325
DUS;1755;+0200;2340;+0300;0;OS_7246-OS_347
DUS;0650;+0200;1240;+0300;0;SK_620-SK_6546
DUS;1750;+0200;2340;+0300;0;OS_7246-OS_347
DUS;1320;+0200;1915;+0300;0;AF_1607-AF_1098
DUS;1820;+0200;0015;+0300;1;KL_1862-KL_1171
DUS;1200;+0200;1800;+0300;0;LH_79-LH_850
DUS;1320;+0200;1920;+0300;0;AF_1607-AF_1098
DUS;0615;+0200;1220;+0300;0;LH_2027-LH_2462
DUS;0605;+0200;1215;+0300;0;LH_73-LH_846
DUS;1315;+0200;1925;+0300;0;LO_5398-LO_471
DUS;1855;+0200;0120;+0300;1;SK_628-SK_6544
DUS;1905;+0200;0130;+0300;1;LH_87-LH_854
DUS;1625;+0200;2255;+0300;0;AF_1907-AF_1798
DUS;1630;+0200;2300;+0300;0;LH_2013-LH_2466
DUS;1655;+0200;2325;+0300;0;LX_3641-LX_4792
DUS;1705;+0200;2340;+0300;0;OS_7248-OS_347
DUS;0710;+0200;1350;+0300;0;OS_7250-OS_345
DUS;1010;+0200;1650;+0300;0;SK_1630-SK_6694
DUS;1400;+0200;2040;+0300;0;BT_232-BT_327
DUS;1605;+0200;2245;+0300;0;SK_1622-SK_714
DUS;1605;+0200;2245;+0300;0;LH_6212-LH_6292
DUS;0625;+0200;1310;+0300;0;KL_1852-KL_1167
DUS;1325;+0200;2010;+0300;0;SK_626-SK_6541
DUS;1645;+0200;2335;+0300;0;BA_941-BA_798
DUS;1645;+0200;2335;+0300;0;AA_6515-AA_6463
DUS;0905;+0200;1600;+0300;0;KE_7620-KE_7639
DUS;0905;+0200;1600;+0300;0;OK_523-OK_480
DUS;0955;+0200;1655;+0300;0;LX_1017-LX_4790
DUS;1205;+0200;1905;+0300;0;LH_2922-LH_6296
DUS;1205;+0200;1905;+0300;0;SK_3690-SK_708
DUS;0650;+0200;1355;+0300;0;SK_3696-SK_6428
DUS;1040;+0200;1800;+0300;0;SU_2331-SU_2200
DUS;0725;+0200;1450;+0300;0;AF_1107-AF_2298
DUS;1045;+0200;1810;+0300;0;LH_2005-LH_2464
DUS;0720;+0200;1450;+0300;0;AF_1107-AF_2298
DUS;1645;+0200;0015;+0300;1;AB_6446-AB_8310
DUS;1800;+0200;0130;+0300;1;LH_85-LH_854
DUS;1330;+0200;2105;+0300;0;BA_939-BA_6080
DUS;1330;+0200;2105;+0300;0;AA_6513-AA_6054
DUS;1010;+0200;1750;+0300;0;LH_6210-LH_6288
DUS;1010;+0200;1750;+0300;0;SK_1630-SK_712
DUS;1020;+0200;1800;+0300;0;LH_77-LH_850
DUB;1850;+0100;0120;+0300;1;SK_2538-SK_6544
DUB;1105;+0100;1750;+0300;0;SK_538-SK_712
DUB;1715;+0100;0015;+0300;1;KL_3160-KL_1171
DUB;0600;+0100;1310;+0300;0;KL_3152-KL_1167
DUB;0650;+0100;1405;+0300;0;LH_983-LH_848
DUB;1150;+0100;1905;+0300;0;SK_536-SK_708
DUB;1810;+0100;0130;+0300;1;LH_981-LH_854
DUB;0945;+0100;1710;+0300;0;KL_3154-KL_1169
DUB;1105;+0100;1850;+0300;0;SK_538-SK_1710
DUB;1550;+0100;2335;+0300;0;BA_5974-BA_798
DUB;1500;+0100;2255;+0300;0;AF_5009-AF_1798
DUB;0850;+0100;1700;+0300;0;BA_5956-BA_794
DUB;0700;+0100;1515;+0300;0;6X_421-6X_3615
DUB;1150;+0100;2005;+0300;0;SK_536-SK_6424
DUB;1440;+0100;2300;+0300;0;BA_5968-BA_6034
DUB;0620;+0100;1450;+0300;0;AF_5003-AF_2298
DUB;0640;+0100;1515;+0300;0;BA_5952-BA_6032
DUB;1210;+0100;2105;+0300;0;BA_5964-BA_6080
DUB;1440;+0100;2335;+0300;0;BA_5968-BA_798
DUB;1105;+0100;2010;+0300;0;SK_538-SK_6541
DUB;1210;+0100;2115;+0300;0;SK_4604-SK_6590
DUB;1340;+0100;2300;+0300;0;BA_5966-BA_6034
DUB;0730;+0100;1700;+0300;0;BA_5954-BA_794
DUB;0620;+0100;1615;+0300;0;AF_5003-AF_1498
DUB;1340;+0100;2335;+0300;0;BA_5966-BA_798
DUB;0910;+0100;1915;+0300;0;AF_5001-AF_1098
DUB;0910;+0100;1920;+0300;0;AF_5001-AF_1098
DUB;1245;+0100;2300;+0300;0;BA_5836-BA_6034
DUB;0640;+0100;1700;+0300;0;BA_5830-BA_794
DUB;0640;+0100;1700;+0300;0;BA_5952-BA_794
DUB;0800;+0100;1830;+0300;0;6X_423-6X_7818
DUB;1330;+0100;0015;+0300;1;KL_3158-KL_1171
DUB;1210;+0100;2300;+0300;0;BA_5964-BA_6034
DUB;1245;+0100;2335;+0300;0;BA_5836-BA_798
DUB;1155;+0100;2255;+0300;0;AF_5005-AF_1798
DUB;1200;+0100;2305;+0300;0;LH_979-LH_852
DUB;0600;+0100;1710;+0300;0;KL_3152-KL_1169
DUB;0650;+0100;1800;+0300;0;LH_983-LH_850
DUB;0950;+0100;2105;+0300;0;BA_5958-BA_6080
DUB;1210;+0100;2335;+0300;0;BA_5964-BA_798
DUB;0700;+0100;1830;+0300;0;6X_421-6X_7818
DUB;0800;+0100;1930;+0300;0;6X_423-6X_798
DUB;1105;+0100;2245;+0300;0;SK_538-SK_714
DUB;1210;+0100;2005;+0300;0;SK_4604-SK_882-SK_6424
DUB;1105;+0100;1905;+0300;0;SK_538-SK_408-SK_708
DUB;1105;+0100;2005;+0300;0;SK_538-SK_1424-SK_6424
DUB;1105;+0100;2005;+0300;0;SK_538-SK_408-SK_6424
DUB;0645;+0100;1650;+0300;0;SK_9776-SK_502-SK_6694
DUB;1105;+0100;2115;+0300;0;SK_538-SK_1460-SK_6590
DUB;1105;+0100;2115;+0300;0;SK_538-SK_460-SK_6590
DUB;1210;+0100;2245;+0300;0;SK_4604-SK_1471-SK_714
DUB;1210;+0100;2245;+0300;0;SK_4604-SK_1477-SK_714
DUB;1210;+0100;2245;+0300;0;SK_4604-SK_461-SK_714
DUB;1430;+0100;0120;+0300;1;SK_9708-SK_1516-SK_6544
DUB;0650;+0100;1750;+0300;0;BD_120-BD_3702-BD_3884
DUB;1430;+0100;0130;+0300;1;LH_6500-LH_911-LH_854
DUB;1430;+0100;0130;+0300;1;BD_124-BD_3235-BD_3124
DUB;1430;+0100;0130;+0300;1;LH_6500-LH_915-LH_854
DUB;1430;+0100;0130;+0300;1;BD_124-BD_3233-BD_3124
DUB;0645;+0100;1750;+0300;0;SK_9776-SK_502-SK_712
DUB;0800;+0100;1920;+0300;0;6X_423-6X_312-6X_3618
DUB;0840;+0100;2005;+0300;0;SK_9776-SK_532-SK_6424
DUB;0950;+0100;2130;+0300;0;BA_5958-BA_766-BA_6078
DUB;1345;+0100;0130;+0300;1;BD_124-BD_3233-BD_3124
DUB;1345;+0100;0130;+0300;1;BD_124-BD_3235-BD_3124
DUB;1345;+0100;0130;+0300;1;LH_6480-LH_899-LH_854
DUB;1345;+0100;0130;+0300;1;LH_6480-LH_911-LH_854
DUB;1345;+0100;0130;+0300;1;LH_6480-LH_915-LH_854
GVA;1900;+0200;2255;+0300;0;AY_870
GVA;1050;+0200;1450;+0300;0;AY_868
GVA;1050;+0200;1450;+0300;0;AY_3746
GVA;1140;+0200;1650;+0300;0;SK_1610-SK_6694
GVA;1255;+0200;1810;+0300;0;LH_2383-LH_2464
GVA;1130;+0200;1650;+0300;0;SK_1610-SK_6694
GVA;2000;+0200;0120;+0300;1;SK_618-SK_6544
GVA;2005;+0200;0130;+0300;1;BD_3101-BD_3124
GVA;2005;+0200;0130;+0300;1;LH_1225-LH_854
GVA;2000;+0200;0130;+0300;1;BD_3117-BD_3124
GVA;0645;+0200;1220;+0300;0;LH_2391-LH_2462
GVA;0630;+0200;1210;+0300;0;SK_1612-SK_1712
GVA;1105;+0200;1655;+0300;0;LX_2809-LX_4790
GVA;0715;+0200;1310;+0300;0;KL_1924-KL_1167
GVA;1700;+0200;2255;+0300;0;AF_2343-AF_1798
GVA;1745;+0200;2340;+0300;0;OS_582-OS_347
GVA;1700;+0200;2300;+0300;0;LH_2385-LH_2466
GVA;1725;+0200;2325;+0300;0;KF_5696-KF_34
GVA;1720;+0200;2325;+0300;0;SN_2720-SN_6755
GVA;0630;+0200;1240;+0300;0;SK_1612-SK_6546
GVA;0705;+0200;1315;+0300;0;UA_9035-UA_8735
GVA;1140;+0200;1750;+0300;0;SK_1610-SK_712
GVA;0700;+0200;1315;+0300;0;UA_9035-UA_8735
GVA;1130;+0200;1750;+0300;0;SK_1610-SK_712
GVA;1130;+0200;1750;+0300;0;UA_6918-UA_6927
GVA;0650;+0200;1320;+0300;0;SN_2724-SN_6751
GVA;0650;+0200;1320;+0300;0;KF_5692-KF_32
GVA;0720;+0200;1350;+0300;0;OS_578-OS_345
GVA;1110;+0200;1740;+0300;0;UA_9041-UA_9022
GVA;1230;+0200;1905;+0300;0;SK_2616-SK_708
GVA;1100;+0200;1740;+0300;0;UA_9041-UA_9022
GVA;1010;+0200;1655;+0300;0;LX_2807-LX_4790
GVA;1110;+0200;1800;+0300;0;UA_9041-UA_9022
GVA;1110;+0200;1800;+0300;0;LH_1215-LH_850
GVA;1835;+0200;0130;+0300;1;BD_3119-BD_3124
GVA;1835;+0200;0130;+0300;1;LH_1223-LH_854
GVA;0705;+0200;1405;+0300;0;LH_1229-LH_848
GVA;0705;+0200;1405;+0300;0;UA_9035-UA_8735
GVA;1100;+0200;1800;+0300;0;UA_9041-UA_9022
GVA;0700;+0200;1405;+0300;0;UA_9035-UA_8735
GVA;1140;+0200;1850;+0300;0;SK_1610-SK_1710
GVA;1205;+0200;1915;+0300;0;AF_1843-AF_1098
GVA;1705;+0200;0015;+0300;1;KL_1932-KL_1171
GVA;0900;+0200;1615;+0300;0;AF_1543-AF_1498
GVA;1200;+0200;1915;+0300;0;AF_1843-AF_1098
GVA;1205;+0200;1920;+0300;0;AF_1843-AF_1098
GVA;1350;+0200;2105;+0300;0;BA_729-BA_6080
GVA;1350;+0200;2105;+0300;0;AA_6339-AA_6054
GVA;0730;+0200;1450;+0300;0;AF_1243-AF_2298
GVA;1130;+0200;1850;+0300;0;SK_1610-SK_1710
GVA;1200;+0200;1920;+0300;0;AF_1843-AF_1098
GVA;1525;+0200;2255;+0300;0;AF_2143-AF_1798
GVA;1230;+0200;2005;+0300;0;SK_2616-SK_6424
GVA;1520;+0200;2300;+0300;0;AA_6341-AA_6050
GVA;1750;+0200;0130;+0300;1;LH_1221-LH_854
GVA;1750;+0200;0130;+0300;1;BD_3103-BD_3124
GVA;0730;+0200;1515;+0300;0;BA_723-BA_6032
GVA;0730;+0200;1515;+0300;0;AA_6333-AA_6048
GVA;1515;+0200;2300;+0300;0;BA_731-BA_6034
GVA;1515;+0200;2300;+0300;0;AA_6341-AA_6050
GVA;1510;+0200;2305;+0300;0;BD_3107-BD_3122
GVA;1510;+0200;2305;+0300;0;LH_1219-LH_852
GVA;0910;+0200;1710;+0300;0;KL_1926-KL_1169
GVA;1520;+0200;2335;+0300;0;AA_6341-AA_6463
GVA;1505;+0200;2325;+0300;0;LX_2813-LX_4792
GVA;1515;+0200;2335;+0300;0;AA_6341-AA_6463
GVA;1515;+0200;2335;+0300;0;BA_731-BA_798
GVA;0915;+0200;1740;+0300;0;UA_8875-UA_9022
GVA;0910;+0200;1740;+0300;0;UA_8875-UA_9022
GVA;1140;+0200;2010;+0300;0;SK_1610-SK_6541
GVA;1130;+0200;2010;+0300;0;SK_1610-SK_6541
GVA;0730;+0200;1615;+0300;0;AF_1243-AF_1498
GVA;0915;+0200;1800;+0300;0;LH_1213-LH_850
GVA;0915;+0200;1800;+0300;0;UA_8875-UA_9022
GVA;1030;+0200;1915;+0300;0;AF_1643-AF_1098
GVA;0910;+0200;1800;+0300;0;UA_8875-UA_9022
GVA;1030;+0200;1920;+0300;0;AF_1643-AF_1098
GVA;1400;+0200;2255;+0300;0;AF_2043-AF_1798
VCE;1155;+0200;1545;+0300;0;AY_772
VCE;1255;+0200;1810;+0300;0;LH_1909-LH_2464
VCE;0700;+0200;1220;+0300;0;UA_9404-UA_9098
VCE;0650;+0200;1220;+0300;0;LH_1915-LH_2462
VCE;0700;+0200;1230;+0300;0;UA_9404-UA_9098
VCE;1330;+0200;1905;+0300;0;SK_1848-SK_708
VCE;1710;+0200;2300;+0300;0;LH_1911-LH_2466
VCE;1825;+0200;0015;+0300;1;AB_8991-AB_8310
VCE;1440;+0200;2040;+0300;0;BT_628-BT_327
VCE;0655;+0200;1315;+0300;0;UA_9079-UA_8735
VCE;0645;+0200;1310;+0300;0;KL_1650-KL_1167
VCE;0645;+0200;1310;+0300;0;AZ_7732-AZ_3808
VCE;0650;+0200;1315;+0300;0;UA_9079-UA_8735
VCE;1330;+0200;2005;+0300;0;SK_1848-SK_6424
VCE;0705;+0200;1350;+0300;0;OS_528-OS_345
VCE;1730;+0200;0015;+0300;1;AZ_7736-AZ_3896
VCE;1730;+0200;0015;+0300;1;KL_1656-KL_1171
VCE;1220;+0200;1915;+0300;0;AF_1427-AF_1098
VCE;1220;+0200;1920;+0300;0;AF_1427-AF_1098
VCE;1830;+0200;0130;+0300;1;LH_329-LH_854
VCE;1830;+0200;0130;+0300;1;SK_3700-SK_3674
VCE;1830;+0200;0130;+0300;1;BD_3409-BD_3124
VCE;0655;+0200;1405;+0300;0;UA_9079-UA_8735
VCE;1030;+0200;1740;+0300;0;UA_9058-UA_9022
VCE;0650;+0200;1405;+0300;0;SK_3712-SK_3606
VCE;0650;+0200;1405;+0300;0;UA_9079-UA_8735
VCE;0650;+0200;1405;+0300;0;LH_333-LH_848
VCE;0940;+0200;1655;+0300;0;LX_1661-LX_4790
VCE;1015;+0200;1740;+0300;0;UA_9058-UA_9022
VCE;1030;+0200;1800;+0300;0;UA_9058-UA_9022
VCE;0710;+0200;1450;+0300;0;AF_2527-AF_2298
VCE;1015;+0200;1800;+0300;0;UA_9058-UA_9022
VCE;1015;+0200;1800;+0300;0;LH_325-LH_850
VCE;1015;+0200;1800;+0300;0;SK_3710-SK_3616
VCE;1510;+0200;2255;+0300;0;AF_1727-AF_1798
VCE;0700;+0200;1450;+0300;0;AF_2527-AF_2298
VCE;1440;+0200;2325;+0300;0;LX_1663-LX_4792
VCE;1415;+0200;2305;+0300;0;BD_3407-BD_3122
VCE;1415;+0200;2305;+0300;0;NH_6200-NH_6173
VCE;1415;+0200;2305;+0300;0;LH_327-LH_852
VCE;1415;+0200;2305;+0300;0;SK_3778-SK_3672
VCE;0710;+0200;1615;+0300;0;AF_2527-AF_1498
VCE;1005;+0200;1915;+0300;0;AF_1127-AF_1098
VCE;0700;+0200;1615;+0300;0;AF_2527-AF_1498
VCE;1000;+0200;1915;+0300;0;AF_1127-AF_1098
VCE;1005;+0200;1920;+0300;0;AF_1127-AF_1098
VCE;1000;+0200;1920;+0300;0;AF_1127-AF_1098
VCE;1340;+0200;2300;+0300;0;AA_6318-AA_6050
VCE;1335;+0200;2300;+0300;0;BA_579-BA_6034
VCE;0840;+0200;1810;+0300;0;LH_1907-LH_2464
VCE;1135;+0200;2105;+0300;0;BA_2583-BA_6080
VCE;1440;+0200;0015;+0300;1;AB_8991-AB_8310
VCE;1340;+0200;2335;+0300;0;AA_6318-AA_6463
VCE;1335;+0200;2335;+0300;0;BA_579-BA_798
VCE;1255;+0200;2300;+0300;0;LH_1909-LH_2466
VCE;0645;+0200;1710;+0300;0;AZ_7732-AZ_3810
VCE;0645;+0200;1710;+0300;0;KL_1650-KL_1169
VCE;1440;+0200;0105;+0300;1;BT_628-BT_329
HAM;1300;+0200;1550;+0300;0;JL_7814
HAM;1300;+0200;1550;+0300;0;AY_852
HAM;1910;+0200;2200;+0300;0;AY_856
HAM;0635;+0200;1045;+0300;0;SK_648-SK_6539
HAM;1335;+0200;1750;+0300;0;SK_1648-SK_712
HAM;1335;+0200;1750;+0300;0;LH_6054-LH_6288
HAM;2050;+0200;0105;+0300;1;BT_254-BT_329
HAM;1540;+0200;2010;+0300;0;SK_650-SK_6541
HAM;1335;+0200;1850;+0300;0;SK_1648-SK_1710
HAM;1350;+0200;1905;+0300;0;LH_2928-LH_6296
HAM;1350;+0200;1905;+0300;0;SK_3638-SK_708
HAM;0840;+0200;1405;+0300;0;LH_7-LH_848
HAM;0645;+0200;1215;+0300;0;LH_31-LH_846
HAM;1730;+0200;2300;+0300;0;LH_2075-LH_2466
HAM;0635;+0200;1210;+0300;0;SK_648-SK_1712
HAM;0635;+0200;1210;+0300;0;LH_6058-LH_6282
HAM;1225;+0200;1800;+0300;0;LH_15-LH_850
HAM;1235;+0200;1810;+0300;0;LH_2067-LH_2464
HAM;0640;+0200;1220;+0300;0;LH_2087-LH_2462
HAM;0635;+0200;1225;+0300;0;AB_6745-AB_8924
HAM;0645;+0200;1235;+0300;0;LH_2701-LH_2970
HAM;1750;+0200;2340;+0300;0;OS_7256-OS_347
HAM;1825;+0200;0015;+0300;1;KL_1784-KL_1171
HAM;1925;+0200;0120;+0300;1;SK_652-SK_6544
HAM;0805;+0200;1405;+0300;0;LH_5-LH_848
HAM;1930;+0200;0130;+0300;1;LH_27-LH_854
HAM;0635;+0200;1240;+0300;0;SK_648-SK_6546
HAM;1700;+0200;2305;+0300;0;LH_21-LH_852
HAM;1735;+0200;2340;+0300;0;OS_7256-OS_347
HAM;0605;+0200;1215;+0300;0;LH_1-LH_846
HAM;0800;+0200;1415;+0300;0;BT_252-BT_305
HAM;1300;+0200;1915;+0300;0;AF_1711-AF_1098
HAM;1350;+0200;2005;+0300;0;SK_3638-SK_6424
HAM;1300;+0200;1920;+0300;0;AF_1711-AF_1098
HAM;0650;+0200;1320;+0300;0;SN_2630-SN_6751
HAM;0735;+0200;1405;+0300;0;LH_3-LH_848
HAM;1630;+0200;2300;+0300;0;LH_2073-LH_2466
HAM;1335;+0200;2010;+0300;0;SK_1648-SK_6541
HAM;1850;+0200;0130;+0300;1;LH_25-LH_854
HAM;0700;+0200;1350;+0300;0;OS_7252-OS_345
HAM;0705;+0200;1355;+0300;0;SK_3666-SK_6428
HAM;1110;+0200;1800;+0300;0;LH_13-LH_850
HAM;0610;+0200;1310;+0300;0;KL_1776-KL_1167
HAM;0900;+0200;1600;+0300;0;KE_7616-KE_7639
HAM;0950;+0200;1650;+0300;0;SK_646-SK_6694
HAM;1110;+0200;1810;+0300;0;LH_2065-LH_2464
HAM;0855;+0200;1600;+0300;0;OK_543-OK_480
HAM;1410;+0200;2115;+0300;0;SK_3660-SK_6590
HAM;1540;+0200;2245;+0300;0;SK_650-SK_714
HAM;1540;+0200;2245;+0300;0;LH_6046-LH_6292
HAM;0945;+0200;1655;+0300;0;LX_1051-LX_4790
HAM;1615;+0200;2325;+0300;0;SN_2626-SN_6755
HAM;0735;+0200;1450;+0300;0;AF_2511-AF_2298
HAM;0645;+0200;1405;+0300;0;LH_31-LH_848
HAM;1810;+0200;0130;+0300;1;LH_23-LH_854
OSL;0845;+0200;1105;+0300;0;AY_652
OSL;1705;+0200;1925;+0300;0;AY_660
OSL;1910;+0200;2130;+0300;0;AY_658
OSL;0830;+0200;1055;+0300;0;SK_6578
OSL;0830;+0200;1055;+0300;0;KF_664
OSL;1315;+0200;1540;+0300;0;AY_656
OSL;1315;+0200;1540;+0300;0;JL_7800
OSL;1400;+0200;1625;+0300;0;KF_676
OSL;1850;+0200;2115;+0300;0;SK_6590
OSL;1850;+0200;2115;+0300;0;KF_678
OSL;1515;+0200;1905;+0300;0;SK_496-SK_708
OSL;1600;+0200;2005;+0300;0;SK_882-SK_6424
OSL;2040;+0200;0105;+0300;1;BT_154-BT_329
OSL;1220;+0200;1650;+0300;0;SK_1467-SK_6694
OSL;1320;+0200;1750;+0300;0;SK_3051-SK_712
OSL;0610;+0200;1045;+0300;0;SK_1461-SK_6539
OSL;2045;+0200;0120;+0300;1;SK_1475-SK_6544
OSL;1805;+0200;2245;+0300;0;BD_3873-BD_3883
OSL;1805;+0200;2245;+0300;0;SK_1477-SK_714
OSL;0910;+0200;1355;+0300;0;SK_484-SK_6428
OSL;1100;+0200;1545;+0300;0;SK_864-SK_704
OSL;1525;+0200;2010;+0300;0;SK_459-SK_6541
OSL;2035;+0200;0120;+0300;1;SK_1475-SK_6544
OSL;1515;+0200;2005;+0300;0;SK_496-SK_6424
OSL;1050;+0200;1545;+0300;0;SK_864-SK_704
OSL;1410;+0200;1905;+0300;0;SK_874-SK_708
OSL;1750;+0200;2245;+0300;0;SK_3033-SK_714
OSL;0710;+0200;1210;+0300;0;SK_1463-SK_1712
OSL;1300;+0200;1800;+0300;0;BT_160-BT_307
OSL;1345;+0200;1850;+0300;0;SK_1469-SK_1710
OSL;1400;+0200;1905;+0300;0;SK_874-SK_708
OSL;1730;+0200;2245;+0300;0;BD_3877-BD_3883
OSL;1730;+0200;2245;+0300;0;SK_461-SK_714
OSL;0830;+0200;1355;+0300;0;SK_480-SK_6428
OSL;0710;+0200;1240;+0300;0;SK_1463-SK_6546
OSL;1220;+0200;1750;+0300;0;BD_3869-BD_3884
OSL;1220;+0200;1750;+0300;0;SK_1467-SK_712
OSL;1320;+0200;1850;+0300;0;SK_3051-SK_1710
OSL;0615;+0200;1210;+0300;0;SK_3169-SK_1712
OSL;1410;+0200;2005;+0300;0;SK_874-SK_6424
OSL;0610;+0200;1210;+0300;0;SK_1461-SK_1712
OSL;1400;+0200;2005;+0300;0;SK_874-SK_6424
OSL;0745;+0200;1355;+0300;0;SK_848-SK_6428
MAN;1750;+0100;2230;+0300;0;AY_938
MAN;1750;+0100;2230;+0300;0;BA_6008
MAN;1025;+0100;1515;+0300;0;AY_934
MAN;1025;+0100;1515;+0300;0;AA_6061
MAN;1025;+0100;1515;+0300;0;BA_6004
MAN;1735;+0100;2055;+0300;0;6X_6008
MAN;2125;+0100;2320;+0300;0;6X_6008
MAN;1910;+0100;0120;+0300;1;SK_542-SK_6544
MAN;1015;+0100;1650;+0300;0;SK_540-SK_6694
MAN;1740;+0100;0015;+0300;1;KL_1094-KL_1171
MAN;1415;+0100;2105;+0300;0;6X_1395-6X_3619
MAN;1415;+0100;2105;+0300;0;6X_1095-6X_3619
MAN;0710;+0100;1405;+0300;0;LH_949-LH_848
MAN;1825;+0100;0130;+0300;1;BD_3357-BD_3124
MAN;1825;+0100;0130;+0300;1;LH_947-LH_854
MAN;0600;+0100;1310;+0300;0;KL_1072-KL_1167
MAN;1100;+0100;1810;+0300;0;LH_2501-LH_2464
MAN;1530;+0100;2300;+0300;0;BA_1399-BA_6034
MAN;1015;+0100;1750;+0300;0;BD_3892-BD_3884
MAN;1015;+0100;1750;+0300;0;SK_540-SK_712
MAN;1325;+0100;2105;+0300;0;BA_1395-BA_6080
MAN;1505;+0100;2255;+0300;0;AF_2269-AF_1798
MAN;0715;+0100;1515;+0300;0;BA_1385-BA_6032
MAN;0905;+0100;1710;+0300;0;KL_1074-KL_1169
MAN;1530;+0100;2335;+0300;0;BA_1399-BA_798
MAN;0840;+0100;1655;+0300;0;LX_391-LX_4790
MAN;1600;+0100;0015;+0300;1;KL_1088-KL_1171
MAN;1000;+0100;1830;+0300;0;6X_2909-6X_7818
MAN;1000;+0100;1830;+0300;0;6X_2905-6X_7818
MAN;1015;+0100;1850;+0300;0;SK_540-SK_1710
MAN;0630;+0100;1515;+0300;0;6X_4083-6X_3615
MAN;0630;+0100;1515;+0300;0;6X_1083-6X_3615
MAN;0630;+0100;1515;+0300;0;6X_1383-6X_3615
MAN;0815;+0100;1700;+0300;0;BA_1387-BA_794
MAN;1005;+0100;1905;+0300;0;SK_2548-SK_708
MAN;1200;+0100;2105;+0300;0;BA_2907-BA_6080
MAN;0850;+0100;1800;+0300;0;LH_941-LH_850
MAN;1000;+0100;1930;+0300;0;6X_2909-6X_798
MAN;1000;+0100;1930;+0300;0;6X_2905-6X_798
MAN;1355;+0100;2325;+0300;0;SN_2176-SN_6755
MAN;0940;+0100;1915;+0300;0;AF_1669-AF_1098
MAN;1325;+0100;2300;+0300;0;BA_1395-BA_6034
MAN;0940;+0100;1920;+0300;0;AF_1669-AF_1098
MAN;1345;+0100;2325;+0300;0;LX_395-LX_4792
MAN;0715;+0100;1700;+0300;0;BA_1385-BA_794
MAN;0930;+0100;1915;+0300;0;AF_1669-AF_1098
MAN;0930;+0100;1920;+0300;0;AF_1669-AF_1098
MAN;1315;+0100;2305;+0300;0;BD_3353-BD_3122
MAN;1315;+0100;2305;+0300;0;LH_943-LH_852
MAN;1015;+0100;2010;+0300;0;SK_540-SK_6541
MAN;1005;+0100;2005;+0300;0;SK_2548-SK_6424
MAN;1105;+0100;2105;+0300;0;BA_1391-BA_6080
MAN;0655;+0100;1700;+0300;0;BA_2901-BA_794
MAN;1325;+0100;2335;+0300;0;BA_1395-BA_798
LYS;1045;+0200;1455;+0300;0;AY_924
LYS;1850;+0200;2300;+0300;0;AY_926
LYS;0700;+0200;1235;+0300;0;LH_3271-LH_2970
LYS;0640;+0200;1220;+0300;0;LH_2255-LH_2462
LYS;0640;+0200;1220;+0300;0;SK_3238-SK_3668
LYS;1715;+0200;2300;+0300;0;SK_3230-SK_3684
LYS;1715;+0200;2300;+0300;0;LH_2251-LH_2466
LYS;1700;+0200;2255;+0300;0;AF_7645-AF_1798
LYS;0720;+0200;1320;+0300;0;SN_3594-SN_6751
LYS;0600;+0200;1215;+0300;0;LH_1083-LH_846
LYS;0600;+0200;1215;+0300;0;SQ_2005-SQ_2004
LYS;0655;+0200;1310;+0300;0;KL_2024-KL_1167
LYS;0705;+0200;1320;+0300;0;KF_5712-KF_32
LYS;0705;+0200;1320;+0300;0;SN_3594-SN_6751
LYS;1040;+0200;1655;+0300;0;LX_531-LX_4790
LYS;1745;+0200;0015;+0300;1;KL_2028-KL_1171
LYS;1640;+0200;2325;+0300;0;KF_5714-KF_34
LYS;1640;+0200;2325;+0300;0;SN_3590-SN_6755
LYS;1845;+0200;0130;+0300;1;LH_1079-LH_854
LYS;1845;+0200;0130;+0300;1;BD_3087-BD_3124
LYS;1845;+0200;0130;+0300;1;SK_3716-SK_3674
LYS;0925;+0200;1615;+0300;0;AF_7653-AF_1498
LYS;0610;+0200;1315;+0300;0;UA_8881-UA_8735
LYS;1815;+0200;0120;+0300;1;SK_1794-SK_6544
LYS;0600;+0200;1315;+0300;0;UA_8881-UA_8735
LYS;1025;+0200;1740;+0300;0;UA_8891-UA_9022
LYS;0730;+0200;1450;+0300;0;AF_7651-AF_2298
LYS;1020;+0200;1740;+0300;0;UA_8891-UA_9022
LYS;1025;+0200;1800;+0300;0;LH_1075-LH_850
LYS;1025;+0200;1800;+0300;0;UA_8891-UA_9022
LYS;1025;+0200;1800;+0300;0;SK_3594-SK_3616
LYS;1020;+0200;1800;+0300;0;UA_8891-UA_9022
LYS;0610;+0200;1405;+0300;0;UA_8881-UA_8735
LYS;0600;+0200;1405;+0300;0;SK_3340-SK_3606
LYS;0600;+0200;1405;+0300;0;LH_1083-LH_848
LYS;0600;+0200;1405;+0300;0;UA_8881-UA_8735
LYS;1455;+0200;2305;+0300;0;BD_3083-BD_3122
LYS;1455;+0200;2305;+0300;0;LH_1077-LH_852
LYS;1455;+0200;2305;+0300;0;SK_3718-SK_3672
LYS;1455;+0200;2305;+0300;0;NH_6130-NH_6173
LYS;0630;+0200;1450;+0300;0;AF_7401-AF_2298
LYS;0705;+0200;1530;+0300;0;IB_8709-IB_7426
LYS;1045;+0200;1915;+0300;0;AF_7641-AF_1098
LYS;1040;+0200;1915;+0300;0;AF_7417-AF_1098
LYS;1045;+0200;1920;+0300;0;AF_7641-AF_1098
LYS;1450;+0200;2325;+0300;0;LX_533-LX_4792
LYS;1040;+0200;1920;+0300;0;AF_7417-AF_1098
LYS;0730;+0200;1615;+0300;0;AF_7651-AF_1498
LYS;0815;+0200;1700;+0300;0;BA_365-BA_794
LYS;0815;+0200;1705;+0300;0;AA_6717-AA_6538
LYS;1215;+0200;2105;+0300;0;AA_6715-AA_6054
LYS;1215;+0200;2105;+0300;0;BA_361-BA_6080
LYS;1350;+0200;2255;+0300;0;AF_7643-AF_1798
LYS;0900;+0200;1810;+0300;0;SK_3322-SK_3362
LYS;0900;+0200;1810;+0300;0;LH_2247-LH_2464
LYS;1155;+0200;2105;+0300;0;AA_6715-AA_6054
LYS;0630;+0200;1615;+0300;0;AF_7401-AF_1498
TLS;0625;+0200;1220;+0300;0;LH_2223-LH_2462
TLS;1210;+0200;1810;+0300;0;LH_2215-LH_2464
TLS;0705;+0200;1315;+0300;0;UA_9091-UA_8735
TLS;1255;+0200;1915;+0300;0;AF_7785-AF_1098
TLS;1255;+0200;1920;+0300;0;AF_7785-AF_1098
TLS;1700;+0200;2325;+0300;0;KF_5624-KF_34
TLS;0645;+0200;1315;+0300;0;UA_9091-UA_8735
TLS;1615;+0200;2255;+0300;0;AF_7787-AF_1798
TLS;0635;+0200;1320;+0300;0;SN_3676-SN_6751
TLS;1840;+0200;0130;+0300;1;LH_1099-LH_854
TLS;0620;+0200;1320;+0300;0;SN_3676-SN_6751
TLS;0705;+0200;1405;+0300;0;LH_1101-LH_848
TLS;0705;+0200;1405;+0300;0;UA_9091-UA_8735
TLS;1715;+0200;0015;+0300;1;KL_1312-KL_1171
TLS;0605;+0200;1310;+0300;0;KL_1300-KL_1167
TLS;0645;+0200;1405;+0300;0;UA_9091-UA_8735
TLS;1535;+0200;2300;+0300;0;LH_2217-LH_2466
TLS;0715;+0200;1450;+0300;0;AF_7793-AF_2298
TLS;0710;+0200;1450;+0300;0;AF_7793-AF_2298
TLS;1015;+0200;1800;+0300;0;LH_1095-LH_850
TLS;1450;+0200;2305;+0300;0;BD_2937-BD_3122
TLS;1450;+0200;2305;+0300;0;NH_6132-NH_6173
TLS;1450;+0200;2305;+0300;0;LH_1097-LH_852
TLS;0835;+0200;1700;+0300;0;BA_377-BA_794
TLS;1050;+0200;1915;+0300;0;AF_7795-AF_1098
TLS;0700;+0200;1530;+0300;0;IB_8765-IB_7426
TLS;0745;+0200;1615;+0300;0;AF_6107-AF_1498
TLS;1045;+0200;1915;+0300;0;AF_6117-AF_1098
TLS;1050;+0200;1920;+0300;0;AF_7795-AF_1098
TLS;0615;+0200;1450;+0300;0;AF_6101-AF_2298
TLS;0830;+0200;1705;+0300;0;AA_6274-AA_6538
TLS;1045;+0200;1920;+0300;0;AF_6117-AF_1098
TLS;0600;+0200;1450;+0300;0;AF_6155-AF_2298
TLS;0715;+0200;1615;+0300;0;AF_6105-AF_1498
TLS;0715;+0200;1615;+0300;0;AF_7793-AF_1498
TLS;1015;+0200;1915;+0300;0;AF_6113-AF_1098
TLS;0710;+0200;1615;+0300;0;AF_7793-AF_1498
TLS;1015;+0200;1920;+0300;0;AF_6113-AF_1098
TLS;1155;+0200;2105;+0300;0;BA_373-BA_6080
TLS;1155;+0200;2105;+0300;0;AA_6270-AA_6054
TLS;1345;+0200;2255;+0300;0;AF_6123-AF_1798
TLS;0645;+0200;1615;+0300;0;AF_6103-AF_1498
TLS;0945;+0200;1915;+0300;0;AF_6109-AF_1098
TLS;0945;+0200;1920;+0300;0;AF_6109-AF_1098
TLS;0615;+0200;1615;+0300;0;AF_6101-AF_1498
TLS;0915;+0200;1915;+0300;0;AF_6115-AF_1098
TLS;1255;+0200;2255;+0300;0;AF_7785-AF_1798
TLS;0915;+0200;1920;+0300;0;AF_6115-AF_1098
TLS;1245;+0200;2255;+0300;0;AF_6121-AF_1798
TLS;0600;+0200;1615;+0300;0;AF_6155-AF_1498
TLS;0845;+0200;1915;+0300;0;AF_6111-AF_1098
TLS;0705;+0200;1740;+0300;0;UA_9091-UA_9022
TLS;0845;+0200;1920;+0300;0;AF_6111-AF_1098
TLS;1450;+0200;0130;+0300;1;LH_1097-LH_854
TLS;1450;+0200;0130;+0300;1;BD_2937-BD_3124
TLS;1210;+0200;2300;+0300;0;LH_2215-LH_2466
TLS;0645;+0200;1740;+0300;0;UA_9091-UA_9022
TLS;0705;+0200;1800;+0300;0;LH_1101-LH_850
TLS;0705;+0200;1800;+0300;0;UA_9091-UA_9022
TLS;0815;+0200;1915;+0300;0;AF_6153-AF_1098
TLS;1450;+0200;2245;+0300;0;LH_1097-LH_6032-LH_6292
TLS;0705;+0200;1545;+0300;0;LH_1101-LH_802-LH_6274
TLS;0705;+0200;1750;+0300;0;LH_1101-LH_6222-LH_6288
TLS;0835;+0200;1925;+0300;0;BA_377-BA_778-BA_6054
TLS;1155;+0200;2245;+0300;0;BD_5428-BD_3724-BD_3883
TLS;1155;+0200;2245;+0300;0;BD_5428-BD_5463-BD_3883
TLS;1155;+0200;2245;+0300;0;BD_5428-BD_5459-BD_3883
SXB;1820;+0200;0015;+0300;1;KL_2044-KL_1171
SXB;0650;+0200;1310;+0300;0;KL_2046-KL_1167
SXB;0915;+0200;1600;+0300;0;OK_741-OK_480
SXB;1010;+0200;1710;+0300;0;KL_2042-KL_1169
SXB;0725;+0200;1450;+0300;0;AF_7761-AF_2298
SXB;0615;+0200;1405;+0300;0;LH_387-LH_848
SXB;0415;+0200;1215;+0300;0;LH_385-LH_846
SXB;1115;+0200;1915;+0300;0;AF_7763-AF_1098
SXB;1455;+0200;2255;+0300;0;AF_7771-AF_1798
SXB;0645;+0200;1450;+0300;0;AF_7303-AF_2298
SXB;1115;+0200;1920;+0300;0;AF_7763-AF_1098
SXB;1445;+0200;2255;+0300;0;AF_7311-AF_1798
SXB;1045;+0200;1915;+0300;0;AF_7307-AF_1098
SXB;1700;+0200;0130;+0300;1;LH_395-LH_854
SXB;1045;+0200;1920;+0300;0;AF_7307-AF_1098
SXB;0725;+0200;1615;+0300;0;AF_7761-AF_1498
SXB;1415;+0200;2305;+0300;0;LH_393-LH_852
SXB;0645;+0200;1615;+0300;0;AF_7303-AF_1498
SXB;0815;+0200;1800;+0300;0;LH_389-LH_850
SXB;0415;+0200;1405;+0300;0;LH_385-LH_848
SXB;0915;+0200;1915;+0300;0;AF_7305-AF_1098
SXB;0915;+0200;1920;+0300;0;AF_7305-AF_1098
SXB;0650;+0200;1710;+0300;0;KL_2046-KL_1169
SXB;0815;+0200;1750;+0300;0;LH_389-LH_6222-LH_6288
SXB;1200;+0200;2245;+0300;0;LH_391-LH_830-LH_6292
SXB;1200;+0200;2245;+0300;0;LH_391-LH_6032-LH_6292
SXB;0815;+0200;1905;+0300;0;LH_389-LH_6226-LH_6296
NTE;1830;+0200;0015;+0300;1;KL_2034-KL_1171
NTE;0655;+0200;1310;+0300;0;KL_2032-KL_1167
NTE;1005;+0200;1710;+0300;0;KL_2048-KL_1169
NTE;0720;+0200;1450;+0300;0;AF_7721-AF_2298
NTE;1125;+0200;1915;+0300;0;AF_7725-AF_1098
NTE;1125;+0200;1920;+0300;0;AF_7725-AF_1098
NTE;1110;+0200;1915;+0300;0;AF_7383-AF_1098
NTE;1110;+0200;1920;+0300;0;AF_7383-AF_1098
NTE;1425;+0200;2255;+0300;0;AF_7727-AF_1798
NTE;0725;+0200;1615;+0300;0;AF_7381-AF_1498
NTE;0720;+0200;1615;+0300;0;AF_7721-AF_1498
NTE;0655;+0200;1710;+0300;0;KL_2032-KL_1169
NTE;1125;+0200;2255;+0300;0;AF_7725-AF_1798
NTE;1110;+0200;2255;+0300;0;AF_7383-AF_1798
NTE;0725;+0200;1915;+0300;0;AF_7381-AF_1098
NTE;0720;+0200;1915;+0300;0;AF_7721-AF_1098
NTE;0725;+0200;1920;+0300;0;AF_7381-AF_1098
NTE;0720;+0200;1920;+0300;0;AF_7721-AF_1098
NTE;0720;+0200;1710;+0300;0;KL_2309-KL_2008-KL_1169
NTE;0720;+0200;1710;+0300;0;KL_2309-KL_1230-KL_1169
NTE;0720;+0200;1710;+0300;0;KL_2309-KL_1228-KL_1169
NTE;1425;+0200;0015;+0300;1;KL_2313-KL_2016-KL_1171
NTE;1425;+0200;0015;+0300;1;KL_2313-KL_2022-KL_1171