LON;0840;+0100;1115;+0200;0;AA_6714
LON;0840;+0100;1115;+0200;0;BA_360
LON;0840;+0100;1115;+0200;0;QF_3531
LON;1600;+0100;1835;+0200;0;AA_6616
LON;2100;+0100;2335;+0200;0;AA_6362
LON;1555;+0100;1835;+0200;0;QF_3533
LON;1555;+0100;1835;+0200;0;AA_6616
LON;1555;+0100;1835;+0200;0;BA_362
LON;2035;+0100;2315;+0200;0;BA_364
LON;1600;+0100;2010;+0200;0;AF_2281-AF_7648
LON;1010;+0100;1425;+0200;0;AF_1681-AF_7644
LON;1710;+0100;2130;+0200;0;LX_465-LX_538
LON;1245;+0100;1710;+0200;0;AF_1981-AF_7646
LON;1345;+0100;1810;+0200;0;LX_333-LX_536
LON;1700;+0100;2130;+0200;0;LX_325-LX_538
LON;0930;+0100;1405;+0200;0;AF_5021-AF_7414
LON;1525;+0100;2000;+0200;0;AF_5025-AF_7416
LON;1740;+0100;2220;+0200;0;LH_899-LH_1082
LON;1800;+0100;2240;+0200;0;AF_2581-AF_7650
LON;0910;+0100;1355;+0200;0;UA_9548-UA_8916
LON;0630;+0100;1120;+0200;0;KL_1000-KL_2025
LON;0725;+0100;1215;+0200;0;UA_8884-UA_9026
LON;0725;+0100;1220;+0200;0;LH_2483-LH_2248
LON;0725;+0100;1220;+0200;0;UA_8884-UA_9026
LON;1710;+0100;2210;+0200;0;KL_1022-KL_2029
LON;0910;+0100;1415;+0200;0;UA_9548-UA_8916
LON;0910;+0100;1415;+0200;0;LH_929-LH_1076
LON;0910;+0100;1415;+0200;0;UA_8810-UA_8916
LON;0910;+0100;1415;+0200;0;BD_3473-BD_3082
LON;0910;+0100;1415;+0200;0;BD_3211-BD_3082
LON;0910;+0100;1415;+0200;0;LH_901-LH_1076
LON;1105;+0100;1610;+0200;0;BD_5434-BD_5369
LON;1105;+0100;1610;+0200;0;SN_2094-SN_3589
LON;1655;+0100;2200;+0200;0;AF_5209-AF_5868
LON;0755;+0100;1305;+0200;0;BD_582-BD_1343
LON;0905;+0100;1415;+0200;0;UA_8810-UA_8916
LON;1710;+0100;2220;+0200;0;LH_911-LH_1082
LON;1315;+0100;1830;+0200;0;LH_2475-LH_2252
LON;1705;+0100;2220;+0200;0;LH_911-LH_1082
LON;1705;+0100;2220;+0200;0;BD_3233-BD_3088
LON;0840;+0100;1400;+0200;0;LX_317-LX_532
LON;1245;+0100;1810;+0200;0;LX_457-LX_536
LON;1655;+0100;2220;+0200;0;BD_3469-BD_3088
LON;1655;+0100;2220;+0200;0;LH_935-LH_1082
LON;1715;+0100;2245;+0200;0;LH_2479-LH_2254
LON;0825;+0100;1400;+0200;0;LX_451-LX_532
LON;1105;+0100;1640;+0200;0;LH_2473-LH_2250
LON;1710;+0100;2245;+0200;0;LH_2479-LH_2254
LON;1420;+0100;2000;+0200;0;AF_5023-AF_7416
LON;0955;+0100;1550;+0200;0;KL_1008-KL_2031
LON;0805;+0100;1405;+0200;0;AF_5019-AF_7414
LON;1610;+0100;2210;+0200;0;KL_1020-KL_2029
LON;1005;+0100;1610;+0200;0;SN_2094-SN_3589
LON;1605;+0100;2210;+0200;0;AF_5193-AF_1357
LON;0725;+0100;1340;+0200;0;IB_3161-IB_8710
LON;1525;+0100;2145;+0200;0;IB_3179-IB_8714
LON;0750;+0100;1415;+0200;0;LH_927-LH_1076
LON;0750;+0100;1415;+0200;0;BD_3461-BD_3082
LON;0925;+0100;1550;+0200;0;AF_5183-AF_1257
LON;1145;+0100;1810;+0200;0;BD_3197-BD_3086
LON;1145;+0100;1810;+0200;0;LH_905-LH_1078
LON;0735;+0100;1405;+0200;0;AF_1081-AF_7414
LON;0720;+0100;1355;+0200;0;UA_8812-UA_8916
LON;0715;+0100;1355;+0200;0;UA_8812-UA_8916
LON;0735;+0100;1415;+0200;0;AF_5207-AF_5862
LON;1600;+0100;2240;+0200;0;AF_2281-AF_7650
LON;1500;+0100;2145;+0200;0;IB_3179-IB_8714
LON;0735;+0100;1425;+0200;0;AF_1081-AF_7644
LON;0710;+0100;1405;+0200;0;AF_1081-AF_7414
LON;0720;+0100;1415;+0200;0;UA_8812-UA_8916
LON;0730;+0100;1425;+0200;0;AZ_201-AZ_7838
LON;1525;+0100;2220;+0200;0;LH_909-LH_1082
LON;1525;+0100;2220;+0200;0;BD_3209-BD_3088
LON;0715;+0100;1415;+0200;0;LH_923-LH_1076
LON;0715;+0100;1415;+0200;0;BD_3195-BD_3082
LON;0715;+0100;1415;+0200;0;UA_8812-UA_8916
LON;1010;+0100;1710;+0200;0;AF_1681-AF_7646
LON;1220;+0100;1920;+0200;0;AZ_203-AZ_7840
LON;1240;+0100;1940;+0200;0;IB_7445-IB_8712
LON;0935;+0100;1640;+0200;0;LH_2471-LH_2250
LON;0840;+0100;1550;+0200;0;KL_1002-KL_2031
LON;0710;+0100;1425;+0200;0;AF_1081-AF_7644
LON;1105;+0100;1820;+0200;0;SN_2094-SN_3591
LON;1105;+0100;1820;+0200;0;BD_5434-BD_5361
LON;1245;+0100;2000;+0200;0;AF_1981-AF_7416
LON;1525;+0100;2240;+0200;0;AF_5025-AF_7650
ROM;1255;+0200;1425;+0200;0;AF_5822
ROM;1255;+0200;1425;+0200;0;AZ_7838
ROM;1740;+0200;1920;+0200;0;AZ_7840
ROM;1740;+0200;1920;+0200;0;AF_5820
ROM;0650;+0200;1005;+0200;0;LX_1735-LX_530
ROM;1450;+0200;1810;+0200;0;LX_1737-LX_536
ROM;1600;+0200;1920;+0200;0;AZ_1479-AZ_7362
ROM;0840;+0200;1220;+0200;0;LH_1841-LH_2248
ROM;1535;+0200;1920;+0200;0;AF_9891-AF_7851
ROM;1535;+0200;1920;+0200;0;AZ_366-AZ_2709
ROM;1745;+0200;2130;+0200;0;AZ_7364-AZ_3659
ROM;1855;+0200;2245;+0200;0;LH_1849-LH_2254
ROM;1825;+0200;2220;+0200;0;BD_3597-BD_3088
ROM;1825;+0200;2220;+0200;0;LH_237-LH_1082
ROM;1010;+0200;1415;+0200;0;BD_3599-BD_3082
ROM;1010;+0200;1415;+0200;0;LH_231-LH_1076
ROM;1020;+0200;1425;+0200;0;AF_1205-AF_7644
ROM;1715;+0200;2121;+0200;0;AF_9885-AF_7828
ROM;1300;+0200;1710;+0200;0;AF_1505-AF_7646
ROM;1420;+0200;1830;+0200;0;LH_1845-LH_2252
ROM;1000;+0200;1415;+0200;0;AZ_1465-AZ_7852
ROM;0935;+0200;1400;+0200;0;LX_1727-LX_532
ROM;1020;+0200;1450;+0200;0;AZ_1016-AZ_7830
ROM;1210;+0200;1640;+0200;0;LH_1843-LH_2250
ROM;1220;+0200;1650;+0200;0;TU_753-TU_750
ROM;1535;+0200;2010;+0200;0;AF_9845-AF_7648
ROM;1800;+0200;2240;+0200;0;AF_1905-AF_7650
ROM;0935;+0200;1420;+0200;0;AZ_1311-AZ_7856
ROM;1305;+0200;1750;+0200;0;AF_3249-AF_7843
ROM;1255;+0200;1745;+0200;0;AF_3129-AF_7811
ROM;1320;+0200;1810;+0200;0;BD_3593-BD_3086
ROM;1320;+0200;1810;+0200;0;LH_233-LH_1078
ROM;1635;+0200;2125;+0200;0;BD_5354-BD_5363
ROM;1635;+0200;2125;+0200;0;SN_3182-SN_3593
ROM;0920;+0200;1415;+0200;0;AZ_1463-AZ_7852
ROM;0620;+0200;1120;+0200;0;KL_1596-KL_2025
ROM;1635;+0200;2140;+0200;0;SN_3182-SN_3593
ROM;1235;+0200;1750;+0200;0;AF_4343-AF_7843
ROM;1440;+0200;1955;+0200;0;LH_3201-LH_3268
ROM;1030;+0200;1550;+0200;0;KL_1598-KL_2031
ROM;1625;+0200;2145;+0200;0;IB_3675-IB_8714
ROM;1645;+0200;2210;+0200;0;VY_6105-VY_1220
ROM;1645;+0200;2210;+0200;0;IB_5709-IB_5976
ROM;1720;+0200;2245;+0200;0;NH_6094-NH_6045
ROM;1720;+0200;2245;+0200;0;LH_1847-LH_2254
ROM;0855;+0200;1425;+0200;0;AF_9833-AF_7644
ROM;0920;+0200;1450;+0200;0;AZ_2310-AZ_7830
ROM;1320;+0200;1850;+0200;0;AZ_1319-AZ_7858
ROM;0645;+0200;1220;+0200;0;LH_1851-LH_2248
ROM;1705;+0200;2240;+0200;0;AF_9841-AF_7650
ROM;0800;+0200;1340;+0200;0;IB_3609-IB_8710
ROM;0900;+0200;1440;+0200;0;AF_4329-AF_7823
ROM;0910;+0200;1450;+0200;0;AZ_1024-AZ_7830
ROM;1430;+0200;2010;+0200;0;AF_9839-AF_7648
ROM;0830;+0200;1415;+0200;0;AZ_1471-AZ_7852
ROM;0905;+0200;1450;+0200;0;AF_9881-AF_7837
ROM;0905;+0200;1450;+0200;0;AF_9881-AF_7836
ROM;0900;+0200;1450;+0200;0;AZ_2028-AZ_7830
ROM;1020;+0200;1610;+0200;0;BD_5352-BD_5369
ROM;1020;+0200;1610;+0200;0;SN_3176-SN_3589
ROM;1315;+0200;1915;+0200;0;AZ_1026-AZ_7832
ROM;1715;+0200;2315;+0200;0;BA_559-BA_364
ROM;0845;+0200;1450;+0200;0;AZ_2022-AZ_7830
ROM;1315;+0200;1920;+0200;0;AZ_1475-AZ_7362
ROM;1255;+0200;1910;+0200;0;AF_3129-AF_7807
ROM;1300;+0200;1915;+0200;0;AZ_2038-AZ_7832
ROM;1305;+0200;1920;+0200;0;AF_3249-AF_7851
ROM;1535;+0200;2150;+0200;0;AF_9891-AF_7845
ROM;0830;+0200;1450;+0200;0;AZ_2026-AZ_7830
ROM;1210;+0200;1830;+0200;0;LH_1843-LH_2252
ROM;0815;+0200;1450;+0200;0;AZ_2020-AZ_7830
ROM;1450;+0200;2130;+0200;0;LX_1737-LX_538
ROM;0720;+0200;1405;+0200;0;AF_2305-AF_7414
ROM;1235;+0200;1920;+0200;0;AF_4343-AF_7851
ROM;1500;+0200;2145;+0200;0;IB_3679-IB_8714
ROM;0800;+0200;1450;+0200;0;AZ_2016-AZ_7830
ROM;1020;+0200;1710;+0200;0;AF_1205-AF_7646
ROM;1145;+0200;1835;+0200;0;BA_553-BA_362
ROM;1145;+0200;1835;+0200;0;AA_6516-AA_6616
ROM;0855;+0200;1550;+0200;0;KL_3400-KL_2031
ROM;1300;+0200;2000;+0200;0;AF_1505-AF_7416
ROM;0700;+0200;1405;+0200;0;AF_9831-AF_7414
ROM;0720;+0200;1425;+0200;0;AF_2305-AF_7644
ROM;0745;+0200;1450;+0200;0;AZ_2014-AZ_7830
ROM;1215;+0200;1920;+0200;0;AZ_1469-AZ_7362
ROM;1535;+0200;2240;+0200;0;AF_9845-AF_7650
ROM;0650;+0200;1400;+0200;0;LX_1735-LX_532
ROM;1300;+0200;2010;+0200;0;AF_1505-AF_7648
ROM;1440;+0200;2150;+0200;0;LH_3201-LH_3270
ROM;1500;+0200;2210;+0200;0;KL_3404-KL_2029
ROM;1200;+0200;1915;+0200;0;AZ_2034-AZ_7832
MAD;0945;+0200;1125;+0200;0;IB_8708
MAD;1200;+0200;1340;+0200;0;IB_8710
MAD;1800;+0200;1940;+0200;0;IB_8712
MAD;2005;+0200;2145;+0200;0;IB_8714
MAD;1015;+0200;1425;+0200;0;AF_1001-AF_7644
MAD;1825;+0200;2240;+0200;0;AF_1801-AF_7650
MAD;1440;+0200;1900;+0200;0;UX_2006-UX_3455
MAD;0935;+0200;1400;+0200;0;LX_2021-LX_532
MAD;1215;+0200;1640;+0200;0;LH_1801-LH_2250
MAD;1235;+0200;1710;+0200;0;AF_1301-AF_7646
MAD;1535;+0200;2010;+0200;0;AF_1601-AF_7648
MAD;0740;+0200;1220;+0200;0;LH_1807-LH_2248
MAD;1800;+0200;2245;+0200;0;LH_1805-LH_2254
MAD;0910;+0200;1405;+0200;0;AF_1431-AF_7414
MAD;1840;+0200;2335;+0200;0;AA_6284-AA_6362
MAD;0920;+0200;1420;+0200;0;UX_3978-UX_3453
MAD;0905;+0200;1415;+0200;0;LH_6801-LH_1076
MAD;1350;+0200;1900;+0200;0;UX_2004-UX_3455
MAD;1030;+0200;1550;+0200;0;KL_1700-KL_2031
MAD;0555;+0200;1120;+0200;0;KL_1708-KL_2025
MAD;1230;+0200;1810;+0200;0;LH_1113-LH_1078
MAD;1700;+0200;2240;+0200;0;AF_1701-AF_7650
MAD;1620;+0200;2210;+0200;0;KL_1704-KL_2029
MAD;1200;+0200;1755;+0200;0;TP_1013-TP_472
MAD;1240;+0200;1835;+0200;0;AA_5492-AA_6616
MAD;1240;+0200;1835;+0200;0;BA_7056-BA_362
MAD;1625;+0200;2220;+0200;0;LH_1115-LH_1082
MAD;1625;+0200;2220;+0200;0;NH_6140-NH_6131
MAD;1720;+0200;2315;+0200;0;BA_465-BA_364
MAD;1140;+0200;1740;+0200;0;SK_9947-SK_1793
MAD;1220;+0200;1820;+0200;0;BD_5312-BD_5361
MAD;1235;+0200;1835;+0200;0;BA_457-BA_362
MAD;1355;+0200;2000;+0200;0;AF_1631-AF_7416
MAD;1525;+0200;2130;+0200;0;LX_2027-LX_538
MAD;1610;+0200;2220;+0200;0;LH_1115-LH_1082
MAD;1610;+0200;2220;+0200;0;BD_2917-BD_3088
MAD;0750;+0200;1405;+0200;0;AF_1831-AF_7414
MAD;1205;+0200;1820;+0200;0;SN_3722-SN_3591
MAD;1215;+0200;1830;+0200;0;LH_1801-LH_2252
MAD;1355;+0200;2010;+0200;0;AF_1631-AF_7648
MAD;1815;+0200;0045;+0200;1;TP_1017-TP_474
MAD;0750;+0200;1425;+0200;0;AF_1831-AF_7644
MAD;1630;+0200;2315;+0200;0;BA_7058-BA_364
LIS;1435;+0100;1755;+0200;0;TP_472
LIS;2125;+0100;0045;+0200;1;TP_474
LIS;1705;+0100;2130;+0200;0;AF_5361-AF_7809
LIS;0830;+0100;1340;+0200;0;IB_3107-IB_8710
LIS;1635;+0100;2145;+0200;0;IB_3103-IB_8714
LIS;1235;+0100;1820;+0200;0;SN_3816-SN_3591
LIS;1235;+0100;1820;+0200;0;BD_5566-BD_5361
LIS;1115;+0100;1710;+0200;0;AF_1025-AF_7646
LIS;1215;+0100;1810;+0200;0;LX_2085-LX_536
LIS;0615;+0100;1215;+0200;0;UA_8957-UA_9026
LIS;0800;+0100;1400;+0200;0;LX_4581-LX_532
LIS;0615;+0100;1220;+0200;0;UA_8957-UA_9026
LIS;0615;+0100;1220;+0200;0;LH_1793-LH_2248
LIS;0820;+0100;1425;+0200;0;AF_2325-AF_7644
LIS;1205;+0100;1810;+0200;0;LH_1167-LH_1078
LIS;1205;+0100;1810;+0200;0;BD_3349-BD_3086
LIS;0800;+0100;1420;+0200;0;AZ_7771-AZ_7856
LIS;1455;+0100;2125;+0200;0;SN_6404-SN_3593
LIS;1535;+0100;2210;+0200;0;KL_1694-KL_2029
LIS;1450;+0100;2130;+0200;0;LX_4583-LX_538
LIS;0655;+0100;1340;+0200;0;IB_3119-IB_8710
LIS;1455;+0100;2140;+0200;0;SN_6404-SN_3593
LIS;0800;+0100;1450;+0200;0;AZ_7753-AZ_7830
LIS;0655;+0100;1355;+0200;0;UA_8862-UA_8916
LIS;0650;+0100;1355;+0200;0;UA_8862-UA_8916
LIS;0720;+0100;1425;+0200;0;AZ_7761-AZ_7838
LIS;0905;+0100;1610;+0200;0;BD_5564-BD_5369
LIS;0905;+0100;1610;+0200;0;SN_3814-SN_3589
LIS;1235;+0100;1940;+0200;0;IB_3109-IB_8712
LIS;1535;+0100;2240;+0200;0;AF_1625-AF_7650
LIS;0655;+0100;1415;+0200;0;UA_8862-UA_8916
LIS;0655;+0100;1415;+0200;0;BD_3351-BD_3082
LIS;0655;+0100;1415;+0200;0;LH_1173-LH_1076
LIS;0650;+0100;1415;+0200;0;UA_8862-UA_8916
LIS;1100;+0100;1835;+0200;0;AA_6575-AA_6616
LIS;1100;+0100;1835;+0200;0;BA_501-BA_362
LIS;1420;+0100;2220;+0200;0;LH_6953-LH_1082
LIS;1420;+0100;2220;+0200;0;NH_6736-NH_6131
LIS;0600;+0100;1405;+0200;0;AF_2325-AF_7414
LIS;1145;+0100;1955;+0200;0;LH_3333-LH_3268
LIS;0755;+0100;1610;+0200;0;SN_6402-SN_3589
LIS;0600;+0100;1425;+0200;0;AF_2325-AF_7644
LIS;1415;+0100;2245;+0200;0;LH_1791-LH_2254
LIS;0715;+0100;1550;+0200;0;KL_1692-KL_2031
LIS;0800;+0100;1640;+0200;0;LH_6951-LH_2250
LIS;1245;+0100;2125;+0200;0;SN_6410-SN_3593
LIS;1115;+0100;2000;+0200;0;AF_1025-AF_7416
LIS;0820;+0100;1710;+0200;0;AF_2325-AF_7646
LIS;1235;+0100;2125;+0200;0;BD_5566-BD_5363
LIS;1235;+0100;2125;+0200;0;SN_3816-SN_3593
LIS;1115;+0100;2010;+0200;0;AF_1025-AF_7648
LIS;1245;+0100;2140;+0200;0;SN_6410-SN_3593
LIS;1235;+0100;2140;+0200;0;SN_3816-SN_3593
LIS;1235;+0100;2145;+0200;0;IB_3109-IB_8714
LIS;0905;+0100;1820;+0200;0;SN_3814-SN_3591
LIS;0905;+0100;1820;+0200;0;BD_5564-BD_5361
LIS;1215;+0100;2130;+0200;0;LX_2085-LX_538
LIS;0835;+0100;1810;+0200;0;LH_6955-LH_1078
LIS;1000;+0100;1940;+0200;0;IB_3111-IB_8712
LIS;1335;+0100;2315;+0200;0;BA_507-BA_364
LIS;0930;+0100;1920;+0200;0;AZ_7765-AZ_7840
LIS;1145;+0100;2150;+0200;0;LH_3333-LH_3270
LIS;0800;+0100;1810;+0200;0;LX_4581-LX_536
LIS;1205;+0100;2220;+0200;0;BD_3349-BD_3088
LIS;1205;+0100;2220;+0200;0;LH_1167-LH_1082
BCN;0635;+0200;0755;+0200;0;UX_3451
BCN;0635;+0200;0755;+0200;0;AF_5895
BCN;1300;+0200;1420;+0200;0;UX_3453
BCN;1300;+0200;1420;+0200;0;AF_5899
BCN;1740;+0200;1900;+0200;0;AF_5907
BCN;1740;+0200;1900;+0200;0;UX_3455
BCN;2045;+0200;2210;+0200;0;VY_1220
BCN;2045;+0200;2210;+0200;0;IB_5976
BCN;1445;+0200;1810;+0200;0;LX_1955-LX_536
BCN;1100;+0200;1430;+0200;0;AF_3203-AF_7805
BCN;0630;+0200;1005;+0200;0;LX_1951-LX_530
BCN;0950;+0200;1340;+0200;0;IB_6775-IB_8710
BCN;0650;+0200;1045;+0200;0;AF_2349-AF_7652
BCN;0725;+0200;1125;+0200;0;IB_2701-IB_8708
BCN;1025;+0200;1425;+0200;0;AF_1149-AF_7644
BCN;0720;+0200;1125;+0200;0;IB_6793-IB_8708
BCN;0815;+0200;1220;+0200;0;LH_1817-LH_2248
BCN;0930;+0200;1340;+0200;0;IB_6757-IB_8710
BCN;1420;+0200;1830;+0200;0;LH_1813-LH_2252
BCN;1735;+0200;2145;+0200;0;IB_2789-IB_8714
BCN;0945;+0200;1400;+0200;0;LX_1953-LX_532
BCN;1255;+0200;1710;+0200;0;AF_1349-AF_7646
BCN;1555;+0200;2010;+0200;0;AF_1649-AF_7648
BCN;1715;+0200;2130;+0200;0;AF_3207-AF_7809
BCN;1820;+0200;2240;+0200;0;AF_1949-AF_7650
BCN;0655;+0200;1125;+0200;0;IB_2747-IB_8708
BCN;0910;+0200;1340;+0200;0;IB_6755-IB_8710
BCN;0930;+0200;1405;+0200;0;AF_1031-AF_7414
BCN;1650;+0200;2125;+0200;0;SN_3704-SN_3593
BCN;1200;+0200;1640;+0200;0;LH_1811-LH_2250
BCN;1805;+0200;2245;+0200;0;LH_1815-LH_2254
BCN;1805;+0200;2245;+0200;0;NH_6076-NH_6045
BCN;1105;+0200;1550;+0200;0;KL_1666-KL_2031
BCN;1715;+0200;1825;+0200;0;AF_3207
BCN;1855;+0200;2200;+0200;0;AF_3207-AF_5868
BCN;1650;+0200;2140;+0200;0;SN_3704-SN_3593
BCN;0625;+0200;1120;+0200;0;KL_1662-KL_2025
BCN;0845;+0200;1340;+0200;0;IB_6753-IB_8710
BCN;1440;+0200;1940;+0200;0;IB_2761-IB_8712
BCN;1640;+0200;2145;+0200;0;IB_2705-IB_8714
BCN;1325;+0200;1835;+0200;0;AA_6296-AA_6616
BCN;1345;+0200;1910;+0200;0;OS_398-OS_407
BCN;1230;+0200;1810;+0200;0;LH_1127-LH_1078
BCN;1420;+0200;2000;+0200;0;AF_1231-AF_7416
BCN;1235;+0200;1820;+0200;0;SN_3702-SN_3591
BCN;1620;+0200;2210;+0200;0;KL_1674-KL_2029
BCN;1050;+0200;1650;+0200;0;TU_515-TU_750
BCN;0615;+0200;1220;+0200;0;LH_1819-LH_2248
BCN;0810;+0200;1415;+0200;0;LH_1137-LH_1076
BCN;1335;+0200;1940;+0200;0;IB_6767-IB_8712
BCN;1520;+0200;2125;+0200;0;BD_5514-BD_5363
BCN;1030;+0200;1640;+0200;0;LH_6723-LH_2250
BCN;0725;+0200;1340;+0200;0;IB_2701-IB_8710
BCN;1605;+0200;2220;+0200;0;LH_1129-LH_1082
BCN;1605;+0200;2220;+0200;0;BD_3451-BD_3088
BCN;0720;+0200;1340;+0200;0;IB_6793-IB_8710
BCN;1115;+0200;1740;+0200;0;SK_9973-SK_1793
BCN;0735;+0200;1405;+0200;0;AF_2149-AF_7414
BCN;1200;+0200;1830;+0200;0;LH_1811-LH_2252
PRG;1245;+0200;1425;+0200;0;AF_5902
PRG;1730;+0200;1920;+0200;0;AF_5904
PRG;0925;+0200;1220;+0200;0;LH_1689-LH_2248
PRG;0915;+0200;1220;+0200;0;LH_1689-LH_2248
PRG;1450;+0200;1810;+0200;0;LX_1487-LX_536
PRG;1625;+0200;1955;+0200;0;LH_3053-LH_3268
PRG;0645;+0200;1025;+0200;0;SN_2816-SN_3587
PRG;1755;+0200;2140;+0200;0;SN_2812-SN_3593
PRG;0600;+0200;0950;+0200;0;LH_1403-LH_1074
PRG;1010;+0200;1400;+0200;0;LX_1485-LX_532
PRG;1250;+0200;1640;+0200;0;LH_1691-LH_2250
PRG;1510;+0200;1910;+0200;0;OS_708-OS_407
PRG;1820;+0200;2220;+0200;0;NH_6198-NH_6131
PRG;1820;+0200;2220;+0200;0;LH_1399-LH_1082
PRG;1015;+0200;1425;+0200;0;AF_1383-AF_7644
PRG;1710;+0200;2125;+0200;0;SN_2812-SN_3593
PRG;1710;+0200;2125;+0200;0;BD_5482-BD_5363
PRG;0700;+0200;1120;+0200;0;KL_3120-KL_2025
PRG;0955;+0200;1415;+0200;0;LH_1393-LH_1076
PRG;0955;+0200;1415;+0200;0;BD_2993-BD_3082
PRG;1005;+0200;1425;+0200;0;AF_1383-AF_7644
PRG;1330;+0200;1750;+0200;0;AF_4347-AF_7843
PRG;1345;+0200;1810;+0200;0;LH_1397-LH_1078
PRG;1345;+0200;1810;+0200;0;BD_2991-BD_3086
PRG;1540;+0200;2010;+0200;0;AF_1983-AF_7648
PRG;1710;+0200;2140;+0200;0;SN_2812-SN_3593
PRG;1535;+0200;2010;+0200;0;AF_1983-AF_7648
PRG;1715;+0200;2210;+0200;0;KL_3122-KL_2029
PRG;1745;+0200;2240;+0200;0;AF_1783-AF_7650
PRG;1705;+0200;2210;+0200;0;KL_3122-KL_2029
PRG;0710;+0200;1220;+0200;0;LH_1697-LH_2248
PRG;1625;+0200;2150;+0200;0;LH_3053-LH_3270
PRG;1715;+0200;2240;+0200;0;AF_1987-AF_7650
PRG;1720;+0200;2245;+0200;0;NH_6068-NH_6045
PRG;1720;+0200;2245;+0200;0;LH_1693-LH_2254
PRG;1235;+0200;1810;+0200;0;LH_1395-LH_1078
PRG;1250;+0200;1830;+0200;0;LH_1691-LH_2252
PRG;1330;+0200;1920;+0200;0;AF_4347-AF_7851
PRG;1215;+0200;1835;+0200;0;AA_6634-AA_6616
PRG;1215;+0200;1835;+0200;0;BA_855-BA_362
PRG;0925;+0200;1550;+0200;0;KL_1352-KL_2031
PRG;0725;+0200;1405;+0200;0;AF_1083-AF_7414
PRG;1130;+0200;1810;+0200;0;AY_716-AY_925
PRG;1450;+0200;2130;+0200;0;LX_1487-LX_538
VCE;0635;+0200;0800;+0200;0;AZ_7360
VCE;0635;+0200;0800;+0200;0;AF_5561
VCE;1250;+0200;1415;+0200;0;AF_5563
VCE;1250;+0200;1415;+0200;0;AZ_7852
VCE;1755;+0200;1920;+0200;0;AF_5565
VCE;1755;+0200;1920;+0200;0;AZ_7362
VCE;1440;+0200;1810;+0200;0;LX_1663-LX_536
VCE;1550;+0200;1920;+0200;0;AZ_1476-AZ_7840
VCE;0840;+0200;1220;+0200;0;LH_1907-LH_2248
VCE;0700;+0200;1045;+0200;0;AF_2527-AF_7652
VCE;1255;+0200;1640;+0200;0;LH_1909-LH_2250
VCE;1830;+0200;2220;+0200;0;BD_3409-BD_3088
VCE;1830;+0200;2220;+0200;0;LH_329-LH_1082
VCE;1415;+0200;1810;+0200;0;BD_3407-BD_3086
VCE;1415;+0200;1810;+0200;0;LH_327-LH_1078
VCE;1015;+0200;1415;+0200;0;BD_3405-BD_3082
VCE;1015;+0200;1415;+0200;0;LH_325-LH_1076
VCE;1020;+0200;1425;+0200;0;AZ_1466-AZ_7838
VCE;0940;+0200;1400;+0200;0;LX_1661-LX_532
VCE;1005;+0200;1425;+0200;0;AF_1127-AF_7644
VCE;1500;+0200;1920;+0200;0;AZ_1462-AZ_7840
VCE;1000;+0200;1425;+0200;0;AF_1127-AF_7644
VCE;0645;+0200;1120;+0200;0;KL_1650-KL_2025
VCE;1805;+0200;2240;+0200;0;AF_2027-AF_7650
VCE;1730;+0200;2210;+0200;0;KL_1656-KL_2029
VCE;1800;+0200;2240;+0200;0;AF_2027-AF_7650
VCE;1220;+0200;1710;+0200;0;AF_1427-AF_7646
VCE;1340;+0200;1835;+0200;0;AA_6318-AA_6616
VCE;1335;+0200;1835;+0200;0;BA_579-BA_362
VCE;1510;+0200;2010;+0200;0;AF_1727-AF_7648
VCE;1400;+0200;1920;+0200;0;AZ_1470-AZ_7840
VCE;1430;+0200;1955;+0200;0;LH_3213-LH_3268
VCE;0650;+0200;1220;+0200;0;LH_1915-LH_2248
VCE;1325;+0200;1855;+0200;0;AF_4333-AF_7827
VCE;1255;+0200;1830;+0200;0;LH_1909-LH_2252
VCE;1710;+0200;2245;+0200;0;LH_1911-LH_2254
VCE;0740;+0200;1340;+0200;0;IB_3627-IB_8710
VCE;1350;+0200;1955;+0200;0;LH_3213-LH_3268
VCE;0800;+0200;1425;+0200;0;AZ_1464-AZ_7838
NTE;0650;+0200;0800;+0200;0;AF_5858
NTE;0840;+0200;0950;+0200;0;AF_5860
NTE;1305;+0200;1415;+0200;0;AF_5862
NTE;1710;+0200;1820;+0200;0;AF_5864
NTE;1810;+0200;1920;+0200;0;AF_5866
NTE;2050;+0200;2200;+0200;0;AF_5868
NTE;1715;+0200;1920;+0200;0;AF_3265-AF_3215
NTE;0640;+0200;0935;+0200;0;AF_5657-AF_7847
NTE;1125;+0200;1425;+0200;0;AF_7725-AF_7644
NTE;1850;+0200;2150;+0200;0;AF_5653-AF_7845
NTE;0720;+0200;1045;+0200;0;AF_7721-AF_7652
NTE;1120;+0200;1445;+0200;0;AF_7861-AF_7849
NTE;1410;+0200;1745;+0200;0;AF_3206-AF_7811
NTE;1540;+0200;1920;+0200;0;AF_5651-AF_7851
NTE;1040;+0200;1440;+0200;0;AF_5767-AF_7823
NTE;1450;+0200;1855;+0200;0;AF_3272-AF_5804
NTE;1450;+0200;1900;+0200;0;AF_5769-AF_5783
NTE;1440;+0200;1855;+0200;0;AF_5763-AF_7827
NTE;0655;+0200;1120;+0200;0;KL_2032-KL_2025
NTE;0655;+0200;1120;+0200;0;AF_5364-AF_1157
NTE;1800;+0200;2240;+0200;0;AF_7731-AF_7650
NTE;1430;+0200;1915;+0200;0;AF_3280-AF_3297
NTE;1410;+0200;1455;+0200;0;AF_3206
NTE;1525;+0200;1900;+0200;0;AF_3206-AF_5907
NTE;1410;+0200;1910;+0200;0;AF_3206-AF_7807
NTE;0915;+0200;1450;+0200;0;AF_7889-AF_7837
NTE;0915;+0200;1450;+0200;0;AF_7889-AF_7836
NTE;1425;+0200;2000;+0200;0;AF_7727-AF_7416
NTE;1005;+0200;1550;+0200;0;AF_5366-AF_1257
NTE;1005;+0200;1550;+0200;0;KL_2048-KL_2031
NTE;1125;+0200;1710;+0200;0;AF_7725-AF_7646
NTE;1425;+0200;2010;+0200;0;AF_7727-AF_7648
NTE;1110;+0200;1710;+0200;0;AF_7383-AF_7646
NTE;1255;+0200;1855;+0200;0;AF_7611-AF_7827
NTE;0735;+0200;1340;+0200;0;IB_8545-IB_8710
NTE;0840;+0200;1450;+0200;0;AF_3141-AF_7816
NTE;1540;+0200;2150;+0200;0;AF_5651-AF_7845
NTE;0755;+0200;0840;+0200;0;AF_3202
NTE;0910;+0200;1420;+0200;0;AF_3202-AF_5899
NTE;1120;+0200;1750;+0200;0;AF_7861-AF_7843
NTE;0755;+0200;1430;+0200;0;AF_3202-AF_7805
NTE;0725;+0200;1405;+0200;0;AF_7381-AF_7414
NTE;0720;+0200;1405;+0200;0;AF_7721-AF_7414
NTE;0755;+0200;1440;+0200;0;AF_7609-AF_7823
NTE;1120;+0200;1710;+0200;0;AF_7861-AF_7785-AF_7646
NTE;1410;+0200;2000;+0200;0;AF_3206-AF_6267-AF_7416
NTE;1410;+0200;2000;+0200;0;AF_3206-AF_6269-AF_7416
NTE;1410;+0200;2010;+0200;0;AF_3206-AF_7629-AF_7648
NTE;0755;+0200;1405;+0200;0;AF_3202-AF_6261-AF_7414
NTE;0755;+0200;1405;+0200;0;AF_3202-AF_6281-AF_7414
NTE;0755;+0200;1405;+0200;0;AF_3202-AF_6259-AF_7414
NTE;0740;+0200;1405;+0200;0;AF_5333-AF_6207-AF_7414
NTE;0740;+0200;1405;+0200;0;AF_5333-AF_6209-AF_7414
NTE;1125;+0200;1750;+0200;0;AF_7725-AF_7794-AF_7843
NTE;0755;+0200;1425;+0200;0;AF_3202-AF_6259-AF_7644
NTE;0755;+0200;1425;+0200;0;AF_7609-AF_7663-AF_7644
NTE;0755;+0200;1425;+0200;0;AF_3202-AF_7625-AF_7644
NTE;1040;+0200;1710;+0200;0;AF_5767-AF_7665-AF_7646
NTE;1110;+0200;1745;+0200;0;AF_7383-AF_6276-AF_7811
NTE;1110;+0200;1745;+0200;0;AF_7383-AF_6260-AF_7811
NTE;1110;+0200;1745;+0200;0;AF_7383-AF_6262-AF_7811
NTE;1110;+0200;1750;+0200;0;AF_7383-AF_6122-AF_7843
NTE;1110;+0200;1750;+0200;0;AF_7383-AF_6124-AF_7843
NTE;1110;+0200;1750;+0200;0;AF_7383-AF_6154-AF_7843
NTE;1110;+0200;1750;+0200;0;AF_7383-AF_6126-AF_7843
NTE;1110;+0200;1750;+0200;0;AF_7383-AF_6166-AF_7843
NTE;0740;+0200;1425;+0200;0;AF_5333-AF_7701-AF_7644
PAR;0730;+0200;0840;+0200;0;AF_7640
PAR;0935;+0200;1045;+0200;0;JL_5723
PAR;0935;+0200;1045;+0200;0;AF_7652
PAR;1315;+0200;1425;+0200;0;AF_7644
PAR;1600;+0200;1710;+0200;0;AF_7646
PAR;1900;+0200;2010;+0200;0;JL_5399
PAR;1900;+0200;2010;+0200;0;AF_7648
PAR;2130;+0200;2240;+0200;0;AF_7650
PAR;0825;+0200;0940;+0200;0;AF_7400
PAR;1250;+0200;1405;+0200;0;AF_7414
PAR;1845;+0200;2000;+0200;0;AF_7416
PAR;0958;+0200;1200;+0200;0;WY_4520
PAR;1158;+0200;1400;+0200;0;WY_4521
PAR;0924;+0200;1130;+0200;0;SS_8358
PAR;2116;+0200;2324;+0200;0;WY_4522
PAR;1520;+0200;1750;+0200;0;AF_6154-AF_7843
PAR;1650;+0200;1920;+0200;0;AF_6132-AF_7851
PAR;1920;+0200;2150;+0200;0;AF_6142-AF_7845
PAR;1510;+0200;1745;+0200;0;AF_6262-AF_7811
PAR;0650;+0200;0935;+0200;0;AF_6102-AF_7847
PAR;0710;+0200;1000;+0200;0;AF_6252-AF_7803
PAR;1610;+0200;1900;+0200;0;AF_7336-AF_5415
PAR;1610;+0200;1900;+0200;0;AF_7336-AF_5415-AF_5415
PAR;1150;+0200;1445;+0200;0;AF_6118-AF_7849
PAR;1835;+0200;2130;+0200;0;LX_657-LX_538
PAR;1835;+0200;2130;+0200;0;AF_7626-AF_7809
PAR;0705;+0200;1005;+0200;0;LX_647-LX_530
PAR;1100;+0200;1400;+0200;0;LX_635-LX_532
PAR;1450;+0200;1750;+0200;0;AF_6126-AF_7843
PAR;1610;+0200;1910;+0200;0;AF_6264-AF_7807
PAR;1620;+0200;1920;+0200;0;AF_6130-AF_7851
PAR;1830;+0200;2130;+0200;0;AF_6268-AF_7809
PAR;1850;+0200;2150;+0200;0;AF_6140-AF_7845
PAR;1110;+0200;1415;+0200;0;AF_7384-AF_5862
PAR;1550;+0200;1855;+0200;0;AF_7550-AF_5804
PAR;1555;+0200;1900;+0200;0;AF_7308-AF_5783
PAR;1615;+0200;1920;+0200;0;AF_7730-AF_5866
PAR;1815;+0200;2121;+0200;0;AF_7708-AF_7828
PAR;0650;+0200;1000;+0200;0;AF_6250-AF_7803
PAR;0620;+0200;0935;+0200;0;AF_6152-AF_7847
PAR;1555;+0200;1910;+0200;0;AF_7634-AF_7807
PAR;1555;+0200;1910;+0200;0;AF_7706-AF_7835
PAR;1605;+0200;1920;+0200;0;AF_7376-AF_5796
PAR;1605;+0200;1920;+0200;0;AF_6156-AF_7851
PAR;1110;+0200;1430;+0200;0;AF_6258-AF_7805
PAR;1125;+0200;1445;+0200;0;AF_7680-AF_5802
PAR;1130;+0200;1450;+0200;0;AF_6234-AF_7836
PAR;1130;+0200;1450;+0200;0;AF_6234-AF_7837
PAR;1450;+0200;1810;+0200;0;LX_639-LX_536
PAR;1550;+0200;1910;+0200;0;AF_7706-AF_7835
PAR;1830;+0200;2150;+0200;0;AF_7788-AF_7845
PAR;1900;+0200;2220;+0200;0;LH_1043-LH_1082
PAR;1800;+0200;2121;+0200;0;AF_6236-AF_7828
PAR;0625;+0200;0950;+0200;0;LH_1053-LH_1074
PAR;1050;+0200;1415;+0200;0;LH_1029-LH_1076
PAR;1120;+0200;1445;+0200;0;AF_7546-AF_5802
PAR;1535;+0200;1900;+0200;0;AF_3286-AF_5415
PAR;1535;+0200;1638;+0200;0;AF_3286
PAR;1639;+0200;1900;+0200;0;AF_3286-AF_5415-AF_5415
PAR;1555;+0200;1920;+0200;0;AF_7786-AF_7851
PAR;1420;+0200;1750;+0200;0;AF_6124-AF_7843
PAR;1820;+0200;2150;+0200;0;AF_6138-AF_7845
PAR;1305;+0200;1640;+0200;0;LH_2231-LH_2250
PAR;1410;+0200;1745;+0200;0;AF_6276-AF_7811
PAR;1910;+0200;2245;+0200;0;LH_2237-LH_2254
PAR;0840;+0200;1220;+0200;0;LH_2227-LH_2248
PAR;1535;+0200;1920;+0200;0;AF_6128-AF_7851
PAR;1535;+0200;1920;+0200;0;AF_7738-AF_5796
PAR;1825;+0200;2210;+0200;0;KL_2022-KL_2029
PAR;1825;+0200;2210;+0200;0;AF_2240-AF_1357
PAR;1100;+0200;1450;+0200;0;AF_6210-AF_7837
PAR;1100;+0200;1450;+0200;0;AF_6210-AF_7836
PAR;1530;+0200;1920;+0200;0;AF_2026-AF_5565
PAR;1530;+0200;1920;+0200;0;AF_5306-AF_3215
PAR;1925;+0200;2315;+0200;0;BA_337-BA_364
PAR;1730;+0200;2121;+0200;0;AF_6226-AF_7828
PAR;0725;+0200;1120;+0200;0;KL_2002-KL_2025
PAR;0725;+0200;1120;+0200;0;AF_1240-AF_1157
PAR;1050;+0200;1445;+0200;0;AF_6114-AF_7849
PAR;1215;+0200;1610;+0200;0;SN_3634-SN_3589
PAR;1030;+0200;1430;+0200;0;AF_7622-AF_7805
PAR;1350;+0200;1750;+0200;0;AF_6122-AF_7843
PAR;1510;+0200;1910;+0200;0;AF_6262-AF_7807
PAR;1520;+0200;1920;+0200;0;AF_6154-AF_7851
PAR;1750;+0200;2150;+0200;0;AF_6136-AF_7845
PAR;1935;+0200;2335;+0200;0;AA_6517-AA_6362
AMS;1420;+0200;1550;+0200;0;AF_1257
AMS;1420;+0200;1550;+0200;0;KL_2031
AMS;0940;+0200;1120;+0200;0;AF_1157
AMS;0940;+0200;1120;+0200;0;KL_2025
AMS;2030;+0200;2210;+0200;0;AF_1357
AMS;2030;+0200;2210;+0200;0;KL_2029
AMS;1630;+0200;1900;+0200;0;AF_5485-AF_5783
AMS;0705;+0200;1005;+0200;0;LX_737-LX_530
AMS;1355;+0200;1710;+0200;0;AF_1641-AF_7646
AMS;1455;+0200;1810;+0200;0;LX_729-LX_536
AMS;1455;+0200;1810;+0200;0;LH_993-LH_1078
AMS;1655;+0200;2010;+0200;0;AF_8239-AF_7648
AMS;1055;+0200;1415;+0200;0;LH_989-LH_1076
AMS;1320;+0200;1640;+0200;0;LH_2305-LH_2250
AMS;1420;+0200;1745;+0200;0;AF_8341-AF_7811
AMS;0715;+0200;1045;+0200;0;AF_8227-AF_7652
AMS;0850;+0200;1220;+0200;0;LH_2301-LH_2248
AMS;1040;+0200;1415;+0200;0;UA_9203-UA_8916
AMS;1045;+0200;1425;+0200;0;AF_1341-AF_7644
AMS;1905;+0200;2245;+0200;0;LH_2309-LH_2254
AMS;1855;+0200;2240;+0200;0;AF_2041-AF_7650
AMS;1430;+0200;1820;+0200;0;AF_5367-AF_5864
AMS;1830;+0200;2220;+0200;0;NH_6174-NH_6131
AMS;1830;+0200;2220;+0200;0;LH_997-LH_1082
AMS;0720;+0200;1115;+0200;0;AA_6434-AA_6714
AMS;0720;+0200;1115;+0200;0;QF_3364-QF_3531
AMS;0720;+0200;1115;+0200;0;BA_423-BA_360
AMS;0645;+0200;1045;+0200;0;AF_8223-AF_7652
AMS;1450;+0200;1850;+0200;0;AZ_7741-AZ_7858
AMS;1515;+0200;1915;+0200;0;AZ_7721-AZ_7832
AMS;1910;+0200;2315;+0200;0;BA_441-BA_364
AMS;0945;+0200;1355;+0200;0;UA_9195-UA_8916
AMS;1330;+0200;1740;+0200;0;SK_548-SK_1793
AMS;0940;+0200;1355;+0200;0;UA_9195-UA_8916
AMS;0945;+0200;1400;+0200;0;LX_725-LX_532
AMS;0955;+0200;1415;+0200;0;AZ_7733-AZ_7852
AMS;1000;+0200;1420;+0200;0;AF_8417-AF_5413
AMS;1010;+0200;1430;+0200;0;AF_8301-AF_7805
AMS;1445;+0200;1910;+0200;0;AF_8231-AF_7835
AMS;0945;+0200;1415;+0200;0;UA_9195-UA_8916
AMS;0945;+0200;1415;+0200;0;LH_987-LH_1076
AMS;0950;+0200;1420;+0200;0;AZ_7739-AZ_7856
AMS;1450;+0200;1920;+0200;0;AZ_7735-AZ_7362
AMS;0940;+0200;1415;+0200;0;UA_9195-UA_8916
AMS;1010;+0200;1450;+0200;0;AZ_7719-AZ_7830
AMS;1230;+0200;1710;+0200;0;AF_8233-AF_7646
AMS;1800;+0200;2240;+0200;0;AF_8241-AF_7650
AMS;0940;+0200;1425;+0200;0;AZ_7713-AZ_7838
AMS;1435;+0200;1920;+0200;0;AF_8263-AF_7851
AMS;1320;+0200;1810;+0200;0;LH_991-LH_1078
AMS;1420;+0200;1910;+0200;0;AF_8341-AF_7807
AMS;1430;+0200;1920;+0200;0;AF_5367-AF_5866
AMS;1520;+0200;2010;+0200;0;AF_1741-AF_7648
AMS;0930;+0200;1425;+0200;0;AF_1241-AF_7644
AMS;0915;+0200;1415;+0200;0;AF_5365-AF_5862
AMS;1620;+0200;2121;+0200;0;AF_8435-AF_7828
AMS;1320;+0200;1830;+0200;0;LH_2305-LH_2252
AMS;1410;+0200;1920;+0200;0;AZ_7729-AZ_7840
AMS;0935;+0200;1450;+0200;0;AF_8271-AF_7836
AMS;0935;+0200;1450;+0200;0;AF_8271-AF_7837
AMS;0700;+0200;1220;+0200;0;LH_2313-LH_2248
AMS;1720;+0200;2245;+0200;0;LH_2307-LH_2254
AMS;1105;+0200;1640;+0200;0;LH_2303-LH_2250
AMS;0925;+0200;1505;+0200;0;AF_5483-AF_5781
AMS;1655;+0200;2240;+0200;0;AF_8239-AF_7650
DUB;1715;+0100;2210;+0200;0;KL_3160-KL_2029
DUB;1500;+0100;2010;+0200;0;AF_5009-AF_7648
DUB;1730;+0100;2240;+0200;0;AF_5007-AF_7650
DUB;0910;+0100;1425;+0200;0;AF_5001-AF_7644
DUB;1155;+0100;1710;+0200;0;AF_5005-AF_7646
DUB;0600;+0100;1120;+0200;0;KL_3152-KL_2025
DUB;0945;+0100;1550;+0200;0;KL_3154-KL_2031
DUB;1200;+0100;1810;+0200;0;LH_979-LH_1078
DUB;1700;+0100;2315;+0200;0;BA_5976-BA_364
DUB;1210;+0100;1835;+0200;0;BA_5964-BA_362
DUB;1105;+0100;1740;+0200;0;SK_538-SK_1793
DUB;1115;+0100;1810;+0200;0;LX_401-LX_536
DUB;1445;+0100;2145;+0200;0;IB_8071-IB_8714
DUB;0650;+0100;1415;+0200;0;LH_983-LH_1076
DUB;1550;+0100;2315;+0200;0;BA_5974-BA_364
DUB;1500;+0100;2240;+0200;0;AF_5009-AF_7650
DUB;0620;+0100;1405;+0200;0;AF_5003-AF_7414
DUB;0910;+0100;1710;+0200;0;AF_5001-AF_7646
DUB;0620;+0100;1425;+0200;0;AF_5003-AF_7644
DUB;1155;+0100;2000;+0200;0;AF_5005-AF_7416
DUB;1155;+0100;2010;+0200;0;AF_5005-AF_7648
DUB;1440;+0100;2315;+0200;0;BA_5968-BA_364
DUB;1330;+0100;2210;+0200;0;KL_3158-KL_2029
DUB;0950;+0100;1835;+0200;0;BA_5958-BA_362
DUB;1340;+0100;2315;+0200;0;BA_5966-BA_364
DUB;0850;+0100;1835;+0200;0;BA_5956-BA_362
DUB;0600;+0100;1550;+0200;0;KL_3152-KL_2031
DUB;0840;+0100;1835;+0200;0;BA_5832-BA_362
DUB;0720;+0100;1405;+0200;0;AF_5118-AF_5021-AF_7414
DUB;1430;+0100;2220;+0200;0;BD_124-BD_3233-BD_3088
DUB;1430;+0100;2220;+0200;0;LH_6500-LH_911-LH_1082
DUB;1430;+0100;2245;+0200;0;LH_6500-LH_2479-LH_2254
DUB;0620;+0100;1440;+0200;0;AF_5003-AF_7662-AF_7823
DUB;0720;+0100;1550;+0200;0;AF_5118-AF_5183-AF_1257
DUB;1345;+0100;2220;+0200;0;LH_6480-LH_911-LH_1082
DUB;1345;+0100;2220;+0200;0;BD_124-BD_3233-BD_3088
DUB;1345;+0100;2220;+0200;0;LH_6480-LH_899-LH_1082
DUB;1345;+0100;2245;+0200;0;LH_6480-LH_2479-LH_2254
DUB;0650;+0100;1610;+0200;0;BD_120-BD_5434-BD_5369
DUB;0840;+0100;1810;+0200;0;LH_6632-LH_905-LH_1078
DUB;0840;+0100;1810;+0200;0;BD_122-BD_3197-BD_3086
DUB;0910;+0100;1855;+0200;0;AF_5001-AF_7664-AF_7827
DUB;0720;+0100;1710;+0200;0;AF_5118-AF_5021-AF_7646
DUB;0720;+0100;1710;+0200;0;AF_5118-AF_1981-AF_7646
DUB;0840;+0100;1830;+0200;0;LH_6632-LH_2475-LH_2252
TLS;0700;+0200;0800;+0200;0;AF_7841
TLS;0835;+0200;0935;+0200;0;AF_7847
TLS;1345;+0200;1445;+0200;0;AF_7849
TLS;1650;+0200;1750;+0200;0;AF_7843
TLS;1820;+0200;1920;+0200;0;AF_7851
TLS;2050;+0200;2150;+0200;0;AF_7845
TLS;1600;+0200;1915;+0200;0;AF_5509-AF_7814
TLS;1645;+0200;2000;+0200;0;AF_6133-AF_7416
TLS;1045;+0200;1405;+0200;0;AF_6117-AF_7414
TLS;0615;+0200;0940;+0200;0;AF_6101-AF_7400
TLS;0715;+0200;1045;+0200;0;AF_7793-AF_7652
TLS;0710;+0200;1045;+0200;0;AF_7793-AF_7652
TLS;1050;+0200;1425;+0200;0;AF_7795-AF_7644
TLS;0600;+0200;0940;+0200;0;AF_6155-AF_7400
TLS;1615;+0200;2000;+0200;0;AF_6131-AF_7416
TLS;0635;+0200;1025;+0200;0;SN_3676-SN_3587
TLS;1015;+0200;1405;+0200;0;AF_6113-AF_7414
TLS;1615;+0200;2010;+0200;0;AF_7787-AF_7648
TLS;1015;+0200;1415;+0200;0;LH_1095-LH_1076
TLS;1015;+0200;1415;+0200;0;BD_2935-BD_3082
TLS;0620;+0200;1025;+0200;0;SN_3676-SN_3587
TLS;1720;+0200;2125;+0200;0;SN_3670-SN_3593
TLS;1015;+0200;1425;+0200;0;AF_4342-AF_5822
TLS;1155;+0200;1610;+0200;0;BD_5428-BD_5369
TLS;1155;+0200;1610;+0200;0;SN_3668-SN_3589
TLS;1255;+0200;1710;+0200;0;AF_7785-AF_7646
TLS;1545;+0200;2000;+0200;0;AF_6129-AF_7416
TLS;0945;+0200;1405;+0200;0;AF_6109-AF_7414
TLS;1720;+0200;2140;+0200;0;SN_3670-SN_3593
TLS;1825;+0200;2245;+0200;0;LH_2219-LH_2254
TLS;0700;+0200;1125;+0200;0;IB_8765-IB_8708
TLS;0950;+0200;1415;+0200;0;AF_7860-AF_5862
TLS;1700;+0200;2125;+0200;0;BD_5424-BD_5363
TLS;1210;+0200;1640;+0200;0;LH_2215-LH_2250
TLS;1450;+0200;1920;+0200;0;AZ_7345-AZ_7840
TLS;1800;+0200;2240;+0200;0;AF_7789-AF_7650
TLS;1515;+0200;2000;+0200;0;AF_6167-AF_7416
TLS;1715;+0200;2200;+0200;0;AF_5650-AF_5868
TLS;0915;+0200;1405;+0200;0;AF_6115-AF_7414
TLS;1655;+0200;2145;+0200;0;IB_8771-IB_8714
TLS;1715;+0200;2210;+0200;0;KL_1312-KL_2029
TLS;1710;+0200;2210;+0200;0;AF_8264-AF_1357
TLS;1805;+0200;2315;+0200;0;BA_375-BA_364
TLS;0605;+0200;1120;+0200;0;AF_8260-AF_1157
TLS;0605;+0200;1120;+0200;0;KL_1300-KL_2025
TLS;0845;+0200;1405;+0200;0;AF_6111-AF_7414
TLS;1805;+0200;2335;+0200;0;AA_6272-AA_6362
BRU;0635;+0200;0800;+0200;0;AF_5401
BRU;0900;+0200;1025;+0200;0;UA_9959
BRU;0900;+0200;1025;+0200;0;SN_3587
BRU;0910;+0200;1035;+0200;0;UA_9959
BRU;1320;+0200;1445;+0200;0;AF_5403
BRU;1445;+0200;1610;+0200;0;SN_3589
BRU;1655;+0200;1820;+0200;0;SN_3591
BRU;1755;+0200;1920;+0200;0;AF_5405
BRU;2000;+0200;2125;+0200;0;SN_3593
BRU;2015;+0200;2140;+0200;0;SN_3593
BRU;1840;+0200;2130;+0200;0;LX_783-LX_538
BRU;0705;+0200;1005;+0200;0;LX_771-LX_530
BRU;1100;+0200;1400;+0200;0;LX_779-LX_532
BRU;1920;+0200;2220;+0200;0;LH_1019-LH_1082
BRU;1110;+0200;1415;+0200;0;LH_1009-LH_1076
BRU;1500;+0200;1810;+0200;0;LX_781-LX_536
BRU;1100;+0200;1415;+0200;0;LH_1009-LH_1076
BRU;1440;+0200;1810;+0200;0;LH_1013-LH_1078
BRU;1500;+0200;1830;+0200;0;LH_2289-LH_2252
BRU;0710;+0200;1045;+0200;0;AF_7182-AF_7652
BRU;0845;+0200;1220;+0200;0;LH_2283-LH_2248
BRU;1905;+0200;2245;+0200;0;NH_6084-NH_6045
BRU;1905;+0200;2245;+0200;0;LH_2293-LH_2254
BRU;1825;+0200;2210;+0200;0;KL_1732-KL_2029
BRU;0725;+0200;1115;+0200;0;BA_389-BA_360
BRU;0725;+0200;1115;+0200;0;QF_3390-QF_3531
BRU;1830;+0200;2220;+0200;0;LH_1017-LH_1082
BRU;1830;+0200;2220;+0200;0;NH_6170-NH_6131
BRU;1618;+0200;2010;+0200;0;AF_7186-AF_7648
BRU;1245;+0200;1640;+0200;0;LH_2287-LH_2250
BRU;1920;+0200;2315;+0200;0;BA_399-BA_364
BRU;1021;+0200;1425;+0200;0;AF_7184-AF_7644
BRU;0950;+0200;1400;+0200;0;LX_787-LX_532
BRU;1325;+0200;1740;+0200;0;SK_1592-SK_1793
BRU;1125;+0200;1550;+0200;0;KL_1724-KL_2031
BRU;0645;+0200;1115;+0200;0;AA_6423-AA_6714
BRU;0645;+0200;1115;+0200;0;BA_389-BA_360
BRU;1310;+0200;1750;+0200;0;AF_4345-AF_7843
BRU;1740;+0200;2220;+0200;0;LH_1015-LH_1082
BRU;1325;+0200;1810;+0200;0;LH_1011-LH_1078
BRU;1218;+0200;1710;+0200;0;AF_7192-AF_7646
BRU;0625;+0200;1120;+0200;0;KL_1720-KL_2025
BRU;0920;+0200;1415;+0200;0;LH_1007-LH_1076
BRU;1715;+0200;2245;+0200;0;LH_2291-LH_2254
BRU;0645;+0200;1220;+0200;0;LH_2297-LH_2248
BRU;0840;+0200;1415;+0200;0;LH_1005-LH_1076
BRU;1105;+0200;1640;+0200;0;LH_2285-LH_2250
BRU;0755;+0200;1340;+0200;0;IB_3207-IB_8710
BRU;0830;+0200;1415;+0200;0;LH_1005-LH_1076
BRU;1245;+0200;1830;+0200;0;LH_2287-LH_2252
BRU;1720;+0200;2315;+0200;0;BA_397-BA_364
BER;1830;+0200;2130;+0200;0;LX_971-LX_538
BER;0915;+0200;1220;+0200;0;LH_2031-LH_2248
BER;1105;+0200;1415;+0200;0;LH_183-LH_1076
BER;1840;+0200;2150;+0200;0;LH_2743-LH_3270
BER;0650;+0200;1005;+0200;0;LX_963-LX_530
BER;1045;+0200;1400;+0200;0;LX_977-LX_532
BER;1055;+0200;1415;+0200;0;LH_183-LH_1076
BER;1450;+0200;1810;+0200;0;LX_967-LX_536
BER;1900;+0200;2220;+0200;0;LH_197-LH_1082
BER;1445;+0200;1810;+0200;0;LH_189-LH_1078
BER;1215;+0200;1550;+0200;0;KL_1824-KL_2031
BER;1405;+0200;1740;+0200;0;SK_1676-SK_1793
BER;1455;+0200;1830;+0200;0;LH_2039-LH_2252
BER;0610;+0200;0950;+0200;0;LH_171-LH_1074
BER;1905;+0200;2245;+0200;0;LH_2049-LH_2254
BER;0605;+0200;0950;+0200;0;LH_171-LH_1074
BER;0640;+0200;1025;+0200;0;9W_6090-9W_6087
BER;0640;+0200;1025;+0200;0;SN_2592-SN_3587
BER;0835;+0200;1220;+0200;0;LH_2029-LH_2248
BER;1255;+0200;1640;+0200;0;LH_2037-LH_2250
BER;0640;+0200;1035;+0200;0;UA_9920-UA_9959
BER;1020;+0200;1415;+0200;0;LH_181-LH_1076
BER;1510;+0200;1910;+0200;0;OS_292-OS_407
BER;1820;+0200;2220;+0200;0;LH_195-LH_1082
BER;1835;+0200;2240;+0200;0;AF_2335-AF_7650
BER;1410;+0200;1820;+0200;0;SN_2584-SN_3591
BER;1555;+0200;2010;+0200;0;AF_2035-AF_7648
BER;1735;+0200;2150;+0200;0;LH_2741-LH_3270
BER;1250;+0200;1710;+0200;0;AF_1735-AF_7646
BER;1145;+0200;1610;+0200;0;SN_2582-SN_3589
BER;1145;+0200;1610;+0200;0;BD_5322-BD_5369
BER;1700;+0200;2125;+0200;0;BD_5326-BD_5363
BER;1700;+0200;2125;+0200;0;SN_2586-SN_3593
BER;0930;+0200;1400;+0200;0;LX_975-LX_532
BER;0955;+0200;1425;+0200;0;AF_1435-AF_7644
BER;1340;+0200;1810;+0200;0;LH_187-LH_1078
BER;1350;+0200;1820;+0200;0;BD_5324-BD_5361
BER;1350;+0200;1820;+0200;0;SN_2584-SN_3591
BER;0935;+0200;1415;+0200;0;LH_179-LH_1076
BER;1700;+0200;2140;+0200;0;SN_2586-SN_3593
BER;0735;+0200;1220;+0200;0;LH_2057-LH_2248
BER;1510;+0200;1955;+0200;0;LH_2739-LH_3268
BER;1725;+0200;2210;+0200;0;KL_1830-KL_2029
BER;1730;+0200;2220;+0200;0;LH_193-LH_1082
BER;1250;+0200;1750;+0200;0;AF_4357-AF_7843
BER;1740;+0200;2245;+0200;0;LH_2047-LH_2254
BER;0600;+0200;1120;+0200;0;KL_1818-KL_2025
BER;1115;+0200;1640;+0200;0;LH_2035-LH_2250
BER;1020;+0200;1550;+0200;0;KL_1822-KL_2031
BER;0840;+0200;1415;+0200;0;LH_177-LH_1076
BER;1255;+0200;1830;+0200;0;LH_2037-LH_2252
BER;1100;+0200;1640;+0200;0;LH_2035-LH_2250
BER;1705;+0200;2245;+0200;0;LH_2043-LH_2254
BER;0635;+0200;1220;+0200;0;LH_2055-LH_2248
BER;1405;+0200;1955;+0200;0;LH_2737-LH_3268
BER;1055;+0200;1650;+0200;0;TU_551-TU_750
BER;1210;+0200;1810;+0200;0;AY_912-AY_925
BER;1210;+0200;1810;+0200;0;LH_185-LH_1078
BER;1205;+0200;1810;+0200;0;LH_185-LH_1078
BER;1220;+0200;1835;+0200;0;BA_983-BA_362
BER;1220;+0200;1835;+0200;0;AA_6595-AA_6616
BER;1605;+0200;2220;+0200;0;LH_191-LH_1082
BER;0720;+0200;1340;+0200;0;IB_3549-IB_8710
BER;0755;+0200;1415;+0200;0;LH_175-LH_1076
BER;1620;+0200;2245;+0200;0;LH_2041-LH_2254
BER;1250;+0200;1920;+0200;0;AF_4357-AF_7851
BER;1145;+0200;1820;+0200;0;BD_5322-BD_5361
BER;1145;+0200;1820;+0200;0;SN_2582-SN_3591
BER;1640;+0200;2315;+0200;0;BA_985-BA_364
BER;1450;+0200;2130;+0200;0;LX_967-LX_538
BER;1510;+0200;2150;+0200;0;LH_2739-LH_3270
BER;1555;+0200;2240;+0200;0;AF_2035-AF_7650
BER;0715;+0200;1405;+0200;0;AF_1135-AF_7414
BER;0950;+0200;1640;+0200;0;LH_2033-LH_2250
BER;0710;+0200;1405;+0200;0;AF_1135-AF_7414
VIE;0705;+0200;0850;+0200;0;OS_403
VIE;0705;+0200;0850;+0200;0;AF_1957
VIE;1720;+0200;1910;+0200;0;AF_2057
VIE;1720;+0200;1910;+0200;0;OS_407
VIE;1945;+0200;2245;+0200;0;LH_6329-LH_2254
VIE;0915;+0200;1220;+0200;0;LH_2325-LH_2248
VIE;0655;+0200;1005;+0200;0;LX_1585-LX_530
VIE;1450;+0200;1810;+0200;0;BD_2985-BD_3086
VIE;1450;+0200;1810;+0200;0;LX_1579-LX_536
VIE;1450;+0200;1810;+0200;0;LH_1239-LH_1078
VIE;0620;+0200;0950;+0200;0;LH_1247-LH_1074
VIE;1300;+0200;1640;+0200;0;LH_2329-LH_2250
VIE;1740;+0200;2130;+0200;0;LX_3557-LX_538
VIE;1830;+0200;2220;+0200;0;LH_1241-LH_1082
VIE;1000;+0200;1400;+0200;0;LX_1575-LX_532
VIE;1725;+0200;2125;+0200;0;SN_6006-SN_3593
VIE;1725;+0200;2125;+0200;0;BD_2835-BD_5363
VIE;1835;+0200;2240;+0200;0;AF_1439-AF_7650
VIE;1740;+0200;2150;+0200;0;LH_6355-LH_3270
VIE;1725;+0200;2140;+0200;0;SN_6006-SN_3593
VIE;1005;+0200;1425;+0200;0;AF_1139-AF_7644
VIE;0655;+0200;1120;+0200;0;KL_1838-KL_2025
VIE;1520;+0200;1955;+0200;0;LH_3093-LH_3268
VIE;1535;+0200;2010;+0200;0;AF_1739-AF_7648
VIE;1740;+0200;2220;+0200;0;NH_6330-NH_6131
VIE;1740;+0200;2220;+0200;0;LH_6335-LH_1082
VIE;1315;+0200;1810;+0200;0;LH_6333-LH_1078
VIE;1750;+0200;2245;+0200;0;LH_2331-LH_2254
VIE;1310;+0200;1810;+0200;0;LH_6333-LH_1078
VIE;0850;+0200;1355;+0200;0;UA_9340-UA_8916
VIE;0910;+0200;1415;+0200;0;LH_6917-LH_1076
VIE;1455;+0200;2010;+0200;0;AF_1657-AF_7648
VIE;1035;+0200;1555;+0200;0;RO_342-RO_387
VIE;0850;+0200;1415;+0200;0;LH_1233-LH_1076
VIE;0850;+0200;1415;+0200;0;BD_2981-BD_3082
VIE;0850;+0200;1415;+0200;0;UA_9340-UA_8916
VIE;1715;+0200;2240;+0200;0;AF_1757-AF_7650
VIE;1300;+0200;1830;+0200;0;LH_2329-LH_2252
VIE;1100;+0200;1640;+0200;0;LH_2327-LH_2250
VIE;0630;+0200;1220;+0200;0;LH_6325-LH_2248
VIE;1650;+0200;2245;+0200;0;LH_6327-LH_2254
VIE;1650;+0200;2245;+0200;0;NH_6303-NH_6045
NCE;0655;+0200;0755;+0200;0;AF_7838
NCE;1350;+0200;1450;+0200;0;AF_7836
NCE;1350;+0200;1450;+0200;0;AF_7837
NCE;1810;+0200;1910;+0200;0;AF_7835
NCE;2021;+0200;2121;+0200;0;AF_7828
NCE;0925;+0200;1215;+0200;0;XK_101-XK_130
NCE;0925;+0200;1215;+0200;0;AF_4728-AF_4763
NCE;1200;+0200;1450;+0200;0;AF_5331-AF_5343
NCE;1205;+0200;1505;+0200;0;AF_7895-AF_5781
NCE;0700;+0200;1005;+0200;0;LX_565-LX_530
NCE;0645;+0200;1000;+0200;0;AF_7875-AF_7803
NCE;1040;+0200;1400;+0200;0;LX_563-LX_532
NCE;1445;+0200;1810;+0200;0;LX_569-LX_536
NCE;1035;+0200;1405;+0200;0;AF_6209-AF_7414
NCE;0600;+0200;0935;+0200;0;AF_7878-AF_7847
NCE;0710;+0200;1045;+0200;0;AF_7711-AF_7652
NCE;0840;+0200;1220;+0200;0;LH_2271-LH_2248
NCE;1330;+0200;1710;+0200;0;AF_7703-AF_7646
NCE;1405;+0200;1745;+0200;0;AF_7877-AF_7811
NCE;1905;+0200;2245;+0200;0;LH_2277-LH_2254
NCE;1035;+0200;1425;+0200;0;AF_7701-AF_7644
NCE;1220;+0200;1610;+0200;0;BD_5442-BD_5369
NCE;1220;+0200;1610;+0200;0;SN_3618-SN_3589
NCE;1250;+0200;1640;+0200;0;LH_2273-LH_2250
NCE;1850;+0200;2240;+0200;0;AF_7709-AF_7650
NCE;1520;+0200;1915;+0200;0;AF_7882-AF_7814
NCE;1605;+0200;2000;+0200;0;AF_6221-AF_7416
NCE;1615;+0200;2010;+0200;0;AF_7715-AF_7648
NCE;1005;+0200;1405;+0200;0;AF_6207-AF_7414
NCE;1045;+0200;1450;+0200;0;AF_7885-AF_7816
NCE;1155;+0200;1610;+0200;0;SN_3618-SN_3589
NCE;0625;+0200;1045;+0200;0;AF_7713-AF_7652
NCE;1130;+0200;1550;+0200;0;AF_8442-AF_1257
NCE;1130;+0200;1550;+0200;0;KL_1262-KL_2031
NCE;1230;+0200;1650;+0200;0;TU_761-TU_750
NCE;1355;+0200;1820;+0200;0;BD_5444-BD_5361
NCE;1535;+0200;2000;+0200;0;AF_6235-AF_7416
NCE;1350;+0200;1820;+0200;0;SN_3620-SN_3591
NCE;1730;+0200;2210;+0200;0;AF_8232-AF_1357
NCE;1730;+0200;2210;+0200;0;KL_1268-KL_2029
NCE;0600;+0200;1045;+0200;0;AF_7713-AF_7652
NCE;0625;+0200;1120;+0200;0;KL_1260-KL_2025
NCE;0625;+0200;1120;+0200;0;AF_8270-AF_1157
NCE;0905;+0200;1405;+0200;0;AF_6205-AF_7414
NCE;1000;+0200;1505;+0200;0;AF_7892-AF_5781
NCE;1330;+0200;1835;+0200;0;AA_6735-AA_6616
NCE;1330;+0200;1835;+0200;0;BA_347-BA_362
NCE;1405;+0200;1910;+0200;0;AF_7877-AF_7807
NCE;1440;+0200;1955;+0200;0;LH_3273-LH_3268
NCE;1610;+0200;2125;+0200;0;SN_3622-SN_3593
NCE;1435;+0200;2000;+0200;0;AF_6245-AF_7416
NCE;1210;+0200;1740;+0200;0;SK_2796-SK_1793
NCE;1555;+0200;2125;+0200;0;BD_5446-BD_5363
NCE;1555;+0200;2125;+0200;0;KF_5454-KF_5713
NCE;1610;+0200;2140;+0200;0;SN_3622-SN_3593
NCE;1715;+0200;2245;+0200;0;LH_2275-LH_2254
NCE;1715;+0200;2245;+0200;0;NH_6050-NH_6045
MIL;0635;+0200;0735;+0200;0;AF_3291
MIL;0635;+0200;0735;+0200;0;AZ_7828
MIL;1350;+0200;1450;+0200;0;AZ_7830
MIL;1350;+0200;1450;+0200;0;AF_3295
MIL;1815;+0200;1915;+0200;0;AF_3297
MIL;1815;+0200;1915;+0200;0;AZ_7832
MIL;1110;+0200;1400;+0200;0;LX_1617-LX_532
MIL;0710;+0200;1005;+0200;0;LX_1639-LX_530
MIL;1820;+0200;2130;+0200;0;LX_1623-LX_538
MIL;1455;+0200;1810;+0200;0;LX_1629-LX_536
MIL;1100;+0200;1425;+0200;0;AZ_2045-AZ_7838
MIL;1505;+0200;1830;+0200;0;LH_1859-LH_2252
MIL;0850;+0200;1220;+0200;0;LH_1853-LH_2248
MIL;1310;+0200;1640;+0200;0;LH_1857-LH_2250
MIL;1635;+0200;2010;+0200;0;AF_9703-AF_7648
MIL;1910;+0200;2245;+0200;0;NH_6054-NH_6045
MIL;1910;+0200;2245;+0200;0;LH_1863-LH_2254
MIL;0645;+0200;1025;+0200;0;SN_3162-SN_3587
MIL;0705;+0200;1045;+0200;0;AF_2515-AF_7652
MIL;1035;+0200;1415;+0200;0;BD_2925-BD_3082
MIL;1035;+0200;1415;+0200;0;LH_271-LH_1076
MIL;1430;+0200;1810;+0200;0;LH_253-LH_1078
MIL;1630;+0200;2010;+0200;0;AF_1715-AF_7648
MIL;1810;+0200;2150;+0200;0;LH_3183-LH_3270
MIL;0655;+0200;1045;+0200;0;AF_9801-AF_7652
MIL;1530;+0200;1920;+0200;0;AZ_2083-AZ_7840
MIL;0630;+0200;1025;+0200;0;SN_3162-SN_3587
MIL;1005;+0200;1400;+0200;0;LX_1613-LX_532
MIL;1030;+0200;1425;+0200;0;AF_1115-AF_7644
MIL;1030;+0200;1425;+0200;0;AZ_2027-AZ_7838
MIL;1725;+0200;2125;+0200;0;SN_3158-SN_3593
MIL;1515;+0200;1920;+0200;0;AZ_1027-AZ_7840
MIL;1815;+0200;2220;+0200;0;NH_6126-NH_6131
MIL;1815;+0200;2220;+0200;0;LH_255-LH_1082
MIL;1200;+0200;1610;+0200;0;SN_3148-SN_3589
MIL;1300;+0200;1710;+0200;0;AF_9701-AF_7646
MIL;1010;+0200;1425;+0200;0;AF_1213-AF_7644
MIL;1555;+0200;2010;+0200;0;AF_1713-AF_7648
MIL;1725;+0200;2140;+0200;0;SN_3158-SN_3593
MIL;1755;+0200;2210;+0200;0;KL_1628-KL_2029
MIL;1500;+0200;1920;+0200;0;AZ_2071-AZ_7840
MIL;0655;+0200;1120;+0200;0;KL_3624-KL_2025
MIL;1000;+0200;1425;+0200;0;AZ_2039-AZ_7838
MIL;0650;+0200;1120;+0200;0;KL_1618-KL_2025
MIL;1655;+0200;2125;+0200;0;BD_5408-BD_5363
MIL;1655;+0200;2125;+0200;0;SN_3158-SN_3593
MIL;1750;+0200;2220;+0200;0;LH_275-LH_1082
MIL;1810;+0200;2240;+0200;0;AF_9813-AF_7650
MIL;0645;+0200;1120;+0200;0;KL_1618-KL_2025
MIL;1130;+0200;1610;+0200;0;SN_3156-SN_3589
MIL;1130;+0200;1610;+0200;0;BD_5406-BD_5369
MIL;1340;+0200;1820;+0200;0;BD_5266-BD_5361
MIL;1340;+0200;1820;+0200;0;SN_3148-SN_3591
MIL;1125;+0200;1610;+0200;0;SN_3156-SN_3589
MIL;1350;+0200;1835;+0200;0;AA_6316-AA_6616
MIL;1350;+0200;1835;+0200;0;BA_577-BA_362
MIL;1655;+0200;2140;+0200;0;SN_3158-SN_3593
MIL;1430;+0200;1920;+0200;0;AZ_2069-AZ_7840
MIL;1720;+0200;2210;+0200;0;IB_5906-IB_5976
MIL;0930;+0200;1425;+0200;0;AZ_2033-AZ_7838
MIL;0915;+0200;1415;+0200;0;LH_247-LH_1076
MIL;1040;+0200;1550;+0200;0;KL_1620-KL_2031
MIL;1650;+0200;2200;+0200;0;AF_3279-AF_5868
MIL;1345;+0200;1900;+0200;0;AZ_7382-AZ_3679
CPH;1535;+0200;1740;+0200;0;SK_1793
CPH;1440;+0200;1810;+0200;0;LX_1271-LX_536
CPH;0835;+0200;1220;+0200;0;LH_2441-LH_2248
CPH;0835;+0200;1220;+0200;0;SK_3689-SK_3237
CPH;1255;+0200;1640;+0200;0;LH_2443-LH_2250
CPH;1255;+0200;1640;+0200;0;SK_3693-SK_3233
CPH;0600;+0200;0950;+0200;0;SQ_2009-SQ_2098
CPH;0600;+0200;0950;+0200;0;SK_8519-SK_3388
CPH;0600;+0200;0950;+0200;0;UA_9265-UA_8914
CPH;0600;+0200;0950;+0200;0;LH_833-LH_1074
CPH;0635;+0200;1025;+0200;0;SN_2268-SN_3587
CPH;1440;+0200;1830;+0200;0;SK_2657-SK_3231
CPH;1440;+0200;1830;+0200;0;LH_6257-LH_2252
CPH;1740;+0200;2130;+0200;0;LX_4705-LX_538
CPH;1020;+0200;1415;+0200;0;SK_3627-SK_3715
CPH;1020;+0200;1415;+0200;0;UA_9029-UA_8916
CPH;1020;+0200;1415;+0200;0;BD_3423-BD_3082
CPH;1020;+0200;1415;+0200;0;LH_823-LH_1076
CPH;1020;+0200;1425;+0200;0;AF_1751-AF_7644
CPH;1145;+0200;1550;+0200;0;KL_1128-KL_2031
CPH;1005;+0200;1415;+0200;0;SK_1637-SK_3715
CPH;1300;+0200;1710;+0200;0;AF_2051-AF_7646
CPH;1010;+0200;1425;+0200;0;AF_1751-AF_7644
CPH;0940;+0200;1400;+0200;0;LX_1267-LX_532
CPH;1700;+0200;2125;+0200;0;SN_2260-SN_3593
CPH;1700;+0200;2125;+0200;0;BD_5460-BD_5363
CPH;0925;+0200;1355;+0200;0;UA_9029-UA_8916
CPH;1750;+0200;2220;+0200;0;SK_1635-SK_3339
CPH;1400;+0200;1835;+0200;0;AA_6535-AA_6616
CPH;1735;+0200;2210;+0200;0;KL_1132-KL_2029
CPH;1805;+0200;2240;+0200;0;AF_1051-AF_7650
CPH;0825;+0200;1305;+0200;0;BD_3891-BD_1343
CPH;1700;+0200;2140;+0200;0;SN_2260-SN_3593
CPH;1740;+0200;2220;+0200;0;LH_6225-LH_1082
CPH;1740;+0200;2220;+0200;0;SK_1635-SK_3339
CPH;1805;+0200;2245;+0200;0;SK_663-SK_3253
CPH;1805;+0200;2245;+0200;0;LH_6261-LH_2254
CPH;1525;+0200;2010;+0200;0;AF_2351-AF_7648
CPH;0925;+0200;1415;+0200;0;UA_9029-UA_8916
CPH;0925;+0200;1415;+0200;0;LH_6221-LH_1076
CPH;0925;+0200;1415;+0200;0;SK_1637-SK_3715
CPH;1120;+0200;1610;+0200;0;BD_3731-BD_5369
CPH;1330;+0200;1820;+0200;0;BD_5458-BD_5361
CPH;1330;+0200;1820;+0200;0;SN_2258-SN_3591
CPH;1655;+0200;2150;+0200;0;LH_6215-LH_3270
CPH;1310;+0200;1820;+0200;0;SN_2258-SN_3591
CPH;1805;+0200;2315;+0200;0;BA_819-BA_364
CPH;0600;+0200;1120;+0200;0;KL_1124-KL_2025
CPH;0645;+0200;1220;+0200;0;LH_6259-LH_2248
CPH;0645;+0200;1220;+0200;0;SK_661-SK_3237
CPH;1015;+0200;1550;+0200;0;KL_1126-KL_2031
CPH;1255;+0200;1830;+0200;0;LH_2443-LH_2252
CPH;1255;+0200;1830;+0200;0;SK_3693-SK_3231
CPH;1645;+0200;2220;+0200;0;NH_6180-NH_6131
CPH;1645;+0200;2220;+0200;0;BD_3419-BD_3088
CPH;1645;+0200;2220;+0200;0;LH_829-LH_1082
CPH;1645;+0200;2220;+0200;0;SK_8575-SK_3339
CPH;1100;+0200;1640;+0200;0;SK_1665-SK_3233
CPH;1100;+0200;1640;+0200;0;LH_6247-LH_2250
CPH;1405;+0200;1955;+0200;0;LH_6213-LH_3268
CPH;1650;+0200;2245;+0200;0;SK_3649-SK_3253
CPH;1650;+0200;2245;+0200;0;LH_2445-LH_2254
CPH;0800;+0200;1400;+0200;0;LX_4701-LX_532
CPH;1540;+0200;2145;+0200;0;IB_3309-IB_8714
CPH;1645;+0200;2315;+0200;0;BA_8468-BA_364
CPH;1630;+0200;2315;+0200;0;BA_817-BA_364
CPH;1020;+0200;1710;+0200;0;AF_1751-AF_7646
CPH;1440;+0200;2130;+0200;0;LX_1271-LX_538
CPH;1010;+0200;1710;+0200;0;AF_1751-AF_7646
CPH;1120;+0200;1820;+0200;0;BD_3731-BD_5361
CPH;1300;+0200;2000;+0200;0;AF_2051-AF_7416
CPH;1630;+0200;2335;+0200;0;AA_6370-AA_6362
CPH;0655;+0200;1405;+0200;0;AF_1351-AF_7414
CPH;0900;+0200;1610;+0200;0;SN_2256-SN_3589
CPH;0900;+0200;1610;+0200;0;BD_5456-BD_5369
CPH;1300;+0200;2010;+0200;0;AF_2051-AF_7648
CPH;1500;+0200;2210;+0200;0;VY_1872-VY_1220
CPH;1500;+0200;2210;+0200;0;IB_5625-IB_5976
CPH;0700;+0200;1415;+0200;0;SK_639-SK_3715
CPH;0700;+0200;1415;+0200;0;LH_6219-LH_1076
CPH;1525;+0200;2240;+0200;0;AF_2351-AF_7650
CPH;1730;+0200;0045;+0200;1;TP_751-TP_474
MUC;0705;+0200;0820;+0200;0;LH_2246
MUC;1105;+0200;1220;+0200;0;LH_2248
MUC;1525;+0200;1640;+0200;0;LH_2250
MUC;1715;+0200;1830;+0200;0;LH_2252
MUC;2130;+0200;2245;+0200;0;NH_6045
MUC;2130;+0200;2245;+0200;0;LH_2254
MUC;0735;+0200;1005;+0200;0;LX_3619-LX_530
MUC;1125;+0200;1400;+0200;0;LX_3621-LX_532
MUC;1840;+0200;2130;+0200;0;LX_3625-LX_538
MUC;1510;+0200;1810;+0200;0;LH_115-LH_1078
MUC;1050;+0200;1415;+0200;0;LH_109-LH_1076
MUC;1825;+0200;2150;+0200;0;LH_2018-LH_3270
MUC;1855;+0200;2220;+0200;0;LH_121-LH_1082
MUC;0650;+0200;1025;+0200;0;SN_7050-SN_3587
MUC;0610;+0200;0950;+0200;0;LH_99-LH_1074
MUC;0605;+0200;0950;+0200;0;LH_99-LH_1074
MUC;1525;+0200;1910;+0200;0;OS_7236-OS_407
MUC;1035;+0200;1425;+0200;0;AF_1523-AF_7644
MUC;1200;+0200;1550;+0200;0;KL_1794-KL_2031
MUC;1610;+0200;2010;+0200;0;AF_2023-AF_7648
MUC;1405;+0200;1810;+0200;0;LX_1105-LX_536
MUC;1830;+0200;2240;+0200;0;AF_2323-AF_7650
MUC;0705;+0200;1120;+0200;0;KL_1790-KL_2025
MUC;1000;+0200;1415;+0200;0;LH_107-LH_1076
MUC;1255;+0200;1710;+0200;0;AF_1723-AF_7646
MUC;1540;+0200;1955;+0200;0;LH_2014-LH_3268
MUC;1350;+0200;1810;+0200;0;LH_113-LH_1078
MUC;1705;+0200;2125;+0200;0;SN_7060-SN_3593
MUC;0935;+0200;1400;+0200;0;LX_1101-LX_532
MUC;1315;+0200;1740;+0200;0;SK_1666-SK_1793
MUC;1705;+0200;2130;+0200;0;LX_1109-LX_538
MUC;1755;+0200;2220;+0200;0;LH_119-LH_1082
MUC;1705;+0200;2140;+0200;0;SN_7060-SN_3593
MUC;1710;+0200;2150;+0200;0;LH_2016-LH_3270
MUC;1730;+0200;2210;+0200;0;KL_1798-KL_2029
MUC;0930;+0200;1425;+0200;0;AF_1423-AF_7644
MUC;0915;+0200;1415;+0200;0;LH_105-LH_1076
MUC;1310;+0200;1820;+0200;0;SN_7056-SN_3591
MUC;1435;+0200;1955;+0200;0;LH_2012-LH_3268
MUC;1045;+0200;1610;+0200;0;SN_7054-SN_3589
MUC;1645;+0200;2220;+0200;0;LH_117-LH_1082
MUC;1255;+0200;1835;+0200;0;AA_6544-AA_6616
MUC;1255;+0200;1835;+0200;0;BA_951-BA_362
MUC;1545;+0200;2130;+0200;0;LX_3623-LX_538
MUC;1730;+0200;2315;+0200;0;BA_955-BA_364
DUS;0710;+0200;0835;+0200;0;LH_3264
DUS;0735;+0200;0900;+0200;0;LH_3264
DUS;1830;+0200;1955;+0200;0;LH_3268
DUS;2025;+0200;2150;+0200;0;LH_3270
DUS;0625;+0200;0755;+0200;0;AF_5877
DUS;1300;+0200;1430;+0200;0;AF_5875
DUS;1730;+0200;1900;+0200;0;AF_5879
DUS;0720;+0200;1005;+0200;0;LX_3633-LX_530
DUS;1905;+0200;2220;+0200;0;LH_87-LH_1082
DUS;0645;+0200;1005;+0200;0;LX_1029-LX_530
DUS;0725;+0200;1045;+0200;0;AF_1107-AF_7652
DUS;1450;+0200;1810;+0200;0;LX_1019-LX_536
DUS;0720;+0200;1045;+0200;0;AF_1107-AF_7652
DUS;1225;+0200;1550;+0200;0;KL_1856-KL_2031
DUS;1055;+0200;1425;+0200;0;AF_1307-AF_7644
DUS;1500;+0200;1830;+0200;0;LH_2011-LH_2252
DUS;1800;+0200;2130;+0200;0;LX_3637-LX_538
DUS;0845;+0200;1220;+0200;0;LH_2001-LH_2248
DUS;1050;+0200;1425;+0200;0;AF_1307-AF_7644
DUS;1435;+0200;1810;+0200;0;LH_81-LH_1078
DUS;0605;+0200;0950;+0200;0;LH_73-LH_1074
DUS;1625;+0200;2010;+0200;0;AF_1907-AF_7648
DUS;1900;+0200;2245;+0200;0;LH_2017-LH_2254
DUS;1250;+0200;1640;+0200;0;LH_2009-LH_2250
DUS;1320;+0200;1710;+0200;0;AF_1607-AF_7646
DUS;1820;+0200;2210;+0200;0;KL_1862-KL_2029
DUS;1020;+0200;1415;+0200;0;LH_77-LH_1076
DUS;0715;+0200;1115;+0200;0;BA_935-BA_360
DUS;0715;+0200;1115;+0200;0;QF_3450-QF_3531
DUS;0715;+0200;1115;+0200;0;AA_6503-AA_6714
DUS;0955;+0200;1400;+0200;0;LX_1017-LX_532
DUS;1400;+0200;1810;+0200;0;LX_3635-LX_536
DUS;1325;+0200;1740;+0200;0;SK_626-SK_1793
DUS;1800;+0200;2220;+0200;0;LH_85-LH_1082
DUS;1720;+0200;2150;+0200;0;AF_3253-AF_7845
DUS;1655;+0200;2130;+0200;0;LX_3641-LX_538
DUS;0730;+0200;1220;+0200;0;LH_2025-LH_2248
DUS;0625;+0200;1120;+0200;0;KL_1852-KL_2025
DUS;1330;+0200;1835;+0200;0;BA_939-BA_362
DUS;1330;+0200;1835;+0200;0;AA_6513-AA_6616
DUS;1735;+0200;2245;+0200;0;LH_2015-LH_2254
DUS;1805;+0200;2315;+0200;0;BA_943-BA_364
DUS;1725;+0200;2240;+0200;0;AF_2207-AF_7650
DUS;0655;+0200;1220;+0200;0;LH_2023-LH_2248
DUS;1325;+0200;1855;+0200;0;AF_4311-AF_7827
DUS;1320;+0200;1855;+0200;0;AF_4311-AF_7827
DUS;1250;+0200;1830;+0200;0;LH_2009-LH_2252
DUS;0830;+0200;1415;+0200;0;LH_75-LH_1076
DUS;0750;+0200;1340;+0200;0;IB_3597-IB_8710
DUS;1045;+0200;1640;+0200;0;LH_2005-LH_2250
STO;1345;+0200;1740;+0200;0;SK_1423-SK_1793
STO;0945;+0200;1400;+0200;0;LX_1249-LX_532
STO;1410;+0200;1830;+0200;0;SK_2661-SK_3231
STO;1410;+0200;1830;+0200;0;LH_6187-LH_2252
STO;1355;+0200;1820;+0200;0;SN_2306-SN_3591
STO;1355;+0200;1820;+0200;0;BD_5466-BD_5361
STO;1140;+0200;1610;+0200;0;BD_5472-BD_5369
STO;0745;+0200;1220;+0200;0;LH_2421-LH_2248
STO;0745;+0200;1220;+0200;0;SK_3655-SK_3237
STO;1810;+0200;2245;+0200;0;SK_3635-SK_3253
STO;1810;+0200;2245;+0200;0;LH_2419-LH_2254
STO;1710;+0200;2150;+0200;0;LH_6287-LH_3270
STO;1155;+0200;1640;+0200;0;LH_2415-LH_2250
STO;1155;+0200;1640;+0200;0;SK_3633-SK_3233
STO;0630;+0200;1120;+0200;0;KL_1106-KL_2025
STO;1640;+0200;2130;+0200;0;LX_4709-LX_538
STO;1720;+0200;2210;+0200;0;KL_1116-KL_2029
STO;1210;+0200;1710;+0200;0;AF_1763-AF_7646
STO;0910;+0200;1415;+0200;0;LH_6227-LH_1076
STO;0910;+0200;1415;+0200;0;SK_635-SK_3715
STO;0750;+0200;1305;+0200;0;BD_3947-BD_1343
STO;1255;+0200;1810;+0200;0;AY_634-AY_925
STO;1440;+0200;1955;+0200;0;LH_2923-LH_3268
STO;1220;+0200;1740;+0200;0;SK_1421-SK_1793
STO;1240;+0200;1810;+0200;0;LH_803-LH_1078
STO;1240;+0200;1810;+0200;0;SK_3613-SK_3717
STO;1440;+0200;2010;+0200;0;AF_2063-AF_7648
STO;1650;+0200;2220;+0200;0;LH_6203-LH_1082
STO;1650;+0200;2220;+0200;0;SK_673-SK_3339
STO;1545;+0200;2130;+0200;0;LX_1251-LX_538
STO;1525;+0200;2125;+0200;0;BD_3839-BD_5363
STO;0940;+0200;1550;+0200;0;KL_1108-KL_2031
STO;1225;+0200;1835;+0200;0;AA_6528-AA_6616
STO;1155;+0200;1820;+0200;0;SN_2304-SN_3591
STO;1205;+0200;1835;+0200;0;BA_777-BA_362
STO;1155;+0200;1830;+0200;0;SK_3633-SK_3231
STO;1155;+0200;1830;+0200;0;LH_2415-LH_2252
STO;0735;+0200;1415;+0200;0;SK_1631-SK_3715
STO;1140;+0200;1820;+0200;0;BD_5472-BD_5361
STO;1555;+0200;2245;+0200;0;LH_2417-LH_2254
STO;1555;+0200;2245;+0200;0;SK_3657-SK_3253
STO;1445;+0200;2145;+0200;0;IB_3321-IB_8714
STO;1515;+0200;2220;+0200;0;LH_6229-LH_1082
STO;1515;+0200;2220;+0200;0;SK_637-SK_3339
STO;1440;+0200;2150;+0200;0;LH_2923-LH_3270
STO;0650;+0200;1405;+0200;0;AF_1463-AF_7414
STO;1355;+0200;2125;+0200;0;BD_5466-BD_5363
STO;1355;+0200;2125;+0200;0;SN_2306-SN_3593
STO;0625;+0200;1400;+0200;0;LX_4707-LX_532
STO;0650;+0200;1425;+0200;0;AF_1463-AF_7644
STO;1540;+0200;2315;+0200;0;BA_779-BA_364
STO;1000;+0200;1740;+0200;0;SK_1419-SK_1793
STO;1030;+0200;1810;+0200;0;LH_801-LH_1078
STO;1030;+0200;1810;+0200;0;BD_3527-BD_3086
STO;1030;+0200;1810;+0200;0;AY_636-AY_925
STO;1030;+0200;1810;+0200;0;SK_3671-SK_3717
STO;1430;+0200;2210;+0200;0;IB_5669-IB_5976
STO;1430;+0200;2210;+0200;0;VY_1264-VY_1220
STO;1355;+0200;2140;+0200;0;SN_2306-SN_3593
STO;1210;+0200;2000;+0200;0;AF_1763-AF_7416
STO;0620;+0200;1415;+0200;0;LH_809-LH_1076
STO;0620;+0200;1415;+0200;0;SK_3611-SK_3715
STO;0620;+0200;1415;+0200;0;BD_3523-BD_3082
STO;1540;+0200;2335;+0200;0;AA_6530-AA_6362
STO;1210;+0200;2010;+0200;0;AF_1763-AF_7648
STO;1440;+0200;2240;+0200;0;AF_2063-AF_7650
STO;0915;+0200;1740;+0200;0;SK_403-SK_1793
STO;0945;+0200;1810;+0200;0;LX_1249-LX_536
FRA;0835;+0200;0950;+0200;0;LH_1074
FRA;1300;+0200;1415;+0200;0;LH_1076
FRA;1300;+0200;1415;+0200;0;BD_3082
FRA;1655;+0200;1810;+0200;0;BD_3086
FRA;1655;+0200;1810;+0200;0;LH_1078
FRA;2105;+0200;2220;+0200;0;BD_3088
FRA;2105;+0200;2220;+0200;0;LH_1082
FRA;2105;+0200;2220;+0200;0;NH_6131
FRA;0740;+0200;1005;+0200;0;LX_3601-LX_530
FRA;1830;+0200;2130;+0200;0;LX_3611-LX_538
FRA;1335;+0200;1640;+0200;0;LH_110-LH_2250
FRA;0905;+0200;1220;+0200;0;LH_104-LH_2248
FRA;1640;+0200;1955;+0200;0;LH_82-LH_3268
FRA;0705;+0200;1025;+0200;0;SN_7016-SN_3587
FRA;0725;+0200;1045;+0200;0;AF_1019-AF_7652
FRA;1350;+0200;1710;+0200;0;AF_1619-AF_7646
FRA;1810;+0200;2130;+0200;0;LX_1075-LX_538
FRA;1505;+0200;1830;+0200;0;LH_112-LH_2252
FRA;1920;+0200;2245;+0200;0;LH_120-LH_2254
FRA;1025;+0200;1400;+0200;0;LX_1071-LX_532
FRA;1050;+0200;1425;+0200;0;AF_1519-AF_7644
FRA;1435;+0200;1810;+0200;0;LX_1073-LX_536
FRA;1905;+0200;2240;+0200;0;AF_2319-AF_7650
FRA;1530;+0200;1910;+0200;0;OS_124-OS_407
FRA;1740;+0200;2125;+0200;0;SN_7010-SN_3593
FRA;0610;+0200;1005;+0200;0;LX_3613-LX_530
FRA;1740;+0200;2140;+0200;0;SN_7010-SN_3593
FRA;0815;+0200;1220;+0200;0;LH_102-LH_2248
FRA;1745;+0200;2150;+0200;0;LH_84-LH_3270
FRA;0710;+0200;1120;+0200;0;KL_1762-KL_2025
FRA;1800;+0200;2210;+0200;0;KL_1772-KL_2029
FRA;1555;+0200;2010;+0200;0;AF_1919-AF_7648
FRA;1350;+0200;1810;+0200;0;LX_3607-LX_536
FRA;1855;+0200;2315;+0200;0;BA_911-BA_364
FRA;1215;+0200;1640;+0200;0;LH_108-LH_2250
FRA;1410;+0200;1835;+0200;0;AA_6581-AA_6616
FRA;1410;+0200;1835;+0200;0;BA_905-BA_362
FRA;1820;+0200;2245;+0200;0;LH_118-LH_2254
FRA;1655;+0200;2125;+0200;0;SN_7008-SN_3593
FRA;0740;+0200;1220;+0200;0;LH_100-LH_2248
FRA;1655;+0200;2140;+0200;0;SN_7008-SN_3593
FRA;1640;+0200;2130;+0200;0;LX_3609-LX_538
FRA;1750;+0200;2240;+0200;0;AF_2119-AF_7650
FRA;1245;+0200;1740;+0200;0;SK_1638-SK_1793
FRA;1335;+0200;1830;+0200;0;LH_110-LH_2252
FRA;0900;+0200;1400;+0200;0;LX_1069-LX_532
FRA;1050;+0200;1550;+0200;0;KL_1766-KL_2031
FRA;1230;+0200;1740;+0200;0;SK_1638-SK_1793
FRA;1640;+0200;2150;+0200;0;LH_82-LH_3270
FRA;0845;+0200;1400;+0200;0;LX_3603-LX_532
FRA;1305;+0200;1820;+0200;0;SN_7004-SN_3591
FRA;0650;+0200;1220;+0200;0;LH_98-LH_2248
FRA;1715;+0200;2245;+0200;0;LH_116-LH_2254
HAM;1225;+0200;1415;+0200;0;AF_5972
HAM;1740;+0200;1930;+0200;0;AF_5974
HAM;1855;+0200;2150;+0200;0;LH_2717-LH_3270
HAM;1655;+0200;1955;+0200;0;LH_2715-LH_3268
HAM;0915;+0200;1220;+0200;0;LH_2061-LH_2248
HAM;1825;+0200;2130;+0200;0;LX_3649-LX_538
HAM;1330;+0200;1640;+0200;0;LH_2069-LH_2250
HAM;1445;+0200;1810;+0200;0;LX_1057-LX_536
HAM;1800;+0200;2125;+0200;0;SN_2628-SN_3593
HAM;1815;+0200;2140;+0200;0;SN_2628-SN_3593
HAM;1500;+0200;1830;+0200;0;LH_2071-LH_2252
HAM;1850;+0200;2220;+0200;0;LH_25-LH_1082
HAM;0650;+0200;1025;+0200;0;SN_2630-SN_3587
HAM;0650;+0200;1025;+0200;0;9W_6024-9W_6087
HAM;0710;+0200;1045;+0200;0;AF_2511-AF_7652
HAM;1910;+0200;2245;+0200;0;LH_2077-LH_2254
HAM;1800;+0200;2140;+0200;0;SN_2628-SN_3593
HAM;0605;+0200;0950;+0200;0;LH_1-LH_1074
HAM;0835;+0200;1220;+0200;0;LH_2059-LH_2248
HAM;1205;+0200;1550;+0200;0;KL_1780-KL_2031
HAM;1825;+0200;2210;+0200;0;KL_1784-KL_2029
HAM;1010;+0200;1415;+0200;0;LH_11-LH_1076
HAM;1235;+0200;1640;+0200;0;LH_2067-LH_2250
HAM;1335;+0200;1740;+0200;0;SK_1648-SK_1793
HAM;1840;+0200;2245;+0200;0;LH_2085-LH_2254
HAM;1300;+0200;1710;+0200;0;AF_1711-AF_7646
HAM;1400;+0200;1810;+0200;0;LH_17-LH_1078
HAM;1810;+0200;2220;+0200;0;LH_23-LH_1082
HAM;0945;+0200;1400;+0200;0;LX_1051-LX_532
HAM;1010;+0200;1425;+0200;0;AF_1411-AF_7644
HAM;1415;+0200;1835;+0200;0;BA_969-BA_362
HAM;1415;+0200;1835;+0200;0;AA_6352-AA_6616
HAM;1855;+0200;2315;+0200;0;BA_967-BA_364
HAM;1135;+0200;1610;+0200;0;SN_2624-SN_3589
HAM;1520;+0200;1955;+0200;0;LH_2713-LH_3268
HAM;0730;+0200;1220;+0200;0;LH_2083-LH_2248
HAM;0925;+0200;1415;+0200;0;LH_9-LH_1076
HAM;1120;+0200;1610;+0200;0;SN_2624-SN_3589
HAM;1120;+0200;1610;+0200;0;BD_5394-BD_5369
HAM;1655;+0200;2150;+0200;0;LH_2715-LH_3270
HAM;1745;+0200;2240;+0200;0;AF_2311-AF_7650
HAM;1330;+0200;1830;+0200;0;LH_2069-LH_2252
HAM;0610;+0200;1120;+0200;0;KL_1776-KL_2025
HAM;1300;+0200;1810;+0200;0;LX_3647-LX_536
HAM;1615;+0200;2125;+0200;0;BD_5396-BD_5363
HAM;1615;+0200;2125;+0200;0;SN_2626-SN_3593
HAM;1730;+0200;2245;+0200;0;LH_2075-LH_2254
HAM;1700;+0200;2220;+0200;0;LH_21-LH_1082
HAM;1615;+0200;2140;+0200;0;SN_2626-SN_3593
HAM;1110;+0200;1640;+0200;0;LH_2065-LH_2250
HAM;0840;+0200;1415;+0200;0;LH_7-LH_1076
HAM;0640;+0200;1220;+0200;0;LH_2087-LH_2248
HAM;1225;+0200;1810;+0200;0;LH_15-LH_1078
HAM;1100;+0200;1650;+0200;0;TU_549-TU_750
HAM;1320;+0200;1910;+0200;0;OS_7254-OS_407
HAM;1235;+0200;1830;+0200;0;LH_2067-LH_2252
HAM;0705;+0200;1305;+0200;0;BD_3370-BD_1343
HAM;0805;+0200;1415;+0200;0;LH_5-LH_1076
HAM;1515;+0200;2125;+0200;0;SN_2626-SN_3593
HAM;1630;+0200;2245;+0200;0;LH_2073-LH_2254
MAN;1010;+0100;1305;+0200;0;BD_1343
MAN;1355;+0100;1820;+0200;0;BD_5376-BD_5361
MAN;1355;+0100;1820;+0200;0;SN_2176-SN_3591
MAN;1110;+0100;1550;+0200;0;KL_1082-KL_2031
MAN;0940;+0100;1425;+0200;0;AF_1669-AF_7644
MAN;1705;+0100;2150;+0200;0;LH_3431-LH_3270
MAN;0930;+0100;1425;+0200;0;AF_1669-AF_7644
MAN;1315;+0100;1810;+0200;0;BD_3353-BD_3086
MAN;1315;+0100;1810;+0200;0;LH_943-LH_1078
MAN;1505;+0100;2010;+0200;0;AF_2269-AF_7648
MAN;1325;+0100;1835;+0200;0;BA_1395-BA_362
MAN;0600;+0100;1120;+0200;0;KL_1072-KL_2025
MAN;0655;+0100;1215;+0200;0;UA_8753-UA_9026
MAN;0840;+0100;1400;+0200;0;LX_391-LX_532
MAN;0655;+0100;1220;+0200;0;UA_8753-UA_9026
MAN;0655;+0100;1220;+0200;0;LH_2505-LH_2248
MAN;0850;+0100;1415;+0200;0;LH_941-LH_1076
MAN;0850;+0100;1415;+0200;0;BD_3361-BD_3082
MAN;1040;+0100;1610;+0200;0;SN_2174-SN_3589
MAN;1040;+0100;1610;+0200;0;BD_5374-BD_5369
MAN;1715;+0100;2245;+0200;0;LH_2503-LH_2254
MAN;1035;+0100;1610;+0200;0;BD_5374-BD_5369
MAN;1035;+0100;1610;+0200;0;SN_2174-SN_3589
MAN;1100;+0100;1640;+0200;0;LH_2501-LH_2250
MAN;1720;+0100;2315;+0200;0;BA_1403-BA_364
MAN;1600;+0100;2210;+0200;0;KL_1088-KL_2029
MAN;0710;+0100;1355;+0200;0;UA_9043-UA_8916
MAN;0905;+0100;1550;+0200;0;KL_1074-KL_2031
MAN;0700;+0100;1355;+0200;0;UA_9043-UA_8916
MAN;1255;+0100;1955;+0200;0;LH_3433-LH_3268
MAN;0710;+0100;1415;+0200;0;LH_949-LH_1076
MAN;0710;+0100;1415;+0200;0;BD_3369-BD_3082
MAN;0710;+0100;1415;+0200;0;UA_9043-UA_8916
MAN;0700;+0100;1415;+0200;0;UA_9043-UA_8916
MAN;1015;+0100;1740;+0200;0;SK_540-SK_1793
MAN;0940;+0100;1710;+0200;0;AF_1669-AF_7646
MAN;1100;+0100;1830;+0200;0;LH_2501-LH_2252
MAN;1105;+0100;1835;+0200;0;BA_1391-BA_362
MAN;1355;+0100;2125;+0200;0;BD_5376-BD_5363
MAN;1355;+0100;2125;+0200;0;SN_2176-SN_3593
MAN;1505;+0100;2240;+0200;0;AF_2269-AF_7650
MAN;0930;+0100;1710;+0200;0;AF_1669-AF_7646
MAN;1040;+0100;1820;+0200;0;SN_2174-SN_3591
MAN;1040;+0100;1820;+0200;0;BD_5374-BD_5361
MAN;1025;+0100;1810;+0200;0;AY_934-AY_925
MAN;1035;+0100;1820;+0200;0;SN_2174-SN_3591
MAN;1035;+0100;1820;+0200;0;BD_5374-BD_5361
MAN;1345;+0100;2130;+0200;0;LX_395-LX_538
MAN;1355;+0100;2140;+0200;0;SN_2176-SN_3593
MAN;1530;+0100;2315;+0200;0;BA_1399-BA_364
MAN;1005;+0100;1820;+0200;0;AF_6547-AF_5864
MAN;1000;+0100;1835;+0200;0;BA_1389-BA_362
MAN;1325;+0100;2210;+0200;0;KL_1084-KL_2029
MAN;0820;+0100;1610;+0200;0;BD_1583-BD_1629-BD_5369
MAN;0615;+0100;1415;+0200;0;BD_571-BD_3211-BD_3082
MAN;0810;+0100;1610;+0200;0;BD_581-BD_5434-BD_5369
MAN;0810;+0100;1640;+0200;0;LH_6555-LH_2473-LH_2250
MAN;1350;+0100;2220;+0200;0;BD_589-BD_3233-BD_3088
MAN;1350;+0100;2220;+0200;0;LH_6523-LH_911-LH_1082
MAN;1350;+0100;2220;+0200;0;LH_6523-LH_899-LH_1082
MAN;0930;+0100;1810;+0200;0;LH_6557-LH_905-LH_1078
MAN;0930;+0100;1810;+0200;0;BD_585-BD_3197-BD_3086
SXB;0650;+0200;0745;+0200;0;AF_5785
SXB;1405;+0200;1505;+0200;0;AF_5781
SXB;1800;+0200;1900;+0200;0;AF_5783
SXB;1630;+0200;1915;+0200;0;AF_5354-AF_7814
SXB;0645;+0200;0940;+0200;0;AF_7303-AF_7400
SXB;1150;+0200;1450;+0200;0;AF_7893-AF_7837
SXB;1150;+0200;1450;+0200;0;AF_7893-AF_7836
SXB;1825;+0200;2130;+0200;0;AF_5478-AF_7809
SXB;1835;+0200;2140;+0200;0;SN_3662-SN_3593
SXB;1115;+0200;1425;+0200;0;AF_7763-AF_7644
SXB;0725;+0200;1045;+0200;0;AF_7761-AF_7652
SXB;1045;+0200;1405;+0200;0;AF_7307-AF_7414
SXB;1820;+0200;2210;+0200;0;AF_5486-AF_1357
SXB;1820;+0200;2210;+0200;0;KL_2044-KL_2029
SXB;1850;+0200;2240;+0200;0;AF_7767-AF_7650
SXB;1340;+0200;1745;+0200;0;AF_5360-AF_7811
SXB;1440;+0200;1855;+0200;0;AF_5466-AF_7827
SXB;0650;+0200;1120;+0200;0;AF_5482-AF_1157
SXB;0650;+0200;1120;+0200;0;KL_2046-KL_2025
SXB;1010;+0200;1450;+0200;0;AF_7894-AF_7837
SXB;1010;+0200;1450;+0200;0;AF_7894-AF_7836
SXB;0915;+0200;1405;+0200;0;AF_7305-AF_7414
SXB;1700;+0200;2200;+0200;0;AF_5768-AF_5868
SXB;1105;+0200;1610;+0200;0;SN_3654-SN_3589
SXB;0915;+0200;1425;+0200;0;AF_7305-AF_7644
SXB;1100;+0200;1610;+0200;0;BD_5560-BD_5369
SXB;1100;+0200;1610;+0200;0;SN_3654-SN_3589
SXB;1445;+0200;2000;+0200;0;AF_7311-AF_7416
SXB;1455;+0200;2010;+0200;0;AF_7771-AF_7648
SXB;1700;+0200;2220;+0200;0;LH_395-LH_1082
SXB;0850;+0200;1415;+0200;0;AF_5770-AF_5862
SXB;1445;+0200;2010;+0200;0;AF_7311-AF_7648
SXB;1340;+0200;1910;+0200;0;AF_5360-AF_7807
SXB;0415;+0200;0950;+0200;0;LH_385-LH_1074
SXB;1010;+0200;1550;+0200;0;KL_2042-KL_2031
SXB;1745;+0200;2150;+0200;0;AF_7315-AF_6142-AF_7845
SXB;1445;+0200;1920;+0200;0;AF_7311-AF_6130-AF_7851
SXB;1445;+0200;1920;+0200;0;AF_7311-AF_6132-AF_7851
SXB;0915;+0200;1415;+0200;0;AF_7305-AF_7384-AF_5862
SXB;0915;+0200;1430;+0200;0;AF_7305-AF_6258-AF_7805
SXB;0840;+0200;1405;+0200;0;AF_5540-AF_6117-AF_7414
SXB;0915;+0200;1445;+0200;0;AF_7305-AF_6118-AF_7849
SXB;0915;+0200;1445;+0200;0;AF_7305-AF_6114-AF_7849
SXB;0915;+0200;1445;+0200;0;AF_7305-AF_7546-AF_5802
SXB;0850;+0200;1425;+0200;0;AF_5770-AF_7725-AF_7644
SXB;0915;+0200;1450;+0200;0;AF_7305-AF_6210-AF_7836
SXB;0915;+0200;1450;+0200;0;AF_7305-AF_6234-AF_7837
SXB;0915;+0200;1450;+0200;0;AF_7305-AF_6234-AF_7836
SXB;0915;+0200;1450;+0200;0;AF_7305-AF_6210-AF_7837
SXB;0840;+0200;1425;+0200;0;AF_5540-AF_7795-AF_7644
OSL;1155;+0200;1550;+0200;0;KL_1144-KL_2031
OSL;1345;+0200;1740;+0200;0;SK_1469-SK_1793
OSL;0945;+0200;1400;+0200;0;LX_1211-LX_532
OSL;1355;+0200;1810;+0200;0;BD_2931-BD_3086
OSL;1355;+0200;1810;+0200;0;SK_3609-SK_3717
OSL;1355;+0200;1810;+0200;0;LH_861-LH_1078
OSL;1725;+0200;2140;+0200;0;SN_2284-SN_3593
OSL;1320;+0200;1740;+0200;0;SK_3051-SK_1793
OSL;0750;+0200;1215;+0200;0;UA_9077-UA_9026
OSL;1245;+0200;1710;+0200;0;AF_2075-AF_7646
OSL;0750;+0200;1220;+0200;0;UA_9077-UA_9026
OSL;0740;+0200;1215;+0200;0;UA_9077-UA_9026
OSL;1655;+0200;2130;+0200;0;LX_4711-LX_538
OSL;0740;+0200;1220;+0200;0;LH_2457-LH_2248
OSL;0740;+0200;1220;+0200;0;SK_3653-SK_3237
OSL;0740;+0200;1220;+0200;0;UA_9077-UA_9026
OSL;0935;+0200;1415;+0200;0;LH_6231-LH_1076
OSL;0935;+0200;1415;+0200;0;SK_4751-SK_3715
OSL;1805;+0200;2245;+0200;0;SK_3681-SK_3253
OSL;1805;+0200;2245;+0200;0;LH_2455-LH_2254
OSL;0630;+0200;1120;+0200;0;KL_1140-KL_2025
OSL;0815;+0200;1305;+0200;0;BD_3935-BD_1343
OSL;1150;+0200;1640;+0200;0;SK_3687-SK_3233
OSL;1150;+0200;1640;+0200;0;LH_2451-LH_2250
OSL;1720;+0200;2210;+0200;0;KL_1148-KL_2029
OSL;0615;+0200;1120;+0200;0;AF_8310-AF_1157
OSL;0610;+0200;1120;+0200;0;KL_1212-KL_2025
OSL;1400;+0200;1910;+0200;0;OS_336-OS_407
OSL;1615;+0200;2125;+0200;0;BD_3795-BD_5363
OSL;1220;+0200;1740;+0200;0;SK_1467-SK_1793
OSL;1615;+0200;2150;+0200;0;LH_6209-LH_3270
OSL;1645;+0200;2220;+0200;0;SK_4757-SK_3339
OSL;1645;+0200;2220;+0200;0;LH_6105-LH_1082
OSL;1640;+0200;2220;+0200;0;SK_4757-SK_3339
OSL;1220;+0200;1820;+0200;0;SN_2282-SN_3591
OSL;0930;+0200;1550;+0200;0;KL_1142-KL_2031
OSL;1655;+0200;2315;+0200;0;BA_767-BA_364
OSL;0740;+0200;1415;+0200;0;SK_4751-SK_3715
OSL;1130;+0200;1810;+0200;0;SK_4755-SK_3717
OSL;1150;+0200;1830;+0200;0;LH_2451-LH_2252
OSL;1150;+0200;1830;+0200;0;SK_3687-SK_3231
OSL;1155;+0200;1835;+0200;0;AA_6630-AA_6616
OSL;1155;+0200;1835;+0200;0;BA_763-BA_362
OSL;0955;+0200;1640;+0200;0;LH_6171-LH_2250
OSL;0955;+0200;1640;+0200;0;SK_4759-SK_3233
OSL;1245;+0200;2000;+0200;0;AF_2075-AF_7416
OSL;1245;+0200;2010;+0200;0;AF_2075-AF_7648
OSL;0625;+0200;1355;+0200;0;UA_9095-UA_8916
OSL;0635;+0200;1405;+0200;0;AF_1275-AF_7414
OSL;1005;+0200;1740;+0200;0;SK_1455-SK_1793
OSL;0955;+0200;1740;+0200;0;SK_3173-SK_1793
OSL;1025;+0200;1810;+0200;0;SK_3623-SK_3717
OSL;1025;+0200;1810;+0200;0;LH_859-LH_1078
OSL;1025;+0200;1810;+0200;0;BD_2929-BD_3086
OSL;0625;+0200;1415;+0200;0;SK_3645-SK_3715
OSL;0625;+0200;1415;+0200;0;UA_9095-UA_8916
OSL;0625;+0200;1415;+0200;0;LH_865-LH_1076
OSL;0635;+0200;1425;+0200;0;AF_1275-AF_7644
OSL;1420;+0200;2210;+0200;0;KL_1146-KL_2029
OSL;1410;+0200;2210;+0200;0;KL_1218-KL_2029
OSL;1410;+0200;2210;+0200;0;AF_8314-AF_1357
OSL;1420;+0200;2220;+0200;0;SK_4755-SK_3339
OSL;1420;+0200;2220;+0200;0;LH_6281-LH_1082
OSL;0915;+0200;1740;+0200;0;SK_455-SK_1793
OSL;0945;+0200;1810;+0200;0;LX_1211-LX_536
OSL;1355;+0200;2220;+0200;0;NH_6184-NH_6131
OSL;1355;+0200;2220;+0200;0;BD_2931-BD_3088
OSL;1355;+0200;2220;+0200;0;LH_861-LH_1082
OSL;1355;+0200;2220;+0200;0;SK_3609-SK_3339
OSL;0935;+0200;1810;+0200;0;LH_6231-LH_1078
OSL;0935;+0200;1810;+0200;0;SK_4751-SK_3717
OSL;0955;+0200;1830;+0200;0;LH_6171-LH_2252
OSL;0955;+0200;1830;+0200;0;SK_4759-SK_3231
OSL;0740;+0200;1640;+0200;0;LH_2457-LH_2250
OSL;0740;+0200;1640;+0200;0;SK_3653-SK_3233
OSL;1605;+0200;2150;+0200;0;LH_2959-LH_2717-LH_3270
OSL;0820;+0200;1415;+0200;0;SK_1453-SK_3627-SK_3715
OSL;0820;+0200;1415;+0200;0;SK_1453-SK_1637-SK_3715
OSL;1410;+0200;2010;+0200;0;AF_8314-AF_8239-AF_7648
OSL;0615;+0200;1220;+0200;0;SK_3169-SK_3689-SK_3237
OSL;0610;+0200;1220;+0200;0;LH_6073-LH_2441-LH_2248
OSL;0610;+0200;1220;+0200;0;SK_1461-SK_3689-SK_3237
OSL;1220;+0200;1830;+0200;0;SK_1467-SK_2657-SK_3231
OSL;1220;+0200;1830;+0200;0;LH_6065-LH_6257-LH_2252
OSL;1610;+0200;2220;+0200;0;SK_1471-SK_1635-SK_3339
OSL;1605;+0200;2220;+0200;0;LH_2959-LH_25-LH_1082
OSL;1605;+0200;2220;+0200;0;LH_2959-LH_23-LH_1082
OSL;1145;+0200;1810;+0200;0;SK_4023-SK_3603-SK_3717
OSL;1005;+0200;1640;+0200;0;SK_1455-SK_3693-SK_3233
OSL;1610;+0200;2245;+0200;0;SK_1471-SK_663-SK_3253
OSL;1610;+0200;2245;+0200;0;LH_6245-LH_6261-LH_2254
OSL;1100;+0200;1740;+0200;0;SK_864-SK_1423-SK_1793
OSL;0955;+0200;1640;+0200;0;SK_3173-SK_3693-SK_3233
OSL;1050;+0200;1740;+0200;0;SK_864-SK_1423-SK_1793
OSL;0915;+0200;1610;+0200;0;BD_3865-BD_3731-BD_5369
OSL;1525;+0200;2220;+0200;0;SK_459-SK_1635-SK_3339
OSL;0710;+0200;1415;+0200;0;LH_6085-LH_6221-LH_1076
OSL;0710;+0200;1415;+0200;0;SK_1463-SK_1637-SK_3715
OSL;0710;+0200;1415;+0200;0;SK_1463-SK_3627-SK_3715
OSL;0710;+0200;1415;+0200;0;LH_6085-LH_823-LH_1076
OSL;1515;+0200;2220;+0200;0;SK_496-SK_673-SK_3339
OSL;1100;+0200;1810;+0200;0;SK_864-SK_3613-SK_3717
OSL;1050;+0200;1810;+0200;0;SK_864-SK_3613-SK_3717
OSL;1525;+0200;2245;+0200;0;SK_459-SK_663-SK_3253
OSL;0915;+0200;1640;+0200;0;LH_6083-LH_2443-LH_2250
OSL;0915;+0200;1640;+0200;0;SK_455-SK_1665-SK_3233
OSL;0915;+0200;1640;+0200;0;SK_455-SK_3693-SK_3233
OSL;0615;+0200;1415;+0200;0;SK_3169-SK_1637-SK_3715
OSL;0615;+0200;1415;+0200;0;SK_3169-SK_3627-SK_3715
OSL;0610;+0200;1415;+0200;0;LH_6073-LH_823-LH_1076
OSL;0610;+0200;1415;+0200;0;LH_6073-LH_6221-LH_1076
OSL;0610;+0200;1415;+0200;0;SK_1461-SK_1637-SK_3715
OSL;0610;+0200;1415;+0200;0;SK_1461-SK_3627-SK_3715
OSL;1345;+0200;2150;+0200;0;LH_6087-LH_6215-LH_3270
OSL;0615;+0200;1425;+0200;0;AF_8310-AF_1341-AF_7644
OSL;0615;+0200;1425;+0200;0;AF_8310-AF_1241-AF_7644
OSL;1410;+0200;2220;+0200;0;SK_874-SK_673-SK_3339
OSL;1005;+0200;1820;+0200;0;BD_3875-BD_5458-BD_5361
OSL;0820;+0200;1640;+0200;0;SK_1453-SK_1665-SK_3233
OSL;0820;+0200;1640;+0200;0;SK_1453-SK_3693-SK_3233
OSL;1400;+0200;2220;+0200;0;SK_874-SK_673-SK_3339
OSL;1005;+0200;1830;+0200;0;SK_1455-SK_2657-SK_3231
OSL;1005;+0200;1830;+0200;0;SK_1455-SK_3693-SK_3231
OSL;0910;+0200;1740;+0200;0;SK_484-SK_1421-SK_1793
OSL;0910;+0200;1740;+0200;0;SK_484-SK_1423-SK_1793
OSL;0940;+0200;1810;+0200;0;SK_4017-SK_3603-SK_3717
OSL;1410;+0200;2240;+0200;0;AF_8314-AF_8239-AF_7650
OSL;1410;+0200;2240;+0200;0;AF_8314-AF_8241-AF_7650
OSL;1410;+0200;2240;+0200;0;AF_8314-AF_2041-AF_7650
OSL;0955;+0200;1830;+0200;0;SK_3173-SK_3693-SK_3231
OSL;0955;+0200;1830;+0200;0;SK_3173-SK_2657-SK_3231
OSL;1345;+0200;2220;+0200;0;LH_6087-LH_6225-LH_1082
OSL;1345;+0200;2220;+0200;0;SK_1469-SK_8575-SK_3339
OSL;1345;+0200;2220;+0200;0;LH_6087-LH_829-LH_1082
OSL;1345;+0200;2220;+0200;0;SK_1469-SK_1635-SK_3339
OSL;0910;+0200;1810;+0200;0;SK_484-SK_3613-SK_3717
OSL;1320;+0200;2220;+0200;0;SK_3051-SK_8575-SK_3339
OSL;1320;+0200;2220;+0200;0;SK_3051-SK_1635-SK_3339
OSL;1345;+0200;2245;+0200;0;LH_6087-LH_2445-LH_2254
OSL;1345;+0200;2245;+0200;0;SK_1469-SK_663-SK_3253
OSL;1345;+0200;2245;+0200;0;LH_6087-LH_6261-LH_2254
OSL;1345;+0200;2245;+0200;0;SK_1469-SK_3649-SK_3253
HEL;1600;+0300;1810;+0200;0;AY_925
HEL;0750;+0300;1005;+0200;0;AY_923
HEL;1850;+0300;2220;+0200;0;SK_3615-SK_3339
HEL;1850;+0300;2220;+0200;0;LH_851-LH_1082
HEL;1305;+0300;1640;+0200;0;SK_3669-SK_3233
HEL;1305;+0300;1640;+0200;0;LH_2463-LH_2250
HEL;1855;+0300;2245;+0200;0;SK_3309-SK_3253
HEL;1855;+0300;2245;+0200;0;LH_2465-LH_2254
HEL;1005;+0300;1400;+0200;0;LX_4791-LX_532
HEL;1410;+0300;1810;+0200;0;BD_3123-BD_3086
HEL;1605;+0300;2010;+0200;0;AF_1799-AF_7648
HEL;1720;+0300;2125;+0200;0;SN_6756-SN_3593
HEL;1720;+0300;2125;+0200;0;KF_33-KF_5713
HEL;1805;+0300;2210;+0200;0;KL_1170-KL_2029
HEL;1450;+0300;1910;+0200;0;OS_346-OS_407
HEL;1720;+0300;2140;+0200;0;SN_6756-SN_3593
HEL;1125;+0300;1550;+0200;0;KL_1166-KL_2031
HEL;1700;+0300;2130;+0200;0;LX_4793-LX_538
HEL;0635;+0300;1120;+0200;0;KL_1164-KL_2025
HEL;0905;+0300;1355;+0200;0;UA_9047-UA_8916
HEL;1250;+0300;1740;+0200;0;SK_717-SK_1793
HEL;1215;+0300;1710;+0200;0;AF_1099-AF_7646
HEL;0925;+0300;1425;+0200;0;AF_1499-AF_7644
HEL;0905;+0300;1415;+0200;0;BD_3125-BD_3082
HEL;0905;+0300;1415;+0200;0;LH_853-LH_1076
HEL;0905;+0300;1415;+0200;0;UA_9047-UA_8916
HEL;0905;+0300;1415;+0200;0;SK_3607-SK_3715
HEL;1300;+0300;1810;+0200;0;LH_847-LH_1078
HEL;1300;+0300;1810;+0200;0;BD_3121-BD_3086
HEL;0655;+0300;1215;+0200;0;UA_9099-UA_9026
HEL;1755;+0300;2315;+0200;0;BA_799-BA_364
HEL;0655;+0300;1220;+0200;0;UA_9099-UA_9026
HEL;0655;+0300;1220;+0200;0;LH_2467-LH_2248
HEL;0655;+0300;1220;+0200;0;SK_3759-SK_3237
HEL;1305;+0300;1830;+0200;0;LH_2463-LH_2252
HEL;1305;+0300;1830;+0200;0;SK_3669-SK_3231
HEL;0820;+0300;1355;+0200;0;UA_9047-UA_8916
HEL;1200;+0300;1740;+0200;0;SK_6691-SK_1793
HEL;0820;+0300;1415;+0200;0;UA_9047-UA_8916
HEL;0735;+0300;1405;+0200;0;AF_2299-AF_7414
HEL;1605;+0300;2240;+0200;0;AF_1799-AF_7650
HEL;1315;+0300;1955;+0200;0;LH_2971-LH_3268
HEL;0735;+0300;1425;+0200;0;AF_2299-AF_7644
HEL;0655;+0300;1355;+0200;0;UA_8736-UA_8916
HEL;1600;+0300;2315;+0200;0;BA_6033-BA_364
HEL;0655;+0300;1415;+0200;0;LH_855-LH_1076
HEL;0655;+0300;1415;+0200;0;UA_8736-UA_8916
HEL;0655;+0300;1415;+0200;0;SK_3679-SK_3715
HEL;0630;+0300;1355;+0200;0;UA_8736-UA_8916
HEL;1450;+0300;2220;+0200;0;SK_3675-SK_3339
HEL;1450;+0300;2220;+0200;0;NH_6172-NH_6131
HEL;1450;+0300;2220;+0200;0;LH_849-LH_1082
HEL;1600;+0300;2335;+0200;0;AA_6049-AA_6362
HEL;0630;+0300;1415;+0200;0;UA_8736-UA_8916
HEL;0925;+0300;1710;+0200;0;AF_1499-AF_7646
HEL;1215;+0300;2000;+0200;0;AF_1099-AF_7416
HEL;1215;+0300;2010;+0200;0;AF_1099-AF_7648
HEL;0940;+0300;1740;+0200;0;SK_1715-SK_1793
HEL;1005;+0300;1810;+0200;0;LX_4791-LX_536
HEL;1405;+0300;2210;+0200;0;KL_1168-KL_2029
HEL;1410;+0300;2220;+0200;0;BD_3123-BD_3088
HEL;1730;+0300;2245;+0200;0;SK_6423-SK_3635-SK_3253
HEL;0700;+0300;1220;+0200;0;LH_6133-LH_2421-LH_2248
HEL;0700;+0300;1220;+0200;0;SK_707-SK_3655-SK_3237
HEL;1625;+0300;2150;+0200;0;LH_6273-LH_6287-LH_3270
HEL;0840;+0300;1415;+0200;0;SK_6545-SK_3627-SK_3715
HEL;0840;+0300;1415;+0200;0;SK_6545-SK_1637-SK_3715
HEL;0800;+0300;1415;+0200;0;SK_6421-SK_635-SK_3715
HEL;1125;+0300;1740;+0200;0;SK_6427-SK_1423-SK_1793
HEL;1125;+0300;1740;+0200;0;SK_6427-SK_1421-SK_1793
HEL;1600;+0300;2220;+0200;0;SK_6542-SK_1635-SK_3339
HEL;1625;+0300;2245;+0200;0;SK_705-SK_3635-SK_3253
HEL;1625;+0300;2245;+0200;0;LH_6273-LH_2419-LH_2254
HEL;1125;+0300;1810;+0200;0;SK_6427-SK_3613-SK_3717
HEL;0720;+0300;1415;+0200;0;LH_6289-LH_823-LH_1076
HEL;0720;+0300;1415;+0200;0;LH_6289-LH_6221-LH_1076
HEL;0720;+0300;1415;+0200;0;SK_713-SK_3627-SK_3715
HEL;0720;+0300;1415;+0200;0;BD_3880-BD_3423-BD_3082
HEL;0720;+0300;1415;+0200;0;SK_713-SK_1637-SK_3715
HEL;0935;+0300;1640;+0200;0;SK_703-SK_3633-SK_3233
HEL;0935;+0300;1640;+0200;0;LH_6271-LH_2415-LH_2250
HEL;1125;+0300;1830;+0200;0;SK_6427-SK_2661-SK_3231
HEL;0700;+0300;1415;+0200;0;SK_707-SK_1631-SK_3715
HEL;0700;+0300;1415;+0200;0;SK_707-SK_635-SK_3715
HEL;0700;+0300;1415;+0200;0;LH_6133-LH_6227-LH_1076
HEL;0640;+0300;1415;+0200;0;SK_6540-SK_1637-SK_3715
HEL;0640;+0300;1415;+0200;0;SK_6540-SK_3627-SK_3715
HEL;0935;+0300;1740;+0200;0;SK_703-SK_1423-SK_1793
HEL;0935;+0300;1740;+0200;0;SK_703-SK_1421-SK_1793
ZRH;0910;+0200;1005;+0200;0;LX_530
ZRH;1715;+0200;1810;+0200;0;LX_536
ZRH;1300;+0200;1400;+0200;0;LX_532
ZRH;2030;+0200;2130;+0200;0;LX_538
ZRH;1535;+0200;1830;+0200;0;LH_5787-LH_2252
ZRH;0910;+0200;1220;+0200;0;LH_2367-LH_2248
ZRH;1330;+0200;1640;+0200;0;LH_2369-LH_2250
ZRH;1840;+0200;2150;+0200;0;LH_3139-LH_3270
ZRH;1905;+0200;2220;+0200;0;LH_5779-LH_1082
ZRH;1920;+0200;2245;+0200;0;LH_5789-LH_2254
ZRH;1635;+0200;2010;+0200;0;AF_5105-AF_7648
ZRH;1750;+0200;2125;+0200;0;SN_5114-SN_3593
ZRH;1230;+0200;1610;+0200;0;SN_5108-SN_3589
ZRH;1330;+0200;1710;+0200;0;AF_5103-AF_7646
ZRH;1750;+0200;2140;+0200;0;SN_5114-SN_3593
ZRH;1155;+0200;1550;+0200;0;KL_1958-KL_2031
ZRH;1010;+0200;1415;+0200;0;BD_3553-BD_3082
ZRH;1010;+0200;1415;+0200;0;LH_1187-LH_1076
ZRH;1745;+0200;2150;+0200;0;LH_5797-LH_3270
ZRH;1810;+0200;2220;+0200;0;NH_6100-NH_6131
ZRH;1810;+0200;2220;+0200;0;LH_1197-LH_1082
ZRH;1810;+0200;2220;+0200;0;BD_3551-BD_3088
ZRH;0655;+0200;1120;+0200;0;KL_1952-KL_2025
ZRH;1215;+0200;1640;+0200;0;LH_5785-LH_2250
ZRH;1340;+0200;1810;+0200;0;BD_3557-BD_3086
ZRH;1340;+0200;1810;+0200;0;LH_1191-LH_1078
ZRH;1655;+0200;2125;+0200;0;SN_5112-SN_3593
ZRH;0950;+0200;1425;+0200;0;AF_5101-AF_7644
ZRH;1520;+0200;1955;+0200;0;LH_3137-LH_3268
ZRH;1730;+0200;2210;+0200;0;KL_1962-KL_2029
ZRH;1655;+0200;2140;+0200;0;SN_5112-SN_3593
ZRH;1750;+0200;2240;+0200;0;AF_5107-AF_7650
ZRH;1330;+0200;1830;+0200;0;LH_2369-LH_2252
ZRH;0910;+0200;1415;+0200;0;BD_3561-BD_3082
ZRH;0910;+0200;1415;+0200;0;LH_1185-LH_1076
ZRH;1330;+0200;1835;+0200;0;BA_713-BA_362
ZRH;0710;+0200;1220;+0200;0;LH_5783-LH_2248
ZRH;1320;+0200;1835;+0200;0;AA_6485-AA_6616
ZRH;1730;+0200;2245;+0200;0;NH_6098-NH_6045
ZRH;1730;+0200;2245;+0200;0;LH_2371-LH_2254
ZRH;1220;+0200;1740;+0200;0;SK_3504-SK_1793
GVA;1900;+0200;2130;+0200;0;LX_2815-LX_538
GVA;1105;+0200;1400;+0200;0;LX_2809-LX_532
GVA;1140;+0200;1445;+0200;0;AF_4359-AF_7849
GVA;1505;+0200;1810;+0200;0;LX_2813-LX_536
GVA;1400;+0200;1710;+0200;0;AF_2043-AF_7646
GVA;1700;+0200;2010;+0200;0;AF_2343-AF_7648
GVA;0730;+0200;1045;+0200;0;AF_1243-AF_7652
GVA;1815;+0200;2130;+0200;0;LX_2817-LX_538
GVA;0900;+0200;1220;+0200;0;LH_2381-LH_2248
GVA;0650;+0200;1025;+0200;0;SN_2724-SN_3587
GVA;0650;+0200;1025;+0200;0;9W_6018-9W_6087
GVA;1905;+0200;2245;+0200;0;LH_2387-LH_2254
GVA;1905;+0200;2245;+0200;0;NH_6102-NH_6045
GVA;0650;+0200;1035;+0200;0;UA_9924-UA_9959
GVA;1255;+0200;1640;+0200;0;LH_2383-LH_2250
GVA;1835;+0200;2220;+0200;0;BD_3119-BD_3088
GVA;1835;+0200;2220;+0200;0;LH_1223-LH_1082
GVA;1010;+0200;1400;+0200;0;LX_2807-LX_532
GVA;1030;+0200;1425;+0200;0;AF_1643-AF_7644
GVA;1155;+0200;1550;+0200;0;KL_1928-KL_2031
GVA;1725;+0200;2125;+0200;0;BD_5280-BD_5363
GVA;0600;+0200;1005;+0200;0;LX_2801-LX_530
GVA;0715;+0200;1120;+0200;0;KL_1924-KL_2025
GVA;1550;+0200;1955;+0200;0;LH_3163-LH_3268
GVA;1720;+0200;2125;+0200;0;SN_2720-SN_3593
GVA;1400;+0200;1810;+0200;0;LX_2811-LX_536
GVA;1830;+0200;2240;+0200;0;AF_2443-AF_7650
GVA;1720;+0200;2140;+0200;0;SN_2720-SN_3593
GVA;1340;+0200;1810;+0200;0;LH_1217-LH_1078
GVA;1340;+0200;1810;+0200;0;BD_3115-BD_3086
GVA;1750;+0200;2220;+0200;0;NH_6106-NH_6131
GVA;1750;+0200;2220;+0200;0;LH_1221-LH_1082
GVA;1750;+0200;2220;+0200;0;BD_3103-BD_3088
GVA;1845;+0200;2315;+0200;0;BA_735-BA_364
GVA;1350;+0200;1835;+0200;0;AA_6339-AA_6616
GVA;1350;+0200;1835;+0200;0;BA_729-BA_362
GVA;1525;+0200;2010;+0200;0;AF_2143-AF_7648
GVA;1845;+0200;2335;+0200;0;AA_6345-AA_6362
GVA;0915;+0200;1415;+0200;0;BD_3099-BD_3082
GVA;0915;+0200;1415;+0200;0;LH_1213-LH_1076