PAR;1645;+0200;1835;+0200;0;AF_1630
PAR;1645;+0200;1835;+0200;0;UX_1024
PAR;0710;+0200;0905;+0200;0;UX_1022
PAR;0710;+0200;0905;+0200;0;AF_1830
PAR;0740;+0200;0935;+0200;0;IB_3417
PAR;1045;+0200;1240;+0200;0;UX_1028
PAR;1045;+0200;1240;+0200;0;AF_1530
PAR;1055;+0200;1250;+0200;0;IB_3441
PAR;1145;+0200;1340;+0200;0;UX_1020
PAR;1145;+0200;1340;+0200;0;AF_1430
PAR;1155;+0200;1350;+0200;0;IB_3435
PAR;1450;+0200;1645;+0200;0;IB_3405
PAR;1655;+0200;1850;+0200;0;IB_3409
PAR;1815;+0200;2010;+0200;0;IB_3433
PAR;1825;+0200;2020;+0200;0;LA_5731
PAR;1920;+0200;2115;+0200;0;IB_3445
PAR;2020;+0200;2215;+0200;0;IB_3411
PAR;0645;+0200;0845;+0200;0;IB_3401
PAR;2040;+0200;2240;+0200;0;UX_1026
PAR;2040;+0200;2240;+0200;0;AF_1730
PAR;0715;+0200;0920;+0200;0;AF_1000
PAR;0935;+0200;1140;+0200;0;AF_1300
PAR;1235;+0200;1440;+0200;0;AF_1600
PAR;1405;+0200;1610;+0200;0;AF_1700
PAR;1525;+0200;1730;+0200;0;AF_1800
PAR;1640;+0200;1845;+0200;0;AF_1900
PAR;1815;+0200;2020;+0200;0;AF_2000
PAR;1940;+0200;2145;+0200;0;AF_2100
PAR;1240;+0200;1450;+0200;0;VY_8203
PAR;2045;+0200;2255;+0200;0;VY_8201
PAR;1645;+0200;1900;+0200;0;6X_3868
PAR;0740;+0200;1115;+0200;0;UX_3061-UX_3840
PAR;0955;+0200;1340;+0200;0;UX_3419-UX_7403
PAR;1600;+0200;1950;+0200;0;UX_3426-UX_7407
PAR;1600;+0200;2000;+0200;0;UX_3426-UX_7407
PAR;0935;+0200;1340;+0200;0;UX_3486-UX_2153
PAR;1600;+0200;2010;+0200;0;UX_3589-UX_1644
PAR;1750;+0200;2200;+0200;0;UX_3048-UX_2159
PAR;1610;+0200;2025;+0200;0;UX_1004-UX_3813
PAR;1840;+0200;2310;+0200;0;AM_6508-AM_6505
PAR;1140;+0200;1615;+0200;0;LH_1031-LH_6800
PAR;1215;+0200;1650;+0200;0;SN_3634-SN_3727
PAR;1840;+0200;2315;+0200;0;AM_6508-AM_6505
PAR;0725;+0200;1205;+0200;0;KL_2002-KL_1701
PAR;1245;+0200;1730;+0200;0;KL_2012-KL_1705
PAR;1825;+0200;2310;+0200;0;KL_2022-KL_1707
PAR;1825;+0200;2310;+0200;0;AM_6006-AM_6505
PAR;1350;+0200;1840;+0200;0;BA_315-BA_462
PAR;1350;+0200;1840;+0200;0;AA_6555-AA_6282
PAR;1450;+0200;1940;+0200;0;LX_639-LX_2032
PAR;1825;+0200;2315;+0200;0;AM_6006-AM_6505
PAR;1900;+0200;2350;+0200;0;LH_1043-LH_1120
PAR;0950;+0200;1445;+0200;0;LX_633-LX_2026
PAR;1020;+0200;1515;+0200;0;KL_1230-KL_1703
PAR;1530;+0200;2025;+0200;0;LH_1037-LH_6802
PAR;1700;+0200;2155;+0200;0;LH_2233-LH_1806
PAR;1255;+0200;1755;+0200;0;UX_3648-UX_3971
PAR;1400;+0200;1900;+0200;0;LX_4609-LX_2048
PAR;1525;+0200;2025;+0200;0;UX_3026-UX_7319
PAR;0920;+0200;1425;+0200;0;LH_1027-LH_1114
PAR;1055;+0200;1600;+0200;0;AA_6433-AA_6280
PAR;1145;+0200;1650;+0200;0;SN_3634-SN_3727
PAR;1220;+0200;1725;+0200;0;AA_6559-AA_6283
PAR;1220;+0200;1725;+0200;0;BA_309-BA_464
PAR;1340;+0200;1845;+0200;0;TP_453-TP_1004
PAR;0830;+0200;1340;+0200;0;AZ_7845-AZ_48
PAR;1220;+0200;1730;+0200;0;BA_309-BA_464
PAR;1440;+0200;1950;+0200;0;KL_1234-KL_1709
PAR;1500;+0200;2010;+0200;0;UX_3587-UX_1644
PAR;1650;+0200;2200;+0200;0;BA_319-BA_7057
PAR;0625;+0200;1140;+0200;0;LH_1053-LH_1112
PAR;0740;+0200;1255;+0200;0;UX_3470-UX_2154
PAR;0815;+0200;1330;+0200;0;BA_331-BA_458
PAR;0815;+0200;1330;+0200;0;IB_7670-IB_7443
PAR;0815;+0200;1330;+0200;0;QF_3398-QF_3379
PAR;1355;+0200;1910;+0200;0;AZ_7817-AZ_7100
PAR;1740;+0200;2255;+0200;0;LH_3223-LH_3294
LON;0935;+0100;1250;+0200;0;BA_8753
LON;0620;+0100;0940;+0200;0;IB_3169
LON;0620;+0100;0940;+0200;0;BA_7069
LON;0725;+0100;1045;+0200;0;IB_3161
LON;0725;+0100;1045;+0200;0;BA_7053
LON;0830;+0100;1150;+0200;0;6X_7135
LON;0830;+0100;1150;+0200;0;6X_7124
LON;0830;+0100;1150;+0200;0;6X_7122
LON;0830;+0100;1150;+0200;0;6X_7106
LON;0830;+0100;1150;+0200;0;6X_7114
LON;0830;+0100;1150;+0200;0;6X_7129
LON;0830;+0100;1150;+0200;0;6X_7107
LON;0830;+0100;1150;+0200;0;6X_7102
LON;0830;+0100;1150;+0200;0;6X_7110
LON;0830;+0100;1150;+0200;0;6X_7126
LON;0830;+0100;1150;+0200;0;6X_461
LON;0830;+0100;1150;+0200;0;6X_7101
LON;0830;+0100;1150;+0200;0;6X_460
LON;0830;+0100;1150;+0200;0;6X_7109
LON;0830;+0100;1150;+0200;0;6X_7121
LON;0830;+0100;1150;+0200;0;6X_7125
LON;0830;+0100;1150;+0200;0;6X_7113
LON;0830;+0100;1150;+0200;0;6X_7104
LON;0830;+0100;1150;+0200;0;6X_7112
LON;0830;+0100;1150;+0200;0;6X_7133
LON;0830;+0100;1150;+0200;0;6X_7131
LON;0830;+0100;1150;+0200;0;6X_7123
LON;0830;+0100;1150;+0200;0;6X_7100
LON;0830;+0100;1150;+0200;0;6X_7120
LON;0830;+0100;1150;+0200;0;6X_7105
LON;0830;+0100;1150;+0200;0;6X_7115
LON;0830;+0100;1150;+0200;0;6X_7132
LON;0830;+0100;1150;+0200;0;6X_7134
LON;0830;+0100;1150;+0200;0;6X_7108
LON;0830;+0100;1150;+0200;0;6X_7111
LON;0830;+0100;1150;+0200;0;6X_7103
LON;0830;+0100;1150;+0200;0;6X_3808
LON;0830;+0100;1150;+0200;0;6X_7128
LON;0830;+0100;1150;+0200;0;6X_7130
LON;0830;+0100;1150;+0200;0;6X_7127
LON;0910;+0100;1230;+0200;0;IB_3163
LON;0910;+0100;1230;+0200;0;BA_7055
LON;1010;+0100;1330;+0200;0;AA_6278
LON;1010;+0100;1330;+0200;0;QF_3379
LON;1010;+0100;1330;+0200;0;IB_7443
LON;1010;+0100;1330;+0200;0;BA_458
LON;1215;+0100;1535;+0200;0;IB_3175
LON;1240;+0100;1600;+0200;0;IB_7445
LON;1240;+0100;1600;+0200;0;AA_6280
LON;1525;+0100;1845;+0200;0;IB_3179
LON;1605;+0100;1925;+0200;0;IB_3177
LON;1630;+0100;1950;+0200;0;BA_7065
LON;1630;+0100;1950;+0200;0;IB_3177
LON;1735;+0100;2055;+0200;0;BA_7059
LON;1735;+0100;2055;+0200;0;IB_3171
LON;1840;+0100;2200;+0200;0;BA_7057
LON;1850;+0100;2210;+0200;0;IB_3167
LON;1855;+0100;2215;+0200;0;6X_462
LON;1855;+0100;2215;+0200;0;7X_4462
LON;1855;+0100;2215;+0200;0;2X_1462
LON;1940;+0100;2300;+0200;0;6X_9508
LON;0615;+0100;0940;+0200;0;AA_6276
LON;0615;+0100;0940;+0200;0;IB_7441
LON;0725;+0100;1050;+0200;0;IB_3161
LON;0935;+0100;1300;+0200;0;IB_7469
LON;0955;+0100;1320;+0200;0;UX_1014
LON;0955;+0100;1320;+0200;0;AM_6941
LON;1210;+0100;1535;+0200;0;BA_7061
LON;1400;+0100;1725;+0200;0;BA_464
LON;1400;+0100;1725;+0200;0;AA_6283
LON;1405;+0100;1730;+0200;0;BA_464
LON;1405;+0100;1730;+0200;0;IB_7449
LON;1405;+0100;1730;+0200;0;BA_460
LON;1515;+0100;1840;+0200;0;AA_6282
LON;1515;+0100;1840;+0200;0;IB_7447
LON;1515;+0100;1840;+0200;0;BA_462
LON;1705;+0100;2030;+0200;0;UX_1016
LON;1835;+0100;2200;+0200;0;BA_8755
LON;1835;+0100;2200;+0200;0;IB_7465
LON;1935;+0100;2300;+0200;0;JL_7703
LON;0815;+0100;1145;+0200;0;QF_3377
LON;0815;+0100;1145;+0200;0;BA_456
LON;0910;+0100;1240;+0200;0;QF_4203
LON;1500;+0100;1830;+0200;0;IB_3179
LON;1525;+0100;1855;+0200;0;BA_7063
LON;0710;+0100;1230;+0200;0;IB_7451-IB_2755
LON;1820;+0100;2345;+0200;0;IB_7455-IB_6771
LON;0805;+0100;1340;+0200;0;AF_5019-AF_1430
LON;0920;+0100;1455;+0200;0;IB_7457-IB_6767
LON;1525;+0100;2105;+0200;0;IB_7453-IB_2725
LON;0910;+0100;1455;+0200;0;IB_7467-IB_6767
LON;1105;+0100;1650;+0200;0;BD_5434-BD_5313
LON;1105;+0100;1650;+0200;0;SN_2094-SN_3727
LON;1145;+0100;1730;+0200;0;KL_1010-KL_1705
LON;1600;+0100;2145;+0200;0;AF_2281-AF_2100
LON;0710;+0100;1300;+0200;0;IB_7451-IB_2753
LON;0815;+0100;1405;+0200;0;TP_353-TP_1014
LON;1645;+0100;2235;+0200;0;IB_7461-IB_6769
LON;1345;+0100;1940;+0200;0;LX_333-LX_2032
LON;1010;+0100;1610;+0200;0;AF_1681-AF_1700
LON;1245;+0100;1845;+0200;0;AF_1981-AF_1900
LON;1710;+0100;2310;+0200;0;KL_1022-KL_1707
LON;0625;+0100;1230;+0200;0;IB_7471-IB_2755
LON;0840;+0100;1445;+0200;0;LX_317-LX_2026
LON;0805;+0100;1415;+0200;0;LH_2491-LH_1802
LON;1415;+0100;2025;+0200;0;LH_907-LH_6802
LON;1740;+0100;2350;+0200;0;LH_899-LH_1120
LON;1105;+0100;1720;+0200;0;LH_2473-LH_1804
LON;0825;+0100;1445;+0200;0;LX_451-LX_2026
LON;1145;+0100;1805;+0200;0;UA_8814-UA_9359
LON;1340;+0100;2000;+0200;0;TP_359-TP_1018
LON;0950;+0100;1615;+0200;0;LH_903-LH_6800
LON;0950;+0100;1615;+0200;0;LH_897-LH_6800
LON;1620;+0100;2245;+0200;0;TP_337-TP_1006
LON;1145;+0100;1815;+0200;0;LH_905-LH_1116
LON;1145;+0100;1815;+0200;0;BD_3197-BD_2916
LON;1525;+0100;2155;+0200;0;LH_2477-LH_1806
LON;0625;+0100;1300;+0200;0;IB_7471-IB_2753
LON;0750;+0100;1425;+0200;0;BD_3461-BD_2918
LON;0750;+0100;1425;+0200;0;LH_927-LH_1114
LON;0840;+0100;1515;+0200;0;KL_1002-KL_1703
LON;0920;+0100;1600;+0200;0;IB_7457-IB_2761
LON;1710;+0100;2350;+0200;0;LH_911-LH_1120
LON;1005;+0100;1650;+0200;0;SN_2094-SN_3727
LON;1115;+0100;1800;+0200;0;IB_7459-IB_2705
LON;1215;+0100;1900;+0200;0;6X_312-6X_3868
LON;1705;+0100;2350;+0200;0;BD_3233-BD_2920
LON;1705;+0100;2350;+0200;0;LH_911-LH_1120
LON;0650;+0100;1340;+0200;0;AZ_229-AZ_48
LON;0710;+0100;1400;+0200;0;IB_7451-IB_2751
LON;0725;+0100;1415;+0200;0;LH_2483-LH_1802
LON;0910;+0100;1600;+0200;0;IB_7467-IB_2761
LON;1620;+0100;2310;+0200;0;TP_341-TP_1022
LON;1245;+0100;1940;+0200;0;LX_457-LX_2032
LON;1655;+0100;2350;+0200;0;LH_935-LH_1120
LON;1655;+0100;2350;+0200;0;BD_3469-BD_2920
LON;1220;+0100;1920;+0200;0;LH_3383-LH_3292
LON;1610;+0100;2310;+0200;0;KL_1020-KL_1707
LON;1645;+0100;2345;+0200;0;IB_7461-IB_6771
BCN;0910;+0200;1020;+0200;0;IB_6755
BCN;0930;+0200;1040;+0200;0;IB_6757
BCN;0950;+0200;1100;+0200;0;IB_6775
BCN;0700;+0200;0815;+0200;0;JK_7552
BCN;0700;+0200;0815;+0200;0;UX_2152
BCN;1140;+0200;1255;+0200;0;JK_7554
BCN;1140;+0200;1255;+0200;0;UX_2154
BCN;2045;+0200;2200;+0200;0;UX_2159
BCN;2230;+0200;2345;+0200;0;IB_6771
BCN;0655;+0200;0815;+0200;0;IB_2747
BCN;0720;+0200;0840;+0200;0;IB_6793
BCN;0725;+0200;0845;+0200;0;UA_6853
BCN;0725;+0200;0845;+0200;0;JK_425
BCN;0835;+0200;0955;+0200;0;UX_3969
BCN;0835;+0200;0955;+0200;0;JK_451
BCN;0845;+0200;1005;+0200;0;IB_6753
BCN;0935;+0200;1055;+0200;0;IB_935
BCN;0955;+0200;1115;+0200;0;IB_955
BCN;1040;+0200;1200;+0200;0;IB_1041
BCN;1110;+0200;1230;+0200;0;IB_1111
BCN;1110;+0200;1230;+0200;0;IB_2755
BCN;1140;+0200;1300;+0200;0;IB_1141
BCN;1140;+0200;1300;+0200;0;IB_2753
BCN;1220;+0200;1340;+0200;0;UX_2153
BCN;1220;+0200;1340;+0200;0;JK_7556
BCN;1240;+0200;1400;+0200;0;IB_2751
BCN;1245;+0200;1405;+0200;0;IB_1245
BCN;1335;+0200;1455;+0200;0;IB_1335
BCN;1335;+0200;1455;+0200;0;IB_6767
BCN;1440;+0200;1600;+0200;0;IB_2761
BCN;1540;+0200;1700;+0200;0;IB_1541
BCN;1635;+0200;1755;+0200;0;JK_443
BCN;1635;+0200;1755;+0200;0;SK_9852
BCN;1635;+0200;1755;+0200;0;UX_3971
BCN;1640;+0200;1800;+0200;0;IB_2705
BCN;1710;+0200;1830;+0200;0;IB_1711
BCN;1735;+0200;1855;+0200;0;IB_2789
BCN;1800;+0200;1920;+0200;0;JK_429
BCN;1800;+0200;1920;+0200;0;UX_3968
BCN;1810;+0200;1930;+0200;0;IB_2763
BCN;1810;+0200;1930;+0200;0;IB_1811
BCN;1845;+0200;2005;+0200;0;IB_1845
BCN;1845;+0200;2005;+0200;0;IB_2791
BCN;1945;+0200;2105;+0200;0;IB_2725
BCN;1945;+0200;2105;+0200;0;IB_1945
BCN;2050;+0200;2210;+0200;0;JK_445
BCN;2050;+0200;2210;+0200;0;KF_5811
BCN;2115;+0200;2235;+0200;0;IB_6769
BCN;0725;+0200;0850;+0200;0;IB_725
BCN;0725;+0200;0850;+0200;0;IB_2701
BCN;0840;+0200;1005;+0200;0;IB_841
BCN;0905;+0200;1030;+0200;0;IB_905
BCN;0910;+0200;1035;+0200;0;IB_6755
BCN;0930;+0200;1055;+0200;0;IB_6757
BCN;1440;+0200;1715;+0200;0;UX_6071-UX_6066
BCN;0840;+0200;1120;+0200;0;UX_6007-UX_6030
BCN;1220;+0200;1500;+0200;0;IB_8832-IB_8991
BCN;0830;+0200;1120;+0200;0;UX_6007-UX_6030
BCN;1220;+0200;1510;+0200;0;IB_8832-IB_8975
BCN;1350;+0200;1640;+0200;0;IB_8082-IB_439
BCN;1545;+0200;1840;+0200;0;IB_8084-IB_449
BCN;1645;+0200;1940;+0200;0;UX_6043-UX_6078
BCN;1735;+0200;2030;+0200;0;IB_8398-IB_8879
BCN;0915;+0200;1215;+0200;0;IB_8390-IB_8877
BCN;1320;+0200;1625;+0200;0;IB_5604-IB_373
BCN;0940;+0200;1250;+0200;0;JK_5704-JK_5615
BCN;0650;+0200;1010;+0200;0;JK_6682-JK_6293
BCN;1325;+0200;1645;+0200;0;IB_8404-IB_8541
BCN;1730;+0200;2100;+0200;0;IB_5764-IB_375
BCN;1420;+0200;1800;+0200;0;UX_6085-UX_6138
BCN;0700;+0200;1045;+0200;0;IB_5602-IB_359
BCN;1225;+0200;1615;+0200;0;IB_8422-IB_8603
BCN;1700;+0200;2050;+0200;0;JK_5722-JK_5629
BCN;1555;+0200;2000;+0200;0;IB_8854-IB_8325
BCN;0705;+0200;1115;+0200;0;UX_3922-UX_3840
BCN;0705;+0200;1115;+0200;0;JK_6512-JK_6117
BCN;0705;+0200;1115;+0200;0;JK_9405-JK_9448
BCN;0705;+0200;1115;+0200;0;TP_1049-TP_1012
BCN;1105;+0200;1515;+0200;0;UX_6055-UX_6024
BCN;1450;+0200;1900;+0200;0;LX_1943-LX_2048
BCN;1730;+0200;2140;+0200;0;IB_5764-IB_375
BCN;1220;+0200;1635;+0200;0;IB_8832-IB_8985
BCN;1445;+0200;1900;+0200;0;JK_9541-JK_9540
BCN;1825;+0200;2245;+0200;0;TP_1033-TP_1006
BCN;1825;+0200;2245;+0200;0;JK_9433-JK_9412
BCN;1000;+0200;1425;+0200;0;JK_5780-JK_5689
BCN;1155;+0200;1620;+0200;0;UX_3917-UX_7405
BCN;1735;+0200;2205;+0200;0;IB_8398-IB_8873
ROM;0800;+0200;1025;+0200;0;IB_3609
ROM;1030;+0200;1255;+0200;0;IB_3677
ROM;1500;+0200;1725;+0200;0;IB_3679
ROM;1625;+0200;1850;+0200;0;IB_3675
ROM;1920;+0200;2145;+0200;0;IB_3607
ROM;1030;+0200;1300;+0200;0;UX_1042
ROM;0855;+0200;1130;+0200;0;AZ_58
ROM;1215;+0200;1450;+0200;0;IB_3613
ROM;1425;+0200;1700;+0200;0;AZ_60
ROM;1755;+0200;2030;+0200;0;UX_1048
ROM;2115;+0200;2350;+0200;0;AZ_64
ROM;0930;+0200;1340;+0200;0;AZ_2030-AZ_48
ROM;1500;+0200;1910;+0200;0;AZ_2044-AZ_7100
ROM;0900;+0200;1340;+0200;0;AZ_2028-AZ_48
ROM;1450;+0200;1940;+0200;0;LX_1737-LX_2032
ROM;0845;+0200;1340;+0200;0;AZ_2022-AZ_48
ROM;0830;+0200;1340;+0200;0;AZ_2026-AZ_48
ROM;0935;+0200;1445;+0200;0;LX_1727-LX_2026
ROM;1210;+0200;1720;+0200;0;LH_1843-LH_1804
ROM;1400;+0200;1910;+0200;0;AZ_2068-AZ_7100
ROM;0815;+0200;1340;+0200;0;AZ_2020-AZ_48
ROM;1825;+0200;2350;+0200;0;BD_3597-BD_2920
ROM;1825;+0200;2350;+0200;0;LH_237-LH_1120
ROM;1455;+0200;2025;+0200;0;LH_235-LH_6802
ROM;1455;+0200;2025;+0200;0;JK_8902-JK_118
ROM;0840;+0200;1415;+0200;0;LH_1841-LH_1802
ROM;0800;+0200;1340;+0200;0;AZ_2016-AZ_48
ROM;1150;+0200;1730;+0200;0;TP_841-TP_1016
ROM;0620;+0200;1205;+0200;0;KL_1596-KL_1701
ROM;0855;+0200;1440;+0200;0;AF_9833-AF_1600
ROM;1300;+0200;1845;+0200;0;AF_1505-AF_1900
ROM;1725;+0200;2310;+0200;0;KL_1604-KL_1707
ROM;1020;+0200;1610;+0200;0;AF_1205-AF_1700
ROM;1410;+0200;2000;+0200;0;TP_839-TP_1018
ROM;1430;+0200;2020;+0200;0;AF_9839-AF_2000
ROM;0745;+0200;1340;+0200;0;AZ_2014-AZ_48
ROM;1010;+0200;1615;+0200;0;LH_231-LH_6800
ROM;1010;+0200;1615;+0200;0;JK_8900-JK_126
ROM;1220;+0200;1825;+0200;0;TU_753-TU_606
ROM;0730;+0200;1340;+0200;0;AZ_2018-AZ_48
ROM;1300;+0200;1910;+0200;0;AZ_2038-AZ_7100
ROM;1330;+0200;1940;+0200;0;LG_6554-LG_3837
ROM;1535;+0200;2145;+0200;0;AF_9845-AF_2100
ROM;1635;+0200;2245;+0200;0;BD_5354-BD_5317
ROM;1635;+0200;2245;+0200;0;SN_3182-SN_3731
ROM;0745;+0200;1400;+0200;0;OK_727-OK_700
ROM;1335;+0200;1950;+0200;0;KL_3402-KL_1709
ROM;0855;+0200;1515;+0200;0;KL_3400-KL_1703
ROM;0715;+0200;1340;+0200;0;AZ_2012-AZ_48
ROM;1020;+0200;1650;+0200;0;BD_5352-BD_5313
ROM;1020;+0200;1650;+0200;0;SN_3176-SN_3727
AMS;1120;+0200;1340;+0200;0;AM_6840
AMS;1750;+0200;2020;+0200;0;AM_6841
AMS;1910;+0200;2140;+0200;0;6X_3609
AMS;0655;+0200;0930;+0200;0;KL_1699
AMS;0930;+0200;1205;+0200;0;KL_1701
AMS;1105;+0200;1340;+0200;0;UX_1092
AMS;1215;+0200;1450;+0200;0;IB_3245
AMS;1240;+0200;1515;+0200;0;KL_1703
AMS;1455;+0200;1730;+0200;0;KL_1705
AMS;1530;+0200;1805;+0200;0;IB_3251
AMS;1715;+0200;1950;+0200;0;KL_1709
AMS;1755;+0200;2030;+0200;0;UX_1094
AMS;1910;+0200;2145;+0200;0;IB_3249
AMS;2035;+0200;2310;+0200;0;KL_1707
AMS;0745;+0200;1030;+0200;0;IB_3215
AMS;0715;+0200;1140;+0200;0;AF_8227-AF_1300
AMS;0705;+0200;1140;+0200;0;LH_1003-LH_1112
AMS;0945;+0200;1425;+0200;0;LH_987-LH_1114
AMS;1455;+0200;1940;+0200;0;LX_729-LX_2032
AMS;0650;+0200;1140;+0200;0;UA_9156-UA_9358
AMS;0945;+0200;1435;+0200;0;UA_9195-UA_9229
AMS;1355;+0200;1845;+0200;0;AF_1641-AF_1900
AMS;1655;+0200;2145;+0200;0;AF_8239-AF_2100
AMS;0645;+0200;1140;+0200;0;AF_8223-AF_1300
AMS;0940;+0200;1435;+0200;0;UA_9195-UA_9229
AMS;1320;+0200;1815;+0200;0;LH_991-LH_1116
AMS;0945;+0200;1445;+0200;0;LX_725-LX_2026
AMS;1230;+0200;1730;+0200;0;AF_8233-AF_1800
AMS;1520;+0200;2020;+0200;0;AF_1741-AF_2000
AMS;0720;+0200;1230;+0200;0;BA_423-BA_7055
AMS;0930;+0200;1440;+0200;0;AF_1241-AF_1600
AMS;0655;+0200;1215;+0200;0;SK_550-SK_581
AMS;0720;+0200;1240;+0200;0;AA_6434-AA_5553
AMS;0720;+0200;1240;+0200;0;QF_3364-QF_4203
AMS;1055;+0200;1615;+0200;0;LH_989-LH_6800
AMS;1330;+0200;1850;+0200;0;SK_548-SK_9926
AMS;1830;+0200;2350;+0200;0;NH_6174-NH_6141
AMS;1830;+0200;2350;+0200;0;LH_997-LH_1120
AMS;0850;+0200;1415;+0200;0;LH_2301-LH_1802
AMS;1045;+0200;1610;+0200;0;AF_1341-AF_1700
AMS;1030;+0200;1600;+0200;0;AA_6435-AA_6280
AMS;1455;+0200;2025;+0200;0;LH_993-LH_6802
AMS;1630;+0200;2200;+0200;0;BA_439-BA_7057
AMS;0835;+0200;1410;+0200;0;LH_3335-LH_3296
AMS;1620;+0200;2200;+0200;0;BA_8454-BA_8755
AMS;0755;+0200;1340;+0200;0;AZ_7727-AZ_48
AMS;1140;+0200;1725;+0200;0;BA_431-BA_464
AMS;1140;+0200;1725;+0200;0;AA_6443-AA_6283
AMS;1710;+0200;2255;+0200;0;OK_4625-OK_702
AMS;1140;+0200;1730;+0200;0;BA_431-BA_464
AMS;1140;+0200;1730;+0200;0;BA_431-BA_460
AMS;1455;+0200;2055;+0200;0;BA_435-BA_7059
AMS;1230;+0200;1835;+0200;0;AF_8233-AF_1630
AMS;0720;+0200;1330;+0200;0;QF_3364-QF_3379
AMS;0720;+0200;1330;+0200;0;BA_423-BA_458
AMS;0720;+0200;1330;+0200;0;AA_6434-AA_6278
AMS;1105;+0200;1720;+0200;0;LH_2303-LH_1804
AMS;1230;+0200;1845;+0200;0;AF_8233-AF_1900
AMS;0715;+0200;1340;+0200;0;AF_8227-AF_1430
AMS;1355;+0200;2020;+0200;0;AF_1641-AF_2000
AMS;1520;+0200;2145;+0200;0;AF_1741-AF_2100
AMS;1630;+0200;2255;+0200;0;KE_7604-KE_7685
AMS;1630;+0200;2255;+0200;0;OK_623-OK_702
AMS;0945;+0200;1615;+0200;0;LH_987-LH_6800
AMS;1630;+0200;2300;+0200;0;KE_7604-KE_7685
MIL;1020;+0200;1230;+0200;0;IB_3651
MIL;1205;+0200;1415;+0200;0;IB_3641
MIL;1510;+0200;1720;+0200;0;IB_3637
MIL;1900;+0200;2110;+0200;0;IB_3643
MIL;0715;+0200;0930;+0200;0;IB_3629
MIL;0725;+0200;0940;+0200;0;AZ_7914
MIL;0800;+0200;1015;+0200;0;IB_3635
MIL;1110;+0200;1325;+0200;0;UX_1064
MIL;1125;+0200;1340;+0200;0;AZ_48
MIL;1655;+0200;1910;+0200;0;AZ_7100
MIL;1730;+0200;1945;+0200;0;UX_1062
MIL;0710;+0200;0930;+0200;0;IB_3629
MIL;0835;+0200;1240;+0200;0;AF_9711-AF_1530
MIL;1555;+0200;2020;+0200;0;AF_1713-AF_2000
MIL;0700;+0200;1130;+0200;0;AZ_2013-AZ_58
MIL;1010;+0200;1440;+0200;0;AF_1213-AF_1600
MIL;1300;+0200;1730;+0200;0;AF_9701-AF_1800
MIL;0655;+0200;1130;+0200;0;AZ_1017-AZ_58
MIL;0705;+0200;1140;+0200;0;AF_2515-AF_1300
MIL;0645;+0200;1125;+0200;0;LH_5701-LH_5660
MIL;0655;+0200;1135;+0200;0;LH_1867-LH_1800
MIL;1005;+0200;1445;+0200;0;LX_1613-LX_2026
MIL;0655;+0200;1140;+0200;0;AF_9801-AF_1300
MIL;1455;+0200;1940;+0200;0;LX_1629-LX_2032
MIL;1810;+0200;2255;+0200;0;LH_3183-LH_3294
MIL;1905;+0200;2350;+0200;0;AZ_2313-AZ_64
MIL;1125;+0200;1615;+0200;0;LH_249-LH_6800
MIL;1200;+0200;1650;+0200;0;SN_3148-SN_3727
MIL;1705;+0200;2155;+0200;0;LH_1861-LH_1806
MIL;1900;+0200;2350;+0200;0;AZ_2109-AZ_64
MIL;0630;+0200;1125;+0200;0;SN_3162-SN_3721
MIL;0645;+0200;1140;+0200;0;LH_259-LH_1112
MIL;0630;+0200;1130;+0200;0;AZ_2009-AZ_58
MIL;1200;+0200;1700;+0200;0;AZ_2037-AZ_60
MIL;0835;+0200;1340;+0200;0;AF_9711-AF_1430
MIL;1225;+0200;1730;+0200;0;TP_803-TP_1016
MIL;1845;+0200;2350;+0200;0;AZ_2107-AZ_64
MIL;0915;+0200;1425;+0200;0;LH_247-LH_1114
MIL;1635;+0200;2145;+0200;0;AF_9703-AF_2100
MIL;0650;+0200;1205;+0200;0;KL_1618-KL_1701
MIL;1630;+0200;2145;+0200;0;AF_1715-AF_2100
MIL;1725;+0200;2240;+0200;0;AF_9713-AF_1730
MIL;1755;+0200;2310;+0200;0;KL_1628-KL_1707
MIL;0645;+0200;1205;+0200;0;KL_1618-KL_1701
MIL;1130;+0200;1650;+0200;0;LH_5695-LH_5662
MIL;1130;+0200;1650;+0200;0;SN_3156-SN_3727
MIL;1130;+0200;1650;+0200;0;BD_5406-BD_5313
MIL;1725;+0200;2245;+0200;0;SN_3158-SN_3731
MIL;1830;+0200;2350;+0200;0;AZ_2067-AZ_64
MIL;0850;+0200;1415;+0200;0;LH_1853-LH_1802
MIL;1125;+0200;1650;+0200;0;LH_5695-LH_5662
MIL;1125;+0200;1650;+0200;0;SN_3156-SN_3727
MIL;1200;+0200;1725;+0200;0;BA_573-BA_464
MIL;1200;+0200;1725;+0200;0;AA_6546-AA_6283
MIL;1250;+0200;1815;+0200;0;LH_273-LH_1116
MIL;1200;+0200;1730;+0200;0;BA_573-BA_464
MIL;0755;+0200;1330;+0200;0;BA_561-BA_458
MIL;0755;+0200;1330;+0200;0;AA_6307-AA_6278
MIL;1815;+0200;2350;+0200;0;AZ_2099-AZ_64
MIL;1815;+0200;2350;+0200;0;NH_6126-NH_6141
MIL;1815;+0200;2350;+0200;0;LH_255-LH_1120
MIL;1030;+0200;1610;+0200;0;AF_1115-AF_1700
MIL;1035;+0200;1615;+0200;0;LH_271-LH_6800
MIL;0930;+0200;1515;+0200;0;KL_3418-KL_1703
MIL;1115;+0200;1700;+0200;0;AZ_1019-AZ_60
MIL;1240;+0200;1825;+0200;0;TU_857-TU_606
MIL;1300;+0200;1845;+0200;0;AF_9701-AF_1900
MIL;1110;+0200;1700;+0200;0;AZ_2315-AZ_60
MIL;1555;+0200;2145;+0200;0;AF_1713-AF_2100
MIL;1655;+0200;2245;+0200;0;BD_5408-BD_5317
MIL;1655;+0200;2245;+0200;0;LH_5697-LH_5666
MIL;1655;+0200;2245;+0200;0;SN_3158-SN_3731
MIL;1800;+0200;2350;+0200;0;AZ_2097-AZ_64
MIL;1130;+0200;1725;+0200;0;BA_565-BA_464
MIL;1130;+0200;1725;+0200;0;AA_6311-AA_6283
MIL;1430;+0200;2025;+0200;0;LH_253-LH_6802
MIL;1010;+0200;1610;+0200;0;AF_1213-AF_1700
MIL;1100;+0200;1700;+0200;0;AZ_2045-AZ_60
MIL;1130;+0200;1730;+0200;0;BA_565-BA_464
MIL;1130;+0200;1730;+0200;0;BA_565-BA_460
MIL;1350;+0200;1950;+0200;0;BA_577-BA_7065
MIL;1750;+0200;2350;+0200;0;LH_275-LH_1120
BER;1230;+0200;1535;+0200;0;IB_3551
BER;1930;+0200;2235;+0200;0;IB_3547
BER;0720;+0200;1035;+0200;0;IB_3549
BER;1935;+0200;2250;+0200;0;IB_3547
BER;1840;+0200;2255;+0200;0;LH_2743-LH_3294
BER;1605;+0200;2025;+0200;0;JK_8819-JK_118
BER;1605;+0200;2025;+0200;0;LH_191-LH_6802
BER;0950;+0200;1415;+0200;0;LH_2033-LH_1802
BER;1255;+0200;1720;+0200;0;LH_2037-LH_1804
BER;1340;+0200;1815;+0200;0;BD_3567-BD_2916
BER;1340;+0200;1815;+0200;0;LH_187-LH_1116
BER;1250;+0200;1730;+0200;0;AF_1735-AF_1800
BER;0640;+0200;1125;+0200;0;LH_5572-LH_5660
BER;0640;+0200;1125;+0200;0;SN_2592-SN_3721
BER;0655;+0200;1140;+0200;0;LH_173-LH_1112
BER;0955;+0200;1440;+0200;0;AF_1435-AF_1600
BER;0935;+0200;1425;+0200;0;LH_179-LH_1114
BER;0935;+0200;1425;+0200;0;BD_3569-BD_2918
BER;1450;+0200;1940;+0200;0;LX_967-LX_2032
BER;1705;+0200;2155;+0200;0;LH_2043-LH_1806
BER;1900;+0200;2350;+0200;0;BD_3579-BD_2920
BER;1900;+0200;2350;+0200;0;LH_197-LH_1120
BER;0905;+0200;1400;+0200;0;OK_517-OK_700
BER;1020;+0200;1515;+0200;0;KL_1822-KL_1703
BER;1125;+0200;1620;+0200;0;AB_9162-AB_7740
BER;0635;+0200;1135;+0200;0;LH_2055-LH_1800
BER;0915;+0200;1415;+0200;0;LH_2031-LH_1802
BER;1145;+0200;1650;+0200;0;LH_5564-LH_5662
BER;1145;+0200;1650;+0200;0;SN_2582-SN_3727
BER;1145;+0200;1650;+0200;0;BD_5322-BD_5313
BER;1105;+0200;1615;+0200;0;JK_8884-JK_126
BER;1105;+0200;1615;+0200;0;LH_183-LH_6800
BER;0930;+0200;1445;+0200;0;LX_975-LX_2026
BER;1215;+0200;1730;+0200;0;KL_1824-KL_1705
BER;1405;+0200;1920;+0200;0;LH_2737-LH_3292
BER;1055;+0200;1615;+0200;0;LH_183-LH_6800
BER;1735;+0200;2255;+0200;0;LH_2741-LH_3294
BER;0610;+0200;1140;+0200;0;LH_171-LH_1112
BER;1420;+0200;1950;+0200;0;KL_1826-KL_1709
BER;1820;+0200;2350;+0200;0;LH_195-LH_1120
BER;0605;+0200;1140;+0200;0;LH_171-LH_1112
BER;1620;+0200;2155;+0200;0;LH_2041-LH_1806
BER;0835;+0200;1415;+0200;0;LH_2029-LH_1802
BER;1445;+0200;2025;+0200;0;LH_189-LH_6802
BER;0840;+0200;1425;+0200;0;LH_177-LH_1114
BER;1700;+0200;2245;+0200;0;LH_5566-LH_5666
BER;1700;+0200;2245;+0200;0;SN_2586-SN_3731
BER;1700;+0200;2245;+0200;0;BD_5326-BD_5317
BER;1725;+0200;2310;+0200;0;KL_1830-KL_1707
BER;0835;+0200;1425;+0200;0;BD_3565-BD_2918
BER;1555;+0200;2145;+0200;0;AF_2035-AF_2100
BER;1020;+0200;1615;+0200;0;LH_181-LH_6800
BER;1250;+0200;1845;+0200;0;AF_1735-AF_1900
BER;0600;+0200;1205;+0200;0;KL_1818-KL_1701
BER;1115;+0200;1720;+0200;0;LH_2035-LH_1804
BER;1210;+0200;1815;+0200;0;LH_185-LH_1116
BER;1210;+0200;1815;+0200;0;BD_3585-BD_2916
BER;1410;+0200;2015;+0200;0;SN_2584-SN_3729
BER;1425;+0200;2030;+0200;0;UX_3759-UX_1094
BER;0720;+0200;1330;+0200;0;QF_3610-QF_3379
BER;0720;+0200;1330;+0200;0;BA_981-BA_458
BER;1205;+0200;1815;+0200;0;LH_185-LH_1116
BER;0955;+0200;1610;+0200;0;AF_1435-AF_1700
BER;1100;+0200;1720;+0200;0;JK_8974-JK_9324
BER;1100;+0200;1720;+0200;0;LH_2035-LH_1804
BER;1105;+0200;1725;+0200;0;AA_6393-AA_6283
BER;1105;+0200;1725;+0200;0;BA_991-BA_464
BER;1220;+0200;1840;+0200;0;AA_6595-AA_6282
BER;1220;+0200;1840;+0200;0;BA_983-BA_462
BER;1640;+0200;2300;+0200;0;JL_7714-JL_7703
BER;1730;+0200;2350;+0200;0;BD_3573-BD_2920
BER;1730;+0200;2350;+0200;0;LH_193-LH_1120
BER;0905;+0200;1530;+0200;0;LO_388-LO_433
BER;1105;+0200;1730;+0200;0;BA_991-BA_464
BER;1105;+0200;1730;+0200;0;BA_991-BA_460
BER;1350;+0200;2015;+0200;0;SN_2584-SN_3729
BER;1350;+0200;2015;+0200;0;LH_5574-LH_5664
BER;1350;+0200;2015;+0200;0;BD_5324-BD_5315
BER;1430;+0200;2055;+0200;0;BA_993-BA_7059
BER;0700;+0200;1330;+0200;0;AA_6593-AA_6278
BER;0755;+0200;1425;+0200;0;LH_175-LH_1114
BER;0755;+0200;1425;+0200;0;BD_3563-BD_2918
BER;1220;+0200;1855;+0200;0;BA_983-BA_7063
BER;0735;+0200;1415;+0200;0;LH_2057-LH_1802
BER;0935;+0200;1615;+0200;0;LH_179-LH_6800
BER;1340;+0200;2025;+0200;0;LH_187-LH_6802
BER;1555;+0200;2240;+0200;0;AF_2035-AF_1730
BER;0840;+0200;1530;+0200;0;LO_388-LO_433
BER;1455;+0200;2155;+0200;0;LH_2039-LH_1806
BER;1020;+0200;1730;+0200;0;KL_1822-KL_1705
BER;1105;+0200;1815;+0200;0;LH_183-LH_1116
BER;1105;+0200;1815;+0200;0;JK_8884-JK_8904
BER;1105;+0200;1815;+0200;0;BD_3583-BD_2916
FRA;1350;+0200;1615;+0200;0;LH_6800
FRA;1350;+0200;1615;+0200;0;JK_126
FRA;0745;+0200;1015;+0200;0;QF_4201
FRA;1220;+0200;1450;+0200;0;IB_3507
FRA;1510;+0200;1740;+0200;0;IB_3515
FRA;1755;+0200;2025;+0200;0;LH_6802
FRA;1755;+0200;2025;+0200;0;JK_118
FRA;1800;+0200;2030;+0200;0;2X_9102
FRA;1800;+0200;2030;+0200;0;7X_9102
FRA;1800;+0200;2030;+0200;0;6X_9102
FRA;1915;+0200;2145;+0200;0;IB_3503
FRA;0905;+0200;1140;+0200;0;LH_1112
FRA;0905;+0200;1140;+0200;0;JK_8862
FRA;1150;+0200;1425;+0200;0;LH_1114
FRA;1150;+0200;1425;+0200;0;JK_8982
FRA;1150;+0200;1425;+0200;0;BD_2918
FRA;1540;+0200;1815;+0200;0;JK_8904
FRA;1540;+0200;1815;+0200;0;LH_1116
FRA;1540;+0200;1815;+0200;0;BD_2916
FRA;2115;+0200;2350;+0200;0;BD_2920
FRA;2115;+0200;2350;+0200;0;LH_1120
FRA;2115;+0200;2350;+0200;0;JK_8866
FRA;2115;+0200;2350;+0200;0;NH_6141
FRA;0715;+0200;0955;+0200;0;LH_1110
FRA;0715;+0200;0955;+0200;0;JK_8966
FRA;0740;+0200;1025;+0200;0;QF_4201
FRA;0740;+0200;1025;+0200;0;IB_3513
FRA;1930;+0200;2220;+0200;0;LA_705
FRA;1005;+0200;1415;+0200;0;LH_106-LH_1802
FRA;1005;+0200;1415;+0200;0;JK_8973-JK_8874
FRA;0725;+0200;1140;+0200;0;AF_1019-AF_1300
FRA;1600;+0200;2015;+0200;0;JK_8854-JK_6121
FRA;0705;+0200;1125;+0200;0;SN_7016-SN_3721
FRA;0705;+0200;1125;+0200;0;LH_1004-LH_5660
FRA;1025;+0200;1445;+0200;0;LX_1071-LX_2026
FRA;1550;+0200;2015;+0200;0;LH_1014-LH_5664
FRA;1555;+0200;2020;+0200;0;AF_1919-AF_2000
FRA;1740;+0200;2210;+0200;0;JK_9372-JK_445
FRA;0650;+0200;1125;+0200;0;LH_1004-LH_5660
FRA;0925;+0200;1400;+0200;0;OK_535-OK_700
FRA;1030;+0200;1505;+0200;0;LH_1152-LH_6811
FRA;1320;+0200;1755;+0200;0;JK_8832-JK_443
FRA;1715;+0200;2155;+0200;0;LH_116-LH_1806
FRA;0650;+0200;1135;+0200;0;LH_98-LH_1800
FRA;0920;+0200;1410;+0200;0;LH_8-LH_3296
FRA;0710;+0200;1205;+0200;0;KL_1762-KL_1701
FRA;0800;+0200;1255;+0200;0;JK_8828-JK_7554
FRA;1350;+0200;1845;+0200;0;AF_1619-AF_1900
FRA;1150;+0200;1650;+0200;0;LH_1010-LH_5662
FRA;1550;+0200;2050;+0200;0;JK_8868-JK_5629
FRA;1215;+0200;1720;+0200;0;LH_108-LH_1804
FRA;1435;+0200;1940;+0200;0;LX_1073-LX_2032
FRA;1740;+0200;2245;+0200;0;SN_7010-SN_3731
FRA;1740;+0200;2245;+0200;0;LH_1018-LH_5666
FRA;0905;+0200;1415;+0200;0;LH_104-LH_1802
FRA;1745;+0200;2255;+0200;0;LH_84-LH_3294
FRA;1745;+0200;2255;+0200;0;JK_8897-JK_8823
FRA;1800;+0200;2310;+0200;0;KL_1772-KL_1707
FRA;1050;+0200;1610;+0200;0;AF_1519-AF_1700
FRA;1150;+0200;1725;+0200;0;AA_6259-AA_6283
FRA;0800;+0200;1340;+0200;0;JK_8828-JK_7556
FRA;0830;+0200;1410;+0200;0;LH_6-LH_3296
FRA;1320;+0200;1900;+0200;0;LX_3667-LX_2048
FRA;1410;+0200;1950;+0200;0;BA_905-BA_7065
FRA;0705;+0200;1250;+0200;0;BA_8731-BA_8753
FRA;0900;+0200;1445;+0200;0;LX_1069-LX_2026
FRA;1610;+0200;2155;+0200;0;LH_114-LH_1806
FRA;1350;+0200;1940;+0200;0;LX_3607-LX_2032
FRA;1555;+0200;2145;+0200;0;AF_1919-AF_2100
FRA;1655;+0200;2245;+0200;0;SN_7008-SN_3731
FRA;0815;+0200;1415;+0200;0;LH_102-LH_1802
FRA;0845;+0200;1445;+0200;0;LX_3603-LX_2026
FRA;1320;+0200;1920;+0200;0;JK_8832-JK_429
FRA;1400;+0200;2000;+0200;0;TP_6702-TP_1018
FRA;1610;+0200;2210;+0200;0;JK_8834-JK_445
FRA;1645;+0200;2245;+0200;0;LH_1016-LH_5666
LIS;0755;+0100;1000;+0200;0;AM_6946
LIS;0755;+0100;1000;+0200;0;UX_1154
LIS;1155;+0100;1405;+0200;0;JK_9416
LIS;1155;+0100;1405;+0200;0;JJ_8657
LIS;1155;+0100;1405;+0200;0;TP_1014
LIS;1545;+0100;1755;+0200;0;UX_1156
LIS;1930;+0100;2140;+0200;0;UX_1158
LIS;0655;+0100;0910;+0200;0;IB_3119
LIS;0705;+0100;0920;+0200;0;TP_1010
LIS;0705;+0100;0920;+0200;0;JJ_8645
LIS;0705;+0100;0920;+0200;0;JK_9414
LIS;0740;+0100;0955;+0200;0;AM_6946
LIS;0830;+0100;1045;+0200;0;IB_3107
LIS;0900;+0100;1115;+0200;0;TP_1012
LIS;0900;+0100;1115;+0200;0;JK_9448
LIS;0900;+0100;1115;+0200;0;JJ_8653
LIS;1000;+0100;1215;+0200;0;IB_3111
LIS;1235;+0100;1450;+0200;0;IB_3109
LIS;1515;+0100;1730;+0200;0;JJ_8659
LIS;1515;+0100;1730;+0200;0;TP_1016
LIS;1515;+0100;1730;+0200;0;JK_9468
LIS;1635;+0100;1850;+0200;0;IB_3103
LIS;1745;+0100;2000;+0200;0;JK_9424
LIS;1745;+0100;2000;+0200;0;JJ_8661
LIS;1745;+0100;2000;+0200;0;TP_1018
LIS;2045;+0100;2300;+0200;0;IB_3105
LIS;2055;+0100;2310;+0200;0;JJ_8667
LIS;2055;+0100;2310;+0200;0;JK_9418
LIS;2055;+0100;2310;+0200;0;TP_1022
LIS;1805;+0100;2245;+0200;0;TP_1978-TP_1006
LIS;1250;+0100;1755;+0200;0;JK_9404-JK_443
LIS;0730;+0100;1255;+0200;0;JK_9432-JK_7554
LIS;1315;+0100;1845;+0200;0;TP_1960-TP_1004
LIS;1630;+0100;2210;+0200;0;JK_9400-JK_445
BRU;1210;+0200;1430;+0200;0;IB_3203
BRU;1500;+0200;1720;+0200;0;IB_3197
BRU;1905;+0200;2125;+0200;0;IB_3205
BRU;0755;+0200;1020;+0200;0;IB_3207
BRU;0855;+0200;1125;+0200;0;UA_9975
BRU;0855;+0200;1125;+0200;0;JK_9266
BRU;1420;+0200;1650;+0200;0;SN_3727
BRU;1420;+0200;1650;+0200;0;JK_9268
BRU;1420;+0200;1650;+0200;0;UA_9977
BRU;1745;+0200;2015;+0200;0;JK_9270
BRU;1745;+0200;2015;+0200;0;SN_3729
BRU;2015;+0200;2245;+0200;0;SN_3731
BRU;2015;+0200;2245;+0200;0;JK_9272
BRU;0850;+0200;1125;+0200;0;SN_3721
BRU;2010;+0200;2245;+0200;0;SN_3731
BRU;1021;+0200;1440;+0200;0;AF_7184-AF_1600
BRU;1355;+0200;1815;+0200;0;JK_9262-JK_6119
BRU;0710;+0200;1140;+0200;0;AF_7182-AF_1300
BRU;1920;+0200;2350;+0200;0;LH_1019-LH_1120
BRU;1245;+0200;1720;+0200;0;LH_2287-LH_1804
BRU;1500;+0200;1940;+0200;0;LX_781-LX_2032
BRU;1715;+0200;2155;+0200;0;LH_2291-LH_1806
BRU;0655;+0200;1140;+0200;0;LH_1025-LH_1112
BRU;1825;+0200;2310;+0200;0;KL_1732-KL_1707
BRU;0645;+0200;1135;+0200;0;LH_2297-LH_1800
BRU;0910;+0200;1400;+0200;0;OK_631-OK_700
BRU;1325;+0200;1815;+0200;0;LH_1011-LH_1116
BRU;0950;+0200;1445;+0200;0;LX_787-LX_2026
BRU;0615;+0200;1115;+0200;0;TP_611-TP_1012
BRU;0725;+0200;1230;+0200;0;BA_389-BA_7055
BRU;0920;+0200;1425;+0200;0;LH_1007-LH_1114
BRU;1110;+0200;1615;+0200;0;LH_1009-LH_6800
BRU;1220;+0200;1730;+0200;0;TP_607-TP_1016
BRU;1440;+0200;1950;+0200;0;KL_1726-KL_1709
BRU;1218;+0200;1730;+0200;0;AF_7192-AF_1800
BRU;0725;+0200;1240;+0200;0;QF_3390-QF_4203
BRU;1100;+0200;1615;+0200;0;LH_1009-LH_6800
BRU;1210;+0200;1725;+0200;0;AA_6399-AA_6283
BRU;1210;+0200;1725;+0200;0;BA_393-BA_464
BRU;1240;+0200;1755;+0200;0;JK_9254-JK_443
BRU;1210;+0200;1730;+0200;0;BA_393-BA_464
BRU;1210;+0200;1730;+0200;0;BA_393-BA_460
BRU;1830;+0200;2350;+0200;0;LH_1017-LH_1120
BRU;1830;+0200;2350;+0200;0;NH_6170-NH_6141
BRU;1325;+0200;1850;+0200;0;SK_1592-SK_9926
BRU;1618;+0200;2145;+0200;0;AF_7186-AF_2100
BRU;0845;+0200;1415;+0200;0;LH_2283-LH_1802
BRU;1500;+0200;2030;+0200;0;UX_3751-UX_1094
BRU;1525;+0200;2055;+0200;0;BA_395-BA_7059
BRU;1815;+0200;2350;+0200;0;AZ_165-AZ_64
BRU;0625;+0200;1205;+0200;0;KL_1720-KL_1701
BRU;0955;+0200;1535;+0200;0;BA_391-BA_7061
BRU;1720;+0200;2300;+0200;0;JL_7704-JL_7703
BRU;0645;+0200;1230;+0200;0;BA_389-BA_7055
BRU;0840;+0200;1425;+0200;0;LH_1005-LH_1114
BRU;1440;+0200;2025;+0200;0;LH_1013-LH_6802
BRU;1021;+0200;1610;+0200;0;AF_7184-AF_1700
BRU;0645;+0200;1240;+0200;0;AA_6423-AA_5553
BRU;0830;+0200;1425;+0200;0;LH_1005-LH_1114
BRU;1715;+0200;2310;+0200;0;TP_609-TP_1022
BRU;0725;+0200;1330;+0200;0;BA_389-BA_458
BRU;0725;+0200;1330;+0200;0;QF_3390-QF_3379
BRU;0955;+0200;1600;+0200;0;AA_6424-AA_6280
BRU;1125;+0200;1730;+0200;0;KL_1724-KL_1705
BRU;1740;+0200;2350;+0200;0;LH_1015-LH_1120
BRU;1105;+0200;1720;+0200;0;LH_2285-LH_1804
BRU;1355;+0200;2015;+0200;0;JK_9262-JK_6121
BRU;0630;+0200;1255;+0200;0;JK_9250-JK_7554
BRU;1218;+0200;1845;+0200;0;AF_7192-AF_1900
BRU;0710;+0200;1340;+0200;0;AF_7182-AF_1430
BRU;1210;+0200;1840;+0200;0;AA_6399-AA_6282
BRU;1210;+0200;1840;+0200;0;BA_393-BA_462
BRU;1525;+0200;2200;+0200;0;BA_395-BA_7057
BRU;1240;+0200;1920;+0200;0;JK_9254-JK_429
BRU;0645;+0200;1330;+0200;0;BA_389-BA_458
BRU;0645;+0200;1330;+0200;0;AA_6423-AA_6278
BRU;1210;+0200;1855;+0200;0;BA_393-BA_7063
PRG;1110;+0200;1400;+0200;0;IB_7885
PRG;1110;+0200;1400;+0200;0;OK_700
PRG;2005;+0200;2255;+0200;0;OK_702
PRG;2005;+0200;2255;+0200;0;KE_7685
PRG;2005;+0200;2255;+0200;0;IB_7889
PRG;2005;+0200;2300;+0200;0;KE_7685
PRG;0710;+0200;1135;+0200;0;LH_1697-LH_1800
PRG;0955;+0200;1425;+0200;0;LH_1393-LH_1114
PRG;0955;+0200;1425;+0200;0;BD_2993-BD_2918
PRG;0955;+0200;1425;+0200;0;JK_8961-JK_8982
PRG;1250;+0200;1720;+0200;0;LH_1691-LH_1804
PRG;1345;+0200;1815;+0200;0;LH_1397-LH_1116
PRG;1345;+0200;1815;+0200;0;BD_2991-BD_2916
PRG;1345;+0200;1815;+0200;0;JK_8960-JK_8904
PRG;1005;+0200;1440;+0200;0;AF_1383-AF_1600
PRG;1010;+0200;1445;+0200;0;LX_1485-LX_2026
PRG;1720;+0200;2155;+0200;0;LH_1693-LH_1806
PRG;1720;+0200;2155;+0200;0;NH_6068-NH_6097
PRG;0645;+0200;1125;+0200;0;SN_2816-SN_3721
PRG;1540;+0200;2020;+0200;0;AF_1983-AF_2000
PRG;1535;+0200;2020;+0200;0;AF_1983-AF_2000
PRG;0925;+0200;1415;+0200;0;LH_1689-LH_1802
PRG;1450;+0200;1940;+0200;0;LX_1487-LX_2032
PRG;1755;+0200;2245;+0200;0;SN_2812-SN_3731
PRG;0915;+0200;1415;+0200;0;JK_8817-JK_8874
PRG;0915;+0200;1415;+0200;0;LH_1689-LH_1802
PRG;0700;+0200;1205;+0200;0;KL_3120-KL_1701
PRG;1040;+0200;1600;+0200;0;IB_7887-IB_2761
PRG;1820;+0200;2350;+0200;0;LH_1399-LH_1120
PRG;1820;+0200;2350;+0200;0;NH_6198-NH_6141
PRG;1415;+0200;1950;+0200;0;KL_3124-KL_1709
PRG;1710;+0200;2245;+0200;0;SN_2812-SN_3731
PRG;1710;+0200;2245;+0200;0;BD_5482-BD_5317
PRG;0600;+0200;1140;+0200;0;LH_1403-LH_1112
PRG;1235;+0200;1815;+0200;0;LH_1395-LH_1116
PRG;0925;+0200;1515;+0200;0;KL_1352-KL_1703
PRG;1400;+0200;1950;+0200;0;KL_1356-KL_1709
PRG;0935;+0200;1530;+0200;0;LO_524-LO_433
PRG;1015;+0200;1610;+0200;0;AF_1383-AF_1700
PRG;1715;+0200;2310;+0200;0;KL_3122-KL_1707
PRG;0825;+0200;1430;+0200;0;AA_6632-AA_5615
PRG;1005;+0200;1610;+0200;0;AF_1383-AF_1700
PRG;1540;+0200;2145;+0200;0;AF_1983-AF_2100
PRG;1705;+0200;2310;+0200;0;KL_3122-KL_1707
PRG;1535;+0200;2145;+0200;0;AF_1983-AF_2100
PRG;0955;+0200;1615;+0200;0;LH_1393-LH_6800
PRG;0955;+0200;1615;+0200;0;JK_8961-JK_126
PRG;1215;+0200;1840;+0200;0;BA_855-BA_462
PRG;1215;+0200;1840;+0200;0;AA_6634-AA_6282
PRG;1625;+0200;2255;+0200;0;LH_3053-LH_3294
PRG;1225;+0200;1900;+0200;0;LX_1473-LX_2048
PRG;1215;+0200;1855;+0200;0;BA_855-BA_7063
PRG;1345;+0200;2025;+0200;0;JK_8960-JK_118
PRG;1345;+0200;2025;+0200;0;LH_1397-LH_6802
PRG;1605;+0200;2300;+0200;0;JL_7722-JL_7703
PRG;1540;+0200;2240;+0200;0;AF_1983-AF_1730
PRG;0710;+0200;1415;+0200;0;LH_1697-LH_1802
PRG;1535;+0200;2240;+0200;0;AF_1983-AF_1730
PRG;0725;+0200;1440;+0200;0;AF_1083-AF_1600
PRG;1015;+0200;1730;+0200;0;AF_1383-AF_1800
CPH;1535;+0200;1850;+0200;0;JK_26
CPH;1535;+0200;1850;+0200;0;SK_9926
CPH;0855;+0200;1215;+0200;0;SK_581
CPH;0855;+0200;1215;+0200;0;JK_9000
CPH;1540;+0200;1900;+0200;0;IB_3309
CPH;1445;+0200;1920;+0200;0;JK_34-JK_429
CPH;1445;+0200;1920;+0200;0;SK_9974-SK_9884
CPH;0635;+0200;1125;+0200;0;SN_2268-SN_3721
CPH;0905;+0200;1400;+0200;0;OK_505-OK_700
CPH;1525;+0200;2020;+0200;0;AF_2351-AF_2000
CPH;0925;+0200;1425;+0200;0;LH_6221-LH_1114
CPH;1015;+0200;1515;+0200;0;KL_1126-KL_1703
CPH;1440;+0200;1940;+0200;0;LX_1271-LX_2032
CPH;0940;+0200;1445;+0200;0;LX_1267-LX_2026
CPH;1650;+0200;2155;+0200;0;LH_2445-LH_1806
CPH;1405;+0200;1920;+0200;0;LH_6213-LH_3292
CPH;1645;+0200;2200;+0200;0;BA_8468-BA_8755
CPH;1425;+0200;1950;+0200;0;KL_1130-KL_1709
CPH;0720;+0200;1250;+0200;0;BA_8466-BA_8753
CPH;1030;+0200;1600;+0200;0;AA_6387-AA_6280
CPH;1120;+0200;1650;+0200;0;BD_3731-BD_5313
CPH;0605;+0200;1140;+0200;0;UA_9265-UA_9358
CPH;0755;+0200;1330;+0200;0;BA_811-BA_458
CPH;0755;+0200;1330;+0200;0;QF_3430-QF_3379
CPH;1450;+0200;2025;+0200;0;LH_6265-LH_6802
CPH;1450;+0200;2025;+0200;0;SK_675-SK_9931
CPH;1735;+0200;2310;+0200;0;KL_1132-KL_1707
CPH;0600;+0200;1140;+0200;0;SK_8519-SK_3287
CPH;0600;+0200;1140;+0200;0;UA_9265-UA_9358
CPH;0600;+0200;1140;+0200;0;LH_833-LH_1112
CPH;0750;+0200;1330;+0200;0;AA_6532-AA_6278
CPH;0835;+0200;1415;+0200;0;LH_2441-LH_1802
CPH;0710;+0200;1255;+0200;0;JK_38-JK_7554
CPH;1145;+0200;1730;+0200;0;KL_1128-KL_1705
CPH;1300;+0200;1845;+0200;0;AF_2051-AF_1900
CPH;1700;+0200;2245;+0200;0;BD_5460-BD_5317
CPH;1700;+0200;2245;+0200;0;SN_2260-SN_3731
CPH;0820;+0200;1410;+0200;0;LH_6239-LH_3296
CPH;1020;+0200;1610;+0200;0;AF_1751-AF_1700
CPH;1400;+0200;1950;+0200;0;BA_815-BA_7065
CPH;1020;+0200;1615;+0200;0;SK_3627-SK_9916
CPH;1020;+0200;1615;+0200;0;LH_823-LH_6800
CPH;1010;+0200;1610;+0200;0;AF_1751-AF_1700
CPH;1655;+0200;2255;+0200;0;LH_6215-LH_3294
CPH;1750;+0200;2350;+0200;0;SK_1635-SK_3587
CPH;0600;+0200;1205;+0200;0;KL_1124-KL_1701
CPH;1005;+0200;1615;+0200;0;SK_1637-SK_9916
CPH;1420;+0200;2030;+0200;0;UX_3757-UX_1094
CPH;1740;+0200;2350;+0200;0;SK_1635-SK_3587
CPH;1740;+0200;2350;+0200;0;LH_6225-LH_1120
CPH;1100;+0200;1720;+0200;0;LH_6247-LH_1804
CPH;1525;+0200;2145;+0200;0;AF_2351-AF_2100
CPH;1100;+0200;1725;+0200;0;BA_813-BA_464
CPH;0710;+0200;1340;+0200;0;JK_38-JK_7556
CPH;1100;+0200;1730;+0200;0;BA_813-BA_464
CPH;1100;+0200;1730;+0200;0;BA_813-BA_460
CPH;1630;+0200;2300;+0200;0;JL_7718-JL_7703
CPH;0750;+0200;1430;+0200;0;AA_6532-AA_5615
CPH;0800;+0200;1445;+0200;0;LX_4701-LX_2026
CPH;1330;+0200;2015;+0200;0;BD_5458-BD_5315
CPH;1330;+0200;2015;+0200;0;SN_2258-SN_3729
CPH;0925;+0200;1615;+0200;0;LH_6221-LH_6800
CPH;0925;+0200;1615;+0200;0;SK_1637-SK_9916
CPH;1030;+0200;1725;+0200;0;AA_6387-AA_6283
CPH;1400;+0200;2055;+0200;0;BA_815-BA_7059
CPH;0805;+0200;1505;+0200;0;SK_585-SK_9812
CPH;1325;+0200;2025;+0200;0;AY_666-AY_3183
CPH;1310;+0200;2015;+0200;0;SN_2258-SN_3729
CPH;1645;+0200;2350;+0200;0;LH_829-LH_1120
CPH;1645;+0200;2350;+0200;0;NH_6180-NH_6141
CPH;1645;+0200;2350;+0200;0;SK_8575-SK_3587
CPH;1645;+0200;2350;+0200;0;BD_3419-BD_2920
CPH;0820;+0200;1530;+0200;0;LO_5452-LO_433
CPH;1020;+0200;1730;+0200;0;AF_1751-AF_1800
CPH;1015;+0200;1730;+0200;0;KL_1126-KL_1705
CPH;1440;+0200;2155;+0200;0;LH_6257-LH_1806
CPH;1525;+0200;2240;+0200;0;AF_2351-AF_1730
CPH;1010;+0200;1730;+0200;0;AF_1751-AF_1800
CPH;1300;+0200;2020;+0200;0;AF_2051-AF_2000
CPH;0700;+0200;1425;+0200;0;LH_6219-LH_1114
CPH;1445;+0200;2210;+0200;0;JK_34-JK_445
CPH;0645;+0200;1415;+0200;0;LH_6259-LH_1802
CPH;0600;+0200;1340;+0200;0;UX_3756-UX_1092
CPH;0755;+0200;1535;+0200;0;BA_811-BA_7061
CPH;1100;+0200;1840;+0200;0;BA_813-BA_462
CPH;0655;+0200;1440;+0200;0;AF_1351-AF_1600
CPH;1020;+0200;1805;+0200;0;UA_9029-UA_9359
CPH;0900;+0200;1650;+0200;0;BD_5456-BD_5313
CPH;0900;+0200;1650;+0200;0;UA_9910-UA_9977
CPH;0900;+0200;1650;+0200;0;SN_2256-SN_3727
CPH;1020;+0200;1815;+0200;0;LH_823-LH_1116
CPH;1020;+0200;1815;+0200;0;BD_3423-BD_2916
CPH;1100;+0200;1855;+0200;0;BA_813-BA_7063
CPH;0850;+0200;1650;+0200;0;SN_2256-SN_3727
CPH;0850;+0200;1650;+0200;0;UA_9910-UA_9977
CPH;1120;+0200;1920;+0200;0;LH_6041-LH_3292
CPH;1400;+0200;2200;+0200;0;BA_815-BA_7057
CPH;1400;+0200;2200;+0200;0;BA_815-BA_8755
CPH;1145;+0200;1950;+0200;0;KL_1128-KL_1709
CPH;0750;+0200;1600;+0200;0;AA_6532-AA_6280
CPH;1030;+0200;1840;+0200;0;AA_6387-AA_6282
CPH;0720;+0200;1535;+0200;0;BA_8466-BA_7061
CPH;1020;+0200;1835;+0200;0;AF_1751-AF_1630
CPH;0605;+0200;1425;+0200;0;UA_9265-UA_9229
CPH;0600;+0200;1425;+0200;0;BD_3417-BD_2918
CPH;0600;+0200;1425;+0200;0;LH_833-LH_1114
CPH;0600;+0200;1425;+0200;0;UA_9265-UA_9229
CPH;1010;+0200;1835;+0200;0;AF_1751-AF_1630
CPH;1020;+0200;1845;+0200;0;AF_1751-AF_1900
CPH;0605;+0200;1435;+0200;0;UA_9265-UA_9229
MUC;0855;+0200;1135;+0200;0;LH_1800
MUC;0855;+0200;1135;+0200;0;JK_8880
MUC;1135;+0200;1415;+0200;0;LH_1802
MUC;1135;+0200;1415;+0200;0;JK_8874
MUC;1440;+0200;1720;+0200;0;LH_1804
MUC;1440;+0200;1720;+0200;0;JK_9324
MUC;1915;+0200;2155;+0200;0;JK_8876
MUC;1915;+0200;2155;+0200;0;LH_1806
MUC;1915;+0200;2155;+0200;0;NH_6097
MUC;0750;+0200;1035;+0200;0;IB_3537
MUC;1205;+0200;1450;+0200;0;IB_3539
MUC;1550;+0200;1835;+0200;0;IB_3533
MUC;1905;+0200;2150;+0200;0;IB_3531
MUC;1515;+0200;1900;+0200;0;LX_3685-LX_2048
MUC;1545;+0200;1940;+0200;0;LX_3623-LX_2032
MUC;0715;+0200;1140;+0200;0;LH_101-LH_1112
MUC;0915;+0200;1340;+0200;0;JK_9310-JK_7556
MUC;1000;+0200;1425;+0200;0;LH_107-LH_1114
MUC;1000;+0200;1425;+0200;0;BD_3037-BD_2918
MUC;1350;+0200;1815;+0200;0;LH_113-LH_1116
MUC;1350;+0200;1815;+0200;0;JK_9309-JK_8904
MUC;1350;+0200;1815;+0200;0;BD_3039-BD_2916
MUC;1150;+0200;1620;+0200;0;AB_9620-AB_7740
MUC;1825;+0200;2255;+0200;0;LH_2018-LH_3294
MUC;1140;+0200;1615;+0200;0;JK_8967-JK_126
MUC;1140;+0200;1615;+0200;0;LH_111-LH_6800
MUC;1255;+0200;1730;+0200;0;AF_1723-AF_1800
MUC;1315;+0200;1755;+0200;0;JK_132-JK_443
MUC;1435;+0200;1920;+0200;0;LH_2012-LH_3292
MUC;0915;+0200;1410;+0200;0;LH_2064-LH_3296
MUC;1855;+0200;2350;+0200;0;LH_121-LH_1120
MUC;0705;+0200;1205;+0200;0;KL_1790-KL_1701
MUC;1515;+0200;2015;+0200;0;JK_9389-JK_6121
MUC;1515;+0200;2015;+0200;0;LH_2290-LH_5664
MUC;1515;+0200;2015;+0200;0;SN_7058-SN_3729
MUC;0915;+0200;1425;+0200;0;LH_105-LH_1114
MUC;0930;+0200;1440;+0200;0;AF_1423-AF_1600
MUC;0935;+0200;1445;+0200;0;LX_1101-LX_2026
MUC;1150;+0200;1700;+0200;0;AZ_437-AZ_60
MUC;1510;+0200;2025;+0200;0;JK_8905-JK_118
MUC;1510;+0200;2025;+0200;0;LH_115-LH_6802
MUC;1050;+0200;1615;+0200;0;LH_109-LH_6800
MUC;0610;+0200;1140;+0200;0;LH_99-LH_1112
MUC;1155;+0200;1725;+0200;0;BA_949-BA_464
MUC;1155;+0200;1725;+0200;0;AA_6476-AA_6283
MUC;1200;+0200;1730;+0200;0;KL_1794-KL_1705
MUC;0605;+0200;1140;+0200;0;LH_99-LH_1112
MUC;1035;+0200;1610;+0200;0;AF_1523-AF_1700
MUC;1155;+0200;1730;+0200;0;BA_949-BA_464
MUC;1315;+0200;1850;+0200;0;SK_1666-SK_9926
MUC;1405;+0200;1940;+0200;0;LX_1105-LX_2032
MUC;1610;+0200;2145;+0200;0;AF_2023-AF_2100
MUC;1410;+0200;1950;+0200;0;KL_1796-KL_1709
MUC;1705;+0200;2245;+0200;0;LH_2292-LH_5666
MUC;1705;+0200;2245;+0200;0;SN_7060-SN_3731
MUC;1730;+0200;2310;+0200;0;KL_1798-KL_1707
MUC;0630;+0200;1215;+0200;0;SK_3688-SK_581
MUC;0825;+0200;1410;+0200;0;LH_2062-LH_3296
MUC;0930;+0200;1515;+0200;0;KL_1792-KL_1703
MUC;1255;+0200;1840;+0200;0;AA_6544-AA_6282
MUC;1255;+0200;1840;+0200;0;BA_951-BA_462
MUC;1710;+0200;2255;+0200;0;LH_2016-LH_3294
MUC;1805;+0200;2350;+0200;0;AZ_433-AZ_64
MUC;1255;+0200;1845;+0200;0;AF_1723-AF_1900
MUC;0700;+0200;1255;+0200;0;JK_134-JK_7554
MUC;1755;+0200;2350;+0200;0;LH_119-LH_1120
MUC;0825;+0200;1425;+0200;0;LH_103-LH_1114
MUC;1045;+0200;1650;+0200;0;SN_7054-SN_3727
MUC;1045;+0200;1650;+0200;0;LH_2286-LH_5662
MUC;1315;+0200;1920;+0200;0;JK_132-JK_429
MUC;1315;+0200;1920;+0200;0;LH_2010-LH_3292
MUC;1315;+0200;1920;+0200;0;JK_8996-JK_9334
MUC;0720;+0200;1330;+0200;0;QF_3556-QF_3379
MUC;0720;+0200;1330;+0200;0;AA_6540-AA_6278
MUC;1000;+0200;1615;+0200;0;LH_107-LH_6800
MUC;1115;+0200;1730;+0200;0;TP_6720-TP_1016
MUC;0710;+0200;1330;+0200;0;BA_947-BA_458
MUC;0710;+0200;1330;+0200;0;QF_3556-QF_3379
DUS;0750;+0200;1020;+0200;0;IB_3597
DUS;1210;+0200;1440;+0200;0;IB_3523
DUS;1905;+0200;2135;+0200;0;IB_3569
DUS;0655;+0200;0930;+0200;0;JK_8802
DUS;0655;+0200;0930;+0200;0;LH_3290
DUS;1645;+0200;1920;+0200;0;JK_9334
DUS;1645;+0200;1920;+0200;0;LH_3292
DUS;2020;+0200;2255;+0200;0;LH_3294
DUS;2020;+0200;2255;+0200;0;JK_8823
DUS;1320;+0200;1730;+0200;0;AF_1607-AF_1800
DUS;0725;+0200;1140;+0200;0;AF_1107-AF_1300
DUS;1200;+0200;1615;+0200;0;LH_79-LH_6800
DUS;1200;+0200;1615;+0200;0;JK_8892-JK_126
DUS;0720;+0200;1140;+0200;0;AF_1107-AF_1300
DUS;1440;+0200;1900;+0200;0;LX_3697-LX_2048
DUS;1725;+0200;2145;+0200;0;AF_2207-AF_2100
DUS;1035;+0200;1505;+0200;0;LH_3322-LH_6811
DUS;1250;+0200;1720;+0200;0;LH_2009-LH_1804
DUS;0655;+0200;1135;+0200;0;LH_2023-LH_1800
DUS;1905;+0200;2350;+0200;0;LH_87-LH_1120
DUS;0925;+0200;1415;+0200;0;LH_2003-LH_1802
DUS;0955;+0200;1445;+0200;0;LX_1017-LX_2026
DUS;1450;+0200;1940;+0200;0;LX_1019-LX_2032
DUS;1820;+0200;2310;+0200;0;KL_1862-KL_1707
DUS;0905;+0200;1400;+0200;0;OK_523-OK_700
DUS;1225;+0200;1730;+0200;0;KL_1856-KL_1705
DUS;1705;+0200;2210;+0200;0;JK_8980-JK_445
DUS;0550;+0200;1100;+0200;0;AA_8083-AA_5648
DUS;1330;+0200;1840;+0200;0;BA_939-BA_462
DUS;1330;+0200;1840;+0200;0;AA_6513-AA_6282
DUS;1440;+0200;1950;+0200;0;KL_1858-KL_1709
DUS;0715;+0200;1230;+0200;0;BA_935-BA_7055
DUS;1045;+0200;1600;+0200;0;AA_6364-AA_6280
DUS;1055;+0200;1610;+0200;0;AF_1307-AF_1700
DUS;1645;+0200;2200;+0200;0;BA_941-BA_7057
DUS;0615;+0200;1135;+0200;0;LH_2027-LH_1800
DUS;1050;+0200;1610;+0200;0;AF_1307-AF_1700
DUS;1100;+0200;1620;+0200;0;AB_9864-AB_7740
DUS;1625;+0200;2145;+0200;0;AF_1907-AF_2100
DUS;0650;+0200;1215;+0200;0;SK_620-SK_581
DUS;0715;+0200;1240;+0200;0;AA_6503-AA_5553
DUS;0715;+0200;1240;+0200;0;QF_3450-QF_4203
DUS;1320;+0200;1845;+0200;0;AF_1607-AF_1900
DUS;1325;+0200;1850;+0200;0;SK_626-SK_9926
DUS;1630;+0200;2155;+0200;0;LH_2013-LH_1806
DUS;0845;+0200;1415;+0200;0;LH_2001-LH_1802
DUS;0605;+0200;1140;+0200;0;LH_73-LH_1112
DUS;0625;+0200;1205;+0200;0;KL_1852-KL_1701
DUS;1400;+0200;1940;+0200;0;LX_3635-LX_2032
DUS;1445;+0200;2030;+0200;0;UX_3754-UX_1094
DUS;1435;+0200;2025;+0200;0;JK_8890-JK_118
DUS;1435;+0200;2025;+0200;0;LH_81-LH_6802
DUS;1800;+0200;2350;+0200;0;LH_85-LH_1120
DUS;1800;+0200;2350;+0200;0;BD_3315-BD_2920
DUS;0815;+0200;1410;+0200;0;LH_2704-LH_3296
DUS;0830;+0200;1425;+0200;0;LH_75-LH_1114
DUS;1020;+0200;1615;+0200;0;LH_77-LH_6800
DUS;0715;+0200;1330;+0200;0;QF_3450-QF_3379
DUS;0715;+0200;1330;+0200;0;BA_935-BA_458
DUS;0715;+0200;1330;+0200;0;AA_6503-AA_6278
DUS;0725;+0200;1340;+0200;0;AF_1107-AF_1430
DUS;1200;+0200;1815;+0200;0;BD_3319-BD_2916
DUS;1200;+0200;1815;+0200;0;JK_8892-JK_8904
DUS;1200;+0200;1815;+0200;0;LH_79-LH_1116
DUS;1625;+0200;2240;+0200;0;AF_1907-AF_1730
DUS;1645;+0200;2300;+0200;0;JL_7700-JL_7703
DUS;0720;+0200;1340;+0200;0;AF_1107-AF_1430
DUS;1330;+0200;1950;+0200;0;BA_939-BA_7065
DUS;1055;+0200;1720;+0200;0;JK_8858-JK_9324
DUS;1200;+0200;1825;+0200;0;TU_547-TU_606
STO;1445;+0200;1850;+0200;0;IB_3321
STO;0710;+0200;1215;+0200;0;SK_1417-SK_581
STO;0905;+0200;1410;+0200;0;LH_2927-LH_3296
STO;1345;+0200;1850;+0200;0;SK_1423-SK_9926
STO;0735;+0200;1250;+0200;0;BA_8490-BA_8753
STO;1155;+0200;1720;+0200;0;LH_2415-LH_1804
STO;0630;+0200;1205;+0200;0;KL_1106-KL_1701
STO;0940;+0200;1515;+0200;0;KL_1108-KL_1703
STO;1240;+0200;1815;+0200;0;LH_803-LH_1116
STO;1440;+0200;2020;+0200;0;AF_2063-AF_2000
STO;1030;+0200;1615;+0200;0;SK_3671-SK_9916
STO;1030;+0200;1615;+0200;0;LH_801-LH_6800
STO;1710;+0200;2255;+0200;0;LH_6287-LH_3294
STO;1720;+0200;2310;+0200;0;KL_1116-KL_1707
STO;0800;+0200;1400;+0200;0;OK_495-OK_700
STO;1555;+0200;2155;+0200;0;LH_2417-LH_1806
STO;0610;+0200;1215;+0200;0;SK_1415-SK_581
STO;0610;+0200;1215;+0200;0;JK_9014-JK_9000
STO;0650;+0200;1255;+0200;0;JK_54-JK_7554
STO;0720;+0200;1330;+0200;0;AA_6525-AA_6278
STO;1645;+0200;2255;+0200;0;OK_491-OK_702
STO;1225;+0200;1840;+0200;0;AA_6528-AA_6282
STO;1410;+0200;2025;+0200;0;AY_642-AY_3183
STO;0710;+0200;1330;+0200;0;AA_6525-AA_6278
STO;0710;+0200;1330;+0200;0;QF_3350-QF_3379
STO;0710;+0200;1330;+0200;0;BA_771-BA_458
STO;1355;+0200;2015;+0200;0;SN_2306-SN_3729
STO;1355;+0200;2015;+0200;0;BD_5466-BD_5315
STO;0745;+0200;1415;+0200;0;LH_2421-LH_1802
STO;1220;+0200;1850;+0200;0;SK_1421-SK_9926
STO;1205;+0200;1840;+0200;0;BA_777-BA_462
STO;1210;+0200;1845;+0200;0;AF_1763-AF_1900
STO;1310;+0200;1950;+0200;0;KL_1110-KL_1709
STO;0650;+0200;1340;+0200;0;JK_54-JK_7556
STO;1205;+0200;1855;+0200;0;BA_777-BA_7063
STO;1520;+0200;2210;+0200;0;JK_58-JK_445
STO;1650;+0200;2350;+0200;0;SK_673-SK_3587
STO;1650;+0200;2350;+0200;0;LH_6203-LH_1120
STO;0910;+0200;1615;+0200;0;SK_635-SK_9916
STO;0910;+0200;1615;+0200;0;LH_6227-LH_6800
STO;1440;+0200;2145;+0200;0;AF_2063-AF_2100
STO;0720;+0200;1430;+0200;0;AA_6525-AA_5615
STO;0710;+0200;1430;+0200;0;AA_6525-AA_5615
STO;1525;+0200;2245;+0200;0;BD_3839-BD_5317
STO;1540;+0200;2300;+0200;0;JL_7716-JL_7703
STO;1255;+0200;2025;+0200;0;AY_634-AY_3183
STO;0755;+0200;1530;+0200;0;LO_456-LO_433
STO;1030;+0200;1815;+0200;0;BD_3527-BD_2916
STO;1030;+0200;1815;+0200;0;LH_801-LH_1116
STO;1205;+0200;1950;+0200;0;BA_777-BA_7065
STO;1240;+0200;2025;+0200;0;LH_803-LH_6802
STO;1240;+0200;2025;+0200;0;SK_3613-SK_9931
STO;1410;+0200;2155;+0200;0;LH_6187-LH_1806
STO;0650;+0200;1440;+0200;0;AF_1463-AF_1600
STO;0940;+0200;1730;+0200;0;KL_1108-KL_1705
STO;0735;+0200;1535;+0200;0;BA_8490-BA_7061
STO;1440;+0200;2240;+0200;0;AF_2063-AF_1730
STO;0620;+0200;1425;+0200;0;BD_3523-BD_2918
STO;0620;+0200;1425;+0200;0;LH_809-LH_1114
STO;1505;+0200;2310;+0200;0;TP_787-TP_1022
STO;1210;+0200;2020;+0200;0;AF_1763-AF_2000
STO;1440;+0200;2255;+0200;0;LH_2923-LH_3294
STO;0625;+0200;1445;+0200;0;LX_4707-LX_2026
STO;1155;+0200;2015;+0200;0;SN_2304-SN_3729
STO;0710;+0200;1535;+0200;0;BA_771-BA_7061
STO;1140;+0200;2015;+0200;0;BD_5472-BD_5315
STO;1515;+0200;2350;+0200;0;LH_6229-LH_1120
STO;1515;+0200;2350;+0200;0;SK_637-SK_3587
STO;0720;+0200;1600;+0200;0;AA_6525-AA_6280
STO;0735;+0200;1615;+0200;0;SK_1631-SK_9916
STO;0630;+0200;1515;+0200;0;KL_1106-KL_1703
STO;0710;+0200;1600;+0200;0;AA_6525-AA_6280
STO;1000;+0200;1850;+0200;0;SK_1419-SK_9926
STO;1205;+0200;2055;+0200;0;BA_777-BA_7059
STO;1355;+0200;2245;+0200;0;BD_5466-BD_5317
STO;1355;+0200;2245;+0200;0;SN_2306-SN_3731
STO;0910;+0200;1815;+0200;0;LH_6227-LH_1116
STO;0650;+0200;1610;+0200;0;AF_1463-AF_1700
STO;0745;+0200;1720;+0200;0;LH_2421-LH_1804
STO;0915;+0200;1850;+0200;0;SK_403-SK_9926
STO;0915;+0200;1850;+0200;0;JK_9013-JK_26
STO;1210;+0200;2145;+0200;0;AF_1763-AF_2100
VCE;1215;+0200;1445;+0200;0;IB_3645
VCE;1915;+0200;2145;+0200;0;IB_3639
VCE;0740;+0200;1015;+0200;0;IB_3627
VCE;1410;+0200;1755;+0200;0;JK_82-JK_443
VCE;1255;+0200;1720;+0200;0;LH_1909-LH_1804
VCE;0700;+0200;1140;+0200;0;AF_2527-AF_1300
VCE;0650;+0200;1135;+0200;0;LH_1915-LH_1800
VCE;1710;+0200;2155;+0200;0;LH_1911-LH_1806
VCE;1905;+0200;2350;+0200;0;AZ_1474-AZ_64
VCE;0650;+0200;1140;+0200;0;LH_333-LH_1112
VCE;1430;+0200;1920;+0200;0;LH_3213-LH_3292
VCE;0630;+0200;1130;+0200;0;AZ_1460-AZ_58
VCE;1440;+0200;1940;+0200;0;LX_1663-LX_2032
VCE;0940;+0200;1445;+0200;0;LX_1661-LX_2026
VCE;1220;+0200;1730;+0200;0;AF_1427-AF_1800
VCE;1410;+0200;1920;+0200;0;JK_82-JK_429
VCE;1510;+0200;2020;+0200;0;AF_1727-AF_2000
VCE;0645;+0200;1205;+0200;0;KL_1650-KL_1701
VCE;1830;+0200;2350;+0200;0;BD_3409-BD_2920
VCE;1830;+0200;2350;+0200;0;LH_329-LH_1120
VCE;1350;+0200;1920;+0200;0;LH_3213-LH_3292
VCE;0840;+0200;1415;+0200;0;LH_1907-LH_1802
VCE;1730;+0200;2310;+0200;0;KL_1656-KL_1707
VCE;1110;+0200;1700;+0200;0;AZ_1472-AZ_60
VCE;1800;+0200;2350;+0200;0;AZ_1480-AZ_64
VCE;1015;+0200;1615;+0200;0;LH_325-LH_6800
VCE;1005;+0200;1610;+0200;0;AF_1127-AF_1700
VCE;1000;+0200;1610;+0200;0;AF_1127-AF_1700
VCE;1415;+0200;2025;+0200;0;JK_8994-JK_118
VCE;1415;+0200;2025;+0200;0;LH_327-LH_6802
VCE;1335;+0200;1950;+0200;0;BA_579-BA_7065
VCE;1220;+0200;1845;+0200;0;AF_1427-AF_1900
VCE;1510;+0200;2145;+0200;0;AF_1727-AF_2100
VCE;1020;+0200;1700;+0200;0;AZ_1466-AZ_60
VCE;1235;+0200;1950;+0200;0;KL_1654-KL_1709
VCE;1245;+0200;2000;+0200;0;TP_877-TP_1018
DUB;1445;+0100;1810;+0200;0;IB_8071
DUB;1715;+0100;2310;+0200;0;KL_3160-KL_1707
DUB;1130;+0100;1730;+0200;0;KL_3156-KL_1705
DUB;0600;+0100;1205;+0200;0;KL_3152-KL_1701
DUB;1340;+0100;1950;+0200;0;BA_5966-BA_7065
DUB;1550;+0100;2200;+0200;0;BA_5974-BA_7057
DUB;1200;+0100;1815;+0200;0;LH_979-LH_1116
DUB;1440;+0100;2055;+0200;0;BA_5968-BA_7059
DUB;1330;+0100;1950;+0200;0;KL_3158-KL_1709
DUB;1210;+0100;1840;+0200;0;BA_5964-BA_462
DUB;0850;+0100;1535;+0200;0;BA_5956-BA_7061
DUB;1210;+0100;1855;+0200;0;BA_5964-BA_7063
DUB;1500;+0100;2145;+0200;0;UX_3578-UX_3442
DUB;1500;+0100;2145;+0200;0;AF_5009-AF_2100
DUB;0640;+0100;1330;+0200;0;BA_5952-BA_458
DUB;1155;+0100;1845;+0200;0;AF_5005-AF_1900
DUB;1155;+0100;1845;+0200;0;UX_3576-UX_3440
DUB;0910;+0100;1610;+0200;0;UX_3574-UX_3436
DUB;0910;+0100;1610;+0200;0;AF_5001-AF_1700
DUB;1340;+0100;2055;+0200;0;BA_5966-BA_7059
DUB;1440;+0100;2200;+0200;0;BA_5968-BA_7057
DUB;0650;+0100;1425;+0200;0;LH_983-LH_1114
DUB;0950;+0100;1725;+0200;0;BA_5958-BA_464
DUB;0950;+0100;1730;+0200;0;BA_5958-BA_460
DUB;0950;+0100;1730;+0200;0;BA_5958-BA_464
DUB;1210;+0100;1950;+0200;0;BA_5964-BA_7065
DUB;0945;+0100;1730;+0200;0;KL_3154-KL_1705
DUB;1105;+0100;1850;+0200;0;SK_538-SK_9926
DUB;0730;+0100;1535;+0200;0;BA_5954-BA_7061
DUB;1245;+0100;2055;+0200;0;BA_5836-BA_7059
DUB;0620;+0100;1440;+0200;0;UX_3572-UX_3434
DUB;0620;+0100;1440;+0200;0;AF_5003-AF_1600
DUB;0910;+0100;1730;+0200;0;UX_3574-UX_3438
DUB;0910;+0100;1730;+0200;0;AF_5001-AF_1800
DUB;1130;+0100;1950;+0200;0;KL_3156-KL_1709
DUB;1340;+0100;2200;+0200;0;BA_5966-BA_7057
DUB;1340;+0100;2200;+0200;0;BA_5966-BA_8755
DUB;1115;+0100;1940;+0200;0;LX_401-LX_2032
DUB;1155;+0100;2020;+0200;0;AF_5005-AF_2000
DUB;1155;+0100;2020;+0200;0;UX_3576-UX_3446
DUB;1200;+0100;2025;+0200;0;LH_979-LH_6802
DUB;0850;+0100;1725;+0200;0;BA_5956-BA_464
DUB;0850;+0100;1730;+0200;0;BA_5956-BA_464
DUB;0850;+0100;1730;+0200;0;BA_5956-BA_460
DUB;0840;+0100;1725;+0200;0;BA_5832-BA_464
DUB;1210;+0100;2055;+0200;0;BA_5964-BA_7059
LYS;0705;+0200;0855;+0200;0;IB_8709
LYS;1155;+0200;1345;+0200;0;IB_8711
LYS;1410;+0200;1600;+0200;0;IB_8715
LYS;2010;+0200;2200;+0200;0;IB_8713
LYS;1535;+0200;1920;+0200;0;UX_3454-UX_3968
LYS;0730;+0200;1140;+0200;0;AF_7651-AF_1300
LYS;0835;+0200;1255;+0200;0;UX_3456-UX_2154
LYS;0635;+0200;1115;+0200;0;TP_477-TP_1012
LYS;1715;+0200;2155;+0200;0;LH_2251-LH_1806
LYS;1700;+0200;2145;+0200;0;AF_7645-AF_2100
LYS;1450;+0200;1940;+0200;0;LX_533-LX_2032
LYS;0640;+0200;1135;+0200;0;LH_2255-LH_1800
LYS;1350;+0200;1845;+0200;0;AF_7643-AF_1900
LYS;0835;+0200;1340;+0200;0;UX_3456-UX_2153
LYS;1845;+0200;2350;+0200;0;BD_3087-BD_2920
LYS;1845;+0200;2350;+0200;0;LH_1079-LH_1120
LYS;0655;+0200;1205;+0200;0;KL_2024-KL_1701
LYS;1215;+0200;1725;+0200;0;BA_361-BA_464
LYS;1215;+0200;1725;+0200;0;AA_6715-AA_6283
LYS;0815;+0200;1330;+0200;0;BA_365-BA_458
LYS;0815;+0200;1330;+0200;0;AA_6717-AA_6278
LYS;0815;+0200;1330;+0200;0;QF_3532-QF_3379
LYS;0900;+0200;1415;+0200;0;LH_2247-LH_1802
LYS;0925;+0200;1440;+0200;0;AF_7653-AF_1600
LYS;1215;+0200;1730;+0200;0;BA_361-BA_464
LYS;1045;+0200;1610;+0200;0;AF_7641-AF_1700
LYS;1745;+0200;2310;+0200;0;KL_2028-KL_1707
LYS;1155;+0200;1725;+0200;0;AA_6715-AA_6283
LYS;1200;+0200;1730;+0200;0;KL_2030-KL_1705
LYS;1455;+0200;2025;+0200;0;LH_1077-LH_6802
LYS;1250;+0200;1825;+0200;0;TU_851-TU_606
LYS;0600;+0200;1140;+0200;0;LH_1083-LH_1112
LYS;1655;+0200;2240;+0200;0;AF_7415-AF_1730
LYS;1025;+0200;1615;+0200;0;LH_1075-LH_6800
LYS;1055;+0200;1650;+0200;0;BD_5368-BD_5313
LYS;1055;+0200;1650;+0200;0;SN_3588-SN_3727
LYS;1640;+0200;2245;+0200;0;SN_3590-SN_3731
LYS;1640;+0200;2245;+0200;0;BD_5360-BD_5317
LYS;0630;+0200;1240;+0200;0;AF_7401-AF_1530
LYS;0730;+0200;1340;+0200;0;AF_7651-AF_1430
LYS;0815;+0200;1430;+0200;0;AA_6717-AA_5615
LYS;1215;+0200;1840;+0200;0;BA_361-BA_462
LYS;1215;+0200;1840;+0200;0;AA_6715-AA_6282
LYS;1535;+0200;2200;+0200;0;UX_3454-UX_2159
LYS;1350;+0200;2020;+0200;0;AF_7643-AF_2000
LYS;1215;+0200;1855;+0200;0;BA_361-BA_7063
LYS;0925;+0200;1610;+0200;0;AF_7653-AF_1700
LYS;1045;+0200;1730;+0200;0;AF_7641-AF_1800
LYS;1155;+0200;1840;+0200;0;AA_6715-AA_6282
GVA;0700;+0200;0855;+0200;0;LX_2042
GVA;0700;+0200;0855;+0200;0;JK_9538
GVA;1155;+0200;1350;+0200;0;IB_3483
GVA;1520;+0200;1715;+0200;0;IB_3487
GVA;1705;+0200;1900;+0200;0;LX_2048
GVA;1835;+0200;2030;+0200;0;IB_3493
GVA;1135;+0200;1335;+0200;0;UX_1642
GVA;1700;+0200;1900;+0200;0;JK_9540
GVA;1810;+0200;2010;+0200;0;UX_1644
GVA;0815;+0200;1025;+0200;0;IB_3489
GVA;1820;+0200;2210;+0200;0;JK_9526-JK_445
GVA;0840;+0200;1240;+0200;0;LG_8362-LG_3833
GVA;1205;+0200;1610;+0200;0;AF_1843-AF_1700
GVA;0730;+0200;1140;+0200;0;AF_1243-AF_1300
GVA;1030;+0200;1440;+0200;0;AF_1643-AF_1600
GVA;1200;+0200;1610;+0200;0;AF_1843-AF_1700
GVA;0650;+0200;1125;+0200;0;SN_2724-SN_3721
GVA;1010;+0200;1445;+0200;0;LX_2807-LX_2026
GVA;1340;+0200;1815;+0200;0;BD_3115-BD_2916
GVA;1340;+0200;1815;+0200;0;LH_1217-LH_1116
GVA;1505;+0200;1940;+0200;0;LX_2813-LX_2032
GVA;1400;+0200;1845;+0200;0;AF_2043-AF_1900
GVA;1400;+0200;1845;+0200;0;UX_3590-UX_3440
GVA;1700;+0200;2145;+0200;0;UX_3594-UX_3442
GVA;1700;+0200;2145;+0200;0;AF_2343-AF_2100
GVA;0645;+0200;1135;+0200;0;LH_2391-LH_1800
GVA;1350;+0200;1845;+0200;0;TP_939-TP_1004
GVA;1525;+0200;2020;+0200;0;UX_3592-UX_3446
GVA;1525;+0200;2020;+0200;0;AF_2143-AF_2000
GVA;1700;+0200;2155;+0200;0;LH_2385-LH_1806
GVA;1110;+0200;1615;+0200;0;LH_1215-LH_6800
GVA;0915;+0200;1425;+0200;0;BD_3099-BD_2918
GVA;0915;+0200;1425;+0200;0;LH_1213-LH_1114
GVA;1840;+0200;2350;+0200;0;AZ_577-AZ_64
GVA;0900;+0200;1415;+0200;0;LH_2381-LH_1802
GVA;1240;+0200;1755;+0200;0;JK_9542-JK_443
GVA;1510;+0200;2025;+0200;0;LH_1219-LH_6802
GVA;1835;+0200;2350;+0200;0;BD_3119-BD_2920
GVA;1835;+0200;2350;+0200;0;LH_1223-LH_1120
GVA;1725;+0200;2245;+0200;0;BD_5280-BD_5317
GVA;1200;+0200;1725;+0200;0;AA_6337-AA_6283
GVA;1200;+0200;1725;+0200;0;BA_727-BA_464
GVA;1205;+0200;1730;+0200;0;AF_1843-AF_1800
GVA;1205;+0200;1730;+0200;0;TP_947-TP_1016
GVA;1720;+0200;2245;+0200;0;SN_2720-SN_3731
GVA;1130;+0200;1700;+0200;0;AZ_575-AZ_60
GVA;1200;+0200;1730;+0200;0;AF_1843-AF_1800
GVA;1200;+0200;1730;+0200;0;BA_727-BA_464
GVA;1200;+0200;1730;+0200;0;UX_3588-UX_3438
GVA;1155;+0200;1730;+0200;0;KL_1928-KL_1705
GVA;0900;+0200;1440;+0200;0;UX_3584-UX_3434
GVA;0900;+0200;1440;+0200;0;AF_1543-AF_1600
GVA;1030;+0200;1610;+0200;0;UX_3586-UX_3436
GVA;1030;+0200;1610;+0200;0;AF_1643-AF_1700
GVA;1400;+0200;1940;+0200;0;LX_2811-LX_2032
GVA;1410;+0200;1950;+0200;0;KL_1930-KL_1709
GVA;1515;+0200;2055;+0200;0;JL_7706-JL_7841
GVA;1515;+0200;2055;+0200;0;BA_731-BA_7059
GVA;0710;+0200;1255;+0200;0;JK_9524-JK_7554
GVA;1015;+0200;1600;+0200;0;AA_6335-AA_6280
GVA;0730;+0200;1330;+0200;0;BA_723-BA_458
GVA;0730;+0200;1330;+0200;0;QF_3658-QF_3379
GVA;0730;+0200;1330;+0200;0;AA_6333-AA_6278
GVA;1350;+0200;1950;+0200;0;BA_729-BA_7065
GVA;1750;+0200;2350;+0200;0;LH_1221-LH_1120
GVA;1750;+0200;2350;+0200;0;NH_6106-NH_6141
GVA;1750;+0200;2350;+0200;0;BD_3103-BD_2920
GVA;0910;+0200;1515;+0200;0;KL_1926-KL_1703
GVA;1045;+0200;1650;+0200;0;BD_5274-BD_5313
GVA;1045;+0200;1650;+0200;0;SN_2714-SN_3727
GVA;1705;+0200;2310;+0200;0;KL_1932-KL_1707
GVA;0730;+0200;1340;+0200;0;UX_3582-UX_1020
GVA;0730;+0200;1340;+0200;0;AF_1243-AF_1430
GVA;1035;+0200;1650;+0200;0;SN_2714-SN_3727
VIE;0545;+0200;0835;+0200;0;HG_8376
VIE;0545;+0200;0835;+0200;0;AB_8376
VIE;0725;+0200;1020;+0200;0;IB_8477
VIE;0725;+0200;1025;+0200;0;IB_3573
VIE;1225;+0200;1525;+0200;0;IB_3577
VIE;1930;+0200;2230;+0200;0;IB_3575
VIE;1300;+0200;1720;+0200;0;OS_7233-OS_7451
VIE;1300;+0200;1720;+0200;0;LH_2329-LH_1804
VIE;1145;+0200;1620;+0200;0;AB_9138-AB_7740
VIE;1140;+0200;1620;+0200;0;AB_3252-AB_7740
VIE;1000;+0200;1445;+0200;0;LX_1575-LX_2026
VIE;1315;+0200;1805;+0200;0;OS_123-OS_7457
VIE;1450;+0200;1940;+0200;0;LX_1579-LX_2032
VIE;1535;+0200;2025;+0200;0;LH_6339-LH_6802
VIE;1310;+0200;1805;+0200;0;OS_123-OS_7457
VIE;0915;+0200;1415;+0200;0;LH_2325-LH_1802
VIE;0915;+0200;1415;+0200;0;OS_7231-OS_7449
VIE;1315;+0200;1815;+0200;0;LH_6333-LH_1116
VIE;0630;+0200;1135;+0200;0;OS_111-OS_7447
VIE;0630;+0200;1135;+0200;0;LH_6325-LH_1800
VIE;0905;+0200;1410;+0200;0;LH_3099-LH_3296
VIE;1310;+0200;1815;+0200;0;LH_6333-LH_1116
VIE;1510;+0200;2015;+0200;0;SN_6004-SN_3729
VIE;1510;+0200;2015;+0200;0;BD_2833-BD_5315
VIE;1650;+0200;2155;+0200;0;LH_6327-LH_1806
VIE;1650;+0200;2155;+0200;0;OS_115-OS_7453
VIE;1650;+0200;2155;+0200;0;NH_6303-NH_6097
VIE;0910;+0200;1425;+0200;0;LH_6917-LH_1114
VIE;1740;+0200;2255;+0200;0;LH_6355-LH_3294
VIE;0620;+0200;1140;+0200;0;LH_1247-LH_1112
VIE;0620;+0200;1140;+0200;0;OS_7201-OS_7455
VIE;0620;+0200;1140;+0200;0;UA_8959-UA_9358
VIE;1055;+0200;1615;+0200;0;LH_1235-LH_6800
VIE;1725;+0200;2245;+0200;0;BD_2835-BD_5317
VIE;1725;+0200;2245;+0200;0;SN_6006-SN_3731
VIE;1830;+0200;2350;+0200;0;LH_1241-LH_1120
VIE;1830;+0200;2350;+0200;0;OS_7209-OS_7459
VIE;1830;+0200;2350;+0200;0;AZ_191-AZ_64
VIE;1455;+0200;2020;+0200;0;AF_1657-AF_2000
VIE;0850;+0200;1425;+0200;0;UA_9340-UA_9229
VIE;0850;+0200;1425;+0200;0;LH_1233-LH_1114
VIE;0850;+0200;1425;+0200;0;BD_2981-BD_2918
VIE;1450;+0200;2025;+0200;0;LH_1239-LH_6802
VIE;0935;+0200;1515;+0200;0;KL_1840-KL_1703
VIE;1410;+0200;1950;+0200;0;KL_1846-KL_1709
VIE;0850;+0200;1435;+0200;0;OS_7259-OS_7461
VIE;0850;+0200;1435;+0200;0;UA_9340-UA_9229
VIE;1005;+0200;1610;+0200;0;AF_1139-AF_1700
VIE;1535;+0200;2145;+0200;0;AF_1739-AF_2100
VIE;1740;+0200;2350;+0200;0;NH_6330-NH_6141
VIE;1740;+0200;2350;+0200;0;LH_6335-LH_1120
VIE;1740;+0200;2350;+0200;0;OS_125-OS_7459
VIE;1100;+0200;1720;+0200;0;OS_7239-OS_7451
VIE;1100;+0200;1720;+0200;0;LH_2327-LH_1804
VIE;1315;+0200;1940;+0200;0;LG_8856-LG_3837
VIE;1415;+0200;2055;+0200;0;JL_7728-JL_7841
VIE;1415;+0200;2055;+0200;0;BA_701-BA_7059
VIE;0720;+0200;1410;+0200;0;LH_6361-LH_3296
VIE;0740;+0200;1430;+0200;0;AA_6642-AA_5615
VIE;0840;+0200;1530;+0200;0;LO_5222-LO_433
VIE;1150;+0200;1840;+0200;0;BA_697-BA_462
VIE;1455;+0200;2145;+0200;0;AF_1657-AF_2100
VIE;0715;+0200;1410;+0200;0;LH_6361-LH_3296
VIE;1140;+0200;1840;+0200;0;AA_6640-AA_6282
VIE;0910;+0200;1615;+0200;0;LH_6917-LH_6800
VIE;1150;+0200;1855;+0200;0;BA_697-BA_7063
VIE;1535;+0200;2240;+0200;0;AF_1739-AF_1730
VIE;0940;+0200;1650;+0200;0;BD_5492-BD_5313
VIE;0940;+0200;1650;+0200;0;SN_2902-SN_3727
VIE;1055;+0200;1805;+0200;0;OS_7203-OS_7457
VIE;1055;+0200;1805;+0200;0;UA_8961-UA_9359
VIE;1315;+0200;2025;+0200;0;LH_6333-LH_6802
VIE;1310;+0200;2025;+0200;0;LH_6333-LH_6802
VIE;1055;+0200;1815;+0200;0;BD_2989-BD_2916
VIE;1055;+0200;1815;+0200;0;LH_1235-LH_1116
VIE;0700;+0200;1425;+0200;0;LH_6331-LH_1114
VIE;0720;+0200;1445;+0200;0;LX_3551-LX_2026
VIE;0850;+0200;1615;+0200;0;LH_1233-LH_6800
VIE;1005;+0200;1730;+0200;0;AF_1139-AF_1800
VIE;1035;+0200;1805;+0200;0;RO_342-RO_413
HEL;1700;+0300;2025;+0200;0;IB_7425
HEL;1700;+0300;2025;+0200;0;AY_3183
HEL;1640;+0300;2125;+0200;0;IB_7437-IB_3205
HEL;0720;+0300;1215;+0200;0;SK_713-SK_581
HEL;1850;+0300;2350;+0200;0;LH_851-LH_1120
HEL;1850;+0300;2350;+0200;0;SK_3615-SK_3587
HEL;0830;+0300;1335;+0200;0;MA_745-MA_580
HEL;1300;+0300;1805;+0200;0;UA_9049-UA_9359
HEL;1705;+0300;2210;+0200;0;KF_5801-KF_5811
HEL;1705;+0300;2210;+0200;0;JK_322-JK_445
HEL;1805;+0300;2310;+0200;0;KL_1170-KL_1707
HEL;1725;+0300;2235;+0200;0;IB_7435-IB_6769
HEL;0925;+0300;1440;+0200;0;AF_1499-AF_1600
HEL;1215;+0300;1730;+0200;0;AF_1099-AF_1800
HEL;1300;+0300;1815;+0200;0;LH_847-LH_1116
HEL;1300;+0300;1815;+0200;0;BD_3121-BD_2916
HEL;0905;+0300;1425;+0200;0;BD_3125-BD_2918
HEL;0905;+0300;1425;+0200;0;LH_853-LH_1114
HEL;0905;+0300;1425;+0200;0;UA_9047-UA_9229
HEL;1330;+0300;1850;+0200;0;IB_7415-IB_3321
HEL;1720;+0300;2245;+0200;0;KF_33-KF_5433
HEL;1720;+0300;2245;+0200;0;SN_6756-SN_3731
HEL;0635;+0300;1205;+0200;0;KL_1164-KL_1701
HEL;0905;+0300;1435;+0200;0;UA_9047-UA_9229
HEL;1615;+0300;2145;+0200;0;IB_7433-IB_3249
HEL;0640;+0300;1215;+0200;0;SK_6540-SK_581
HEL;1450;+0300;2025;+0200;0;SK_3675-SK_9931
HEL;1450;+0300;2025;+0200;0;LH_849-LH_6802
HEL;1605;+0300;2145;+0200;0;AF_1799-AF_2100
HEL;0805;+0300;1350;+0200;0;IB_7429-IB_3483
HEL;1405;+0300;1950;+0200;0;BA_6079-BA_7065
HEL;1405;+0300;1950;+0200;0;KL_1168-KL_1709
HEL;1710;+0300;2300;+0200;0;6X_9501-6X_9508
HEL;1250;+0300;1850;+0200;0;SK_717-SK_9926
HEL;1600;+0300;2200;+0200;0;BA_6033-BA_7057
HEL;0820;+0300;1425;+0200;0;UA_9047-UA_9229
HEL;1125;+0300;1730;+0200;0;KL_1166-KL_1705
HEL;1315;+0300;1920;+0200;0;LH_2971-LH_3292
HEL;1645;+0300;2255;+0200;0;OK_481-OK_702
HEL;1645;+0300;2255;+0200;0;KE_7640-KE_7685
HEL;0820;+0300;1435;+0200;0;UA_9047-UA_9229
HEL;1645;+0300;2300;+0200;0;KE_7640-KE_7685
HEL;1725;+0300;2345;+0200;0;IB_7435-IB_6771
HEL;0800;+0300;1430;+0200;0;AA_6047-AA_5615
HEL;0820;+0300;1450;+0200;0;IB_7436-IB_3507
HEL;1215;+0300;1845;+0200;0;AF_1099-AF_1900
HEL;0750;+0300;1430;+0200;0;AA_6539-AA_5615
HEL;0925;+0300;1610;+0200;0;AF_1499-AF_1700
HEL;1215;+0300;1900;+0200;0;6X_3617-6X_3868
HEL;1200;+0300;1850;+0200;0;SK_6691-SK_9926
HEL;1405;+0300;2055;+0200;0;BA_6079-BA_7059
HEL;0735;+0300;1430;+0200;0;IB_7421-IB_3203
HEL;0735;+0300;1440;+0200;0;AF_2299-AF_1600
HEL;0905;+0300;1615;+0200;0;SK_3607-SK_9916
HEL;0905;+0300;1615;+0200;0;LH_853-LH_6800
HEL;0655;+0300;1415;+0200;0;LH_2467-LH_1802
HEL;1300;+0300;2025;+0200;0;LH_847-LH_6802
HEL;0655;+0300;1425;+0200;0;UA_8736-UA_9229
HEL;0655;+0300;1425;+0200;0;LH_855-LH_1114
HEL;0800;+0300;1535;+0200;0;BA_6031-BA_7061
HEL;0655;+0300;1435;+0200;0;UA_8736-UA_9229
HEL;0755;+0300;1535;+0200;0;BA_795-BA_7061
HEL;0630;+0300;1425;+0200;0;UA_8736-UA_9229
HEL;1405;+0300;2200;+0200;0;BA_6079-BA_7057
HEL;0800;+0300;1600;+0200;0;AA_6047-AA_6280
HEL;0630;+0300;1435;+0200;0;UA_8736-UA_9229
HEL;0925;+0300;1730;+0200;0;AF_1499-AF_1800
HEL;1215;+0300;2020;+0200;0;AF_1099-AF_2000
HEL;0750;+0300;1600;+0200;0;AA_6539-AA_6280
HEL;1125;+0300;1950;+0200;0;KL_1166-KL_1709
HEL;0535;+0300;1405;+0200;0;TP_797-TP_1014
HEL;0735;+0300;1610;+0200;0;AF_2299-AF_1700
HEL;0635;+0300;1515;+0200;0;KL_1164-KL_1703
HEL;1305;+0300;2155;+0200;0;LH_2463-LH_1806
HEL;0905;+0300;1805;+0200;0;UA_9047-UA_9359
HEL;1450;+0300;2350;+0200;0;LH_849-LH_1120
HEL;1450;+0300;2350;+0200;0;NH_6172-NH_6141
HEL;1450;+0300;2350;+0200;0;SK_3675-SK_3587
HEL;1405;+0300;2310;+0200;0;KL_1168-KL_1707
HEL;0805;+0300;1715;+0200;0;IB_7429-IB_3487
HEL;0905;+0300;1815;+0200;0;LH_853-LH_1116
HEL;0905;+0300;1815;+0200;0;BD_3125-BD_2916
HEL;0925;+0300;1835;+0200;0;AF_1499-AF_1630
HEL;0940;+0300;1850;+0200;0;SK_1715-SK_9926
HAM;1110;+0200;1410;+0200;0;JK_8860
HAM;1110;+0200;1410;+0200;0;LH_3296
HAM;0710;+0200;1140;+0200;0;AF_2511-AF_1300
HAM;1010;+0200;1440;+0200;0;AF_1411-AF_1600
HAM;1300;+0200;1730;+0200;0;AF_1711-AF_1800
HAM;1815;+0200;2245;+0200;0;SN_2628-SN_3731
HAM;1815;+0200;2245;+0200;0;BD_5388-BD_5317
HAM;1815;+0200;2245;+0200;0;LH_5580-LH_5666
HAM;0650;+0200;1125;+0200;0;LH_5586-LH_5660
HAM;0650;+0200;1125;+0200;0;9W_6024-9W_6021
HAM;0650;+0200;1125;+0200;0;SN_2630-SN_3721
HAM;1235;+0200;1720;+0200;0;LH_2067-LH_1804
HAM;1800;+0200;2245;+0200;0;SN_2628-SN_3731
HAM;1800;+0200;2245;+0200;0;LH_5580-LH_5666
HAM;1825;+0200;2310;+0200;0;KL_1784-KL_1707
HAM;0640;+0200;1135;+0200;0;LH_2087-LH_1800
HAM;0645;+0200;1140;+0200;0;LH_31-LH_1112
HAM;1125;+0200;1620;+0200;0;AB_9332-AB_7740
HAM;1300;+0200;1755;+0200;0;JK_144-JK_443
HAM;1445;+0200;1940;+0200;0;LX_1057-LX_2032
HAM;0915;+0200;1415;+0200;0;LH_2061-LH_1802
HAM;0925;+0200;1425;+0200;0;LH_9-LH_1114
HAM;0945;+0200;1445;+0200;0;LX_1051-LX_2026
HAM;1115;+0200;1615;+0200;0;JK_8818-JK_126
HAM;1120;+0200;1620;+0200;0;AB_3132-AB_7740
HAM;1515;+0200;2015;+0200;0;SN_2626-SN_3729
HAM;1850;+0200;2350;+0200;0;LH_25-LH_1120
HAM;0855;+0200;1400;+0200;0;OK_543-OK_700
HAM;1110;+0200;1615;+0200;0;LH_13-LH_6800
HAM;1520;+0200;2025;+0200;0;LH_19-LH_6802
HAM;1520;+0200;2025;+0200;0;JK_8872-JK_118
HAM;1440;+0200;1950;+0200;0;KL_1782-KL_1709
HAM;1135;+0200;1650;+0200;0;LH_5582-LH_5662
HAM;1135;+0200;1650;+0200;0;SN_2624-SN_3727
HAM;1335;+0200;1850;+0200;0;SK_1648-SK_9926
HAM;1205;+0200;1730;+0200;0;KL_1780-KL_1705
HAM;1630;+0200;2155;+0200;0;LH_2073-LH_1806
HAM;1120;+0200;1650;+0200;0;BD_5394-BD_5313
HAM;1120;+0200;1650;+0200;0;SN_2624-SN_3727
HAM;1120;+0200;1650;+0200;0;LH_5582-LH_5662
HAM;1500;+0200;2030;+0200;0;UX_3761-UX_1094
HAM;0605;+0200;1140;+0200;0;LH_1-LH_1112
HAM;1415;+0200;1950;+0200;0;BA_969-BA_7065
HAM;0635;+0200;1215;+0200;0;SK_648-SK_581
HAM;0835;+0200;1415;+0200;0;LH_2059-LH_1802
HAM;1810;+0200;2350;+0200;0;LH_23-LH_1120
HAM;0840;+0200;1425;+0200;0;LH_7-LH_1114
HAM;1300;+0200;1845;+0200;0;AF_1711-AF_1900
HAM;1225;+0200;1815;+0200;0;LH_15-LH_1116
HAM;0610;+0200;1205;+0200;0;KL_1776-KL_1701
HAM;1010;+0200;1610;+0200;0;AF_1411-AF_1700
HAM;1655;+0200;2255;+0200;0;LH_2715-LH_3294
HAM;1010;+0200;1615;+0200;0;LH_11-LH_6800
HAM;1110;+0200;1720;+0200;0;JK_8837-JK_9324
HAM;1110;+0200;1720;+0200;0;LH_2065-LH_1804
HAM;1115;+0200;1725;+0200;0;BA_965-BA_464
HAM;1115;+0200;1725;+0200;0;AA_6405-AA_6283
HAM;1115;+0200;1730;+0200;0;BA_965-BA_460
HAM;1115;+0200;1730;+0200;0;BA_965-BA_464
HAM;0805;+0200;1425;+0200;0;LH_5-LH_1114
HAM;1300;+0200;1920;+0200;0;JK_144-JK_429
HAM;0705;+0200;1330;+0200;0;QF_3520-QF_3379
HAM;0705;+0200;1330;+0200;0;BA_963-BA_458
HAM;0705;+0200;1330;+0200;0;AA_6608-AA_6278
HAM;0850;+0200;1515;+0200;0;KL_1778-KL_1703
HAM;1400;+0200;2025;+0200;0;LH_17-LH_6802
HAM;0710;+0200;1340;+0200;0;AF_2511-AF_1430
HAM;1615;+0200;2245;+0200;0;BD_5396-BD_5317
HAM;1615;+0200;2245;+0200;0;SN_2626-SN_3731
HAM;1615;+0200;2245;+0200;0;LH_5584-LH_5666
HAM;1300;+0200;1940;+0200;0;LX_3647-LX_2032
HAM;1415;+0200;2055;+0200;0;JL_7726-JL_7841
HAM;1415;+0200;2055;+0200;0;BA_969-BA_7059
HAM;0730;+0200;1415;+0200;0;LH_2083-LH_1802
HAM;0735;+0200;1425;+0200;0;LH_3-LH_1114
HAM;0925;+0200;1615;+0200;0;LH_9-LH_6800
HAM;1700;+0200;2350;+0200;0;LH_21-LH_1120
HAM;0835;+0200;1530;+0200;0;LO_400-LO_433
HAM;1500;+0200;2155;+0200;0;LH_2071-LH_1806
HAM;1020;+0200;1720;+0200;0;LH_2063-LH_1804
HAM;1115;+0200;1815;+0200;0;JK_8818-JK_8904
HAM;0735;+0200;1440;+0200;0;AF_2511-AF_1600
HAM;1110;+0200;1815;+0200;0;LH_13-LH_1116
HAM;1215;+0200;1920;+0200;0;LH_2711-LH_3292
TLS;0700;+0200;0820;+0200;0;IB_8765
TLS;1000;+0200;1120;+0200;0;IB_8775
TLS;1140;+0200;1300;+0200;0;IB_8767
TLS;1655;+0200;1815;+0200;0;IB_8771
TLS;1900;+0200;2020;+0200;0;IB_8773
TLS;1005;+0200;1400;+0200;0;IB_5676-IB_2751
TLS;0715;+0200;1140;+0200;0;AF_7793-AF_1300
TLS;0815;+0200;1240;+0200;0;AF_6153-AF_1530
TLS;0915;+0200;1340;+0200;0;AF_6115-AF_1430
TLS;1815;+0200;2240;+0200;0;AF_6139-AF_1730
TLS;0710;+0200;1140;+0200;0;AF_7793-AF_1300
TLS;1255;+0200;1730;+0200;0;AF_7785-AF_1800
TLS;1250;+0200;1730;+0200;0;TP_491-TP_1016
TLS;1800;+0200;2240;+0200;0;AF_6157-AF_1730
TLS;1005;+0200;1455;+0200;0;IB_5676-IB_6767
TLS;1345;+0200;1835;+0200;0;AF_6123-AF_1630
TLS;0745;+0200;1240;+0200;0;AF_6107-AF_1530
TLS;0845;+0200;1340;+0200;0;AF_6111-AF_1430
TLS;1155;+0200;1650;+0200;0;BD_5428-BD_5313
TLS;1155;+0200;1650;+0200;0;SN_3668-SN_3727
TLS;1735;+0200;2235;+0200;0;IB_8797-IB_119
TLS;0625;+0200;1135;+0200;0;LH_2223-LH_1800
TLS;1210;+0200;1720;+0200;0;LH_2215-LH_1804
TLS;1730;+0200;2240;+0200;0;AF_6137-AF_1730
TLS;1840;+0200;2350;+0200;0;LH_1099-LH_1120
TLS;1050;+0200;1610;+0200;0;AF_7795-AF_1700
TLS;0715;+0200;1240;+0200;0;AF_6105-AF_1530
TLS;0815;+0200;1340;+0200;0;AF_6153-AF_1430
TLS;1715;+0200;2240;+0200;0;AF_6135-AF_1730
TLS;1720;+0200;2245;+0200;0;SN_3670-SN_3731
TLS;1155;+0200;1725;+0200;0;BA_373-BA_464
TLS;1155;+0200;1725;+0200;0;AA_6270-AA_6283
TLS;1615;+0200;2145;+0200;0;AF_7787-AF_2100
TLS;1155;+0200;1730;+0200;0;BA_373-BA_464
TLS;1450;+0200;2025;+0200;0;LH_1097-LH_6802
TLS;1815;+0200;2350;+0200;0;AZ_367-AZ_64
TLS;1700;+0200;2245;+0200;0;BD_5424-BD_5317
TLS;1245;+0200;1835;+0200;0;AF_6121-AF_1630
TLS;1255;+0200;1845;+0200;0;AF_7785-AF_1900
TLS;0645;+0200;1240;+0200;0;AF_6103-AF_1530
TLS;0745;+0200;1340;+0200;0;AF_6107-AF_1430
TLS;1005;+0200;1600;+0200;0;IB_5676-IB_2761
TLS;1645;+0200;2240;+0200;0;AF_6133-AF_1730
TLS;1715;+0200;2310;+0200;0;KL_1312-KL_1707
TLS;0605;+0200;1205;+0200;0;KL_1300-KL_1701
TLS;0830;+0200;1430;+0200;0;AA_6274-AA_5615
TLS;1015;+0200;1615;+0200;0;LH_1095-LH_6800
TLS;1535;+0200;2155;+0200;0;LH_2217-LH_1806
TLS;0615;+0200;1240;+0200;0;AF_6101-AF_1530
TLS;0715;+0200;1340;+0200;0;AF_6105-AF_1430
TLS;0715;+0200;1340;+0200;0;AF_7793-AF_1430
TLS;0815;+0200;1440;+0200;0;AF_6153-AF_1600
TLS;0945;+0200;1610;+0200;0;AF_6109-AF_1700
TLS;1615;+0200;2240;+0200;0;AF_6131-AF_1730
TLS;0710;+0200;1340;+0200;0;AF_7793-AF_1430
TLS;1515;+0200;2145;+0200;0;AF_6167-AF_2100
TLS;1345;+0200;2020;+0200;0;AF_6123-AF_2000
TLS;0600;+0200;1240;+0200;0;AF_6155-AF_1530
TLS;1050;+0200;1730;+0200;0;AF_7795-AF_1800
TLS;1045;+0200;1730;+0200;0;AF_6117-AF_1800
TLS;1155;+0200;1840;+0200;0;AA_6270-AA_6282
TLS;1155;+0200;1840;+0200;0;BA_373-BA_462
TLS;1145;+0200;1835;+0200;0;AF_6119-AF_1630
TLS;0645;+0200;1340;+0200;0;AF_6103-AF_1430
TLS;0745;+0200;1440;+0200;0;AF_6107-AF_1600
TLS;0915;+0200;1610;+0200;0;AF_6115-AF_1700
TLS;1545;+0200;2240;+0200;0;AF_6129-AF_1730
TLS;0835;+0200;1535;+0200;0;BA_377-BA_7061
TLS;1145;+0200;1845;+0200;0;AF_6119-AF_1900
TLS;1155;+0200;1855;+0200;0;BA_373-BA_7063
OSL;0710;+0200;1215;+0200;0;SK_1463-SK_581
OSL;1345;+0200;1850;+0200;0;SK_1469-SK_9926
OSL;0900;+0200;1410;+0200;0;LH_2957-LH_3296
OSL;1725;+0200;2245;+0200;0;SN_2284-SN_3731
OSL;1150;+0200;1720;+0200;0;LH_2451-LH_1804
OSL;1320;+0200;1850;+0200;0;SK_3051-SK_9926
OSL;1420;+0200;1950;+0200;0;KL_1146-KL_1709
OSL;0630;+0200;1205;+0200;0;KL_1140-KL_1701
OSL;1155;+0200;1730;+0200;0;KL_1144-KL_1705
OSL;1410;+0200;1950;+0200;0;KL_1218-KL_1709
OSL;0930;+0200;1515;+0200;0;KL_1142-KL_1703
OSL;1025;+0200;1615;+0200;0;SK_3623-SK_9916
OSL;1025;+0200;1615;+0200;0;LH_859-LH_6800
OSL;1720;+0200;2310;+0200;0;KL_1148-KL_1707
OSL;0610;+0200;1205;+0200;0;KL_1212-KL_1701
OSL;0615;+0200;1215;+0200;0;SK_3169-SK_581
OSL;1245;+0200;1845;+0200;0;UX_3550-UX_3440
OSL;1245;+0200;1845;+0200;0;AF_2075-AF_1900
OSL;0610;+0200;1215;+0200;0;SK_1461-SK_581
OSL;0610;+0200;1215;+0200;0;JK_9066-JK_9000
OSL;1420;+0200;2025;+0200;0;LH_6281-LH_6802
OSL;1420;+0200;2025;+0200;0;SK_4755-SK_9931
OSL;0750;+0200;1400;+0200;0;OK_449-OK_700
OSL;0800;+0200;1430;+0200;0;AA_6628-AA_5615
OSL;1220;+0200;1850;+0200;0;SK_1467-SK_9926
OSL;1220;+0200;1850;+0200;0;JK_9059-JK_26
OSL;1355;+0200;2025;+0200;0;LH_861-LH_6802
OSL;1355;+0200;2025;+0200;0;SK_3609-SK_9931
OSL;1615;+0200;2245;+0200;0;BD_3795-BD_5317
OSL;0740;+0200;1415;+0200;0;LH_2457-LH_1802
OSL;1155;+0200;1830;+0200;0;IB_7627-IB_3179
OSL;0935;+0200;1615;+0200;0;LH_6231-LH_6800
OSL;0935;+0200;1615;+0200;0;SK_4751-SK_9916
OSL;1615;+0200;2255;+0200;0;LH_6209-LH_3294
OSL;1155;+0200;1840;+0200;0;IB_7627-IB_7447
OSL;1155;+0200;1840;+0200;0;AA_6630-AA_6282
OSL;1155;+0200;1840;+0200;0;BA_763-BA_462
OSL;1155;+0200;1845;+0200;0;IB_7627-IB_3179
OSL;1155;+0200;1855;+0200;0;BA_763-BA_7063
OSL;1645;+0200;2350;+0200;0;LH_6105-LH_1120
OSL;1645;+0200;2350;+0200;0;SK_4757-SK_3587
OSL;1315;+0200;2025;+0200;0;AY_656-AY_3183
OSL;1640;+0200;2350;+0200;0;SK_4757-SK_3587
OSL;0955;+0200;1720;+0200;0;LH_6171-LH_1804
OSL;1155;+0200;1925;+0200;0;IB_7627-IB_3177
OSL;1245;+0200;2020;+0200;0;AF_2075-AF_2000
OSL;1245;+0200;2020;+0200;0;UX_3550-UX_3446
OSL;0755;+0200;1535;+0200;0;BA_761-BA_7061
OSL;0755;+0200;1535;+0200;0;IB_7625-IB_3175
OSL;1025;+0200;1805;+0200;0;UA_8745-UA_9359
OSL;1025;+0200;1815;+0200;0;LH_859-LH_1116
OSL;1025;+0200;1815;+0200;0;BD_2929-BD_2916
OSL;1155;+0200;1950;+0200;0;KL_1144-KL_1709
OSL;1155;+0200;1950;+0200;0;BA_763-BA_7065
OSL;1155;+0200;1950;+0200;0;IB_7627-IB_3177
OSL;1220;+0200;2015;+0200;0;SN_2282-SN_3729
OSL;0625;+0200;1425;+0200;0;UA_9095-UA_9229
OSL;0625;+0200;1425;+0200;0;LH_865-LH_1114
OSL;0800;+0200;1600;+0200;0;AA_6628-AA_6280
OSL;0930;+0200;1730;+0200;0;KL_1142-KL_1705
OSL;1005;+0200;1805;+0200;0;UA_8745-UA_9359
OSL;0635;+0200;1440;+0200;0;UX_3552-UX_3434
OSL;0635;+0200;1440;+0200;0;AF_1275-AF_1600
OSL;0755;+0200;1600;+0200;0;IB_7625-IB_7445
OSL;0625;+0200;1435;+0200;0;UA_9095-UA_9229
OSL;1500;+0200;2310;+0200;0;TP_763-TP_1022
OSL;0740;+0200;1615;+0200;0;SK_4751-SK_9916
OSL;0935;+0200;1815;+0200;0;LH_6231-LH_1116
OSL;0630;+0200;1515;+0200;0;KL_1140-KL_1703
OSL;1005;+0200;1850;+0200;0;SK_1455-SK_9926
OSL;1420;+0200;2310;+0200;0;KL_1146-KL_1707
OSL;0900;+0200;1755;+0200;0;JK_9011-JK_443
OSL;0900;+0200;1755;+0200;0;SK_4685-SK_9852
OSL;0955;+0200;1850;+0200;0;SK_3173-SK_9926
OSL;1130;+0200;2025;+0200;0;SK_4755-SK_9931
OSL;1155;+0200;2055;+0200;0;IB_7627-IB_3171
OSL;1155;+0200;2055;+0200;0;JL_7710-JL_7841
OSL;1155;+0200;2055;+0200;0;BA_763-BA_7059
OSL;1245;+0200;2145;+0200;0;UX_3550-UX_3442
OSL;1245;+0200;2145;+0200;0;AF_2075-AF_2100
OSL;1410;+0200;2310;+0200;0;KL_1218-KL_1707
OSL;0610;+0200;1515;+0200;0;KL_1212-KL_1703
OSL;0800;+0200;1725;+0200;0;AA_6628-AA_6283
OSL;0755;+0200;1725;+0200;0;BA_761-BA_464
OSL;1420;+0200;2350;+0200;0;SK_4755-SK_3587
OSL;1420;+0200;2350;+0200;0;LH_6281-LH_1120
OSL;0635;+0200;1610;+0200;0;AF_1275-AF_1700
OSL;0635;+0200;1610;+0200;0;UX_3552-UX_3436
OSL;0755;+0200;1730;+0200;0;BA_761-BA_460
OSL;0755;+0200;1730;+0200;0;IB_7625-IB_7449
OSL;0755;+0200;1730;+0200;0;BA_761-BA_464
OSL;0915;+0200;1850;+0200;0;SK_455-SK_9926
OSL;0740;+0200;1720;+0200;0;LH_2457-LH_1804
OSL;0935;+0200;1920;+0200;0;LH_2951-LH_3292
OSL;0625;+0200;1615;+0200;0;SK_3645-SK_9916
OSL;0625;+0200;1615;+0200;0;LH_865-LH_6800
OSL;0945;+0200;1940;+0200;0;LX_1211-LX_2032
OSL;1230;+0200;2225;+0200;0;SU_2231-SU_2502
OSL;1245;+0200;2240;+0200;0;AF_2075-AF_1730
OSL;1245;+0200;2240;+0200;0;UX_3550-UX_1026
OSL;1355;+0200;2350;+0200;0;LH_861-LH_1120
OSL;1355;+0200;2350;+0200;0;SK_3609-SK_3587
OSL;1355;+0200;2350;+0200;0;BD_2931-BD_2920
OSL;1355;+0200;2350;+0200;0;NH_6184-NH_6141
OSL;1025;+0200;2025;+0200;0;SK_3623-SK_9931
OSL;1025;+0200;2025;+0200;0;LH_859-LH_6802
ZRH;0740;+0200;0950;+0200;0;IB_3475
ZRH;1150;+0200;1400;+0200;0;IB_3477
ZRH;1905;+0200;2115;+0200;0;IB_3471
ZRH;0710;+0200;0930;+0200;0;JK_9502
ZRH;0715;+0200;0935;+0200;0;LX_2020
ZRH;1225;+0200;1445;+0200;0;JK_9504
ZRH;1225;+0200;1445;+0200;0;LX_2026
ZRH;1720;+0200;1940;+0200;0;LX_2032
ZRH;1720;+0200;1945;+0200;0;JK_9506
ZRH;0710;+0200;1135;+0200;0;LH_5783-LH_1800
ZRH;1730;+0200;2155;+0200;0;LH_2371-LH_1806
ZRH;1730;+0200;2155;+0200;0;NH_6098-NH_6097
ZRH;0705;+0200;1140;+0200;0;LH_5771-LH_1112
ZRH;1340;+0200;1815;+0200;0;LH_1191-LH_1116
ZRH;1340;+0200;1815;+0200;0;BD_3557-BD_2916
ZRH;1135;+0200;1620;+0200;0;AB_9748-AB_7740
ZRH;1905;+0200;2350;+0200;0;LH_5779-LH_1120
ZRH;0950;+0200;1440;+0200;0;AF_5101-AF_1600
ZRH;1720;+0200;2210;+0200;0;JK_9512-JK_445
ZRH;1750;+0200;2245;+0200;0;SN_5114-SN_3731
ZRH;1700;+0200;2200;+0200;0;BA_8766-BA_8755
ZRH;0910;+0200;1415;+0200;0;LH_2367-LH_1802
ZRH;1215;+0200;1720;+0200;0;LH_5785-LH_1804
ZRH;1225;+0200;1730;+0200;0;TP_921-TP_1016
ZRH;1520;+0200;2025;+0200;0;LH_1193-LH_6802
ZRH;0655;+0200;1205;+0200;0;KL_1952-KL_1701
ZRH;0740;+0200;1250;+0200;0;BA_8760-BA_8753
ZRH;1635;+0200;2145;+0200;0;AF_5105-AF_2100
ZRH;1745;+0200;2255;+0200;0;LH_5797-LH_3294
ZRH;0845;+0200;1400;+0200;0;OK_589-OK_700
ZRH;0910;+0200;1425;+0200;0;LH_1185-LH_1114
ZRH;0910;+0200;1425;+0200;0;BD_3561-BD_2918
ZRH;1330;+0200;1845;+0200;0;AF_5103-AF_1900
ZRH;1320;+0200;1840;+0200;0;AA_6485-AA_6282
ZRH;0720;+0200;1255;+0200;0;JK_9508-JK_7554
ZRH;1025;+0200;1600;+0200;0;AA_6470-AA_6280
ZRH;1155;+0200;1730;+0200;0;KL_1958-KL_1705
ZRH;1220;+0200;1755;+0200;0;JK_9510-JK_443
ZRH;1415;+0200;1950;+0200;0;KL_1960-KL_1709
ZRH;1730;+0200;2310;+0200;0;KL_1962-KL_1707
ZRH;1810;+0200;2350;+0200;0;NH_6100-NH_6141
ZRH;1810;+0200;2350;+0200;0;BD_3551-BD_2920
ZRH;1810;+0200;2350;+0200;0;LH_1197-LH_1120
ZRH;1505;+0200;2050;+0200;0;JK_9518-JK_5629
ZRH;0925;+0200;1515;+0200;0;KL_1954-KL_1703
ZRH;1225;+0200;1815;+0200;0;LH_5775-LH_1116
ZRH;1310;+0200;1900;+0200;0;LX_2806-LX_2048
ZRH;1655;+0200;2245;+0200;0;SN_5112-SN_3731
ZRH;1010;+0200;1615;+0200;0;LH_1187-LH_6800
ZRH;0815;+0200;1425;+0200;0;LH_5773-LH_1114
MAN;0630;+0100;1150;+0200;0;6X_4083-6X_7125
MAN;0630;+0100;1150;+0200;0;6X_4083-6X_7135
MAN;0630;+0100;1150;+0200;0;6X_1383-6X_7133
MAN;0630;+0100;1150;+0200;0;6X_1383-6X_7132
MAN;0630;+0100;1150;+0200;0;6X_4083-6X_7113
MAN;0630;+0100;1150;+0200;0;6X_1383-6X_7135
MAN;0630;+0100;1150;+0200;0;6X_1083-6X_3808
MAN;0630;+0100;1150;+0200;0;6X_1083-6X_7125
MAN;0630;+0100;1150;+0200;0;6X_4083-6X_7112
MAN;0630;+0100;1150;+0200;0;6X_1383-6X_7123
MAN;0630;+0100;1150;+0200;0;6X_4083-6X_7123
MAN;0630;+0100;1150;+0200;0;6X_1383-6X_7134
MAN;0630;+0100;1150;+0200;0;6X_1383-6X_7126
MAN;0630;+0100;1150;+0200;0;6X_4083-6X_7122
MAN;0630;+0100;1150;+0200;0;6X_4083-6X_7132
MAN;0630;+0100;1150;+0200;0;6X_1083-6X_7127
MAN;0630;+0100;1150;+0200;0;6X_1383-6X_7128
MAN;0630;+0100;1150;+0200;0;6X_4083-6X_7128
MAN;0630;+0100;1150;+0200;0;6X_4083-6X_7103
MAN;0630;+0100;1150;+0200;0;6X_4083-6X_7133
MAN;0630;+0100;1150;+0200;0;6X_4083-6X_7106
MAN;0630;+0100;1150;+0200;0;6X_4083-6X_7102
MAN;0630;+0100;1150;+0200;0;6X_4083-6X_7126
MAN;0630;+0100;1150;+0200;0;6X_4083-6X_7130
MAN;0630;+0100;1150;+0200;0;6X_1083-6X_7131
MAN;0630;+0100;1150;+0200;0;6X_1383-6X_7120
MAN;0630;+0100;1150;+0200;0;6X_1083-6X_7124
MAN;0630;+0100;1150;+0200;0;6X_4083-6X_3808
MAN;0630;+0100;1150;+0200;0;6X_1083-6X_7122
MAN;0630;+0100;1150;+0200;0;6X_1383-6X_3808
MAN;0630;+0100;1150;+0200;0;6X_1083-6X_7130
MAN;0630;+0100;1150;+0200;0;6X_4083-6X_7111
MAN;0630;+0100;1150;+0200;0;6X_1383-6X_7129
MAN;0630;+0100;1150;+0200;0;6X_4083-6X_7110
MAN;0630;+0100;1150;+0200;0;6X_4083-6X_461
MAN;0630;+0100;1150;+0200;0;6X_1083-6X_7120
MAN;0630;+0100;1150;+0200;0;6X_4083-6X_7115
MAN;0630;+0100;1150;+0200;0;6X_1383-6X_7124
MAN;0630;+0100;1150;+0200;0;6X_1383-6X_7130
MAN;0630;+0100;1150;+0200;0;6X_1083-6X_7135
MAN;0630;+0100;1150;+0200;0;6X_1083-6X_7129
MAN;0630;+0100;1150;+0200;0;6X_4083-6X_460
MAN;0630;+0100;1150;+0200;0;6X_4083-6X_7105
MAN;0630;+0100;1150;+0200;0;6X_1383-6X_7127
MAN;0630;+0100;1150;+0200;0;6X_1083-6X_7134
MAN;0630;+0100;1150;+0200;0;6X_4083-6X_7109
MAN;0630;+0100;1150;+0200;0;6X_1383-6X_7131
MAN;0630;+0100;1150;+0200;0;6X_4083-6X_7108
MAN;0630;+0100;1150;+0200;0;6X_1083-6X_7133
MAN;0630;+0100;1150;+0200;0;6X_1083-6X_7126
MAN;0630;+0100;1150;+0200;0;6X_4083-6X_7129
MAN;0630;+0100;1150;+0200;0;6X_1083-6X_461
MAN;0630;+0100;1150;+0200;0;6X_1383-6X_7121
MAN;0630;+0100;1150;+0200;0;6X_4083-6X_7107
MAN;0630;+0100;1150;+0200;0;6X_4083-6X_7131
MAN;0630;+0100;1150;+0200;0;6X_4083-6X_7127
MAN;0630;+0100;1150;+0200;0;6X_1083-6X_7121
MAN;0630;+0100;1150;+0200;0;6X_4083-6X_7114
MAN;0630;+0100;1150;+0200;0;6X_1383-6X_7122
MAN;0630;+0100;1150;+0200;0;6X_4083-6X_7100
MAN;0630;+0100;1150;+0200;0;6X_4083-6X_7101
MAN;0630;+0100;1150;+0200;0;6X_4083-6X_7124
MAN;0630;+0100;1150;+0200;0;6X_4083-6X_7121
MAN;0630;+0100;1150;+0200;0;6X_4083-6X_7120
MAN;0630;+0100;1150;+0200;0;6X_1083-6X_7123
MAN;0630;+0100;1150;+0200;0;6X_1083-6X_7128
MAN;0630;+0100;1150;+0200;0;6X_1083-6X_7132
MAN;0630;+0100;1150;+0200;0;6X_4083-6X_7104
MAN;0630;+0100;1150;+0200;0;6X_1383-6X_7125
MAN;0630;+0100;1150;+0200;0;6X_1383-6X_461
MAN;0630;+0100;1150;+0200;0;6X_4083-6X_7134
MAN;1740;+0100;2310;+0200;0;KL_1094-KL_1707
MAN;1705;+0100;2255;+0200;0;LH_3431-LH_3294
MAN;1345;+0100;1940;+0200;0;LX_395-LX_2032
MAN;1000;+0100;1600;+0200;0;IB_7677-IB_7445
MAN;1325;+0100;1925;+0200;0;IB_7683-IB_3177
MAN;1400;+0100;2000;+0200;0;TP_321-TP_1018
MAN;0600;+0100;1205;+0200;0;KL_1072-KL_1701
MAN;0840;+0100;1445;+0200;0;LX_391-LX_2026
MAN;0820;+0100;1430;+0200;0;AA_6365-AA_5615
MAN;0905;+0100;1515;+0200;0;KL_1074-KL_1703
MAN;1040;+0100;1650;+0200;0;BD_5374-BD_5313
MAN;1040;+0100;1650;+0200;0;SN_2174-SN_3727
MAN;0715;+0100;1330;+0200;0;IB_7673-IB_7443
MAN;0715;+0100;1330;+0200;0;BA_1385-BA_458
MAN;1035;+0100;1650;+0200;0;SN_2174-SN_3727
MAN;1035;+0100;1650;+0200;0;BD_5374-BD_5313
MAN;1100;+0100;1720;+0200;0;LH_2501-LH_1804
MAN;1105;+0100;1725;+0200;0;BA_1391-BA_464
MAN;1110;+0100;1730;+0200;0;KL_1082-KL_1705
MAN;1355;+0100;2015;+0200;0;SN_2176-SN_3729
MAN;1355;+0100;2015;+0200;0;BD_5376-BD_5315
MAN;1105;+0100;1730;+0200;0;BA_1391-BA_460
MAN;1105;+0100;1730;+0200;0;IB_7679-IB_7449
MAN;1105;+0100;1730;+0200;0;BA_1391-BA_464
MAN;1255;+0100;1920;+0200;0;LH_3433-LH_3292
MAN;1325;+0100;1950;+0200;0;KL_1084-KL_1709
MAN;1325;+0100;1950;+0200;0;BA_1395-BA_7065
MAN;1325;+0100;1950;+0200;0;IB_7683-IB_3177
MAN;0940;+0100;1610;+0200;0;AF_1669-AF_1700
MAN;0940;+0100;1610;+0200;0;UX_3504-UX_3436
MAN;1530;+0100;2200;+0200;0;BA_1399-BA_7057
MAN;0930;+0100;1610;+0200;0;AF_1669-AF_1700
MAN;1505;+0100;2145;+0200;0;AF_2269-AF_2100
MAN;1505;+0100;2145;+0200;0;UX_3508-UX_3442
MAN;1530;+0100;2210;+0200;0;IB_7685-IB_3167
MAN;1315;+0100;2025;+0200;0;LH_943-LH_6802
MAN;1600;+0100;2310;+0200;0;KL_1088-KL_1707
MAN;0710;+0100;1425;+0200;0;UA_9043-UA_9229
MAN;0710;+0100;1425;+0200;0;LH_949-LH_1114
MAN;0710;+0100;1425;+0200;0;BD_3369-BD_2918
MAN;0715;+0100;1430;+0200;0;AA_6618-AA_5615
MAN;0655;+0100;1415;+0200;0;LH_2505-LH_1802
MAN;0815;+0100;1535;+0200;0;BA_1387-BA_7061
MAN;0815;+0100;1535;+0200;0;IB_7675-IB_3175
MAN;0700;+0100;1425;+0200;0;UA_9043-UA_9229
MAN;0710;+0100;1435;+0200;0;UA_9043-UA_9229
MAN;0850;+0100;1615;+0200;0;LH_941-LH_6800
MAN;1000;+0100;1725;+0200;0;BA_1389-BA_464
MAN;1105;+0100;1830;+0200;0;IB_7679-IB_3179
MAN;1000;+0100;1730;+0200;0;BA_1389-BA_460
MAN;1000;+0100;1730;+0200;0;BA_1389-BA_464
MAN;1000;+0100;1730;+0200;0;IB_7677-IB_7449
MAN;1325;+0100;2055;+0200;0;IB_7683-IB_3171
MAN;1325;+0100;2055;+0200;0;BA_1395-BA_7059
MAN;0700;+0100;1435;+0200;0;UA_9043-UA_9229
MAN;1105;+0100;1840;+0200;0;IB_7679-IB_7447
MAN;1105;+0100;1840;+0200;0;BA_1391-BA_462
MAN;1505;+0100;2240;+0200;0;UX_3508-UX_1026
MAN;1505;+0100;2240;+0200;0;AF_2269-AF_1730
MAN;1105;+0100;1845;+0200;0;IB_7679-IB_3179
MAN;0815;+0100;1600;+0200;0;IB_7675-IB_7445
MAN;0940;+0100;1730;+0200;0;UX_3504-UX_3438
MAN;0940;+0100;1730;+0200;0;AF_1669-AF_1800
MAN;1105;+0100;1855;+0200;0;BA_1391-BA_7063
MAN;1200;+0100;1950;+0200;0;BA_2907-BA_7065
MAN;0930;+0100;1730;+0200;0;AF_1669-AF_1800
MAN;1415;+0100;2215;+0200;0;6X_1095-6X_462
MAN;1415;+0100;2215;+0200;0;6X_1395-6X_462
MAN;0715;+0100;1535;+0200;0;IB_7673-IB_3175
MAN;0715;+0100;1535;+0200;0;BA_1385-BA_7061
MAN;1105;+0100;1925;+0200;0;IB_7679-IB_3177
MAN;0905;+0100;1730;+0200;0;KL_1074-KL_1705
MAN;1000;+0100;1830;+0200;0;IB_7677-IB_3179
MAN;1015;+0100;1850;+0200;0;SK_540-SK_9926
MAN;1325;+0100;2200;+0200;0;IB_7683-IB_7465
MAN;1325;+0100;2200;+0200;0;BA_1395-BA_7057
MAN;1325;+0100;2200;+0200;0;BA_1395-BA_8755
MAN;0655;+0100;1535;+0200;0;BA_2901-BA_7061
MAN;0845;+0100;1725;+0200;0;BA_2903-BA_464
MAN;1000;+0100;1840;+0200;0;IB_7677-IB_7447
MAN;1000;+0100;1840;+0200;0;BA_1389-BA_462
MAN;1110;+0100;1950;+0200;0;KL_1082-KL_1709
MAN;0715;+0100;1600;+0200;0;IB_7673-IB_7445
MAN;0845;+0100;1730;+0200;0;BA_2903-BA_464
MAN;0845;+0100;1730;+0200;0;BA_2903-BA_460
MAN;1000;+0100;1845;+0200;0;IB_7677-IB_3179
MAN;1105;+0100;1950;+0200;0;IB_7679-IB_3177
MAN;1105;+0100;1950;+0200;0;BA_1391-BA_7065
MAN;1325;+0100;2210;+0200;0;IB_7683-IB_3167
MAN;1415;+0100;2300;+0200;0;6X_1095-6X_9508
MAN;1415;+0100;2300;+0200;0;6X_1395-6X_9508
MAN;1355;+0100;2245;+0200;0;SN_2176-SN_3731
MAN;1355;+0100;2245;+0200;0;BD_5376-BD_5317
MAN;0940;+0100;1835;+0200;0;UX_3504-UX_1024
MAN;0940;+0100;1835;+0200;0;AF_1669-AF_1630
MAN;1000;+0100;1855;+0200;0;BA_1389-BA_7063
MAN;1200;+0100;2055;+0200;0;BA_2907-BA_7059
MAN;0710;+0100;1615;+0200;0;LH_949-LH_6800
MAN;0930;+0100;1835;+0200;0;AF_1669-AF_1630
MAN;0940;+0100;1845;+0200;0;AF_1669-AF_1900
MAN;0940;+0100;1845;+0200;0;UX_3504-UX_3440
MAN;0815;+0100;1725;+0200;0;BA_1387-BA_464
MAN;1400;+0100;2310;+0200;0;TP_321-TP_1022
MAN;0600;+0100;1515;+0200;0;KL_1072-KL_1703
MAN;0815;+0100;1730;+0200;0;BA_1387-BA_460
MAN;0815;+0100;1730;+0200;0;IB_7675-IB_7449
MAN;0815;+0100;1730;+0200;0;BA_1387-BA_464
MAN;0930;+0100;1845;+0200;0;AF_1669-AF_1900
MAN;0850;+0100;1815;+0200;0;LH_941-LH_1116
MAN;0850;+0100;1815;+0200;0;BD_3361-BD_2916
MAN;1000;+0100;1925;+0200;0;IB_7677-IB_3177
NTE;0735;+0200;0910;+0200;0;IB_8545
NTE;1805;+0200;1940;+0200;0;IB_8547
NTE;1200;+0200;1600;+0200;0;IB_8559-IB_2761
NTE;0720;+0200;1140;+0200;0;AF_7721-AF_1300
NTE;1140;+0200;1600;+0200;0;IB_8559-IB_2761
NTE;1425;+0200;1845;+0200;0;AF_7727-AF_1900
NTE;1125;+0200;1610;+0200;0;AF_7725-AF_1700
NTE;1740;+0200;2240;+0200;0;AF_7385-AF_1730
NTE;0655;+0200;1205;+0200;0;KL_2032-KL_1701
NTE;1005;+0200;1515;+0200;0;KL_2048-KL_1703
NTE;0725;+0200;1240;+0200;0;AF_7381-AF_1530
NTE;1425;+0200;2020;+0200;0;AF_7727-AF_2000
NTE;1200;+0200;1800;+0200;0;IB_8559-IB_2705
NTE;1125;+0200;1730;+0200;0;AF_7725-AF_1800
NTE;0725;+0200;1340;+0200;0;AF_7381-AF_1430
NTE;0720;+0200;1340;+0200;0;AF_7721-AF_1430
NTE;1110;+0200;1730;+0200;0;AF_7383-AF_1800
NTE;1140;+0200;1800;+0200;0;IB_8559-IB_2705
NTE;1200;+0200;1855;+0200;0;IB_8559-IB_2789
NTE;1125;+0200;1835;+0200;0;AF_7725-AF_1630
NTE;0725;+0200;1440;+0200;0;AF_7381-AF_1600
NTE;1140;+0200;1855;+0200;0;IB_8559-IB_2789
NTE;0720;+0200;1440;+0200;0;AF_7721-AF_1600
NTE;1125;+0200;1845;+0200;0;AF_7725-AF_1900
NTE;1425;+0200;2145;+0200;0;AF_7727-AF_2100
NTE;1005;+0200;1730;+0200;0;KL_2048-KL_1705
NTE;1110;+0200;1835;+0200;0;AF_7383-AF_1630
NTE;1200;+0200;1930;+0200;0;IB_8559-IB_2763
NTE;1110;+0200;1845;+0200;0;AF_7383-AF_1900
NTE;1140;+0200;1930;+0200;0;IB_8559-IB_2763
NTE;1200;+0200;2005;+0200;0;IB_8559-IB_2791
NTE;1425;+0200;2240;+0200;0;AF_7727-AF_1730
NTE;1140;+0200;1640;+0200;0;IB_8559-IB_8082-IB_439
NTE;0755;+0200;1340;+0200;0;AF_3202-AF_6259-AF_1430
NTE;0640;+0200;1240;+0200;0;AF_5657-AF_6153-AF_1530
NTE;1120;+0200;1730;+0200;0;AF_7861-AF_7785-AF_1800
NTE;1410;+0200;2020;+0200;0;AF_3206-AF_7629-AF_2000
NTE;1200;+0200;1840;+0200;0;IB_8559-IB_8084-IB_449
NTE;1140;+0200;1835;+0200;0;AF_7691-AF_6029-AF_1630
NTE;0640;+0200;1340;+0200;0;AF_5657-AF_6111-AF_1430
NTE;0640;+0200;1340;+0200;0;AF_5657-AF_6115-AF_1430
NTE;0640;+0200;1340;+0200;0;AF_5657-AF_6153-AF_1430
NTE;1140;+0200;1840;+0200;0;IB_8559-IB_8084-IB_449
NTE;1140;+0200;1840;+0200;0;IB_8559-IB_8082-IB_449
NTE;1540;+0200;2240;+0200;0;AF_5651-AF_6157-AF_1730
NTE;1540;+0200;2240;+0200;0;AF_5651-AF_6139-AF_1730
NTE;1540;+0200;2240;+0200;0;AF_5651-AF_6135-AF_1730
NTE;1540;+0200;2240;+0200;0;AF_5651-AF_6137-AF_1730
NTE;1120;+0200;1835;+0200;0;AF_7861-AF_6121-AF_1630
NTE;1120;+0200;1835;+0200;0;AF_7861-AF_6123-AF_1630
NTE;1120;+0200;1845;+0200;0;AF_7861-AF_7785-AF_1900
NTE;1255;+0200;2020;+0200;0;AF_7611-AF_7667-AF_2000
NTE;0840;+0200;1610;+0200;0;AF_5860-AF_7641-AF_1700
NTE;1410;+0200;2145;+0200;0;AF_3206-AF_7629-AF_2100
NTE;0650;+0200;1440;+0200;0;AF_5858-AF_7653-AF_1600
NTE;1040;+0200;1835;+0200;0;AF_5767-AF_6029-AF_1630
NTE;0640;+0200;1440;+0200;0;AF_5657-AF_6153-AF_1600
NTE;1440;+0200;2240;+0200;0;AF_5763-AF_6045-AF_1730
NTE;1440;+0200;2240;+0200;0;AF_5763-AF_6043-AF_1730
NTE;1040;+0200;1845;+0200;0;AF_5767-AF_7665-AF_1900
NTE;0755;+0200;1610;+0200;0;AF_7609-AF_7663-AF_1700
NTE;0755;+0200;1610;+0200;0;AF_3202-AF_7625-AF_1700
NTE;0755;+0200;1610;+0200;0;AF_3202-AF_6259-AF_1700
NCE;0710;+0200;0905;+0200;0;IB_8753
NCE;0715;+0200;0910;+0200;0;IB_8753
NCE;1210;+0200;1405;+0200;0;IB_8751
NCE;1215;+0200;1410;+0200;0;IB_8751
NCE;1835;+0200;2030;+0200;0;IB_8755
NCE;1450;+0200;1755;+0200;0;JK_105-JK_443
NCE;1435;+0200;1800;+0200;0;IB_8779-IB_2705
NCE;1435;+0200;1835;+0200;0;AF_6245-AF_1630
NCE;1050;+0200;1455;+0200;0;IB_8777-IB_6767
NCE;1435;+0200;1855;+0200;0;IB_8779-IB_2789
NCE;0710;+0200;1140;+0200;0;AF_7711-AF_1300
NCE;1405;+0200;1835;+0200;0;AF_6217-AF_1630
NCE;1450;+0200;1920;+0200;0;JK_105-JK_429
NCE;1920;+0200;2350;+0200;0;AZ_355-AZ_64
NCE;0805;+0200;1240;+0200;0;AF_6203-AF_1530
NCE;0905;+0200;1340;+0200;0;AF_6205-AF_1430
NCE;1805;+0200;2240;+0200;0;AF_6227-AF_1730
NCE;1715;+0200;2155;+0200;0;NH_6050-NH_6097
NCE;1715;+0200;2155;+0200;0;LH_2275-LH_1806
NCE;0640;+0200;1135;+0200;0;LH_2279-LH_1800
NCE;1155;+0200;1650;+0200;0;SN_3618-SN_3727
NCE;1435;+0200;1930;+0200;0;IB_8779-IB_2763
NCE;1445;+0200;1940;+0200;0;LX_569-LX_2032
NCE;1335;+0200;1835;+0200;0;AF_6223-AF_1630
NCE;1850;+0200;2350;+0200;0;LH_1065-LH_1120
NCE;1050;+0200;1600;+0200;0;IB_8777-IB_2761
NCE;1105;+0200;1615;+0200;0;LH_1059-LH_6800
NCE;1515;+0200;2025;+0200;0;LH_1061-LH_6802
NCE;0625;+0200;1140;+0200;0;AF_7713-AF_1300
NCE;1330;+0200;1845;+0200;0;AF_7703-AF_1900
NCE;1155;+0200;1725;+0200;0;AA_6392-AA_6283
NCE;1305;+0200;1835;+0200;0;AF_6225-AF_1630
NCE;1435;+0200;2005;+0200;0;IB_8779-IB_2791
NCE;1615;+0200;2145;+0200;0;AF_7715-AF_2100
NCE;0705;+0200;1240;+0200;0;AF_6201-AF_1530
NCE;0805;+0200;1340;+0200;0;AF_6203-AF_1430
NCE;0840;+0200;1415;+0200;0;LH_2271-LH_1802
NCE;1035;+0200;1610;+0200;0;AF_7701-AF_1700
NCE;1150;+0200;1725;+0200;0;AA_6392-AA_6283
NCE;1150;+0200;1725;+0200;0;BA_343-BA_464
NCE;1705;+0200;2240;+0200;0;AF_6239-AF_1730
NCE;0600;+0200;1140;+0200;0;AF_7713-AF_1300
NCE;0625;+0200;1205;+0200;0;KL_1260-KL_1701
NCE;1150;+0200;1730;+0200;0;BA_343-BA_464
NCE;1730;+0200;2310;+0200;0;KL_1268-KL_1707
NCE;0600;+0200;1150;+0200;0;6X_562-6X_7105
NCE;0600;+0200;1150;+0200;0;6X_562-6X_460
NCE;0600;+0200;1150;+0200;0;6X_562-6X_7112
NCE;0600;+0200;1150;+0200;0;6X_562-6X_3808
NCE;0600;+0200;1150;+0200;0;6X_562-6X_7125
NCE;0600;+0200;1150;+0200;0;6X_562-6X_7130
NCE;0600;+0200;1150;+0200;0;6X_562-6X_7121
NCE;0600;+0200;1150;+0200;0;6X_562-6X_7114
NCE;0600;+0200;1150;+0200;0;6X_562-6X_7103
NCE;0600;+0200;1150;+0200;0;6X_562-6X_7100
NCE;0600;+0200;1150;+0200;0;6X_562-6X_7124
NCE;0600;+0200;1150;+0200;0;6X_562-6X_7135
NCE;0600;+0200;1150;+0200;0;6X_562-6X_7126
NCE;0600;+0200;1150;+0200;0;6X_562-6X_7113
NCE;0600;+0200;1150;+0200;0;6X_562-6X_461
NCE;0600;+0200;1150;+0200;0;6X_562-6X_7133
NCE;0600;+0200;1150;+0200;0;6X_562-6X_7102
NCE;0600;+0200;1150;+0200;0;6X_562-6X_7129
NCE;0600;+0200;1150;+0200;0;6X_562-6X_7104
NCE;0600;+0200;1150;+0200;0;6X_562-6X_7120
NCE;0600;+0200;1150;+0200;0;6X_562-6X_7107
NCE;0600;+0200;1150;+0200;0;6X_562-6X_7109
NCE;0600;+0200;1150;+0200;0;6X_562-6X_7111
NCE;0600;+0200;1150;+0200;0;6X_562-6X_7123
NCE;0600;+0200;1150;+0200;0;6X_562-6X_7131
NCE;0600;+0200;1150;+0200;0;6X_562-6X_7134
NCE;0600;+0200;1150;+0200;0;6X_562-6X_7101
NCE;0600;+0200;1150;+0200;0;6X_562-6X_7122
NCE;0600;+0200;1150;+0200;0;6X_562-6X_7110
NCE;0600;+0200;1150;+0200;0;6X_562-6X_7115
NCE;0600;+0200;1150;+0200;0;6X_562-6X_7108
NCE;0600;+0200;1150;+0200;0;6X_562-6X_7132
NCE;0600;+0200;1150;+0200;0;6X_562-6X_7127
NCE;0600;+0200;1150;+0200;0;6X_562-6X_7106
NCE;0600;+0200;1150;+0200;0;6X_562-6X_7128
NCE;1110;+0200;1700;+0200;0;AZ_343-AZ_60
NCE;1230;+0200;1825;+0200;0;TU_761-TU_606
NCE;0730;+0200;1330;+0200;0;AA_6587-AA_6278
NCE;0730;+0200;1330;+0200;0;QF_3574-QF_3379
NCE;0730;+0200;1330;+0200;0;BA_341-BA_458
NCE;1130;+0200;1730;+0200;0;KL_1262-KL_1705
NCE;1235;+0200;1835;+0200;0;AF_6213-AF_1630
NCE;1330;+0200;1950;+0200;0;BA_347-BA_7065
NCE;1355;+0200;2015;+0200;0;BD_5444-BD_5315
NCE;1350;+0200;2015;+0200;0;SN_3620-SN_3729
NCE;0710;+0200;1340;+0200;0;AF_7711-AF_1430
NCE;1205;+0200;1835;+0200;0;AF_6215-AF_1630
NCE;1435;+0200;2105;+0200;0;IB_8779-IB_2725
NCE;1530;+0200;2200;+0200;0;BA_345-BA_7057
NCE;0705;+0200;1340;+0200;0;AF_6201-AF_1430
NCE;0805;+0200;1440;+0200;0;AF_6203-AF_1600
NCE;1605;+0200;2240;+0200;0;AF_6221-AF_1730
NCE;1610;+0200;2245;+0200;0;SN_3622-SN_3731
NCE;0600;+0200;1240;+0200;0;AF_7713-AF_1530
NCE;1205;+0200;1845;+0200;0;AF_6215-AF_1900
NCE;1210;+0200;1850;+0200;0;SK_2796-SK_9926
NCE;0755;+0200;1440;+0200;0;AF_7711-AF_1600
NCE;1155;+0200;1840;+0200;0;AA_6392-AA_6282
NCE;1335;+0200;2020;+0200;0;AF_6223-AF_2000
NCE;1150;+0200;1840;+0200;0;BA_343-BA_462
NCE;1150;+0200;1840;+0200;0;AA_6392-AA_6282
NCE;1330;+0200;2020;+0200;0;AF_7703-AF_2000
NCE;1555;+0200;2245;+0200;0;KF_5454-KF_5433
NCE;1555;+0200;2245;+0200;0;BD_5446-BD_5317
NCE;1035;+0200;1730;+0200;0;AF_7701-AF_1800
NCE;1035;+0200;1730;+0200;0;AF_6209-AF_1800
NCE;0730;+0200;1430;+0200;0;AA_6587-AA_5615
NCE;1135;+0200;1835;+0200;0;AF_6211-AF_1630
NCE;1200;+0200;1900;+0200;0;6X_7897-6X_3868
SXB;1805;+0200;2025;+0200;0;IB_8659
SXB;1445;+0200;1835;+0200;0;AF_7311-AF_1630
SXB;1835;+0200;2245;+0200;0;SN_3662-SN_3731
SXB;0725;+0200;1140;+0200;0;AF_7761-AF_1300
SXB;0915;+0200;1340;+0200;0;AF_7305-AF_1430
SXB;0915;+0200;1400;+0200;0;OK_741-OK_700
SXB;1820;+0200;2310;+0200;0;KL_2044-KL_1707
SXB;1115;+0200;1610;+0200;0;AF_7763-AF_1700
SXB;1745;+0200;2240;+0200;0;AF_7315-AF_1730
SXB;1010;+0200;1515;+0200;0;KL_2042-KL_1703
SXB;0650;+0200;1205;+0200;0;KL_2046-KL_1701
SXB;1455;+0200;2020;+0200;0;AF_7771-AF_2000
SXB;1105;+0200;1650;+0200;0;SN_3654-SN_3727
SXB;1100;+0200;1650;+0200;0;SN_3654-SN_3727
SXB;1100;+0200;1650;+0200;0;BD_5560-BD_5313
SXB;0645;+0200;1240;+0200;0;AF_7303-AF_1530
SXB;0725;+0200;1340;+0200;0;AF_7761-AF_1430
SXB;1115;+0200;1730;+0200;0;AF_7763-AF_1800
SXB;1045;+0200;1730;+0200;0;AF_7307-AF_1800
SXB;1455;+0200;2145;+0200;0;AF_7771-AF_2100
SXB;1700;+0200;2350;+0200;0;LH_395-LH_1120
SXB;0645;+0200;1340;+0200;0;AF_7303-AF_1430
SXB;0915;+0200;1610;+0200;0;AF_7305-AF_1700
SXB;1445;+0200;2145;+0200;0;AF_7311-AF_2100
SXB;0725;+0200;1440;+0200;0;AF_7761-AF_1600
SXB;1010;+0200;1730;+0200;0;KL_2042-KL_1705
SXB;1115;+0200;1835;+0200;0;AF_7763-AF_1630
SXB;0415;+0200;1140;+0200;0;LH_385-LH_1112
SXB;1115;+0200;1845;+0200;0;AF_7763-AF_1900
SXB;0705;+0200;1340;+0200;0;AF_5472-AF_6259-AF_1430
SXB;1340;+0200;2020;+0200;0;AF_5360-AF_7629-AF_2000
SXB;1150;+0200;1835;+0200;0;AF_7893-AF_6217-AF_1630
SXB;1150;+0200;1835;+0200;0;AF_7893-AF_6245-AF_1630