BCN;1600;+0200;1735;+0200;0;IB_8560
BCN;1620;+0200;1755;+0200;0;IB_8560
BCN;0930;+0200;1110;+0200;0;VY_2972
BCN;1100;+0200;1210;+0200;0;AF_3203
BCN;1240;+0200;1325;+0200;0;AF_3203
BCN;1715;+0200;1825;+0200;0;AF_3207
BCN;1855;+0200;1940;+0200;0;AF_3207
BCN;0635;+0200;1005;+0200;0;AF_5895-AF_5861
BCN;1300;+0200;1630;+0200;0;AF_5899-AF_5863
BCN;1740;+0200;2125;+0200;0;AF_5907-AF_5869
BCN;0650;+0200;1040;+0200;0;AF_2349-AF_7720
BCN;1845;+0200;2235;+0200;0;IB_2791-IB_8544
BCN;0655;+0200;1110;+0200;0;IB_2747-IB_8546
BCN;1255;+0200;1720;+0200;0;AF_1349-AF_7730
BCN;1810;+0200;2235;+0200;0;IB_2763-IB_8544
BCN;1105;+0200;1600;+0200;0;KL_1666-KL_2049
BCN;1300;+0200;1800;+0200;0;AF_5899-AF_5865
BCN;1735;+0200;2235;+0200;0;IB_2789-IB_8544
BCN;0930;+0200;1445;+0200;0;AF_1031-AF_7386
BCN;1555;+0200;2145;+0200;0;AF_1649-AF_7728
BCN;1620;+0200;2215;+0200;0;KL_1674-KL_2035
BCN;1640;+0200;2235;+0200;0;IB_2705-IB_8544
BCN;0735;+0200;1340;+0200;0;AF_2149-AF_7724
BCN;1555;+0200;2225;+0200;0;AF_1649-AF_7388
BCN;0650;+0200;1340;+0200;0;AF_2349-AF_7724
BCN;1025;+0200;1720;+0200;0;AF_1149-AF_7730
BCN;0735;+0200;1445;+0200;0;AF_2149-AF_7386
BCN;1050;+0200;1800;+0200;0;TU_515-TU_810
BCN;1300;+0200;2010;+0200;0;AF_5899-AF_5867
BCN;1420;+0200;2145;+0200;0;AF_1231-AF_7728
BCN;0810;+0200;1600;+0200;0;KL_1664-KL_2049
BCN;0930;+0200;1720;+0200;0;AF_1031-AF_7730
BCN;0650;+0200;1445;+0200;0;AF_2349-AF_7386
BCN;1440;+0200;2235;+0200;0;IB_2761-IB_8544
BCN;1420;+0200;2225;+0200;0;AF_1231-AF_7388
BCN;1300;+0200;2125;+0200;0;AF_5899-AF_5869
BCN;1100;+0200;1940;+0200;0;AF_3203-AF_3207
BCN;1715;+0200;2225;+0200;0;AF_3207-AF_6273-AF_7388
BCN;1420;+0200;1940;+0200;0;AF_1231-AF_6266-AF_3207
BCN;0735;+0200;1325;+0200;0;AF_2149-AF_7622-AF_3203
BCN;1100;+0200;1720;+0200;0;AF_3203-AF_7627-AF_7730
BCN;0650;+0200;1325;+0200;0;AF_2349-AF_7622-AF_3203
BCN;1255;+0200;1940;+0200;0;AF_1349-AF_7634-AF_3207
BCN;0635;+0200;1340;+0200;0;AF_5895-AF_7653-AF_7724
BCN;0635;+0200;1445;+0200;0;AF_5895-AF_7417-AF_7386
BCN;1300;+0200;2145;+0200;0;AF_5899-AF_7645-AF_7728
LON;1655;+0100;1930;+0200;0;AF_5209
LON;0735;+0100;1020;+0200;0;AF_5207
LON;1135;+0100;1600;+0200;0;AF_5185-AF_5367
LON;1750;+0100;2215;+0200;0;AF_5195-AF_5369
LON;1245;+0100;1720;+0200;0;AF_1981-AF_7730
LON;1710;+0100;2215;+0200;0;KL_1022-KL_2035
LON;0930;+0100;1445;+0200;0;AF_5021-AF_7386
LON;1600;+0100;2145;+0200;0;AF_2281-AF_7728
LON;0735;+0100;1340;+0200;0;AF_1081-AF_7724
LON;0955;+0100;1600;+0200;0;KL_1008-KL_2049
LON;1610;+0100;2215;+0200;0;KL_1020-KL_2035
LON;1630;+0100;2235;+0200;0;IB_3177-IB_8544
LON;1605;+0100;2215;+0200;0;AF_5193-AF_5369
LON;1115;+0100;1735;+0200;0;IB_7459-IB_8560
LON;1600;+0100;2225;+0200;0;AF_2281-AF_7388
LON;0710;+0100;1340;+0200;0;AF_1081-AF_7724
LON;1605;+0100;2235;+0200;0;IB_3177-IB_8544
LON;0925;+0100;1600;+0200;0;AF_5183-AF_5367
LON;0805;+0100;1445;+0200;0;AF_5019-AF_7386
LON;1115;+0100;1755;+0200;0;IB_7459-IB_8560
LON;0640;+0100;1340;+0200;0;AF_1381-AF_7724
LON;1525;+0100;2225;+0200;0;AF_5025-AF_7388
LON;0735;+0100;1445;+0200;0;AF_1081-AF_7386
LON;1010;+0100;1720;+0200;0;AF_1681-AF_7730
LON;1525;+0100;2235;+0200;0;IB_3179-IB_8544
LON;0840;+0100;1600;+0200;0;KL_1002-KL_2049
LON;1515;+0100;2235;+0200;0;IB_7447-IB_8544
LON;1420;+0100;2145;+0200;0;AF_5023-AF_7728
LON;1450;+0100;2215;+0200;0;KL_1018-KL_2035
LON;0710;+0100;1445;+0200;0;AF_1081-AF_7386
LON;1500;+0100;2235;+0200;0;IB_3179-IB_8544
LON;0930;+0100;1720;+0200;0;AF_5021-AF_7730
LON;0640;+0100;1445;+0200;0;AF_1381-AF_7386
LON;1420;+0100;2225;+0200;0;AF_5023-AF_7388
LON;0750;+0100;1600;+0200;0;AF_5181-AF_5367
LON;0920;+0100;1735;+0200;0;IB_7457-IB_8560
LON;1525;+0100;2130;+0200;0;AF_5025-AF_6140-AF_5652
LON;0710;+0100;1325;+0200;0;AF_1081-AF_7622-AF_3203
LON;1010;+0100;1630;+0200;0;AF_1681-AF_7644-AF_5863
LON;1525;+0100;2205;+0200;0;AF_5025-AF_6140-AF_7862
LON;1525;+0100;2205;+0200;0;AF_5025-AF_6142-AF_7862
LON;0640;+0100;1325;+0200;0;AF_1381-AF_7622-AF_3203
LON;1245;+0100;1940;+0200;0;AF_1981-AF_7634-AF_3207
LON;1450;+0100;2145;+0200;0;KL_1018-KL_1245-KL_2314
LON;0930;+0100;1630;+0200;0;AF_5021-AF_7414-AF_5863
LON;1420;+0100;2130;+0200;0;AF_5023-AF_6146-AF_5652
LON;1420;+0100;2130;+0200;0;AF_5023-AF_6136-AF_5652
LON;1420;+0100;2130;+0200;0;AF_5023-AF_6140-AF_5652
LON;1420;+0100;2130;+0200;0;AF_5023-AF_6138-AF_5652
LON;0930;+0100;1645;+0200;0;AF_5021-AF_7436-AF_3264
LON;0955;+0100;1720;+0200;0;KL_1008-KL_2009-KL_2312
LON;1245;+0100;2010;+0200;0;AF_1981-AF_7646-AF_5867
LON;1420;+0100;2205;+0200;0;AF_5023-AF_6138-AF_7862
LON;1420;+0100;2205;+0200;0;AF_5023-AF_6146-AF_7862
LON;1420;+0100;2205;+0200;0;AF_5023-AF_6140-AF_7862
LON;1420;+0100;2205;+0200;0;AF_5023-AF_6136-AF_7862
LON;1420;+0100;2205;+0200;0;AF_5023-AF_6142-AF_7862
LON;1010;+0100;1800;+0200;0;AF_1681-AF_7644-AF_5865
LON;1420;+0100;2210;+0200;0;AF_5023-AF_6038-AF_5764
LON;0925;+0100;1720;+0200;0;AF_5183-AF_1641-AF_7730
LON;0925;+0100;1720;+0200;0;AF_5183-AF_8233-AF_7730
LON;1010;+0100;1805;+0200;0;AF_1681-AF_7664-AF_5762
LON;1010;+0100;1815;+0200;0;AF_1681-AF_6128-AF_5650
LON;1010;+0100;1815;+0200;0;AF_1681-AF_7794-AF_5650
LYS;0640;+0200;0755;+0200;0;AF_5859
LYS;0850;+0200;1005;+0200;0;AF_5861
LYS;1515;+0200;1630;+0200;0;AF_5863
LYS;1645;+0200;1800;+0200;0;AF_5865
LYS;1855;+0200;2010;+0200;0;AF_5867
LYS;2010;+0200;2125;+0200;0;AF_5869
LYS;0830;+0200;1050;+0200;0;AF_7840-AF_7860
LYS;0650;+0200;0920;+0200;0;AF_7846-AF_5656
LYS;1845;+0200;2130;+0200;0;AF_7848-AF_5652
LYS;1515;+0200;1815;+0200;0;AF_7850-AF_5650
LYS;0730;+0200;1040;+0200;0;AF_7651-AF_7720
LYS;1820;+0200;2130;+0200;0;AF_7842-AF_5652
LYS;1845;+0200;2205;+0200;0;AF_7848-AF_7862
LYS;1350;+0200;1720;+0200;0;AF_7643-AF_7730
LYS;1820;+0200;2205;+0200;0;AF_7842-AF_7862
LYS;1545;+0200;1940;+0200;0;AF_7806-AF_3207
LYS;0630;+0200;1030;+0200;0;AF_7401-AF_7382
LYS;0650;+0200;1050;+0200;0;AF_7846-AF_7860
LYS;1200;+0200;1600;+0200;0;AF_1256-AF_5367
LYS;1200;+0200;1600;+0200;0;KL_2030-KL_2049
LYS;1040;+0200;1445;+0200;0;AF_7417-AF_7386
LYS;1535;+0200;1940;+0200;0;AF_7815-AF_3144
LYS;0925;+0200;1340;+0200;0;AF_7653-AF_7724
LYS;1745;+0200;2215;+0200;0;KL_2028-KL_2035
LYS;1745;+0200;2215;+0200;0;AF_1356-AF_5369
LYS;0845;+0200;1325;+0200;0;AF_7802-AF_3203
LYS;1700;+0200;2145;+0200;0;AF_7645-AF_7728
LYS;0835;+0200;1325;+0200;0;AF_5906-AF_3203-AF_3203
LYS;1445;+0200;1940;+0200;0;AF_7812-AF_3207
LYS;1250;+0200;1800;+0200;0;TU_851-TU_810
LYS;1034;+0200;1547;+0200;0;TX_5402-TX_5427
LYS;0835;+0200;1400;+0200;0;AF_7822-AF_5766
LYS;1700;+0200;2225;+0200;0;AF_7645-AF_7388
LYS;1655;+0200;2225;+0200;0;AF_7415-AF_7388
LYS;1535;+0200;2115;+0200;0;AF_7839-AF_7890
LYS;0630;+0200;1225;+0200;0;AF_7401-AF_7384
LYS;1515;+0200;2110;+0200;0;AF_7824-AF_7612
LYS;1535;+0200;2130;+0200;0;AF_7815-AF_3146
LYS;0730;+0200;1340;+0200;0;AF_7651-AF_7724
LYS;1515;+0200;2130;+0200;0;AF_7850-AF_5652
LYS;1545;+0200;2205;+0200;0;AF_5803-AF_3275
LYS;1550;+0200;2210;+0200;0;AF_5780-AF_5772
LYS;0700;+0200;1325;+0200;0;AF_7800-AF_3203
LYS;1045;+0200;1720;+0200;0;AF_7641-AF_7730
LYS;1040;+0200;1720;+0200;0;AF_7417-AF_7730
LYS;0630;+0200;1050;+0200;0;AF_7401-AF_6108-AF_7860
LYS;1655;+0200;2130;+0200;0;AF_7415-AF_6140-AF_5652
LYS;0835;+0200;0943;+0200;0;AF_5412
LYS;0944;+0200;1340;+0200;0;AF_5412-AF_3283-AF_3283-AF_7724
LYS;0835;+0200;1340;+0200;0;AF_5412-AF_3283-AF_7724
LYS;1655;+0200;2205;+0200;0;AF_7415-AF_6142-AF_7862
LYS;1655;+0200;2205;+0200;0;AF_7415-AF_6140-AF_7862
LYS;0700;+0200;1225;+0200;0;AF_7800-AF_6257-AF_7384
LYS;0700;+0200;1225;+0200;0;AF_7800-AF_6259-AF_7384
LYS;0650;+0200;1225;+0200;0;AF_7846-AF_6153-AF_7384
LYS;0650;+0200;1225;+0200;0;AF_7846-AF_6111-AF_7384
LYS;0650;+0200;1225;+0200;0;AF_7846-AF_6115-AF_7384
LYS;1350;+0200;1940;+0200;0;AF_7643-AF_7634-AF_3207
LYS;0730;+0200;1325;+0200;0;AF_7651-AF_7622-AF_3203
LYS;0850;+0200;1445;+0200;0;AF_5801-AF_7545-AF_7386
LYS;0845;+0200;1445;+0200;0;AF_7802-AF_6261-AF_7386
LYS;1545;+0200;2145;+0200;0;AF_7806-AF_7637-AF_7728
LYS;0840;+0200;1445;+0200;0;AF_3212-AF_7435-AF_7386
LYS;0840;+0200;1445;+0200;0;AF_7830-AF_6211-AF_7386
LYS;0840;+0200;1445;+0200;0;AF_7830-AF_6209-AF_7386
LYS;1040;+0200;1645;+0200;0;AF_7417-AF_7436-AF_3264
LYS;1040;+0200;1645;+0200;0;AF_7417-AF_6020-AF_7610
LYS;0835;+0200;0943;+0200;0;AF_5412
LYS;0944;+0200;1445;+0200;0;AF_5412-AF_7337-AF_7386
LYS;0830;+0200;1445;+0200;0;AF_7833-AF_6207-AF_7386
LYS;0830;+0200;1445;+0200;0;AF_7833-AF_6209-AF_7386
LYS;0830;+0200;1445;+0200;0;AF_5784-AF_7307-AF_7386
LYS;0830;+0200;1445;+0200;0;AF_7840-AF_6113-AF_7386
LYS;0830;+0200;1445;+0200;0;AF_7833-AF_6211-AF_7386
LYS;0830;+0200;1445;+0200;0;AF_7840-AF_6117-AF_7386
LYS;0730;+0200;1400;+0200;0;AF_7651-AF_7662-AF_5766
LYS;1515;+0200;1623;+0200;0;AF_5414
LYS;1624;+0200;2145;+0200;0;AF_5414-AF_3287-AF_3287-AF_7728
LYS;1515;+0200;2145;+0200;0;AF_7850-AF_7789-AF_7728
LYS;1515;+0200;2145;+0200;0;AF_5414-AF_3287-AF_7728
LYS;0925;+0200;1600;+0200;0;AF_7653-AF_1640-AF_5367
LYS;1550;+0200;2225;+0200;0;AF_5780-AF_7315-AF_7388
LYS;1550;+0200;2225;+0200;0;AF_5780-AF_7319-AF_7388
LYS;1545;+0200;2225;+0200;0;AF_5803-AF_7551-AF_7388
LYS;1545;+0200;2225;+0200;0;AF_7806-AF_6273-AF_7388
LYS;1545;+0200;2225;+0200;0;AF_5803-AF_7557-AF_7388
LYS;1545;+0200;2225;+0200;0;AF_7806-AF_6271-AF_7388
MAD;0940;+0200;1110;+0200;0;IB_8546
MAD;2105;+0200;2235;+0200;0;IB_8544
MAD;0750;+0200;1225;+0200;0;AF_1831-AF_7384
MAD;1750;+0200;2225;+0200;0;AF_1731-AF_7388
MAD;1235;+0200;1720;+0200;0;AF_1301-AF_7730
MAD;1700;+0200;2145;+0200;0;AF_1701-AF_7728
MAD;0555;+0200;1045;+0200;0;KL_1708-KL_2033
MAD;1030;+0200;1600;+0200;0;KL_1700-KL_2049
MAD;0910;+0200;1445;+0200;0;AF_1431-AF_7386
MAD;1145;+0200;1735;+0200;0;IB_6764-IB_8560
MAD;1620;+0200;2215;+0200;0;KL_1704-KL_2035
MAD;1145;+0200;1755;+0200;0;IB_6764-IB_8560
MAD;1535;+0200;2145;+0200;0;AF_1601-AF_7728
MAD;0715;+0200;1340;+0200;0;AF_2101-AF_7724
MAD;0710;+0200;1340;+0200;0;AF_2101-AF_7724
MAD;1535;+0200;2225;+0200;0;AF_1601-AF_7388
MAD;0750;+0200;1445;+0200;0;AF_1831-AF_7386
MAD;1015;+0200;1720;+0200;0;AF_1001-AF_7730
MAD;0715;+0200;1445;+0200;0;AF_2101-AF_7386
MAD;0710;+0200;1445;+0200;0;AF_2101-AF_7386
MAD;1355;+0200;2145;+0200;0;AF_1631-AF_7728
MAD;0800;+0200;1600;+0200;0;KL_1710-KL_2049
MAD;0750;+0200;1325;+0200;0;AF_1831-AF_6258-AF_3203
MAD;1355;+0200;1940;+0200;0;AF_1631-AF_6266-AF_3207
MAD;1145;+0200;1735;+0200;0;IB_426-IB_8083-IB_8560
MAD;1535;+0200;2130;+0200;0;AF_1601-AF_7788-AF_5652
MAD;0715;+0200;1325;+0200;0;AF_2101-AF_7622-AF_3203
MAD;1145;+0200;1755;+0200;0;IB_426-IB_8083-IB_8560
MAD;0710;+0200;1325;+0200;0;AF_2101-AF_7622-AF_3203
MAD;1015;+0200;1630;+0200;0;AF_1001-AF_7644-AF_5863
MAD;1535;+0200;2205;+0200;0;AF_1601-AF_7788-AF_7862
MAD;1235;+0200;1940;+0200;0;AF_1301-AF_7634-AF_3207
MAD;1355;+0200;2110;+0200;0;AF_1631-AF_6034-AF_7612
MAD;1355;+0200;2110;+0200;0;AF_1631-AF_6032-AF_7612
MAD;0910;+0200;1630;+0200;0;AF_1431-AF_7414-AF_5863
MAD;0910;+0200;1645;+0200;0;AF_1431-AF_6020-AF_7610
MAD;1235;+0200;2010;+0200;0;AF_1301-AF_7646-AF_5867
MAD;1355;+0200;2130;+0200;0;AF_1631-AF_6138-AF_5652
MAD;1355;+0200;2130;+0200;0;AF_1631-AF_6146-AF_5652
MAD;1355;+0200;2130;+0200;0;AF_1631-AF_6134-AF_5652
MAD;1355;+0200;2130;+0200;0;AF_1631-AF_6132-AF_5652
MAD;1355;+0200;2130;+0200;0;AF_1631-AF_6136-AF_5652
MAD;1355;+0200;2130;+0200;0;AF_1631-AF_6140-AF_5652
MAD;1015;+0200;1800;+0200;0;AF_1001-AF_7644-AF_5865
MAD;1015;+0200;1805;+0200;0;AF_1001-AF_7664-AF_5762
MAD;1015;+0200;1815;+0200;0;AF_1001-AF_6154-AF_5650
MAD;1015;+0200;1815;+0200;0;AF_1001-AF_6128-AF_5650
MAD;1015;+0200;1815;+0200;0;AF_1001-AF_7794-AF_5650
NCE;0655;+0200;0830;+0200;0;AF_7888
NCE;1940;+0200;2115;+0200;0;AF_7890
NCE;1350;+0200;1630;+0200;0;AF_7837-AF_5863
NCE;1350;+0200;1630;+0200;0;AF_7836-AF_5863
NCE;0655;+0200;1005;+0200;0;AF_7838-AF_5861
NCE;1135;+0200;1445;+0200;0;AF_6211-AF_7386
NCE;1810;+0200;2125;+0200;0;AF_7835-AF_5869
NCE;0600;+0200;0920;+0200;0;AF_7878-AF_5656
NCE;0905;+0200;1225;+0200;0;AF_6205-AF_7384
NCE;0705;+0200;1030;+0200;0;AF_6201-AF_7382
NCE;0710;+0200;1040;+0200;0;AF_7711-AF_7720
NCE;1605;+0200;1940;+0200;0;AF_7887-AF_3144
NCE;1330;+0200;1720;+0200;0;AF_7703-AF_7730
NCE;1835;+0200;2225;+0200;0;AF_6229-AF_7388
NCE;1035;+0200;1445;+0200;0;AF_6209-AF_7386
NCE;1350;+0200;1800;+0200;0;AF_7837-AF_5865
NCE;1350;+0200;1800;+0200;0;AF_7836-AF_5865
NCE;1800;+0200;2210;+0200;0;AF_7897-AF_5772
NCE;0625;+0200;1040;+0200;0;AF_7713-AF_7720
NCE;0625;+0200;1045;+0200;0;KL_1260-KL_2033
NCE;0625;+0200;1045;+0200;0;AF_8270-AF_5365
NCE;0805;+0200;1225;+0200;0;AF_6203-AF_7384
NCE;1520;+0200;1940;+0200;0;AF_7882-AF_3144
NCE;1805;+0200;2225;+0200;0;AF_6227-AF_7388
NCE;1130;+0200;1600;+0200;0;AF_8442-AF_5367
NCE;1130;+0200;1600;+0200;0;KL_1262-KL_2049
NCE;0600;+0200;1040;+0200;0;AF_7713-AF_7720
NCE;1005;+0200;1445;+0200;0;AF_6207-AF_7386
NCE;1730;+0200;2215;+0200;0;KL_1268-KL_2035
NCE;1730;+0200;2215;+0200;0;AF_8232-AF_5369
NCE;0600;+0200;1050;+0200;0;AF_7878-AF_7860
NCE;0705;+0200;1225;+0200;0;AF_6201-AF_7384
NCE;1705;+0200;2225;+0200;0;AF_6239-AF_7388
NCE;1120;+0200;1645;+0200;0;AF_3257-AF_3264
NCE;1605;+0200;2130;+0200;0;AF_7887-AF_3146
NCE;1230;+0200;1800;+0200;0;TU_761-TU_810
NCE;1615;+0200;2145;+0200;0;AF_7715-AF_7728
NCE;0805;+0200;1340;+0200;0;AF_6203-AF_7724
NCE;1405;+0200;1940;+0200;0;AF_7877-AF_3207
NCE;0905;+0200;1445;+0200;0;AF_6205-AF_7386
NCE;1605;+0200;2145;+0200;0;AF_6221-AF_7728
NCE;0755;+0200;1340;+0200;0;AF_7711-AF_7724
NCE;1135;+0200;1720;+0200;0;AF_6211-AF_7730
NCE;0625;+0200;1225;+0200;0;AF_7713-AF_7384
NCE;1520;+0200;2130;+0200;0;AF_7882-AF_3146
NCE;1535;+0200;2145;+0200;0;AF_6235-AF_7728
NCE;1615;+0200;2225;+0200;0;AF_7715-AF_7388
NCE;1205;+0200;1825;+0200;0;AF_7895-AF_5768
NCE;1350;+0200;2010;+0200;0;AF_7836-AF_5867
NCE;1350;+0200;2010;+0200;0;AF_7837-AF_5867
NCE;1605;+0200;2225;+0200;0;AF_6221-AF_7388
NCE;0600;+0200;1225;+0200;0;AF_7713-AF_7384
NCE;0710;+0200;1340;+0200;0;AF_7711-AF_7724
NCE;1310;+0200;1940;+0200;0;AT_715-AT_716
NCE;0705;+0200;1340;+0200;0;AF_6201-AF_7724
NCE;0645;+0200;1325;+0200;0;AF_7875-AF_3203
NCE;0805;+0200;1445;+0200;0;AF_6203-AF_7386
NCE;1035;+0200;1720;+0200;0;AF_6209-AF_7730
NCE;1035;+0200;1720;+0200;0;AF_7701-AF_7730
NCE;1050;+0200;1735;+0200;0;IB_8777-IB_8560
NCE;0755;+0200;1445;+0200;0;AF_7711-AF_7386
NCE;1535;+0200;2225;+0200;0;AF_6235-AF_7388
NCE;1050;+0200;1755;+0200;0;IB_8777-IB_8560
NCE;1435;+0200;2145;+0200;0;AF_6245-AF_7728
NCE;0625;+0200;1340;+0200;0;AF_7713-AF_7724
NCE;1005;+0200;1720;+0200;0;AF_6207-AF_7730
NCE;1235;+0200;1645;+0200;0;AF_6213-AF_7436-AF_3264
NCE;0905;+0200;1325;+0200;0;AF_6205-AF_6258-AF_3203
NCE;1205;+0200;1645;+0200;0;AF_6215-AF_7436-AF_3264
NCE;1335;+0200;1815;+0200;0;AF_6223-AF_6128-AF_5650
NCE;1705;+0200;2205;+0200;0;AF_6239-AF_6142-AF_7862
NCE;1435;+0200;1940;+0200;0;AF_6245-AF_6266-AF_3207
NCE;1135;+0200;1645;+0200;0;AF_6211-AF_7436-AF_3264
NCE;1305;+0200;1815;+0200;0;AF_6225-AF_6128-AF_5650
NCE;1305;+0200;1815;+0200;0;AF_6225-AF_6154-AF_5650
NCE;0805;+0200;1325;+0200;0;AF_6203-AF_6258-AF_3203
NCE;1605;+0200;2130;+0200;0;AF_6221-AF_6138-AF_5652
NCE;1605;+0200;2130;+0200;0;AF_6221-AF_6140-AF_5652
NCE;0755;+0200;1325;+0200;0;AF_7711-AF_7622-AF_3203
NCE;1405;+0200;1940;+0200;0;AF_6217-AF_6264-AF_3207
NCE;1405;+0200;1940;+0200;0;AF_6217-AF_6266-AF_3207
NCE;0645;+0200;1225;+0200;0;AF_7875-AF_6259-AF_7384
NCE;0645;+0200;1225;+0200;0;AF_7875-AF_6257-AF_7384
NCE;1235;+0200;1815;+0200;0;AF_6213-AF_6128-AF_5650
NCE;1235;+0200;1815;+0200;0;AF_6213-AF_6126-AF_5650
NCE;1235;+0200;1815;+0200;0;AF_6213-AF_6154-AF_5650
NCE;1035;+0200;1630;+0200;0;AF_6209-AF_7414-AF_5863
NCE;1035;+0200;1630;+0200;0;AF_7701-AF_7644-AF_5863
NCE;1535;+0200;2130;+0200;0;AF_6235-AF_6140-AF_5652
NCE;1535;+0200;2130;+0200;0;AF_6235-AF_6138-AF_5652
NCE;1535;+0200;2130;+0200;0;AF_6235-AF_6146-AF_5652
NCE;1535;+0200;2130;+0200;0;AF_6235-AF_6136-AF_5652
NCE;1120;+0200;1720;+0200;0;AF_3257-AF_5305-AF_7730
NCE;1605;+0200;2205;+0200;0;AF_6221-AF_7552-AF_3275
NCE;1605;+0200;2205;+0200;0;AF_6221-AF_6140-AF_7862
NCE;1605;+0200;2205;+0200;0;AF_6221-AF_6138-AF_7862
NCE;1605;+0200;2205;+0200;0;AF_6221-AF_6142-AF_7862
NCE;1335;+0200;1940;+0200;0;AF_6223-AF_6266-AF_3207
NCE;1335;+0200;1940;+0200;0;AF_6223-AF_6264-AF_3207
NCE;1605;+0200;2210;+0200;0;AF_6221-AF_6038-AF_5764
NCE;1035;+0200;1645;+0200;0;AF_6209-AF_6020-AF_7610
NCE;1035;+0200;1645;+0200;0;AF_6209-AF_7436-AF_3264
NCE;1205;+0200;1815;+0200;0;AF_6215-AF_6128-AF_5650
NCE;1205;+0200;1815;+0200;0;AF_6215-AF_6154-AF_5650
NCE;1205;+0200;1815;+0200;0;AF_6215-AF_6126-AF_5650
NCE;1205;+0200;1815;+0200;0;AF_6215-AF_6124-AF_5650
NCE;1330;+0200;1940;+0200;0;AF_7703-AF_7634-AF_3207
NCE;0710;+0200;1325;+0200;0;AF_7711-AF_7622-AF_3203
NCE;0705;+0200;1325;+0200;0;AF_6201-AF_6258-AF_3203
NCE;0705;+0200;1325;+0200;0;AF_6201-AF_6256-AF_3203
NCE;0600;+0200;1225;+0200;0;AF_7878-AF_6107-AF_7384
NCE;0600;+0200;1225;+0200;0;AF_7878-AF_6115-AF_7384
NCE;0600;+0200;1225;+0200;0;AF_7878-AF_6153-AF_7384
NCE;0600;+0200;1225;+0200;0;AF_7878-AF_6111-AF_7384
NCE;1005;+0200;1630;+0200;0;AF_6207-AF_7414-AF_5863
NCE;1535;+0200;2205;+0200;0;AF_6235-AF_6140-AF_7862
NCE;1535;+0200;2205;+0200;0;AF_6235-AF_7552-AF_3275
NCE;1535;+0200;2205;+0200;0;AF_6235-AF_6142-AF_7862
NCE;1535;+0200;2205;+0200;0;AF_6235-AF_6146-AF_7862
NCE;1535;+0200;2205;+0200;0;AF_6235-AF_6138-AF_7862
NCE;1535;+0200;2205;+0200;0;AF_6235-AF_6136-AF_7862
NCE;1305;+0200;1940;+0200;0;AF_6225-AF_6264-AF_3207
NCE;1305;+0200;1940;+0200;0;AF_6225-AF_6262-AF_3207
NCE;1305;+0200;1940;+0200;0;AF_6225-AF_6266-AF_3207
NCE;1435;+0200;2110;+0200;0;AF_6245-AF_6034-AF_7612
NCE;1435;+0200;2110;+0200;0;AF_6245-AF_6032-AF_7612
NCE;1535;+0200;2210;+0200;0;AF_6235-AF_6038-AF_5764
NCE;1535;+0200;2210;+0200;0;AF_6235-AF_6036-AF_5764
NCE;1005;+0200;1645;+0200;0;AF_6207-AF_7436-AF_3264
NCE;1005;+0200;1645;+0200;0;AF_6207-AF_6020-AF_7610
NCE;1135;+0200;1815;+0200;0;AF_6211-AF_6124-AF_5650
NCE;1135;+0200;1815;+0200;0;AF_6211-AF_6126-AF_5650
NCE;1135;+0200;1815;+0200;0;AF_6211-AF_6154-AF_5650
NCE;1135;+0200;1815;+0200;0;AF_6211-AF_6122-AF_5650
NCE;1135;+0200;1815;+0200;0;AF_6211-AF_6128-AF_5650
NCE;1330;+0200;2010;+0200;0;AF_7703-AF_7646-AF_5867
NCE;0655;+0200;1340;+0200;0;AF_7838-AF_7653-AF_7724
NCE;0710;+0200;1400;+0200;0;AF_7711-AF_7662-AF_5766
NCE;0705;+0200;1400;+0200;0;AF_6201-AF_6012-AF_5766
NCE;1435;+0200;2130;+0200;0;AF_6245-AF_6146-AF_5652
NCE;1435;+0200;2130;+0200;0;AF_6245-AF_6136-AF_5652
NCE;1435;+0200;2130;+0200;0;AF_6245-AF_6138-AF_5652
NCE;1435;+0200;2130;+0200;0;AF_6245-AF_6140-AF_5652
NCE;1435;+0200;2130;+0200;0;AF_6245-AF_6132-AF_5652
NCE;1435;+0200;2130;+0200;0;AF_6245-AF_6134-AF_5652
NCE;0625;+0200;1325;+0200;0;AF_7713-AF_6258-AF_3203
NCE;0625;+0200;1325;+0200;0;AF_7713-AF_7622-AF_3203
NCE;1235;+0200;1940;+0200;0;AF_6213-AF_6264-AF_3207
NCE;1235;+0200;1940;+0200;0;AF_6213-AF_6262-AF_3207
NCE;1235;+0200;1940;+0200;0;AF_6213-AF_6266-AF_3207
NCE;1405;+0200;2110;+0200;0;AF_6217-AF_6032-AF_7612
NCE;1405;+0200;2110;+0200;0;AF_6217-AF_6034-AF_7612
NCE;1035;+0200;1745;+0200;0;AF_6209-AF_7548-AF_3273
NCE;0625;+0200;1340;+0200;0;KL_1260-KL_2003-KL_2310
NCE;0625;+0200;1340;+0200;0;AF_8270-AF_1241-AF_7724
NCE;0600;+0200;1325;+0200;0;AF_7713-AF_6258-AF_3203
NCE;0600;+0200;1325;+0200;0;AF_7713-AF_7622-AF_3203
NCE;0905;+0200;1630;+0200;0;AF_6205-AF_7414-AF_5863
NCE;1035;+0200;1800;+0200;0;AF_7701-AF_7644-AF_5865
NCE;1035;+0200;1800;+0200;0;AF_6209-AF_7414-AF_5865
NCE;1405;+0200;2130;+0200;0;AF_6217-AF_6146-AF_5652
NCE;1405;+0200;2130;+0200;0;AF_6217-AF_6132-AF_5652
NCE;1405;+0200;2130;+0200;0;AF_6217-AF_6138-AF_5652
NCE;1405;+0200;2130;+0200;0;AF_6217-AF_7788-AF_5652
NCE;1405;+0200;2130;+0200;0;AF_6217-AF_6130-AF_5652
NCE;1405;+0200;2130;+0200;0;AF_6217-AF_6140-AF_5652
NCE;1405;+0200;2130;+0200;0;AF_6217-AF_6134-AF_5652
NCE;1405;+0200;2130;+0200;0;AF_6217-AF_6136-AF_5652
NCE;1405;+0200;2130;+0200;0;AF_6217-AF_6156-AF_5652
NCE;1035;+0200;1805;+0200;0;AF_7701-AF_7664-AF_5762
NCE;1035;+0200;1805;+0200;0;AF_6209-AF_6020-AF_5762
NCE;1435;+0200;2205;+0200;0;AF_6245-AF_6142-AF_7862
NCE;1435;+0200;2205;+0200;0;AF_6245-AF_6136-AF_7862
NCE;1435;+0200;2205;+0200;0;AF_6245-AF_6138-AF_7862
NCE;1435;+0200;2205;+0200;0;AF_6245-AF_7552-AF_3275
NCE;1435;+0200;2205;+0200;0;AF_6245-AF_6132-AF_7862
NCE;1435;+0200;2205;+0200;0;AF_6245-AF_6134-AF_7862
NCE;1435;+0200;2205;+0200;0;AF_6245-AF_6146-AF_7862
NCE;1435;+0200;2205;+0200;0;AF_6245-AF_7544-AF_3275
NCE;1435;+0200;2205;+0200;0;AF_6245-AF_6140-AF_7862
ROM;1255;+0200;1630;+0200;0;AF_5822-AF_5863
ROM;1740;+0200;2115;+0200;0;AZ_7840-AZ_3678
ROM;1740;+0200;2125;+0200;0;AF_5820-AF_5869
ROM;1255;+0200;1650;+0200;0;AZ_7838-AZ_3674
ROM;1715;+0200;2115;+0200;0;AF_9885-AF_7890
ROM;1300;+0200;1720;+0200;0;AF_1505-AF_7730
ROM;1705;+0200;2145;+0200;0;AF_9841-AF_7728
ROM;0855;+0200;1340;+0200;0;AZ_318-AZ_3664
ROM;0855;+0200;1340;+0200;0;AF_9833-AF_7724
ROM;1725;+0200;2215;+0200;0;KL_1604-KL_2035
ROM;0900;+0200;1400;+0200;0;AF_4329-AF_5766
ROM;1020;+0200;1525;+0200;0;AZ_1016-AZ_7382
ROM;1255;+0200;1800;+0200;0;AF_5822-AF_5865
ROM;1305;+0200;1815;+0200;0;AF_3249-AF_5650
ROM;1030;+0200;1600;+0200;0;KL_1598-KL_2049
ROM;1220;+0200;1800;+0200;0;TU_753-TU_810
ROM;1235;+0200;1815;+0200;0;AF_4343-AF_5650
ROM;1535;+0200;2130;+0200;0;AF_9891-AF_5652
ROM;0920;+0200;1525;+0200;0;AZ_2310-AZ_7382
ROM;1535;+0200;2145;+0200;0;AF_9845-AF_7728
ROM;1535;+0200;2145;+0200;0;AZ_330-AZ_3668
ROM;1625;+0200;2235;+0200;0;IB_3675-IB_8544
ROM;0910;+0200;1525;+0200;0;AZ_1024-AZ_7382
ROM;0720;+0200;1340;+0200;0;AF_2305-AF_7724
ROM;0720;+0200;1340;+0200;0;AZ_7310-AZ_3664
ROM;0900;+0200;1525;+0200;0;AZ_2028-AZ_7382
ROM;1535;+0200;2205;+0200;0;AF_9891-AF_7862
ROM;0700;+0200;1340;+0200;0;AZ_316-AZ_3664
ROM;0700;+0200;1340;+0200;0;AF_9831-AF_7724
ROM;0845;+0200;1525;+0200;0;AZ_2022-AZ_7382
ROM;1255;+0200;1940;+0200;0;AF_3129-AF_3207
ROM;1255;+0200;1940;+0200;0;AZ_7838-AZ_3676
ROM;1535;+0200;2225;+0200;0;AF_9845-AF_7388
ROM;0830;+0200;1525;+0200;0;AZ_2026-AZ_7382
ROM;1020;+0200;1720;+0200;0;AZ_7300-AZ_3662
ROM;1020;+0200;1720;+0200;0;AF_1205-AF_7730
ROM;0855;+0200;1600;+0200;0;KL_3400-KL_2049
ROM;0815;+0200;1525;+0200;0;AZ_2020-AZ_7382
ROM;1255;+0200;2010;+0200;0;AF_5822-AF_5867
ROM;1430;+0200;2145;+0200;0;AZ_324-AZ_3668
ROM;1430;+0200;2145;+0200;0;AF_9839-AF_7728
ROM;1500;+0200;2215;+0200;0;KL_3404-KL_2035
ROM;0720;+0200;1445;+0200;0;AF_2305-AF_7386
ROM;0800;+0200;1525;+0200;0;AZ_2016-AZ_7382
ROM;1500;+0200;2235;+0200;0;IB_3679-IB_8544
ROM;0745;+0200;1525;+0200;0;AZ_2014-AZ_7382
ROM;0700;+0200;1445;+0200;0;AF_9831-AF_7386
ROM;0900;+0200;1645;+0200;0;AF_4329-AF_7610
ROM;0730;+0200;1525;+0200;0;AZ_2018-AZ_7382
ROM;1430;+0200;2225;+0200;0;AF_9839-AF_7388
ROM;0715;+0200;1525;+0200;0;AZ_2012-AZ_7382
ROM;0905;+0200;1445;+0200;0;AF_9881-AF_6211-AF_7386
ROM;0720;+0200;1325;+0200;0;AF_2305-AF_7622-AF_3203
ROM;1100;+0200;1720;+0200;0;AZ_2032-AZ_7900-AZ_3662
ROM;0700;+0200;1325;+0200;0;AF_9831-AF_7622-AF_3203
ROM;1020;+0200;1650;+0200;0;AZ_1016-AZ_7830-AZ_3674
ROM;1300;+0200;1940;+0200;0;AF_1505-AF_7634-AF_3207
ROM;1500;+0200;2145;+0200;0;AZ_2044-AZ_7816-AZ_3668
ROM;1535;+0200;2225;+0200;0;AF_9891-AF_6143-AF_7388
ROM;1535;+0200;2225;+0200;0;AF_9891-AF_6139-AF_7388
ROM;1535;+0200;2225;+0200;0;AF_9891-AF_6141-AF_7388
ROM;1000;+0200;1720;+0200;0;AZ_2036-AZ_7900-AZ_3662
ROM;1000;+0200;1720;+0200;0;AZ_1465-AZ_7326-AZ_3662
ROM;0920;+0200;1650;+0200;0;AZ_2310-AZ_7830-AZ_3674
ROM;0905;+0200;1645;+0200;0;AF_9881-AF_3257-AF_3264
ROM;0910;+0200;1650;+0200;0;AZ_1024-AZ_7830-AZ_3674
ROM;0935;+0200;1720;+0200;0;AZ_1311-AZ_7314-AZ_3662
ROM;1400;+0200;2145;+0200;0;AZ_2068-AZ_7816-AZ_3668
ROM;1400;+0200;2145;+0200;0;AZ_2068-AZ_7848-AZ_3668
ROM;1400;+0200;2145;+0200;0;AZ_2068-AZ_7906-AZ_3668
ROM;0900;+0200;1650;+0200;0;AZ_2028-AZ_7830-AZ_3674
ROM;0930;+0200;1720;+0200;0;AZ_2030-AZ_7900-AZ_3662
ROM;0920;+0200;1720;+0200;0;AZ_1463-AZ_7326-AZ_3662
ROM;0920;+0200;1720;+0200;0;AZ_2310-AZ_7900-AZ_3662
ROM;1315;+0200;2115;+0200;0;AZ_1026-AZ_7832-AZ_3678
ROM;0845;+0200;1650;+0200;0;AZ_2022-AZ_7830-AZ_3674
ROM;0905;+0200;1720;+0200;0;AF_9881-AF_6211-AF_7730
ROM;0905;+0200;1720;+0200;0;AF_9881-AF_7703-AF_7730
ROM;1300;+0200;2115;+0200;0;AZ_2038-AZ_7832-AZ_3678
VCE;1755;+0200;2115;+0200;0;AZ_7362-AZ_3678
VCE;0635;+0200;1005;+0200;0;AZ_7360-AZ_3672
VCE;0635;+0200;1005;+0200;0;AF_5561-AF_5861
VCE;1755;+0200;2125;+0200;0;AF_5565-AF_5869
VCE;0700;+0200;1040;+0200;0;AF_2527-AF_7720
VCE;1000;+0200;1340;+0200;0;AF_1127-AF_7724
VCE;1250;+0200;1630;+0200;0;AF_5563-AF_5863
VCE;1805;+0200;2145;+0200;0;AF_2027-AF_7728
VCE;1800;+0200;2145;+0200;0;AF_2027-AF_7728
VCE;1250;+0200;1650;+0200;0;AZ_7852-AZ_3674
VCE;1325;+0200;1805;+0200;0;AF_4333-AF_5762
VCE;1730;+0200;2215;+0200;0;KL_1656-KL_2035
VCE;1220;+0200;1720;+0200;0;AF_1427-AF_7730
VCE;1220;+0200;1720;+0200;0;AZ_7326-AZ_3662
VCE;1250;+0200;1800;+0200;0;AF_5563-AF_5865
VCE;0710;+0200;1340;+0200;0;AF_2527-AF_7724
VCE;0710;+0200;1340;+0200;0;AZ_7334-AZ_3664
VCE;1510;+0200;2145;+0200;0;AF_1727-AF_7728
VCE;1510;+0200;2145;+0200;0;AZ_7328-AZ_3668
VCE;0700;+0200;1340;+0200;0;AF_2527-AF_7724
VCE;1250;+0200;1940;+0200;0;AZ_7852-AZ_3676
VCE;1005;+0200;1720;+0200;0;AF_1127-AF_7730
VCE;1510;+0200;2225;+0200;0;AF_1727-AF_7388
VCE;1000;+0200;1720;+0200;0;AZ_7324-AZ_3662
VCE;1000;+0200;1720;+0200;0;AF_1127-AF_7730
VCE;1250;+0200;2010;+0200;0;AF_5563-AF_5867
VCE;0710;+0200;1445;+0200;0;AF_2527-AF_7386
VCE;0700;+0200;1445;+0200;0;AF_2527-AF_7386
VCE;1325;+0200;2110;+0200;0;AF_4333-AF_7612
VCE;1250;+0200;2115;+0200;0;AZ_7852-AZ_3678
VCE;1250;+0200;2125;+0200;0;AF_5563-AF_5869
VCE;1325;+0200;2210;+0200;0;AF_4333-AF_5764
VCE;0645;+0200;1600;+0200;0;KL_1650-KL_2049
VCE;1220;+0200;2145;+0200;0;AZ_7326-AZ_3668
VCE;1220;+0200;2145;+0200;0;AF_1427-AF_7728
VCE;1235;+0200;2215;+0200;0;KL_1654-KL_2035
VCE;0635;+0200;1630;+0200;0;AF_5561-AF_5863
VCE;1550;+0200;2115;+0200;0;AZ_1476-AZ_7840-AZ_3678
VCE;0710;+0200;1325;+0200;0;AF_2527-AF_7622-AF_3203
VCE;1500;+0200;2115;+0200;0;AZ_1462-AZ_7840-AZ_3678
VCE;1510;+0200;2130;+0200;0;AF_1727-AF_7788-AF_5652
VCE;0700;+0200;1325;+0200;0;AF_2527-AF_7622-AF_3203
VCE;1005;+0200;1630;+0200;0;AF_1127-AF_7644-AF_5863
VCE;1000;+0200;1630;+0200;0;AF_1127-AF_7644-AF_5863
VCE;1020;+0200;1650;+0200;0;AZ_1466-AZ_7838-AZ_3674
VCE;1000;+0200;1645;+0200;0;AF_1127-AF_5304-AF_3264
VCE;0645;+0200;1340;+0200;0;KL_1650-KL_2003-KL_2310
VCE;1510;+0200;2205;+0200;0;AF_1727-AF_7788-AF_7862
VCE;0635;+0200;1340;+0200;0;AF_5561-AF_7653-AF_7724
VCE;0630;+0200;1340;+0200;0;AZ_1460-AZ_318-AZ_3664
VCE;1400;+0200;2115;+0200;0;AZ_1470-AZ_7840-AZ_3678
VCE;1220;+0200;1940;+0200;0;AF_1427-AF_6266-AF_3207
VCE;1220;+0200;1940;+0200;0;AF_1427-AF_7634-AF_3207
VCE;0800;+0200;1525;+0200;0;AZ_1464-AZ_1016-AZ_7382
VCE;1220;+0200;2010;+0200;0;AF_1427-AF_7646-AF_5867
VCE;1005;+0200;1800;+0200;0;AF_1127-AF_7644-AF_5865
VCE;0725;+0200;1525;+0200;0;AZ_1468-AZ_2310-AZ_7382
VCE;0725;+0200;1525;+0200;0;AZ_1468-AZ_1016-AZ_7382
VCE;1000;+0200;1800;+0200;0;AF_1127-AF_7644-AF_5865
VCE;1005;+0200;1805;+0200;0;AF_1127-AF_7664-AF_5762
VCE;1000;+0200;1805;+0200;0;AF_1127-AF_7664-AF_5762
VCE;0635;+0200;1445;+0200;0;AF_5561-AF_7417-AF_7386
VCE;1005;+0200;1815;+0200;0;AF_1127-AF_6154-AF_5650
VCE;1005;+0200;1815;+0200;0;AF_1127-AF_6128-AF_5650
VCE;1005;+0200;1815;+0200;0;AF_1127-AF_7794-AF_5650
VCE;1000;+0200;1815;+0200;0;AF_1127-AF_6154-AF_5650
VCE;1000;+0200;1815;+0200;0;AF_1127-AF_7794-AF_5650
VCE;1000;+0200;1815;+0200;0;AF_1127-AF_6128-AF_5650
VCE;1000;+0200;1815;+0200;0;AF_1127-AF_6126-AF_5650
VCE;0800;+0200;1650;+0200;0;AZ_1464-AZ_7838-AZ_3674
VCE;1220;+0200;2110;+0200;0;AF_1427-AF_7666-AF_7612
VCE;0630;+0200;1525;+0200;0;AZ_1460-AZ_1024-AZ_7382
VCE;0630;+0200;1525;+0200;0;AZ_1460-AZ_2028-AZ_7382
VCE;0630;+0200;1525;+0200;0;AZ_1460-AZ_2310-AZ_7382
VCE;0630;+0200;1525;+0200;0;AZ_1460-AZ_2022-AZ_7382
VCE;0630;+0200;1525;+0200;0;AZ_1460-AZ_2026-AZ_7382
VCE;0630;+0200;1525;+0200;0;AZ_1460-AZ_1016-AZ_7382
VCE;1220;+0200;2115;+0200;0;AF_1427-AF_7706-AF_7890
VCE;1220;+0200;2115;+0200;0;AF_1427-AF_6226-AF_7890
VCE;1250;+0200;2145;+0200;0;AF_5563-AF_7645-AF_7728
VCE;1325;+0200;2225;+0200;0;AF_4333-AF_6043-AF_7388
VCE;1325;+0200;2225;+0200;0;AF_4333-AF_6037-AF_7388
VCE;1325;+0200;2225;+0200;0;AF_4333-AF_6039-AF_7388
VCE;1325;+0200;2225;+0200;0;AF_4333-AF_6047-AF_7388
VCE;1325;+0200;2225;+0200;0;AF_4333-AF_6045-AF_7388
VCE;1220;+0200;2125;+0200;0;AF_1427-AF_7646-AF_5869
VCE;1220;+0200;2130;+0200;0;AF_1427-AF_7788-AF_5652
VCE;1220;+0200;2130;+0200;0;AF_1427-AF_6136-AF_5652
VCE;1220;+0200;2130;+0200;0;AF_1427-AF_6138-AF_5652
VCE;1220;+0200;2130;+0200;0;AF_1427-AF_6134-AF_5652
VCE;1220;+0200;2130;+0200;0;AF_1427-AF_6140-AF_5652
VCE;1220;+0200;2130;+0200;0;AF_1427-AF_7786-AF_5652
VCE;1220;+0200;2130;+0200;0;AF_1427-AF_6146-AF_5652
VCE;1235;+0200;2145;+0200;0;KL_1654-KL_2013-KL_2314
VCE;1235;+0200;2145;+0200;0;KL_1654-KL_1245-KL_2314
VCE;1235;+0200;2145;+0200;0;KL_1654-KL_1243-KL_2314
VCE;0710;+0200;1630;+0200;0;AF_2527-AF_7414-AF_5863
VCE;0710;+0200;1630;+0200;0;AF_2527-AF_7644-AF_5863
VCE;0800;+0200;1720;+0200;0;AZ_1464-AZ_7300-AZ_3662
VCE;1020;+0200;1940;+0200;0;AZ_1466-AZ_7838-AZ_3676
VCE;0725;+0200;1650;+0200;0;AZ_1468-AZ_7838-AZ_3674
VCE;0700;+0200;1630;+0200;0;AF_2527-AF_7652-AF_5863
VCE;0700;+0200;1630;+0200;0;AF_2527-AF_7414-AF_5863
VCE;0700;+0200;1630;+0200;0;AF_2527-AF_7644-AF_5863
VCE;0710;+0200;1645;+0200;0;AF_2527-AF_7436-AF_3264
VCE;0710;+0200;1645;+0200;0;AF_2527-AF_6020-AF_7610
VCE;0710;+0200;1645;+0200;0;AF_2527-AF_7662-AF_7610
VCE;0710;+0200;1645;+0200;0;AF_2527-AF_5304-AF_3264
VCE;1005;+0200;1940;+0200;0;AF_1127-AF_7634-AF_3207
VCE;1005;+0200;1940;+0200;0;AF_1127-AF_6264-AF_3207
VCE;1005;+0200;1940;+0200;0;AF_1127-AF_6266-AF_3207
VCE;1005;+0200;1940;+0200;0;AF_1127-AF_7624-AF_3207
VCE;1005;+0200;1940;+0200;0;AF_1127-AF_6262-AF_3207
VCE;1250;+0200;2225;+0200;0;AF_5563-AF_7645-AF_7388
VCE;1250;+0200;2225;+0200;0;AF_5563-AF_7415-AF_7388
VCE;1000;+0200;1940;+0200;0;AF_1127-AF_7634-AF_3207
VCE;1000;+0200;1940;+0200;0;AF_1127-AF_7624-AF_3207
VCE;1000;+0200;1940;+0200;0;AF_1127-AF_6262-AF_3207
VCE;1000;+0200;1940;+0200;0;AF_1127-AF_6266-AF_3207
VCE;1000;+0200;1940;+0200;0;AF_1127-AF_6264-AF_3207
VCE;0700;+0200;1645;+0200;0;AF_2527-AF_7436-AF_3264
VCE;0700;+0200;1645;+0200;0;AF_2527-AF_7662-AF_7610
VCE;0700;+0200;1645;+0200;0;AF_2527-AF_5302-AF_3264
VCE;0700;+0200;1645;+0200;0;AF_2527-AF_5304-AF_3264
VCE;0700;+0200;1645;+0200;0;AF_2527-AF_6020-AF_7610
VCE;1220;+0200;2205;+0200;0;AF_1427-AF_6136-AF_7862
VCE;1220;+0200;2205;+0200;0;AF_1427-AF_6140-AF_7862
VCE;1220;+0200;2205;+0200;0;AF_1427-AF_7786-AF_7862
VCE;1220;+0200;2205;+0200;0;AF_1427-AF_6138-AF_7862
VCE;1220;+0200;2205;+0200;0;AF_1427-AF_7788-AF_7862
VCE;1220;+0200;2205;+0200;0;AF_1427-AF_6142-AF_7862
VCE;1220;+0200;2205;+0200;0;AF_1427-AF_6146-AF_7862
VCE;1220;+0200;2205;+0200;0;AF_1427-AF_6134-AF_7862
VCE;1220;+0200;2210;+0200;0;AF_1427-AF_7666-AF_5764
VCE;1220;+0200;2210;+0200;0;AF_1427-AF_6036-AF_5764
VCE;1220;+0200;2210;+0200;0;AF_1427-AF_6038-AF_5764
VCE;0725;+0200;1720;+0200;0;AZ_1468-AZ_7300-AZ_3662
TLS;0820;+0200;0920;+0200;0;AF_5656
TLS;0950;+0200;1050;+0200;0;AF_7860
TLS;1715;+0200;1815;+0200;0;AF_5650
TLS;2030;+0200;2130;+0200;0;AF_5652
TLS;2105;+0200;2205;+0200;0;AF_7862
TLS;1345;+0200;1630;+0200;0;AF_7849-AF_5863
TLS;0700;+0200;1005;+0200;0;AF_7841-AF_5861
TLS;1820;+0200;2125;+0200;0;AF_7851-AF_5869
TLS;0915;+0200;1225;+0200;0;AF_6115-AF_7384
TLS;1915;+0200;2225;+0200;0;AF_6143-AF_7388
TLS;0715;+0200;1030;+0200;0;AF_6105-AF_7382
TLS;1650;+0200;2010;+0200;0;AF_7843-AF_5867
TLS;0715;+0200;1040;+0200;0;AF_7793-AF_7720
TLS;0710;+0200;1040;+0200;0;AF_7793-AF_7720
TLS;0640;+0200;1015;+0200;0;AF_5539-AF_5770
TLS;0845;+0200;1225;+0200;0;AF_6111-AF_7384
TLS;1600;+0200;1940;+0200;0;AF_5509-AF_3144
TLS;1845;+0200;2225;+0200;0;AF_6141-AF_7388
TLS;0645;+0200;1030;+0200;0;AF_6103-AF_7382
TLS;1800;+0200;2145;+0200;0;AF_7789-AF_7728
TLS;1045;+0200;1445;+0200;0;AF_6117-AF_7386
TLS;0705;+0200;1110;+0200;0;AF_5590-AF_7690
TLS;0700;+0200;1110;+0200;0;IB_8765-IB_8546
TLS;0815;+0200;1225;+0200;0;AF_6153-AF_7384
TLS;1815;+0200;2225;+0200;0;AF_6139-AF_7388
TLS;0600;+0200;1015;+0200;0;AF_7868-AF_5770
TLS;0615;+0200;1030;+0200;0;AF_6101-AF_7382
TLS;1345;+0200;1800;+0200;0;AF_7849-AF_5865
TLS;1255;+0200;1720;+0200;0;AF_7785-AF_7730
TLS;1800;+0200;2225;+0200;0;AF_6157-AF_7388
TLS;0600;+0200;1030;+0200;0;AF_6155-AF_7382
TLS;1015;+0200;1445;+0200;0;AF_6113-AF_7386
TLS;1650;+0200;2125;+0200;0;AF_7843-AF_5869
TLS;0605;+0200;1045;+0200;0;AF_8260-AF_5365
TLS;0605;+0200;1045;+0200;0;KL_1300-KL_2033
TLS;0745;+0200;1225;+0200;0;AF_6107-AF_7384
TLS;0730;+0200;1225;+0200;0;AF_7657-AF_7610
TLS;1730;+0200;2225;+0200;0;AF_6137-AF_7388
TLS;0945;+0200;1445;+0200;0;AF_6109-AF_7386
TLS;1715;+0200;2215;+0200;0;KL_1312-KL_2035
TLS;1710;+0200;2215;+0200;0;AF_8264-AF_5369
TLS;0715;+0200;1225;+0200;0;AF_6105-AF_7384
TLS;1715;+0200;2225;+0200;0;AF_6135-AF_7388
TLS;0705;+0200;1225;+0200;0;AF_5590-AF_7610
TLS;0815;+0200;1340;+0200;0;AF_6153-AF_7724
TLS;0915;+0200;1445;+0200;0;AF_6115-AF_7386
TLS;1600;+0200;2130;+0200;0;AF_5509-AF_3146
TLS;1615;+0200;2145;+0200;0;AF_7787-AF_7728
TLS;1615;+0200;2145;+0200;0;AF_6131-AF_7728
TLS;1145;+0200;1720;+0200;0;AF_6119-AF_7730
TLS;1535;+0200;2110;+0200;0;AF_5594-AF_7612
TLS;0645;+0200;1225;+0200;0;AF_6103-AF_7384
TLS;1645;+0200;2225;+0200;0;AF_6133-AF_7388
TLS;1655;+0200;2235;+0200;0;IB_8771-IB_8544
TLS;0745;+0200;1340;+0200;0;AF_6107-AF_7724
TLS;0845;+0200;1445;+0200;0;AF_6111-AF_7386
TLS;1545;+0200;2145;+0200;0;AF_6129-AF_7728
TLS;0615;+0200;1225;+0200;0;AF_6101-AF_7384
TLS;1615;+0200;2225;+0200;0;AF_7787-AF_7388
TLS;1615;+0200;2225;+0200;0;AF_6131-AF_7388
TLS;0600;+0200;1225;+0200;0;AF_6155-AF_7384
TLS;0715;+0200;1340;+0200;0;AF_7793-AF_7724
TLS;0715;+0200;1340;+0200;0;AF_6105-AF_7724
TLS;1345;+0200;2010;+0200;0;AF_7849-AF_5867
TLS;0710;+0200;1340;+0200;0;AF_7793-AF_7724
TLS;0730;+0200;1400;+0200;0;AF_7657-AF_5766
TLS;0815;+0200;1445;+0200;0;AF_6153-AF_7386
TLS;1050;+0200;1720;+0200;0;AF_7795-AF_7730
TLS;1515;+0200;2145;+0200;0;AF_6167-AF_7728
TLS;1045;+0200;1720;+0200;0;AF_6117-AF_7730
TLS;1535;+0200;2210;+0200;0;AF_5594-AF_5764
TLS;1545;+0200;2225;+0200;0;AF_6129-AF_7388
TLS;1110;+0200;1800;+0200;0;TU_283-TU_810
TLS;0645;+0200;1340;+0200;0;AF_6103-AF_7724
TLS;0705;+0200;1400;+0200;0;AF_5590-AF_5766
TLS;0745;+0200;1445;+0200;0;AF_6107-AF_7386
TLS;1245;+0200;1645;+0200;0;AF_6121-AF_7436-AF_3264
TLS;0915;+0200;1325;+0200;0;AF_6115-AF_6258-AF_3203
TLS;1515;+0200;1940;+0200;0;AF_6167-AF_6266-AF_3207
TLS;0845;+0200;1325;+0200;0;AF_6111-AF_6258-AF_3203
TLS;1145;+0200;1645;+0200;0;AF_6119-AF_7436-AF_3264
TLS;0815;+0200;1325;+0200;0;AF_6153-AF_6258-AF_3203
TLS;0745;+0200;1325;+0200;0;AF_6107-AF_6258-AF_3203
TLS;1050;+0200;1630;+0200;0;AF_7795-AF_7644-AF_5863
TLS;0640;+0200;1225;+0200;0;AF_5539-AF_7305-AF_7384
TLS;1045;+0200;1630;+0200;0;AF_6117-AF_7414-AF_5863
TLS;1615;+0200;2205;+0200;0;AF_6131-AF_7552-AF_3275
TLS;1345;+0200;1940;+0200;0;AF_6123-AF_6266-AF_3207
TLS;1345;+0200;1940;+0200;0;AF_6123-AF_6264-AF_3207
TLS;1045;+0200;1645;+0200;0;AF_6117-AF_7436-AF_3264
TLS;1515;+0200;2115;+0200;0;AF_6167-AF_6226-AF_7890
TLS;0715;+0200;1325;+0200;0;AF_7793-AF_7622-AF_3203
TLS;0715;+0200;1325;+0200;0;AF_6105-AF_6258-AF_3203
TLS;0715;+0200;1325;+0200;0;AF_6105-AF_6256-AF_3203
TLS;0835;+0200;1445;+0200;0;AF_7847-AF_7417-AF_7386
TLS;0710;+0200;1325;+0200;0;AF_7793-AF_7622-AF_3203
TLS;1015;+0200;1630;+0200;0;AF_6113-AF_7414-AF_5863
TLS;1545;+0200;2205;+0200;0;AF_6129-AF_7552-AF_3275
TLS;0600;+0200;1225;+0200;0;AF_7868-AF_7305-AF_7384
TLS;1545;+0200;2210;+0200;0;AF_6129-AF_7310-AF_5772
TLS;1545;+0200;2210;+0200;0;AF_6129-AF_6038-AF_5764
TLS;1015;+0200;1645;+0200;0;AF_6113-AF_6020-AF_7610
TLS;1015;+0200;1645;+0200;0;AF_6113-AF_7436-AF_3264
TLS;0645;+0200;1325;+0200;0;AF_6103-AF_6258-AF_3203
TLS;0645;+0200;1325;+0200;0;AF_6103-AF_6256-AF_3203
TLS;0700;+0200;1340;+0200;0;AF_7841-AF_7653-AF_7724
TLS;0715;+0200;1400;+0200;0;AF_7793-AF_7662-AF_5766
TLS;0945;+0200;1630;+0200;0;AF_6109-AF_7414-AF_5863
TLS;1255;+0200;1940;+0200;0;AF_7785-AF_7634-AF_3207
TLS;0710;+0200;1400;+0200;0;AF_7793-AF_7662-AF_5766
TLS;1515;+0200;2205;+0200;0;AF_6167-AF_7552-AF_3275
TLS;1515;+0200;2205;+0200;0;AF_6167-AF_7544-AF_3275
TLS;1535;+0200;2225;+0200;0;AF_5594-AF_6043-AF_7388
TLS;1535;+0200;2225;+0200;0;AF_5594-AF_6047-AF_7388
TLS;1535;+0200;2225;+0200;0;AF_5594-AF_6045-AF_7388
TLS;1245;+0200;1940;+0200;0;AF_6121-AF_6262-AF_3207
TLS;1245;+0200;1940;+0200;0;AF_6121-AF_6264-AF_3207
TLS;1245;+0200;1940;+0200;0;AF_6121-AF_6266-AF_3207
TLS;1515;+0200;2210;+0200;0;AF_6167-AF_7310-AF_5772
TLS;1515;+0200;2210;+0200;0;AF_6167-AF_6036-AF_5764
TLS;1515;+0200;2210;+0200;0;AF_6167-AF_6038-AF_5764
TLS;0945;+0200;1645;+0200;0;AF_6109-AF_7436-AF_3264
TLS;0945;+0200;1645;+0200;0;AF_6109-AF_6020-AF_7610
TLS;1045;+0200;1745;+0200;0;AF_6117-AF_7548-AF_3273
PAR;0935;+0200;1040;+0200;0;AF_7720
PAR;1235;+0200;1340;+0200;0;AF_7724
PAR;1615;+0200;1720;+0200;0;AF_7730
PAR;2040;+0200;2145;+0200;0;AF_7728
PAR;0915;+0200;1030;+0200;0;AF_7382
PAR;1110;+0200;1225;+0200;0;AF_7384
PAR;1330;+0200;1445;+0200;0;AF_7386
PAR;2110;+0200;2225;+0200;0;AF_7388
PAR;1338;+0200;1547;+0200;0;SS_8229
PAR;1338;+0200;1547;+0200;0;TX_5427
PAR;0948;+0200;1248;+0200;0;WY_4527
PAR;0948;+0200;1248;+0200;0;CX_9519
PAR;2048;+0200;2349;+0200;0;WY_4528
PAR;1440;+0200;1645;+0200;0;AF_7436-AF_3264
PAR;1110;+0200;1325;+0200;0;AF_6258-AF_3203
PAR;0720;+0200;0940;+0200;0;AF_7430-AF_3260
PAR;0650;+0200;0920;+0200;0;AF_6102-AF_5656
PAR;0820;+0200;1050;+0200;0;AF_6108-AF_7860
PAR;1710;+0200;1940;+0200;0;AF_6266-AF_3207
PAR;1535;+0200;1815;+0200;0;AF_6128-AF_5650
PAR;1850;+0200;2130;+0200;0;AF_6140-AF_5652
PAR;1920;+0200;2205;+0200;0;AF_6142-AF_7862
PAR;0725;+0200;1015;+0200;0;AF_7320-AF_5770
PAR;0800;+0200;1050;+0200;0;AF_6106-AF_7860
PAR;1030;+0200;1325;+0200;0;AF_7622-AF_3203
PAR;1520;+0200;1815;+0200;0;AF_6154-AF_5650
PAR;0620;+0200;0920;+0200;0;AF_6152-AF_5656
PAR;1830;+0200;2130;+0200;0;AF_7788-AF_5652
PAR;1820;+0200;2130;+0200;0;AF_6138-AF_5652
PAR;1315;+0200;1630;+0200;0;AF_7644-AF_5863
PAR;1850;+0200;2205;+0200;0;AF_6140-AF_7862
PAR;0730;+0200;1050;+0200;0;AF_7780-AF_7860
PAR;1450;+0200;1815;+0200;0;AF_6126-AF_5650
PAR;0720;+0200;1050;+0200;0;AF_6104-AF_7860
PAR;1610;+0200;1940;+0200;0;AF_6264-AF_3207
PAR;1830;+0200;2205;+0200;0;AF_7788-AF_7862
PAR;1250;+0200;1630;+0200;0;AF_7414-AF_5863
PAR;1750;+0200;2130;+0200;0;AF_6136-AF_5652
PAR;1825;+0200;2205;+0200;0;AF_7686-AF_3275
PAR;1555;+0200;1940;+0200;0;AF_7634-AF_3207
PAR;1730;+0200;2115;+0200;0;AF_6226-AF_7890
PAR;1820;+0200;2205;+0200;0;AF_6138-AF_7862
PAR;1820;+0200;2205;+0200;0;AF_7552-AF_3275
PAR;1825;+0200;2215;+0200;0;KL_2022-KL_2035
PAR;1825;+0200;2215;+0200;0;AF_2240-AF_5369
PAR;1420;+0200;1815;+0200;0;AF_6124-AF_5650
PAR;1735;+0200;2130;+0200;0;AF_6146-AF_5652
PAR;0650;+0200;1050;+0200;0;AF_6102-AF_7860
PAR;0700;+0200;1110;+0200;0;AF_6004-AF_7690
PAR;1235;+0200;1645;+0200;0;AF_5304-AF_3264
PAR;1600;+0200;2010;+0200;0;AF_7646-AF_5867
PAR;1700;+0200;2110;+0200;0;AF_6034-AF_7612
PAR;1720;+0200;2130;+0200;0;AF_6134-AF_5652
PAR;1800;+0200;2210;+0200;0;AF_6038-AF_5764
PAR;0910;+0200;1325;+0200;0;AF_6256-AF_3203
PAR;1230;+0200;1645;+0200;0;AF_6020-AF_7610
PAR;1750;+0200;2205;+0200;0;AF_6136-AF_7862
LIS;0820;+0100;1340;+0200;0;AF_2325-AF_7724
LIS;1635;+0100;2235;+0200;0;IB_3103-IB_8544
LIS;1115;+0100;1720;+0200;0;AF_1025-AF_7730
LIS;1535;+0100;2145;+0200;0;AF_1625-AF_7728
LIS;1535;+0100;2215;+0200;0;KL_1694-KL_2035
LIS;0800;+0100;1525;+0200;0;AZ_7753-AZ_7382
LIS;0600;+0100;1340;+0200;0;AF_2325-AF_7724
LIS;0600;+0100;1445;+0200;0;AF_2325-AF_7386
LIS;0715;+0100;1600;+0200;0;KL_1692-KL_2049
LIS;0820;+0100;1720;+0200;0;AF_2325-AF_7730
LIS;1235;+0100;2235;+0200;0;IB_3109-IB_8544
LIS;1115;+0100;2145;+0200;0;AF_1025-AF_7728
LIS;1115;+0100;2225;+0200;0;AF_1025-AF_7388
LIS;0600;+0100;1720;+0200;0;AF_2325-AF_7730
LIS;0600;+0100;1325;+0200;0;AF_2325-AF_7622-AF_3203
LIS;1115;+0100;1940;+0200;0;AF_1025-AF_7634-AF_3207
LIS;0830;+0100;1735;+0200;0;IB_3107-IB_6764-IB_8560
LIS;0830;+0100;1755;+0200;0;IB_3107-IB_6764-IB_8560
LIS;0820;+0100;1805;+0200;0;AF_2325-AF_7664-AF_5762
LIS;0820;+0100;1815;+0200;0;AF_2325-AF_7794-AF_5650
LIS;0820;+0100;1815;+0200;0;AF_2325-AF_6126-AF_5650
LIS;0820;+0100;1815;+0200;0;AF_2325-AF_6128-AF_5650
LIS;0820;+0100;1815;+0200;0;AF_2325-AF_6154-AF_5650
LIS;1115;+0100;2110;+0200;0;AF_1025-AF_7666-AF_7612
LIS;1115;+0100;2130;+0200;0;AF_1025-AF_6136-AF_5652
LIS;1115;+0100;2130;+0200;0;AF_1025-AF_7788-AF_5652
LIS;1115;+0100;2130;+0200;0;AF_1025-AF_6140-AF_5652
LIS;1115;+0100;2130;+0200;0;AF_1025-AF_6138-AF_5652
LIS;1115;+0100;2130;+0200;0;AF_1025-AF_7786-AF_5652
LIS;0655;+0100;1735;+0200;0;IB_3119-IB_6764-IB_8560
LIS;0600;+0100;1645;+0200;0;AF_2325-AF_6020-AF_7610
LIS;0600;+0100;1645;+0200;0;AF_2325-AF_7662-AF_7610
LIS;1115;+0100;2205;+0200;0;AF_1025-AF_6140-AF_7862
LIS;1115;+0100;2205;+0200;0;AF_1025-AF_6138-AF_7862
LIS;1115;+0100;2205;+0200;0;AF_1025-AF_6142-AF_7862
LIS;1115;+0100;2205;+0200;0;AF_1025-AF_6136-AF_7862
LIS;1115;+0100;2205;+0200;0;AF_1025-AF_7788-AF_7862
LIS;1115;+0100;2205;+0200;0;AF_1025-AF_7786-AF_7862
LIS;1115;+0100;2210;+0200;0;AF_1025-AF_6038-AF_5764
LIS;1115;+0100;2210;+0200;0;AF_1025-AF_7666-AF_5764
LIS;0655;+0100;1755;+0200;0;IB_3119-IB_6764-IB_8560
LIS;0820;+0100;1940;+0200;0;AF_2325-AF_6264-AF_3207
LIS;0820;+0100;1940;+0200;0;AF_2325-AF_6266-AF_3207
LIS;0820;+0100;1940;+0200;0;AF_2325-AF_6262-AF_3207
LIS;0820;+0100;1940;+0200;0;AF_2325-AF_7624-AF_3207
LIS;0820;+0100;1940;+0200;0;AF_2325-AF_7634-AF_3207
LIS;0600;+0100;1805;+0200;0;AF_2325-AF_7662-AF_5762
LIS;0600;+0100;1805;+0200;0;AF_2325-AF_6020-AF_5762
LIS;0600;+0100;1805;+0200;0;AF_2325-AF_7664-AF_5762
LIS;0600;+0100;1815;+0200;0;AF_2325-AF_6166-AF_5650
LIS;0600;+0100;1815;+0200;0;AF_2325-AF_6126-AF_5650
LIS;0600;+0100;1815;+0200;0;AF_2325-AF_6124-AF_5650
LIS;0600;+0100;1815;+0200;0;AF_2325-AF_6154-AF_5650
LIS;0600;+0100;1815;+0200;0;AF_2325-AF_6128-AF_5650
LIS;0600;+0100;1815;+0200;0;AF_2325-AF_6122-AF_5650
LIS;0600;+0100;1815;+0200;0;AF_2325-AF_7794-AF_5650
GVA;0730;+0200;1040;+0200;0;AF_1243-AF_7720
GVA;1030;+0200;1340;+0200;0;AF_1643-AF_7724
GVA;1830;+0200;2145;+0200;0;AF_2443-AF_7728
GVA;1400;+0200;1720;+0200;0;AF_2043-AF_7730
GVA;1155;+0200;1600;+0200;0;KL_1928-KL_2049
GVA;0900;+0200;1340;+0200;0;AF_1543-AF_7724
GVA;1700;+0200;2145;+0200;0;AF_2343-AF_7728
GVA;1705;+0200;2215;+0200;0;KL_1932-KL_2035
GVA;1205;+0200;1720;+0200;0;AF_1843-AF_7730
GVA;1200;+0200;1720;+0200;0;AF_1843-AF_7730
GVA;1700;+0200;2225;+0200;0;AF_2343-AF_7388
GVA;0900;+0200;1445;+0200;0;AF_1543-AF_7386
GVA;0730;+0200;1340;+0200;0;AF_1243-AF_7724
GVA;1525;+0200;2145;+0200;0;AF_2143-AF_7728
GVA;1140;+0200;1815;+0200;0;AF_4359-AF_5650
GVA;0910;+0200;1600;+0200;0;KL_1926-KL_2049
GVA;1030;+0200;1720;+0200;0;AF_1643-AF_7730
GVA;1525;+0200;2225;+0200;0;AF_2143-AF_7388
GVA;0730;+0200;1445;+0200;0;AF_1243-AF_7386
GVA;1520;+0200;2235;+0200;0;IB_3487-IB_8544
GVA;1400;+0200;2145;+0200;0;AF_2043-AF_7728
GVA;1410;+0200;2215;+0200;0;KL_1930-KL_2035
GVA;0900;+0200;1720;+0200;0;AF_1543-AF_7730
GVA;1400;+0200;2225;+0200;0;AF_2043-AF_7388
GVA;1400;+0200;1940;+0200;0;AF_2043-AF_7634-AF_3207
GVA;0730;+0200;1325;+0200;0;AF_1243-AF_7622-AF_3203
GVA;1030;+0200;1630;+0200;0;AF_1643-AF_7644-AF_5863
GVA;1525;+0200;2130;+0200;0;AF_2143-AF_7788-AF_5652
GVA;1400;+0200;2010;+0200;0;AF_2043-AF_7646-AF_5867
GVA;1030;+0200;1645;+0200;0;AF_1643-AF_5304-AF_3264
GVA;1030;+0200;1645;+0200;0;AF_1643-AF_7436-AF_3264
GVA;0730;+0200;1400;+0200;0;AF_1243-AF_7662-AF_5766
GVA;1525;+0200;2205;+0200;0;AF_2143-AF_7788-AF_7862
GVA;1525;+0200;2205;+0200;0;AF_2143-AF_7686-AF_3275
GVA;1525;+0200;2215;+0200;0;AF_2143-AF_2240-AF_5369
GVA;0900;+0200;1600;+0200;0;AF_1543-AF_1640-AF_5367
GVA;1400;+0200;2110;+0200;0;AF_2043-AF_7666-AF_7612
GVA;1400;+0200;2115;+0200;0;AF_2043-AF_7706-AF_7890
GVA;1400;+0200;2125;+0200;0;AF_2043-AF_7646-AF_5869
GVA;0900;+0200;1630;+0200;0;AF_1543-AF_7644-AF_5863
GVA;1030;+0200;1800;+0200;0;AF_1643-AF_7644-AF_5865
GVA;1400;+0200;2130;+0200;0;AF_2043-AF_6138-AF_5652
GVA;1400;+0200;2130;+0200;0;AF_2043-AF_7788-AF_5652
GVA;1400;+0200;2130;+0200;0;AF_2043-AF_7786-AF_5652
GVA;1400;+0200;2130;+0200;0;AF_2043-AF_6140-AF_5652
GVA;1030;+0200;1805;+0200;0;AF_1643-AF_7664-AF_5762
GVA;1205;+0200;1940;+0200;0;AF_1843-AF_6266-AF_3207
GVA;1205;+0200;1940;+0200;0;AF_1843-AF_7634-AF_3207
GVA;1410;+0200;2145;+0200;0;KL_1930-KL_1243-KL_2314
GVA;1410;+0200;2145;+0200;0;KL_1930-KL_1245-KL_2314
GVA;1200;+0200;1940;+0200;0;AF_1843-AF_6264-AF_3207
GVA;1200;+0200;1940;+0200;0;AF_1843-AF_7634-AF_3207
GVA;1200;+0200;1940;+0200;0;AF_1843-AF_6266-AF_3207
GVA;0900;+0200;1645;+0200;0;AF_1543-AF_7436-AF_3264
GVA;0900;+0200;1645;+0200;0;AF_1543-AF_5304-AF_3264
GVA;1030;+0200;1815;+0200;0;AF_1643-AF_6154-AF_5650
GVA;1030;+0200;1815;+0200;0;AF_1643-AF_6128-AF_5650
GVA;1030;+0200;1815;+0200;0;AF_1643-AF_7794-AF_5650
GVA;1030;+0200;1815;+0200;0;AF_1643-AF_6126-AF_5650
GVA;1030;+0200;1825;+0200;0;AF_1643-AF_7762-AF_5768
GVA;1205;+0200;2010;+0200;0;AF_1843-AF_7646-AF_5867
GVA;1400;+0200;2205;+0200;0;AF_2043-AF_7786-AF_7862
GVA;1400;+0200;2205;+0200;0;AF_2043-AF_7788-AF_7862
GVA;1400;+0200;2205;+0200;0;AF_2043-AF_7686-AF_3275
GVA;1400;+0200;2205;+0200;0;AF_2043-AF_6138-AF_7862
GVA;1400;+0200;2205;+0200;0;AF_2043-AF_7552-AF_3275
GVA;1400;+0200;2205;+0200;0;AF_2043-AF_6142-AF_7862
GVA;1400;+0200;2205;+0200;0;AF_2043-AF_6140-AF_7862
GVA;0910;+0200;1720;+0200;0;KL_1926-KL_2009-KL_2312
GVA;0910;+0200;1720;+0200;0;KL_1926-KL_1233-KL_2312
GVA;1200;+0200;2010;+0200;0;AF_1843-AF_7646-AF_5867
GVA;1400;+0200;2210;+0200;0;AF_2043-AF_7766-AF_5772
GVA;1400;+0200;2210;+0200;0;AF_2043-AF_7666-AF_5764
GVA;1400;+0200;2215;+0200;0;AF_2043-AF_2240-AF_5369
GVA;1400;+0200;2215;+0200;0;AF_2043-AF_2040-AF_5369
GVA;0730;+0200;1600;+0200;0;AF_1243-AF_8228-AF_5367
GVA;0730;+0200;1600;+0200;0;AF_1243-AF_1640-AF_5367
GVA;0730;+0200;1600;+0200;0;AF_1243-AF_8230-AF_5367
DUB;1715;+0100;2215;+0200;0;KL_3160-KL_2035
DUB;1155;+0100;1720;+0200;0;AF_5005-AF_7730
DUB;0945;+0100;1600;+0200;0;KL_3154-KL_2049
DUB;1500;+0100;2145;+0200;0;AF_5009-AF_7728
DUB;0620;+0100;1340;+0200;0;AF_5003-AF_7724
DUB;1500;+0100;2225;+0200;0;AF_5009-AF_7388
DUB;1445;+0100;2235;+0200;0;IB_8071-IB_8544
DUB;0910;+0100;1720;+0200;0;AF_5001-AF_7730
DUB;0620;+0100;1445;+0200;0;AF_5003-AF_7386
DUB;1330;+0100;2215;+0200;0;KL_3158-KL_2035
DUB;1155;+0100;2145;+0200;0;AF_5005-AF_7728
DUB;0600;+0100;1600;+0200;0;KL_3152-KL_2049
DUB;0900;+0100;1930;+0200;0;AF_5120-AF_5209
DUB;1155;+0100;2225;+0200;0;AF_5005-AF_7388
DUB;1130;+0100;2215;+0200;0;KL_3156-KL_2035
DUB;0620;+0100;1720;+0200;0;AF_5003-AF_7730
DUB;0720;+0100;1930;+0200;0;AF_5118-AF_5209
DUB;0945;+0100;2215;+0200;0;KL_3154-KL_2035
DUB;1530;+0100;2215;+0200;0;AF_5124-AF_5195-AF_5369
DUB;0900;+0100;1600;+0200;0;AF_5120-AF_5185-AF_5367
DUB;0620;+0100;1325;+0200;0;AF_5003-AF_7622-AF_3203
DUB;0910;+0100;1630;+0200;0;AF_5001-AF_7644-AF_5863
DUB;0720;+0100;1445;+0200;0;AF_5118-AF_5021-AF_7386
DUB;0945;+0100;1720;+0200;0;KL_3154-KL_2009-KL_2312
DUB;0600;+0100;1340;+0200;0;KL_3152-KL_2003-KL_2310
DUB;1155;+0100;1940;+0200;0;AF_5005-AF_7634-AF_3207
DUB;1155;+0100;2010;+0200;0;AF_5005-AF_7646-AF_5867
DUB;1330;+0100;2145;+0200;0;KL_3158-KL_1245-KL_2314
DUB;1330;+0100;2145;+0200;0;KL_3158-KL_1243-KL_2314
DUB;0720;+0100;1600;+0200;0;AF_5118-AF_5183-AF_5367
DUB;0720;+0100;1600;+0200;0;AF_5118-AF_5185-AF_5367
DUB;0910;+0100;1800;+0200;0;AF_5001-AF_7644-AF_5865
DUB;0910;+0100;1805;+0200;0;AF_5001-AF_7664-AF_5762
DUB;0910;+0100;1815;+0200;0;AF_5001-AF_6128-AF_5650
DUB;0910;+0100;1815;+0200;0;AF_5001-AF_6154-AF_5650
DUB;0910;+0100;1815;+0200;0;AF_5001-AF_7794-AF_5650
DUB;1155;+0100;2110;+0200;0;AF_5005-AF_7666-AF_7612
DUB;1155;+0100;2125;+0200;0;AF_5005-AF_7646-AF_5869
DUB;1155;+0100;2130;+0200;0;AF_5005-AF_7786-AF_5652
DUB;1155;+0100;2130;+0200;0;AF_5005-AF_6140-AF_5652
DUB;1155;+0100;2130;+0200;0;AF_5005-AF_6138-AF_5652
DUB;1155;+0100;2130;+0200;0;AF_5005-AF_7788-AF_5652
DUB;0720;+0100;1720;+0200;0;AF_5118-AF_5021-AF_7730
DUB;0720;+0100;1720;+0200;0;AF_5118-AF_1981-AF_7730
DUB;0620;+0100;1630;+0200;0;AF_5003-AF_7414-AF_5863
DUB;0620;+0100;1630;+0200;0;AF_5003-AF_7644-AF_5863
DUB;1155;+0100;2205;+0200;0;AF_5005-AF_6140-AF_7862
DUB;1155;+0100;2205;+0200;0;AF_5005-AF_7788-AF_7862
DUB;1155;+0100;2205;+0200;0;AF_5005-AF_6142-AF_7862
DUB;1155;+0100;2205;+0200;0;AF_5005-AF_6138-AF_7862
DUB;1155;+0100;2205;+0200;0;AF_5005-AF_7786-AF_7862
DUB;1130;+0100;2145;+0200;0;KL_3156-KL_2013-KL_2314
DUB;1130;+0100;2145;+0200;0;KL_3156-KL_1245-KL_2314
DUB;1130;+0100;2145;+0200;0;KL_3156-KL_1243-KL_2314
DUB;1155;+0100;2210;+0200;0;AF_5005-AF_6038-AF_5764
DUB;1155;+0100;2210;+0200;0;AF_5005-AF_7666-AF_5764
DUB;0620;+0100;1645;+0200;0;AF_5003-AF_7662-AF_7610
DUB;0620;+0100;1645;+0200;0;AF_5003-AF_6020-AF_7610
DUB;0910;+0100;1940;+0200;0;AF_5001-AF_6264-AF_3207
DUB;0910;+0100;1940;+0200;0;AF_5001-AF_7624-AF_3207
DUB;0910;+0100;1940;+0200;0;AF_5001-AF_6262-AF_3207
DUB;0910;+0100;1940;+0200;0;AF_5001-AF_7634-AF_3207
DUB;0910;+0100;1940;+0200;0;AF_5001-AF_6266-AF_3207
DUB;0910;+0100;2010;+0200;0;AF_5001-AF_7644-AF_5867
DUB;0910;+0100;2010;+0200;0;AF_5001-AF_7646-AF_5867
DUB;0600;+0100;1720;+0200;0;KL_3152-KL_2007-KL_2312
DUB;0600;+0100;1720;+0200;0;KL_3152-KL_2003-KL_2312
DUB;0600;+0100;1720;+0200;0;KL_3152-KL_2009-KL_2312
DUB;0600;+0100;1720;+0200;0;KL_3152-KL_1233-KL_2312
DUB;0620;+0100;1800;+0200;0;AF_5003-AF_7414-AF_5865
DUB;0620;+0100;1800;+0200;0;AF_5003-AF_7644-AF_5865
DUB;0620;+0100;1805;+0200;0;AF_5003-AF_7664-AF_5762
DUB;0620;+0100;1805;+0200;0;AF_5003-AF_7662-AF_5762
DUB;0620;+0100;1805;+0200;0;AF_5003-AF_6020-AF_5762
DUB;0620;+0100;1815;+0200;0;AF_5003-AF_6124-AF_5650
DUB;0620;+0100;1815;+0200;0;AF_5003-AF_6166-AF_5650
DUB;0620;+0100;1815;+0200;0;AF_5003-AF_6122-AF_5650
DUB;0620;+0100;1815;+0200;0;AF_5003-AF_6128-AF_5650
DUB;0620;+0100;1815;+0200;0;AF_5003-AF_6154-AF_5650
DUB;0620;+0100;1815;+0200;0;AF_5003-AF_6126-AF_5650
DUB;0620;+0100;1815;+0200;0;AF_5003-AF_7794-AF_5650
DUB;0910;+0100;2110;+0200;0;AF_5001-AF_7664-AF_7612
DUB;0910;+0100;2110;+0200;0;AF_5001-AF_6032-AF_7612
DUB;0910;+0100;2110;+0200;0;AF_5001-AF_7666-AF_7612
DUB;0910;+0100;2110;+0200;0;AF_5001-AF_6034-AF_7612
DUB;0945;+0100;2145;+0200;0;KL_3154-KL_2009-KL_2314
DUB;0945;+0100;2145;+0200;0;KL_3154-KL_1245-KL_2314
DUB;0945;+0100;2145;+0200;0;KL_3154-KL_1243-KL_2314
DUB;0945;+0100;2145;+0200;0;KL_3154-KL_2013-KL_2314
DUB;0910;+0100;2125;+0200;0;AF_5001-AF_7646-AF_5869
DUB;0910;+0100;2125;+0200;0;AF_5001-AF_7644-AF_5869
DUB;0910;+0100;2130;+0200;0;AF_5001-AF_6156-AF_5652
DUB;0910;+0100;2130;+0200;0;AF_5001-AF_7794-AF_5652
DUB;0910;+0100;2130;+0200;0;AF_5001-AF_6154-AF_5652
DUB;0910;+0100;2130;+0200;0;AF_5001-AF_6136-AF_5652
DUB;0910;+0100;2130;+0200;0;AF_5001-AF_6146-AF_5652
DUB;0910;+0100;2130;+0200;0;AF_5001-AF_7788-AF_5652
DUB;0910;+0100;2130;+0200;0;AF_5001-AF_6140-AF_5652
DUB;0910;+0100;2130;+0200;0;AF_5001-AF_6134-AF_5652
DUB;0910;+0100;2130;+0200;0;AF_5001-AF_6132-AF_5652
DUB;0910;+0100;2130;+0200;0;AF_5001-AF_7786-AF_5652
DUB;0910;+0100;2130;+0200;0;AF_5001-AF_6128-AF_5652
DUB;0910;+0100;2130;+0200;0;AF_5001-AF_6130-AF_5652
DUB;0910;+0100;2130;+0200;0;AF_5001-AF_6138-AF_5652
AMS;0915;+0200;1045;+0200;0;AF_5365
AMS;0915;+0200;1045;+0200;0;KL_2033
AMS;1430;+0200;1600;+0200;0;AF_5367
AMS;1430;+0200;1600;+0200;0;KL_2049
AMS;2045;+0200;2215;+0200;0;KL_2035
AMS;2045;+0200;2215;+0200;0;AF_5369
AMS;1010;+0200;1325;+0200;0;AF_8301-AF_3203
AMS;0715;+0200;1040;+0200;0;KL_1227-KL_2308
AMS;0715;+0200;1040;+0200;0;AF_8227-AF_7720
AMS;1355;+0200;1720;+0200;0;AF_1641-AF_7730
AMS;1355;+0200;1720;+0200;0;KL_2009-KL_2312
AMS;1420;+0200;1800;+0200;0;AF_1257-AF_5865
AMS;1435;+0200;1815;+0200;0;AF_8263-AF_5650
AMS;1800;+0200;2145;+0200;0;AF_8241-AF_7728
AMS;1800;+0200;2145;+0200;0;KL_1245-KL_2314
AMS;0645;+0200;1040;+0200;0;KL_1223-KL_2308
AMS;0645;+0200;1040;+0200;0;AF_8223-AF_7720
AMS;1525;+0200;1930;+0200;0;AF_5192-AF_5209
AMS;0930;+0200;1340;+0200;0;KL_2003-KL_2310
AMS;0930;+0200;1340;+0200;0;AF_1241-AF_7724
AMS;1220;+0200;1645;+0200;0;AF_3263-AF_3264
AMS;1230;+0200;1720;+0200;0;KL_1233-KL_2312
AMS;1230;+0200;1720;+0200;0;AF_8233-AF_7730
AMS;1655;+0200;2145;+0200;0;AF_8239-AF_7728
AMS;1655;+0200;2145;+0200;0;KL_1243-KL_2314
AMS;1620;+0200;2115;+0200;0;AF_8435-AF_7890
AMS;1010;+0200;1525;+0200;0;AZ_7719-AZ_7382
AMS;1420;+0200;1940;+0200;0;AF_8341-AF_3207
AMS;1655;+0200;2225;+0200;0;AF_8239-AF_7388
AMS;0645;+0200;1225;+0200;0;AF_8223-AF_7384
AMS;0800;+0200;1340;+0200;0;KL_1229-KL_2310
AMS;0800;+0200;1340;+0200;0;AF_8229-AF_7724
AMS;1630;+0200;2210;+0200;0;AF_5485-AF_5772
AMS;1420;+0200;2010;+0200;0;AF_1257-AF_5867
AMS;1450;+0200;2110;+0200;0;AF_8283-AF_7612
AMS;0715;+0200;1340;+0200;0;KL_1227-KL_2310
AMS;0715;+0200;1340;+0200;0;AF_8227-AF_7724
AMS;1020;+0200;1645;+0200;0;AF_8281-AF_7610
AMS;1520;+0200;2145;+0200;0;AF_1741-AF_7728
AMS;1520;+0200;2145;+0200;0;KL_2013-KL_2314
AMS;1445;+0200;2115;+0200;0;AF_8231-AF_7890
AMS;1045;+0200;1720;+0200;0;AF_1341-AF_7730
AMS;1045;+0200;1720;+0200;0;KL_2007-KL_2312
AMS;0800;+0200;1445;+0200;0;AF_8229-AF_7386
AMS;0940;+0200;1630;+0200;0;AF_1157-AF_5863
AMS;1125;+0200;1815;+0200;0;AF_8261-AF_5650
AMS;0645;+0200;1340;+0200;0;KL_1223-KL_2310
AMS;0645;+0200;1340;+0200;0;AF_8223-AF_7724
AMS;1435;+0200;2130;+0200;0;AF_8263-AF_5652
AMS;1420;+0200;2125;+0200;0;AF_1257-AF_5869
AMS;1520;+0200;2225;+0200;0;AF_1741-AF_7388
AMS;1530;+0200;2235;+0200;0;IB_3251-IB_8544
AMS;1450;+0200;2210;+0200;0;AF_8283-AF_5764
AMS;0715;+0200;1445;+0200;0;AF_8227-AF_7386
AMS;0755;+0200;1525;+0200;0;AZ_7727-AZ_7382
AMS;1435;+0200;2205;+0200;0;AF_8263-AF_7862
AMS;0800;+0200;1325;+0200;0;AF_8229-AF_7622-AF_3203
AMS;1045;+0200;1630;+0200;0;AF_1341-AF_7644-AF_5863
AMS;1355;+0200;1940;+0200;0;AF_1641-AF_7634-AF_3207
AMS;1630;+0200;2225;+0200;0;AF_5485-AF_7319-AF_7388
AMS;0845;+0200;1445;+0200;0;AF_8443-AF_6211-AF_7386
AMS;0840;+0200;1445;+0200;0;AF_5184-AF_5021-AF_7386
AMS;0715;+0200;1325;+0200;0;AF_8227-AF_7622-AF_3203
AMS;1520;+0200;2130;+0200;0;AF_1741-AF_7788-AF_5652
AMS;1355;+0200;2010;+0200;0;AF_1641-AF_7646-AF_5867
AMS;0645;+0200;1325;+0200;0;AF_8223-AF_6258-AF_3203
AMS;0645;+0200;1325;+0200;0;AF_8223-AF_7622-AF_3203
AMS;0715;+0200;1400;+0200;0;AF_8227-AF_7662-AF_5766
AMS;0800;+0200;1445;+0200;0;AF_5182-AF_5021-AF_7386
AMS;1520;+0200;2205;+0200;0;AF_1741-AF_7788-AF_7862
AMS;0930;+0200;1630;+0200;0;AF_1241-AF_7644-AF_5863
AMS;1010;+0200;1720;+0200;0;AF_8301-AF_7627-AF_7730
AMS;1230;+0200;1940;+0200;0;AF_8233-AF_6266-AF_3207
AMS;1230;+0200;1940;+0200;0;AF_8233-AF_7634-AF_3207
AMS;1435;+0200;2145;+0200;0;AF_8263-AF_7789-AF_7728
AMS;0645;+0200;1400;+0200;0;AF_8223-AF_7662-AF_5766
AMS;1045;+0200;1800;+0200;0;AF_1341-AF_7644-AF_5865
AMS;1355;+0200;2110;+0200;0;AF_1641-AF_7666-AF_7612
AMS;1000;+0200;1720;+0200;0;AF_8417-AF_3285-AF_7730
AMS;1045;+0200;1805;+0200;0;AF_1341-AF_7664-AF_5762
AMS;1420;+0200;2145;+0200;0;AF_8341-AF_7637-AF_7728
AMS;1420;+0200;2145;+0200;0;AF_1257-AF_7645-AF_7728
AMS;1045;+0200;1815;+0200;0;AF_1341-AF_7794-AF_5650
AMS;1045;+0200;1815;+0200;0;AF_1341-AF_6128-AF_5650
AMS;1045;+0200;1815;+0200;0;AF_1341-AF_6154-AF_5650
AMS;1355;+0200;2125;+0200;0;AF_1641-AF_7646-AF_5869
SXB;0850;+0200;1015;+0200;0;AF_5770
SXB;1700;+0200;1825;+0200;0;AF_5768
SXB;2045;+0200;2210;+0200;0;AF_5772
SXB;1850;+0200;2130;+0200;0;AF_5356-AF_3146
SXB;1935;+0200;2225;+0200;0;AF_7319-AF_7388
SXB;0755;+0200;1050;+0200;0;AF_7869-AF_7860
SXB;0915;+0200;1225;+0200;0;AF_7305-AF_7384
SXB;1630;+0200;1940;+0200;0;AF_5354-AF_3144
SXB;0650;+0200;1005;+0200;0;AF_5785-AF_5861
SXB;0725;+0200;1040;+0200;0;AF_7761-AF_7720
SXB;1800;+0200;2125;+0200;0;AF_5783-AF_5869
SXB;0645;+0200;1030;+0200;0;AF_7303-AF_7382
SXB;0650;+0200;1045;+0200;0;KL_2046-KL_2033
SXB;0650;+0200;1045;+0200;0;AF_5482-AF_5365
SXB;1405;+0200;1800;+0200;0;AF_5781-AF_5865
SXB;1820;+0200;2215;+0200;0;KL_2044-KL_2035
SXB;1820;+0200;2215;+0200;0;AF_5486-AF_5369
SXB;1045;+0200;1445;+0200;0;AF_7307-AF_7386
SXB;0655;+0200;1110;+0200;0;AF_5462-AF_7690
SXB;1745;+0200;2225;+0200;0;AF_7315-AF_7388
SXB;1630;+0200;2130;+0200;0;AF_5354-AF_3146
SXB;0655;+0200;1225;+0200;0;AF_5462-AF_7610
SXB;0915;+0200;1445;+0200;0;AF_7305-AF_7386
SXB;0645;+0200;1225;+0200;0;AF_7303-AF_7384
SXB;1010;+0200;1600;+0200;0;KL_2042-KL_2049
SXB;1000;+0200;1600;+0200;0;AF_5484-AF_5367
SXB;1340;+0200;1940;+0200;0;AF_5360-AF_3207
SXB;1115;+0200;1720;+0200;0;AF_7763-AF_7730
SXB;1405;+0200;2010;+0200;0;AF_5781-AF_5867
SXB;0725;+0200;1340;+0200;0;AF_7761-AF_7724
SXB;0705;+0200;1325;+0200;0;AF_5472-AF_3203
SXB;1440;+0200;2110;+0200;0;AF_5466-AF_7612
SXB;1045;+0200;1720;+0200;0;AF_7307-AF_7730
SXB;1455;+0200;2145;+0200;0;AF_7771-AF_7728
SXB;0645;+0200;1340;+0200;0;AF_7303-AF_7724
SXB;1445;+0200;2145;+0200;0;AF_7311-AF_7728
SXB;0655;+0200;1400;+0200;0;AF_5462-AF_5766
SXB;0725;+0200;1445;+0200;0;AF_7761-AF_7386
SXB;1405;+0200;2125;+0200;0;AF_5781-AF_5869
SXB;1440;+0200;2210;+0200;0;AF_5466-AF_5764
SXB;1455;+0200;2225;+0200;0;AF_7771-AF_7388
SXB;0650;+0200;1050;+0200;0;AF_5785-AF_7840-AF_7860
SXB;0645;+0200;1050;+0200;0;AF_7303-AF_6108-AF_7860
SXB;0915;+0200;1325;+0200;0;AF_7305-AF_6258-AF_3203
SXB;1745;+0200;2205;+0200;0;AF_7315-AF_6142-AF_7862
SXB;1445;+0200;1940;+0200;0;AF_7311-AF_6266-AF_3207
SXB;1115;+0200;1630;+0200;0;AF_7763-AF_7644-AF_5863
SXB;0705;+0200;1225;+0200;0;AF_5472-AF_6259-AF_7384
SXB;1405;+0200;1940;+0200;0;AF_5781-AF_7806-AF_3207
SXB;1045;+0200;1630;+0200;0;AF_7307-AF_7414-AF_5863
SXB;0725;+0200;1325;+0200;0;AF_7761-AF_7622-AF_3203
SXB;1045;+0200;1645;+0200;0;AF_7307-AF_6020-AF_7610
SXB;1045;+0200;1645;+0200;0;AF_7307-AF_7436-AF_3264
SXB;0840;+0200;1445;+0200;0;AF_5540-AF_6117-AF_7386
SXB;1445;+0200;2110;+0200;0;AF_7311-AF_6032-AF_7612
SXB;1445;+0200;2110;+0200;0;AF_7311-AF_6034-AF_7612
SXB;1445;+0200;2115;+0200;0;AF_7311-AF_6226-AF_7890
SXB;1445;+0200;2115;+0200;0;AF_7311-AF_6222-AF_7890
SXB;0650;+0200;1325;+0200;0;AF_5785-AF_7802-AF_3203
SXB;0725;+0200;1400;+0200;0;AF_7761-AF_7662-AF_5766
SXB;1455;+0200;2130;+0200;0;AF_7771-AF_7788-AF_5652
SXB;0645;+0200;1325;+0200;0;AF_7303-AF_6256-AF_3203
SXB;0645;+0200;1325;+0200;0;AF_7303-AF_6258-AF_3203
SXB;0645;+0200;1325;+0200;0;AF_7303-AF_6254-AF_3203
SXB;1115;+0200;1800;+0200;0;AF_7763-AF_7644-AF_5865
SXB;1445;+0200;2130;+0200;0;AF_7311-AF_6138-AF_5652
SXB;1445;+0200;2130;+0200;0;AF_7311-AF_6140-AF_5652
SXB;1445;+0200;2130;+0200;0;AF_7311-AF_6146-AF_5652
SXB;1445;+0200;2130;+0200;0;AF_7311-AF_6132-AF_5652
SXB;1445;+0200;2130;+0200;0;AF_7311-AF_6130-AF_5652
SXB;1445;+0200;2130;+0200;0;AF_7311-AF_6136-AF_5652
SXB;1445;+0200;2130;+0200;0;AF_7311-AF_6134-AF_5652
SXB;0650;+0200;1340;+0200;0;KL_2046-KL_2003-KL_2310
SXB;0650;+0200;1340;+0200;0;AF_5785-AF_7653-AF_7724
SXB;0650;+0200;1340;+0200;0;AF_5482-AF_1241-AF_7724
SXB;0755;+0200;1445;+0200;0;AF_7869-AF_6109-AF_7386
SXB;0755;+0200;1445;+0200;0;AF_7869-AF_6113-AF_7386
SXB;0755;+0200;1445;+0200;0;AF_7869-AF_6117-AF_7386
SXB;1115;+0200;1805;+0200;0;AF_7763-AF_7664-AF_5762
SXB;1045;+0200;1745;+0200;0;AF_7307-AF_7548-AF_3273
SXB;1115;+0200;1815;+0200;0;AF_7763-AF_7794-AF_5650
SXB;1115;+0200;1815;+0200;0;AF_7763-AF_6128-AF_5650
SXB;1010;+0200;1720;+0200;0;KL_2042-KL_2009-KL_2312
SXB;1010;+0200;1720;+0200;0;KL_2042-KL_1233-KL_2312
SXB;1010;+0200;1720;+0200;0;AF_7894-AF_7703-AF_7730
SXB;1455;+0200;2205;+0200;0;AF_7771-AF_7686-AF_3275
SXB;1455;+0200;2205;+0200;0;AF_7771-AF_7788-AF_7862
SXB;1455;+0200;2205;+0200;0;AF_7771-AF_6142-AF_7862
SXB;0645;+0200;1400;+0200;0;AF_7303-AF_6012-AF_5766
SXB;0645;+0200;1400;+0200;0;AF_7303-AF_6010-AF_5766
SXB;0915;+0200;1630;+0200;0;AF_7305-AF_7644-AF_5863
SXB;0915;+0200;1630;+0200;0;AF_7305-AF_7414-AF_5863
SXB;1045;+0200;1800;+0200;0;AF_7307-AF_7414-AF_5865
SXB;1000;+0200;1720;+0200;0;AF_5484-AF_1641-AF_7730
SXB;1000;+0200;1720;+0200;0;AF_5484-AF_8233-AF_7730
SXB;1045;+0200;1805;+0200;0;AF_7307-AF_6020-AF_5762
SXB;1445;+0200;2205;+0200;0;AF_7311-AF_7552-AF_3275
SXB;1445;+0200;2205;+0200;0;AF_7311-AF_6142-AF_7862
SXB;1445;+0200;2205;+0200;0;AF_7311-AF_6130-AF_7862
SXB;1445;+0200;2205;+0200;0;AF_7311-AF_6138-AF_7862
SXB;1445;+0200;2205;+0200;0;AF_7311-AF_7544-AF_3275
SXB;1445;+0200;2205;+0200;0;AF_7311-AF_6146-AF_7862
SXB;1445;+0200;2205;+0200;0;AF_7311-AF_6132-AF_7862
SXB;1445;+0200;2205;+0200;0;AF_7311-AF_6140-AF_7862
SXB;1445;+0200;2205;+0200;0;AF_7311-AF_6136-AF_7862
SXB;1445;+0200;2205;+0200;0;AF_7311-AF_6134-AF_7862
SXB;1455;+0200;2215;+0200;0;AF_7771-AF_2240-AF_5369
SXB;1405;+0200;2130;+0200;0;AF_5781-AF_7842-AF_5652
SXB;1405;+0200;2130;+0200;0;AF_5781-AF_7848-AF_5652
SXB;1445;+0200;2210;+0200;0;AF_7311-AF_6032-AF_5764
SXB;1445;+0200;2210;+0200;0;AF_7311-AF_6036-AF_5764
SXB;1445;+0200;2210;+0200;0;AF_7311-AF_6034-AF_5764
SXB;1445;+0200;2210;+0200;0;AF_7311-AF_6038-AF_5764
SXB;0915;+0200;1645;+0200;0;AF_7305-AF_6020-AF_7610
SXB;0915;+0200;1645;+0200;0;AF_7305-AF_7436-AF_3264
SXB;1045;+0200;1815;+0200;0;AF_7307-AF_6166-AF_5650
SXB;1045;+0200;1815;+0200;0;AF_7307-AF_6124-AF_5650
SXB;1045;+0200;1815;+0200;0;AF_7307-AF_6122-AF_5650
SXB;1045;+0200;1815;+0200;0;AF_7307-AF_6126-AF_5650
SXB;1045;+0200;1815;+0200;0;AF_7307-AF_6154-AF_5650
SXB;1045;+0200;1815;+0200;0;AF_7307-AF_6128-AF_5650
PRG;1005;+0200;1340;+0200;0;AF_1383-AF_7724
PRG;1245;+0200;1630;+0200;0;AF_5902-AF_5863
PRG;1730;+0200;2125;+0200;0;AF_5904-AF_5869
PRG;1745;+0200;2145;+0200;0;AF_1783-AF_7728
PRG;1715;+0200;2145;+0200;0;AF_1987-AF_7728
PRG;1330;+0200;1815;+0200;0;AF_4347-AF_5650
PRG;1715;+0200;2215;+0200;0;KL_3122-KL_2035
PRG;1705;+0200;2215;+0200;0;KL_3122-KL_2035
PRG;1245;+0200;1800;+0200;0;AF_5902-AF_5865
PRG;1540;+0200;2145;+0200;0;AF_1983-AF_7728
PRG;1535;+0200;2145;+0200;0;AF_1983-AF_7728
PRG;0725;+0200;1340;+0200;0;AF_1083-AF_7724
PRG;0925;+0200;1600;+0200;0;KL_1352-KL_2049
PRG;1540;+0200;2225;+0200;0;AF_1983-AF_7388
PRG;1535;+0200;2225;+0200;0;AF_1983-AF_7388
PRG;1040;+0200;1735;+0200;0;IB_7887-IB_8560
PRG;1015;+0200;1720;+0200;0;AF_1383-AF_7730
PRG;1005;+0200;1720;+0200;0;AF_1383-AF_7730
PRG;1040;+0200;1755;+0200;0;IB_7887-IB_8560
PRG;0725;+0200;1445;+0200;0;AF_1083-AF_7386
PRG;1245;+0200;2010;+0200;0;AF_5902-AF_5867
PRG;1330;+0200;2130;+0200;0;AF_4347-AF_5652
PRG;1415;+0200;2215;+0200;0;KL_3124-KL_2035
PRG;1400;+0200;2215;+0200;0;KL_1356-KL_2035
PRG;1330;+0200;2205;+0200;0;AF_4347-AF_7862
PRG;1245;+0200;2125;+0200;0;AF_5902-AF_5869
PRG;0700;+0200;1600;+0200;0;KL_3120-KL_2049
PRG;0725;+0200;1720;+0200;0;AF_1083-AF_7730
PRG;1540;+0200;2130;+0200;0;AF_1983-AF_7788-AF_5652
PRG;1535;+0200;2130;+0200;0;AF_1983-AF_7788-AF_5652
PRG;0725;+0200;1325;+0200;0;AF_1083-AF_7622-AF_3203
PRG;1015;+0200;1630;+0200;0;AF_1383-AF_7644-AF_5863
PRG;1005;+0200;1630;+0200;0;AF_1383-AF_7644-AF_5863
PRG;1540;+0200;2205;+0200;0;AF_1983-AF_7788-AF_7862
PRG;1535;+0200;2205;+0200;0;AF_1983-AF_7788-AF_7862
PRG;0700;+0200;1340;+0200;0;KL_3120-KL_2003-KL_2310
PRG;1415;+0200;2145;+0200;0;KL_3124-KL_1243-KL_2314
PRG;1415;+0200;2145;+0200;0;KL_3124-KL_1245-KL_2314
PRG;1015;+0200;1800;+0200;0;AF_1383-AF_7644-AF_5865
PRG;1400;+0200;2145;+0200;0;KL_1356-KL_1243-KL_2314
PRG;1400;+0200;2145;+0200;0;KL_1356-KL_1245-KL_2314
PRG;0925;+0200;1720;+0200;0;KL_1352-KL_1233-KL_2312
PRG;0925;+0200;1720;+0200;0;KL_1352-KL_2009-KL_2312
PRG;1005;+0200;1800;+0200;0;AF_1383-AF_7644-AF_5865
PRG;1015;+0200;1815;+0200;0;AF_1383-AF_6154-AF_5650
PRG;1015;+0200;1815;+0200;0;AF_1383-AF_7794-AF_5650
PRG;1015;+0200;1815;+0200;0;AF_1383-AF_6128-AF_5650
PRG;1005;+0200;1815;+0200;0;AF_1383-AF_6128-AF_5650
PRG;1005;+0200;1815;+0200;0;AF_1383-AF_6154-AF_5650
PRG;1005;+0200;1815;+0200;0;AF_1383-AF_7794-AF_5650
PRG;1005;+0200;1815;+0200;0;AF_1383-AF_6126-AF_5650
PRG;1245;+0200;2145;+0200;0;AF_5902-AF_7645-AF_7728
PRG;0725;+0200;1630;+0200;0;AF_1083-AF_7644-AF_5863
PRG;0725;+0200;1630;+0200;0;AF_1083-AF_7414-AF_5863
PRG;1015;+0200;1940;+0200;0;AF_1383-AF_6266-AF_3207
PRG;1015;+0200;1940;+0200;0;AF_1383-AF_6264-AF_3207
PRG;1015;+0200;1940;+0200;0;AF_1383-AF_7624-AF_3207
PRG;1015;+0200;1940;+0200;0;AF_1383-AF_7634-AF_3207
PRG;1015;+0200;1940;+0200;0;AF_1383-AF_6262-AF_3207
PRG;1005;+0200;1940;+0200;0;AF_1383-AF_7634-AF_3207
PRG;1005;+0200;1940;+0200;0;AF_1383-AF_6264-AF_3207
PRG;1005;+0200;1940;+0200;0;AF_1383-AF_6262-AF_3207
PRG;1005;+0200;1940;+0200;0;AF_1383-AF_6266-AF_3207
PRG;1005;+0200;1940;+0200;0;AF_1383-AF_7624-AF_3207
PRG;1245;+0200;2225;+0200;0;AF_5902-AF_7645-AF_7388
PRG;1245;+0200;2225;+0200;0;AF_5902-AF_7415-AF_7388
PRG;1015;+0200;2010;+0200;0;AF_1383-AF_7646-AF_5867
PRG;1015;+0200;2010;+0200;0;AF_1383-AF_7644-AF_5867
BRU;1320;+0200;1630;+0200;0;AF_5403-AF_5863
BRU;1021;+0200;1340;+0200;0;AF_7184-AF_7724
BRU;0635;+0200;1005;+0200;0;AF_5401-AF_5861
BRU;0710;+0200;1040;+0200;0;AF_7182-AF_7720
BRU;1755;+0200;2125;+0200;0;AF_5405-AF_5869
BRU;1825;+0200;2215;+0200;0;KL_1732-KL_2035
BRU;0625;+0200;1045;+0200;0;KL_1720-KL_2033
BRU;1125;+0200;1600;+0200;0;KL_1724-KL_2049
BRU;1320;+0200;1800;+0200;0;AF_5403-AF_5865
BRU;1218;+0200;1720;+0200;0;AF_7192-AF_7730
BRU;1310;+0200;1815;+0200;0;AF_4345-AF_5650
BRU;1618;+0200;2145;+0200;0;AF_7186-AF_7728
BRU;1618;+0200;2225;+0200;0;AF_7186-AF_7388
BRU;0710;+0200;1340;+0200;0;AF_7182-AF_7724
BRU;1320;+0200;2010;+0200;0;AF_5403-AF_5867
BRU;1021;+0200;1720;+0200;0;AF_7184-AF_7730
BRU;0710;+0200;1445;+0200;0;AF_7182-AF_7386
BRU;1440;+0200;2215;+0200;0;KL_1726-KL_2035
BRU;1500;+0200;2235;+0200;0;IB_3197-IB_8544
BRU;0820;+0200;1600;+0200;0;KL_1722-KL_2049
BRU;1320;+0200;2125;+0200;0;AF_5403-AF_5869
BRU;1310;+0200;2130;+0200;0;AF_4345-AF_5652
BRU;1310;+0200;2205;+0200;0;AF_4345-AF_7862
BRU;1125;+0200;1720;+0200;0;KL_1724-KL_2009-KL_2312
BRU;1021;+0200;1630;+0200;0;AF_7184-AF_7644-AF_5863
BRU;0710;+0200;1325;+0200;0;AF_7182-AF_7622-AF_3203
BRU;1021;+0200;1645;+0200;0;AF_7184-AF_7436-AF_3264
BRU;1021;+0200;1645;+0200;0;AF_7184-AF_5304-AF_3264
BRU;0710;+0200;1400;+0200;0;AF_7182-AF_7662-AF_5766
BRU;0635;+0200;1340;+0200;0;AF_5401-AF_7653-AF_7724
BRU;1440;+0200;2145;+0200;0;KL_1726-KL_1243-KL_2314
BRU;1440;+0200;2145;+0200;0;KL_1726-KL_1245-KL_2314
BRU;0625;+0200;1340;+0200;0;KL_1720-KL_2003-KL_2310
BRU;0625;+0200;1340;+0200;0;KL_1720-KL_1229-KL_2310
BRU;1218;+0200;1940;+0200;0;AF_7192-AF_6266-AF_3207
BRU;1218;+0200;1940;+0200;0;AF_7192-AF_7634-AF_3207
BRU;1021;+0200;1800;+0200;0;AF_7184-AF_7644-AF_5865
BRU;1021;+0200;1805;+0200;0;AF_7184-AF_7664-AF_5762
BRU;0930;+0200;1720;+0200;0;AZ_151-AZ_7900-AZ_3662
BRU;1218;+0200;2010;+0200;0;AF_7192-AF_7646-AF_5867
BRU;1021;+0200;1815;+0200;0;AF_7184-AF_6126-AF_5650
BRU;1021;+0200;1815;+0200;0;AF_7184-AF_7794-AF_5650
BRU;1021;+0200;1815;+0200;0;AF_7184-AF_6128-AF_5650
BRU;1021;+0200;1815;+0200;0;AF_7184-AF_6154-AF_5650
BRU;0635;+0200;1445;+0200;0;AF_5401-AF_7417-AF_7386
BRU;1320;+0200;2145;+0200;0;AF_5403-AF_7645-AF_7728
BRU;1310;+0200;2145;+0200;0;AF_4345-AF_7787-AF_7728
BRU;1310;+0200;2145;+0200;0;AF_4345-AF_6129-AF_7728
BRU;1310;+0200;2145;+0200;0;AF_4345-AF_6131-AF_7728
BRU;1310;+0200;2145;+0200;0;AF_4345-AF_7789-AF_7728
BRU;1218;+0200;2110;+0200;0;AF_7192-AF_7666-AF_7612
BRU;1218;+0200;2110;+0200;0;AF_7192-AF_6034-AF_7612
BRU;0820;+0200;1720;+0200;0;KL_1722-KL_2009-KL_2312
BRU;0820;+0200;1720;+0200;0;KL_1722-KL_1233-KL_2312
BRU;0820;+0200;1720;+0200;0;KL_1722-KL_2007-KL_2312
MIL;1345;+0200;1525;+0200;0;AZ_7382
MIL;1650;+0200;1830;+0200;0;AF_3279
MIL;1350;+0200;1630;+0200;0;AF_3295-AF_5863
MIL;1350;+0200;1650;+0200;0;AZ_7830-AZ_3674
MIL;1815;+0200;2115;+0200;0;AZ_7832-AZ_3678
MIL;1815;+0200;2125;+0200;0;AF_3297-AF_5869
MIL;0635;+0200;1005;+0200;0;AZ_7828-AZ_3672
MIL;0635;+0200;1005;+0200;0;AF_3291-AF_5861
MIL;1010;+0200;1340;+0200;0;AF_1213-AF_7724
MIL;0705;+0200;1040;+0200;0;AF_2515-AF_7720
MIL;1810;+0200;2145;+0200;0;AF_9813-AF_7728
MIL;0655;+0200;1040;+0200;0;AF_9801-AF_7720
MIL;0835;+0200;1225;+0200;0;AF_9711-AF_7384
MIL;1350;+0200;1800;+0200;0;AF_3295-AF_5865
MIL;0805;+0200;1225;+0200;0;AF_4303-AF_7610
MIL;1300;+0200;1720;+0200;0;AZ_7900-AZ_3662
MIL;1300;+0200;1720;+0200;0;AF_9701-AF_7730
MIL;1755;+0200;2215;+0200;0;KL_1628-KL_2035
MIL;1700;+0200;2145;+0200;0;AZ_7816-AZ_3668
MIL;1725;+0200;2225;+0200;0;AF_9713-AF_7388
MIL;1635;+0200;2145;+0200;0;AF_9703-AF_7728
MIL;1635;+0200;2145;+0200;0;AZ_7906-AZ_3668
MIL;0845;+0200;1400;+0200;0;AF_4303-AF_5766
MIL;1630;+0200;2145;+0200;0;AF_1715-AF_7728
MIL;1630;+0200;2145;+0200;0;AZ_7352-AZ_3668
MIL;1040;+0200;1600;+0200;0;KL_1620-KL_2049
MIL;1240;+0200;1800;+0200;0;TU_857-TU_810
MIL;0800;+0200;1340;+0200;0;AZ_7844-AZ_3664
MIL;1635;+0200;2215;+0200;0;KL_3416-KL_2035
MIL;1600;+0200;2145;+0200;0;AZ_7848-AZ_3668
MIL;1350;+0200;1940;+0200;0;AZ_7830-AZ_3676
MIL;1555;+0200;2145;+0200;0;AF_1713-AF_7728
MIL;1635;+0200;2225;+0200;0;AF_9703-AF_7388
MIL;0805;+0200;1400;+0200;0;AF_4303-AF_5766
MIL;1630;+0200;2225;+0200;0;AF_1715-AF_7388
MIL;0835;+0200;1445;+0200;0;AF_9711-AF_7386
MIL;1100;+0200;1720;+0200;0;AZ_7846-AZ_3662
MIL;1350;+0200;2010;+0200;0;AF_3295-AF_5867
MIL;0930;+0200;1600;+0200;0;KL_3418-KL_2049
MIL;1555;+0200;2225;+0200;0;AF_1713-AF_7388
MIL;0705;+0200;1340;+0200;0;AF_2515-AF_7724
MIL;0705;+0200;1340;+0200;0;AZ_7348-AZ_3664
MIL;0655;+0200;1340;+0200;0;AZ_300-AZ_3664
MIL;0655;+0200;1340;+0200;0;AF_9801-AF_7724
MIL;1030;+0200;1720;+0200;0;AF_1115-AF_7730
MIL;1030;+0200;1720;+0200;0;AZ_7350-AZ_3662
MIL;1010;+0200;1720;+0200;0;AZ_7296-AZ_3662
MIL;1010;+0200;1720;+0200;0;AF_1213-AF_7730
MIL;0835;+0200;1325;+0200;0;AF_9711-AF_6258-AF_3203
MIL;1555;+0200;2130;+0200;0;AF_1713-AF_7788-AF_5652
MIL;1530;+0200;2115;+0200;0;AZ_2083-AZ_7840-AZ_3678
MIL;1100;+0200;1650;+0200;0;AZ_2045-AZ_7838-AZ_3674
MIL;1350;+0200;1940;+0200;0;AF_3295-AF_7806-AF_3207
MIL;1030;+0200;1630;+0200;0;AF_1115-AF_7644-AF_5863
MIL;1515;+0200;2115;+0200;0;AZ_1027-AZ_7840-AZ_3678
MIL;1555;+0200;2205;+0200;0;AF_1713-AF_7788-AF_7862
MIL;1500;+0200;2115;+0200;0;AZ_2071-AZ_7840-AZ_3678
MIL;0705;+0200;1325;+0200;0;AF_2515-AF_7622-AF_3203
MIL;1010;+0200;1630;+0200;0;AF_1213-AF_7644-AF_5863
MIL;1030;+0200;1650;+0200;0;AZ_2027-AZ_7838-AZ_3674
MIL;0655;+0200;1325;+0200;0;AF_9801-AF_7622-AF_3203
MIL;0700;+0200;1340;+0200;0;AZ_2013-AZ_318-AZ_3664
MIL;1040;+0200;1720;+0200;0;KL_1620-KL_2009-KL_2312
MIL;1300;+0200;1940;+0200;0;AF_9701-AF_7634-AF_3207
MIL;0655;+0200;1340;+0200;0;AZ_1017-AZ_318-AZ_3664
MIL;1430;+0200;2115;+0200;0;AZ_2069-AZ_7840-AZ_3678
MIL;0635;+0200;1325;+0200;0;AF_3291-AF_7802-AF_3203
MIL;0650;+0200;1340;+0200;0;KL_1618-KL_2003-KL_2310
MIL;1000;+0200;1650;+0200;0;AZ_2039-AZ_7838-AZ_3674
MIL;0645;+0200;1340;+0200;0;KL_1618-KL_2003-KL_2310
MIL;0705;+0200;1400;+0200;0;AF_2515-AF_7662-AF_5766
MIL;0745;+0200;1445;+0200;0;AF_3700-AF_5021-AF_7386
MIL;0635;+0200;1340;+0200;0;AF_3291-AF_7653-AF_7724
MIL;0655;+0200;1400;+0200;0;AF_9801-AF_7662-AF_5766
MIL;0630;+0200;1340;+0200;0;AZ_2009-AZ_318-AZ_3664
MIL;1300;+0200;2010;+0200;0;AF_9701-AF_7646-AF_5867
MIL;1400;+0200;2115;+0200;0;AZ_2049-AZ_7840-AZ_3678
BER;0955;+0200;1340;+0200;0;AF_1435-AF_7724
BER;1215;+0200;1600;+0200;0;KL_1824-KL_2049
BER;1250;+0200;1720;+0200;0;AF_1735-AF_7730
BER;0600;+0200;1045;+0200;0;KL_1818-KL_2033
BER;1725;+0200;2215;+0200;0;KL_1830-KL_2035
BER;1250;+0200;1815;+0200;0;AF_4357-AF_5650
BER;1020;+0200;1600;+0200;0;KL_1822-KL_2049
BER;1555;+0200;2145;+0200;0;AF_2035-AF_7728
BER;0715;+0200;1340;+0200;0;AF_1135-AF_7724
BER;0710;+0200;1340;+0200;0;AF_1135-AF_7724
BER;1555;+0200;2225;+0200;0;AF_2035-AF_7388
BER;1055;+0200;1800;+0200;0;TU_551-TU_810
BER;0955;+0200;1720;+0200;0;AF_1435-AF_7730
BER;0715;+0200;1445;+0200;0;AF_1135-AF_7386
BER;0710;+0200;1445;+0200;0;AF_1135-AF_7386
BER;1205;+0200;1955;+0200;0;TU_503-TU_480
BER;1420;+0200;2215;+0200;0;KL_1826-KL_2035
BER;1250;+0200;2130;+0200;0;AF_4357-AF_5652
BER;1250;+0200;2145;+0200;0;AF_1735-AF_7728
BER;1250;+0200;2205;+0200;0;AF_4357-AF_7862
BER;1250;+0200;2225;+0200;0;AF_1735-AF_7388
BER;0600;+0200;1600;+0200;0;KL_1818-KL_2049
BER;1215;+0200;2215;+0200;0;KL_1824-KL_2035
BER;0715;+0200;1325;+0200;0;AF_1135-AF_7622-AF_3203
BER;0710;+0200;1325;+0200;0;AF_1135-AF_7622-AF_3203
BER;1250;+0200;1940;+0200;0;AF_1735-AF_7634-AF_3207
BER;1020;+0200;1720;+0200;0;KL_1822-KL_1233-KL_2312
BER;1020;+0200;1720;+0200;0;KL_1822-KL_2009-KL_2312
BER;1420;+0200;2145;+0200;0;KL_1826-KL_1245-KL_2314
BER;1420;+0200;2145;+0200;0;KL_1826-KL_1243-KL_2314
BER;0600;+0200;1340;+0200;0;KL_1818-KL_2003-KL_2310
BER;0600;+0200;1340;+0200;0;KL_1818-KL_1229-KL_2310
BER;1215;+0200;2145;+0200;0;KL_1824-KL_1243-KL_2314
BER;1215;+0200;2145;+0200;0;KL_1824-KL_2013-KL_2314
BER;1215;+0200;2145;+0200;0;KL_1824-KL_1245-KL_2314
BER;0955;+0200;1940;+0200;0;AF_1435-AF_7634-AF_3207
BER;0955;+0200;1940;+0200;0;AF_1435-AF_6266-AF_3207
BER;0955;+0200;1940;+0200;0;AF_1435-AF_6264-AF_3207
BER;0955;+0200;1940;+0200;0;AF_1435-AF_6262-AF_3207
BER;0955;+0200;1940;+0200;0;AF_1435-AF_7624-AF_3207
DUS;0725;+0200;1040;+0200;0;AF_1107-AF_7720
DUS;0720;+0200;1040;+0200;0;AF_1107-AF_7720
DUS;1300;+0200;1630;+0200;0;AF_5875-AF_5863
DUS;1225;+0200;1600;+0200;0;KL_1856-KL_2049
DUS;0625;+0200;1005;+0200;0;AF_5877-AF_5861
DUS;1730;+0200;2125;+0200;0;AF_5879-AF_5869
DUS;1820;+0200;2215;+0200;0;KL_1862-KL_2035
DUS;1320;+0200;1720;+0200;0;AF_1607-AF_7730
DUS;1720;+0200;2130;+0200;0;AF_3253-AF_5652
DUS;0625;+0200;1045;+0200;0;KL_1852-KL_2033
DUS;1725;+0200;2145;+0200;0;AF_2207-AF_7728
DUS;1325;+0200;1805;+0200;0;AF_4311-AF_5762
DUS;1320;+0200;1805;+0200;0;AF_4311-AF_5762
DUS;1720;+0200;2205;+0200;0;AF_3253-AF_7862
DUS;1300;+0200;1800;+0200;0;AF_5875-AF_5865
DUS;1625;+0200;2145;+0200;0;AF_1907-AF_7728
DUS;1200;+0200;1800;+0200;0;TU_547-TU_810
DUS;1625;+0200;2225;+0200;0;AF_1907-AF_7388
DUS;0725;+0200;1340;+0200;0;AF_1107-AF_7724
DUS;0720;+0200;1340;+0200;0;AF_1107-AF_7724
DUS;1055;+0200;1720;+0200;0;AF_1307-AF_7730
DUS;1050;+0200;1720;+0200;0;AF_1307-AF_7730
DUS;1300;+0200;2010;+0200;0;AF_5875-AF_5867
DUS;0725;+0200;1445;+0200;0;AF_1107-AF_7386
DUS;1235;+0200;1955;+0200;0;TU_539-TU_480
DUS;0720;+0200;1445;+0200;0;AF_1107-AF_7386
DUS;1440;+0200;2215;+0200;0;KL_1858-KL_2035
DUS;0820;+0200;1600;+0200;0;KL_1854-KL_2049
DUS;1325;+0200;2110;+0200;0;AF_4311-AF_7612
DUS;1320;+0200;2110;+0200;0;AF_4311-AF_7612
DUS;1300;+0200;2125;+0200;0;AF_5875-AF_5869
DUS;1320;+0200;2145;+0200;0;AF_1607-AF_7728
DUS;1325;+0200;2210;+0200;0;AF_4311-AF_5764
DUS;1320;+0200;2210;+0200;0;AF_4311-AF_5764
DUS;1320;+0200;2225;+0200;0;AF_1607-AF_7388
DUS;1625;+0200;2130;+0200;0;AF_1907-AF_7788-AF_5652
DUS;1055;+0200;1630;+0200;0;AF_1307-AF_7644-AF_5863
DUS;1050;+0200;1630;+0200;0;AF_1307-AF_7644-AF_5863
DUS;1625;+0200;2205;+0200;0;AF_1907-AF_7788-AF_7862
DUS;0725;+0200;1325;+0200;0;AF_1107-AF_7622-AF_3203
DUS;0720;+0200;1325;+0200;0;AF_1107-AF_7622-AF_3203
DUS;1320;+0200;1940;+0200;0;AF_1607-AF_7634-AF_3207
DUS;0725;+0200;1400;+0200;0;AF_1107-AF_7662-AF_5766
DUS;0720;+0200;1400;+0200;0;AF_1107-AF_7662-AF_5766
DUS;1320;+0200;2010;+0200;0;AF_1607-AF_7646-AF_5867
DUS;1055;+0200;1800;+0200;0;AF_1307-AF_7644-AF_5865
DUS;1440;+0200;2145;+0200;0;KL_1858-KL_1245-KL_2314
DUS;1440;+0200;2145;+0200;0;KL_1858-KL_1243-KL_2314
DUS;1050;+0200;1800;+0200;0;AF_1307-AF_7644-AF_5865
DUS;1055;+0200;1805;+0200;0;AF_1307-AF_7664-AF_5762
DUS;0625;+0200;1340;+0200;0;KL_1852-KL_2003-KL_2310
DUS;0625;+0200;1340;+0200;0;AF_5877-AF_7653-AF_7724
DUS;0625;+0200;1340;+0200;0;KL_1852-KL_1229-KL_2310
DUS;1050;+0200;1805;+0200;0;AF_1307-AF_7664-AF_5762
DUS;1055;+0200;1815;+0200;0;AF_1307-AF_6154-AF_5650
DUS;1055;+0200;1815;+0200;0;AF_1307-AF_7794-AF_5650
DUS;1055;+0200;1815;+0200;0;AF_1307-AF_6128-AF_5650
DUS;1050;+0200;1815;+0200;0;AF_1307-AF_6154-AF_5650
DUS;1050;+0200;1815;+0200;0;AF_1307-AF_7794-AF_5650
DUS;1050;+0200;1815;+0200;0;AF_1307-AF_6128-AF_5650
DUS;1320;+0200;2110;+0200;0;AF_1607-AF_7666-AF_7612
DUS;1320;+0200;2125;+0200;0;AF_1607-AF_7646-AF_5869
DUS;1320;+0200;2130;+0200;0;AF_1607-AF_6136-AF_5652
DUS;1320;+0200;2130;+0200;0;AF_1607-AF_7786-AF_5652
DUS;1320;+0200;2130;+0200;0;AF_1607-AF_7788-AF_5652
DUS;1320;+0200;2130;+0200;0;AF_1607-AF_6138-AF_5652
DUS;1320;+0200;2130;+0200;0;AF_1607-AF_6146-AF_5652
DUS;1320;+0200;2130;+0200;0;AF_1607-AF_6140-AF_5652
DUS;0625;+0200;1445;+0200;0;AF_5877-AF_7417-AF_7386
DUS;1055;+0200;1940;+0200;0;AF_1307-AF_7624-AF_3207
DUS;1055;+0200;1940;+0200;0;AF_1307-AF_6264-AF_3207
DUS;1055;+0200;1940;+0200;0;AF_1307-AF_7634-AF_3207
DUS;1055;+0200;1940;+0200;0;AF_1307-AF_6262-AF_3207
DUS;1055;+0200;1940;+0200;0;AF_1307-AF_6266-AF_3207
DUS;1300;+0200;2145;+0200;0;AF_5875-AF_7645-AF_7728
DUS;1320;+0200;2205;+0200;0;AF_1607-AF_6142-AF_7862
DUS;1320;+0200;2205;+0200;0;AF_1607-AF_6136-AF_7862
DUS;1320;+0200;2205;+0200;0;AF_1607-AF_6146-AF_7862
DUS;1320;+0200;2205;+0200;0;AF_1607-AF_6138-AF_7862
DUS;1320;+0200;2205;+0200;0;AF_1607-AF_6140-AF_7862
DUS;1320;+0200;2205;+0200;0;AF_1607-AF_7788-AF_7862
DUS;1320;+0200;2205;+0200;0;AF_1607-AF_7786-AF_7862
DUS;1050;+0200;1940;+0200;0;AF_1307-AF_7634-AF_3207
DUS;1050;+0200;1940;+0200;0;AF_1307-AF_7624-AF_3207
DUS;1050;+0200;1940;+0200;0;AF_1307-AF_6266-AF_3207
DUS;1050;+0200;1940;+0200;0;AF_1307-AF_6264-AF_3207
DUS;1050;+0200;1940;+0200;0;AF_1307-AF_6262-AF_3207
DUS;1320;+0200;2210;+0200;0;AF_1607-AF_6038-AF_5764
DUS;1320;+0200;2210;+0200;0;AF_1607-AF_7666-AF_5764
DUS;0820;+0200;1720;+0200;0;KL_1854-KL_1233-KL_2312
DUS;0820;+0200;1720;+0200;0;KL_1854-KL_2009-KL_2312
DUS;0820;+0200;1720;+0200;0;KL_1854-KL_2007-KL_2312
DUS;1325;+0200;2225;+0200;0;AF_4311-AF_6047-AF_7388
DUS;1325;+0200;2225;+0200;0;AF_4311-AF_6043-AF_7388
DUS;1325;+0200;2225;+0200;0;AF_4311-AF_6045-AF_7388
DUS;1325;+0200;2225;+0200;0;AF_4311-AF_6039-AF_7388
DUS;0725;+0200;1630;+0200;0;AF_1107-AF_7414-AF_5863
DUS;0725;+0200;1630;+0200;0;AF_1107-AF_7644-AF_5863
DUS;0725;+0200;1630;+0200;0;AF_1107-AF_7652-AF_5863
DUS;1320;+0200;2225;+0200;0;AF_4311-AF_6043-AF_7388
DUS;1320;+0200;2225;+0200;0;AF_4311-AF_6047-AF_7388
DUS;1320;+0200;2225;+0200;0;AF_4311-AF_6039-AF_7388
DUS;1320;+0200;2225;+0200;0;AF_4311-AF_6045-AF_7388
DUS;0720;+0200;1630;+0200;0;AF_1107-AF_7414-AF_5863
DUS;0720;+0200;1630;+0200;0;AF_1107-AF_7644-AF_5863
DUS;0720;+0200;1630;+0200;0;AF_1107-AF_7652-AF_5863
DUS;1055;+0200;2010;+0200;0;AF_1307-AF_7644-AF_5867
DUS;1055;+0200;2010;+0200;0;AF_1307-AF_7646-AF_5867
MAN;1005;+0100;1245;+0200;0;AF_6547
MAN;1740;+0100;2215;+0200;0;KL_1094-KL_2035
MAN;0600;+0100;1045;+0200;0;KL_1072-KL_2033
MAN;1110;+0100;1600;+0200;0;KL_1082-KL_2049
MAN;1600;+0100;2215;+0200;0;KL_1088-KL_2035
MAN;1505;+0100;2145;+0200;0;AF_2269-AF_7728
MAN;0905;+0100;1600;+0200;0;KL_1074-KL_2049
MAN;1505;+0100;2225;+0200;0;AF_2269-AF_7388
MAN;0940;+0100;1720;+0200;0;AF_1669-AF_7730
MAN;0930;+0100;1720;+0200;0;AF_1669-AF_7730
MAN;1325;+0100;2215;+0200;0;KL_1084-KL_2035
MAN;0600;+0100;1600;+0200;0;KL_1072-KL_2049
MAN;1505;+0100;2130;+0200;0;AF_2269-AF_7788-AF_5652
MAN;1505;+0100;2205;+0200;0;AF_2269-AF_7788-AF_7862
MAN;0600;+0100;1340;+0200;0;KL_1072-KL_2003-KL_2310
MAN;0905;+0100;1720;+0200;0;KL_1074-KL_2009-KL_2312
MAN;0905;+0100;1720;+0200;0;KL_1074-KL_1233-KL_2312
MAN;1325;+0100;2145;+0200;0;KL_1084-KL_1245-KL_2314
MAN;1325;+0100;2145;+0200;0;KL_1084-KL_1243-KL_2314
MAN;0940;+0100;1805;+0200;0;AF_1669-AF_7664-AF_5762
MAN;0930;+0100;1805;+0200;0;AF_1669-AF_7664-AF_5762
MAN;0940;+0100;1815;+0200;0;AF_1669-AF_7794-AF_5650
MAN;0940;+0100;1815;+0200;0;AF_1669-AF_6128-AF_5650
MAN;0940;+0100;1815;+0200;0;AF_1669-AF_6154-AF_5650
MAN;0930;+0100;1815;+0200;0;AF_1669-AF_6128-AF_5650
MAN;0930;+0100;1815;+0200;0;AF_1669-AF_7794-AF_5650
MAN;0930;+0100;1815;+0200;0;AF_1669-AF_6154-AF_5650
MAN;1325;+0100;2235;+0200;0;IB_7683-IB_3177-IB_8544
MAN;0940;+0100;1940;+0200;0;AF_1669-AF_7634-AF_3207
MAN;0940;+0100;1940;+0200;0;AF_1669-AF_6264-AF_3207
MAN;0940;+0100;1940;+0200;0;AF_1669-AF_6262-AF_3207
MAN;0940;+0100;1940;+0200;0;AF_1669-AF_7624-AF_3207
MAN;0940;+0100;1940;+0200;0;AF_1669-AF_6266-AF_3207
MAN;0930;+0100;1940;+0200;0;AF_1669-AF_6266-AF_3207
MAN;0930;+0100;1940;+0200;0;AF_1669-AF_7634-AF_3207
MAN;0930;+0100;1940;+0200;0;AF_1669-AF_6262-AF_3207
MAN;0930;+0100;1940;+0200;0;AF_1669-AF_7624-AF_3207
MAN;0930;+0100;1940;+0200;0;AF_1669-AF_6264-AF_3207
MAN;1110;+0100;2145;+0200;0;KL_1082-KL_1245-KL_2314
MAN;1110;+0100;2145;+0200;0;KL_1082-KL_1243-KL_2314
MAN;1110;+0100;2145;+0200;0;KL_1082-KL_2013-KL_2314
VIE;1720;+0200;2125;+0200;0;AF_2057-AF_5869
VIE;1715;+0200;2145;+0200;0;AF_1757-AF_7728
VIE;1535;+0200;2145;+0200;0;AF_1739-AF_7728
VIE;0935;+0200;1600;+0200;0;KL_1840-KL_2049
VIE;0700;+0200;1340;+0200;0;AF_1557-AF_7724
VIE;1455;+0200;2145;+0200;0;AF_1657-AF_7728
VIE;1535;+0200;2225;+0200;0;AF_1739-AF_7388
VIE;1005;+0200;1720;+0200;0;AF_1139-AF_7730
VIE;1455;+0200;2225;+0200;0;AF_1657-AF_7388
VIE;0700;+0200;1445;+0200;0;AF_1557-AF_7386
VIE;1410;+0200;2215;+0200;0;KL_1846-KL_2035
VIE;0655;+0200;1600;+0200;0;KL_1838-KL_2049
VIE;0705;+0200;1630;+0200;0;AF_1957-AF_5863
VIE;0700;+0200;1325;+0200;0;AF_1557-AF_7622-AF_3203
VIE;1410;+0200;2145;+0200;0;KL_1846-KL_1245-KL_2314
VIE;1410;+0200;2145;+0200;0;KL_1846-KL_1243-KL_2314
VIE;0705;+0200;1445;+0200;0;AF_1957-AF_7417-AF_7386
VIE;0935;+0200;1720;+0200;0;KL_1840-KL_1233-KL_2312
VIE;0935;+0200;1720;+0200;0;KL_1840-KL_2009-KL_2312
VIE;1005;+0200;1940;+0200;0;AF_1139-AF_7624-AF_3207
VIE;1005;+0200;1940;+0200;0;AF_1139-AF_7634-AF_3207
VIE;1005;+0200;1940;+0200;0;AF_1139-AF_6266-AF_3207
VIE;1005;+0200;1940;+0200;0;AF_1139-AF_6262-AF_3207
VIE;1005;+0200;1940;+0200;0;AF_1139-AF_6264-AF_3207
MUC;1200;+0200;1600;+0200;0;KL_1794-KL_2049
MUC;0930;+0200;1340;+0200;0;AF_1423-AF_7724
MUC;1255;+0200;1720;+0200;0;AF_1723-AF_7730
MUC;1730;+0200;2215;+0200;0;KL_1798-KL_2035
MUC;1610;+0200;2145;+0200;0;AF_2023-AF_7728
MUC;1610;+0200;2225;+0200;0;AF_2023-AF_7388
MUC;0720;+0200;1340;+0200;0;AF_1123-AF_7724
MUC;0930;+0200;1600;+0200;0;KL_1792-KL_2049
MUC;1035;+0200;1720;+0200;0;AF_1523-AF_7730
MUC;1550;+0200;2235;+0200;0;IB_3533-IB_8544
MUC;0720;+0200;1445;+0200;0;AF_1123-AF_7386
MUC;0930;+0200;1720;+0200;0;AF_1423-AF_7730
MUC;1410;+0200;2215;+0200;0;KL_1796-KL_2035
MUC;0720;+0200;1325;+0200;0;AF_1123-AF_7622-AF_3203
MUC;0705;+0200;1340;+0200;0;KL_1790-KL_2003-KL_2310
MUC;1255;+0200;1940;+0200;0;AF_1723-AF_7634-AF_3207
MUC;1410;+0200;2145;+0200;0;KL_1796-KL_1245-KL_2314
MUC;1410;+0200;2145;+0200;0;KL_1796-KL_1243-KL_2314
MUC;0930;+0200;1720;+0200;0;KL_1792-KL_1233-KL_2312
MUC;0930;+0200;1720;+0200;0;KL_1792-KL_2009-KL_2312
OSL;1155;+0200;1600;+0200;0;KL_1144-KL_2049
OSL;0630;+0200;1045;+0200;0;KL_1140-KL_2033
OSL;0615;+0200;1045;+0200;0;AF_8310-AF_5365
OSL;0610;+0200;1045;+0200;0;KL_1212-KL_2033
OSL;1245;+0200;1720;+0200;0;AF_2075-AF_7730
OSL;1720;+0200;2215;+0200;0;KL_1148-KL_2035
OSL;0930;+0200;1600;+0200;0;KL_1142-KL_2049
OSL;0635;+0200;1340;+0200;0;AF_1275-AF_7724
OSL;1420;+0200;2215;+0200;0;KL_1146-KL_2035
OSL;1410;+0200;2215;+0200;0;AF_8314-AF_5369
OSL;1410;+0200;2215;+0200;0;KL_1218-KL_2035
OSL;0635;+0200;1445;+0200;0;AF_1275-AF_7386
OSL;1245;+0200;2145;+0200;0;AF_2075-AF_7728
OSL;0630;+0200;1600;+0200;0;KL_1140-KL_2049
OSL;1245;+0200;2225;+0200;0;AF_2075-AF_7388
OSL;0615;+0200;1600;+0200;0;AF_8310-AF_5367
OSL;0610;+0200;1600;+0200;0;KL_1212-KL_2049
OSL;1155;+0200;2215;+0200;0;KL_1144-KL_2035
OSL;0635;+0200;1720;+0200;0;AF_1275-AF_7730
OSL;0930;+0200;2215;+0200;0;KL_1142-KL_2035
OSL;0630;+0200;1340;+0200;0;KL_1140-KL_2003-KL_2310
OSL;0615;+0200;1340;+0200;0;AF_8310-AF_1241-AF_7724
OSL;1420;+0200;2145;+0200;0;KL_1146-KL_1245-KL_2314
OSL;1420;+0200;2145;+0200;0;KL_1146-KL_1243-KL_2314
OSL;0610;+0200;1340;+0200;0;KL_1212-KL_2003-KL_2310
OSL;1410;+0200;2145;+0200;0;KL_1218-KL_1243-KL_2314
OSL;1410;+0200;2145;+0200;0;AF_8314-AF_8239-AF_7728
OSL;1410;+0200;2145;+0200;0;KL_1218-KL_1245-KL_2314
OSL;1410;+0200;2145;+0200;0;AF_8314-AF_8241-AF_7728
OSL;0930;+0200;1720;+0200;0;KL_1142-KL_1233-KL_2312
OSL;0930;+0200;1720;+0200;0;KL_1142-KL_2009-KL_2312
OSL;1410;+0200;2225;+0200;0;AF_8314-AF_8239-AF_7388
OSL;1155;+0200;2145;+0200;0;KL_1144-KL_2013-KL_2314
OSL;1155;+0200;2145;+0200;0;KL_1144-KL_1243-KL_2314
OSL;1155;+0200;2145;+0200;0;KL_1144-KL_1245-KL_2314
OSL;0630;+0200;1720;+0200;0;KL_1140-KL_2009-KL_2312
OSL;0630;+0200;1720;+0200;0;KL_1140-KL_2007-KL_2312
OSL;0630;+0200;1720;+0200;0;KL_1140-KL_1233-KL_2312
OSL;0630;+0200;1720;+0200;0;KL_1140-KL_2003-KL_2312
OSL;0615;+0200;1720;+0200;0;AF_8310-AF_8233-AF_7730
OSL;0615;+0200;1720;+0200;0;AF_8310-AF_1641-AF_7730
OSL;0615;+0200;1720;+0200;0;AF_8310-AF_1341-AF_7730
OSL;0615;+0200;1720;+0200;0;AF_8310-AF_1241-AF_7730
OSL;0610;+0200;1720;+0200;0;KL_1212-KL_2003-KL_2312
OSL;0610;+0200;1720;+0200;0;KL_1212-KL_2007-KL_2312
OSL;0610;+0200;1720;+0200;0;KL_1212-KL_1233-KL_2312
OSL;0610;+0200;1720;+0200;0;KL_1212-KL_2009-KL_2312
OSL;0930;+0200;2145;+0200;0;KL_1142-KL_1245-KL_2314
OSL;0930;+0200;2145;+0200;0;KL_1142-KL_2009-KL_2314
OSL;0930;+0200;2145;+0200;0;KL_1142-KL_2013-KL_2314
OSL;0930;+0200;2145;+0200;0;KL_1142-KL_1243-KL_2314
OSL;0930;+0200;2145;+0200;0;KL_1142-KL_1233-KL_2314
STO;1720;+0200;2215;+0200;0;KL_1116-KL_2035
STO;1210;+0200;1720;+0200;0;AF_1763-AF_7730
STO;0940;+0200;1600;+0200;0;KL_1108-KL_2049
STO;0650;+0200;1340;+0200;0;AF_1463-AF_7724
STO;1440;+0200;2145;+0200;0;AF_2063-AF_7728
STO;1440;+0200;2225;+0200;0;AF_2063-AF_7388
STO;1445;+0200;2235;+0200;0;IB_3321-IB_8544
STO;0650;+0200;1445;+0200;0;AF_1463-AF_7386
STO;1310;+0200;2215;+0200;0;KL_1110-KL_2035
STO;0630;+0200;1600;+0200;0;KL_1106-KL_2049
STO;1210;+0200;2145;+0200;0;AF_1763-AF_7728
STO;1210;+0200;2225;+0200;0;AF_1763-AF_7388
STO;0650;+0200;1720;+0200;0;AF_1463-AF_7730
STO;0650;+0200;1325;+0200;0;AF_1463-AF_7622-AF_3203
STO;0630;+0200;1340;+0200;0;KL_1106-KL_2003-KL_2310
STO;1210;+0200;1940;+0200;0;AF_1763-AF_7634-AF_3207
STO;0940;+0200;1720;+0200;0;KL_1108-KL_1233-KL_2312
STO;0940;+0200;1720;+0200;0;KL_1108-KL_2009-KL_2312
STO;1310;+0200;2145;+0200;0;KL_1110-KL_1243-KL_2314
STO;1310;+0200;2145;+0200;0;KL_1110-KL_1245-KL_2314
STO;0630;+0200;1720;+0200;0;KL_1106-KL_2003-KL_2312
STO;0630;+0200;1720;+0200;0;KL_1106-KL_1233-KL_2312
STO;0630;+0200;1720;+0200;0;KL_1106-KL_2009-KL_2312
STO;0630;+0200;1720;+0200;0;KL_1106-KL_2007-KL_2312
STO;0940;+0200;2145;+0200;0;KL_1108-KL_1245-KL_2314
STO;0940;+0200;2145;+0200;0;KL_1108-KL_2013-KL_2314
STO;0940;+0200;2145;+0200;0;KL_1108-KL_2009-KL_2314
STO;0940;+0200;2145;+0200;0;KL_1108-KL_1233-KL_2314
STO;0940;+0200;2145;+0200;0;KL_1108-KL_1243-KL_2314
HAM;0710;+0200;1040;+0200;0;AF_2511-AF_7720
HAM;1010;+0200;1340;+0200;0;AF_1411-AF_7724
HAM;1740;+0200;2125;+0200;0;AF_5974-AF_5869
HAM;1825;+0200;2215;+0200;0;KL_1784-KL_2035
HAM;1205;+0200;1600;+0200;0;KL_1780-KL_2049
HAM;1745;+0200;2145;+0200;0;AF_2311-AF_7728
HAM;1225;+0200;1630;+0200;0;AF_5972-AF_5863
HAM;1300;+0200;1720;+0200;0;AF_1711-AF_7730
HAM;0610;+0200;1045;+0200;0;KL_1776-KL_2033
HAM;1225;+0200;1800;+0200;0;AF_5972-AF_5865
HAM;0735;+0200;1340;+0200;0;AF_2511-AF_7724
HAM;0710;+0200;1340;+0200;0;AF_2511-AF_7724
HAM;1100;+0200;1800;+0200;0;TU_549-TU_810
HAM;0735;+0200;1445;+0200;0;AF_2511-AF_7386
HAM;0850;+0200;1600;+0200;0;KL_1778-KL_2049
HAM;1010;+0200;1720;+0200;0;AF_1411-AF_7730
HAM;0710;+0200;1445;+0200;0;AF_2511-AF_7386
HAM;1440;+0200;2215;+0200;0;KL_1782-KL_2035
HAM;1225;+0200;2010;+0200;0;AF_5972-AF_5867
HAM;1130;+0200;1955;+0200;0;TU_497-TU_480
HAM;1300;+0200;2145;+0200;0;AF_1711-AF_7728
HAM;1225;+0200;2125;+0200;0;AF_5972-AF_5869
HAM;1300;+0200;2225;+0200;0;AF_1711-AF_7388
HAM;0735;+0200;1720;+0200;0;AF_2511-AF_7730
HAM;0610;+0200;1600;+0200;0;KL_1776-KL_2049
HAM;0710;+0200;1720;+0200;0;AF_2511-AF_7730
HAM;1205;+0200;2215;+0200;0;KL_1780-KL_2035
HAM;1205;+0200;1720;+0200;0;KL_1780-KL_2009-KL_2312
HAM;0735;+0200;1325;+0200;0;AF_2511-AF_7622-AF_3203
HAM;0710;+0200;1325;+0200;0;AF_2511-AF_7622-AF_3203
HAM;1300;+0200;1940;+0200;0;AF_1711-AF_7634-AF_3207
HAM;1440;+0200;2145;+0200;0;KL_1782-KL_1245-KL_2314
HAM;1440;+0200;2145;+0200;0;KL_1782-KL_1243-KL_2314
HAM;0610;+0200;1340;+0200;0;KL_1776-KL_1229-KL_2310
HAM;0610;+0200;1340;+0200;0;KL_1776-KL_2003-KL_2310
HAM;0850;+0200;1720;+0200;0;KL_1778-KL_1233-KL_2312
HAM;0850;+0200;1720;+0200;0;KL_1778-KL_2009-KL_2312
HAM;0850;+0200;1720;+0200;0;KL_1778-KL_2007-KL_2312
HAM;1225;+0200;2145;+0200;0;AF_5972-AF_7645-AF_7728
HAM;1010;+0200;1940;+0200;0;AF_1411-AF_7624-AF_3207
HAM;1010;+0200;1940;+0200;0;AF_1411-AF_7634-AF_3207
HAM;1010;+0200;1940;+0200;0;AF_1411-AF_6264-AF_3207
HAM;1010;+0200;1940;+0200;0;AF_1411-AF_6266-AF_3207
HAM;1010;+0200;1940;+0200;0;AF_1411-AF_6262-AF_3207
HAM;1205;+0200;2145;+0200;0;KL_1780-KL_2009-KL_2314
HAM;1205;+0200;2145;+0200;0;KL_1780-KL_1245-KL_2314
HAM;1205;+0200;2145;+0200;0;KL_1780-KL_1243-KL_2314
HAM;1205;+0200;2145;+0200;0;KL_1780-KL_2013-KL_2314
HAM;1225;+0200;2225;+0200;0;AF_5972-AF_7415-AF_7388
HAM;1225;+0200;2225;+0200;0;AF_5972-AF_7645-AF_7388
FRA;0725;+0200;1040;+0200;0;AF_1019-AF_7720
FRA;1350;+0200;1720;+0200;0;AF_1619-AF_7730
FRA;0710;+0200;1045;+0200;0;KL_1762-KL_2033
FRA;1750;+0200;2145;+0200;0;AF_2119-AF_7728
FRA;1800;+0200;2215;+0200;0;KL_1772-KL_2035
FRA;1050;+0200;1600;+0200;0;KL_1766-KL_2049
FRA;1555;+0200;2145;+0200;0;AF_1919-AF_7728
FRA;1200;+0200;1800;+0200;0;TU_745-TU_810
FRA;0725;+0200;1340;+0200;0;AF_1019-AF_7724
FRA;1050;+0200;1720;+0200;0;AF_1519-AF_7730
FRA;1545;+0200;2215;+0200;0;KL_1768-KL_2035
FRA;1555;+0200;2225;+0200;0;AF_1919-AF_7388
FRA;0725;+0200;1445;+0200;0;AF_1019-AF_7386
FRA;1510;+0200;2235;+0200;0;IB_3515-IB_8544
FRA;1555;+0200;2130;+0200;0;AF_1919-AF_7788-AF_5652
FRA;1050;+0200;1630;+0200;0;AF_1519-AF_7644-AF_5863
FRA;1350;+0200;1940;+0200;0;AF_1619-AF_7634-AF_3207
FRA;0725;+0200;1325;+0200;0;AF_1019-AF_7622-AF_3203
FRA;1545;+0200;2145;+0200;0;KL_1768-KL_1245-KL_2314
FRA;1555;+0200;2205;+0200;0;AF_1919-AF_7788-AF_7862
FRA;1350;+0200;2010;+0200;0;AF_1619-AF_7646-AF_5867
FRA;0710;+0200;1340;+0200;0;KL_1762-KL_2003-KL_2310
FRA;1050;+0200;1720;+0200;0;KL_1766-KL_2009-KL_2312
FRA;0725;+0200;1400;+0200;0;AF_1019-AF_7662-AF_5766
FRA;1050;+0200;1800;+0200;0;AF_1519-AF_7644-AF_5865
FRA;1050;+0200;1805;+0200;0;AF_1519-AF_7664-AF_5762
FRA;1350;+0200;2110;+0200;0;AF_1619-AF_7666-AF_7612
FRA;1050;+0200;1815;+0200;0;AF_1519-AF_7794-AF_5650
FRA;1050;+0200;1815;+0200;0;AF_1519-AF_6154-AF_5650
FRA;1050;+0200;1815;+0200;0;AF_1519-AF_6128-AF_5650
FRA;0945;+0200;1720;+0200;0;AZ_413-AZ_7900-AZ_3662
FRA;1350;+0200;2125;+0200;0;AF_1619-AF_7646-AF_5869
FRA;1350;+0200;2130;+0200;0;AF_1619-AF_7786-AF_5652
FRA;1350;+0200;2130;+0200;0;AF_1619-AF_6140-AF_5652
FRA;1350;+0200;2130;+0200;0;AF_1619-AF_6138-AF_5652
FRA;1350;+0200;2130;+0200;0;AF_1619-AF_7788-AF_5652
CPH;1145;+0200;1600;+0200;0;KL_1128-KL_2049
CPH;1300;+0200;1720;+0200;0;AF_2051-AF_7730
CPH;1735;+0200;2215;+0200;0;KL_1132-KL_2035
CPH;0600;+0200;1045;+0200;0;KL_1124-KL_2033
CPH;1015;+0200;1600;+0200;0;KL_1126-KL_2049
CPH;1525;+0200;2145;+0200;0;AF_2351-AF_7728
CPH;0655;+0200;1340;+0200;0;AF_1351-AF_7724
CPH;1540;+0200;2235;+0200;0;IB_3309-IB_8544
CPH;1020;+0200;1720;+0200;0;AF_1751-AF_7730
CPH;1525;+0200;2225;+0200;0;AF_2351-AF_7388
CPH;1010;+0200;1720;+0200;0;AF_1751-AF_7730
CPH;0655;+0200;1445;+0200;0;AF_1351-AF_7386
CPH;1425;+0200;2215;+0200;0;KL_1130-KL_2035
CPH;1300;+0200;2145;+0200;0;AF_2051-AF_7728
CPH;1300;+0200;2225;+0200;0;AF_2051-AF_7388
CPH;0600;+0200;1600;+0200;0;KL_1124-KL_2049
CPH;0655;+0200;1720;+0200;0;AF_1351-AF_7730
CPH;1145;+0200;2215;+0200;0;KL_1128-KL_2035
CPH;1145;+0200;1720;+0200;0;KL_1128-KL_2009-KL_2312
CPH;0655;+0200;1325;+0200;0;AF_1351-AF_7622-AF_3203
CPH;1300;+0200;1940;+0200;0;AF_2051-AF_7634-AF_3207
CPH;1015;+0200;1720;+0200;0;KL_1126-KL_2009-KL_2312
CPH;1015;+0200;1720;+0200;0;KL_1126-KL_1233-KL_2312
CPH;1425;+0200;2145;+0200;0;KL_1130-KL_1245-KL_2314
CPH;1425;+0200;2145;+0200;0;KL_1130-KL_1243-KL_2314
CPH;0600;+0200;1340;+0200;0;KL_1124-KL_2003-KL_2310
CPH;1020;+0200;1940;+0200;0;AF_1751-AF_7634-AF_3207
CPH;1020;+0200;1940;+0200;0;AF_1751-AF_6266-AF_3207
CPH;1020;+0200;1940;+0200;0;AF_1751-AF_6264-AF_3207
CPH;1010;+0200;1940;+0200;0;AF_1751-AF_7624-AF_3207
CPH;1010;+0200;1940;+0200;0;AF_1751-AF_6266-AF_3207
CPH;1010;+0200;1940;+0200;0;AF_1751-AF_6264-AF_3207
CPH;1010;+0200;1940;+0200;0;AF_1751-AF_7634-AF_3207
CPH;1010;+0200;1940;+0200;0;AF_1751-AF_6262-AF_3207
CPH;1145;+0200;2145;+0200;0;KL_1128-KL_1245-KL_2314
CPH;1145;+0200;2145;+0200;0;KL_1128-KL_2013-KL_2314
CPH;1145;+0200;2145;+0200;0;KL_1128-KL_1243-KL_2314
CPH;1145;+0200;2145;+0200;0;KL_1128-KL_2009-KL_2314
ZRH;0655;+0200;1045;+0200;0;KL_1952-KL_2033
ZRH;0950;+0200;1340;+0200;0;AF_5101-AF_7724
ZRH;1330;+0200;1720;+0200;0;AF_5103-AF_7730
ZRH;1750;+0200;2145;+0200;0;AF_5107-AF_7728
ZRH;1155;+0200;1600;+0200;0;KL_1958-KL_2049
ZRH;1730;+0200;2215;+0200;0;KL_1962-KL_2035
ZRH;1635;+0200;2145;+0200;0;AF_5105-AF_7728
ZRH;1635;+0200;2225;+0200;0;AF_5105-AF_7388
ZRH;0735;+0200;1340;+0200;0;AF_5111-AF_7724
ZRH;0925;+0200;1600;+0200;0;KL_1954-KL_2049
ZRH;0735;+0200;1445;+0200;0;AF_5111-AF_7386
ZRH;0950;+0200;1720;+0200;0;AF_5101-AF_7730
ZRH;1415;+0200;2215;+0200;0;KL_1960-KL_2035
ZRH;1330;+0200;2145;+0200;0;AF_5103-AF_7728
ZRH;0735;+0200;1325;+0200;0;AF_5111-AF_7622-AF_3203
ZRH;1330;+0200;1940;+0200;0;AF_5103-AF_7634-AF_3207
ZRH;0950;+0200;1630;+0200;0;AF_5101-AF_7644-AF_5863
ZRH;1330;+0200;2010;+0200;0;AF_5103-AF_7646-AF_5867
ZRH;0655;+0200;1340;+0200;0;KL_1952-KL_2003-KL_2310
ZRH;1415;+0200;2145;+0200;0;KL_1960-KL_1243-KL_2314
ZRH;1415;+0200;2145;+0200;0;KL_1960-KL_1245-KL_2314
ZRH;1330;+0200;2110;+0200;0;AF_5103-AF_7666-AF_7612
ZRH;0925;+0200;1720;+0200;0;KL_1954-KL_1233-KL_2312
ZRH;0925;+0200;1720;+0200;0;KL_1954-KL_2009-KL_2312
ZRH;1330;+0200;2125;+0200;0;AF_5103-AF_7646-AF_5869
ZRH;1330;+0200;2130;+0200;0;AF_5103-AF_6140-AF_5652
ZRH;1330;+0200;2130;+0200;0;AF_5103-AF_7786-AF_5652
ZRH;1330;+0200;2130;+0200;0;AF_5103-AF_7788-AF_5652
ZRH;1330;+0200;2130;+0200;0;AF_5103-AF_6138-AF_5652
ZRH;0950;+0200;1800;+0200;0;AF_5101-AF_7644-AF_5865
ZRH;0950;+0200;1805;+0200;0;AF_5101-AF_7664-AF_5762
ZRH;0950;+0200;1815;+0200;0;AF_5101-AF_7794-AF_5650
ZRH;0950;+0200;1815;+0200;0;AF_5101-AF_6126-AF_5650
ZRH;0950;+0200;1815;+0200;0;AF_5101-AF_6154-AF_5650
ZRH;0950;+0200;1815;+0200;0;AF_5101-AF_6124-AF_5650
ZRH;0950;+0200;1815;+0200;0;AF_5101-AF_6128-AF_5650
HEL;0635;+0300;1045;+0200;0;KL_1164-KL_2033
HEL;1805;+0300;2215;+0200;0;KL_1170-KL_2035
HEL;0925;+0300;1340;+0200;0;AF_1499-AF_7724
HEL;1125;+0300;1600;+0200;0;KL_1166-KL_2049
HEL;1215;+0300;1720;+0200;0;AF_1099-AF_7730
HEL;1605;+0300;2145;+0200;0;AF_1799-AF_7728
HEL;0735;+0300;1340;+0200;0;AF_2299-AF_7724
HEL;1605;+0300;2225;+0200;0;AF_1799-AF_7388
HEL;0735;+0300;1445;+0200;0;AF_2299-AF_7386
HEL;0925;+0300;1720;+0200;0;AF_1499-AF_7730
HEL;1405;+0300;2215;+0200;0;KL_1168-KL_2035
HEL;0635;+0300;1600;+0200;0;KL_1164-KL_2049
HEL;1215;+0300;2145;+0200;0;AF_1099-AF_7728
HEL;0735;+0300;1720;+0200;0;AF_2299-AF_7730
HEL;1215;+0300;2225;+0200;0;AF_1099-AF_7388
HEL;1125;+0300;2215;+0200;0;KL_1166-KL_2035
HEL;0735;+0300;1325;+0200;0;AF_2299-AF_7622-AF_3203
HEL;1125;+0300;1720;+0200;0;KL_1166-KL_2009-KL_2312
HEL;0635;+0300;1340;+0200;0;KL_1164-KL_2003-KL_2310
HEL;1215;+0300;1940;+0200;0;AF_1099-AF_7634-AF_3207
HEL;1405;+0300;2145;+0200;0;KL_1168-KL_1243-KL_2314
HEL;1405;+0300;2145;+0200;0;KL_1168-KL_1245-KL_2314
HEL;0925;+0300;1940;+0200;0;AF_1499-AF_7634-AF_3207
HEL;0925;+0300;1940;+0200;0;AF_1499-AF_6266-AF_3207
HEL;0925;+0300;1940;+0200;0;AF_1499-AF_6262-AF_3207
HEL;0925;+0300;1940;+0200;0;AF_1499-AF_7624-AF_3207
HEL;0925;+0300;1940;+0200;0;AF_1499-AF_6264-AF_3207
HEL;1125;+0300;2145;+0200;0;KL_1166-KL_1243-KL_2314
HEL;1125;+0300;2145;+0200;0;KL_1166-KL_1245-KL_2314
HEL;1125;+0300;2145;+0200;0;KL_1166-KL_2009-KL_2314
HEL;1125;+0300;2145;+0200;0;KL_1166-KL_2013-KL_2314
HEL;0635;+0300;1720;+0200;0;KL_1164-KL_2007-KL_2312
HEL;0635;+0300;1720;+0200;0;KL_1164-KL_2009-KL_2312
HEL;0635;+0300;1720;+0200;0;KL_1164-KL_1233-KL_2312
HEL;0635;+0300;1720;+0200;0;KL_1164-KL_2003-KL_2312