PAR;0725;+0200;0825;+0200;0;AF_7320
PAR;0845;+0200;0945;+0200;0;AF_7302
PAR;1250;+0200;1350;+0200;0;AF_7306
PAR;1555;+0200;1655;+0200;0;AF_7308
PAR;1750;+0200;1850;+0200;0;AF_7310
PAR;1950;+0200;2050;+0200;0;AF_7312
PAR;0935;+0200;1040;+0200;0;AF_7760
PAR;1305;+0200;1410;+0200;0;AF_7762
PAR;1655;+0200;1800;+0200;0;AF_7766
PAR;2050;+0200;2155;+0200;0;AF_7770
PAR;1228;+0200;1459;+0200;0;WY_4537
PAR;0725;+0200;1030;+0200;0;AF_7620-AF_5473
PAR;0725;+0200;1035;+0200;0;AF_1240-AF_5483
PAR;0725;+0200;1035;+0200;0;KL_2002-KL_2043
PAR;1820;+0200;2130;+0200;0;AF_6138-AF_7870
PAR;0800;+0200;1115;+0200;0;AF_6202-AF_7892
PAR;1835;+0200;2150;+0200;0;AF_7626-AF_5361
PAR;0710;+0200;1030;+0200;0;AF_6252-AF_5473
PAR;1830;+0200;2150;+0200;0;AF_6268-AF_5361
PAR;1000;+0200;1325;+0200;0;AF_6200-AF_7895
PAR;1555;+0200;1920;+0200;0;AF_7706-AF_7897
PAR;1550;+0200;1920;+0200;0;AF_7706-AF_7897
PAR;1815;+0200;2145;+0200;0;AF_7708-AF_7898
PAR;1235;+0200;1610;+0200;0;AF_7724-AF_5769
PAR;1315;+0200;1650;+0200;0;AF_7644-AF_5780
PAR;0650;+0200;1030;+0200;0;AF_6250-AF_5473
PAR;1750;+0200;2130;+0200;0;AF_6136-AF_7870
PAR;1410;+0200;1755;+0200;0;AF_6276-AF_5477
PAR;1800;+0200;2145;+0200;0;AF_6236-AF_7898
PAR;0725;+0200;1115;+0200;0;AF_7700-AF_7892
PAR;0935;+0200;1325;+0200;0;AF_7702-AF_7895
PAR;0930;+0200;1325;+0200;0;AF_6206-AF_7895
PAR;1735;+0200;2130;+0200;0;AF_6146-AF_7870
PAR;1250;+0200;1650;+0200;0;AF_7414-AF_5780
PAR;1615;+0200;2015;+0200;0;AF_7730-AF_5773
PAR;1720;+0200;2130;+0200;0;AF_6134-AF_7870
PAR;0700;+0200;1115;+0200;0;AF_6240-AF_7892
PAR;1730;+0200;2145;+0200;0;AF_6226-AF_7898
PAR;1500;+0200;1920;+0200;0;AF_6218-AF_7897
PAR;1730;+0200;2150;+0200;0;AF_6036-AF_5469
PAR;1310;+0200;1745;+0200;0;AF_7664-AF_5467
PAR;1650;+0200;2130;+0200;0;AF_6132-AF_7870
PAR;1710;+0200;2150;+0200;0;AF_6266-AF_5361
PAR;1310;+0200;1755;+0200;0;AF_6260-AF_5477
PAR;1650;+0200;2100;+0200;0;AF_6132-AF_7851-AF_5782
PAR;1620;+0200;2100;+0200;0;AF_6130-AF_7851-AF_5782
TLS;0600;+0200;0725;+0200;0;AF_7868
TLS;0640;+0200;0805;+0200;0;AF_5539
TLS;2005;+0200;2130;+0200;0;AF_7870
TLS;0700;+0200;0930;+0200;0;AF_7841-AF_5784
TLS;1820;+0200;2100;+0200;0;AF_7851-AF_5782
TLS;1800;+0200;2050;+0200;0;AF_6157-AF_7312
TLS;0645;+0200;0945;+0200;0;AF_6103-AF_7302
TLS;1715;+0200;2015;+0200;0;AF_5650-AF_5773
TLS;1045;+0200;1350;+0200;0;AF_6117-AF_7306
TLS;1345;+0200;1650;+0200;0;AF_7849-AF_5780
TLS;1545;+0200;1850;+0200;0;AF_6129-AF_7310
TLS;1345;+0200;1655;+0200;0;AF_6123-AF_7308
TLS;1050;+0200;1410;+0200;0;AF_7795-AF_7762
TLS;1730;+0200;2050;+0200;0;AF_6137-AF_7312
TLS;0715;+0200;1040;+0200;0;AF_7793-AF_7760
TLS;0615;+0200;0945;+0200;0;AF_6101-AF_7302
TLS;0710;+0200;1040;+0200;0;AF_7793-AF_7760
TLS;0740;+0200;1115;+0200;0;AF_7879-AF_7892
TLS;1015;+0200;1350;+0200;0;AF_6113-AF_7306
TLS;1515;+0200;1850;+0200;0;AF_6167-AF_7310
TLS;1715;+0200;2050;+0200;0;AF_6135-AF_7312
TLS;0600;+0200;0945;+0200;0;AF_6155-AF_7302
TLS;0635;+0200;1030;+0200;0;BD_5426-BD_5559
TLS;1800;+0200;2155;+0200;0;AF_7789-AF_7770
TLS;0635;+0200;1035;+0200;0;SN_3676-SN_3653
TLS;0945;+0200;1350;+0200;0;AF_6109-AF_7306
TLS;1645;+0200;2050;+0200;0;AF_6133-AF_7312
TLS;1245;+0200;1655;+0200;0;AF_6121-AF_7308
TLS;1650;+0200;2100;+0200;0;AF_7843-AF_5782
TLS;1715;+0200;2125;+0200;0;KL_1312-KL_2047
TLS;0620;+0200;1035;+0200;0;SN_3676-SN_3653
TLS;1710;+0200;2125;+0200;0;AF_8264-AF_5487
TLS;0605;+0200;1035;+0200;0;KL_1300-KL_2043
TLS;0605;+0200;1035;+0200;0;AF_8260-AF_5483
TLS;0915;+0200;1350;+0200;0;AF_6115-AF_7306
TLS;1615;+0200;2050;+0200;0;AF_6131-AF_7312
TLS;0845;+0200;1350;+0200;0;AF_6111-AF_7306
TLS;1255;+0200;1800;+0200;0;AF_7785-AF_7766
TLS;1345;+0200;1850;+0200;0;AF_6123-AF_7310
TLS;1545;+0200;2050;+0200;0;AF_6129-AF_7312
TLS;1145;+0200;1655;+0200;0;AF_6119-AF_7308
TLS;1230;+0200;1740;+0200;0;KL_1304-KL_2045
TLS;1600;+0200;2120;+0200;0;AF_5509-AF_5357
TLS;0845;+0200;1410;+0200;0;AF_6111-AF_7762
TLS;0815;+0200;1350;+0200;0;AF_6153-AF_7306
TLS;1515;+0200;2050;+0200;0;AF_6167-AF_7312
TLS;1840;+0200;0015;+0200;1;LH_1099-LH_396
TLS;1615;+0200;2155;+0200;0;AF_6131-AF_7770
TLS;1615;+0200;2155;+0200;0;AF_7787-AF_7770
TLS;0740;+0200;1325;+0200;0;AF_7879-AF_7895
TLS;1015;+0200;1600;+0200;0;LH_1095-LH_390
TLS;0600;+0200;1115;+0200;0;AF_6155-AF_6202-AF_7892
TLS;0835;+0200;1350;+0200;0;AF_7847-AF_7417-AF_7306
TLS;1535;+0200;2050;+0200;0;AF_5594-AF_6043-AF_7312
TLS;0835;+0200;1410;+0200;0;AF_7847-AF_7641-AF_7762
TLS;1615;+0200;2150;+0200;0;AF_6131-AF_6268-AF_5361
TLS;1615;+0200;2150;+0200;0;AF_7787-AF_7626-AF_5361
TLS;0745;+0200;1325;+0200;0;AF_6107-AF_6200-AF_7895
NCE;1000;+0200;1115;+0200;0;AF_7892
NCE;2030;+0200;2145;+0200;0;AF_7898
NCE;1205;+0200;1325;+0200;0;AF_7895
NCE;1800;+0200;1920;+0200;0;AF_7897
NCE;0655;+0200;0930;+0200;0;AF_7838-AF_5784
NCE;1810;+0200;2100;+0200;0;AF_7835-AF_5782
NCE;1350;+0200;1650;+0200;0;AF_7836-AF_5780
NCE;1350;+0200;1650;+0200;0;AF_7837-AF_5780
NCE;1035;+0200;1350;+0200;0;AF_6209-AF_7306
NCE;1535;+0200;1850;+0200;0;AF_6235-AF_7310
NCE;1555;+0200;1910;+0200;0;BD_5446-BD_5561
NCE;1335;+0200;1655;+0200;0;AF_6223-AF_7308
NCE;0710;+0200;1040;+0200;0;AF_7711-AF_7760
NCE;1035;+0200;1410;+0200;0;AF_7701-AF_7762
NCE;0645;+0200;1030;+0200;0;AF_7875-AF_5473
NCE;1005;+0200;1350;+0200;0;AF_6207-AF_7306
NCE;1705;+0200;2050;+0200;0;AF_6239-AF_7312
NCE;1305;+0200;1655;+0200;0;AF_6225-AF_7308
NCE;1405;+0200;1755;+0200;0;AF_7877-AF_5477
NCE;0625;+0200;1035;+0200;0;AF_8270-AF_5483
NCE;0625;+0200;1035;+0200;0;KL_1260-KL_2043
NCE;0625;+0200;1040;+0200;0;AF_7713-AF_7760
NCE;1350;+0200;1805;+0200;0;SN_3620-SN_3661
NCE;1435;+0200;1850;+0200;0;AF_6245-AF_7310
NCE;1235;+0200;1655;+0200;0;AF_6213-AF_7308
NCE;1330;+0200;1800;+0200;0;AF_7703-AF_7766
NCE;0600;+0200;1040;+0200;0;AF_7713-AF_7760
NCE;0905;+0200;1350;+0200;0;AF_6205-AF_7306
NCE;1405;+0200;1850;+0200;0;AF_6217-AF_7310
NCE;1605;+0200;2050;+0200;0;AF_6221-AF_7312
NCE;1205;+0200;1655;+0200;0;AF_6215-AF_7308
NCE;1045;+0200;1555;+0200;0;AF_7885-AF_5355
NCE;1230;+0200;1740;+0200;0;AF_8272-AF_5485
NCE;1230;+0200;1740;+0200;0;KL_1264-KL_2045
NCE;1215;+0200;1730;+0200;0;IB_8751-IB_8654
NCE;1335;+0200;1850;+0200;0;AF_6223-AF_7310
NCE;1355;+0200;1910;+0200;0;BD_5444-BD_5561
NCE;1535;+0200;2050;+0200;0;AF_6235-AF_7312
NCE;1605;+0200;2120;+0200;0;AF_7887-AF_5357
NCE;1135;+0200;1655;+0200;0;AF_6211-AF_7308
NCE;1210;+0200;1730;+0200;0;IB_8751-IB_8654
NCE;1215;+0200;1735;+0200;0;IB_8751-IB_8654
NCE;1350;+0200;1910;+0200;0;SN_3620-SN_3661
NCE;1210;+0200;1735;+0200;0;IB_8751-IB_8654
NCE;1850;+0200;0015;+0200;1;LH_1065-LH_396
NCE;1405;+0200;1850;+0200;0;AF_7877-AF_6267-AF_7310
NCE;1605;+0200;2130;+0200;0;AF_6221-AF_6138-AF_7870
NTE;0700;+0200;0820;+0200;0;AF_5771
NTE;1450;+0200;1610;+0200;0;AF_5769
NTE;1855;+0200;2015;+0200;0;AF_5773
NTE;0755;+0200;1030;+0200;0;AF_3202-AF_5473
NTE;0650;+0200;0930;+0200;0;AF_5858-AF_5784
NTE;1810;+0200;2100;+0200;0;AF_5866-AF_5782
NTE;1740;+0200;2050;+0200;0;AF_7385-AF_7312
NTE;0720;+0200;1040;+0200;0;AF_7721-AF_7760
NTE;0740;+0200;1115;+0200;0;AF_5333-AF_7892
NTE;1425;+0200;1800;+0200;0;AF_7727-AF_7766
NTE;0655;+0200;1035;+0200;0;AF_5364-AF_5483
NTE;0655;+0200;1035;+0200;0;KL_2032-KL_2043
NTE;1305;+0200;1650;+0200;0;AF_5862-AF_5780
NTE;1410;+0200;1755;+0200;0;AF_3206-AF_5477
NTE;1710;+0200;2100;+0200;0;AF_5864-AF_5782
NTE;1800;+0200;2155;+0200;0;AF_7731-AF_7770
NTE;0915;+0200;1325;+0200;0;AF_7889-AF_7895
NTE;1720;+0200;2150;+0200;0;AF_7611-AF_5469
NTE;1640;+0200;2120;+0200;0;AF_3145-AF_5357
NTE;1255;+0200;1745;+0200;0;AF_7611-AF_5467
NTE;1125;+0200;1655;+0200;0;AF_7725-AF_7308
NTE;0740;+0200;1325;+0200;0;AF_5333-AF_7895
NTE;1110;+0200;1655;+0200;0;AF_7383-AF_7308
NTE;1540;+0200;2130;+0200;0;AF_5651-AF_7870
NTE;1140;+0200;1745;+0200;0;AF_7691-AF_5467
NTE;0725;+0200;1350;+0200;0;AF_7381-AF_7306
NTE;1425;+0200;2050;+0200;0;AF_7727-AF_7312
NTE;0720;+0200;1350;+0200;0;AF_7721-AF_7306
NTE;1125;+0200;1800;+0200;0;AF_7725-AF_7766
NTE;0725;+0200;1410;+0200;0;AF_7381-AF_7762
NTE;0720;+0200;1410;+0200;0;AF_7721-AF_7762
NTE;1110;+0200;1800;+0200;0;AF_7383-AF_7766
NTE;1040;+0200;1745;+0200;0;AF_5767-AF_5467
NTE;1440;+0200;2150;+0200;0;AF_5763-AF_5469
NTE;0840;+0200;1555;+0200;0;AF_3141-AF_5355
NTE;1125;+0200;1850;+0200;0;AF_7725-AF_7310
NTE;1425;+0200;2155;+0200;0;AF_7727-AF_7770
NTE;1005;+0200;1740;+0200;0;AF_5366-AF_5485
NTE;1005;+0200;1740;+0200;0;KL_2048-KL_2045
NTE;1110;+0200;1850;+0200;0;AF_7383-AF_7310
NTE;1410;+0200;2150;+0200;0;AF_3206-AF_5361
NTE;1305;+0200;2100;+0200;0;AF_5862-AF_5782
NTE;1715;+0200;2100;+0200;0;AF_3265-AF_3215-AF_5782
NTE;1410;+0200;1850;+0200;0;AF_3206-AF_6267-AF_7310
NTE;0840;+0200;1350;+0200;0;AF_5860-AF_7417-AF_7306
NTE;1540;+0200;2050;+0200;0;AF_5651-AF_6137-AF_7312
NTE;1540;+0200;2050;+0200;0;AF_5651-AF_6135-AF_7312
NTE;1540;+0200;2050;+0200;0;AF_5651-AF_6157-AF_7312
NTE;1125;+0200;1650;+0200;0;AF_7725-AF_7644-AF_5780
NTE;0840;+0200;1410;+0200;0;AF_5860-AF_7641-AF_7762
NTE;1120;+0200;1655;+0200;0;AF_7861-AF_6123-AF_7308
NTE;1120;+0200;1655;+0200;0;AF_7861-AF_6121-AF_7308
NTE;0755;+0200;1350;+0200;0;AF_3202-AF_6259-AF_7306
NTE;0755;+0200;1350;+0200;0;AF_3202-AF_6261-AF_7306
NTE;0755;+0200;1350;+0200;0;AF_3202-AF_6281-AF_7306
NTE;0725;+0200;1325;+0200;0;AF_7381-AF_6206-AF_7895
NTE;0725;+0200;1325;+0200;0;AF_7381-AF_6200-AF_7895
NTE;1450;+0200;2050;+0200;0;AF_3272-AF_7551-AF_7312
NTE;0720;+0200;1325;+0200;0;AF_7721-AF_7702-AF_7895
NTE;0740;+0200;1350;+0200;0;AF_5333-AF_6207-AF_7306
NTE;0740;+0200;1350;+0200;0;AF_5333-AF_6209-AF_7306
NTE;1040;+0200;1650;+0200;0;AF_5767-AF_7823-AF_5780
NTE;1440;+0200;2050;+0200;0;AF_5763-AF_6043-AF_7312
NTE;0755;+0200;1410;+0200;0;AF_7609-AF_7663-AF_7762
NTE;0755;+0200;1410;+0200;0;AF_3202-AF_7625-AF_7762
NTE;1540;+0200;2155;+0200;0;AF_5651-AF_7789-AF_7770
NTE;1440;+0200;2100;+0200;0;AF_5763-AF_7827-AF_5782
NTE;0740;+0200;1410;+0200;0;AF_5333-AF_7701-AF_7762
NTE;0715;+0200;1350;+0200;0;AF_3259-AF_7435-AF_7306
NTE;0715;+0200;1350;+0200;0;AF_3259-AF_7431-AF_7306
NTE;1120;+0200;1800;+0200;0;AF_7861-AF_7785-AF_7766
NTE;1410;+0200;2050;+0200;0;AF_3206-AF_6269-AF_7312
NTE;1410;+0200;2050;+0200;0;AF_3206-AF_6271-AF_7312
NTE;1410;+0200;2050;+0200;0;AF_3206-AF_6267-AF_7312
NTE;1110;+0200;1755;+0200;0;AF_7383-AF_6276-AF_5477
NTE;1110;+0200;1755;+0200;0;AF_7383-AF_6260-AF_5477
NTE;1410;+0200;2100;+0200;0;AF_3206-AF_7807-AF_5782
NTE;1410;+0200;2100;+0200;0;AF_3206-AF_7811-AF_5782
NTE;0715;+0200;1410;+0200;0;AF_3259-AF_7431-AF_7762
NTE;0715;+0200;1410;+0200;0;AF_3259-AF_5303-AF_7762
NTE;0650;+0200;1350;+0200;0;AF_5858-AF_7417-AF_7306
NTE;1425;+0200;2125;+0200;0;AF_7727-AF_2040-AF_5487
NTE;1425;+0200;2125;+0200;0;KL_2313-KL_2016-KL_2047
NTE;0640;+0200;1350;+0200;0;AF_5657-AF_6111-AF_7306
NTE;0640;+0200;1350;+0200;0;AF_3270-AF_7543-AF_7306
NTE;0640;+0200;1350;+0200;0;AF_3270-AF_7545-AF_7306
NTE;0640;+0200;1350;+0200;0;AF_5761-AF_6019-AF_7306
NTE;0640;+0200;1350;+0200;0;AF_5657-AF_6113-AF_7306
NTE;0640;+0200;1350;+0200;0;AF_5657-AF_6115-AF_7306
NTE;0640;+0200;1350;+0200;0;AF_5657-AF_6109-AF_7306
NTE;0640;+0200;1350;+0200;0;AF_5657-AF_6153-AF_7306
NTE;0640;+0200;1350;+0200;0;AF_5657-AF_6117-AF_7306
NTE;1140;+0200;1850;+0200;0;AF_7691-AF_6033-AF_7310
NTE;1140;+0200;1850;+0200;0;AF_7691-AF_6029-AF_7310
NTE;0655;+0200;1410;+0200;0;AF_5364-AF_1241-AF_7762
NTE;0655;+0200;1410;+0200;0;AF_5364-AF_1341-AF_7762
NTE;0650;+0200;1410;+0200;0;AF_5858-AF_7641-AF_7762
NTE;0650;+0200;1410;+0200;0;AF_5858-AF_7653-AF_7762
NTE;1040;+0200;1800;+0200;0;AF_5767-AF_7665-AF_7766
NTE;1425;+0200;2145;+0200;0;AF_7727-AF_7708-AF_7898
NTE;1425;+0200;2150;+0200;0;AF_7727-AF_6268-AF_5361
NTE;1425;+0200;2150;+0200;0;AF_7727-AF_7626-AF_5361
NTE;0640;+0200;1410;+0200;0;AF_5761-AF_7663-AF_7762
NTE;0640;+0200;1410;+0200;0;AF_5657-AF_6153-AF_7762
NTE;0640;+0200;1410;+0200;0;AF_5657-AF_6111-AF_7762
NTE;0640;+0200;1410;+0200;0;AF_3270-AF_7689-AF_7762
NTE;0640;+0200;1410;+0200;0;AF_5657-AF_7795-AF_7762
NTE;1120;+0200;1850;+0200;0;AF_7861-AF_6121-AF_7310
NTE;1120;+0200;1850;+0200;0;AF_7861-AF_6123-AF_7310
NTE;1120;+0200;1850;+0200;0;AF_7861-AF_7785-AF_7310
NTE;1120;+0200;1850;+0200;0;AF_7861-AF_6167-AF_7310
NTE;1120;+0200;1850;+0200;0;AF_7861-AF_6129-AF_7310
NTE;0915;+0200;1655;+0200;0;AF_7889-AF_6223-AF_7308
NTE;0915;+0200;1655;+0200;0;AF_7889-AF_6215-AF_7308
NTE;0915;+0200;1655;+0200;0;AF_7889-AF_6213-AF_7308
NTE;0915;+0200;1655;+0200;0;AF_7889-AF_6211-AF_7308
NTE;0915;+0200;1655;+0200;0;AF_7889-AF_6225-AF_7308
NTE;1305;+0200;2050;+0200;0;AF_5862-AF_7415-AF_7312
NTE;1410;+0200;2155;+0200;0;AF_3206-AF_7629-AF_7770
NTE;1410;+0200;2155;+0200;0;AF_3206-AF_6267-AF_7770
NTE;1410;+0200;2155;+0200;0;AF_3206-AF_7637-AF_7770
NTE;1100;+0200;1850;+0200;0;AF_5206-AF_5023-AF_7310
NTE;1005;+0200;1800;+0200;0;AF_5366-AF_1641-AF_7766
NTE;1005;+0200;1800;+0200;0;AF_5366-AF_8233-AF_7766
NTE;1125;+0200;1920;+0200;0;AF_7725-AF_7706-AF_7897
NTE;1255;+0200;2050;+0200;0;AF_7611-AF_6039-AF_7312
NTE;1255;+0200;2050;+0200;0;AF_7611-AF_6037-AF_7312
NTE;1255;+0200;2050;+0200;0;AF_7611-AF_6043-AF_7312
LYS;0830;+0200;0930;+0200;0;AF_5784
LYS;1550;+0200;1650;+0200;0;AF_5780
LYS;2000;+0200;2100;+0200;0;AF_5782
LYS;0830;+0200;1115;+0200;0;AF_7833-AF_7892
LYS;1845;+0200;2130;+0200;0;AF_7848-AF_7870
LYS;0730;+0200;1040;+0200;0;AF_7651-AF_7760
LYS;1040;+0200;1350;+0200;0;AF_7417-AF_7306
LYS;1445;+0200;1755;+0200;0;AF_7812-AF_5477
LYS;1820;+0200;2130;+0200;0;AF_7842-AF_7870
LYS;0630;+0200;0945;+0200;0;AF_7401-AF_7302
LYS;0720;+0200;1035;+0200;0;SN_3594-SN_3653
LYS;1830;+0200;2150;+0200;0;AF_7804-AF_5361
LYS;0705;+0200;1030;+0200;0;BD_5364-BD_5559
LYS;1045;+0200;1410;+0200;0;AF_7641-AF_7762
LYS;0700;+0200;1030;+0200;0;AF_7800-AF_5473
LYS;0705;+0200;1035;+0200;0;SN_3594-SN_3653
LYS;1645;+0200;2015;+0200;0;AF_5865-AF_5773
LYS;0655;+0200;1035;+0200;0;KL_2024-KL_2043
LYS;0655;+0200;1035;+0200;0;AF_1156-AF_5483
LYS;1745;+0200;2125;+0200;0;AF_1356-AF_5487
LYS;1745;+0200;2125;+0200;0;KL_2028-KL_2047
LYS;1535;+0200;1920;+0200;0;AF_7839-AF_7897
LYS;1655;+0200;2050;+0200;0;AF_7415-AF_7312
LYS;1350;+0200;1800;+0200;0;AF_7643-AF_7766
LYS;0840;+0200;1325;+0200;0;AF_7830-AF_7895
LYS;0925;+0200;1410;+0200;0;AF_7653-AF_7762
LYS;0830;+0200;1325;+0200;0;AF_7833-AF_7895
LYS;1700;+0200;2155;+0200;0;AF_7645-AF_7770
LYS;0600;+0200;1100;+0200;0;LH_1083-LH_386
LYS;1515;+0200;2015;+0200;0;AF_5863-AF_5773
LYS;1455;+0200;2000;+0200;0;LH_1077-LH_392
LYS;1845;+0200;0015;+0200;1;LH_1079-LH_396
LYS;1025;+0200;1600;+0200;0;LH_1075-LH_390
LYS;1155;+0200;1730;+0200;0;IB_8711-IB_8654
LYS;1155;+0200;1735;+0200;0;IB_8711-IB_8654
LYS;1200;+0200;1740;+0200;0;AF_1256-AF_5485
LYS;1200;+0200;1740;+0200;0;KL_2030-KL_2045
LYS;1535;+0200;2120;+0200;0;AF_7815-AF_5357
LYS;0850;+0200;1350;+0200;0;AF_5801-AF_7545-AF_7306
LYS;0845;+0200;1350;+0200;0;AF_7802-AF_6261-AF_7306
LYS;1545;+0200;2050;+0200;0;AF_7806-AF_6271-AF_7312
LYS;1545;+0200;2050;+0200;0;AF_5803-AF_7551-AF_7312
LYS;0840;+0200;1350;+0200;0;AF_7830-AF_6209-AF_7306
LYS;0840;+0200;1350;+0200;0;AF_3212-AF_7435-AF_7306
LYS;0835;+0200;0943;+0200;0;AF_5412
LYS;0944;+0200;1350;+0200;0;AF_5412-AF_7337-AF_7306
LYS;0830;+0200;1350;+0200;0;AF_7833-AF_6207-AF_7306
LYS;0830;+0200;1350;+0200;0;AF_7840-AF_6113-AF_7306
LYS;0830;+0200;1350;+0200;0;AF_7840-AF_6117-AF_7306
LYS;0830;+0200;1350;+0200;0;AF_7833-AF_6209-AF_7306
LYS;0850;+0200;1410;+0200;0;AF_5801-AF_7689-AF_7762
LYS;0845;+0200;1410;+0200;0;AF_7802-AF_7625-AF_7762
LYS;0840;+0200;1410;+0200;0;AF_3212-AF_5303-AF_7762
LYS;0840;+0200;1410;+0200;0;AF_7830-AF_7701-AF_7762
LYS;1350;+0200;1920;+0200;0;AF_7643-AF_7706-AF_7897
LYS;0835;+0200;0943;+0200;0;AF_5412
LYS;0944;+0200;1410;+0200;0;AF_5412-AF_3283-AF_3283-AF_7762
LYS;0835;+0200;1410;+0200;0;AF_5412-AF_3283-AF_7762
LYS;1515;+0200;2050;+0200;0;AF_7850-AF_6135-AF_7312
LYS;1515;+0200;2050;+0200;0;AF_7850-AF_6137-AF_7312
LYS;1515;+0200;1623;+0200;0;AF_5414
LYS;1624;+0200;2050;+0200;0;AF_5414-AF_7341-AF_7312
LYS;1515;+0200;2050;+0200;0;AF_7850-AF_6157-AF_7312
LYS;1515;+0200;2050;+0200;0;AF_7850-AF_6133-AF_7312
LYS;1515;+0200;2050;+0200;0;AF_5863-AF_7385-AF_7312
LYS;1515;+0200;2050;+0200;0;AF_7824-AF_6043-AF_7312
LYS;1515;+0200;2050;+0200;0;AF_5414-AF_7341-AF_7312
LYS;0830;+0200;1410;+0200;0;AF_7833-AF_7701-AF_7762
LYS;0830;+0200;1410;+0200;0;AF_7840-AF_7795-AF_7762
LYS;0730;+0200;1325;+0200;0;AF_7651-AF_7702-AF_7895
BCN;0635;+0200;0930;+0200;0;AF_5895-AF_5784
BCN;1740;+0200;2100;+0200;0;AF_5907-AF_5782
BCN;1025;+0200;1410;+0200;0;AF_1149-AF_7762
BCN;0650;+0200;1040;+0200;0;AF_2349-AF_7760
BCN;1300;+0200;1650;+0200;0;AF_5899-AF_5780
BCN;1520;+0200;1910;+0200;0;BD_5514-BD_5561
BCN;0630;+0200;1030;+0200;0;BD_5308-BD_5559
BCN;0630;+0200;1035;+0200;0;SN_3708-SN_3653
BCN;0930;+0200;1350;+0200;0;AF_1031-AF_7306
BCN;1315;+0200;1740;+0200;0;KL_1672-KL_2045
BCN;1420;+0200;1850;+0200;0;AF_1231-AF_7310
BCN;1715;+0200;2150;+0200;0;AF_3207-AF_5361
BCN;1240;+0200;1730;+0200;0;IB_2751-IB_8654
BCN;1345;+0200;1835;+0200;0;OK_689-OK_742
BCN;1240;+0200;1735;+0200;0;IB_2751-IB_8654
BCN;1255;+0200;1800;+0200;0;AF_1349-AF_7766
BCN;1620;+0200;2125;+0200;0;KL_1674-KL_2047
BCN;1100;+0200;1210;+0200;0;AF_3203
BCN;1240;+0200;1610;+0200;0;AF_3203-AF_5769
BCN;1235;+0200;1805;+0200;0;SN_3702-SN_3661
BCN;1140;+0200;1730;+0200;0;IB_2753-IB_8654
BCN;1140;+0200;1735;+0200;0;IB_2753-IB_8654
BCN;1255;+0200;1850;+0200;0;AF_1349-AF_7310
BCN;1555;+0200;2155;+0200;0;AF_1649-AF_7770
BCN;0735;+0200;1350;+0200;0;AF_2149-AF_7306
BCN;1110;+0200;1730;+0200;0;IB_2755-IB_8654
BCN;1110;+0200;1735;+0200;0;IB_2755-IB_8654
BCN;1025;+0200;1655;+0200;0;AF_1149-AF_7308
BCN;1420;+0200;2050;+0200;0;AF_1231-AF_7312
BCN;0735;+0200;1410;+0200;0;AF_2149-AF_7762
BCN;1105;+0200;1740;+0200;0;KL_1666-KL_2045
BCN;1235;+0200;1910;+0200;0;SN_3702-SN_3661
BCN;0650;+0200;1330;+0200;0;LH_1139-LH_388
BCN;1100;+0200;1755;+0200;0;AF_3203-AF_5477
BCN;1605;+0200;2300;+0200;0;LH_1129-LH_394
BCN;0650;+0200;1350;+0200;0;AF_2349-AF_7306
BCN;0650;+0200;1410;+0200;0;AF_2349-AF_7762
BCN;0930;+0200;1655;+0200;0;AF_1031-AF_7308
BCN;1230;+0200;2000;+0200;0;LH_1127-LH_392
BCN;1025;+0200;1800;+0200;0;AF_1149-AF_7766
BCN;1420;+0200;2155;+0200;0;AF_1231-AF_7770
BCN;0950;+0200;1730;+0200;0;IB_6775-IB_8654
BCN;0950;+0200;1735;+0200;0;IB_6775-IB_8654
BCN;1100;+0200;1655;+0200;0;AF_3203-AF_6263-AF_7308
BCN;1100;+0200;1800;+0200;0;AF_3203-AF_7627-AF_7766
BCN;1100;+0200;1210;+0200;0;AF_3203
BCN;1240;+0200;1800;+0200;0;AF_3203-AF_7727-AF_7766
BCN;1445;+0200;2155;+0200;0;AZ_7097-AZ_7816-AZ_2970
BCN;0635;+0200;1350;+0200;0;AF_5895-AF_7417-AF_7306
BCN;0635;+0200;1410;+0200;0;AF_5895-AF_7653-AF_7762
BCN;0635;+0200;1410;+0200;0;AF_5895-AF_7641-AF_7762
BCN;0815;+0200;1600;+0200;0;LH_1817-LH_109-LH_390
MAD;1520;+0200;1730;+0200;0;IB_8654
MAD;1525;+0200;1735;+0200;0;IB_8654
MAD;1015;+0200;1410;+0200;0;AF_1001-AF_7762
MAD;0555;+0200;1035;+0200;0;KL_1708-KL_2043
MAD;0910;+0200;1350;+0200;0;AF_1431-AF_7306
MAD;1300;+0200;1740;+0200;0;KL_1702-KL_2045
MAD;1355;+0200;1850;+0200;0;AF_1631-AF_7310
MAD;1700;+0200;2155;+0200;0;AF_1701-AF_7770
MAD;1620;+0200;2125;+0200;0;KL_1704-KL_2047
MAD;1235;+0200;1800;+0200;0;AF_1301-AF_7766
MAD;0750;+0200;1350;+0200;0;AF_1831-AF_7306
MAD;1205;+0200;1805;+0200;0;SN_3722-SN_3661
MAD;1235;+0200;1850;+0200;0;AF_1301-AF_7310
MAD;0750;+0200;1410;+0200;0;AF_1831-AF_7762
MAD;1535;+0200;2155;+0200;0;AF_1601-AF_7770
MAD;0715;+0200;1350;+0200;0;AF_2101-AF_7306
MAD;1625;+0200;2300;+0200;0;LH_1115-LH_394
MAD;0710;+0200;1350;+0200;0;AF_2101-AF_7306
MAD;1015;+0200;1655;+0200;0;AF_1001-AF_7308
MAD;1220;+0200;1910;+0200;0;BD_5312-BD_5561
MAD;1610;+0200;2300;+0200;0;LH_1115-LH_394
MAD;0715;+0200;1410;+0200;0;AF_2101-AF_7762
MAD;0905;+0200;1600;+0200;0;LH_6801-LH_390
MAD;1355;+0200;2050;+0200;0;AF_1631-AF_7312
MAD;0710;+0200;1410;+0200;0;AF_2101-AF_7762
MAD;1205;+0200;1910;+0200;0;SN_3722-SN_3661
MAD;1030;+0200;1740;+0200;0;KL_1700-KL_2045
MAD;0615;+0200;1330;+0200;0;LH_1121-LH_388
MAD;1230;+0200;2000;+0200;0;LH_1113-LH_392
MAD;1535;+0200;2150;+0200;0;AF_1601-AF_7626-AF_5361
MAD;1015;+0200;1650;+0200;0;AF_1001-AF_7644-AF_5780
MAD;1235;+0200;1920;+0200;0;AF_1301-AF_7706-AF_7897
MAD;1015;+0200;1745;+0200;0;AF_1001-AF_7664-AF_5467
LON;1710;+0100;2125;+0200;0;KL_1022-KL_2047
LON;0930;+0100;1350;+0200;0;AF_5021-AF_7306
LON;1420;+0100;1850;+0200;0;AF_5023-AF_7310
LON;1245;+0100;1800;+0200;0;AF_1981-AF_7766
LON;1610;+0100;2125;+0200;0;KL_1020-KL_2047
LON;1605;+0100;2125;+0200;0;AF_5193-AF_5487
LON;1525;+0100;2050;+0200;0;AF_5025-AF_7312
LON;0805;+0100;1350;+0200;0;AF_5019-AF_7306
LON;1145;+0100;1740;+0200;0;KL_1010-KL_2045
LON;1600;+0100;2155;+0200;0;AF_2281-AF_7770
LON;1135;+0100;1740;+0200;0;AF_5185-AF_5485
LON;1655;+0100;2300;+0200;0;LH_935-LH_394
LON;0950;+0100;1600;+0200;0;LH_903-LH_390
LON;0950;+0100;1600;+0200;0;LH_897-LH_390
LON;1805;+0100;0015;+0200;1;LH_915-LH_396
LON;0715;+0100;1330;+0200;0;LH_923-LH_388
LON;0735;+0100;1350;+0200;0;AF_1081-AF_7306
LON;1420;+0100;2050;+0200;0;AF_5023-AF_7312
LON;0735;+0100;1410;+0200;0;AF_1081-AF_7762
LON;1450;+0100;2125;+0200;0;KL_1018-KL_2047
LON;1740;+0100;0015;+0200;1;LH_899-LH_396
LON;0710;+0100;1350;+0200;0;AF_1081-AF_7306
LON;1010;+0100;1655;+0200;0;AF_1681-AF_7308
LON;0750;+0100;1410;+0200;0;AF_5181-AF_1341-AF_7762
LON;1245;+0100;1920;+0200;0;AF_1981-AF_7706-AF_7897
LON;1010;+0100;1650;+0200;0;AF_1681-AF_7644-AF_5780
PRG;0715;+0200;0845;+0200;0;OK_740
PRG;1700;+0200;1835;+0200;0;OK_742
PRG;1415;+0200;1740;+0200;0;KL_3124-KL_2045
PRG;1730;+0200;2100;+0200;0;AF_5904-AF_5782
PRG;0700;+0200;1035;+0200;0;KL_3120-KL_2043
PRG;1400;+0200;1740;+0200;0;KL_1356-KL_2045
PRG;0645;+0200;1035;+0200;0;SN_2816-SN_3653
PRG;1015;+0200;1410;+0200;0;AF_1383-AF_7762
PRG;1005;+0200;1410;+0200;0;AF_1383-AF_7762
PRG;1245;+0200;1650;+0200;0;AF_5902-AF_5780
PRG;1715;+0200;2125;+0200;0;KL_3122-KL_2047
PRG;1745;+0200;2155;+0200;0;AF_1783-AF_7770
PRG;1705;+0200;2125;+0200;0;KL_3122-KL_2047
PRG;1715;+0200;2155;+0200;0;AF_1987-AF_7770
PRG;1820;+0200;2300;+0200;0;LH_1399-LH_394
PRG;1930;+0200;0015;+0200;1;LH_1401-LH_396
PRG;0600;+0200;1100;+0200;0;LH_1403-LH_386
PRG;1820;+0200;0015;+0200;1;LH_1399-LH_396
PRG;0955;+0200;1600;+0200;0;LH_1393-LH_390
PRG;1345;+0200;2000;+0200;0;LH_1397-LH_392
PRG;1540;+0200;2155;+0200;0;AF_1983-AF_7770
PRG;1110;+0200;1730;+0200;0;IB_7885-IB_8654
PRG;1535;+0200;2155;+0200;0;AF_1983-AF_7770
PRG;0725;+0200;1350;+0200;0;AF_1083-AF_7306
PRG;1110;+0200;1735;+0200;0;IB_7885-IB_8654
PRG;1015;+0200;1655;+0200;0;AF_1383-AF_7308
PRG;0725;+0200;1410;+0200;0;AF_1083-AF_7762
PRG;1005;+0200;1655;+0200;0;AF_1383-AF_7308
PRG;0925;+0200;1600;+0200;0;LH_1689-LH_109-LH_390
PRG;1720;+0200;0015;+0200;1;LH_1693-LH_121-LH_396
ROM;1740;+0200;2100;+0200;0;AZ_7840-AZ_2576
ROM;1740;+0200;2100;+0200;0;AF_5820-AF_5782
ROM;0645;+0200;1035;+0200;0;SN_3188-SN_3653
ROM;1255;+0200;1650;+0200;0;AZ_7838-AZ_2574
ROM;1255;+0200;1650;+0200;0;AF_5822-AF_5780
ROM;1425;+0200;1835;+0200;0;OK_725-OK_742
ROM;0905;+0200;1325;+0200;0;AF_9881-AF_7895
ROM;1715;+0200;2145;+0200;0;AF_9885-AF_7898
ROM;1255;+0200;1740;+0200;0;KL_1602-KL_2045
ROM;1705;+0200;2155;+0200;0;AF_9841-AF_7770
ROM;1255;+0200;1755;+0200;0;AF_3129-AF_5477
ROM;1300;+0200;1800;+0200;0;AF_1505-AF_7766
ROM;0855;+0200;1410;+0200;0;AF_9833-AF_7762
ROM;0855;+0200;1410;+0200;0;AZ_318-AZ_2966
ROM;1010;+0200;1600;+0200;0;LH_231-LH_390
ROM;1825;+0200;0015;+0200;1;LH_237-LH_396
ROM;1535;+0200;2130;+0200;0;AF_9891-AF_7870
ROM;1430;+0200;2050;+0200;0;AF_9839-AF_7312
ROM;1535;+0200;2155;+0200;0;AF_9845-AF_7770
ROM;1535;+0200;2155;+0200;0;AZ_330-AZ_2970
ROM;1500;+0200;2125;+0200;0;KL_3404-KL_2047
ROM;0720;+0200;1350;+0200;0;AF_2305-AF_7306
ROM;1020;+0200;1655;+0200;0;AF_1205-AF_7308
ROM;1320;+0200;2000;+0200;0;LH_233-LH_392
ROM;0700;+0200;1350;+0200;0;AF_9831-AF_7306
ROM;0720;+0200;1410;+0200;0;AF_2305-AF_7762
ROM;0720;+0200;1410;+0200;0;AZ_7310-AZ_2966
ROM;1030;+0200;1730;+0200;0;IB_3677-IB_8654
ROM;1030;+0200;1735;+0200;0;IB_3677-IB_8654
ROM;0620;+0200;1330;+0200;0;LH_243-LH_388
ROM;0700;+0200;1410;+0200;0;AZ_316-AZ_2966
ROM;0700;+0200;1410;+0200;0;AF_9831-AF_7762
ROM;1030;+0200;1740;+0200;0;KL_1598-KL_2045
ROM;1430;+0200;2155;+0200;0;AF_9839-AF_7770
ROM;1430;+0200;2155;+0200;0;AZ_324-AZ_2970
ROM;1020;+0200;1800;+0200;0;AF_1205-AF_7766
ROM;1020;+0200;1800;+0200;0;AZ_7300-AZ_2968
ROM;1020;+0200;1805;+0200;0;SN_3176-SN_3661
ROM;1300;+0200;2050;+0200;0;AF_1505-AF_7312
ROM;1335;+0200;2125;+0200;0;KL_3402-KL_2047
ROM;0855;+0200;1655;+0200;0;AF_9833-AF_7308
ROM;1255;+0200;2100;+0200;0;AZ_7838-AZ_2576
ROM;1255;+0200;2100;+0200;0;AF_5822-AF_5782
ROM;1455;+0200;2300;+0200;0;LH_235-LH_394
ROM;1305;+0200;1850;+0200;0;AF_3249-AF_6129-AF_7310
ROM;1255;+0200;1850;+0200;0;AF_3129-AF_6267-AF_7310
ROM;1235;+0200;1850;+0200;0;AF_4343-AF_6129-AF_7310
ROM;1235;+0200;1850;+0200;0;AF_4343-AF_6167-AF_7310
ROM;1020;+0200;1650;+0200;0;AZ_1016-AZ_7830-AZ_2574
ROM;1500;+0200;2155;+0200;0;AZ_2044-AZ_7816-AZ_2970
ROM;1100;+0200;1800;+0200;0;AZ_2032-AZ_7900-AZ_2968
ROM;0920;+0200;1650;+0200;0;AZ_2310-AZ_7830-AZ_2574
ROM;1030;+0200;1800;+0200;0;AZ_1429-AZ_7374-AZ_2968
ROM;0630;+0200;1410;+0200;0;AZ_2008-AZ_7086-AZ_2966
ROM;0910;+0200;1650;+0200;0;AZ_1024-AZ_7830-AZ_2574
ROM;0905;+0200;1650;+0200;0;AF_9881-AF_7837-AF_5780
ROM;0905;+0200;1650;+0200;0;AF_9881-AF_7836-AF_5780
ROM;1305;+0200;2050;+0200;0;AF_3249-AF_6137-AF_7312
ROM;1305;+0200;2050;+0200;0;AF_3249-AF_6157-AF_7312
ROM;1305;+0200;2050;+0200;0;AF_3249-AF_6135-AF_7312
ROM;1305;+0200;2050;+0200;0;AF_3249-AF_6131-AF_7312
ROM;1305;+0200;2050;+0200;0;AF_3249-AF_6133-AF_7312
ROM;1305;+0200;2050;+0200;0;AF_3249-AF_6129-AF_7312
ROM;1315;+0200;2100;+0200;0;AZ_1026-AZ_7832-AZ_2576
ROM;0900;+0200;1650;+0200;0;AZ_2028-AZ_7830-AZ_2574
ROM;0905;+0200;1655;+0200;0;AF_9881-AF_6223-AF_7308
ROM;0905;+0200;1655;+0200;0;AF_9881-AF_6211-AF_7308
ROM;0905;+0200;1655;+0200;0;AF_9881-AF_6225-AF_7308
ROM;0905;+0200;1655;+0200;0;AF_9881-AF_6213-AF_7308
ROM;0905;+0200;1655;+0200;0;AF_9881-AF_6215-AF_7308
ROM;1210;+0200;2000;+0200;0;LH_1843-LH_115-LH_392
ROM;0900;+0200;1655;+0200;0;AF_4329-AF_6025-AF_7308
ROM;1255;+0200;2050;+0200;0;AF_3129-AF_6269-AF_7312
ROM;1255;+0200;2050;+0200;0;AF_3129-AF_6267-AF_7312
ROM;1255;+0200;2050;+0200;0;AF_3129-AF_6271-AF_7312
ROM;1255;+0200;2050;+0200;0;AF_5822-AF_7415-AF_7312
ROM;1400;+0200;2155;+0200;0;AZ_2068-AZ_7848-AZ_2970
ROM;1400;+0200;2155;+0200;0;AZ_2068-AZ_7906-AZ_2970
ROM;1400;+0200;2155;+0200;0;AZ_2068-AZ_7816-AZ_2970
ROM;1000;+0200;1800;+0200;0;AZ_1465-AZ_7326-AZ_2968
ROM;1000;+0200;1800;+0200;0;AZ_2036-AZ_7900-AZ_2968
ROM;1300;+0200;2100;+0200;0;AZ_2038-AZ_7832-AZ_2576
ROM;0845;+0200;1650;+0200;0;AZ_2022-AZ_7830-AZ_2574
ROM;0950;+0200;1800;+0200;0;AZ_1663-AZ_7392-AZ_2968
ROM;0950;+0200;1800;+0200;0;AZ_1383-AZ_7822-AZ_2968
ROM;0945;+0200;1800;+0200;0;AZ_1675-AZ_7804-AZ_2968
ROM;1235;+0200;2050;+0200;0;AF_4343-AF_6135-AF_7312
ROM;1235;+0200;2050;+0200;0;AF_4343-AF_6157-AF_7312
ROM;1235;+0200;2050;+0200;0;AF_4343-AF_6137-AF_7312
ROM;1235;+0200;2050;+0200;0;AF_4343-AF_6131-AF_7312
ROM;1235;+0200;2050;+0200;0;AF_4343-AF_6133-AF_7312
ROM;1235;+0200;2050;+0200;0;AF_4343-AF_6167-AF_7312
ROM;1235;+0200;2050;+0200;0;AF_4343-AF_6129-AF_7312
LIS;1705;+0100;1955;+0200;0;AF_5361
LIS;2025;+0100;2150;+0200;0;AF_5361
LIS;1235;+0100;1805;+0200;0;SN_3816-SN_3661
LIS;0820;+0100;1410;+0200;0;AF_2325-AF_7762
LIS;1535;+0100;2125;+0200;0;KL_1694-KL_2047
LIS;1535;+0100;2155;+0200;0;AF_1625-AF_7770
LIS;1245;+0100;1910;+0200;0;SN_6410-SN_3661
LIS;1235;+0100;1910;+0200;0;BD_5566-BD_5561
LIS;1235;+0100;1910;+0200;0;SN_3816-SN_3661
LIS;1115;+0100;1800;+0200;0;AF_1025-AF_7766
LIS;1000;+0100;1730;+0200;0;IB_3111-IB_8654
LIS;1000;+0100;1735;+0200;0;IB_3111-IB_8654
LIS;1115;+0100;1850;+0200;0;AF_1025-AF_7310
LIS;0600;+0100;1350;+0200;0;AF_2325-AF_7306
LIS;1205;+0100;2000;+0200;0;LH_1167-LH_392
LIS;0600;+0100;1410;+0200;0;AF_2325-AF_7762
LIS;0820;+0100;1655;+0200;0;AF_2325-AF_7308
LIS;1420;+0100;2300;+0200;0;LH_6953-LH_394
LIS;0830;+0100;1730;+0200;0;IB_3107-IB_8654
LIS;0905;+0100;1805;+0200;0;SN_3814-SN_3661
LIS;0655;+0100;1600;+0200;0;LH_1173-LH_390
LIS;0830;+0100;1735;+0200;0;IB_3107-IB_8654
LIS;1115;+0100;2050;+0200;0;AF_1025-AF_7312
LIS;0820;+0100;1800;+0200;0;AF_2325-AF_7766
LIS;1420;+0100;0015;+0200;1;LH_6953-LH_396
LIS;0905;+0100;1910;+0200;0;SN_3814-SN_3661
LIS;0905;+0100;1910;+0200;0;BD_5564-BD_5561
LIS;0755;+0100;1805;+0200;0;SN_6402-SN_3661
LIS;0715;+0100;1740;+0200;0;KL_1692-KL_2045
LIS;0820;+0100;1850;+0200;0;AF_2325-AF_7310
LIS;0655;+0100;1730;+0200;0;IB_3119-IB_8654
LIS;0655;+0100;1735;+0200;0;IB_3119-IB_8654
LIS;1115;+0100;2155;+0200;0;AF_1025-AF_7770
LIS;1115;+0100;1920;+0200;0;AF_1025-AF_7706-AF_7897
LIS;0820;+0100;1650;+0200;0;AF_2325-AF_7644-AF_5780
LIS;0820;+0100;1745;+0200;0;AF_2325-AF_7664-AF_5467
LIS;0820;+0100;1755;+0200;0;AF_2325-AF_7624-AF_5477
LIS;1115;+0100;2100;+0200;0;AF_1025-AF_7646-AF_5782
LIS;1115;+0100;2145;+0200;0;AF_1025-AF_7706-AF_7898
LIS;1115;+0100;2145;+0200;0;AF_1025-AF_6236-AF_7898
LIS;1115;+0100;2145;+0200;0;AF_1025-AF_7708-AF_7898
LIS;1115;+0100;2150;+0200;0;AF_1025-AF_7666-AF_5469
LIS;1115;+0100;2150;+0200;0;AF_1025-AF_6268-AF_5361
LIS;1115;+0100;2150;+0200;0;AF_1025-AF_7634-AF_5361
LIS;1115;+0100;2150;+0200;0;AF_1025-AF_7626-AF_5361
AMS;0925;+0200;1035;+0200;0;AF_5483
AMS;0925;+0200;1035;+0200;0;KL_2043
AMS;1630;+0200;1740;+0200;0;KL_2045
AMS;1630;+0200;1740;+0200;0;AF_5485
AMS;2015;+0200;2125;+0200;0;KL_2047
AMS;2015;+0200;2125;+0200;0;AF_5487
AMS;0715;+0200;1040;+0200;0;AF_8227-AF_7760
AMS;1045;+0200;1410;+0200;0;AF_1341-AF_7762
AMS;1420;+0200;1755;+0200;0;AF_8341-AF_5477
AMS;0645;+0200;1040;+0200;0;AF_8223-AF_7760
AMS;1800;+0200;2155;+0200;0;AF_8241-AF_7770
AMS;1355;+0200;1800;+0200;0;AF_1641-AF_7766
AMS;1445;+0200;1920;+0200;0;AF_8231-AF_7897
AMS;0845;+0200;1325;+0200;0;AF_8443-AF_7895
AMS;0930;+0200;1410;+0200;0;AF_1241-AF_7762
AMS;1655;+0200;2155;+0200;0;AF_8239-AF_7770
AMS;1055;+0200;1600;+0200;0;LH_989-LH_390
AMS;1455;+0200;2000;+0200;0;LH_993-LH_392
AMS;1620;+0200;2145;+0200;0;AF_8435-AF_7898
AMS;1230;+0200;1800;+0200;0;AF_8233-AF_7766
AMS;1520;+0200;2050;+0200;0;AF_1741-AF_7312
AMS;1430;+0200;2015;+0200;0;AF_5367-AF_5773
AMS;1830;+0200;0015;+0200;1;LH_997-LH_396
AMS;0800;+0200;1350;+0200;0;AF_8229-AF_7306
AMS;0800;+0200;1410;+0200;0;AF_8229-AF_7762
AMS;1045;+0200;1655;+0200;0;AF_1341-AF_7308
AMS;0945;+0200;1600;+0200;0;LH_987-LH_390
AMS;1230;+0200;1850;+0200;0;AF_8233-AF_7310
AMS;0705;+0200;1330;+0200;0;LH_1003-LH_388
AMS;0715;+0200;1350;+0200;0;AF_8227-AF_7306
AMS;1200;+0200;1835;+0200;0;OK_4629-OK_742
AMS;1520;+0200;2155;+0200;0;AF_1741-AF_7770
AMS;1320;+0200;2000;+0200;0;LH_991-LH_392
AMS;1420;+0200;2100;+0200;0;AF_1257-AF_5782
AMS;0925;+0200;1410;+0200;0;AF_8267-AF_1217-AF_7762
AMS;0840;+0200;1350;+0200;0;AF_5184-AF_5021-AF_7306
AMS;0800;+0200;1350;+0200;0;AF_5182-AF_5021-AF_7306
AMS;1435;+0200;2050;+0200;0;AF_8263-AF_6157-AF_7312
AMS;1435;+0200;2050;+0200;0;AF_8263-AF_6135-AF_7312
AMS;1435;+0200;2050;+0200;0;AF_8263-AF_6137-AF_7312
AMS;1420;+0200;2050;+0200;0;AF_1257-AF_7415-AF_7312
AMS;1420;+0200;2050;+0200;0;AF_8341-AF_6269-AF_7312
AMS;1420;+0200;2050;+0200;0;AF_8341-AF_6271-AF_7312
AMS;0705;+0200;1350;+0200;0;AF_5180-AF_5021-AF_7306
AMS;0705;+0200;1350;+0200;0;AF_5180-AF_5019-AF_7306
AMS;1010;+0200;1655;+0200;0;AF_8301-AF_6263-AF_7308
BRU;1710;+0200;1805;+0200;0;SN_3661
BRU;1815;+0200;1910;+0200;0;SN_3661
BRU;0935;+0200;1035;+0200;0;SN_3653
BRU;0635;+0200;0930;+0200;0;AF_5401-AF_5784
BRU;1440;+0200;1740;+0200;0;KL_1726-KL_2045
BRU;1825;+0200;2125;+0200;0;KL_1732-KL_2047
BRU;1755;+0200;2100;+0200;0;AF_5405-AF_5782
BRU;0710;+0200;1040;+0200;0;AF_7182-AF_7760
BRU;1320;+0200;1650;+0200;0;AF_5403-AF_5780
BRU;1021;+0200;1410;+0200;0;AF_7184-AF_7762
BRU;0625;+0200;1035;+0200;0;KL_1720-KL_2043
BRU;1830;+0200;2300;+0200;0;LH_1017-LH_394
BRU;0840;+0200;1330;+0200;0;LH_1005-LH_388
BRU;1110;+0200;1600;+0200;0;LH_1009-LH_390
BRU;1920;+0200;0015;+0200;1;LH_1019-LH_396
BRU;0830;+0200;1330;+0200;0;LH_1005-LH_388
BRU;1100;+0200;1600;+0200;0;LH_1009-LH_390
BRU;1440;+0200;2000;+0200;0;LH_1013-LH_392
BRU;1740;+0200;2300;+0200;0;LH_1015-LH_394
BRU;1210;+0200;1735;+0200;0;IB_3203-IB_8654
BRU;1618;+0200;2155;+0200;0;AF_7186-AF_7770
BRU;1218;+0200;1800;+0200;0;AF_7192-AF_7766
BRU;1830;+0200;0015;+0200;1;LH_1017-LH_396
BRU;1125;+0200;1740;+0200;0;KL_1724-KL_2045
BRU;1218;+0200;1850;+0200;0;AF_7192-AF_7310
BRU;1021;+0200;1655;+0200;0;AF_7184-AF_7308
BRU;0655;+0200;1330;+0200;0;LH_1025-LH_388
BRU;1325;+0200;2000;+0200;0;LH_1011-LH_392
BRU;1740;+0200;0015;+0200;1;LH_1015-LH_396
BRU;0710;+0200;1350;+0200;0;AF_7182-AF_7306
BRU;0920;+0200;1600;+0200;0;LH_1007-LH_390
BRU;1440;+0200;2125;+0200;0;KL_1726-KL_2047
BRU;0710;+0200;1410;+0200;0;AF_7182-AF_7762
BRU;1310;+0200;1850;+0200;0;AF_4345-AF_6129-AF_7310
BRU;1021;+0200;1650;+0200;0;AF_7184-AF_7644-AF_5780
BRU;1610;+0200;2300;+0200;0;LH_5579-LH_23-LH_394
BER;1420;+0200;1740;+0200;0;KL_1826-KL_2045
BER;0640;+0200;1030;+0200;0;BD_5332-BD_5559
BER;0640;+0200;1035;+0200;0;SN_2592-SN_3653
BER;1410;+0200;1805;+0200;0;SN_2584-SN_3661
BER;1725;+0200;2125;+0200;0;KL_1830-KL_2047
BER;0955;+0200;1410;+0200;0;AF_1435-AF_7762
BER;1350;+0200;1805;+0200;0;SN_2584-SN_3661
BER;0600;+0200;1035;+0200;0;KL_1818-KL_2043
BER;1820;+0200;2300;+0200;0;LH_195-LH_394
BER;0610;+0200;1100;+0200;0;LH_171-LH_386
BER;0840;+0200;1330;+0200;0;LH_177-LH_388
BER;0605;+0200;1100;+0200;0;LH_171-LH_386
BER;1105;+0200;1600;+0200;0;LH_183-LH_390
BER;1410;+0200;1910;+0200;0;SN_2584-SN_3661
BER;1055;+0200;1600;+0200;0;LH_183-LH_390
BER;1250;+0200;1800;+0200;0;AF_1735-AF_7766
BER;1445;+0200;2000;+0200;0;LH_189-LH_392
BER;1900;+0200;0015;+0200;1;LH_197-LH_396
BER;1350;+0200;1910;+0200;0;SN_2584-SN_3661
BER;1350;+0200;1910;+0200;0;BD_5324-BD_5561
BER;1215;+0200;1740;+0200;0;KL_1824-KL_2045
BER;1730;+0200;2300;+0200;0;LH_193-LH_394
BER;0755;+0200;1330;+0200;0;LH_175-LH_388
BER;1020;+0200;1600;+0200;0;LH_181-LH_390
BER;1820;+0200;0015;+0200;1;LH_195-LH_396
BER;1250;+0200;1850;+0200;0;AF_1735-AF_7310
BER;1555;+0200;2155;+0200;0;AF_2035-AF_7770
BER;1145;+0200;1805;+0200;0;SN_2582-SN_3661
BER;1340;+0200;2000;+0200;0;LH_187-LH_392
BER;0935;+0200;1600;+0200;0;LH_179-LH_390
BER;0655;+0200;1330;+0200;0;LH_173-LH_388
BER;0715;+0200;1350;+0200;0;AF_1135-AF_7306
BER;0710;+0200;1350;+0200;0;AF_1135-AF_7306
BER;1730;+0200;0015;+0200;1;LH_193-LH_396
BER;0715;+0200;1410;+0200;0;AF_1135-AF_7762
BER;1605;+0200;2300;+0200;0;LH_191-LH_394
BER;0710;+0200;1410;+0200;0;AF_1135-AF_7762
BER;0955;+0200;1655;+0200;0;AF_1435-AF_7308
BER;1420;+0200;2125;+0200;0;KL_1826-KL_2047
BER;0610;+0200;1330;+0200;0;LH_171-LH_388
BER;0840;+0200;1600;+0200;0;LH_177-LH_390
BER;1020;+0200;1740;+0200;0;KL_1822-KL_2045
BER;0605;+0200;1330;+0200;0;LH_171-LH_388
BER;1145;+0200;1910;+0200;0;BD_5322-BD_5561
BER;1145;+0200;1910;+0200;0;SN_2582-SN_3661
BER;0650;+0200;1330;+0200;0;LH_2727-LH_75-LH_388
BER;0635;+0200;1330;+0200;0;LH_2055-LH_103-LH_388
BER;1715;+0200;0015;+0200;1;LH_2851-LH_137-LH_396
BER;1255;+0200;2000;+0200;0;LH_2037-LH_115-LH_392
BER;1705;+0200;0015;+0200;1;LH_2043-LH_121-LH_396
BER;0835;+0200;1600;+0200;0;LH_2029-LH_109-LH_390
BER;0825;+0200;1600;+0200;0;LH_2843-LH_133-LH_390
BER;1515;+0200;2300;+0200;0;LH_2904-LH_151-LH_394
VCE;0635;+0200;0930;+0200;0;AF_5561-AF_5784
VCE;0635;+0200;0930;+0200;0;AZ_7360-AZ_2570
VCE;1755;+0200;2100;+0200;0;AF_5565-AF_5782
VCE;1755;+0200;2100;+0200;0;AZ_7362-AZ_2576
VCE;0700;+0200;1040;+0200;0;AF_2527-AF_7760
VCE;0645;+0200;1035;+0200;0;KL_1650-KL_2043
VCE;1805;+0200;2155;+0200;0;AF_2027-AF_7770
VCE;1730;+0200;2125;+0200;0;KL_1656-KL_2047
VCE;1800;+0200;2155;+0200;0;AF_2027-AF_7770
VCE;1250;+0200;1650;+0200;0;AF_5563-AF_5780
VCE;1250;+0200;1650;+0200;0;AZ_7852-AZ_2574
VCE;1005;+0200;1410;+0200;0;AF_1127-AF_7762
VCE;1000;+0200;1410;+0200;0;AF_1127-AF_7762
VCE;1325;+0200;1745;+0200;0;AF_4333-AF_5467
VCE;1235;+0200;1740;+0200;0;KL_1654-KL_2045
VCE;1220;+0200;1800;+0200;0;AF_1427-AF_7766
VCE;1220;+0200;1800;+0200;0;AZ_7326-AZ_2968
VCE;1015;+0200;1600;+0200;0;LH_325-LH_390
VCE;1415;+0200;2000;+0200;0;LH_327-LH_392
VCE;1830;+0200;0015;+0200;1;LH_329-LH_396
VCE;1220;+0200;1850;+0200;0;AF_1427-AF_7310
VCE;0650;+0200;1330;+0200;0;LH_333-LH_388
VCE;0710;+0200;1350;+0200;0;AF_2527-AF_7306
VCE;1510;+0200;2155;+0200;0;AF_1727-AF_7770
VCE;1510;+0200;2155;+0200;0;AZ_7328-AZ_2970
VCE;0700;+0200;1350;+0200;0;AF_2527-AF_7306
VCE;1005;+0200;1655;+0200;0;AF_1127-AF_7308
VCE;1000;+0200;1655;+0200;0;AF_1127-AF_7308
VCE;0710;+0200;1410;+0200;0;AF_2527-AF_7762
VCE;0710;+0200;1410;+0200;0;AZ_7334-AZ_2966
VCE;0700;+0200;1410;+0200;0;AF_2527-AF_7762
VCE;1000;+0200;1610;+0200;0;AF_1127-AF_7724-AF_5769
VCE;0700;+0200;1325;+0200;0;AF_2527-AF_7702-AF_7895
VCE;1510;+0200;2145;+0200;0;AF_1727-AF_7708-AF_7898
VCE;1510;+0200;2150;+0200;0;AF_1727-AF_7626-AF_5361
VCE;1005;+0200;1650;+0200;0;AF_1127-AF_7644-AF_5780
VCE;1000;+0200;1650;+0200;0;AF_1127-AF_7644-AF_5780
VCE;1220;+0200;1920;+0200;0;AF_1427-AF_7706-AF_7897
VCE;1255;+0200;2000;+0200;0;LH_1909-LH_115-LH_392
VCE;1710;+0200;0015;+0200;1;LH_1911-LH_121-LH_396
VCE;0635;+0200;1350;+0200;0;AF_5561-AF_7417-AF_7306
VCE;0840;+0200;1600;+0200;0;LH_1907-LH_109-LH_390
VCE;1325;+0200;2050;+0200;0;AF_4333-AF_6043-AF_7312
VCE;1325;+0200;2050;+0200;0;AF_4333-AF_6039-AF_7312
VCE;1325;+0200;2050;+0200;0;AF_4333-AF_6037-AF_7312
VIE;0650;+0200;1030;+0200;0;BD_5490-BD_5559
VIE;1720;+0200;2100;+0200;0;AF_2057-AF_5782
VIE;0650;+0200;1035;+0200;0;SN_2910-SN_3653
VIE;1510;+0200;1910;+0200;0;BD_2833-BD_5561
VIE;1510;+0200;1910;+0200;0;SN_6004-SN_3661
VIE;1005;+0200;1410;+0200;0;AF_1139-AF_7762
VIE;1715;+0200;2155;+0200;0;AF_1757-AF_7770
VIE;1920;+0200;0015;+0200;1;LH_1243-LH_396
VIE;1055;+0200;1600;+0200;0;LH_1235-LH_390
VIE;1450;+0200;2000;+0200;0;LH_1239-LH_392
VIE;1740;+0200;2300;+0200;0;LH_6335-LH_394
VIE;1830;+0200;0015;+0200;1;LH_1241-LH_396
VIE;1535;+0200;2155;+0200;0;AF_1739-AF_7770
VIE;0700;+0200;1330;+0200;0;LH_6331-LH_388
VIE;1740;+0200;0015;+0200;1;LH_6335-LH_396
VIE;1315;+0200;2000;+0200;0;LH_6333-LH_392
VIE;0700;+0200;1350;+0200;0;AF_1557-AF_7306
VIE;0910;+0200;1600;+0200;0;LH_6917-LH_390
VIE;1005;+0200;1655;+0200;0;AF_1139-AF_7308
VIE;1310;+0200;2000;+0200;0;LH_6333-LH_392
VIE;1455;+0200;2155;+0200;0;AF_1657-AF_7770
VIE;0620;+0200;1330;+0200;0;LH_1247-LH_388
VIE;0700;+0200;1410;+0200;0;AF_1557-AF_7762
VIE;0850;+0200;1600;+0200;0;LH_1233-LH_390
VIE;1410;+0200;2125;+0200;0;KL_1846-KL_2047
VIE;1535;+0200;2300;+0200;0;LH_6339-LH_394
VIE;0705;+0200;1350;+0200;0;AF_1957-AF_7417-AF_7306
VIE;0915;+0200;1600;+0200;0;LH_2325-LH_109-LH_390
VIE;0905;+0200;1600;+0200;0;LH_3099-LH_13-LH_390
VIE;0630;+0200;1330;+0200;0;LH_6325-LH_103-LH_388
VIE;1300;+0200;2000;+0200;0;LH_2329-LH_115-LH_392
VIE;0705;+0200;1410;+0200;0;AF_1957-AF_7641-AF_7762
VIE;1650;+0200;0015;+0200;1;LH_6327-LH_121-LH_396
VIE;1530;+0200;2300;+0200;0;LH_3101-LH_23-LH_394
VIE;1520;+0200;2300;+0200;0;LH_3093-LH_85-LH_394
CPH;1425;+0200;1740;+0200;0;KL_1130-KL_2045
CPH;1020;+0200;1410;+0200;0;AF_1751-AF_7762
CPH;1735;+0200;2125;+0200;0;KL_1132-KL_2047
CPH;1805;+0200;2155;+0200;0;AF_1051-AF_7770
CPH;0635;+0200;1030;+0200;0;BD_5454-BD_5559
CPH;0635;+0200;1035;+0200;0;SN_2268-SN_3653
CPH;1010;+0200;1410;+0200;0;AF_1751-AF_7762
CPH;0600;+0200;1035;+0200;0;KL_1124-KL_2043
CPH;1330;+0200;1805;+0200;0;SN_2258-SN_3661
CPH;1310;+0200;1805;+0200;0;SN_2258-SN_3661
CPH;1300;+0200;1800;+0200;0;AF_2051-AF_7766
CPH;1450;+0200;2000;+0200;0;LH_6265-LH_392
CPH;1740;+0200;2300;+0200;0;LH_6225-LH_394
CPH;1020;+0200;1600;+0200;0;LH_823-LH_390
CPH;1330;+0200;1910;+0200;0;SN_2258-SN_3661
CPH;1330;+0200;1910;+0200;0;BD_5458-BD_5561
CPH;1145;+0200;1740;+0200;0;KL_1128-KL_2045
CPH;1310;+0200;1910;+0200;0;SN_2258-SN_3661
CPH;1645;+0200;2300;+0200;0;LH_829-LH_394
CPH;0700;+0200;1330;+0200;0;LH_6219-LH_388
CPH;1525;+0200;2155;+0200;0;AF_2351-AF_7770
CPH;0925;+0200;1600;+0200;0;LH_6221-LH_390
CPH;1020;+0200;1655;+0200;0;AF_1751-AF_7308
CPH;1740;+0200;0015;+0200;1;LH_6225-LH_396
CPH;1010;+0200;1655;+0200;0;AF_1751-AF_7308
CPH;0655;+0200;1350;+0200;0;AF_1351-AF_7306
CPH;1425;+0200;2125;+0200;0;KL_1130-KL_2047
CPH;0655;+0200;1410;+0200;0;AF_1351-AF_7762
CPH;1015;+0200;1740;+0200;0;KL_1126-KL_2045
CPH;0600;+0200;1330;+0200;0;LH_833-LH_388
CPH;1645;+0200;0015;+0200;1;LH_829-LH_396
CPH;1020;+0200;1800;+0200;0;AF_1751-AF_7766
CPH;1010;+0200;1800;+0200;0;AF_1751-AF_7766
CPH;1120;+0200;1910;+0200;0;BD_3731-BD_5561
CPH;1300;+0200;2050;+0200;0;AF_2051-AF_7312
CPH;1800;+0200;0015;+0200;1;LH_6241-LH_27-LH_396
CPH;1255;+0200;2000;+0200;0;LH_2443-LH_115-LH_392
CPH;1655;+0200;0015;+0200;1;LH_6215-LH_87-LH_396
CPH;0835;+0200;1600;+0200;0;LH_2441-LH_109-LH_390
CPH;1235;+0200;2000;+0200;0;LH_6047-LH_189-LH_392
CPH;0820;+0200;1600;+0200;0;LH_6239-LH_13-LH_390
CPH;0820;+0200;1600;+0200;0;LH_6239-LH_11-LH_390
CPH;1215;+0200;2000;+0200;0;LH_6055-LH_17-LH_392
CPH;1215;+0200;2000;+0200;0;LH_6055-LH_19-LH_392
CPH;0810;+0200;1600;+0200;0;LH_6211-LH_77-LH_390
CPH;0805;+0200;1600;+0200;0;LH_6249-LH_133-LH_390
CPH;0800;+0200;1600;+0200;0;LH_6035-LH_183-LH_390
CPH;0800;+0200;1600;+0200;0;LH_6035-LH_181-LH_390
STO;0630;+0200;1035;+0200;0;KL_1106-KL_2043
STO;1720;+0200;2125;+0200;0;KL_1116-KL_2047
STO;1355;+0200;1805;+0200;0;SN_2306-SN_3661
STO;1310;+0200;1740;+0200;0;KL_1110-KL_2045
STO;1355;+0200;1910;+0200;0;SN_2306-SN_3661
STO;1355;+0200;1910;+0200;0;BD_5466-BD_5561
STO;1210;+0200;1800;+0200;0;AF_1763-AF_7766
STO;1155;+0200;1805;+0200;0;SN_2304-SN_3661
STO;1650;+0200;2300;+0200;0;LH_6203-LH_394
STO;1210;+0200;1850;+0200;0;AF_1763-AF_7310
STO;0910;+0200;1600;+0200;0;LH_6227-LH_390
STO;0650;+0200;1350;+0200;0;AF_1463-AF_7306
STO;0620;+0200;1330;+0200;0;LH_809-LH_388
STO;1155;+0200;1910;+0200;0;SN_2304-SN_3661
STO;1440;+0200;2155;+0200;0;AF_2063-AF_7770
STO;0650;+0200;1410;+0200;0;AF_1463-AF_7762
STO;1240;+0200;2000;+0200;0;LH_803-LH_392
STO;1650;+0200;0015;+0200;1;LH_6203-LH_396
STO;1140;+0200;1910;+0200;0;BD_5472-BD_5561
STO;1515;+0200;2300;+0200;0;LH_6229-LH_394
STO;0940;+0200;1740;+0200;0;KL_1108-KL_2045
STO;1310;+0200;2125;+0200;0;KL_1110-KL_2047
STO;1210;+0200;2050;+0200;0;AF_1763-AF_7312
STO;1515;+0200;0015;+0200;1;LH_6229-LH_396
STO;1030;+0200;2000;+0200;0;LH_801-LH_392
STO;0620;+0200;1600;+0200;0;LH_809-LH_390
STO;1210;+0200;2155;+0200;0;AF_1763-AF_7770
STO;0905;+0200;1600;+0200;0;LH_2927-LH_13-LH_390
STO;1550;+0200;2300;+0200;0;LH_2929-LH_23-LH_394
STO;1220;+0200;2000;+0200;0;LH_6233-LH_6265-LH_392
STO;1155;+0200;2000;+0200;0;LH_2415-LH_115-LH_392
STO;0745;+0200;1600;+0200;0;LH_2421-LH_109-LH_390
STO;1440;+0200;2300;+0200;0;LH_2923-LH_85-LH_394
STO;1555;+0200;0015;+0200;1;LH_2417-LH_121-LH_396
STO;1550;+0200;0015;+0200;1;LH_2929-LH_23-LH_396
STO;1550;+0200;0015;+0200;1;LH_2929-LH_27-LH_396
STO;1550;+0200;0015;+0200;1;LH_2929-LH_25-LH_396
STO;1410;+0200;2300;+0200;0;LH_6187-LH_119-LH_394
STO;1000;+0200;1910;+0200;0;BD_3747-BD_5458-BD_5561
STO;1345;+0200;2300;+0200;0;LH_6173-LH_6225-LH_394
STO;1345;+0200;2300;+0200;0;LH_6173-LH_829-LH_394
STO;1440;+0200;0015;+0200;1;LH_2923-LH_87-LH_396
STO;1440;+0200;0015;+0200;1;LH_2923-LH_85-LH_396
DUB;0600;+0100;1035;+0200;0;KL_3152-KL_2043
DUB;0910;+0100;1410;+0200;0;AF_5001-AF_7762
DUB;1155;+0100;1800;+0200;0;AF_5005-AF_7766
DUB;1130;+0100;1740;+0200;0;KL_3156-KL_2045
DUB;0650;+0100;1330;+0200;0;LH_983-LH_388
DUB;1500;+0100;2155;+0200;0;AF_5009-AF_7770
DUB;0620;+0100;1350;+0200;0;AF_5003-AF_7306
DUB;0910;+0100;1655;+0200;0;AF_5001-AF_7308
DUB;0620;+0100;1410;+0200;0;AF_5003-AF_7762
DUB;0945;+0100;1740;+0200;0;KL_3154-KL_2045
DUB;1330;+0100;2125;+0200;0;KL_3158-KL_2047
DUB;1200;+0100;2000;+0200;0;LH_979-LH_392
DUB;0910;+0100;1800;+0200;0;AF_5001-AF_7766
DUB;1155;+0100;2050;+0200;0;AF_5005-AF_7312
DUB;0650;+0100;1600;+0200;0;LH_983-LH_390
DUB;0910;+0100;1850;+0200;0;AF_5001-AF_7310
DUB;1130;+0100;2125;+0200;0;KL_3156-KL_2047
DUB;1155;+0100;2155;+0200;0;AF_5005-AF_7770
DUB;0620;+0100;1655;+0200;0;AF_5003-AF_7308
DUB;0720;+0100;1350;+0200;0;AF_5118-AF_5021-AF_7306
DUB;0910;+0100;1650;+0200;0;AF_5001-AF_7644-AF_5780
DUB;0900;+0100;1740;+0200;0;AF_5120-AF_5185-AF_5485
DUB;1155;+0100;2100;+0200;0;AF_5005-AF_7646-AF_5782
DUB;0720;+0100;1655;+0200;0;AF_5118-AF_5021-AF_7308
DUB;1430;+0100;0015;+0200;1;LH_6500-LH_915-LH_396
DUB;1430;+0100;0015;+0200;1;LH_6500-LH_911-LH_396
DUB;0900;+0100;1850;+0200;0;AF_5120-AF_5023-AF_7310
DUB;0720;+0100;1740;+0200;0;AF_5118-AF_5183-AF_5485
DUB;0720;+0100;1740;+0200;0;AF_5118-AF_5185-AF_5485
DUB;0620;+0100;1650;+0200;0;AF_5003-AF_7414-AF_5780
DUB;0620;+0100;1650;+0200;0;AF_5003-AF_7644-AF_5780
DUB;1345;+0100;0015;+0200;1;LH_6480-LH_915-LH_396
DUB;1345;+0100;0015;+0200;1;LH_6480-LH_899-LH_396
DUB;1345;+0100;0015;+0200;1;LH_6480-LH_911-LH_396
DUB;0720;+0100;1800;+0200;0;AF_5118-AF_1981-AF_7766
DUB;0720;+0100;1800;+0200;0;AF_5118-AF_5021-AF_7766
MIL;1815;+0200;2100;+0200;0;AZ_7832-AZ_2576
MIL;1815;+0200;2100;+0200;0;AF_3297-AF_5782
MIL;0635;+0200;0930;+0200;0;AF_3291-AF_5784
MIL;0635;+0200;0930;+0200;0;AZ_7828-AZ_2570
MIL;1350;+0200;1650;+0200;0;AZ_7830-AZ_2574
MIL;1350;+0200;1650;+0200;0;AF_3295-AF_5780
MIL;1725;+0200;2050;+0200;0;AF_9713-AF_7312
MIL;0705;+0200;1040;+0200;0;AF_2515-AF_7760
MIL;1030;+0200;1410;+0200;0;AF_1115-AF_7762
MIL;0645;+0200;1030;+0200;0;BD_5402-BD_5559
MIL;0650;+0200;1035;+0200;0;KL_1618-KL_2043
MIL;0655;+0200;1040;+0200;0;AF_9801-AF_7760
MIL;1810;+0200;2155;+0200;0;AF_9813-AF_7770
MIL;0645;+0200;1035;+0200;0;SN_3162-SN_3653
MIL;0645;+0200;1035;+0200;0;KL_1618-KL_2043
MIL;1010;+0200;1410;+0200;0;AF_1213-AF_7762
MIL;0630;+0200;1035;+0200;0;SN_3162-SN_3653
MIL;1325;+0200;1740;+0200;0;KL_1624-KL_2045
MIL;1340;+0200;1805;+0200;0;SN_3148-SN_3661
MIL;1305;+0200;1740;+0200;0;KL_1624-KL_2045
MIL;1815;+0200;2300;+0200;0;LH_255-LH_394
MIL;1635;+0200;2125;+0200;0;KL_3416-KL_2047
MIL;1700;+0200;2155;+0200;0;AZ_7816-AZ_2970
MIL;1300;+0200;1800;+0200;0;AZ_7900-AZ_2968
MIL;1300;+0200;1800;+0200;0;AF_9701-AF_7766
MIL;1750;+0200;2300;+0200;0;LH_275-LH_394
MIL;0835;+0200;1350;+0200;0;AF_9711-AF_7306
MIL;1635;+0200;2155;+0200;0;AF_9703-AF_7770
MIL;1635;+0200;2155;+0200;0;AZ_7906-AZ_2970
MIL;1035;+0200;1600;+0200;0;LH_271-LH_390
MIL;1205;+0200;1730;+0200;0;IB_3641-IB_8654
MIL;1630;+0200;2155;+0200;0;AZ_7352-AZ_2970
MIL;1630;+0200;2155;+0200;0;AF_1715-AF_7770
MIL;1205;+0200;1735;+0200;0;IB_3641-IB_8654
MIL;1340;+0200;1910;+0200;0;SN_3148-SN_3661
MIL;1340;+0200;1910;+0200;0;BD_5266-BD_5561
MIL;1430;+0200;2000;+0200;0;LH_253-LH_392
MIL;0835;+0200;1410;+0200;0;AZ_7086-AZ_2966
MIL;0835;+0200;1410;+0200;0;AF_9711-AF_7762
HAM;1515;+0200;1805;+0200;0;SN_2626-SN_3661
HAM;1615;+0200;1910;+0200;0;SN_2626-SN_3661
HAM;1615;+0200;1910;+0200;0;BD_5396-BD_5561
HAM;1440;+0200;1740;+0200;0;KL_1782-KL_2045
HAM;1825;+0200;2125;+0200;0;KL_1784-KL_2047
HAM;1740;+0200;2100;+0200;0;AF_5974-AF_5782
HAM;0710;+0200;1040;+0200;0;AF_2511-AF_7760
HAM;0650;+0200;1030;+0200;0;BD_5390-BD_5559
HAM;0650;+0200;1035;+0200;0;SN_2630-SN_3653
HAM;1515;+0200;1910;+0200;0;SN_2626-SN_3661
HAM;1010;+0200;1410;+0200;0;AF_1411-AF_7762
HAM;1745;+0200;2155;+0200;0;AF_2311-AF_7770
HAM;0610;+0200;1035;+0200;0;KL_1776-KL_2043
HAM;1225;+0200;1650;+0200;0;AF_5972-AF_5780
HAM;1520;+0200;2000;+0200;0;LH_19-LH_392
HAM;1930;+0200;0015;+0200;1;LH_27-LH_396
HAM;0840;+0200;1330;+0200;0;LH_7-LH_388
HAM;1110;+0200;1600;+0200;0;LH_13-LH_390
HAM;1810;+0200;2300;+0200;0;LH_23-LH_394
HAM;0605;+0200;1100;+0200;0;LH_1-LH_386
HAM;1300;+0200;1800;+0200;0;AF_1711-AF_7766
HAM;0805;+0200;1330;+0200;0;LH_5-LH_388
HAM;1850;+0200;0015;+0200;1;LH_25-LH_396
HAM;1205;+0200;1740;+0200;0;KL_1780-KL_2045
HAM;1010;+0200;1600;+0200;0;LH_11-LH_390
HAM;1300;+0200;1850;+0200;0;AF_1711-AF_7310
HAM;0735;+0200;1330;+0200;0;LH_3-LH_388
HAM;1400;+0200;2000;+0200;0;LH_17-LH_392
HAM;1700;+0200;2300;+0200;0;LH_21-LH_394
HAM;1810;+0200;0015;+0200;1;LH_23-LH_396
HAM;0735;+0200;1350;+0200;0;AF_2511-AF_7306
HAM;1135;+0200;1805;+0200;0;SN_2624-SN_3661
HAM;0735;+0200;1410;+0200;0;AF_2511-AF_7762
HAM;0925;+0200;1600;+0200;0;LH_9-LH_390
HAM;0710;+0200;1350;+0200;0;AF_2511-AF_7306
HAM;0645;+0200;1330;+0200;0;LH_31-LH_388
HAM;1010;+0200;1655;+0200;0;AF_1411-AF_7308
HAM;1120;+0200;1805;+0200;0;SN_2624-SN_3661
HAM;1440;+0200;2125;+0200;0;KL_1782-KL_2047
HAM;0710;+0200;1410;+0200;0;AF_2511-AF_7762
HAM;1700;+0200;0015;+0200;1;LH_21-LH_396
HAM;0840;+0200;1600;+0200;0;LH_7-LH_390
HAM;0605;+0200;1330;+0200;0;LH_1-LH_388
HAM;1135;+0200;1910;+0200;0;SN_2624-SN_3661
HAM;1225;+0200;2000;+0200;0;LH_15-LH_392
HAM;1520;+0200;2300;+0200;0;LH_19-LH_394
HAM;1010;+0200;1800;+0200;0;AF_1411-AF_7766
HAM;1120;+0200;1910;+0200;0;BD_5394-BD_5561
HAM;1120;+0200;1910;+0200;0;SN_2624-SN_3661
HAM;1300;+0200;2050;+0200;0;AF_1711-AF_7312
HAM;0805;+0200;1600;+0200;0;LH_5-LH_390
HAM;0645;+0200;1330;+0200;0;LH_2701-LH_75-LH_388
HAM;1615;+0200;2300;+0200;0;LH_5584-LH_1017-LH_394
HAM;0845;+0200;1600;+0200;0;LH_2822-LH_133-LH_390
HAM;1655;+0200;0015;+0200;1;LH_2715-LH_87-LH_396
HAM;0835;+0200;1600;+0200;0;LH_2059-LH_109-LH_390
HAM;1235;+0200;2000;+0200;0;LH_2067-LH_115-LH_392
HAM;1640;+0200;0015;+0200;1;LH_2826-LH_137-LH_396
HAM;1220;+0200;2000;+0200;0;LH_2824-LH_135-LH_392
HAM;1520;+0200;2300;+0200;0;LH_2713-LH_85-LH_394
HAM;1520;+0200;2300;+0200;0;LH_2836-LH_151-LH_394
HAM;1215;+0200;2000;+0200;0;LH_2711-LH_81-LH_392
HAM;1630;+0200;0015;+0200;1;LH_2073-LH_121-LH_396
HAM;0800;+0200;1600;+0200;0;LH_2703-LH_77-LH_390
HAM;1500;+0200;2300;+0200;0;LH_2071-LH_119-LH_394
HAM;1615;+0200;0015;+0200;1;LH_5584-LH_1017-LH_396
HAM;1615;+0200;0015;+0200;1;LH_5584-LH_1019-LH_396
MAN;0635;+0100;1030;+0200;0;BD_5384-BD_5559
MAN;0635;+0100;1035;+0200;0;SN_2184-SN_3653
MAN;1355;+0100;1805;+0200;0;SN_2176-SN_3661
MAN;1325;+0100;1740;+0200;0;KL_1084-KL_2045
MAN;0940;+0100;1410;+0200;0;AF_1669-AF_7762
MAN;0600;+0100;1035;+0200;0;KL_1072-KL_2043
MAN;0930;+0100;1410;+0200;0;AF_1669-AF_7762
MAN;1355;+0100;1910;+0200;0;BD_5376-BD_5561
MAN;1355;+0100;1910;+0200;0;SN_2176-SN_3661
MAN;1600;+0100;2125;+0200;0;KL_1088-KL_2047
MAN;1005;+0100;1610;+0200;0;AF_6547-AF_5769
MAN;0710;+0100;1330;+0200;0;LH_949-LH_388
MAN;1110;+0100;1740;+0200;0;KL_1082-KL_2045
MAN;1315;+0100;2000;+0200;0;LH_943-LH_392
MAN;1505;+0100;2155;+0200;0;AF_2269-AF_7770
MAN;0850;+0100;1600;+0200;0;LH_941-LH_390
MAN;0940;+0100;1655;+0200;0;AF_1669-AF_7308
MAN;0930;+0100;1655;+0200;0;AF_1669-AF_7308
MAN;1040;+0100;1805;+0200;0;SN_2174-SN_3661
MAN;1035;+0100;1805;+0200;0;SN_2174-SN_3661
MAN;1325;+0100;2125;+0200;0;KL_1084-KL_2047
MAN;0940;+0100;1800;+0200;0;AF_1669-AF_7766
MAN;0930;+0100;1800;+0200;0;AF_1669-AF_7766
MAN;1040;+0100;1910;+0200;0;BD_5374-BD_5561
MAN;1040;+0100;1910;+0200;0;SN_2174-SN_3661
MAN;0905;+0100;1740;+0200;0;KL_1074-KL_2045
MAN;1035;+0100;1910;+0200;0;BD_5374-BD_5561
MAN;1035;+0100;1910;+0200;0;SN_2174-SN_3661
MAN;0710;+0100;1600;+0200;0;LH_949-LH_390
MAN;0940;+0100;1850;+0200;0;AF_1669-AF_7310
MAN;0930;+0100;1850;+0200;0;AF_1669-AF_7310
MAN;1315;+0100;2300;+0200;0;LH_943-LH_394
MAN;1005;+0100;2015;+0200;0;AF_6547-AF_5773
MAN;1110;+0100;2125;+0200;0;KL_1082-KL_2047
MAN;1005;+0100;1800;+0200;0;AF_6547-AF_7727-AF_7766
MAN;1445;+0100;2300;+0200;0;LH_3441-LH_23-LH_394
MAN;1445;+0100;0015;+0200;1;LH_3441-LH_25-LH_396
MAN;1445;+0100;0015;+0200;1;LH_3441-LH_27-LH_396
MAN;1445;+0100;0015;+0200;1;LH_3441-LH_23-LH_396
MAN;1255;+0100;2300;+0200;0;LH_3433-LH_85-LH_394
GVA;0730;+0200;1040;+0200;0;AF_1243-AF_7760
GVA;1830;+0200;2155;+0200;0;AF_2443-AF_7770
GVA;1410;+0200;1740;+0200;0;KL_1930-KL_2045
GVA;0650;+0200;1030;+0200;0;BD_5284-BD_5559
GVA;1030;+0200;1410;+0200;0;AF_1643-AF_7762
GVA;0650;+0200;1035;+0200;0;SN_2724-SN_3653
GVA;1400;+0200;1800;+0200;0;AF_2043-AF_7766
GVA;1705;+0200;2125;+0200;0;KL_1932-KL_2047
GVA;1110;+0200;1600;+0200;0;LH_1215-LH_390
GVA;1510;+0200;2000;+0200;0;LH_1219-LH_392
GVA;1700;+0200;2155;+0200;0;AF_2343-AF_7770
GVA;0900;+0200;1410;+0200;0;AF_1543-AF_7762
GVA;1255;+0200;1805;+0200;0;SN_2716-SN_3661
GVA;1750;+0200;2300;+0200;0;LH_1221-LH_394
GVA;1525;+0200;2050;+0200;0;AF_2143-AF_7312
GVA;1155;+0200;1730;+0200;0;IB_3483-IB_8654
GVA;1155;+0200;1735;+0200;0;IB_3483-IB_8654
GVA;1835;+0200;0015;+0200;1;LH_1223-LH_396
GVA;1155;+0200;1740;+0200;0;KL_1928-KL_2045
GVA;1205;+0200;1800;+0200;0;AF_1843-AF_7766
GVA;1200;+0200;1800;+0200;0;AF_1843-AF_7766
GVA;1255;+0200;1910;+0200;0;SN_2716-SN_3661
GVA;1255;+0200;1910;+0200;0;BD_5276-BD_5561
GVA;1140;+0200;1655;+0200;0;AF_4359-AF_6123-AF_7308
GVA;1400;+0200;1920;+0200;0;AF_2043-AF_7706-AF_7897
GVA;1030;+0200;1610;+0200;0;AF_1643-AF_7724-AF_5769
GVA;0730;+0200;1325;+0200;0;AF_1243-AF_7702-AF_7895
GVA;1400;+0200;2015;+0200;0;AF_2043-AF_7730-AF_5773
FRA;0830;+0200;1100;+0200;0;LH_386
FRA;1100;+0200;1330;+0200;0;LH_388
FRA;1330;+0200;1600;+0200;0;LH_390
FRA;1730;+0200;2000;+0200;0;LH_392
FRA;2030;+0200;2300;+0200;0;LH_394
FRA;2145;+0200;0015;+0200;1;LH_396
FRA;0725;+0200;1040;+0200;0;AF_1019-AF_7760
FRA;1050;+0200;1410;+0200;0;AF_1519-AF_7762
FRA;0710;+0200;1035;+0200;0;KL_1762-KL_2043
FRA;1800;+0200;2125;+0200;0;KL_1772-KL_2047
FRA;0705;+0200;1035;+0200;0;SN_7016-SN_3653
FRA;1750;+0200;2155;+0200;0;AF_2119-AF_7770
FRA;1350;+0200;1800;+0200;0;AF_1619-AF_7766
FRA;1305;+0200;1805;+0200;0;SN_7004-SN_3661
FRA;1545;+0200;2125;+0200;0;KL_1768-KL_2047
FRA;1350;+0200;1920;+0200;0;AF_1619-AF_7706-AF_7897
HEL;0700;+0300;1035;+0200;0;SN_6752-SN_3653
HEL;1405;+0300;1740;+0200;0;KL_1168-KL_2045
HEL;0635;+0300;1035;+0200;0;KL_1164-KL_2043
HEL;0925;+0300;1410;+0200;0;AF_1499-AF_7762
HEL;1450;+0300;2000;+0200;0;LH_849-LH_392
HEL;1850;+0300;0015;+0200;1;LH_851-LH_396
HEL;1215;+0300;1800;+0200;0;AF_1099-AF_7766
HEL;1605;+0300;2155;+0200;0;AF_1799-AF_7770
HEL;0735;+0300;1350;+0200;0;AF_2299-AF_7306
HEL;1125;+0300;1740;+0200;0;KL_1166-KL_2045
HEL;0655;+0300;1330;+0200;0;LH_855-LH_388
HEL;0735;+0300;1410;+0200;0;AF_2299-AF_7762
HEL;1215;+0300;1850;+0200;0;AF_1099-AF_7310
HEL;0905;+0300;1600;+0200;0;LH_853-LH_390
HEL;1300;+0300;2000;+0200;0;LH_847-LH_392
HEL;1405;+0300;2125;+0200;0;KL_1168-KL_2047
HEL;0925;+0300;1655;+0200;0;AF_1499-AF_7308
HEL;1450;+0300;2300;+0200;0;LH_849-LH_394
HEL;1305;+0300;2000;+0200;0;LH_2463-LH_115-LH_392
HEL;1250;+0300;2000;+0200;0;LH_6293-LH_6265-LH_392
MUC;0705;+0200;1035;+0200;0;KL_1790-KL_2043
MUC;1410;+0200;1740;+0200;0;KL_1796-KL_2045
MUC;1035;+0200;1410;+0200;0;AF_1523-AF_7762
MUC;0650;+0200;1035;+0200;0;SN_7050-SN_3653
MUC;1515;+0200;1910;+0200;0;SN_7058-SN_3661
MUC;1730;+0200;2125;+0200;0;KL_1798-KL_2047
MUC;0930;+0200;1410;+0200;0;AF_1423-AF_7762
MUC;0610;+0200;1100;+0200;0;LH_99-LH_386
MUC;1510;+0200;2000;+0200;0;LH_115-LH_392
MUC;0605;+0200;1100;+0200;0;LH_99-LH_386
MUC;1310;+0200;1805;+0200;0;SN_7056-SN_3661
MUC;0825;+0200;1330;+0200;0;LH_103-LH_388
MUC;1255;+0200;1800;+0200;0;AF_1723-AF_7766
MUC;1755;+0200;2300;+0200;0;LH_119-LH_394
MUC;1050;+0200;1600;+0200;0;LH_109-LH_390
MUC;1855;+0200;0015;+0200;1;LH_121-LH_396
MUC;1200;+0200;1740;+0200;0;KL_1794-KL_2045
MUC;1610;+0200;2155;+0200;0;AF_2023-AF_7770
MUC;1255;+0200;1850;+0200;0;AF_1723-AF_7310
MUC;1000;+0200;1600;+0200;0;LH_107-LH_390
MUC;1310;+0200;1910;+0200;0;SN_7056-SN_3661
MUC;1350;+0200;2000;+0200;0;LH_113-LH_392
MUC;0715;+0200;1330;+0200;0;LH_101-LH_388
MUC;1645;+0200;2300;+0200;0;LH_117-LH_394
MUC;1035;+0200;1655;+0200;0;AF_1523-AF_7308
MUC;1755;+0200;0015;+0200;1;LH_119-LH_396
MUC;0720;+0200;1350;+0200;0;AF_1123-AF_7306
MUC;0915;+0200;1600;+0200;0;LH_105-LH_390
MUC;0645;+0200;1330;+0200;0;LH_2000-LH_75-LH_388
MUC;0915;+0200;1600;+0200;0;LH_2064-LH_13-LH_390
MUC;1615;+0200;2300;+0200;0;LH_2086-LH_23-LH_394
DUS;1440;+0200;1740;+0200;0;KL_1858-KL_2045
DUS;0625;+0200;0930;+0200;0;AF_5877-AF_5784
DUS;1820;+0200;2125;+0200;0;KL_1862-KL_2047
DUS;0725;+0200;1040;+0200;0;AF_1107-AF_7760
DUS;1055;+0200;1410;+0200;0;AF_1307-AF_7762
DUS;0720;+0200;1040;+0200;0;AF_1107-AF_7760
DUS;1050;+0200;1410;+0200;0;AF_1307-AF_7762
DUS;1730;+0200;2100;+0200;0;AF_5879-AF_5782
DUS;1300;+0200;1650;+0200;0;AF_5875-AF_5780
DUS;0625;+0200;1035;+0200;0;KL_1852-KL_2043
DUS;1720;+0200;2130;+0200;0;AF_3253-AF_7870
DUS;1725;+0200;2155;+0200;0;AF_2207-AF_7770
DUS;1320;+0200;1800;+0200;0;AF_1607-AF_7766
DUS;0605;+0200;1100;+0200;0;LH_73-LH_386
DUS;0830;+0200;1330;+0200;0;LH_75-LH_388
DUS;1800;+0200;2300;+0200;0;LH_85-LH_394
DUS;1905;+0200;0015;+0200;1;LH_87-LH_396
DUS;1225;+0200;1740;+0200;0;KL_1856-KL_2045
DUS;1435;+0200;2000;+0200;0;LH_81-LH_392
DUS;1320;+0200;1850;+0200;0;AF_1607-AF_7310
DUS;1625;+0200;2155;+0200;0;AF_1907-AF_7770
DUS;1020;+0200;1600;+0200;0;LH_77-LH_390
DUS;1055;+0200;1655;+0200;0;AF_1307-AF_7308
DUS;1050;+0200;1655;+0200;0;AF_1307-AF_7308
DUS;1800;+0200;0015;+0200;1;LH_85-LH_396
DUS;0725;+0200;1350;+0200;0;AF_1107-AF_7306
DUS;0720;+0200;1350;+0200;0;AF_1107-AF_7306
DUS;1055;+0200;1650;+0200;0;AF_1307-AF_7644-AF_5780
DUS;1050;+0200;1650;+0200;0;AF_1307-AF_7644-AF_5780
OSL;1410;+0200;1740;+0200;0;AF_8314-AF_5485
OSL;1410;+0200;1740;+0200;0;KL_1218-KL_2045
OSL;0640;+0200;1035;+0200;0;SN_2288-SN_3653
OSL;0630;+0200;1035;+0200;0;KL_1140-KL_2043
OSL;1720;+0200;2125;+0200;0;KL_1148-KL_2047
OSL;0615;+0200;1035;+0200;0;AF_8310-AF_5483
OSL;0610;+0200;1035;+0200;0;KL_1212-KL_2043
OSL;1245;+0200;1800;+0200;0;AF_2075-AF_7766
OSL;1025;+0200;1600;+0200;0;LH_859-LH_390
OSL;1420;+0200;2000;+0200;0;LH_6281-LH_392
OSL;1155;+0200;1740;+0200;0;KL_1144-KL_2045
OSL;1220;+0200;1805;+0200;0;SN_2282-SN_3661
OSL;1355;+0200;2000;+0200;0;LH_861-LH_392
OSL;1645;+0200;2300;+0200;0;LH_6105-LH_394
OSL;0935;+0200;1600;+0200;0;LH_6231-LH_390
OSL;1205;+0200;1835;+0200;0;OK_447-OK_742
OSL;1220;+0200;1910;+0200;0;SN_2282-SN_3661
OSL;0625;+0200;1330;+0200;0;LH_865-LH_388
OSL;1420;+0200;2125;+0200;0;KL_1146-KL_2047
OSL;0635;+0200;1350;+0200;0;AF_1275-AF_7306
OSL;1410;+0200;2125;+0200;0;KL_1218-KL_2047
OSL;1410;+0200;2125;+0200;0;AF_8314-AF_5487
OSL;1645;+0200;0015;+0200;1;LH_6105-LH_396
OSL;0635;+0200;1410;+0200;0;AF_1275-AF_7762
OSL;1245;+0200;2050;+0200;0;AF_2075-AF_7312
OSL;0930;+0200;1740;+0200;0;KL_1142-KL_2045
OSL;1420;+0200;2300;+0200;0;LH_6281-LH_394
OSL;1605;+0200;2300;+0200;0;LH_2959-LH_23-LH_394
OSL;0900;+0200;1600;+0200;0;LH_2957-LH_13-LH_390
OSL;1220;+0200;2000;+0200;0;LH_6065-LH_6265-LH_392
OSL;1410;+0200;2155;+0200;0;AF_8314-AF_8241-AF_7770
OSL;1410;+0200;2155;+0200;0;AF_8314-AF_8239-AF_7770
OSL;0615;+0200;1410;+0200;0;AF_8310-AF_1341-AF_7762
OSL;0615;+0200;1410;+0200;0;AF_8310-AF_1241-AF_7762
OSL;1615;+0200;0015;+0200;1;LH_6209-LH_87-LH_396
OSL;1605;+0200;0015;+0200;1;LH_2959-LH_27-LH_396
OSL;1605;+0200;0015;+0200;1;LH_2959-LH_23-LH_396
OSL;1605;+0200;0015;+0200;1;LH_2959-LH_25-LH_396
OSL;0710;+0200;1600;+0200;0;LH_6085-LH_6221-LH_390
OSL;0710;+0200;1600;+0200;0;LH_6085-LH_823-LH_390
ZRH;0720;+0200;1035;+0200;0;SN_5104-SN_3653
ZRH;0655;+0200;1035;+0200;0;KL_1952-KL_2043
ZRH;1730;+0200;2125;+0200;0;KL_1962-KL_2047
ZRH;1750;+0200;2155;+0200;0;AF_5107-AF_7770
ZRH;0950;+0200;1410;+0200;0;AF_5101-AF_7762
ZRH;1330;+0200;1800;+0200;0;AF_5103-AF_7766
ZRH;1520;+0200;2000;+0200;0;LH_1193-LH_392
ZRH;1810;+0200;2300;+0200;0;LH_1197-LH_394
ZRH;1905;+0200;0015;+0200;1;LH_5779-LH_396
ZRH;0815;+0200;1330;+0200;0;LH_5773-LH_388