LON;1305;+0100;1510;+0200;0;BA_8453
LON;0830;+0100;1040;+0200;0;QF_3371
LON;0830;+0100;1040;+0200;0;AA_6502
LON;0830;+0100;1040;+0200;0;BA_430
LON;1155;+0100;1405;+0200;0;AA_6504
LON;1200;+0100;1410;+0200;0;BA_434
LON;1320;+0100;1530;+0200;0;BA_438
LON;1515;+0100;1725;+0200;0;BA_2762
LON;1525;+0100;1735;+0200;0;BA_8455
LON;1705;+0100;1915;+0200;0;BA_8459
LON;1845;+0100;2055;+0200;0;BA_2764
LON;1900;+0100;2110;+0200;0;BA_8457
LON;2000;+0100;2210;+0200;0;BA_444
LON;2025;+0100;2235;+0200;0;KL_1028
LON;0725;+0100;0940;+0200;0;BA_428
LON;0725;+0100;0940;+0200;0;QF_3428
LON;0750;+0100;1005;+0200;0;AF_5181
LON;0920;+0100;1135;+0200;0;AA_6254
LON;0920;+0100;1135;+0200;0;BA_2760
LON;0925;+0100;1140;+0200;0;AF_5183
LON;1135;+0100;1350;+0200;0;AF_5185
LON;1600;+0100;1815;+0200;0;QF_3365
LON;1600;+0100;1815;+0200;0;BA_440
LON;1600;+0100;1815;+0200;0;AA_6459
LON;1605;+0100;1820;+0200;0;AF_5193
LON;1750;+0100;2005;+0200;0;AF_5195
LON;1755;+0100;2010;+0200;0;BA_442
LON;1755;+0100;2010;+0200;0;AA_6452
LON;1915;+0100;2130;+0200;0;KL_1030
LON;0720;+0100;0940;+0200;0;BA_2758
LON;1145;+0100;1405;+0200;0;KL_1010
LON;1315;+0100;1535;+0200;0;AA_6398
LON;1710;+0100;1930;+0200;0;KL_1022
LON;1830;+0100;2050;+0200;0;KL_1026
LON;1835;+0100;2055;+0200;0;KL_1024
LON;1845;+0100;2105;+0200;0;AF_5197
LON;1945;+0100;2205;+0200;0;AF_5199
LON;0840;+0100;1105;+0200;0;KL_1002
LON;1000;+0100;1225;+0200;0;7X_6110
LON;1450;+0100;1715;+0200;0;KL_1018
LON;1610;+0100;1835;+0200;0;KL_1020
LON;0630;+0100;0900;+0200;0;KL_1000
LON;0955;+0100;1225;+0200;0;KL_1008
LON;1600;+0100;2020;+0200;0;AF_2281-AF_8240
LON;0950;+0100;1415;+0200;0;LH_897-LH_992
LON;0950;+0100;1415;+0200;0;LH_903-LH_992
LON;0710;+0100;1140;+0200;0;AF_1081-AF_8230
LON;1740;+0100;2215;+0200;0;LH_899-LH_1002
LON;0750;+0100;1235;+0200;0;LH_927-LH_990
LON;1245;+0100;1735;+0200;0;AF_1981-AF_2040
LON;1450;+0100;1940;+0200;0;LH_3393-LH_3338
LON;0910;+0100;1405;+0200;0;UA_9548-UA_9163
LON;0640;+0100;1140;+0200;0;AF_1381-AF_8230
LON;1710;+0100;2210;+0200;0;LX_465-LX_736
LON;0910;+0100;1415;+0200;0;UA_9548-UA_9163
LON;0910;+0100;1415;+0200;0;LH_929-LH_992
LON;0910;+0100;1415;+0200;0;LH_901-LH_992
LON;1710;+0100;2215;+0200;0;LH_911-LH_1002
LON;1715;+0100;2220;+0200;0;LH_2479-LH_2312
LON;1525;+0100;2035;+0200;0;LH_2477-LH_2310
LON;1700;+0100;2210;+0200;0;LX_325-LX_736
LON;1705;+0100;2215;+0200;0;LH_911-LH_1002
LON;1710;+0100;2220;+0200;0;LH_2479-LH_2312
LON;1315;+0100;1830;+0200;0;LH_2475-LH_2308
LON;1415;+0100;1930;+0200;0;LH_907-LH_998
MAD;0800;+0200;1030;+0200;0;AM_6842
MAD;0855;+0200;1125;+0200;0;IB_3254
MAD;1210;+0200;1440;+0200;0;IB_3246
MAD;1430;+0200;1700;+0200;0;AM_6843
MAD;1550;+0200;1820;+0200;0;IB_3250
MAD;1710;+0200;1940;+0200;0;KE_926
MAD;1920;+0200;2150;+0200;0;IB_3244
MAD;0555;+0200;0830;+0200;0;KL_1708
MAD;0740;+0200;1015;+0200;0;UX_1091
MAD;0800;+0200;1035;+0200;0;KL_1710
MAD;1030;+0200;1305;+0200;0;KL_1700
MAD;1430;+0200;1705;+0200;0;UX_1093
MAD;1825;+0200;2100;+0200;0;KL_1706
MAD;1300;+0200;1540;+0200;0;KL_1702
MAD;1620;+0200;1900;+0200;0;KL_1704
MAD;1530;+0200;1740;+0200;0;6X_3867
MAD;1825;+0200;1940;+0200;0;6X_3867
MAD;1535;+0200;1940;+0200;0;AF_1601-AF_2240
MAD;0715;+0200;1140;+0200;0;AF_2101-AF_8230
MAD;1645;+0200;2110;+0200;0;BA_8754-BA_8457
MAD;0710;+0200;1140;+0200;0;AF_2101-AF_8230
MAD;0935;+0200;1415;+0200;0;LX_2021-LX_728
MAD;1700;+0200;2140;+0200;0;AF_1701-AF_8242
MAD;1535;+0200;2020;+0200;0;AF_1601-AF_8240
MAD;1045;+0200;1535;+0200;0;AA_6277-AA_6398
MAD;1450;+0200;1940;+0200;0;LH_3297-LH_3338
MAD;1235;+0200;1735;+0200;0;AF_1301-AF_2040
MAD;0740;+0200;1245;+0200;0;LH_1807-LH_2304
MAD;1530;+0200;2035;+0200;0;LH_1803-LH_2310
MAD;0855;+0200;1405;+0200;0;AA_5491-AA_6504
MAD;0905;+0200;1415;+0200;0;LH_6801-LH_992
MAD;1500;+0200;2010;+0200;0;BA_7060-BA_442
MAD;0855;+0200;1410;+0200;0;BA_7054-BA_434
MAD;1230;+0200;1750;+0200;0;LH_1113-LH_996
MAD;1815;+0200;2340;+0200;0;TP_1017-TP_668
MAD;1240;+0200;1815;+0200;0;AA_5492-AA_6459
MAD;1240;+0200;1815;+0200;0;BA_7056-BA_440
MAD;0715;+0200;1255;+0200;0;AF_2101-AF_1640
MAD;0950;+0200;1530;+0200;0;BA_7062-BA_438
MAD;1015;+0200;1555;+0200;0;AF_1001-AF_8234
MAD;1235;+0200;1815;+0200;0;BA_457-BA_440
MAD;1350;+0200;1930;+0200;0;LH_6803-LH_998
MAD;1630;+0200;2210;+0200;0;BA_7058-BA_444
MAD;0710;+0200;1255;+0200;0;AF_2101-AF_1640
MAD;1420;+0200;2010;+0200;0;AA_6279-AA_6452
MAD;1420;+0200;2010;+0200;0;BA_459-BA_442
MAD;1625;+0200;2215;+0200;0;LH_1115-LH_1002
MAD;0730;+0200;1325;+0200;0;KE_7686-KE_7603
MAD;1535;+0200;2140;+0200;0;AF_1601-AF_8242
MAD;1610;+0200;2215;+0200;0;LH_1115-LH_1002
MAD;1445;+0200;2055;+0200;0;OK_701-OK_4624
MAD;0710;+0200;1325;+0200;0;KE_7686-KE_7603
MAD;1215;+0200;1830;+0200;0;LH_1801-LH_2308
MAD;1405;+0200;2020;+0200;0;AM_6935-AM_6508
MAD;0615;+0200;1235;+0200;0;UA_8982-UA_9553
MAD;0615;+0200;1235;+0200;0;LH_1121-LH_990
MAD;1200;+0200;1820;+0200;0;TP_1013-TP_662
MAD;0610;+0200;1235;+0200;0;UA_8982-UA_9553
MAD;1310;+0200;1935;+0200;0;SK_582-SK_553
MAD;1355;+0200;2020;+0200;0;AF_1631-AF_8240
MAD;1340;+0200;2010;+0200;0;AA_5495-AA_6452
MAD;1350;+0200;2020;+0200;0;AM_6935-AM_6508
MAD;0855;+0200;1530;+0200;0;BA_7054-BA_438
MAD;1335;+0200;2010;+0200;0;AA_5495-AA_6452
MAD;1335;+0200;2010;+0200;0;BA_7066-BA_442
MAD;1420;+0200;2055;+0200;0;BA_459-BA_2764
MAD;0855;+0200;1535;+0200;0;AA_5491-AA_6398
MAD;0715;+0200;1400;+0200;0;AF_2101-AF_1740
MAD;0910;+0200;1555;+0200;0;AF_1431-AF_8234
MAD;1525;+0200;2210;+0200;0;LX_2027-LX_736
MAD;0710;+0200;1400;+0200;0;AF_2101-AF_1740
MAD;1530;+0200;2220;+0200;0;LH_1803-LH_2312
MAD;1230;+0200;1930;+0200;0;LH_1113-LH_998
MAD;1310;+0200;2010;+0200;0;AA_5492-AA_6452
BCN;1105;+0200;1320;+0200;0;KL_1666
BCN;1810;+0200;2025;+0200;0;KL_1676
BCN;0810;+0200;1030;+0200;0;KL_1664
BCN;1315;+0200;1535;+0200;0;KL_1672
BCN;1620;+0200;1840;+0200;0;KL_1674
BCN;0625;+0200;0850;+0200;0;KL_1662
BCN;1100;+0200;1425;+0200;0;AF_3203-AF_8302
BCN;0735;+0200;1140;+0200;0;AF_2149-AF_8230
BCN;0650;+0200;1100;+0200;0;AF_2349-AF_8228
BCN;1420;+0200;1830;+0200;0;LH_1813-LH_2308
BCN;0615;+0200;1030;+0200;0;LH_1819-LH_2302
BCN;1805;+0200;2220;+0200;0;LH_1815-LH_2312
BCN;1315;+0200;1735;+0200;0;BA_8472-BA_8455
BCN;1445;+0200;1905;+0200;0;LX_1955-LX_734
BCN;0810;+0200;1235;+0200;0;UA_9304-UA_9553
BCN;0810;+0200;1235;+0200;0;LH_1137-LH_990
BCN;1555;+0200;2020;+0200;0;AF_1649-AF_8240
BCN;0815;+0200;1245;+0200;0;LH_1817-LH_2304
BCN;0945;+0200;1415;+0200;0;LX_1953-LX_728
BCN;1220;+0200;1700;+0200;0;AM_6809-AM_6843
BCN;1255;+0200;1735;+0200;0;AF_1349-AF_2040
BCN;1200;+0200;1645;+0200;0;LH_1811-LH_2306
BCN;1220;+0200;1705;+0200;0;UX_2153-UX_1093
BCN;1335;+0200;1820;+0200;0;IB_6767-IB_3250
BCN;0650;+0200;1140;+0200;0;AM_6009-AM_6507
BCN;0650;+0200;1140;+0200;0;AF_2349-AF_8230
BCN;0950;+0200;1440;+0200;0;IB_6775-IB_3246
BCN;1210;+0200;1700;+0200;0;AM_6810-AM_6843
BCN;1325;+0200;1815;+0200;0;AA_6296-AA_6459
BCN;1800;+0200;2250;+0200;0;UX_3968-UX_3765
BCN;1345;+0200;1840;+0200;0;OK_689-OK_618
BCN;1515;+0200;2010;+0200;0;AA_6262-AA_6452
BCN;1800;+0200;2255;+0200;0;UX_3968-UX_3765
BCN;0625;+0200;1130;+0200;0;AZ_75-AZ_108
BCN;1345;+0200;1850;+0200;0;KE_7670-KE_7605
BCN;0930;+0200;1440;+0200;0;IB_6757-IB_3246
BCN;1640;+0200;2150;+0200;0;IB_2705-IB_3244
BCN;1335;+0200;1850;+0200;0;KE_7670-KE_7605
BCN;0735;+0200;1255;+0200;0;AF_2149-AF_1640
BCN;1015;+0200;1535;+0200;0;AA_6286-AA_6398
BCN;1140;+0200;1700;+0200;0;AM_6810-AM_6843
BCN;1140;+0200;1700;+0200;0;AM_6809-AM_6843
BCN;1230;+0200;1750;+0200;0;LH_1127-LH_996
BCN;1140;+0200;1705;+0200;0;UX_2154-UX_1093
BCN;0755;+0200;1325;+0200;0;KE_7672-KE_7603
BCN;0910;+0200;1440;+0200;0;IB_6755-IB_3246
BCN;1025;+0200;1555;+0200;0;AF_1149-AF_8234
BCN;1115;+0200;1645;+0200;0;SK_9973-SK_1549
BCN;1345;+0200;1915;+0200;0;OS_398-OS_375
BCN;1440;+0200;2010;+0200;0;BA_489-BA_442
BCN;1640;+0200;2210;+0200;0;BA_475-BA_444
BCN;0700;+0200;1235;+0200;0;UA_9317-UA_9553
BCN;1240;+0200;1820;+0200;0;IB_2751-IB_3250
BCN;0650;+0200;1235;+0200;0;UA_9317-UA_9553
BCN;0650;+0200;1235;+0200;0;LH_1139-LH_990
BCN;1555;+0200;2140;+0200;0;AF_1649-AF_8242
BCN;1145;+0200;1735;+0200;0;AZ_77-AZ_132
BCN;0810;+0200;1405;+0200;0;UA_9304-UA_9163
BCN;0845;+0200;1440;+0200;0;IB_6753-IB_3246
BCN;1315;+0200;1915;+0200;0;BA_8472-BA_8459
BCN;1420;+0200;2020;+0200;0;AF_1231-AF_8240
BCN;0650;+0200;1255;+0200;0;AF_2349-AF_1640
BCN;0720;+0200;1325;+0200;0;KE_7672-KE_7603
BCN;0810;+0200;1415;+0200;0;UA_9304-UA_9163
BCN;0810;+0200;1415;+0200;0;LH_1137-LH_992
BCN;1605;+0200;2215;+0200;0;LH_1129-LH_1002
BCN;1030;+0200;1645;+0200;0;LH_6723-LH_2306
BCN;1420;+0200;2035;+0200;0;LH_1813-LH_2310
BCN;1635;+0200;2250;+0200;0;UX_3971-UX_3765
BCN;1635;+0200;2255;+0200;0;UX_3971-UX_3765
BCN;0735;+0200;1400;+0200;0;AF_2149-AF_1740
BCN;0930;+0200;1555;+0200;0;AF_1031-AF_8234
BCN;0615;+0200;1245;+0200;0;LH_1819-LH_2304
BCN;1200;+0200;1830;+0200;0;LH_1811-LH_2308
BCN;1300;+0200;1930;+0200;0;AF_5899-AF_1356
CPH;0600;+0200;0725;+0200;0;KL_1124
CPH;1015;+0200;1140;+0200;0;KL_1126
CPH;1120;+0200;1245;+0200;0;SK_547
CPH;1145;+0200;1310;+0200;0;KL_1128
CPH;1425;+0200;1550;+0200;0;KL_1130
CPH;1520;+0200;1645;+0200;0;UA_6889
CPH;1520;+0200;1645;+0200;0;AC_9910
CPH;1520;+0200;1645;+0200;0;SK_1549
CPH;1735;+0200;1900;+0200;0;KL_1132
CPH;1810;+0200;1935;+0200;0;UA_6893
CPH;1810;+0200;1935;+0200;0;SK_553
CPH;1925;+0200;2050;+0200;0;KL_1134
CPH;0815;+0200;0945;+0200;0;SK_2551
CPH;0815;+0200;0945;+0200;0;UA_6891
CPH;0645;+0200;1030;+0200;0;LH_6259-LH_2302
CPH;1020;+0200;1405;+0200;0;UA_9029-UA_9163
CPH;1650;+0200;2035;+0200;0;LH_2445-LH_2310
CPH;0720;+0200;1110;+0200;0;SK_402-SK_1553
CPH;0720;+0200;1110;+0200;0;UA_6895-UA_6957
CPH;1255;+0200;1645;+0200;0;LH_2443-LH_2306
CPH;1415;+0200;1805;+0200;0;SK_1458-SK_827
CPH;1440;+0200;1830;+0200;0;LH_6257-LH_2308
CPH;0605;+0200;1000;+0200;0;UA_9265-UA_9161
CPH;1020;+0200;1415;+0200;0;LH_823-LH_992
CPH;1020;+0200;1415;+0200;0;UA_9029-UA_9163
CPH;0600;+0200;1000;+0200;0;UA_9265-UA_9161
CPH;0605;+0200;1010;+0200;0;UA_9265-UA_9161
CPH;1215;+0200;1620;+0200;0;LH_6055-LH_3336
CPH;1525;+0200;1930;+0200;0;SK_408-SK_557
CPH;0600;+0200;1010;+0200;0;UA_9265-UA_9161
CPH;0600;+0200;1010;+0200;0;LH_833-LH_988
CPH;0835;+0200;1245;+0200;0;LH_2441-LH_2304
CPH;1745;+0200;2155;+0200;0;OS_304-OS_377
CPH;1400;+0200;1815;+0200;0;BA_815-BA_440
CPH;1400;+0200;1815;+0200;0;AA_6535-AA_6459
CPH;1415;+0200;1830;+0200;0;SK_1422-SK_1555
CPH;1525;+0200;1940;+0200;0;AF_2351-AF_2240
CPH;1805;+0200;2220;+0200;0;LH_6261-LH_2312
CPH;0905;+0200;1325;+0200;0;KE_7628-KE_7603
CPH;1440;+0200;1905;+0200;0;LX_1271-LX_734
CPH;1645;+0200;2110;+0200;0;BA_8468-BA_8457
CPH;1100;+0200;1530;+0200;0;BA_813-BA_438
CPH;1335;+0200;1805;+0200;0;SK_458-SK_827
CPH;1740;+0200;2210;+0200;0;LX_4705-LX_736
STO;0910;+0200;1110;+0200;0;UA_6957
STO;0910;+0200;1110;+0200;0;SK_1553
STO;0940;+0200;1140;+0200;0;KL_1108
STO;1310;+0200;1510;+0200;0;KL_1110
STO;1630;+0200;1830;+0200;0;SK_1555
STO;1730;+0200;1930;+0200;0;SK_557
STO;1830;+0200;2030;+0200;0;DY_4531
STO;2000;+0200;2200;+0200;0;KL_1118
STO;1720;+0200;1925;+0200;0;KL_1116
STO;0630;+0200;0840;+0200;0;KL_1106
STO;0700;+0200;1020;+0200;0;SK_485-SK_821
STO;1615;+0200;1935;+0200;0;SK_1425-SK_553
STO;1610;+0200;1935;+0200;0;SK_1425-SK_553
STO;0915;+0200;1245;+0200;0;SK_403-SK_547
STO;0610;+0200;0945;+0200;0;SK_1415-SK_2551
STO;1430;+0200;1805;+0200;0;SK_867-SK_827
STO;1550;+0200;1940;+0200;0;LH_2929-LH_3338
STO;1645;+0200;2055;+0200;0;OK_491-OK_4624
STO;1515;+0200;1930;+0200;0;LH_6229-LH_998
STO;1655;+0200;2110;+0200;0;BA_8492-BA_8457
STO;1410;+0200;1830;+0200;0;LH_6187-LH_2308
STO;1220;+0200;1645;+0200;0;SK_1421-SK_1549
STO;1340;+0200;1805;+0200;0;SK_495-SK_827
STO;1555;+0200;2035;+0200;0;LH_2417-LH_2310
STO;0650;+0200;1140;+0200;0;AF_1463-AF_8230
STO;1155;+0200;1645;+0200;0;LH_2415-LH_2306
STO;1255;+0200;1745;+0200;0;JL_7802-JL_7809
STO;1255;+0200;1745;+0200;0;AY_634-AY_845
STO;0745;+0200;1245;+0200;0;LH_2421-LH_2304
STO;1240;+0200;1740;+0200;0;JJ_6037-JJ_6054
STO;1440;+0200;1940;+0200;0;AF_2063-AF_2240
STO;0910;+0200;1415;+0200;0;LH_6227-LH_992
STO;1240;+0200;1750;+0200;0;JJ_6037-JJ_6054
STO;1240;+0200;1750;+0200;0;LH_803-LH_996
STO;1210;+0200;1735;+0200;0;AF_1763-AF_2040
STO;1350;+0200;1915;+0200;0;KF_5309-KF_15
STO;1350;+0200;1915;+0200;0;SK_704-SK_6537
STO;1650;+0200;2215;+0200;0;LH_6203-LH_1002
STO;1345;+0200;1915;+0200;0;KF_5309-KF_15
STO;1345;+0200;1915;+0200;0;SK_704-SK_6537
STO;1640;+0200;2210;+0200;0;LX_4709-LX_736
STO;0710;+0200;1245;+0200;0;SK_1417-SK_547
STO;0720;+0200;1255;+0200;0;BT_102-BT_617
STO;1230;+0200;1805;+0200;0;SK_861-SK_827
STO;1620;+0200;2155;+0200;0;OS_314-OS_377
STO;0745;+0200;1325;+0200;0;KE_7638-KE_7603
STO;1440;+0200;2020;+0200;0;AF_2063-AF_8240
MUC;0645;+0200;0815;+0200;0;LH_2300
MUC;0900;+0200;1030;+0200;0;LH_2302
MUC;1115;+0200;1245;+0200;0;LH_2304
MUC;1515;+0200;1645;+0200;0;LH_2306
MUC;1700;+0200;1830;+0200;0;LH_2308
MUC;1905;+0200;2035;+0200;0;LH_2310
MUC;2050;+0200;2220;+0200;0;LH_2312
MUC;0705;+0200;0840;+0200;0;KL_1790
MUC;0930;+0200;1105;+0200;0;KL_1792
MUC;1200;+0200;1335;+0200;0;KL_1794
MUC;1410;+0200;1545;+0200;0;KL_1796
MUC;1730;+0200;1905;+0200;0;KL_1798
MUC;2000;+0200;2135;+0200;0;KL_1800
MUC;0715;+0200;1010;+0200;0;LH_101-LH_988
MUC;1310;+0200;1620;+0200;0;LH_2070-LH_3336
MUC;0915;+0200;1235;+0200;0;LH_105-LH_990
MUC;1545;+0200;1905;+0200;0;LX_3623-LX_734
MUC;1855;+0200;2215;+0200;0;LH_121-LH_1002
MUC;1050;+0200;1415;+0200;0;LH_109-LH_992
MUC;1615;+0200;1940;+0200;0;LH_2086-LH_3338
MUC;1315;+0200;1645;+0200;0;SK_1666-SK_1549
MUC;1840;+0200;2210;+0200;0;LX_3625-LX_736
MUC;0905;+0200;1245;+0200;0;SK_662-SK_547
MUC;1525;+0200;1915;+0200;0;OS_7236-OS_375
MUC;0610;+0200;1010;+0200;0;LH_99-LH_988
MUC;1350;+0200;1750;+0200;0;LH_113-LH_996
MUC;0605;+0200;1010;+0200;0;LH_99-LH_988
MUC;1535;+0200;1940;+0200;0;LH_2074-LH_3338
MUC;0825;+0200;1235;+0200;0;LH_103-LH_990
MUC;1610;+0200;2020;+0200;0;AF_2023-AF_8240
MUC;1000;+0200;1415;+0200;0;LH_107-LH_992
MUC;0720;+0200;1140;+0200;0;AF_1123-AF_8230
MUC;1510;+0200;1930;+0200;0;LH_115-LH_998
MUC;1755;+0200;2215;+0200;0;LH_119-LH_1002
MUC;0930;+0200;1400;+0200;0;AF_1423-AF_1740
MUC;0935;+0200;1415;+0200;0;LX_1101-LX_728
MUC;1140;+0200;1620;+0200;0;LH_2068-LH_3336
MUC;1255;+0200;1735;+0200;0;AF_1723-AF_2040
MUC;1730;+0200;2210;+0200;0;BA_955-BA_444
MUC;1445;+0200;1935;+0200;0;SK_3682-SK_553
MUC;0915;+0200;1415;+0200;0;LH_105-LH_992
MUC;1305;+0200;1805;+0200;0;SK_4760-SK_827
MUC;1405;+0200;1905;+0200;0;LX_1105-LX_734
MIL;1305;+0200;1455;+0200;0;KL_1624
MIL;1325;+0200;1515;+0200;0;AZ_7720
MIL;1325;+0200;1515;+0200;0;KL_1624
MIL;0645;+0200;0840;+0200;0;KL_1618
MIL;0650;+0200;0845;+0200;0;KL_1618
MIL;0650;+0200;0845;+0200;0;AZ_7718
MIL;1040;+0200;1235;+0200;0;AZ_7726
MIL;1040;+0200;1235;+0200;0;KL_1620
MIL;1755;+0200;1950;+0200;0;KL_1628
MIL;1755;+0200;1950;+0200;0;AZ_7722
MIL;1940;+0200;2135;+0200;0;KL_1622
MIL;1940;+0200;2135;+0200;0;AZ_7746
MIL;0655;+0200;0855;+0200;0;AZ_7904
MIL;0655;+0200;0855;+0200;0;KL_3624
MIL;0930;+0200;1130;+0200;0;KL_3418
MIL;0930;+0200;1130;+0200;0;AZ_120
MIL;1635;+0200;1835;+0200;0;KL_3416
MIL;1635;+0200;1835;+0200;0;AZ_112
MIL;0915;+0200;1235;+0200;0;LH_247-LH_990
MIL;1430;+0200;1750;+0200;0;LH_253-LH_996
MIL;0645;+0200;1010;+0200;0;LH_259-LH_988
MIL;0645;+0200;1010;+0200;0;UA_9033-UA_9161
MIL;1505;+0200;1830;+0200;0;LH_1859-LH_2308
MIL;1030;+0200;1400;+0200;0;AF_1115-AF_1740
MIL;1035;+0200;1405;+0200;0;UA_8873-UA_9163
MIL;1705;+0200;2035;+0200;0;LH_1861-LH_2310
MIL;1810;+0200;2140;+0200;0;AF_9813-AF_8242
MIL;0655;+0200;1030;+0200;0;LH_1867-LH_2302
MIL;0900;+0200;1235;+0200;0;UA_9063-UA_9553
MIL;1310;+0200;1645;+0200;0;LH_1857-LH_2306
MIL;1035;+0200;1415;+0200;0;LH_271-LH_992
MIL;1035;+0200;1415;+0200;0;UA_8873-UA_9163
MIL;1555;+0200;1940;+0200;0;AF_1713-AF_2240
MIL;1635;+0200;2020;+0200;0;AF_9703-AF_8240
MIL;1010;+0200;1400;+0200;0;AF_1213-AF_1740
MIL;1630;+0200;2020;+0200;0;AF_1715-AF_8240
MIL;1820;+0200;2210;+0200;0;LX_1623-LX_736
MIL;0705;+0200;1100;+0200;0;AF_2515-AF_8228
MIL;0745;+0200;1140;+0200;0;AF_3700-AF_5183
MIL;0850;+0200;1245;+0200;0;LH_1853-LH_2304
MIL;1815;+0200;2215;+0200;0;LH_255-LH_1002
MIL;0655;+0200;1100;+0200;0;AF_9801-AF_8228
MIL;1005;+0200;1415;+0200;0;LX_1613-LX_728
MIL;1455;+0200;1905;+0200;0;LX_1629-LX_734
MIL;1555;+0200;2005;+0200;0;AF_3704-AF_5195
MIL;1525;+0200;1940;+0200;0;LH_3191-LH_3338
MIL;1740;+0200;2155;+0200;0;OS_514-OS_377
MIL;1815;+0200;2235;+0200;0;AZ_2099-AZ_7716
MIL;1100;+0200;1525;+0200;0;AZ_2045-AZ_7714
MIL;1350;+0200;1815;+0200;0;BA_577-BA_440
MIL;1350;+0200;1815;+0200;0;AA_6316-AA_6459
MIL;1530;+0200;1955;+0200;0;AZ_2083-AZ_7728
MIL;1555;+0200;2020;+0200;0;AF_1713-AF_8240
MIL;1750;+0200;2215;+0200;0;LH_275-LH_1002
MIL;0700;+0200;1130;+0200;0;AZ_2013-AZ_108
MIL;0655;+0200;1130;+0200;0;AZ_1017-AZ_108
MIL;0705;+0200;1140;+0200;0;AF_2515-AF_8230
MIL;0830;+0200;1305;+0200;0;AZ_2025-AZ_7712
MIL;1300;+0200;1735;+0200;0;AF_9701-AF_2040
MIL;1300;+0200;1735;+0200;0;AZ_2055-AZ_132
MIL;1800;+0200;2235;+0200;0;AZ_2097-AZ_7716
MIL;1515;+0200;1955;+0200;0;AZ_1027-AZ_7728
MIL;0655;+0200;1140;+0200;0;AF_9801-AF_8230
MIL;0815;+0200;1305;+0200;0;AZ_2023-AZ_7712
MIL;0815;+0200;1305;+0200;0;AZ_1015-AZ_7712
MIL;0915;+0200;1405;+0200;0;UA_9063-UA_9163
MIL;1030;+0200;1525;+0200;0;AZ_2027-AZ_7714
MIL;1115;+0200;1610;+0200;0;AZ_1019-AZ_110
MIL;1500;+0200;1955;+0200;0;AZ_2071-AZ_7728
MIL;0630;+0200;1130;+0200;0;AZ_2009-AZ_108
MIL;0915;+0200;1415;+0200;0;UA_9063-UA_9163
MIL;0915;+0200;1415;+0200;0;LH_247-LH_992
MIL;1110;+0200;1610;+0200;0;AZ_2315-AZ_110
MIL;1250;+0200;1750;+0200;0;LH_273-LH_996
MIL;1430;+0200;1930;+0200;0;LH_253-LH_998
MIL;0800;+0200;1305;+0200;0;AZ_2021-AZ_7712
MIL;0900;+0200;1405;+0200;0;UA_9063-UA_9163
MIL;1300;+0200;1805;+0200;0;SK_4718-SK_827
MIL;1635;+0200;2140;+0200;0;AF_9703-AF_8242
MIL;1730;+0200;2235;+0200;0;AZ_2063-AZ_7716
MIL;0725;+0200;1235;+0200;0;UA_9305-UA_9553
MIL;0725;+0200;1235;+0200;0;LH_279-LH_990
MIL;1100;+0200;1610;+0200;0;AZ_2045-AZ_110
MIL;1555;+0200;2105;+0200;0;AF_3704-AF_5197
MIL;1630;+0200;2140;+0200;0;AF_1715-AF_8242
MIL;0750;+0200;1305;+0200;0;AZ_2011-AZ_7712
MIL;0900;+0200;1415;+0200;0;UA_9063-UA_9163
MIL;1705;+0200;2220;+0200;0;LH_1861-LH_2312
MIL;1310;+0200;1830;+0200;0;LH_1857-LH_2308
MIL;0740;+0200;1305;+0200;0;AZ_2019-AZ_7712
MIL;1000;+0200;1525;+0200;0;AZ_2039-AZ_7714
MIL;1030;+0200;1555;+0200;0;AF_1115-AF_8234
MIL;1120;+0200;1645;+0200;0;SK_1686-SK_1549
MIL;1430;+0200;1955;+0200;0;AZ_2069-AZ_7728
MIL;1505;+0200;2035;+0200;0;LH_1859-LH_2310
VIE;0935;+0200;1130;+0200;0;KL_1840
VIE;1505;+0200;1700;+0200;0;OS_373
VIE;1720;+0200;1915;+0200;0;OS_375
VIE;2000;+0200;2155;+0200;0;OS_377
VIE;0720;+0200;0920;+0200;0;OS_371
VIE;1410;+0200;1610;+0200;0;KL_1846
VIE;1955;+0200;2155;+0200;0;KL_1848
VIE;0655;+0200;0900;+0200;0;KL_1838
VIE;1055;+0200;1415;+0200;0;LH_1235-LH_992
VIE;0910;+0200;1235;+0200;0;LH_6917-LH_990
VIE;0915;+0200;1245;+0200;0;LH_2325-LH_2304
VIE;0655;+0200;1030;+0200;0;OU_5443-OU_450
VIE;0620;+0200;1000;+0200;0;UA_8959-UA_9161
VIE;1525;+0200;1905;+0200;0;LX_3555-LX_734
VIE;0645;+0200;1030;+0200;0;OU_5443-OU_450
VIE;0850;+0200;1235;+0200;0;UA_9340-UA_9553
VIE;0850;+0200;1235;+0200;0;LH_1233-LH_990
VIE;1300;+0200;1645;+0200;0;LH_2329-LH_2306
VIE;1650;+0200;2035;+0200;0;LH_6327-LH_2310
VIE;1830;+0200;2215;+0200;0;LH_1241-LH_1002
VIE;0620;+0200;1010;+0200;0;LH_1247-LH_988
VIE;0620;+0200;1010;+0200;0;UA_8959-UA_9161
VIE;1535;+0200;1930;+0200;0;LH_6339-LH_998
VIE;0630;+0200;1030;+0200;0;LH_6325-LH_2302
VIE;1535;+0200;1940;+0200;0;AF_1739-AF_2240
VIE;1530;+0200;1940;+0200;0;LH_3101-LH_3338
VIE;1000;+0200;1415;+0200;0;LX_1575-LX_728
VIE;1450;+0200;1905;+0200;0;LX_1579-LX_734
VIE;1515;+0200;1935;+0200;0;SK_9414-SK_553
VIE;1745;+0200;2205;+0200;0;LO_5226-LO_269
VIE;0625;+0200;1050;+0200;0;JU_8315-JU_262
VIE;1715;+0200;2140;+0200;0;AF_1757-AF_8242
VIE;1740;+0200;2210;+0200;0;LX_3557-LX_736
VIE;1750;+0200;2220;+0200;0;LH_2331-LH_2312
VIE;1315;+0200;1750;+0200;0;LH_6333-LH_996
VIE;1740;+0200;2215;+0200;0;LH_6335-LH_1002
VIE;0700;+0200;1140;+0200;0;AF_1557-AF_8230
VIE;1310;+0200;1750;+0200;0;LH_6333-LH_996
VIE;1450;+0200;1930;+0200;0;LH_1239-LH_998
VIE;1455;+0200;1940;+0200;0;AF_1657-AF_2240
VIE;1535;+0200;2020;+0200;0;AF_1739-AF_8240
VIE;1340;+0200;1835;+0200;0;BT_434-BT_619
VIE;0910;+0200;1415;+0200;0;LH_6917-LH_992
VIE;1505;+0200;2010;+0200;0;AA_6644-AA_6452
VIE;1035;+0200;1545;+0200;0;RO_342-RO_9363
VIE;1325;+0200;1835;+0200;0;BT_432-BT_619
VIE;0850;+0200;1405;+0200;0;UA_9340-UA_9163
VIE;1220;+0200;1735;+0200;0;AZ_189-AZ_132
VIE;0850;+0200;1415;+0200;0;UA_9340-UA_9163
VIE;0850;+0200;1415;+0200;0;LH_1233-LH_992
VIE;1455;+0200;2020;+0200;0;AF_1657-AF_8240
VIE;0715;+0200;1245;+0200;0;SK_9402-SK_547
VIE;1300;+0200;1830;+0200;0;LH_2329-LH_2308
VIE;1650;+0200;2220;+0200;0;LH_6327-LH_2312
ROM;2010;+0200;2235;+0200;0;KL_1608
ROM;2010;+0200;2235;+0200;0;AZ_7716
ROM;0620;+0200;0850;+0200;0;KL_1596
ROM;0620;+0200;0850;+0200;0;AZ_7710
ROM;1255;+0200;1525;+0200;0;KL_1602
ROM;1255;+0200;1525;+0200;0;AZ_7714
ROM;1725;+0200;1955;+0200;0;KL_1604
ROM;1725;+0200;1955;+0200;0;AZ_7728
ROM;0855;+0200;1130;+0200;0;AZ_108
ROM;0855;+0200;1130;+0200;0;KL_3400
ROM;1030;+0200;1305;+0200;0;AZ_7712
ROM;1030;+0200;1305;+0200;0;KL_1598
ROM;1335;+0200;1610;+0200;0;AZ_110
ROM;1335;+0200;1610;+0200;0;KL_3402
ROM;1500;+0200;1735;+0200;0;AZ_132
ROM;1500;+0200;1735;+0200;0;KL_3404
ROM;0645;+0200;1030;+0200;0;LH_1851-LH_2302
ROM;0845;+0200;1235;+0200;0;AZ_2022-AZ_7726
ROM;1825;+0200;2215;+0200;0;LH_237-LH_1002
ROM;1740;+0200;2135;+0200;0;AZ_2096-AZ_7746
ROM;0730;+0200;1130;+0200;0;AZ_2018-AZ_120
ROM;0830;+0200;1235;+0200;0;AZ_2026-AZ_7726
ROM;0840;+0200;1245;+0200;0;LH_1841-LH_2304
ROM;1010;+0200;1415;+0200;0;LH_231-LH_992
ROM;1420;+0200;1830;+0200;0;LH_1845-LH_2308
ROM;0715;+0200;1130;+0200;0;AZ_2012-AZ_120
ROM;1425;+0200;1840;+0200;0;OK_725-OK_618
ROM;1450;+0200;1905;+0200;0;LX_1737-LX_734
ROM;1505;+0200;1920;+0200;0;AZ_1435-AZ_122
ROM;1720;+0200;2135;+0200;0;AZ_2088-AZ_7746
ROM;0720;+0200;1140;+0200;0;AF_2305-AF_8230
ROM;0815;+0200;1235;+0200;0;AZ_2020-AZ_7726
ROM;0700;+0200;1130;+0200;0;AZ_2010-AZ_120
ROM;1320;+0200;1750;+0200;0;LH_233-LH_996
ROM;0800;+0200;1235;+0200;0;AZ_2016-AZ_7726
ROM;0905;+0200;1340;+0200;0;AF_9881-AF_8442
ROM;1000;+0200;1435;+0200;0;KL_3436-KL_1654
ROM;1000;+0200;1435;+0200;0;AZ_1465-AZ_7734
ROM;1210;+0200;1645;+0200;0;LH_1843-LH_2306
ROM;1300;+0200;1735;+0200;0;AF_1505-AF_2040
ROM;1400;+0200;1835;+0200;0;AZ_2068-AZ_112
ROM;1455;+0200;1930;+0200;0;LH_235-LH_998
ROM;1455;+0200;1930;+0200;0;NH_6122-NH_6175
ROM;1700;+0200;2135;+0200;0;AZ_2092-AZ_7746
ROM;1705;+0200;2140;+0200;0;AF_9841-AF_8242
ROM;0700;+0200;1140;+0200;0;AF_9831-AF_8230
ROM;0935;+0200;1415;+0200;0;LX_1727-LX_728
ROM;1450;+0200;1935;+0200;0;SK_682-SK_553
ROM;1535;+0200;2020;+0200;0;AF_9845-AF_8240
ROM;0745;+0200;1235;+0200;0;AZ_2014-AZ_7726
ROM;0935;+0200;1430;+0200;0;AZ_1311-AZ_7740
ROM;0935;+0200;1430;+0200;0;KL_3461-KL_1584
ROM;1020;+0200;1515;+0200;0;AZ_1016-AZ_7720
ROM;1640;+0200;2135;+0200;0;AZ_2090-AZ_7746
ROM;1715;+0200;2210;+0200;0;BA_559-BA_444
ROM;0630;+0200;1130;+0200;0;AZ_2008-AZ_120
ROM;1720;+0200;2220;+0200;0;LH_1847-LH_2312
ROM;0730;+0200;1235;+0200;0;AZ_2018-AZ_7726
ROM;0855;+0200;1400;+0200;0;AF_9833-AF_1740
ROM;1430;+0200;1940;+0200;0;AF_9839-AF_2240
ROM;0920;+0200;1435;+0200;0;AZ_1463-AZ_7734
ROM;1620;+0200;2135;+0200;0;AZ_2046-AZ_7746
ROM;0715;+0200;1235;+0200;0;AZ_2012-AZ_7726
ROM;0700;+0200;1235;+0200;0;AZ_2010-AZ_7726
ROM;0720;+0200;1255;+0200;0;AF_2305-AF_1640
ROM;0905;+0200;1440;+0200;0;AF_9881-AF_8272
ROM;1020;+0200;1555;+0200;0;AF_1205-AF_8234
ROM;1300;+0200;1835;+0200;0;AZ_2038-AZ_112
ROM;1600;+0200;2135;+0200;0;AZ_2080-AZ_7746
ROM;1255;+0200;1835;+0200;0;AF_3129-AF_8340
ROM;1430;+0200;2020;+0200;0;AF_9839-AF_8240
ROM;0700;+0200;1255;+0200;0;AF_9831-AF_1640
ROM;0810;+0200;1405;+0200;0;AA_6512-AA_6504
ROM;0815;+0200;1410;+0200;0;BA_551-BA_434
ROM;1325;+0200;1920;+0200;0;AZ_1417-AZ_122
ROM;1325;+0200;1920;+0200;0;KL_2777-KL_3410
ROM;0645;+0200;1245;+0200;0;LH_1851-LH_2304
ROM;0810;+0200;1410;+0200;0;BA_551-BA_434
ROM;1125;+0200;1725;+0200;0;BA_2543-BA_2762
ROM;0630;+0200;1235;+0200;0;UA_8805-UA_9553
ROM;0630;+0200;1235;+0200;0;AZ_2008-AZ_7726
ROM;0830;+0200;1435;+0200;0;AZ_1471-AZ_7734
ROM;0910;+0200;1515;+0200;0;AZ_1024-AZ_7720
ROM;1215;+0200;1820;+0200;0;IB_3613-IB_3250
ROM;1305;+0200;1910;+0200;0;AF_3249-AF_8264
ROM;1535;+0200;2140;+0200;0;AF_9845-AF_8242
ROM;0900;+0200;1510;+0200;0;AF_4329-AF_8280
ROM;1320;+0200;1930;+0200;0;LH_233-LH_998
ROM;0620;+0200;1235;+0200;0;UA_8805-UA_9553
ROM;0620;+0200;1235;+0200;0;LH_243-LH_990
ROM;0900;+0200;1515;+0200;0;AZ_2028-AZ_7720
ROM;1315;+0200;1930;+0200;0;AZ_1475-AZ_7736
ROM;1315;+0200;1930;+0200;0;KL_3505-KL_1656
ROM;1420;+0200;2035;+0200;0;LH_1845-LH_2310
ROM;1210;+0200;1830;+0200;0;LH_1843-LH_2308
ROM;1320;+0200;1945;+0200;0;AZ_1319-AZ_7742
ROM;1320;+0200;1945;+0200;0;KL_3517-KL_1592
ROM;0845;+0200;1515;+0200;0;AZ_2022-AZ_7720
ROM;1030;+0200;1700;+0200;0;OS_506-OS_373
ROM;1030;+0200;1700;+0200;0;AM_6926-AM_6843
ROM;1145;+0200;1815;+0200;0;BA_553-BA_440
ROM;1145;+0200;1815;+0200;0;AA_6516-AA_6459
ROM;1425;+0200;2055;+0200;0;OK_725-OK_4624
OSL;1410;+0200;1550;+0200;0;KL_1218
OSL;0610;+0200;0755;+0200;0;KL_1212
OSL;1155;+0200;1340;+0200;0;KL_1144
OSL;1420;+0200;1605;+0200;0;KL_1146
OSL;1620;+0200;1805;+0200;0;SK_827
OSL;1720;+0200;1905;+0200;0;KL_1148
OSL;0630;+0200;0820;+0200;0;KL_1140
OSL;0830;+0200;1020;+0200;0;SK_821
OSL;0930;+0200;1120;+0200;0;KL_1142
OSL;1930;+0200;2120;+0200;0;KL_1150
OSL;1320;+0200;1645;+0200;0;SK_3051-SK_1549
OSL;1610;+0200;1935;+0200;0;SK_1471-SK_553
OSL;0615;+0200;0945;+0200;0;SK_3169-SK_2551
OSL;0915;+0200;1245;+0200;0;SK_455-SK_547
OSL;0610;+0200;0945;+0200;0;SK_1461-SK_2551
OSL;1605;+0200;1940;+0200;0;LH_2959-LH_3338
OSL;1355;+0200;1750;+0200;0;LH_861-LH_996
OSL;1525;+0200;1935;+0200;0;SK_459-SK_553
OSL;1515;+0200;1930;+0200;0;SK_496-SK_557
OSL;1410;+0200;1830;+0200;0;SK_874-SK_1555
OSL;0820;+0200;1245;+0200;0;SK_1453-SK_547
OSL;1220;+0200;1645;+0200;0;SK_1467-SK_1549
OSL;1315;+0200;1745;+0200;0;AY_656-AY_845
OSL;1315;+0200;1745;+0200;0;JL_7800-JL_7809
OSL;1400;+0200;1830;+0200;0;SK_874-SK_1555
OSL;0935;+0200;1415;+0200;0;LH_6231-LH_992
OSL;1245;+0200;1735;+0200;0;AF_2075-AF_2040
OSL;1150;+0200;1645;+0200;0;LH_2451-LH_2306
OSL;0755;+0200;1255;+0200;0;BT_152-BT_617
OSL;0635;+0200;1140;+0200;0;AF_1275-AF_8230
OSL;0740;+0200;1245;+0200;0;LH_2457-LH_2304
OSL;1420;+0200;1930;+0200;0;LH_6281-LH_998
OSL;1400;+0200;1915;+0200;0;OS_336-OS_375
OSL;1400;+0200;1915;+0200;0;KF_676-KF_15
OSL;1655;+0200;2210;+0200;0;BA_767-BA_444
OSL;1655;+0200;2210;+0200;0;LX_4711-LX_736
OSL;1410;+0200;1930;+0200;0;SK_874-SK_557
OSL;0800;+0200;1325;+0200;0;KE_7632-KE_7603
OSL;1400;+0200;1930;+0200;0;SK_874-SK_557
OSL;1500;+0200;2030;+0200;0;DY_816-DY_4531
OSL;1645;+0200;2215;+0200;0;LH_6105-LH_1002
OSL;0710;+0200;1245;+0200;0;SK_1463-SK_547
OSL;0750;+0200;1325;+0200;0;KE_7632-KE_7603
OSL;1300;+0200;1835;+0200;0;BT_160-BT_619
OSL;1355;+0200;1930;+0200;0;LH_861-LH_998
OSL;1355;+0200;1930;+0200;0;NH_6184-NH_6175
OSL;1345;+0200;1935;+0200;0;SK_1469-SK_553
OSL;1230;+0200;1830;+0200;0;SK_868-SK_1555
HEL;0635;+0300;0805;+0200;0;KL_1164
HEL;0815;+0300;0945;+0200;0;AY_841
HEL;1405;+0300;1535;+0200;0;KL_1168
HEL;1615;+0300;1745;+0200;0;JL_7809
HEL;1615;+0300;1745;+0200;0;AY_845
HEL;1125;+0300;1300;+0200;0;KL_1166
HEL;1805;+0300;1940;+0200;0;KL_1170
HEL;0830;+0300;1015;+0200;0;SK_6535
HEL;0830;+0300;1015;+0200;0;KF_11
HEL;1730;+0300;1915;+0200;0;SK_6537
HEL;1730;+0300;1915;+0200;0;KF_15
HEL;0725;+0300;1020;+0200;0;SK_6575-SK_821
HEL;0955;+0300;1255;+0200;0;BT_340-BT_617
HEL;0955;+0300;1255;+0200;0;BT_302-BT_617
HEL;0640;+0300;0945;+0200;0;SK_6540-SK_2551
HEL;0940;+0300;1245;+0200;0;SK_1715-SK_547
HEL;1625;+0300;1930;+0200;0;SK_705-SK_557
HEL;0800;+0300;1110;+0200;0;SK_6421-SK_1553
HEL;1850;+0300;2215;+0200;0;LH_851-LH_1002
HEL;0905;+0300;1235;+0200;0;LH_853-LH_990
HEL;0655;+0300;1030;+0200;0;LH_2467-LH_2302
HEL;1600;+0300;1935;+0200;0;SK_6542-SK_553
HEL;1305;+0300;1645;+0200;0;LH_2463-LH_2306
HEL;1250;+0300;1645;+0200;0;UA_6920-UA_6889
HEL;1250;+0300;1645;+0200;0;SK_717-SK_1549
HEL;0840;+0300;1245;+0200;0;SK_6545-SK_547
HEL;0700;+0300;1110;+0200;0;SK_707-SK_1553
HEL;0700;+0300;1110;+0200;0;UA_6952-UA_6957
HEL;1005;+0300;1415;+0200;0;LX_4791-LX_728
HEL;1645;+0300;2055;+0200;0;OK_481-OK_4624
HEL;0820;+0300;1235;+0200;0;UA_9047-UA_9553
HEL;1605;+0300;2020;+0200;0;AF_1799-AF_8240
HEL;0830;+0300;1255;+0200;0;BT_302-BT_617
HEL;1450;+0300;1915;+0200;0;OS_346-OS_375
HEL;0925;+0300;1400;+0200;0;AF_1499-AF_1740
HEL;1450;+0300;1930;+0200;0;NH_6172-NH_6175
HEL;1450;+0300;1930;+0200;0;LH_849-LH_998
HEL;1200;+0300;1645;+0200;0;SK_6691-SK_1549
HEL;1300;+0300;1750;+0200;0;LH_847-LH_996
HEL;0905;+0300;1405;+0200;0;UA_9047-UA_9163
HEL;0905;+0300;1415;+0200;0;LH_853-LH_992
HEL;0905;+0300;1415;+0200;0;UA_9047-UA_9163
HEL;1700;+0300;2210;+0200;0;LX_4793-LX_736
HEL;0735;+0300;1255;+0200;0;AF_2299-AF_1640
HEL;1215;+0300;1735;+0200;0;AF_1099-AF_2040
HEL;0720;+0300;1245;+0200;0;SK_713-SK_547
HEL;1305;+0300;1830;+0200;0;LH_2463-LH_2308
HEL;1605;+0300;2140;+0200;0;AF_1799-AF_8242
HEL;0655;+0300;1235;+0200;0;UA_8736-UA_9553
HEL;0655;+0300;1235;+0200;0;LH_855-LH_990
HEL;0820;+0300;1405;+0200;0;UA_9047-UA_9163
FRA;0755;+0200;0900;+0200;0;UA_9147
FRA;0755;+0200;0900;+0200;0;LH_986
FRA;0855;+0200;1000;+0200;0;UA_9161
FRA;0905;+0200;1010;+0200;0;UA_9161
FRA;0905;+0200;1010;+0200;0;LH_988
FRA;1130;+0200;1235;+0200;0;UA_9553
FRA;1130;+0200;1235;+0200;0;LH_990
FRA;1300;+0200;1405;+0200;0;UA_9163
FRA;1310;+0200;1415;+0200;0;LH_992
FRA;1310;+0200;1415;+0200;0;UA_9163
FRA;1645;+0200;1750;+0200;0;LH_996
FRA;1825;+0200;1930;+0200;0;NH_6175
FRA;1825;+0200;1930;+0200;0;LH_998
FRA;2110;+0200;2215;+0200;0;LH_1002
FRA;2110;+0200;2215;+0200;0;AI_8539
FRA;1800;+0200;1910;+0200;0;KL_1772
FRA;1910;+0200;2020;+0200;0;KL_1774
FRA;0710;+0200;0825;+0200;0;KL_1762
FRA;1050;+0200;1205;+0200;0;KL_1766
FRA;1545;+0200;1700;+0200;0;KL_1768
FRA;1340;+0200;1620;+0200;0;LH_14-LH_3336
FRA;1700;+0200;1940;+0200;0;LH_20-LH_3338
FRA;1920;+0200;2220;+0200;0;LH_120-LH_2312
FRA;1335;+0200;1645;+0200;0;LH_110-LH_2306
FRA;1715;+0200;2035;+0200;0;LH_116-LH_2310
FRA;1145;+0200;1510;+0200;0;BA_8733-BA_8453
FRA;1505;+0200;1830;+0200;0;LH_112-LH_2308
FRA;1615;+0200;1940;+0200;0;LH_18-LH_3338
FRA;0725;+0200;1100;+0200;0;AF_1019-AF_8228
FRA;0650;+0200;1030;+0200;0;LH_98-LH_2302
FRA;0905;+0200;1245;+0200;0;LH_104-LH_2304
FRA;1830;+0200;2210;+0200;0;LX_3611-LX_736
FRA;1350;+0200;1735;+0200;0;AF_1619-AF_2040
FRA;1530;+0200;1915;+0200;0;OS_124-OS_375
FRA;1555;+0200;1940;+0200;0;AF_1919-AF_2240
FRA;1025;+0200;1415;+0200;0;LX_1071-LX_728
FRA;1750;+0200;2140;+0200;0;AF_2119-AF_8242
FRA;0925;+0200;1325;+0200;0;KE_7608-KE_7603
FRA;1245;+0200;1645;+0200;0;SK_1638-SK_1549
FRA;1810;+0200;2210;+0200;0;LX_1075-LX_736
FRA;1820;+0200;2220;+0200;0;LH_118-LH_2312
FRA;1410;+0200;1815;+0200;0;AA_6581-AA_6459
FRA;1410;+0200;1815;+0200;0;BA_905-BA_440
FRA;1120;+0200;1530;+0200;0;BA_903-BA_438
FRA;1210;+0200;1620;+0200;0;LH_12-LH_3336
FRA;1250;+0200;1700;+0200;0;OS_7204-OS_373
FRA;1745;+0200;2155;+0200;0;OS_132-OS_377
FRA;0725;+0200;1140;+0200;0;AF_1019-AF_8230
FRA;0725;+0200;1140;+0200;0;AM_6018-AM_6507
FRA;1230;+0200;1645;+0200;0;AC_6075-AC_9910
FRA;1230;+0200;1645;+0200;0;AC_9975-AC_9910
FRA;1230;+0200;1645;+0200;0;SK_1638-SK_1549
FRA;1245;+0200;1700;+0200;0;OS_7204-OS_373
PAR;1910;+0200;2020;+0200;0;KL_1244
PAR;1910;+0200;2020;+0200;0;AF_8240
PAR;2030;+0200;2140;+0200;0;AF_8242
PAR;2030;+0200;2140;+0200;0;KL_1246
PAR;0725;+0200;0840;+0200;0;AF_1240
PAR;0725;+0200;0840;+0200;0;KL_2002
PAR;0800;+0200;0915;+0200;0;KL_2006
PAR;0800;+0200;0915;+0200;0;AF_1340
PAR;0900;+0200;1015;+0200;0;AF_8224
PAR;0900;+0200;1015;+0200;0;KL_1224
PAR;1140;+0200;1255;+0200;0;KL_2008
PAR;1140;+0200;1255;+0200;0;AF_1640
PAR;1245;+0200;1400;+0200;0;KL_2012
PAR;1245;+0200;1400;+0200;0;AF_1740
PAR;1440;+0200;1555;+0200;0;AF_8234
PAR;1440;+0200;1555;+0200;0;KL_1234
PAR;1620;+0200;1735;+0200;0;KL_2016
PAR;1620;+0200;1735;+0200;0;AF_2040
PAR;1825;+0200;1940;+0200;0;AF_2240
PAR;1825;+0200;1940;+0200;0;6X_3867
PAR;1825;+0200;1940;+0200;0;KL_2022
PAR;1020;+0200;1140;+0200;0;AF_8230
PAR;1020;+0200;1140;+0200;0;KL_1230
PAR;0900;+0200;1025;+0200;0;7X_6122
PAR;0935;+0200;1100;+0200;0;AF_8228
PAR;0935;+0200;1100;+0200;0;KL_1228
PAR;1655;+0200;1935;+0200;0;AF_7766-AF_5486
PAR;0920;+0200;1235;+0200;0;LH_1027-LH_990
PAR;1110;+0200;1425;+0200;0;AF_6258-AF_8302
PAR;1235;+0200;1550;+0200;0;AF_5304-AF_3262
PAR;1900;+0200;2215;+0200;0;LH_1043-LH_1002
PAR;1015;+0200;1335;+0200;0;AF_3284-AF_8420
PAR;1040;+0200;1405;+0200;0;UA_9069-UA_9163
PAR;1050;+0200;1415;+0200;0;UA_9069-UA_9163
PAR;1050;+0200;1415;+0200;0;LH_1029-LH_992
PAR;1510;+0200;1835;+0200;0;AF_6262-AF_8340
PAR;1645;+0200;2010;+0200;0;AA_6480-AA_6452
PAR;0630;+0200;1000;+0200;0;UA_9067-UA_9161
PAR;0935;+0200;1305;+0200;0;AF_2364-AF_8426
PAR;1600;+0200;1930;+0200;0;AF_7646-AF_1356
PAR;0625;+0200;1000;+0200;0;UA_9067-UA_9161
PAR;1040;+0200;1415;+0200;0;UA_9069-UA_9163
PAR;1700;+0200;2035;+0200;0;LH_2233-LH_2310
PAR;1835;+0200;2210;+0200;0;LX_657-LX_736
PAR;0630;+0200;1010;+0200;0;UA_9067-UA_9161
PAR;1305;+0200;1645;+0200;0;LH_2231-LH_2306
PAR;1555;+0200;1935;+0200;0;AF_7308-AF_5486
PAR;1600;+0200;1940;+0200;0;LH_3231-LH_3338
PAR;1725;+0200;2105;+0200;0;AF_5024-AF_5197
PAR;1825;+0200;2205;+0200;0;AF_5026-AF_5199
PAR;0625;+0200;1010;+0200;0;LH_1053-LH_988
PAR;0625;+0200;1010;+0200;0;UA_9067-UA_9161
PAR;1615;+0200;2000;+0200;0;AF_7730-AF_5368
PAR;1615;+0200;2000;+0200;0;KL_2312-KL_2034
PAR;0725;+0200;1115;+0200;0;AF_7320-AF_5484
PAR;1400;+0200;1750;+0200;0;LH_1035-LH_996
PAR;1520;+0200;1910;+0200;0;AF_6154-AF_8264
PAR;1030;+0200;1425;+0200;0;AF_7622-AF_8302
PAR;1825;+0200;2220;+0200;0;LH_2235-LH_2312
PAR;0935;+0200;1335;+0200;0;AF_7652-AF_1256
PAR;1530;+0200;1930;+0200;0;LH_1037-LH_998
PAR;0655;+0200;1100;+0200;0;OK_765-OK_4626
PAR;0830;+0200;1235;+0200;0;AZ_7845-AZ_7726
PAR;0840;+0200;1245;+0200;0;LH_2227-LH_2304
PAR;1150;+0200;1555;+0200;0;AF_6118-AF_8262
PAR;1530;+0200;1940;+0200;0;AF_1364-AF_8434
PAR;0715;+0200;1130;+0200;0;AZ_7297-AZ_120
PAR;1450;+0200;1905;+0200;0;LX_639-LX_734
PAR;1755;+0200;2210;+0200;0;BA_323-BA_444
PAR;0740;+0200;1200;+0200;0;AF_1216-AF_8268
PAR;1450;+0200;1910;+0200;0;AF_6126-AF_8264
PAR;0950;+0200;1415;+0200;0;LX_633-LX_728
PAR;1350;+0200;1815;+0200;0;BA_315-BA_440
PAR;1350;+0200;1815;+0200;0;AA_6555-AA_6459
PAR;1410;+0200;1835;+0200;0;AF_6276-AF_8340
PAR;1545;+0200;2010;+0200;0;AA_6230-AA_6452
PAR;0710;+0200;1140;+0200;0;AF_5018-AF_5183
PAR;1745;+0200;2215;+0200;0;LH_1041-LH_1002
PAR;0800;+0200;1235;+0200;0;LH_1051-LH_990
PAR;0800;+0200;1235;+0200;0;UA_9516-UA_9553
PAR;1630;+0200;2105;+0200;0;AF_6222-AF_8444
PAR;0745;+0200;1225;+0200;0;7X_3403-7X_6110
PAR;1000;+0200;1440;+0200;0;AF_6200-AF_8272
PAR;1050;+0200;1530;+0200;0;BA_307-BA_438
PAR;1055;+0200;1535;+0200;0;AA_6433-AA_6398
PAR;1355;+0200;1835;+0200;0;AZ_7817-AZ_112
PAR;1530;+0200;2010;+0200;0;BA_335-BA_442
PAR;1725;+0200;2205;+0200;0;AF_5024-AF_5199
PAR;1500;+0200;1945;+0200;0;AF_6218-AF_8232
MAN;1600;+0100;1815;+0200;0;KL_1088
MAN;1740;+0100;1955;+0200;0;KL_1094
MAN;1110;+0100;1330;+0200;0;KL_1082
MAN;1325;+0100;1545;+0200;0;KL_1084
MAN;0600;+0100;0825;+0200;0;KL_1072
MAN;0905;+0100;1130;+0200;0;KL_1074
MAN;1105;+0100;1530;+0200;0;BA_1391-BA_438
MAN;0930;+0100;1400;+0200;0;AF_1669-AF_1740
MAN;1315;+0100;1750;+0200;0;LH_943-LH_996
MAN;1505;+0100;1940;+0200;0;AF_2269-AF_2240
MAN;0655;+0100;1135;+0200;0;BA_2901-BA_2760
MAN;1530;+0100;2010;+0200;0;BA_1399-BA_442
MAN;1325;+0100;1815;+0200;0;BA_1395-BA_440
MAN;1720;+0100;2210;+0200;0;BA_1403-BA_444
MAN;1445;+0100;1940;+0200;0;LH_3441-LH_3338
MAN;1715;+0100;2220;+0200;0;LH_2503-LH_2312
MAN;1505;+0100;2020;+0200;0;AF_2269-AF_8240
MAN;1345;+0100;1905;+0200;0;LX_395-LX_734
MAN;0710;+0100;1235;+0200;0;UA_9043-UA_9553
MAN;0710;+0100;1235;+0200;0;LH_949-LH_990
MAN;0850;+0100;1415;+0200;0;LH_941-LH_992
MAN;1200;+0100;1725;+0200;0;BA_2907-BA_2762
MAN;1000;+0100;1530;+0200;0;BA_1389-BA_438
MAN;0700;+0100;1235;+0200;0;UA_9043-UA_9553
MAN;0840;+0100;1415;+0200;0;LX_391-LX_728
MAN;1100;+0100;1645;+0200;0;LH_2501-LH_2306
MAN;0655;+0100;1245;+0200;0;LH_2505-LH_2304
MAN;0815;+0100;1410;+0200;0;BA_1387-BA_434
BER;0600;+0200;0720;+0200;0;KL_1818
BER;1020;+0200;1140;+0200;0;KL_1822
BER;1215;+0200;1335;+0200;0;KL_1824
BER;1420;+0200;1540;+0200;0;KL_1826
BER;1725;+0200;1845;+0200;0;KL_1830
BER;1920;+0200;2040;+0200;0;KL_1834
BER;0935;+0200;1235;+0200;0;LH_179-LH_990
BER;1445;+0200;1750;+0200;0;LH_189-LH_996
BER;0935;+0200;1245;+0200;0;SK_1674-SK_547
BER;1105;+0200;1415;+0200;0;LH_183-LH_992
BER;0655;+0200;1010;+0200;0;LH_173-LH_988
BER;1900;+0200;2215;+0200;0;LH_197-LH_1002
BER;1905;+0200;2220;+0200;0;LH_2049-LH_2312
BER;1055;+0200;1415;+0200;0;LH_183-LH_992
BER;1615;+0200;1935;+0200;0;SK_680-SK_553
BER;1605;+0200;1930;+0200;0;LH_191-LH_998
BER;0915;+0200;1245;+0200;0;LH_2031-LH_2304
BER;1705;+0200;2035;+0200;0;LH_2043-LH_2310
BER;1455;+0200;1830;+0200;0;LH_2039-LH_2308
BER;1830;+0200;2210;+0200;0;LX_971-LX_736
BER;1555;+0200;1940;+0200;0;AF_2035-AF_2240
BER;0935;+0200;1325;+0200;0;KE_7612-KE_7603
BER;1255;+0200;1645;+0200;0;LH_2037-LH_2306
BER;1545;+0200;1935;+0200;0;SK_680-SK_553
BER;0635;+0200;1030;+0200;0;LH_2055-LH_2302
BER;0840;+0200;1235;+0200;0;LH_177-LH_990
BER;1020;+0200;1415;+0200;0;LH_181-LH_992
BER;1820;+0200;2215;+0200;0;LH_195-LH_1002
BER;0610;+0200;1010;+0200;0;LH_171-LH_988
BER;0605;+0200;1010;+0200;0;LH_171-LH_988
BER;0955;+0200;1400;+0200;0;AF_1435-AF_1740
BER;1510;+0200;1915;+0200;0;OS_292-OS_375
BER;0835;+0200;1245;+0200;0;LH_2029-LH_2304
BER;1340;+0200;1750;+0200;0;LH_187-LH_996
BER;1450;+0200;1905;+0200;0;LX_967-LX_734
BER;1620;+0200;2035;+0200;0;LH_2041-LH_2310
BER;0905;+0200;1325;+0200;0;KE_7612-KE_7603
BER;0715;+0200;1140;+0200;0;AF_1135-AF_8230
BER;1105;+0200;1530;+0200;0;BA_991-BA_438
BER;1555;+0200;2020;+0200;0;AF_2035-AF_8240
BER;0710;+0200;1140;+0200;0;AF_1135-AF_8230
BER;1105;+0200;1535;+0200;0;AA_6393-AA_6398
BER;0755;+0200;1235;+0200;0;LH_175-LH_990
BER;0935;+0200;1415;+0200;0;LH_179-LH_992
BER;1740;+0200;2220;+0200;0;LH_2047-LH_2312
BER;0930;+0200;1415;+0200;0;LX_975-LX_728
BER;1250;+0200;1735;+0200;0;AF_1735-AF_2040
BER;1445;+0200;1930;+0200;0;LH_189-LH_998
BER;1730;+0200;2215;+0200;0;LH_193-LH_1002
BER;0800;+0200;1255;+0200;0;BT_212-BT_617
BER;0735;+0200;1245;+0200;0;LH_2057-LH_2304
BER;1705;+0200;2220;+0200;0;LH_2043-LH_2312
ZRH;0720;+0200;0855;+0200;0;LX_724
ZRH;0925;+0200;1100;+0200;0;KL_1954
ZRH;1155;+0200;1330;+0200;0;KL_1958
ZRH;1240;+0200;1415;+0200;0;LX_728
ZRH;1730;+0200;1905;+0200;0;LX_734
ZRH;1925;+0200;2100;+0200;0;KL_1964
ZRH;2035;+0200;2210;+0200;0;LX_736
ZRH;0655;+0200;0835;+0200;0;KL_1952
ZRH;1415;+0200;1600;+0200;0;KL_1960
ZRH;1730;+0200;1915;+0200;0;KL_1962
ZRH;0705;+0200;1010;+0200;0;LH_5771-LH_988
ZRH;1625;+0200;1930;+0200;0;LH_5777-LH_998
ZRH;1730;+0200;2035;+0200;0;LH_2371-LH_2310
ZRH;1905;+0200;2215;+0200;0;LH_5779-LH_1002
ZRH;1330;+0200;1645;+0200;0;LH_2369-LH_2306
ZRH;0710;+0200;1030;+0200;0;LH_5783-LH_2302
ZRH;0915;+0200;1235;+0200;0;UA_8877-UA_9553
ZRH;0910;+0200;1235;+0200;0;UA_8877-UA_9553
ZRH;0910;+0200;1235;+0200;0;LH_1185-LH_990
ZRH;0910;+0200;1245;+0200;0;LH_2367-LH_2304
ZRH;1235;+0200;1620;+0200;0;LH_5847-LH_3336
ZRH;1635;+0200;2020;+0200;0;AF_5105-AF_8240
ZRH;1750;+0200;2140;+0200;0;AF_5107-AF_8242
ZRH;1010;+0200;1405;+0200;0;UA_9051-UA_9163
ZRH;0735;+0200;1140;+0200;0;AF_5111-AF_8230
ZRH;1010;+0200;1415;+0200;0;UA_9051-UA_9163
ZRH;1010;+0200;1415;+0200;0;LH_1187-LH_992
ZRH;1330;+0200;1735;+0200;0;AF_5103-AF_2040
ZRH;1810;+0200;2215;+0200;0;LH_1197-LH_1002
ZRH;0950;+0200;1400;+0200;0;AF_5101-AF_1740
ZRH;1250;+0200;1700;+0200;0;OS_8804-OS_373
ZRH;1340;+0200;1750;+0200;0;LH_1191-LH_996
ZRH;1520;+0200;1930;+0200;0;LH_1193-LH_998
ZRH;1700;+0200;2110;+0200;0;BA_8766-BA_8457
ZRH;1745;+0200;2155;+0200;0;OS_564-OS_377
ZRH;0815;+0200;1235;+0200;0;LH_5773-LH_990
ZRH;0815;+0200;1235;+0200;0;UA_8822-UA_9553
ZRH;1220;+0200;1645;+0200;0;SK_3504-SK_1549
ZRH;1215;+0200;1645;+0200;0;LH_5785-LH_2306
ZRH;1530;+0200;2010;+0200;0;BA_715-BA_442
ZRH;1530;+0200;2010;+0200;0;AA_6677-AA_6452
ZRH;0750;+0200;1235;+0200;0;LH_1183-LH_990
ZRH;1330;+0200;1815;+0200;0;BA_713-BA_440
ZRH;1455;+0200;1940;+0200;0;LH_3145-LH_3338
ZRH;1710;+0200;2155;+0200;0;OS_8806-OS_377
ZRH;0915;+0200;1405;+0200;0;UA_8877-UA_9163
ZRH;1040;+0200;1530;+0200;0;BA_711-BA_438
ZRH;1715;+0200;2205;+0200;0;LO_5416-LO_269
ZRH;1730;+0200;2220;+0200;0;LH_2371-LH_2312
ZRH;0910;+0200;1405;+0200;0;UA_8877-UA_9163
ZRH;1320;+0200;1815;+0200;0;AA_6485-AA_6459
ZRH;1700;+0200;2155;+0200;0;OS_8806-OS_377
ZRH;0915;+0200;1415;+0200;0;UA_8877-UA_9163
ZRH;1330;+0200;1830;+0200;0;LH_2369-LH_2308
ZRH;1535;+0200;2035;+0200;0;LH_5787-LH_2310
ZRH;1710;+0200;2210;+0200;0;BA_717-BA_444
LIS;0715;+0100;1110;+0200;0;KL_1692
LIS;0755;+0100;1150;+0200;0;TP_664
LIS;1310;+0100;1705;+0200;0;UA_9604
LIS;1425;+0100;1820;+0200;0;TP_662
LIS;1535;+0100;1930;+0200;0;KL_1694
LIS;1945;+0100;2340;+0200;0;TP_668
LIS;0600;+0100;1140;+0200;0;AF_2325-AF_8230
LIS;0820;+0100;1400;+0200;0;AF_2325-AF_1740
LIS;1235;+0100;1820;+0200;0;IB_3109-IB_3250
LIS;1535;+0100;2140;+0200;0;AF_1625-AF_8242
LIS;0830;+0100;1440;+0200;0;IB_3107-IB_3246
LIS;0800;+0100;1415;+0200;0;LX_4581-LX_728
LIS;1115;+0100;1735;+0200;0;AF_1025-AF_2040
LIS;1415;+0100;2035;+0200;0;LH_1791-LH_2310
LIS;0615;+0100;1245;+0200;0;LH_1793-LH_2304
LIS;0800;+0100;1430;+0200;0;AZ_7771-AZ_7740
LIS;1335;+0100;2010;+0200;0;BA_507-BA_442
LIS;1215;+0100;1905;+0200;0;LX_2085-LX_734
LIS;0600;+0100;1255;+0200;0;AF_2325-AF_1640
LIS;1545;+0100;2250;+0200;0;UX_1156-UX_3765
LIS;0655;+0100;1405;+0200;0;UA_8862-UA_9163
LIS;1545;+0100;2255;+0200;0;UX_1156-UX_3765
LIS;0650;+0100;1405;+0200;0;UA_8862-UA_9163
LIS;0800;+0100;1515;+0200;0;AZ_7753-AZ_7720
LIS;0815;+0100;1530;+0200;0;BA_499-BA_438
LIS;1100;+0100;1815;+0200;0;AA_6575-AA_6459
LIS;1100;+0100;1815;+0200;0;BA_501-BA_440
LIS;0655;+0100;1415;+0200;0;UA_8862-UA_9163
LIS;0655;+0100;1415;+0200;0;LH_1173-LH_992
LIS;0815;+0100;1535;+0200;0;AA_6402-AA_6398
LIS;1450;+0100;2210;+0200;0;LX_4583-LX_736
LIS;0650;+0100;1415;+0200;0;UA_8862-UA_9163
LIS;1205;+0100;1930;+0200;0;LH_1167-LH_998
LIS;1315;+0100;2040;+0200;0;TP_1960-TP_652
LIS;0820;+0100;1555;+0200;0;AF_2325-AF_8234
LIS;0655;+0100;1440;+0200;0;IB_3119-IB_3246
LIS;0755;+0100;1540;+0200;0;UX_1154-UX_3763
LIS;0755;+0100;1540;+0200;0;AM_6946-AM_6503
LIS;1420;+0100;2215;+0200;0;LH_6953-LH_1002
LIS;0600;+0100;1400;+0200;0;AF_2325-AF_1740
LIS;0740;+0100;1540;+0200;0;AM_6946-AM_6503
LIS;0720;+0100;1525;+0200;0;AZ_7761-AZ_7714
LIS;0930;+0100;1735;+0200;0;AZ_7765-AZ_132
LIS;1415;+0100;2220;+0200;0;LH_1791-LH_2312
LIS;1420;+0100;2235;+0200;0;AZ_7767-AZ_7716
LIS;1000;+0100;1820;+0200;0;IB_3111-IB_3250
LIS;1115;+0100;1940;+0200;0;AF_1025-AF_2240
LIS;1330;+0100;2155;+0200;0;OS_8154-OS_377
LIS;1335;+0100;2210;+0200;0;BA_507-BA_444
LIS;0800;+0100;1645;+0200;0;LH_6951-LH_2306
HAM;0700;+0200;0800;+0200;0;LH_3334
HAM;1520;+0200;1620;+0200;0;LH_3336
HAM;1840;+0200;1940;+0200;0;LH_3338
HAM;0610;+0200;0715;+0200;0;KL_1776
HAM;1205;+0200;1310;+0200;0;KL_1780
HAM;1440;+0200;1545;+0200;0;KL_1782
HAM;1825;+0200;1930;+0200;0;KL_1784
HAM;0850;+0200;1000;+0200;0;KL_1778
HAM;0950;+0200;1245;+0200;0;SK_646-SK_547
HAM;1110;+0200;1415;+0200;0;LH_13-LH_992
HAM;0635;+0200;0945;+0200;0;SK_648-SK_2551
HAM;0925;+0200;1235;+0200;0;LH_9-LH_990
HAM;1335;+0200;1645;+0200;0;SK_1648-SK_1549
HAM;0645;+0200;1010;+0200;0;LH_31-LH_988
HAM;1850;+0200;2215;+0200;0;LH_25-LH_1002
HAM;0915;+0200;1245;+0200;0;LH_2061-LH_2304
HAM;1500;+0200;1830;+0200;0;LH_2071-LH_2308
HAM;1840;+0200;2220;+0200;0;LH_2085-LH_2312
HAM;1825;+0200;2210;+0200;0;LX_3649-LX_736
HAM;0640;+0200;1030;+0200;0;LH_2087-LH_2302
HAM;0710;+0200;1100;+0200;0;AF_2511-AF_8228
HAM;1010;+0200;1400;+0200;0;AF_1411-AF_1740
HAM;1400;+0200;1750;+0200;0;LH_17-LH_996
HAM;0840;+0200;1235;+0200;0;LH_7-LH_990
HAM;1410;+0200;1805;+0200;0;SK_3660-SK_827
HAM;1540;+0200;1935;+0200;0;SK_650-SK_553
HAM;1745;+0200;2140;+0200;0;AF_2311-AF_8242
HAM;1415;+0200;1815;+0200;0;BA_969-BA_440
HAM;1415;+0200;1815;+0200;0;AA_6352-AA_6459
HAM;0605;+0200;1010;+0200;0;LH_1-LH_988
HAM;0705;+0200;1110;+0200;0;SK_3666-SK_1553
HAM;0735;+0200;1140;+0200;0;AF_2511-AF_8230
HAM;1010;+0200;1415;+0200;0;LH_11-LH_992
HAM;1630;+0200;2035;+0200;0;LH_2073-LH_2310
HAM;1750;+0200;2155;+0200;0;OS_7256-OS_377
HAM;1810;+0200;2215;+0200;0;LH_23-LH_1002
HAM;0835;+0200;1245;+0200;0;LH_2059-LH_2304
HAM;1235;+0200;1645;+0200;0;LH_2067-LH_2306
HAM;1520;+0200;1930;+0200;0;LH_19-LH_998
HAM;1115;+0200;1530;+0200;0;BA_965-BA_438
HAM;1115;+0200;1535;+0200;0;AA_6405-AA_6398
HAM;1445;+0200;1905;+0200;0;LX_1057-LX_734
HAM;1735;+0200;2155;+0200;0;OS_7256-OS_377
HAM;0900;+0200;1325;+0200;0;KE_7616-KE_7603
HAM;0710;+0200;1140;+0200;0;AF_2511-AF_8230
HAM;0805;+0200;1235;+0200;0;LH_5-LH_990
HAM;0945;+0200;1415;+0200;0;LX_1051-LX_728
HAM;1300;+0200;1735;+0200;0;AF_1711-AF_2040
HAM;1350;+0200;1830;+0200;0;SK_3638-SK_1555
HAM;0925;+0200;1415;+0200;0;LH_9-LH_992
HAM;1730;+0200;2220;+0200;0;LH_2075-LH_2312
HAM;0800;+0200;1255;+0200;0;BT_252-BT_617
HAM;0735;+0200;1235;+0200;0;LH_3-LH_990
HAM;1330;+0200;1830;+0200;0;LH_2069-LH_2308
HAM;0730;+0200;1245;+0200;0;LH_2083-LH_2304
HAM;1700;+0200;2215;+0200;0;LH_21-LH_1002
LYS;1200;+0200;1335;+0200;0;AF_1256
LYS;1200;+0200;1335;+0200;0;KL_2030
LYS;0655;+0200;0840;+0200;0;AF_1156
LYS;0655;+0200;0840;+0200;0;KL_2024
LYS;1745;+0200;1930;+0200;0;AF_1356
LYS;1745;+0200;1930;+0200;0;KL_2028
LYS;0830;+0200;1115;+0200;0;AF_5784-AF_5484
LYS;1045;+0200;1400;+0200;0;AF_7641-AF_1740
LYS;1700;+0200;2020;+0200;0;AF_7645-AF_8240
LYS;1845;+0200;2210;+0200;0;LX_537-LX_736
LYS;0730;+0200;1100;+0200;0;AF_7651-AF_8228
LYS;0925;+0200;1255;+0200;0;AF_7653-AF_1640
LYS;1845;+0200;2215;+0200;0;LH_1079-LH_1002
LYS;1040;+0200;1415;+0200;0;LX_531-LX_728
LYS;1025;+0200;1405;+0200;0;UA_8891-UA_9163
LYS;0900;+0200;1245;+0200;0;LH_2247-LH_2304
LYS;1020;+0200;1405;+0200;0;UA_8891-UA_9163
LYS;1350;+0200;1735;+0200;0;AF_7643-AF_2040
LYS;1550;+0200;1935;+0200;0;AF_5780-AF_5486
LYS;0610;+0200;1000;+0200;0;UA_8881-UA_9161
LYS;0640;+0200;1030;+0200;0;LH_2255-LH_2302
LYS;1025;+0200;1415;+0200;0;LH_1075-LH_992
LYS;1025;+0200;1415;+0200;0;UA_8891-UA_9163
LYS;1255;+0200;1645;+0200;0;LH_2249-LH_2306
LYS;1445;+0200;1835;+0200;0;AF_7812-AF_8340
LYS;1020;+0200;1415;+0200;0;UA_8891-UA_9163
LYS;1515;+0200;1910;+0200;0;AF_7850-AF_8264
LYS;0600;+0200;1000;+0200;0;UA_8881-UA_9161
LYS;0610;+0200;1010;+0200;0;UA_8881-UA_9161
LYS;0600;+0200;1010;+0200;0;UA_8881-UA_9161
LYS;0600;+0200;1010;+0200;0;LH_1083-LH_988
LYS;0730;+0200;1140;+0200;0;AF_7651-AF_8230
LYS;1535;+0200;1945;+0200;0;AF_7839-AF_8232
LYS;1540;+0200;1950;+0200;0;AZ_7831-AZ_7722
LYS;1450;+0200;1905;+0200;0;LX_533-LX_734
LYS;0925;+0200;1400;+0200;0;AF_7653-AF_1740
LYS;1455;+0200;1930;+0200;0;LH_1077-LH_998
LYS;1455;+0200;1930;+0200;0;NH_6130-NH_6175
LYS;1700;+0200;2140;+0200;0;AF_7645-AF_8242
LYS;1515;+0200;2000;+0200;0;AF_5863-AF_5368
LYS;0640;+0200;1135;+0200;0;AF_5859-AF_5366
LYS;0835;+0200;1335;+0200;0;AF_5412-AF_8420
LYS;0840;+0200;1340;+0200;0;AF_7830-AF_8442
LYS;1715;+0200;2220;+0200;0;LH_2251-LH_2312
LYS;0830;+0200;1340;+0200;0;AF_7833-AF_8442
LYS;1045;+0200;1555;+0200;0;AF_7641-AF_8234
LYS;0730;+0200;1255;+0200;0;AF_7651-AF_1640
LYS;1535;+0200;2105;+0200;0;AF_7839-AF_8444
LYS;0900;+0200;1435;+0200;0;AZ_7851-AZ_7734
LYS;1255;+0200;1830;+0200;0;LH_2249-LH_2308
LYS;0845;+0200;1425;+0200;0;AF_7802-AF_8302
LYS;0850;+0200;1430;+0200;0;AZ_7358-AZ_7740
LYS;0815;+0200;1405;+0200;0;AA_6717-AA_6504
LYS;1350;+0200;1940;+0200;0;AF_7643-AF_2240
LYS;0815;+0200;1410;+0200;0;BA_365-BA_434
LYS;0840;+0200;1440;+0200;0;AF_7830-AF_8272
LYS;1215;+0200;1815;+0200;0;AA_6715-AA_6459
LYS;1215;+0200;1815;+0200;0;BA_361-BA_440
GVA;1925;+0200;2100;+0200;0;KL_1934
GVA;0715;+0200;0855;+0200;0;KL_1924
GVA;0910;+0200;1050;+0200;0;KL_1926
GVA;1155;+0200;1335;+0200;0;KL_1928
GVA;1410;+0200;1550;+0200;0;KL_1930
GVA;1705;+0200;1845;+0200;0;KL_1932
GVA;0600;+0200;0855;+0200;0;LX_2801-LX_724
GVA;1105;+0200;1415;+0200;0;LX_2809-LX_728
GVA;1830;+0200;2140;+0200;0;AF_2443-AF_8242
GVA;1900;+0200;2210;+0200;0;LX_2815-LX_736
GVA;0915;+0200;1235;+0200;0;LH_1213-LH_990
GVA;1700;+0200;2020;+0200;0;AF_2343-AF_8240
GVA;0730;+0200;1100;+0200;0;AF_1243-AF_8228
GVA;1030;+0200;1400;+0200;0;AF_1643-AF_1740
GVA;1400;+0200;1735;+0200;0;AF_2043-AF_2040
GVA;1700;+0200;2035;+0200;0;LH_2385-LH_2310
GVA;1835;+0200;2215;+0200;0;LH_1223-LH_1002
GVA;0645;+0200;1030;+0200;0;LH_2391-LH_2302
GVA;0900;+0200;1245;+0200;0;LH_2381-LH_2304
GVA;1020;+0200;1410;+0200;0;BA_725-BA_434
GVA;1205;+0200;1555;+0200;0;AF_1843-AF_8234
GVA;1255;+0200;1645;+0200;0;LH_2383-LH_2306
GVA;0900;+0200;1255;+0200;0;AF_1543-AF_1640
GVA;1200;+0200;1555;+0200;0;AF_1843-AF_8234
GVA;1815;+0200;2210;+0200;0;LX_2817-LX_736
GVA;1505;+0200;1905;+0200;0;LX_2813-LX_734
GVA;1010;+0200;1415;+0200;0;LX_2807-LX_728
GVA;0730;+0200;1140;+0200;0;AF_1243-AF_8230
GVA;1340;+0200;1750;+0200;0;LH_1217-LH_996
GVA;1745;+0200;2155;+0200;0;OS_582-OS_377
GVA;1140;+0200;1555;+0200;0;AF_4359-AF_8262
GVA;1525;+0200;1940;+0200;0;AF_2143-AF_2240
GVA;1510;+0200;1930;+0200;0;LH_1219-LH_998
GVA;1350;+0200;1815;+0200;0;AA_6339-AA_6459
GVA;1350;+0200;1815;+0200;0;BA_729-BA_440
GVA;1750;+0200;2215;+0200;0;LH_1221-LH_1002
GVA;1700;+0200;2140;+0200;0;AF_2343-AF_8242
GVA;1725;+0200;2210;+0200;0;BA_733-BA_444
GVA;0915;+0200;1405;+0200;0;UA_8875-UA_9163
GVA;1520;+0200;2010;+0200;0;AA_6341-AA_6452
GVA;0910;+0200;1405;+0200;0;UA_8875-UA_9163
GVA;1515;+0200;2010;+0200;0;AA_6341-AA_6452
GVA;1515;+0200;2010;+0200;0;BA_731-BA_442
GVA;1525;+0200;2020;+0200;0;AF_2143-AF_8240
GVA;0900;+0200;1400;+0200;0;AF_1543-AF_1740
GVA;0915;+0200;1415;+0200;0;LH_1213-LH_992
GVA;0915;+0200;1415;+0200;0;UA_8875-UA_9163
GVA;0910;+0200;1415;+0200;0;UA_8875-UA_9163
GVA;1140;+0200;1645;+0200;0;SK_1610-SK_1549
GVA;1400;+0200;1905;+0200;0;LX_2811-LX_734
GVA;1020;+0200;1530;+0200;0;BA_725-BA_438
GVA;1130;+0200;1645;+0200;0;UA_6918-UA_6889
GVA;1130;+0200;1645;+0200;0;SK_1610-SK_1549
GVA;1015;+0200;1535;+0200;0;AA_6335-AA_6398
GVA;1700;+0200;2220;+0200;0;LH_2385-LH_2312
GVA;0730;+0200;1255;+0200;0;AF_1243-AF_1640
GVA;1030;+0200;1555;+0200;0;AF_1643-AF_8234
GVA;0705;+0200;1235;+0200;0;LH_1229-LH_990
GVA;0705;+0200;1235;+0200;0;UA_9035-UA_9553
GVA;1135;+0200;1705;+0200;0;UX_1642-UX_1093
GVA;1205;+0200;1735;+0200;0;AF_1843-AF_2040
PRG;1415;+0200;1545;+0200;0;OK_622
PRG;1415;+0200;1545;+0200;0;KL_3124
PRG;0925;+0200;1100;+0200;0;KL_1352
PRG;0925;+0200;1100;+0200;0;OK_4626
PRG;1400;+0200;1535;+0200;0;KL_1356
PRG;1400;+0200;1535;+0200;0;OK_4628
PRG;1705;+0200;1840;+0200;0;KL_3122
PRG;1705;+0200;1840;+0200;0;OK_618
PRG;1715;+0200;1850;+0200;0;KL_3122
PRG;1920;+0200;2055;+0200;0;KL_1358
PRG;1920;+0200;2055;+0200;0;OK_4624
PRG;0700;+0200;0840;+0200;0;KL_3120
PRG;0700;+0200;0840;+0200;0;OK_616
PRG;0600;+0200;0900;+0200;0;LH_1403-LH_986
PRG;1720;+0200;2035;+0200;0;LH_1693-LH_2310
PRG;1840;+0200;2155;+0200;0;OS_710-OS_377
PRG;0710;+0200;1030;+0200;0;LH_1697-LH_2302
PRG;0925;+0200;1245;+0200;0;LH_1689-LH_2304
PRG;0915;+0200;1245;+0200;0;LH_1689-LH_2304
PRG;1015;+0200;1400;+0200;0;AF_1383-AF_1740
PRG;1005;+0200;1400;+0200;0;AF_1383-AF_1740
PRG;1250;+0200;1645;+0200;0;LH_1691-LH_2306
PRG;1745;+0200;2140;+0200;0;AF_1783-AF_8242
PRG;1820;+0200;2215;+0200;0;LH_1399-LH_1002
PRG;0600;+0200;1000;+0200;0;UA_8734-UA_9161
PRG;1540;+0200;1940;+0200;0;AF_1983-AF_2240
PRG;1010;+0200;1415;+0200;0;LX_1485-LX_728
PRG;1345;+0200;1750;+0200;0;LH_1397-LH_996
PRG;1510;+0200;1915;+0200;0;OS_708-OS_375
PRG;1535;+0200;1940;+0200;0;AF_1983-AF_2240
PRG;0600;+0200;1010;+0200;0;UA_8734-UA_9161
PRG;0600;+0200;1010;+0200;0;LH_1403-LH_988
PRG;0955;+0200;1405;+0200;0;UA_9061-UA_9163
PRG;0725;+0200;1140;+0200;0;AF_1083-AF_8230
PRG;1450;+0200;1905;+0200;0;LX_1487-LX_734
PRG;0955;+0200;1415;+0200;0;LH_1393-LH_992
PRG;0955;+0200;1415;+0200;0;UA_9061-UA_9163
PRG;0715;+0200;1140;+0200;0;AM_7000-AM_6507
PRG;1430;+0200;1855;+0200;0;LO_528-LO_267
PRG;1715;+0200;2140;+0200;0;AF_1987-AF_8242
PRG;1540;+0200;2020;+0200;0;AF_1983-AF_8240
PRG;1535;+0200;2020;+0200;0;AF_1983-AF_8240
PRG;0720;+0200;1215;+0200;0;VN_3033-VN_3151
PRG;1720;+0200;2220;+0200;0;LH_1693-LH_2312
PRG;1235;+0200;1750;+0200;0;LH_1395-LH_996
PRG;0725;+0200;1255;+0200;0;AF_1083-AF_1640
PRG;0710;+0200;1245;+0200;0;LH_1697-LH_2304
PRG;1125;+0200;1700;+0200;0;OS_706-OS_373
PRG;0825;+0200;1405;+0200;0;AA_6632-AA_6504
PRG;1015;+0200;1555;+0200;0;AF_1383-AF_8234
PRG;1250;+0200;1830;+0200;0;LH_1691-LH_2308
PRG;1330;+0200;1910;+0200;0;AF_4347-AF_8264
PRG;1345;+0200;1930;+0200;0;LH_1397-LH_998
NCE;0625;+0200;0830;+0200;0;KL_1260
NCE;0625;+0200;0830;+0200;0;AF_8270
NCE;1900;+0200;2105;+0200;0;AF_8444
NCE;1130;+0200;1340;+0200;0;KL_1262
NCE;1130;+0200;1340;+0200;0;AF_8442
NCE;1230;+0200;1440;+0200;0;KL_1264
NCE;1230;+0200;1440;+0200;0;AF_8272
NCE;1730;+0200;1945;+0200;0;AF_8232
NCE;1730;+0200;1945;+0200;0;KL_1268
NCE;1845;+0200;2210;+0200;0;LX_561-LX_736
NCE;1850;+0200;2215;+0200;0;LH_1065-LH_1002
NCE;1040;+0200;1415;+0200;0;LX_563-LX_728
NCE;1245;+0200;1620;+0200;0;LH_3275-LH_3336
NCE;0755;+0200;1140;+0200;0;AF_7711-AF_8230
NCE;0625;+0200;1015;+0200;0;AF_7713-AF_8224
NCE;0640;+0200;1030;+0200;0;LH_2279-LH_2302
NCE;0710;+0200;1100;+0200;0;AF_7711-AF_8228
NCE;1250;+0200;1645;+0200;0;LH_2273-LH_2306
NCE;1340;+0200;1735;+0200;0;BA_8476-BA_8455
NCE;0840;+0200;1245;+0200;0;LH_2271-LH_2304
NCE;1330;+0200;1735;+0200;0;AF_7703-AF_2040
NCE;1615;+0200;2020;+0200;0;AF_7715-AF_8240
NCE;0600;+0200;1015;+0200;0;AF_7713-AF_8224
NCE;1515;+0200;1930;+0200;0;LH_1061-LH_998
NCE;1515;+0200;1930;+0200;0;NH_6134-NH_6175
NCE;1445;+0200;1905;+0200;0;LX_569-LX_734
NCE;0710;+0200;1140;+0200;0;AF_7711-AF_8230
NCE;1120;+0200;1550;+0200;0;AF_3257-AF_3262
NCE;1405;+0200;1835;+0200;0;AF_7877-AF_8340
NCE;0625;+0200;1100;+0200;0;AF_7713-AF_8228
NCE;1210;+0200;1645;+0200;0;SK_2796-SK_1549
NCE;0655;+0200;1135;+0200;0;AF_7888-AF_5366
NCE;1530;+0200;2010;+0200;0;BA_345-BA_442
NCE;1330;+0200;1815;+0200;0;BA_347-BA_440
NCE;1330;+0200;1815;+0200;0;AA_6735-AA_6459
NCE;1525;+0200;2010;+0200;0;AA_6591-AA_6452
NCE;0730;+0200;1225;+0200;0;7X_9914-7X_6110
NCE;0730;+0200;1225;+0200;0;7X_9911-7X_6110
NCE;0730;+0200;1225;+0200;0;7X_9906-7X_6110
NCE;0730;+0200;1225;+0200;0;7X_9904-7X_6110
NCE;0730;+0200;1225;+0200;0;7X_9912-7X_6110
NCE;0730;+0200;1225;+0200;0;7X_9910-7X_6110
NCE;0730;+0200;1225;+0200;0;7X_9917-7X_6110
NCE;0730;+0200;1225;+0200;0;7X_9907-7X_6110
NCE;0730;+0200;1225;+0200;0;7X_9901-7X_6110
NCE;0730;+0200;1225;+0200;0;7X_9909-7X_6110
NCE;0730;+0200;1225;+0200;0;7X_9908-7X_6110
NCE;0730;+0200;1225;+0200;0;7X_9905-7X_6110
NCE;0730;+0200;1225;+0200;0;7X_9916-7X_6110
NCE;0730;+0200;1225;+0200;0;7X_9902-7X_6110
NCE;0730;+0200;1225;+0200;0;7X_9915-7X_6110
NCE;0730;+0200;1225;+0200;0;7X_9903-7X_6110
NCE;0730;+0200;1225;+0200;0;7X_9900-7X_6110
NCE;0730;+0200;1225;+0200;0;7X_9913-7X_6110
NCE;0600;+0200;1100;+0200;0;AF_7713-AF_8228
NCE;0755;+0200;1255;+0200;0;AF_7711-AF_1640
NCE;1110;+0200;1610;+0200;0;AZ_343-AZ_110
NCE;1715;+0200;2220;+0200;0;LH_2275-LH_2312
NCE;0625;+0200;1140;+0200;0;AF_7713-AF_8230
NCE;1035;+0200;1555;+0200;0;AF_7701-AF_8234
NCE;1240;+0200;1805;+0200;0;SK_4704-SK_827
NCE;1615;+0200;2140;+0200;0;AF_7715-AF_8242
NCE;1340;+0200;1915;+0200;0;BA_8476-BA_8459
NCE;1605;+0200;2140;+0200;0;AF_6221-AF_8242
NCE;0600;+0200;1140;+0200;0;AF_7713-AF_8230
NCE;1250;+0200;1830;+0200;0;LH_2273-LH_2308
NCE;1350;+0200;1930;+0200;0;AF_7836-AF_1356
NCE;1350;+0200;1930;+0200;0;AF_7837-AF_1356
NCE;0650;+0200;1235;+0200;0;LH_1069-LH_990
NCE;0650;+0200;1235;+0200;0;UA_9055-UA_9553
NCE;0710;+0200;1255;+0200;0;AF_7711-AF_1640
NCE;1435;+0200;2020;+0200;0;AF_6245-AF_8240
NCE;0705;+0200;1255;+0200;0;AF_6201-AF_1640
NCE;1005;+0200;1555;+0200;0;AF_6207-AF_8234
NCE;0640;+0200;1235;+0200;0;UA_9055-UA_9553
NCE;0805;+0200;1400;+0200;0;AF_6203-AF_1740
NCE;1340;+0200;1935;+0200;0;SK_794-SK_553
NCE;1135;+0200;1735;+0200;0;AF_6211-AF_2040
NCE;0640;+0200;1245;+0200;0;LH_2279-LH_2304
NCE;0755;+0200;1400;+0200;0;AF_7711-AF_1740
NCE;1215;+0200;1820;+0200;0;IB_8751-IB_3250
NCE;1335;+0200;1940;+0200;0;AF_6223-AF_2240
NCE;1535;+0200;2140;+0200;0;AF_6235-AF_8242
NCE;1210;+0200;1820;+0200;0;IB_8751-IB_3250
NCE;1330;+0200;1940;+0200;0;AF_7703-AF_2240
NCE;1405;+0200;2020;+0200;0;AF_6217-AF_8240
NCE;1155;+0200;1815;+0200;0;AA_6392-AA_6459
NCE;1110;+0200;1735;+0200;0;AZ_343-AZ_132
NCE;1150;+0200;1815;+0200;0;AA_6392-AA_6459
NCE;1150;+0200;1815;+0200;0;BA_343-BA_440
NCE;0625;+0200;1255;+0200;0;AF_7713-AF_1640
NCE;1340;+0200;2010;+0200;0;BA_8476-BA_442
VCE;0645;+0200;0845;+0200;0;KL_1650
VCE;0645;+0200;0845;+0200;0;AZ_7732
VCE;1235;+0200;1435;+0200;0;AZ_7734
VCE;1235;+0200;1435;+0200;0;KL_1654
VCE;1730;+0200;1930;+0200;0;KL_1656
VCE;1730;+0200;1930;+0200;0;AZ_7736
VCE;0650;+0200;1010;+0200;0;LH_333-LH_988
VCE;1710;+0200;2035;+0200;0;LH_1911-LH_2310
VCE;1030;+0200;1405;+0200;0;UA_9058-UA_9163
VCE;1415;+0200;1750;+0200;0;LH_327-LH_996
VCE;0650;+0200;1030;+0200;0;LH_1915-LH_2302
VCE;1030;+0200;1415;+0200;0;UA_9058-UA_9163
VCE;1830;+0200;2215;+0200;0;LH_329-LH_1002
VCE;1015;+0200;1405;+0200;0;UA_9058-UA_9163
VCE;1255;+0200;1645;+0200;0;LH_1909-LH_2306
VCE;1005;+0200;1400;+0200;0;AF_1127-AF_1740
VCE;0700;+0200;1100;+0200;0;AF_2527-AF_8228
VCE;1000;+0200;1400;+0200;0;AF_1127-AF_1740
VCE;1015;+0200;1415;+0200;0;LH_325-LH_992
VCE;1015;+0200;1415;+0200;0;UA_9058-UA_9163
VCE;0840;+0200;1245;+0200;0;LH_1907-LH_2304
VCE;1440;+0200;1905;+0200;0;LX_1663-LX_734
VCE;0710;+0200;1140;+0200;0;AF_2527-AF_8230
VCE;1510;+0200;1940;+0200;0;AF_1727-AF_2240
VCE;0940;+0200;1415;+0200;0;LX_1661-LX_728
VCE;1340;+0200;1815;+0200;0;AA_6318-AA_6459
VCE;1800;+0200;2235;+0200;0;AZ_1480-AZ_7716
VCE;1800;+0200;2235;+0200;0;KL_3602-KL_1608
VCE;0700;+0200;1140;+0200;0;AF_2527-AF_8230
VCE;1335;+0200;1815;+0200;0;BA_579-BA_440
VCE;1500;+0200;1955;+0200;0;AZ_1462-AZ_7728
VCE;1500;+0200;1955;+0200;0;KL_3592-KL_1604
VCE;0630;+0200;1130;+0200;0;KL_3450-KL_3400
VCE;0630;+0200;1130;+0200;0;AZ_1460-AZ_108
VCE;1110;+0200;1610;+0200;0;KL_3606-KL_3402
VCE;1110;+0200;1610;+0200;0;AZ_1472-AZ_110
VCE;0800;+0200;1305;+0200;0;KL_3598-KL_1598
VCE;0800;+0200;1305;+0200;0;AZ_1464-AZ_7712
VCE;1020;+0200;1525;+0200;0;KL_2770-KL_1602
VCE;1020;+0200;1525;+0200;0;AZ_1466-AZ_7714
VCE;1510;+0200;2020;+0200;0;AF_1727-AF_8240
VCE;1710;+0200;2220;+0200;0;LH_1911-LH_2312
VCE;1220;+0200;1735;+0200;0;AF_1427-AF_2040
VCE;1415;+0200;1930;+0200;0;LH_327-LH_998
VCE;1415;+0200;1930;+0200;0;NH_6200-NH_6175
VCE;1255;+0200;1830;+0200;0;LH_1909-LH_2308
VCE;0655;+0200;1235;+0200;0;UA_9079-UA_9553
VCE;0725;+0200;1305;+0200;0;KL_3604-KL_1598
VCE;0725;+0200;1305;+0200;0;AZ_1468-AZ_7712
VCE;0650;+0200;1235;+0200;0;UA_9079-UA_9553
VCE;0650;+0200;1235;+0200;0;LH_333-LH_990
VCE;0710;+0200;1255;+0200;0;AF_2527-AF_1640
VCE;1005;+0200;1555;+0200;0;AF_1127-AF_8234
VCE;1020;+0200;1610;+0200;0;AZ_1466-AZ_110
VCE;1020;+0200;1610;+0200;0;KL_2770-KL_3402
VCE;1135;+0200;1725;+0200;0;BA_2583-BA_2762
VCE;0650;+0200;1245;+0200;0;LH_1915-LH_2304
VCE;0700;+0200;1255;+0200;0;AF_2527-AF_1640
VCE;1000;+0200;1555;+0200;0;AF_1127-AF_8234
VCE;1400;+0200;1955;+0200;0;KL_3605-KL_1604
VCE;1400;+0200;1955;+0200;0;AZ_1470-AZ_7728
VCE;1100;+0200;1700;+0200;0;OS_522-OS_373
VCE;1330;+0200;1930;+0200;0;SK_1848-SK_557
VCE;1215;+0200;1820;+0200;0;IB_3645-IB_3250
VCE;1325;+0200;1945;+0200;0;AF_4333-AF_8282
VCE;1110;+0200;1735;+0200;0;AZ_1472-AZ_132
VCE;1110;+0200;1735;+0200;0;KL_3606-KL_3404
VCE;1340;+0200;2010;+0200;0;AA_6318-AA_6452
VCE;1510;+0200;2140;+0200;0;AF_1727-AF_8242
VCE;0630;+0200;1305;+0200;0;KL_3450-KL_1598
VCE;0630;+0200;1305;+0200;0;AZ_1460-AZ_7712
VCE;1335;+0200;2010;+0200;0;BA_579-BA_442
VCE;1135;+0200;1815;+0200;0;BA_2583-BA_440
VCE;1250;+0200;1930;+0200;0;AF_5563-AF_1356
VCE;1550;+0200;2235;+0200;0;AZ_1476-AZ_7716
VCE;1550;+0200;2235;+0200;0;KL_2772-KL_1608
TLS;1400;+0200;1555;+0200;0;AF_8262
TLS;1230;+0200;1430;+0200;0;KL_1304
TLS;1710;+0200;1910;+0200;0;AF_8264
TLS;1715;+0200;1915;+0200;0;KL_1312
TLS;0605;+0200;0810;+0200;0;KL_1300
TLS;0605;+0200;0810;+0200;0;AF_8260
TLS;0820;+0200;1135;+0200;0;AF_5656-AF_5366
TLS;1800;+0200;2140;+0200;0;AF_7789-AF_8242
TLS;0715;+0200;1100;+0200;0;AF_7793-AF_8228
TLS;0710;+0200;1100;+0200;0;AF_7793-AF_8228
TLS;1825;+0200;2220;+0200;0;LH_2219-LH_2312
TLS;1015;+0200;1415;+0200;0;LH_1095-LH_992
TLS;0625;+0200;1030;+0200;0;LH_2223-LH_2302
TLS;1615;+0200;2020;+0200;0;AF_7787-AF_8240
TLS;1805;+0200;2210;+0200;0;BA_375-BA_444
TLS;0715;+0200;1140;+0200;0;AF_7793-AF_8230
TLS;0710;+0200;1140;+0200;0;AF_7793-AF_8230
TLS;0640;+0200;1115;+0200;0;AF_5539-AF_5484
TLS;1210;+0200;1645;+0200;0;LH_2215-LH_2306
TLS;1255;+0200;1735;+0200;0;AF_7785-AF_2040
TLS;1450;+0200;1930;+0200;0;LH_1097-LH_998
TLS;1450;+0200;1930;+0200;0;NH_6132-NH_6175
TLS;1655;+0200;2150;+0200;0;IB_8771-IB_3244
TLS;0835;+0200;1335;+0200;0;AF_7847-AF_1256
TLS;1535;+0200;2035;+0200;0;LH_2217-LH_2310
TLS;1050;+0200;1555;+0200;0;AF_7795-AF_8234
TLS;1450;+0200;1955;+0200;0;AZ_7345-AZ_7728
TLS;0600;+0200;1115;+0200;0;AF_7868-AF_5484
TLS;1615;+0200;2140;+0200;0;AF_7787-AF_8242
TLS;0705;+0200;1235;+0200;0;LH_1101-LH_990
TLS;0705;+0200;1235;+0200;0;UA_9091-UA_9553
TLS;0830;+0200;1405;+0200;0;AA_6274-AA_6504
TLS;0835;+0200;1410;+0200;0;BA_377-BA_434
TLS;0600;+0200;1140;+0200;0;AF_6155-AF_8230
TLS;0715;+0200;1255;+0200;0;AF_7793-AF_1640
TLS;0715;+0200;1255;+0200;0;AF_6105-AF_1640
TLS;1015;+0200;1555;+0200;0;AF_6113-AF_8234
TLS;0710;+0200;1255;+0200;0;AF_7793-AF_1640
TLS;0815;+0200;1400;+0200;0;AF_6153-AF_1740
TLS;1345;+0200;1930;+0200;0;AF_7849-AF_1356
TLS;0645;+0200;1235;+0200;0;UA_9091-UA_9553
TLS;1145;+0200;1735;+0200;0;AF_6119-AF_2040
TLS;1345;+0200;1940;+0200;0;AF_6123-AF_2240
TLS;1545;+0200;2140;+0200;0;AF_6129-AF_8242
TLS;0740;+0200;1340;+0200;0;AF_7879-AF_8442
TLS;0645;+0200;1255;+0200;0;AF_6103-AF_1640
TLS;0945;+0200;1555;+0200;0;AF_6109-AF_8234
TLS;0745;+0200;1400;+0200;0;AF_6107-AF_1740
TLS;0625;+0200;1245;+0200;0;LH_2223-LH_2304
TLS;1155;+0200;1815;+0200;0;AA_6270-AA_6459
TLS;1155;+0200;1815;+0200;0;BA_373-BA_440
TLS;1210;+0200;1830;+0200;0;LH_2215-LH_2308
TLS;1515;+0200;2140;+0200;0;AF_6167-AF_8242
TLS;0700;+0200;1335;+0200;0;AF_7841-AF_1256
TLS;0835;+0200;1510;+0200;0;BA_377-BA_8453
TLS;1345;+0200;2020;+0200;0;AF_6123-AF_8240
TLS;1535;+0200;2210;+0200;0;AF_5594-AF_8288
TLS;0615;+0200;1255;+0200;0;AF_6101-AF_1640
TLS;0915;+0200;1555;+0200;0;AF_6115-AF_8234
TLS;1140;+0200;1820;+0200;0;IB_8767-IB_3250
TLS;0715;+0200;1400;+0200;0;AF_7793-AF_1740
TLS;0715;+0200;1400;+0200;0;AF_6105-AF_1740
TLS;1050;+0200;1735;+0200;0;AF_7795-AF_2040
TLS;1255;+0200;1940;+0200;0;AF_7785-AF_2240
TLS;1535;+0200;2220;+0200;0;LH_2217-LH_2312
DUB;0945;+0100;1220;+0200;0;EI_604
DUB;1130;+0100;1405;+0200;0;EI_606
DUB;1330;+0100;1605;+0200;0;EI_608
DUB;1715;+0100;1950;+0200;0;EI_610
DUB;0600;+0100;0840;+0200;0;EI_602
DUB;0720;+0100;1140;+0200;0;AF_5118-AF_5183
DUB;1530;+0100;2005;+0200;0;AF_5124-AF_5195
DUB;1720;+0100;2205;+0200;0;AF_5122-AF_5199
DUB;0900;+0100;1350;+0200;0;AF_5120-AF_5185
DUB;1700;+0100;2210;+0200;0;BA_5976-BA_444
DUB;0620;+0100;1140;+0200;0;AF_5003-AF_8230
DUB;0850;+0100;1410;+0200;0;BA_5956-BA_434
DUB;1500;+0100;2020;+0200;0;AF_5009-AF_8240
DUB;1440;+0100;2010;+0200;0;BA_5968-BA_442
DUB;1530;+0100;2105;+0200;0;AF_5124-AF_5197
DUB;0950;+0100;1530;+0200;0;BA_5958-BA_438
DUB;1105;+0100;1645;+0200;0;SK_538-SK_1549
DUB;1155;+0100;1735;+0200;0;AF_5005-AF_2040
DUB;0650;+0100;1235;+0200;0;LH_983-LH_990
DUB;1200;+0100;1750;+0200;0;LH_979-LH_996
DUB;1210;+0100;1805;+0200;0;SK_4604-SK_827
DUB;1210;+0100;1815;+0200;0;BA_5964-BA_440
DUB;1550;+0100;2210;+0200;0;BA_5974-BA_444
DUB;0720;+0100;1350;+0200;0;AF_5118-AF_5185
DUB;1340;+0100;2010;+0200;0;BA_5966-BA_442
DUB;0620;+0100;1255;+0200;0;AF_5003-AF_1640
DUB;1530;+0100;2205;+0200;0;AF_5124-AF_5199
DUB;0730;+0100;1410;+0200;0;BA_5954-BA_434
DUB;0850;+0100;1530;+0200;0;BA_5956-BA_438
DUB;1150;+0100;1830;+0200;0;SK_536-SK_1555
DUB;1500;+0100;2140;+0200;0;AF_5009-AF_8242
DUB;0910;+0100;1555;+0200;0;AF_5001-AF_8234
DUB;0840;+0100;1530;+0200;0;BA_5832-BA_438
NTE;0655;+0200;0825;+0200;0;AF_5364
NTE;0655;+0200;0825;+0200;0;KL_2032
NTE;1005;+0200;1135;+0200;0;AF_5366
NTE;1005;+0200;1135;+0200;0;KL_2048
NTE;1830;+0200;2000;+0200;0;KL_2034
NTE;1830;+0200;2000;+0200;0;AF_5368
NTE;1425;+0200;1735;+0200;0;KL_2313-KL_2016
NTE;1425;+0200;1735;+0200;0;AF_7727-AF_2040
NTE;0720;+0200;1100;+0200;0;KL_2309-KL_1228
NTE;0720;+0200;1100;+0200;0;AF_7721-AF_8228
NTE;1800;+0200;2140;+0200;0;KL_2315-KL_1246
NTE;1800;+0200;2140;+0200;0;AF_7731-AF_8242
NTE;0700;+0200;1115;+0200;0;AF_5771-AF_5484
NTE;1550;+0200;2005;+0200;0;AF_5208-AF_5195
NTE;0720;+0200;1140;+0200;0;KL_2309-KL_1230
NTE;0720;+0200;1140;+0200;0;AF_7721-AF_8230
NTE;0915;+0200;1340;+0200;0;AF_7889-AF_8442
NTE;1410;+0200;1835;+0200;0;AF_3206-AF_8340
NTE;1125;+0200;1555;+0200;0;AF_7725-AF_8234
NTE;1125;+0200;1555;+0200;0;KL_2311-KL_1234
NTE;1120;+0200;1555;+0200;0;AF_7861-AF_8262
NTE;1450;+0200;1935;+0200;0;AF_5769-AF_5486
NTE;0840;+0200;1335;+0200;0;AF_5860-AF_1256
NTE;1440;+0200;1945;+0200;0;AF_5763-AF_8282
NTE;1425;+0200;1940;+0200;0;AF_7727-AF_2240
NTE;1425;+0200;1940;+0200;0;KL_2313-KL_2022
NTE;1550;+0200;2105;+0200;0;AF_5208-AF_5197
NTE;0915;+0200;1440;+0200;0;AF_7889-AF_8272
NTE;0725;+0200;1255;+0200;0;AF_7381-AF_1640
NTE;0720;+0200;1255;+0200;0;KL_2309-KL_2008
NTE;0720;+0200;1255;+0200;0;AF_7721-AF_1640
NTE;1425;+0200;2020;+0200;0;AF_7727-AF_8240
NTE;1425;+0200;2020;+0200;0;KL_2313-KL_1244
NTE;0740;+0200;1340;+0200;0;AF_5333-AF_8442
NTE;1125;+0200;1735;+0200;0;AF_7725-AF_2040
NTE;1125;+0200;1735;+0200;0;KL_2311-KL_2016
NTE;1550;+0200;2205;+0200;0;AF_5208-AF_5199
NTE;1110;+0200;1735;+0200;0;AF_7383-AF_2040
NTE;1305;+0200;1930;+0200;0;AF_5862-AF_1356
NTE;0755;+0200;1425;+0200;0;AF_3202-AF_8302
NTE;0725;+0200;1400;+0200;0;AF_7381-AF_1740
NTE;0720;+0200;1400;+0200;0;KL_2309-KL_2012
NTE;0720;+0200;1400;+0200;0;AF_7721-AF_1740
NTE;0650;+0200;1335;+0200;0;AF_5858-AF_1256
NTE;1255;+0200;1945;+0200;0;AF_7611-AF_8282
NTE;0740;+0200;1440;+0200;0;AF_5333-AF_8272
NTE;0735;+0200;1440;+0200;0;IB_8545-IB_3246
NTE;0755;+0200;1510;+0200;0;AF_7609-AF_8280
NTE;1425;+0200;2140;+0200;0;KL_2313-KL_1246
NTE;1425;+0200;2140;+0200;0;AF_7727-AF_8242
NTE;1100;+0200;1820;+0200;0;AF_5206-AF_5193
NTE;1440;+0200;2210;+0200;0;AF_5763-AF_8288
NTE;1425;+0200;1935;+0200;0;AF_7727-AF_7766-AF_5486
NTE;0840;+0200;1400;+0200;0;AF_5860-AF_7641-AF_1740
NTE;1410;+0200;1940;+0200;0;AF_3206-AF_7629-AF_2240
NTE;1540;+0200;2140;+0200;0;AF_5651-AF_7789-AF_8242
NTE;0650;+0200;1255;+0200;0;AF_5858-AF_7653-AF_1640
NTE;0755;+0200;1400;+0200;0;AF_3202-AF_7625-AF_1740
NTE;1410;+0200;2020;+0200;0;AF_3206-AF_7629-AF_8240
NTE;0720;+0200;1335;+0200;0;AF_7721-AF_3284-AF_8420
NTE;0720;+0200;1335;+0200;0;AF_7721-AF_7652-AF_1256
NTE;1120;+0200;1735;+0200;0;AF_7861-AF_7785-AF_2040
NTE;1255;+0200;1940;+0200;0;AF_7611-AF_7667-AF_2240
NTE;1040;+0200;1735;+0200;0;AF_5767-AF_7665-AF_2040
NTE;0725;+0200;1425;+0200;0;AF_7381-AF_6258-AF_8302
NTE;0725;+0200;1425;+0200;0;AF_7381-AF_6256-AF_8302
NTE;0720;+0200;1425;+0200;0;AF_7721-AF_7622-AF_8302
NTE;0650;+0200;1400;+0200;0;AF_5858-AF_7653-AF_1740
NTE;0650;+0200;1400;+0200;0;AF_5858-AF_7641-AF_1740
NTE;0725;+0200;1440;+0200;0;AF_7381-AF_6200-AF_8272
NTE;0725;+0200;1440;+0200;0;AF_7381-AF_6206-AF_8272
NTE;0840;+0200;1555;+0200;0;AF_5860-AF_7641-AF_8234
NTE;1305;+0200;2020;+0200;0;AF_5862-AF_7645-AF_8240
NTE;0640;+0200;1400;+0200;0;AF_5657-AF_6153-AF_1740
NTE;0720;+0200;1440;+0200;0;AF_7721-AF_7702-AF_8272
NTE;1110;+0200;1835;+0200;0;AF_7383-AF_6276-AF_8340
NTE;1110;+0200;1835;+0200;0;AF_7383-AF_6262-AF_8340
NTE;1110;+0200;1835;+0200;0;AF_7383-AF_6260-AF_8340
NTE;1255;+0200;2020;+0200;0;AF_7611-AF_7667-AF_8240
NTE;1410;+0200;2140;+0200;0;AF_3206-AF_7637-AF_8242
NTE;1410;+0200;2140;+0200;0;AF_3206-AF_7629-AF_8242
NTE;1410;+0200;2140;+0200;0;AF_3206-AF_6267-AF_8242
NTE;1125;+0200;1910;+0200;0;AF_7725-AF_7794-AF_8264
DUS;0625;+0200;0720;+0200;0;KL_1852
DUS;1225;+0200;1320;+0200;0;KL_1856
DUS;1440;+0200;1535;+0200;0;KL_1858
DUS;1820;+0200;1915;+0200;0;KL_1862
DUS;0820;+0200;0920;+0200;0;KL_1854
DUS;0605;+0200;0900;+0200;0;LH_73-LH_986
DUS;1905;+0200;2215;+0200;0;LH_87-LH_1002
DUS;1435;+0200;1750;+0200;0;LH_81-LH_996
DUS;1625;+0200;1940;+0200;0;AF_1907-AF_2240
DUS;0925;+0200;1245;+0200;0;LH_2003-LH_2304
DUS;1325;+0200;1645;+0200;0;SK_626-SK_1549
DUS;1900;+0200;2220;+0200;0;LH_2017-LH_2312
DUS;1500;+0200;1830;+0200;0;LH_2011-LH_2308
DUS;1605;+0200;1935;+0200;0;SK_1622-SK_553
DUS;0655;+0200;1030;+0200;0;LH_2023-LH_2302
DUS;0725;+0200;1100;+0200;0;AF_1107-AF_8228
DUS;0720;+0200;1100;+0200;0;AF_1107-AF_8228
DUS;1020;+0200;1415;+0200;0;LH_77-LH_992
DUS;1250;+0200;1645;+0200;0;LH_2009-LH_2306
DUS;1625;+0200;2020;+0200;0;AF_1907-AF_8240
DUS;0845;+0200;1245;+0200;0;LH_2001-LH_2304
DUS;1755;+0200;2155;+0200;0;OS_7246-OS_377
DUS;0605;+0200;1010;+0200;0;LH_73-LH_988
DUS;0830;+0200;1235;+0200;0;LH_75-LH_990
DUS;1630;+0200;2035;+0200;0;LH_2013-LH_2310
DUS;1750;+0200;2155;+0200;0;OS_7246-OS_377
DUS;1805;+0200;2210;+0200;0;BA_943-BA_444
DUS;1250;+0200;1700;+0200;0;OS_7244-OS_373
DUS;1800;+0200;2210;+0200;0;LX_3637-LX_736
DUS;0615;+0200;1030;+0200;0;LH_2027-LH_2302
DUS;0725;+0200;1140;+0200;0;AF_1107-AF_8230
DUS;1320;+0200;1735;+0200;0;AF_1607-AF_2040
DUS;1450;+0200;1905;+0200;0;LX_1019-LX_734
DUS;1725;+0200;2140;+0200;0;AF_2207-AF_8242
DUS;1800;+0200;2215;+0200;0;LH_85-LH_1002
DUS;0720;+0200;1140;+0200;0;AF_1107-AF_8230
DUS;0905;+0200;1325;+0200;0;KE_7620-KE_7603
DUS;0955;+0200;1415;+0200;0;LX_1017-LX_728
DUS;1520;+0200;1940;+0200;0;LH_2712-LH_3338
BRU;0625;+0200;0715;+0200;0;KL_1720
BRU;1125;+0200;1215;+0200;0;KL_1724
BRU;1440;+0200;1530;+0200;0;KL_1726
BRU;1825;+0200;1915;+0200;0;KL_1732
BRU;0820;+0200;0915;+0200;0;KL_1722
BRU;0718;+0200;0757;+0200;0;9B_9205
BRU;0800;+0200;0951;+0200;0;9B_9205
BRU;0818;+0200;0857;+0200;0;9B_9209
BRU;0900;+0200;1051;+0200;0;9B_9209
BRU;0918;+0200;0957;+0200;0;9B_9213
BRU;1000;+0200;1151;+0200;0;9B_9213
BRU;1018;+0200;1057;+0200;0;9B_9217
BRU;1100;+0200;1251;+0200;0;9B_9217
BRU;1118;+0200;1157;+0200;0;9B_9221
BRU;1200;+0200;1351;+0200;0;9B_9221
BRU;1218;+0200;1257;+0200;0;9B_9225
BRU;1300;+0200;1451;+0200;0;9B_9225
BRU;1318;+0200;1357;+0200;0;9B_9229
BRU;1400;+0200;1551;+0200;0;9B_9229
BRU;1418;+0200;1457;+0200;0;9B_9233
BRU;1500;+0200;1651;+0200;0;9B_9233
BRU;1518;+0200;1557;+0200;0;9B_9237
BRU;1600;+0200;1751;+0200;0;9B_9237
BRU;1618;+0200;1657;+0200;0;9B_9241
BRU;1700;+0200;1851;+0200;0;9B_9241
BRU;1718;+0200;1757;+0200;0;9B_9245
BRU;1800;+0200;1951;+0200;0;9B_9245
BRU;1818;+0200;1857;+0200;0;9B_9249
BRU;1900;+0200;2051;+0200;0;9B_9249
BRU;1918;+0200;1957;+0200;0;9B_9253
BRU;2000;+0200;2151;+0200;0;9B_9253
BRU;2018;+0200;2057;+0200;0;9B_9257
BRU;2100;+0200;2251;+0200;0;9B_9257
BRU;2118;+0200;2157;+0200;0;9B_9261
BRU;2200;+0200;2351;+0200;0;9B_9261
BRU;0618;+0200;0657;+0200;0;9B_9201
BRU;0700;+0200;0852;+0200;0;9B_9201
BRU;1920;+0200;2215;+0200;0;LH_1019-LH_1002
BRU;1110;+0200;1415;+0200;0;LH_1009-LH_992
BRU;0650;+0200;1000;+0200;0;UA_9355-UA_9161
BRU;1440;+0200;1750;+0200;0;LH_1013-LH_996
BRU;1630;+0200;1940;+0200;0;LH_5579-LH_3338
BRU;0655;+0200;1010;+0200;0;LH_1025-LH_988
BRU;0920;+0200;1235;+0200;0;LH_1007-LH_990
BRU;0920;+0200;1235;+0200;0;UA_8820-UA_9553
BRU;1100;+0200;1415;+0200;0;UA_8820-UA_9163
BRU;1100;+0200;1415;+0200;0;LH_1009-LH_992
BRU;1905;+0200;2220;+0200;0;TG_7855-TG_7852
BRU;0650;+0200;1010;+0200;0;UA_9355-UA_9161
BRU;1500;+0200;1830;+0200;0;LH_2289-LH_2308
BRU;1610;+0200;1940;+0200;0;LH_5579-LH_3338
BRU;1840;+0200;2210;+0200;0;LX_783-LX_736
BRU;1021;+0200;1400;+0200;0;AF_7184-AF_1740
BRU;0645;+0200;1030;+0200;0;LH_2297-LH_2302
BRU;1830;+0200;2215;+0200;0;LH_1017-LH_1002
BRU;0710;+0200;1100;+0200;0;AF_7182-AF_8228
BRU;0645;+0200;1040;+0200;0;BA_389-BA_430
BRU;0645;+0200;1040;+0200;0;AA_6423-AA_6502
BRU;0840;+0200;1235;+0200;0;UA_9570-UA_9553
BRU;0840;+0200;1235;+0200;0;LH_1005-LH_990
BRU;0700;+0200;1100;+0200;0;OK_635-OK_4626
BRU;0845;+0200;1245;+0200;0;LH_2283-LH_2304
BRU;1245;+0200;1645;+0200;0;LH_2287-LH_2306
BRU;1618;+0200;2020;+0200;0;AF_7186-AF_8240
BRU;0830;+0200;1235;+0200;0;LH_1005-LH_990
BRU;1500;+0200;1905;+0200;0;LX_781-LX_734
BRU;0955;+0200;1405;+0200;0;AA_6424-AA_6504
BRU;1745;+0200;2155;+0200;0;OS_354-OS_377
BRU;0955;+0200;1410;+0200;0;BA_391-BA_434
BRU;0950;+0200;1415;+0200;0;LX_787-LX_728
BRU;1325;+0200;1750;+0200;0;LH_1011-LH_996
BRU;0710;+0200;1140;+0200;0;AF_7182-AF_8230
BRU;1740;+0200;2215;+0200;0;LH_1015-LH_1002
BRU;0920;+0200;1405;+0200;0;UA_8820-UA_9163
BRU;1525;+0200;2010;+0200;0;AA_6428-AA_6452
BRU;1525;+0200;2010;+0200;0;BA_395-BA_442
SXB;0650;+0200;0805;+0200;0;KL_2046
SXB;0650;+0200;0805;+0200;0;AF_5482
SXB;1000;+0200;1115;+0200;0;AF_5484
SXB;1010;+0200;1125;+0200;0;KL_2042
SXB;1820;+0200;1935;+0200;0;KL_2044
SXB;1820;+0200;1935;+0200;0;AF_5486
SXB;0725;+0200;1100;+0200;0;AF_7761-AF_8228
SXB;0725;+0200;1140;+0200;0;AF_7761-AF_8230
SXB;1010;+0200;1440;+0200;0;AF_7894-AF_8272
SXB;1115;+0200;1555;+0200;0;AF_7763-AF_8234
SXB;1455;+0200;1940;+0200;0;AF_7771-AF_2240
SXB;1340;+0200;1835;+0200;0;AF_5360-AF_8340
SXB;1440;+0200;1945;+0200;0;AF_5466-AF_8282
SXB;1415;+0200;1930;+0200;0;LH_393-LH_998
SXB;1700;+0200;2215;+0200;0;LH_395-LH_1002
SXB;1405;+0200;1930;+0200;0;AF_5781-AF_1356
SXB;1455;+0200;2020;+0200;0;AF_7771-AF_8240
SXB;0725;+0200;1255;+0200;0;AF_7761-AF_1640
SXB;1445;+0200;2020;+0200;0;AF_7311-AF_8240
SXB;1200;+0200;1750;+0200;0;LH_391-LH_996
SXB;0415;+0200;1010;+0200;0;LH_385-LH_988
SXB;0815;+0200;1415;+0200;0;LH_389-LH_992
SXB;0645;+0200;1255;+0200;0;AF_7303-AF_1640
SXB;0615;+0200;1235;+0200;0;LH_387-LH_990
SXB;0915;+0200;1535;+0200;0;OK_741-OK_4628
SXB;1115;+0200;1735;+0200;0;AF_7763-AF_2040
SXB;0915;+0200;1545;+0200;0;OK_741-OK_622
SXB;0725;+0200;1400;+0200;0;AF_7761-AF_1740
SXB;0915;+0200;1555;+0200;0;AF_7305-AF_8234
SXB;0650;+0200;1335;+0200;0;AF_5785-AF_1256
SXB;1455;+0200;2140;+0200;0;AF_7771-AF_8242
SXB;0915;+0200;1425;+0200;0;AF_7305-AF_6258-AF_8302
SXB;0650;+0200;1255;+0200;0;AF_5785-AF_7653-AF_1640
SXB;0725;+0200;1335;+0200;0;AF_7761-AF_7652-AF_1256
SXB;1405;+0200;2020;+0200;0;AF_5781-AF_7645-AF_8240
SXB;1445;+0200;2105;+0200;0;AF_7311-AF_6222-AF_8444
SXB;1445;+0200;2105;+0200;0;AF_7311-AF_5024-AF_5197
SXB;0915;+0200;1555;+0200;0;AF_7305-AF_6118-AF_8262
SXB;0915;+0200;1555;+0200;0;AF_7305-AF_6114-AF_8262