LON;0645;+0100;0800;+0100;0;LH_6631
LON;0645;+0100;0800;+0100;0;BD_121
LON;0650;+0100;0805;+0100;0;EI_231
LON;1810;+0100;1925;+0100;0;EI_175
LON;1840;+0100;1955;+0100;0;LH_6505
LON;1840;+0100;1955;+0100;0;EI_247
LON;1840;+0100;1955;+0100;0;NH_6885
LON;1840;+0100;1955;+0100;0;UA_7751
LON;1910;+0100;2025;+0100;0;EI_177
LON;1925;+0100;2040;+0100;0;UA_7751
LON;1925;+0100;2040;+0100;0;BD_131
LON;2010;+0100;2125;+0100;0;EI_179
LON;2110;+0100;2225;+0100;0;EI_183
LON;0635;+0100;0755;+0100;0;UL_2121
LON;0640;+0100;0800;+0100;0;EI_149
LON;0700;+0100;0820;+0100;0;BD_121
LON;0730;+0100;0850;+0100;0;EI_151
LON;0810;+0100;0930;+0100;0;LH_6483
LON;0845;+0100;1005;+0100;0;EI_233
LON;0850;+0100;1010;+0100;0;EI_153
LON;0900;+0100;1020;+0100;0;AF_5117
LON;0955;+0100;1115;+0100;0;EI_155
LON;1045;+0100;1205;+0100;0;EI_235
LON;1105;+0100;1225;+0100;0;BD_123
LON;1235;+0100;1355;+0100;0;UA_7753
LON;1235;+0100;1355;+0100;0;EI_159
LON;1235;+0100;1355;+0100;0;LH_6633
LON;1415;+0100;1535;+0100;0;EI_165
LON;1425;+0100;1545;+0100;0;EI_163
LON;1440;+0100;1600;+0100;0;EI_243
LON;1550;+0100;1710;+0100;0;EI_167
LON;1600;+0100;1720;+0100;0;AI_7773
LON;1650;+0100;1810;+0100;0;EI_169
LON;1700;+0100;1820;+0100;0;BD_125
LON;1700;+0100;1820;+0100;0;LH_6483
LON;1730;+0100;1850;+0100;0;LH_6503
LON;1730;+0100;1850;+0100;0;NZ_4479
LON;1730;+0100;1850;+0100;0;BD_129
LON;1730;+0100;1850;+0100;0;UA_7757
LON;1745;+0100;1905;+0100;0;EI_173
LON;1920;+0100;2040;+0100;0;AF_5121
LON;1100;+0100;1225;+0100;0;EI_157
LON;1600;+0100;1725;+0100;0;UL_2129
LON;1725;+0100;1850;+0100;0;AF_5119
LON;1510;+0100;1640;+0100;0;AF_5125
LON;0955;+0100;1340;+0100;0;KL_1008-KL_3155
LON;1450;+0100;1835;+0100;0;RE_806-RE_378
LON;1145;+0100;1540;+0100;0;KL_1010-KL_3157
LON;0710;+0100;1115;+0100;0;AF_1081-AF_5004
LON;1710;+0100;2120;+0100;0;KL_1022-KL_3161
LON;1800;+0100;2215;+0100;0;AF_2581-AF_5008
PAR;2135;+0200;2215;+0100;0;EI_529
PAR;1025;+0200;1110;+0100;0;EI_521
PAR;1415;+0200;1505;+0100;0;EI_525
PAR;1015;+0200;1115;+0100;0;AF_5004
PAR;1845;+0200;1945;+0100;0;AF_5010
PAR;2115;+0200;2215;+0100;0;AF_5008
PAR;0720;+0200;0825;+0100;0;AF_5002
PAR;1255;+0200;1400;+0100;0;AF_5006
PAR;1540;+0200;1645;+0100;0;AF_5014
PAR;1825;+0200;2040;+0100;0;AF_5026-AF_5121
PAR;0725;+0200;1010;+0100;0;KL_2002-KL_3153
PAR;1245;+0200;1540;+0100;0;KL_2012-KL_3157
PAR;1440;+0200;1735;+0100;0;KL_1234-KL_3159
PAR;1825;+0200;2120;+0100;0;KL_2022-KL_3161
PAR;1925;+0200;2225;+0100;0;BA_337-BA_5983
PAR;0800;+0200;1105;+0100;0;LH_1051-LH_978
PAR;0710;+0200;1020;+0100;0;AF_5018-AF_5117
PAR;1220;+0200;1535;+0100;0;BA_309-BA_5965
PAR;1725;+0200;2040;+0100;0;AF_5024-AF_5121
PAR;1020;+0200;1340;+0100;0;KL_1230-KL_3155
PAR;1350;+0200;1710;+0100;0;BA_315-BA_5967
PAR;1400;+0200;1725;+0100;0;LH_1035-LH_980
PAR;0705;+0200;1035;+0100;0;LX_647-LX_400
PAR;1755;+0200;2125;+0100;0;BA_323-BA_5979
PAR;1650;+0200;2025;+0100;0;BA_319-BA_5977
PAR;0735;+0200;1115;+0100;0;BA_303-BA_5955
PAR;1900;+0200;2240;+0100;0;LH_1043-LH_982
PAR;1245;+0200;1640;+0100;0;AF_5022-AF_5125
PAR;1530;+0200;1925;+0100;0;BA_335-BA_5975
PAR;1140;+0200;1540;+0100;0;KL_2008-KL_3157
PAR;0935;+0200;1340;+0100;0;KL_1228-KL_3155
PAR;0815;+0200;1225;+0100;0;BA_331-BA_5957
PAR;1350;+0200;1810;+0100;0;BA_315-BA_5969
PAR;1755;+0200;2225;+0100;0;BA_323-BA_5983
PAR;1650;+0200;2125;+0100;0;BA_319-BA_5979
PAR;0625;+0200;1105;+0100;0;LH_1053-LH_978
PAR;0900;+0200;1340;+0100;0;KL_1224-KL_3155
PAR;1050;+0200;1535;+0100;0;BA_307-BA_5965
PAR;0735;+0200;1225;+0100;0;BA_303-BA_5957
PAR;1220;+0200;1710;+0100;0;BA_309-BA_5967
PAR;1245;+0200;1735;+0100;0;KL_2012-KL_3159
PAR;1530;+0200;2025;+0100;0;BA_335-BA_5977
PAR;1745;+0200;2240;+0100;0;LH_1041-LH_982
PAR;1620;+0200;2120;+0100;0;KL_2016-KL_3161
FRA;1005;+0200;1105;+0100;0;LH_978
FRA;1050;+0200;1150;+0100;0;EI_651
FRA;1625;+0200;1725;+0100;0;LH_980
FRA;2140;+0200;2240;+0100;0;LH_982
FRA;2000;+0200;2105;+0100;0;EI_657
FRA;1050;+0200;1340;+0100;0;KL_1766-KL_3155
FRA;0740;+0200;1035;+0100;0;LX_3601-LX_400
FRA;0710;+0200;1010;+0100;0;KL_1762-KL_3153
FRA;1050;+0200;1400;+0100;0;AF_1519-AF_5006
FRA;1905;+0200;2215;+0100;0;AF_2319-AF_5008
FRA;1450;+0200;1805;+0100;0;SK_8574-SK_2537
FRA;1800;+0200;2120;+0100;0;KL_1772-KL_3161
FRA;1715;+0200;2040;+0100;0;BD_3234-BD_131
FRA;1855;+0200;2225;+0100;0;BA_911-BA_5983
FRA;1515;+0200;1850;+0100;0;BD_3222-BD_129
FRA;1515;+0200;1850;+0100;0;LH_910-LH_6503
FRA;1620;+0200;1955;+0100;0;LH_914-LH_6505
FRA;1425;+0200;1810;+0100;0;BA_907-BA_5969
FRA;0725;+0200;1115;+0100;0;BA_901-BA_5955
FRA;0725;+0200;1115;+0100;0;AF_1019-AF_5004
FRA;1005;+0200;1355;+0100;0;LH_904-LH_6633
FRA;1555;+0200;1945;+0100;0;AF_1919-AF_5010
FRA;0825;+0200;1225;+0100;0;BD_3214-BD_123
FRA;1410;+0200;1810;+0100;0;BA_905-BA_5969
FRA;1715;+0200;2125;+0100;0;BA_909-BA_5979
FRA;1120;+0200;1535;+0100;0;BA_903-BA_5965
FRA;1620;+0200;2040;+0100;0;BD_3220-BD_131
FRA;0610;+0200;1035;+0100;0;LX_3613-LX_400
FRA;1750;+0200;2215;+0100;0;AF_2119-AF_5008
FRA;1345;+0200;1820;+0100;0;BD_3208-BD_125
FRA;1345;+0200;1820;+0100;0;LH_908-LH_6483
FRA;1515;+0200;1955;+0100;0;LH_910-LH_6505
FRA;1555;+0200;2040;+0100;0;BD_3468-BD_131
FRA;1050;+0200;1540;+0100;0;KL_1766-KL_3157
FRA;0730;+0200;1225;+0100;0;BD_3210-BD_123
FRA;0725;+0200;1225;+0100;0;BA_901-BA_5957
FRA;1425;+0200;1925;+0100;0;BA_907-BA_5975
FRA;1345;+0200;1850;+0100;0;LH_908-LH_6503
FRA;1345;+0200;1850;+0100;0;NZ_4532-NZ_4479
FRA;1345;+0200;1850;+0100;0;BD_3208-BD_129
FRA;0845;+0200;1355;+0100;0;LH_896-LH_6633
FRA;1715;+0200;2225;+0100;0;BA_909-BA_5983
FRA;1410;+0200;1925;+0100;0;BA_905-BA_5975
FRA;0705;+0200;1225;+0100;0;BA_8731-BA_5957
FRA;1245;+0200;1805;+0100;0;SK_1638-SK_2537
FRA;1145;+0200;1710;+0100;0;BA_8733-BA_5967
FRA;1255;+0200;1820;+0100;0;BD_3218-BD_125
FRA;1255;+0200;1820;+0100;0;LH_906-LH_6483
FRA;1515;+0200;2040;+0100;0;BD_3222-BD_131
FRA;0825;+0200;1355;+0100;0;LH_902-LH_6633
FRA;1425;+0200;1955;+0100;0;BA_907-BA_5847
FRA;1350;+0200;1850;+0100;0;BD_3558-BD_6784-BD_129
FRA;1320;+0200;1850;+0100;0;BD_3106-BD_6768-BD_129
MAD;1225;+0200;1350;+0100;0;IB_8070
MAD;1825;+0200;2215;+0100;0;AF_1801-AF_5008
MAD;0715;+0200;1115;+0100;0;AF_2101-AF_5004
MAD;0710;+0200;1115;+0100;0;AF_2101-AF_5004
MAD;1720;+0200;2125;+0100;0;BA_465-BA_5979
MAD;0705;+0200;1115;+0100;0;BA_455-BA_5955
MAD;1235;+0200;1645;+0100;0;AF_1301-AF_5014
MAD;1235;+0200;1645;+0100;0;UX_3437-UX_3575
MAD;1535;+0200;1945;+0100;0;UX_3441-UX_3577
MAD;1535;+0200;1945;+0100;0;AF_1601-AF_5010
MAD;0555;+0200;1010;+0100;0;KL_1708-KL_3153
MAD;1500;+0200;1925;+0100;0;BA_7060-BA_5975
MAD;1240;+0200;1710;+0100;0;BA_7056-BA_5967
MAD;1235;+0200;1710;+0100;0;BA_457-BA_5967
MAD;1300;+0200;1735;+0100;0;KL_1702-KL_3159
MAD;1335;+0200;1810;+0100;0;BA_7066-BA_5969
MAD;0615;+0200;1105;+0100;0;LH_1121-LH_978
MAD;1230;+0200;1725;+0100;0;LH_1113-LH_980
MAD;1630;+0200;2125;+0100;0;BA_7058-BA_5979
MAD;0855;+0200;1355;+0100;0;BA_7054-BA_5959
MAD;1620;+0200;2120;+0100;0;KL_1704-KL_3161
MAD;1420;+0200;1925;+0100;0;BA_459-BA_5975
MAD;1720;+0200;2225;+0100;0;BA_465-BA_5983
MAD;1030;+0200;1540;+0100;0;KL_1700-KL_3157
MAD;1700;+0200;2215;+0100;0;UX_3443-UX_3579
MAD;1700;+0200;2215;+0100;0;AF_1701-AF_5008
MAD;0705;+0200;1225;+0100;0;BA_455-BA_5957
MAD;1500;+0200;2025;+0100;0;BA_7060-BA_5977
MAD;1240;+0200;1810;+0100;0;BA_7056-BA_5969
MAD;1235;+0200;1810;+0100;0;BA_457-BA_5969
MAD;1420;+0200;1955;+0100;0;BA_459-BA_5847
MAD;0800;+0200;1340;+0100;0;KL_1710-KL_3155
MAD;1645;+0200;2225;+0100;0;BA_8754-BA_5983
MAD;0950;+0200;1535;+0100;0;BA_7062-BA_5965
MAD;1335;+0200;1925;+0100;0;BA_7066-BA_5975
MAD;1355;+0200;1945;+0100;0;AF_1631-AF_5010
MAD;1630;+0200;2225;+0100;0;BA_7058-BA_5983
MAD;1420;+0200;2025;+0100;0;BA_459-BA_5977
MAD;0750;+0200;1400;+0100;0;UX_1027-UX_3573
MAD;0750;+0200;1400;+0100;0;AF_1831-AF_5006
MAD;0950;+0200;1600;+0100;0;BA_7062-BA_5843
MAD;0740;+0200;1355;+0100;0;BA_8752-BA_5959
MAD;1625;+0200;2240;+0100;0;LH_1115-LH_982
MAD;1335;+0200;1955;+0100;0;BA_7066-BA_5847
MAD;1140;+0200;1805;+0100;0;SK_9947-SK_2537
MAD;1430;+0200;2055;+0100;0;MA_581-MA_622
MAD;1500;+0200;2125;+0100;0;BA_7060-BA_5979
MAD;1015;+0200;1645;+0100;0;UX_3435-UX_3575
MAD;1015;+0200;1645;+0100;0;AF_1001-AF_5014
MAD;1610;+0200;2240;+0100;0;LH_1115-LH_982
MAD;0855;+0200;1535;+0100;0;BA_7054-BA_5965
MAD;1535;+0200;2215;+0100;0;AF_1601-AF_5008
MAD;1535;+0200;2215;+0100;0;UX_3441-UX_3579
MAD;0715;+0200;1400;+0100;0;AF_2101-AF_5006
MAD;0715;+0200;1400;+0100;0;UX_3431-UX_3573
MAD;1040;+0200;1725;+0100;0;LH_1111-LH_980
MAD;1240;+0200;1925;+0100;0;BA_7056-BA_5975
MAD;1600;+0200;2215;+0100;0;UX_3979-UX_3475-UX_3579
MAD;1355;+0200;2040;+0100;0;AF_1631-AF_5026-AF_5121
MAD;1355;+0200;2040;+0100;0;AF_1631-AF_5024-AF_5121
MUC;0735;+0200;1035;+0100;0;LX_3619-LX_400
MUC;0705;+0200;1010;+0100;0;KL_1790-KL_3153
MUC;1410;+0200;1735;+0100;0;KL_1796-KL_3159
MUC;1350;+0200;1725;+0100;0;LH_113-LH_980
MUC;1610;+0200;1945;+0100;0;AF_2023-AF_5010
MUC;1200;+0200;1540;+0100;0;KL_1794-KL_3157
MUC;1830;+0200;2215;+0100;0;AF_2323-AF_5008
MUC;1855;+0200;2240;+0100;0;LH_121-LH_982
MUC;0630;+0200;1020;+0100;0;SK_3688-SK_537
MUC;0715;+0200;1105;+0100;0;LH_101-LH_978
MUC;1255;+0200;1645;+0100;0;AF_1723-AF_5014
MUC;1730;+0200;2120;+0100;0;KL_1798-KL_3161
MUC;0720;+0200;1115;+0100;0;AF_1123-AF_5004
MUC;1730;+0200;2125;+0100;0;BA_955-BA_5979
MUC;0710;+0200;1115;+0100;0;BA_947-BA_5955
MUC;1620;+0200;2025;+0100;0;BA_953-BA_5977
MUC;0930;+0200;1340;+0100;0;KL_1792-KL_3155
MUC;1255;+0200;1710;+0100;0;BA_951-BA_5967
MUC;0930;+0200;1400;+0100;0;AF_1423-AF_5006
MUC;1525;+0200;1955;+0100;0;LH_2478-LH_6505
MUC;0745;+0200;1225;+0100;0;BD_3270-BD_123
MUC;0915;+0200;1355;+0100;0;LH_2472-LH_6633
MUC;1755;+0200;2240;+0100;0;LH_119-LH_982
MUC;1315;+0200;1805;+0100;0;SK_1666-SK_2537
MUC;0610;+0200;1105;+0100;0;LH_99-LH_978
MUC;1730;+0200;2225;+0100;0;BA_955-BA_5983
MUC;0605;+0200;1105;+0100;0;LH_99-LH_978
MUC;1315;+0200;1820;+0100;0;LH_2476-LH_6483
MUC;1315;+0200;1820;+0100;0;BD_3276-BD_125
MUC;1620;+0200;2125;+0100;0;BA_953-BA_5979
MUC;0710;+0200;1225;+0100;0;BA_947-BA_5957
MUC;1155;+0200;1710;+0100;0;BA_949-BA_5967
MUC;1255;+0200;1810;+0100;0;BA_951-BA_5969
MUC;1525;+0200;2040;+0100;0;BD_3278-BD_131
MUC;1200;+0200;1735;+0100;0;KL_1794-KL_3159
MUC;1315;+0200;1850;+0100;0;NZ_4550-NZ_4479
MUC;1315;+0200;1850;+0100;0;LH_2476-LH_6503
MUC;1315;+0200;1850;+0100;0;BD_3276-BD_129
MUC;0640;+0200;1225;+0100;0;BD_3032-BD_123
MUC;1140;+0200;1725;+0100;0;LH_111-LH_980
MUC;1645;+0200;2240;+0100;0;LH_117-LH_982
MUC;0750;+0200;1350;+0100;0;IB_3537-IB_8070
MUC;1610;+0200;2215;+0100;0;AF_2023-AF_5008
MUC;1620;+0200;2225;+0100;0;BA_953-BA_5983
MUC;0745;+0200;1355;+0100;0;LH_2470-LH_6633
MUC;0930;+0200;1540;+0100;0;KL_1792-KL_3157
MUC;1035;+0200;1645;+0100;0;AF_1523-AF_5014
MUC;1155;+0200;1810;+0100;0;BA_949-BA_5969
MUC;1255;+0200;1925;+0100;0;BA_951-BA_5975
MUC;1435;+0200;1955;+0100;0;LH_2012-LH_3384-LH_6505
MUC;1715;+0200;2240;+0100;0;LH_2048-LH_197-LH_982
MUC;1715;+0200;2240;+0100;0;LH_2048-LH_199-LH_982
MUC;1350;+0200;1955;+0100;0;LH_113-LH_914-LH_6505
MUC;1105;+0200;1725;+0100;0;LH_2036-LH_187-LH_980
CPH;0905;+0200;1020;+0100;0;SK_537
CPH;1650;+0200;1805;+0100;0;SK_2537
CPH;0815;+0200;1120;+0100;0;SK_1462-SK_4603
CPH;1425;+0200;1735;+0100;0;KL_1130-KL_3159
CPH;1930;+0200;2240;+0100;0;LH_831-LH_982
CPH;1015;+0200;1340;+0100;0;KL_1126-KL_3155
CPH;0720;+0200;1105;+0100;0;SK_402-SK_535
CPH;1735;+0200;2120;+0100;0;KL_1132-KL_3161
CPH;1010;+0200;1400;+0100;0;AF_1751-AF_5006
CPH;1145;+0200;1540;+0100;0;KL_1128-KL_3157
CPH;1455;+0200;1850;+0100;0;SK_505-SK_9719
CPH;1455;+0200;1850;+0100;0;BD_3705-BD_129
CPH;1630;+0200;2025;+0100;0;BA_817-BA_5977
CPH;0720;+0200;1120;+0100;0;SK_454-SK_4603
CPH;1555;+0200;1955;+0100;0;SK_1517-SK_9775
CPH;0700;+0200;1105;+0100;0;LH_6219-LH_978
CPH;0600;+0200;1010;+0100;0;KL_1124-KL_3153
CPH;1400;+0200;1810;+0100;0;BA_815-BA_5969
CPH;1805;+0200;2215;+0100;0;AF_1051-AF_5008
CPH;0655;+0200;1115;+0100;0;AF_1351-AF_5004
CPH;1525;+0200;1945;+0100;0;AF_2351-AF_5010
CPH;1805;+0200;2225;+0100;0;BA_819-BA_5983
CPH;0755;+0200;1225;+0100;0;BA_811-BA_5957
CPH;1100;+0200;1535;+0100;0;BA_813-BA_5965
CPH;0745;+0200;1225;+0100;0;BD_3701-BD_123
CPH;1555;+0200;2040;+0100;0;BD_3715-BD_131
CPH;1630;+0200;2125;+0100;0;BA_817-BA_5979
CPH;1455;+0200;1955;+0100;0;SK_505-SK_9775
CPH;1740;+0200;2240;+0100;0;LH_6225-LH_982
CPH;0600;+0200;1105;+0100;0;LH_833-LH_978
CPH;1015;+0200;1540;+0100;0;KL_1126-KL_3157
CPH;1400;+0200;1925;+0100;0;BA_815-BA_5975
CPH;1645;+0200;2225;+0100;0;BA_8468-BA_5983
CPH;1455;+0200;2040;+0100;0;BD_3705-BD_131
CPH;1145;+0200;1735;+0100;0;KL_1128-KL_3159
CPH;1400;+0200;1955;+0100;0;BA_815-BA_5847
CPH;1630;+0200;2225;+0100;0;BA_817-BA_5983
CPH;1645;+0200;2240;+0100;0;LH_829-LH_982
CPH;0755;+0200;1355;+0100;0;BA_811-BA_5959
CPH;0745;+0200;1355;+0100;0;SK_501-SK_9757
CPH;1100;+0200;1710;+0100;0;BA_813-BA_5967
CPH;1200;+0200;1820;+0100;0;BD_3703-BD_125
CPH;1020;+0200;1645;+0100;0;AF_1751-AF_5014
CPH;1400;+0200;2025;+0100;0;BA_815-BA_5977
CPH;0720;+0200;1355;+0100;0;BA_8466-BA_5959
CPH;1010;+0200;1645;+0100;0;AF_1751-AF_5014
CPH;1300;+0200;1945;+0100;0;AF_2051-AF_5010
CPH;1405;+0200;1955;+0100;0;LH_6213-LH_3384-LH_6505
CPH;0600;+0200;1225;+0100;0;BD_3417-BD_3214-BD_123
CPH;1415;+0200;2040;+0100;0;BD_3738-BD_3853-BD_131
BER;1950;+0200;2240;+0100;0;LH_199-LH_982
BER;0755;+0200;1105;+0100;0;LH_175-LH_978
BER;1420;+0200;1735;+0100;0;KL_1826-KL_3159
BER;1020;+0200;1340;+0100;0;KL_1822-KL_3155
BER;1215;+0200;1540;+0100;0;KL_1824-KL_3157
BER;1835;+0200;2215;+0100;0;AF_2335-AF_5008
BER;1900;+0200;2240;+0100;0;LH_197-LH_982
BER;0650;+0200;1035;+0100;0;LX_963-LX_400
BER;1340;+0200;1725;+0100;0;LH_187-LH_980
BER;1640;+0200;2025;+0100;0;BA_985-BA_5977
BER;1555;+0200;1945;+0100;0;AF_2035-AF_5010
BER;0720;+0200;1115;+0100;0;BA_981-BA_5955
BER;1250;+0200;1645;+0100;0;AF_1735-AF_5014
BER;1725;+0200;2120;+0100;0;KL_1830-KL_3161
BER;0715;+0200;1115;+0100;0;AF_1135-AF_5004
BER;1405;+0200;1805;+0100;0;SK_1676-SK_2537
BER;0710;+0200;1115;+0100;0;AF_1135-AF_5004
BER;0955;+0200;1400;+0100;0;AF_1435-AF_5006
BER;0600;+0200;1010;+0100;0;KL_1818-KL_3153
BER;0655;+0200;1105;+0100;0;LH_173-LH_978
BER;1400;+0200;1820;+0100;0;LH_6490-LH_6483
BER;1820;+0200;2240;+0100;0;LH_195-LH_982
BER;1105;+0200;1535;+0100;0;BA_991-BA_5965
BER;1640;+0200;2125;+0100;0;BA_985-BA_5979
BER;1220;+0200;1710;+0100;0;BA_983-BA_5967
BER;1400;+0200;1850;+0100;0;LH_6490-LH_6503
BER;1400;+0200;1850;+0100;0;NZ_4494-NZ_4479
BER;0610;+0200;1105;+0100;0;LH_171-LH_978
BER;0730;+0200;1225;+0100;0;BD_840-BD_123
BER;1430;+0200;1925;+0100;0;BA_993-BA_5975
BER;0605;+0200;1105;+0100;0;LH_171-LH_978
BER;0720;+0200;1225;+0100;0;BA_981-BA_5957
BER;1730;+0200;2240;+0100;0;LH_193-LH_982
BER;1210;+0200;1725;+0100;0;LH_185-LH_980
BER;1020;+0200;1540;+0100;0;KL_1822-KL_3157
BER;1205;+0200;1725;+0100;0;LH_185-LH_980
BER;1215;+0200;1735;+0100;0;KL_1824-KL_3159
BER;1300;+0200;1820;+0100;0;BD_844-BD_125
BER;1430;+0200;1955;+0100;0;BA_993-BA_5847
BER;1640;+0200;2225;+0100;0;BA_985-BA_5983
BER;1220;+0200;1810;+0100;0;BA_983-BA_5969
BER;1300;+0200;1850;+0100;0;BD_844-BD_129
BER;1400;+0200;1955;+0100;0;LH_6490-LH_6505
BER;1430;+0200;2025;+0100;0;BA_993-BA_5977
BER;1105;+0200;1710;+0100;0;BA_991-BA_5967
BER;1105;+0200;1725;+0100;0;LH_183-LH_980
BER;1555;+0200;2215;+0100;0;AF_2035-AF_5008
BER;0730;+0200;1355;+0100;0;LH_6488-LH_6633
BER;0720;+0200;1350;+0100;0;IB_3549-IB_8070
BER;1055;+0200;1725;+0100;0;LH_183-LH_980
BER;1705;+0200;2240;+0100;0;LH_2043-LH_121-LH_982
BER;1405;+0200;1955;+0100;0;SK_1676-SK_1517-SK_9775
BER;1405;+0200;1955;+0100;0;LH_2737-LH_3384-LH_6505
BER;1445;+0200;2040;+0100;0;BD_3589-BD_3234-BD_131
BER;0755;+0200;1355;+0100;0;LH_175-LH_904-LH_6633
BER;1350;+0200;1955;+0100;0;LH_5574-LH_5596-LH_6505
BER;1115;+0200;1725;+0100;0;LH_2035-LH_113-LH_980
BER;1340;+0200;1955;+0100;0;LH_187-LH_914-LH_6505
BER;0605;+0200;1225;+0100;0;BD_3577-BD_3214-BD_123
BER;1620;+0200;2240;+0100;0;LH_2041-LH_121-LH_982
BER;1100;+0200;1725;+0100;0;LH_2035-LH_113-LH_980
STO;0925;+0200;1105;+0100;0;SK_535
STO;0710;+0200;1020;+0100;0;SK_1417-SK_537
STO;0630;+0200;1010;+0100;0;KL_1106-KL_3153
STO;0730;+0200;1120;+0100;0;SK_481-SK_4603
STO;0940;+0200;1340;+0100;0;KL_1108-KL_3155
STO;1720;+0200;2120;+0100;0;KL_1116-KL_3161
STO;0610;+0200;1020;+0100;0;SK_1415-SK_537
STO;0700;+0200;1120;+0100;0;SK_485-SK_4603
STO;1345;+0200;1805;+0100;0;SK_1423-SK_2537
STO;0650;+0200;1115;+0100;0;AF_1463-AF_5004
STO;1310;+0200;1735;+0100;0;KL_1110-KL_3159
STO;1615;+0200;2040;+0100;0;BD_3853-BD_131
STO;0755;+0200;1225;+0100;0;BD_3841-BD_123
STO;1525;+0200;1955;+0100;0;SK_527-SK_9775
STO;1210;+0200;1645;+0100;0;AF_1763-AF_5014
STO;0620;+0200;1105;+0100;0;LH_809-LH_978
STO;1240;+0200;1725;+0100;0;LH_803-LH_980
STO;1540;+0200;2025;+0100;0;BA_779-BA_5977
STO;1205;+0200;1710;+0100;0;BA_777-BA_5967
STO;1440;+0200;1945;+0100;0;AF_2063-AF_5010
STO;0710;+0200;1225;+0100;0;BA_771-BA_5957
STO;1525;+0200;2040;+0100;0;BD_3845-BD_131
STO;1300;+0200;1820;+0100;0;BD_3847-BD_125
STO;1220;+0200;1805;+0100;0;SK_1421-SK_2537
STO;1540;+0200;2125;+0100;0;BA_779-BA_5979
STO;1300;+0200;1850;+0100;0;BD_3847-BD_129
STO;1650;+0200;2240;+0100;0;LH_6203-LH_982
STO;0755;+0200;1355;+0100;0;TG_6224-TG_7008
STO;0755;+0200;1355;+0100;0;SK_525-SK_9757
STO;0940;+0200;1540;+0100;0;KL_1108-KL_3157
STO;1205;+0200;1810;+0100;0;BA_777-BA_5969
STO;0735;+0200;1355;+0100;0;BA_8490-BA_5959
STO;0710;+0200;1355;+0100;0;BA_771-BA_5959
STO;1540;+0200;2225;+0100;0;BA_779-BA_5983
STO;1030;+0200;1725;+0100;0;LH_801-LH_980
STO;1115;+0200;1820;+0100;0;BD_3843-BD_125
STO;0630;+0200;1340;+0100;0;KL_1106-KL_3155
STO;0650;+0200;1400;+0100;0;AF_1463-AF_5006
STO;1205;+0200;1925;+0100;0;BA_777-BA_5975
STO;1515;+0200;2240;+0100;0;LH_6229-LH_982
STO;0610;+0200;1120;+0100;0;SK_1415-SK_1462-SK_4603
STO;1345;+0200;1955;+0100;0;SK_1423-SK_1517-SK_9775
STO;1340;+0200;1955;+0100;0;SK_495-SK_809-SK_9775
STO;1220;+0200;1850;+0100;0;BD_3745-BD_3705-BD_129
STO;1220;+0200;1850;+0100;0;SK_1421-SK_505-SK_9719
STO;1125;+0200;1805;+0100;0;SK_157-SK_439-SK_2537
STO;1355;+0200;2040;+0100;0;BD_5466-BD_5435-BD_131
STO;1345;+0200;2040;+0100;0;BD_3751-BD_3715-BD_131
STO;1240;+0200;1955;+0100;0;LH_803-LH_914-LH_6505
STO;1230;+0200;1955;+0100;0;SK_861-SK_809-SK_9775
DUS;1435;+0200;1725;+0100;0;LH_81-LH_980
DUS;1440;+0200;1735;+0100;0;KL_1858-KL_3159
DUS;1820;+0200;2120;+0100;0;KL_1862-KL_3161
DUS;1055;+0200;1400;+0100;0;AF_1307-AF_5006
DUS;1050;+0200;1400;+0100;0;AF_1307-AF_5006
DUS;0720;+0200;1035;+0100;0;LX_3633-LX_400
DUS;1225;+0200;1540;+0100;0;KL_1856-KL_3157
DUS;1640;+0200;1955;+0100;0;LH_3384-LH_6505
DUS;1625;+0200;1945;+0100;0;AF_1907-AF_5010
DUS;1805;+0200;2125;+0100;0;BA_943-BA_5979
DUS;1320;+0200;1645;+0100;0;AF_1607-AF_5014
DUS;0650;+0200;1020;+0100;0;SK_620-SK_537
DUS;1905;+0200;2240;+0100;0;LH_87-LH_982
DUS;1330;+0200;1710;+0100;0;BA_939-BA_5967
DUS;1645;+0200;2025;+0100;0;BA_941-BA_5977
DUS;0625;+0200;1010;+0100;0;KL_1852-KL_3153
DUS;0645;+0200;1035;+0100;0;LX_1029-LX_400
DUS;0725;+0200;1115;+0100;0;AF_1107-AF_5004
DUS;0720;+0200;1115;+0100;0;AF_1107-AF_5004
DUS;0715;+0200;1115;+0100;0;BA_935-BA_5955
DUS;1640;+0200;2040;+0100;0;BD_3242-BD_131
DUS;0710;+0200;1120;+0100;0;SK_8572-SK_4603
DUS;0650;+0200;1105;+0100;0;SK_3696-SK_535
DUS;1805;+0200;2225;+0100;0;BA_943-BA_5983
DUS;1325;+0200;1805;+0100;0;SK_626-SK_2537
DUS;1330;+0200;1810;+0100;0;BA_939-BA_5969
DUS;1645;+0200;2125;+0100;0;BA_941-BA_5979
DUS;1800;+0200;2240;+0100;0;LH_85-LH_982
DUS;0715;+0200;1205;+0100;0;BA_935-BA_5835
DUS;1045;+0200;1535;+0100;0;BA_937-BA_5965
DUS;1725;+0200;2215;+0100;0;AF_2207-AF_5008
DUS;0605;+0200;1105;+0100;0;LH_73-LH_978
DUS;0715;+0200;1225;+0100;0;BA_935-BA_5957
DUS;1225;+0200;1735;+0100;0;KL_1856-KL_3159
DUS;1045;+0200;1600;+0100;0;BA_937-BA_5843
DUS;0820;+0200;1340;+0100;0;KL_1854-KL_3155
DUS;0700;+0200;1225;+0100;0;BD_3250-BD_123
DUS;1200;+0200;1725;+0100;0;LH_79-LH_980
DUS;1645;+0200;2225;+0100;0;BA_941-BA_5983
DUS;1055;+0200;1645;+0100;0;AF_1307-AF_5014
DUS;1625;+0200;2215;+0100;0;AF_1907-AF_5008
DUS;1050;+0200;1645;+0100;0;AF_1307-AF_5014
DUS;1330;+0200;1925;+0100;0;BA_939-BA_5975
DUS;0750;+0200;1350;+0100;0;IB_3597-IB_8070
DUS;1045;+0200;1710;+0100;0;BA_937-BA_5967
DUS;1320;+0200;1945;+0100;0;AF_1607-AF_5010
DUS;1330;+0200;1955;+0100;0;BA_939-BA_5847
DUS;1725;+0200;2240;+0100;0;LH_2714-LH_27-LH_982
DUS;1435;+0200;1955;+0100;0;LH_81-LH_914-LH_6505
DUS;1155;+0200;1725;+0100;0;LH_2734-LH_187-LH_980
DUS;0645;+0200;1225;+0100;0;BD_3690-BD_581-BD_123
DUS;1700;+0200;2240;+0100;0;LH_2740-LH_197-LH_982
DUS;1700;+0200;2240;+0100;0;LH_2740-LH_199-LH_982
DUS;1435;+0200;2040;+0100;0;BD_3311-BD_3220-BD_131
DUS;1435;+0200;2040;+0100;0;BD_3311-BD_3234-BD_131
DUS;1630;+0200;2240;+0100;0;LH_2013-LH_121-LH_982
DUS;0605;+0200;1225;+0100;0;BD_3313-BD_3214-BD_123
DUS;1200;+0200;1820;+0100;0;LH_79-LH_908-LH_6483
DUS;1200;+0200;1820;+0100;0;BD_3319-BD_3208-BD_125
DUS;0730;+0200;1355;+0100;0;LH_2025-LH_2472-LH_6633
DUS;1155;+0200;1820;+0100;0;LH_2734-LH_6490-LH_6483
DUS;1150;+0200;1820;+0100;0;BD_3684-BD_589-BD_125
DUS;1150;+0200;1820;+0100;0;LH_3432-LH_6523-LH_6483
DUS;1325;+0200;1955;+0100;0;SK_626-SK_1517-SK_9775
MAN;1540;+0100;1635;+0100;0;EI_207
MAN;1955;+0100;2050;+0100;0;EI_215
MAN;0800;+0100;0900;+0100;0;EI_203
MAN;1705;+0100;2040;+0100;0;BD_573-BD_131
MAN;1740;+0100;2120;+0100;0;KL_1094-KL_3161
MAN;0600;+0100;1010;+0100;0;KL_1072-KL_3153
MAN;1325;+0100;1735;+0100;0;KL_1084-KL_3159
MAN;0810;+0100;1225;+0100;0;BD_581-BD_123
MAN;0940;+0100;1400;+0100;0;AF_1669-AF_5006
MAN;0930;+0100;1355;+0100;0;LH_6557-LH_6633
MAN;0930;+0100;1355;+0100;0;TG_7029-TG_7008
MAN;0930;+0100;1400;+0100;0;AF_1669-AF_5006
MAN;1110;+0100;1540;+0100;0;KL_1082-KL_3157
MAN;1350;+0100;1820;+0100;0;LH_6523-LH_6483
MAN;1350;+0100;1820;+0100;0;BD_589-BD_125
MAN;0905;+0100;1340;+0100;0;KL_1074-KL_3155
MAN;1505;+0100;1945;+0100;0;UX_3508-UX_3577
MAN;1505;+0100;1945;+0100;0;AF_2269-AF_5010
MAN;0910;+0100;1355;+0100;0;LH_6555-LH_6633
MAN;1350;+0100;1850;+0100;0;LH_6523-LH_6503
MAN;1350;+0100;1850;+0100;0;BD_589-BD_129
HAM;1440;+0200;1735;+0100;0;KL_1782-KL_3159
HAM;1825;+0200;2120;+0100;0;KL_1784-KL_3161
HAM;0805;+0200;1105;+0100;0;LH_5-LH_978
HAM;1930;+0200;2240;+0100;0;LH_27-LH_982
HAM;0715;+0200;1035;+0100;0;LX_3645-LX_400
HAM;1400;+0200;1725;+0100;0;LH_17-LH_980
HAM;0735;+0200;1105;+0100;0;LH_3-LH_978
HAM;1855;+0200;2225;+0100;0;BA_967-BA_5983
HAM;1205;+0200;1540;+0100;0;KL_1780-KL_3157
HAM;0735;+0200;1115;+0100;0;AF_2511-AF_5004
HAM;0635;+0200;1020;+0100;0;SK_648-SK_537
HAM;1300;+0200;1645;+0100;0;AF_1711-AF_5014
HAM;1010;+0200;1400;+0100;0;AF_1411-AF_5006
HAM;1850;+0200;2240;+0100;0;LH_25-LH_982
HAM;1415;+0200;1810;+0100;0;BA_969-BA_5969
HAM;0610;+0200;1010;+0100;0;KL_1776-KL_3153
HAM;0705;+0200;1105;+0100;0;SK_3666-SK_535
HAM;0710;+0200;1115;+0100;0;AF_2511-AF_5004
HAM;0705;+0200;1115;+0100;0;BA_963-BA_5955
HAM;0645;+0200;1105;+0100;0;LH_31-LH_978
HAM;1115;+0200;1535;+0100;0;BA_965-BA_5965
HAM;0650;+0200;1120;+0100;0;SK_3662-SK_4603
HAM;1335;+0200;1805;+0100;0;SK_1648-SK_2537
HAM;1745;+0200;2215;+0100;0;AF_2311-AF_5008
HAM;1810;+0200;2240;+0100;0;LH_23-LH_982
HAM;0850;+0200;1340;+0100;0;KL_1778-KL_3155
HAM;0730;+0200;1225;+0100;0;BD_3300-BD_123
HAM;1325;+0200;1820;+0100;0;BD_3302-BD_125
HAM;1325;+0200;1820;+0100;0;LH_3392-LH_6483
HAM;0605;+0200;1105;+0100;0;LH_1-LH_978
HAM;0705;+0200;1205;+0100;0;BA_963-BA_5835
HAM;1225;+0200;1725;+0100;0;LH_15-LH_980
HAM;1415;+0200;1925;+0100;0;BA_969-BA_5975
HAM;0705;+0200;1225;+0100;0;BA_963-BA_5957
HAM;1325;+0200;1850;+0100;0;BD_3302-BD_129
HAM;1325;+0200;1850;+0100;0;LH_3392-LH_6503
HAM;1205;+0200;1735;+0100;0;KL_1780-KL_3159
HAM;1415;+0200;1955;+0100;0;BA_969-BA_5847
HAM;1700;+0200;2240;+0100;0;LH_21-LH_982
HAM;1115;+0200;1710;+0100;0;BA_965-BA_5967
HAM;1520;+0200;2040;+0100;0;BD_2949-BD_3234-BD_131
HAM;0805;+0200;1355;+0100;0;LH_5-LH_904-LH_6633
HAM;1400;+0200;1955;+0100;0;LH_17-LH_914-LH_6505
ZRH;0920;+0200;1035;+0100;0;LX_400
ZRH;1635;+0200;1945;+0100;0;AF_5105-AF_5010
ZRH;0655;+0200;1010;+0100;0;KL_1952-KL_3153
ZRH;0750;+0200;1105;+0100;0;LH_1183-LH_978
ZRH;1415;+0200;1735;+0100;0;KL_1960-KL_3159
ZRH;1530;+0200;1850;+0100;0;BD_6784-BD_129
ZRH;1705;+0200;2040;+0100;0;BD_6786-BD_131
ZRH;1905;+0200;2240;+0100;0;LH_5779-LH_982
ZRH;0735;+0200;1115;+0100;0;AF_5111-AF_5004
ZRH;1330;+0200;1710;+0100;0;BA_713-BA_5967
ZRH;1155;+0200;1540;+0100;0;KL_1958-KL_3157
ZRH;1340;+0200;1725;+0100;0;LH_1191-LH_980
ZRH;1730;+0200;2120;+0100;0;KL_1962-KL_3161
ZRH;1530;+0200;1925;+0100;0;BA_715-BA_5975
ZRH;0705;+0200;1105;+0100;0;LH_5771-LH_978
ZRH;0950;+0200;1400;+0100;0;AF_5101-AF_5006
ZRH;0700;+0200;1115;+0100;0;BA_709-BA_5955
ZRH;0925;+0200;1340;+0100;0;KL_1954-KL_3155
ZRH;1350;+0200;1805;+0100;0;SK_604-SK_2537
ZRH;1710;+0200;2125;+0100;0;BA_717-BA_5979
ZRH;0700;+0200;1120;+0100;0;SK_3516-SK_4603
ZRH;1750;+0200;2215;+0100;0;AF_5107-AF_5008
ZRH;1810;+0200;2240;+0100;0;LH_1197-LH_982
ZRH;1330;+0200;1810;+0100;0;BA_713-BA_5969
ZRH;1040;+0200;1535;+0100;0;BA_711-BA_5965
ZRH;1530;+0200;2025;+0100;0;BA_715-BA_5977
ZRH;1225;+0200;1725;+0100;0;LH_5775-LH_980
ZRH;0715;+0200;1225;+0100;0;BD_6858-BD_123
ZRH;1530;+0200;2040;+0100;0;BD_6784-BD_131
ZRH;1710;+0200;2225;+0100;0;BA_717-BA_5983
ZRH;0705;+0200;1225;+0100;0;BD_6790-BD_123
ZRH;1040;+0200;1600;+0100;0;BA_711-BA_5843
ZRH;0700;+0200;1225;+0100;0;BA_709-BA_5957
ZRH;1700;+0200;2225;+0100;0;BA_8766-BA_5983
ZRH;1155;+0200;1735;+0100;0;KL_1958-KL_3159
ZRH;1635;+0200;2215;+0100;0;AF_5105-AF_5008
ZRH;1220;+0200;1805;+0100;0;SK_3504-SK_2537
ZRH;1520;+0200;2040;+0100;0;BD_3559-BD_3234-BD_131
BCN;0735;+0200;1115;+0100;0;AF_2149-AF_5004
BCN;0625;+0200;1010;+0100;0;KL_1662-KL_3153
BCN;1255;+0200;1645;+0100;0;AF_1349-AF_5014
BCN;1555;+0200;1945;+0100;0;AF_1649-AF_5010
BCN;1820;+0200;2215;+0100;0;AF_1949-AF_5008
BCN;1820;+0200;2215;+0100;0;UX_3475-UX_3579
BCN;0950;+0200;1350;+0100;0;IB_6775-IB_8070
BCN;0630;+0200;1035;+0100;0;LX_1951-LX_400
BCN;0650;+0200;1105;+0100;0;LH_1139-LH_978
BCN;0930;+0200;1350;+0100;0;IB_6757-IB_8070
BCN;1315;+0200;1735;+0100;0;KL_1672-KL_3159
BCN;0650;+0200;1115;+0100;0;UX_3249-UX_3571
BCN;0650;+0200;1115;+0100;0;AF_2349-AF_5004
BCN;1100;+0200;1535;+0100;0;BA_479-BA_5965
BCN;1105;+0200;1540;+0100;0;KL_1666-KL_3157
BCN;0910;+0200;1350;+0100;0;IB_6755-IB_8070
BCN;1325;+0200;1810;+0100;0;BA_485-BA_5969
BCN;1440;+0200;1925;+0100;0;BA_489-BA_5975
BCN;1640;+0200;2125;+0100;0;BA_475-BA_5979
BCN;1230;+0200;1725;+0100;0;LH_1127-LH_980
BCN;1620;+0200;2120;+0100;0;KL_1674-KL_3161
BCN;0845;+0200;1350;+0100;0;IB_6753-IB_8070
BCN;0715;+0200;1225;+0100;0;BA_477-BA_5957
BCN;0810;+0200;1340;+0100;0;KL_1664-KL_3155
BCN;1140;+0200;1710;+0100;0;BA_479-BA_5967
BCN;1140;+0200;1710;+0100;0;BA_473-BA_5967
BCN;1440;+0200;2025;+0100;0;BA_489-BA_5977
BCN;1640;+0200;2225;+0100;0;BA_475-BA_5983
BCN;1325;+0200;1925;+0100;0;BA_485-BA_5975
BCN;1100;+0200;1710;+0100;0;BA_479-BA_5967
BCN;1315;+0200;1925;+0100;0;BA_8472-BA_5975
BCN;1025;+0200;1645;+0100;0;AF_1149-AF_5014
BCN;1025;+0200;1645;+0100;0;UX_3495-UX_3575
BCN;1555;+0200;2215;+0100;0;AF_1649-AF_5008
BCN;1555;+0200;2215;+0100;0;UX_3649-UX_3579
BCN;0725;+0200;1350;+0100;0;IB_2701-IB_8070
BCN;0735;+0200;1400;+0100;0;UX_3491-UX_3573
BCN;0735;+0200;1400;+0100;0;AF_2149-AF_5006
BCN;0720;+0200;1350;+0100;0;IB_6793-IB_8070
BCN;1105;+0200;1735;+0100;0;KL_1666-KL_3159
BCN;1140;+0200;1810;+0100;0;BA_479-BA_5969
BCN;1140;+0200;1810;+0100;0;BA_473-BA_5969
BCN;1325;+0200;1955;+0100;0;BA_485-BA_5847
BCN;1605;+0200;2240;+0100;0;LH_1129-LH_982
BCN;0715;+0200;1355;+0100;0;BA_477-BA_5959
BCN;1315;+0200;1955;+0100;0;BA_8472-BA_5847
BCN;1040;+0200;1725;+0100;0;LH_1125-LH_980
BCN;1440;+0200;2125;+0100;0;BA_489-BA_5979
BCN;1100;+0200;1645;+0100;0;AF_3203-AF_7627-AF_5014
BCN;1420;+0200;2040;+0100;0;AF_1231-AF_5026-AF_5121
BCN;1420;+0200;2040;+0100;0;AF_1231-AF_5024-AF_5121
OSL;1005;+0200;1120;+0100;0;SK_4603
OSL;0710;+0200;1020;+0100;0;SK_1463-SK_537
OSL;1420;+0200;1735;+0100;0;KL_1146-KL_3159
OSL;0745;+0200;1105;+0100;0;SK_848-SK_535
OSL;1410;+0200;1735;+0100;0;KL_1218-KL_3159
OSL;0630;+0200;1010;+0100;0;KL_1140-KL_3153
OSL;1155;+0200;1540;+0100;0;KL_1144-KL_3157
OSL;0610;+0200;1010;+0100;0;KL_1212-KL_3153
OSL;1720;+0200;2120;+0100;0;KL_1148-KL_3161
OSL;0615;+0200;1020;+0100;0;SK_3169-SK_537
OSL;0610;+0200;1020;+0100;0;SK_1461-SK_537
OSL;0930;+0200;1340;+0100;0;KL_1142-KL_3155
OSL;1345;+0200;1805;+0100;0;SK_1469-SK_2537
OSL;0755;+0200;1225;+0100;0;BA_761-BA_5957
OSL;1655;+0200;2125;+0100;0;BA_767-BA_5979
OSL;0750;+0200;1225;+0100;0;BD_3783-BD_123
OSL;0625;+0200;1105;+0100;0;LH_865-LH_978
OSL;0635;+0200;1115;+0100;0;UX_3552-UX_3571
OSL;0635;+0200;1115;+0100;0;AF_1275-AF_5004
OSL;1320;+0200;1805;+0100;0;SK_3051-SK_2537
OSL;1510;+0200;1955;+0100;0;SK_809-SK_9775
OSL;1505;+0200;1955;+0100;0;SK_809-SK_9775
OSL;1155;+0200;1710;+0100;0;BA_763-BA_5967
OSL;1510;+0200;2040;+0100;0;BD_3789-BD_131
OSL;1655;+0200;2225;+0100;0;BA_767-BA_5983
OSL;1155;+0200;1735;+0100;0;KL_1144-KL_3159
OSL;1220;+0200;1805;+0100;0;SK_1467-SK_2537
OSL;1645;+0200;2240;+0100;0;LH_6105-LH_982
OSL;0755;+0200;1355;+0100;0;BA_761-BA_5959
OSL;0750;+0200;1355;+0100;0;SK_803-SK_9757
OSL;0930;+0200;1540;+0100;0;KL_1142-KL_3157
OSL;1155;+0200;1810;+0100;0;BA_763-BA_5969
OSL;1025;+0200;1725;+0100;0;LH_859-LH_980
OSL;1245;+0200;1945;+0100;0;UX_3550-UX_3577
OSL;1245;+0200;1945;+0100;0;AF_2075-AF_5010
OSL;1420;+0200;2120;+0100;0;KL_1146-KL_3161
OSL;0630;+0200;1340;+0100;0;KL_1140-KL_3155
OSL;1410;+0200;2120;+0100;0;KL_1218-KL_3161
OSL;0635;+0200;1400;+0100;0;UX_3552-UX_3573
OSL;0635;+0200;1400;+0100;0;AF_1275-AF_5006
OSL;0610;+0200;1340;+0100;0;KL_1212-KL_3155
OSL;1155;+0200;1925;+0100;0;BA_763-BA_5975
OSL;0755;+0200;1535;+0100;0;BA_761-BA_5965
OSL;1040;+0200;1820;+0100;0;BD_3785-BD_125
OSL;0935;+0200;1725;+0100;0;LH_6231-LH_980
OSL;1005;+0200;1805;+0100;0;SK_1455-SK_2537
OSL;1155;+0200;1955;+0100;0;BA_763-BA_5847
OSL;0745;+0200;1355;+0100;0;SK_4009-SK_4629-SK_9757
OSL;1345;+0200;1955;+0100;0;SK_1469-SK_1517-SK_9775
OSL;1220;+0200;1850;+0100;0;BD_3869-BD_3705-BD_129
OSL;1220;+0200;1850;+0100;0;SK_1467-SK_505-SK_9719
OSL;1410;+0200;2040;+0100;0;AF_8314-AF_5194-AF_5121
OSL;1320;+0200;1955;+0100;0;SK_3051-SK_1517-SK_9775
OSL;0710;+0200;1355;+0100;0;SK_4007-SK_4629-SK_9757
OSL;1355;+0200;2040;+0100;0;BD_2931-BD_3234-BD_131
OSL;1100;+0200;1805;+0100;0;SK_864-SK_1423-SK_2537
OSL;1050;+0200;1805;+0100;0;SK_864-SK_1423-SK_2537
OSL;1230;+0200;1955;+0100;0;SK_868-SK_527-SK_9775
OSL;0625;+0200;1355;+0100;0;LH_865-LH_904-LH_6633
OSL;1220;+0200;1955;+0100;0;SK_1467-SK_1517-SK_9775
OSL;1220;+0200;1955;+0100;0;SK_1467-SK_505-SK_9775
OSL;1025;+0200;1820;+0100;0;LH_859-LH_908-LH_6483
OSL;1025;+0200;1820;+0100;0;BD_2929-BD_3208-BD_125
OSL;1245;+0200;2040;+0100;0;AF_2075-AF_5026-AF_5121
MIL;1935;+0200;2240;+0100;0;LH_277-LH_982
MIL;0800;+0200;1115;+0100;0;AZ_7844-AZ_3572
MIL;1630;+0200;1945;+0100;0;AZ_7352-AZ_3578
MIL;1630;+0200;1945;+0100;0;AF_1715-AF_5010
MIL;0650;+0200;1010;+0100;0;KL_1618-KL_3153
MIL;0645;+0200;1010;+0100;0;KL_1618-KL_3153
MIL;0710;+0200;1035;+0100;0;LX_1639-LX_400
MIL;1755;+0200;2120;+0100;0;KL_1628-KL_3161
MIL;1030;+0200;1400;+0100;0;AZ_7350-AZ_3574
MIL;1030;+0200;1400;+0100;0;AF_1115-AF_5006
MIL;0725;+0200;1105;+0100;0;LH_279-LH_978
MIL;1300;+0200;1645;+0100;0;AZ_7900-AZ_3580
MIL;1300;+0200;1645;+0100;0;AF_9701-AF_5014
MIL;1600;+0200;1945;+0100;0;AZ_7848-AZ_3578
MIL;1010;+0200;1400;+0100;0;AF_1213-AF_5006
MIL;1010;+0200;1400;+0100;0;AZ_7296-AZ_3574
MIL;1555;+0200;1945;+0100;0;AF_1713-AF_5010
MIL;1130;+0200;1535;+0100;0;BA_565-BA_5965
MIL;1810;+0200;2215;+0100;0;AZ_358-AZ_3576
MIL;1810;+0200;2215;+0100;0;AF_9813-AF_5008
MIL;0705;+0200;1115;+0100;0;AZ_7348-AZ_3572
MIL;0705;+0200;1115;+0100;0;AF_2515-AF_5004
MIL;0930;+0200;1340;+0100;0;KL_3418-KL_3155
MIL;1325;+0200;1735;+0100;0;KL_1624-KL_3159
MIL;0645;+0200;1105;+0100;0;LH_259-LH_978
MIL;0655;+0200;1115;+0100;0;AZ_300-AZ_3572
MIL;0655;+0200;1115;+0100;0;AF_9801-AF_5004
MIL;1350;+0200;1810;+0100;0;BA_577-BA_5969
MIL;1815;+0200;2240;+0100;0;LH_255-LH_982
MIL;0755;+0200;1225;+0100;0;BA_561-BA_5957
MIL;1305;+0200;1735;+0100;0;KL_1624-KL_3159
MIL;1555;+0200;2025;+0100;0;BA_563-BA_5977
MIL;1250;+0200;1725;+0100;0;LH_273-LH_980
MIL;1555;+0200;2040;+0100;0;AF_3704-AF_5121
MIL;1635;+0200;2120;+0100;0;KL_3416-KL_3161
MIL;1750;+0200;2240;+0100;0;LH_275-LH_982
MIL;1040;+0200;1540;+0100;0;KL_1620-KL_3157
MIL;1200;+0200;1710;+0100;0;BA_573-BA_5967
MIL;1700;+0200;2215;+0100;0;AZ_7816-AZ_3576
MIL;0835;+0200;1400;+0100;0;AF_9711-AF_5006
MIL;0835;+0200;1400;+0100;0;AZ_7086-AZ_3574
MIL;1555;+0200;2125;+0100;0;BA_563-BA_5979
MIL;1350;+0200;1925;+0100;0;BA_577-BA_5975
MIL;1130;+0200;1710;+0100;0;BA_565-BA_5967
MIL;1635;+0200;2215;+0100;0;AZ_7906-AZ_3576
MIL;1635;+0200;2215;+0100;0;AF_9703-AF_5008
MIL;1100;+0200;1645;+0100;0;AZ_7846-AZ_3580
MIL;1630;+0200;2215;+0100;0;AF_1715-AF_5008
MIL;1630;+0200;2215;+0100;0;AZ_7352-AZ_3576
MIL;0800;+0200;1350;+0100;0;IB_3635-IB_8070
MIL;0755;+0200;1355;+0100;0;BA_561-BA_5959
MIL;0800;+0200;1400;+0100;0;AZ_7844-AZ_3574
MIL;1125;+0200;1725;+0100;0;LH_249-LH_980
MIL;1350;+0200;1955;+0100;0;BA_577-BA_5847
MIL;0930;+0200;1540;+0100;0;KL_3418-KL_3157
MIL;1200;+0200;1810;+0100;0;BA_573-BA_5969
MIL;1030;+0200;1645;+0100;0;AF_1115-AF_5014
MIL;1030;+0200;1645;+0100;0;AZ_7350-AZ_3580
MIL;1600;+0200;2215;+0100;0;AZ_7848-AZ_3576
MIL;1555;+0200;2215;+0100;0;AF_1713-AF_5008
MIL;1555;+0200;2225;+0100;0;BA_563-BA_5983
MIL;0715;+0200;1350;+0100;0;IB_3629-IB_8070
MIL;1010;+0200;1645;+0100;0;AF_1213-AF_5014
MIL;1010;+0200;1645;+0100;0;AZ_7296-AZ_3580
MIL;1350;+0200;2025;+0100;0;BA_577-BA_5977
MIL;0710;+0200;1350;+0100;0;IB_3629-IB_8070
MIL;1130;+0200;1810;+0100;0;BA_565-BA_5969
MIL;0655;+0200;1340;+0100;0;KL_3624-KL_3155
MIL;1120;+0200;1805;+0100;0;SK_1686-SK_2537
MIL;1300;+0200;1945;+0100;0;AF_9701-AF_5010
MIL;1300;+0200;1945;+0100;0;AZ_7900-AZ_3578
MIL;1705;+0200;2240;+0100;0;LH_1861-LH_121-LH_982
MIL;1650;+0200;2240;+0100;0;LH_3197-LH_137-LH_982
MIL;1250;+0200;1850;+0100;0;LH_273-LH_910-LH_6503
MIL;1340;+0200;1955;+0100;0;LH_5536-LH_5596-LH_6505
MIL;0725;+0200;1355;+0100;0;LH_279-LH_904-LH_6633
MIL;1050;+0200;1725;+0100;0;LH_1855-LH_113-LH_980
MIL;1310;+0200;1955;+0100;0;LH_1857-LH_2478-LH_6505
VIE;1920;+0200;2240;+0100;0;LH_1243-LH_982
VIE;1410;+0200;1735;+0100;0;KL_1846-KL_3159
VIE;0655;+0200;1035;+0100;0;LX_1585-LX_400
VIE;1005;+0200;1400;+0100;0;AF_1139-AF_5006
VIE;0700;+0200;1105;+0100;0;LH_6331-LH_978
VIE;0935;+0200;1340;+0100;0;KL_1840-KL_3155
VIE;1315;+0200;1725;+0100;0;LH_6333-LH_980
VIE;1535;+0200;1945;+0100;0;AF_1739-AF_5010
VIE;1830;+0200;2240;+0100;0;LH_1241-LH_982
VIE;0700;+0200;1115;+0100;0;AF_1557-AF_5004
VIE;1310;+0200;1725;+0100;0;LH_6333-LH_980
VIE;0755;+0200;1225;+0100;0;BA_699-BA_5957
VIE;0620;+0200;1105;+0100;0;LH_1247-LH_978
VIE;1455;+0200;1945;+0100;0;AF_1657-AF_5010
VIE;1715;+0200;2215;+0100;0;AF_1757-AF_5008
VIE;1740;+0200;2240;+0100;0;LH_6335-LH_982
VIE;1415;+0200;1925;+0100;0;BA_701-BA_5975
VIE;1305;+0200;1820;+0100;0;LH_6404-LH_6483
VIE;1305;+0200;1820;+0100;0;BD_2811-BD_125
VIE;1150;+0200;1710;+0100;0;BA_697-BA_5967
VIE;1415;+0200;1955;+0100;0;BA_701-BA_5847
VIE;1305;+0200;1850;+0100;0;BD_2811-BD_129
VIE;1305;+0200;1850;+0100;0;OS_461-OS_8977
VIE;1305;+0200;1850;+0100;0;LH_6404-LH_6503
VIE;0635;+0200;1225;+0100;0;BD_2801-BD_123
VIE;0755;+0200;1355;+0100;0;BA_699-BA_5959
VIE;0935;+0200;1540;+0100;0;KL_1840-KL_3157
VIE;1415;+0200;2025;+0100;0;BA_701-BA_5977
VIE;1150;+0200;1810;+0100;0;BA_697-BA_5969
VIE;0725;+0200;1350;+0100;0;IB_3573-IB_8070
VIE;0725;+0200;1350;+0100;0;IB_8477-IB_8070
VIE;1055;+0200;1725;+0100;0;LH_1235-LH_980
VIE;1750;+0200;2240;+0100;0;LH_6323-LH_199-LH_982
VIE;1450;+0200;2040;+0100;0;BD_2985-BD_3234-BD_131
VIE;1650;+0200;2240;+0100;0;LH_6327-LH_121-LH_982
VIE;1100;+0200;1725;+0100;0;LH_2327-LH_113-LH_980
ROM;0650;+0200;1035;+0100;0;LX_1735-LX_400
ROM;0620;+0200;1010;+0100;0;KL_1596-KL_3153
ROM;0720;+0200;1115;+0100;0;AZ_7310-AZ_3572
ROM;0720;+0200;1115;+0100;0;AF_2305-AF_5004
ROM;1725;+0200;2120;+0100;0;KL_1604-KL_3161
ROM;1335;+0200;1735;+0100;0;KL_3402-KL_3159
ROM;1320;+0200;1725;+0100;0;LH_233-LH_980
ROM;1535;+0200;1945;+0100;0;AZ_330-AZ_3578
ROM;1535;+0200;1945;+0100;0;AF_9845-AF_5010
ROM;0700;+0200;1115;+0100;0;AZ_316-AZ_3572
ROM;0700;+0200;1115;+0100;0;AF_9831-AF_5004
ROM;1800;+0200;2215;+0100;0;AZ_7308-AZ_3576
ROM;1800;+0200;2215;+0100;0;AF_1905-AF_5008
ROM;1825;+0200;2240;+0100;0;LH_237-LH_982
ROM;1125;+0200;1600;+0100;0;BA_2543-BA_5843
ROM;1335;+0200;1810;+0100;0;BA_549-BA_5969
ROM;1255;+0200;1735;+0100;0;KL_1602-KL_3159
ROM;0620;+0200;1105;+0100;0;LH_243-LH_978
ROM;0855;+0200;1340;+0100;0;KL_3400-KL_3155
ROM;0855;+0200;1400;+0100;0;AF_9833-AF_5006
ROM;0855;+0200;1400;+0100;0;AZ_318-AZ_3574
ROM;1520;+0200;2025;+0100;0;BA_547-BA_5977
ROM;1030;+0200;1540;+0100;0;KL_1598-KL_3157
ROM;1705;+0200;2215;+0100;0;AZ_326-AZ_3576
ROM;1705;+0200;2215;+0100;0;AF_9841-AF_5008
ROM;1715;+0200;2225;+0100;0;BA_559-BA_5983
ROM;1430;+0200;1945;+0100;0;AF_9839-AF_5010
ROM;1430;+0200;1945;+0100;0;AZ_324-AZ_3578
ROM;1145;+0200;1710;+0100;0;BA_553-BA_5967
ROM;0815;+0200;1355;+0100;0;BA_551-BA_5959
ROM;0810;+0200;1355;+0100;0;BA_551-BA_5959
ROM;0800;+0200;1350;+0100;0;IB_3609-IB_8070
ROM;1335;+0200;1925;+0100;0;BA_549-BA_5975
ROM;1520;+0200;2125;+0100;0;BA_547-BA_5979
ROM;1335;+0200;1955;+0100;0;BA_549-BA_5847
ROM;1500;+0200;2120;+0100;0;KL_3404-KL_3161
ROM;1020;+0200;1645;+0100;0;AF_1205-AF_5014
ROM;1020;+0200;1645;+0100;0;AZ_7300-AZ_3580
ROM;1145;+0200;1810;+0100;0;BA_553-BA_5969
ROM;0720;+0200;1400;+0100;0;AF_2305-AF_5006
ROM;0720;+0200;1400;+0100;0;AZ_7310-AZ_3574
ROM;1535;+0200;2215;+0100;0;AZ_330-AZ_3576
ROM;1535;+0200;2215;+0100;0;AF_9845-AF_5008
ROM;0855;+0200;1540;+0100;0;KL_3400-KL_3157
ROM;1125;+0200;1810;+0100;0;BA_2543-BA_5969
ROM;1300;+0200;1945;+0100;0;AF_1505-AF_5010
ROM;1300;+0200;1945;+0100;0;AZ_7302-AZ_3578
ROM;1335;+0200;2025;+0100;0;BA_549-BA_5977
ROM;0700;+0200;1400;+0100;0;AF_9831-AF_5006
ROM;0700;+0200;1400;+0100;0;AZ_316-AZ_3574
ROM;1030;+0200;1735;+0100;0;KL_1598-KL_3159
ROM;1520;+0200;2225;+0100;0;BA_547-BA_5983
ROM;1010;+0200;1725;+0100;0;LH_231-LH_980
ROM;0620;+0200;1340;+0100;0;KL_1596-KL_3155
ROM;0815;+0200;1535;+0100;0;BA_551-BA_5965
ROM;0810;+0200;1535;+0100;0;BA_551-BA_5965
ROM;1145;+0200;1925;+0100;0;BA_553-BA_5975
ROM;0815;+0200;1600;+0100;0;BA_551-BA_5843
ROM;1335;+0200;2120;+0100;0;KL_3402-KL_3161
ROM;1430;+0200;2215;+0100;0;AF_9839-AF_5008
ROM;1430;+0200;2215;+0100;0;AZ_324-AZ_3576
ROM;1455;+0200;2240;+0100;0;LH_235-LH_982
ROM;0810;+0200;1600;+0100;0;BA_551-BA_5843
ROM;0855;+0200;1645;+0100;0;AF_9833-AF_5014
ROM;0855;+0200;1645;+0100;0;AZ_318-AZ_3580
ROM;1335;+0200;2125;+0100;0;BA_549-BA_5979
ROM;1125;+0200;1925;+0100;0;BA_2543-BA_5975
ROM;1145;+0200;1955;+0100;0;BA_553-BA_5847
ROM;0815;+0200;1400;+0100;0;AZ_2020-AZ_7296-AZ_3574
ROM;1100;+0200;1645;+0100;0;AZ_2032-AZ_7900-AZ_3580
ROM;1400;+0200;1945;+0100;0;AZ_2068-AZ_7848-AZ_3578
ROM;0800;+0200;1400;+0100;0;AZ_2016-AZ_7296-AZ_3574
ROM;0745;+0200;1400;+0100;0;AZ_2014-AZ_7296-AZ_3574
ROM;1600;+0200;2215;+0100;0;AZ_2080-AZ_358-AZ_3576
ROM;0730;+0200;1400;+0100;0;AZ_2018-AZ_7296-AZ_3574
ROM;1315;+0200;1945;+0100;0;AZ_1026-AZ_7352-AZ_3578
ROM;1320;+0200;1955;+0100;0;LH_233-LH_914-LH_6505
ROM;0715;+0200;1400;+0100;0;AZ_2012-AZ_7296-AZ_3574
ROM;1000;+0200;1645;+0100;0;AZ_2036-AZ_7900-AZ_3580
ROM;1300;+0200;1945;+0100;0;AZ_2038-AZ_7848-AZ_3578
ROM;0700;+0200;1400;+0100;0;AZ_2010-AZ_7296-AZ_3574
ROM;0645;+0200;1355;+0100;0;LH_1851-LH_2472-LH_6633
ROM;0930;+0200;1645;+0100;0;AZ_2030-AZ_7900-AZ_3580
ROM;1500;+0200;2215;+0100;0;AZ_2044-AZ_358-AZ_3576
ROM;1500;+0200;2215;+0100;0;AZ_2044-AZ_7816-AZ_3576
ROM;1320;+0200;2040;+0100;0;BD_3593-BD_3234-BD_131
ROM;1320;+0200;2040;+0100;0;BD_3593-BD_3220-BD_131
ROM;0920;+0200;1645;+0100;0;AZ_2310-AZ_7900-AZ_3580
ROM;0630;+0200;1400;+0100;0;AZ_2008-AZ_7086-AZ_3574
ROM;0630;+0200;1400;+0100;0;AZ_2008-AZ_7296-AZ_3574
ROM;0620;+0200;1355;+0100;0;LH_243-LH_904-LH_6633
ROM;1300;+0200;2040;+0100;0;AF_1505-AF_5026-AF_5121
ROM;0900;+0200;1645;+0100;0;AZ_2028-AZ_7846-AZ_3580
ROM;0900;+0200;1645;+0100;0;AZ_2028-AZ_7900-AZ_3580
ROM;1200;+0200;1945;+0100;0;AZ_2034-AZ_7352-AZ_3578
ROM;1200;+0200;1945;+0100;0;AZ_2034-AZ_7848-AZ_3578
ROM;1210;+0200;1955;+0100;0;LH_1843-LH_2478-LH_6505
ROM;0845;+0200;1645;+0100;0;AZ_2022-AZ_7900-AZ_3580
ROM;0845;+0200;1645;+0100;0;AZ_2022-AZ_7846-AZ_3580
ROM;1010;+0200;1820;+0100;0;BD_3599-BD_3208-BD_125
ROM;1010;+0200;1820;+0100;0;LH_231-LH_908-LH_6483
ROM;0830;+0200;1645;+0100;0;AZ_2026-AZ_7900-AZ_3580
ROM;0830;+0200;1645;+0100;0;AZ_2026-AZ_7846-AZ_3580
ROM;1400;+0200;2215;+0100;0;AZ_2068-AZ_7848-AZ_3576
ROM;1400;+0200;2215;+0100;0;AZ_2068-AZ_358-AZ_3576
ROM;1400;+0200;2215;+0100;0;AZ_2068-AZ_7816-AZ_3576
ROM;1400;+0200;2215;+0100;0;AZ_2068-AZ_7906-AZ_3576
LYS;0655;+0200;1010;+0100;0;KL_2024-KL_3153
LYS;1045;+0200;1400;+0100;0;AF_7641-AF_5006
LYS;0700;+0200;1035;+0100;0;LX_539-LX_400
LYS;1745;+0200;2120;+0100;0;KL_2028-KL_3161
LYS;1200;+0200;1540;+0100;0;KL_2030-KL_3157
LYS;0730;+0200;1115;+0100;0;AF_7651-AF_5004
LYS;1845;+0200;2240;+0100;0;LH_1079-LH_982
LYS;0815;+0200;1225;+0100;0;BA_365-BA_5957
LYS;0925;+0200;1400;+0100;0;AF_7653-AF_5006
LYS;1215;+0200;1710;+0100;0;BA_361-BA_5967
LYS;0600;+0200;1105;+0100;0;LH_1083-LH_978
LYS;1700;+0200;2215;+0100;0;AF_7645-AF_5008
LYS;1655;+0200;2215;+0100;0;AF_7415-AF_5008
LYS;1200;+0200;1735;+0100;0;KL_2030-KL_3159
LYS;0815;+0200;1355;+0100;0;BA_365-BA_5959
LYS;1215;+0200;1810;+0100;0;BA_361-BA_5969
LYS;1350;+0200;1945;+0100;0;AF_7643-AF_5010
LYS;1045;+0200;1645;+0100;0;AF_7641-AF_5014
LYS;1040;+0200;1645;+0100;0;AF_7417-AF_5014
LYS;0730;+0200;1400;+0100;0;AF_7651-AF_5006
LYS;0655;+0200;1340;+0100;0;KL_2024-KL_3155
LYS;0705;+0200;1350;+0100;0;IB_8709-IB_8070
LYS;1025;+0200;1725;+0100;0;LH_1075-LH_980
LYS;1215;+0200;1925;+0100;0;BA_361-BA_5975
LYS;0815;+0200;1535;+0100;0;BA_365-BA_5965
LYS;0925;+0200;1645;+0100;0;AF_7653-AF_5014
LYS;0630;+0200;1400;+0100;0;AF_7401-AF_5006
LYS;1215;+0200;1955;+0100;0;BA_361-BA_5847
LYS;0815;+0200;1600;+0100;0;BA_365-BA_5843
LYS;1455;+0200;2240;+0100;0;LH_1077-LH_982
LYS;0840;+0200;1400;+0100;0;AF_7830-AF_7701-AF_5006
LYS;0830;+0200;1400;+0100;0;AF_7833-AF_7701-AF_5006
LYS;1455;+0200;2040;+0100;0;BD_3083-BD_3234-BD_131
LYS;1040;+0200;1640;+0100;0;AF_7417-AF_5022-AF_5125
LYS;0600;+0200;1225;+0100;0;BD_3085-BD_3214-BD_123
LYS;1535;+0200;2215;+0100;0;AF_7839-AF_7709-AF_5008
LYS;1200;+0200;1850;+0100;0;AF_1256-AF_5192-AF_5119
LYS;1350;+0200;2040;+0100;0;AF_7643-AF_5026-AF_5121
LYS;1255;+0200;1955;+0100;0;LH_2249-LH_2478-LH_6505
LYS;1515;+0200;2215;+0100;0;AF_7850-AF_7789-AF_5008
LYS;1515;+0200;2215;+0100;0;AF_7850-AF_6133-AF_5008
LYS;1335;+0200;2040;+0100;0;BD_1344-BD_573-BD_131
LYS;0650;+0200;1400;+0100;0;AF_7846-AF_6153-AF_5006
LYS;0640;+0200;1355;+0100;0;LH_2255-LH_2472-LH_6633
HEL;0720;+0300;1020;+0100;0;SK_713-SK_537
HEL;0800;+0300;1105;+0100;0;SK_6421-SK_535
HEL;1805;+0300;2120;+0100;0;KL_1170-KL_3161
HEL;1405;+0300;1735;+0100;0;KL_1168-KL_3159
HEL;0635;+0300;1010;+0100;0;KL_1164-KL_3153
HEL;0640;+0300;1020;+0100;0;SK_6540-SK_537
HEL;1850;+0300;2240;+0100;0;LH_851-LH_982
HEL;0725;+0300;1120;+0100;0;SK_6575-SK_4603
HEL;0700;+0300;1105;+0100;0;SK_707-SK_535
HEL;1405;+0300;1810;+0100;0;BA_6079-BA_5969
HEL;0655;+0300;1105;+0100;0;LH_855-LH_978
HEL;1125;+0300;1540;+0100;0;KL_1166-KL_3157
HEL;0800;+0300;1225;+0100;0;BA_6031-BA_5957
HEL;1300;+0300;1725;+0100;0;LH_847-LH_980
HEL;1600;+0300;2025;+0100;0;BA_6033-BA_5977
HEL;0755;+0300;1225;+0100;0;BA_795-BA_5957
HEL;1215;+0300;1645;+0100;0;AF_1099-AF_5014
HEL;1755;+0300;2225;+0100;0;BA_799-BA_5983
HEL;0925;+0300;1400;+0100;0;AF_1499-AF_5006
HEL;1250;+0300;1805;+0100;0;SK_717-SK_2537
HEL;1405;+0300;1925;+0100;0;BA_6079-BA_5975
HEL;1600;+0300;2125;+0100;0;BA_6033-BA_5979
HEL;1405;+0300;1955;+0100;0;BA_6079-BA_5847
HEL;0800;+0300;1355;+0100;0;BA_6031-BA_5959
HEL;0755;+0300;1355;+0100;0;BA_795-BA_5959
HEL;1200;+0300;1805;+0100;0;SK_6691-SK_2537
HEL;1125;+0300;1735;+0100;0;KL_1166-KL_3159
HEL;1605;+0300;2215;+0100;0;AF_1799-AF_5008
HEL;1405;+0300;2025;+0100;0;BA_6079-BA_5977
HEL;0735;+0300;1400;+0100;0;AF_2299-AF_5006
HEL;1600;+0300;2225;+0100;0;BA_6033-BA_5983
HEL;0635;+0300;1340;+0100;0;KL_1164-KL_3155
HEL;1405;+0300;2120;+0100;0;KL_1168-KL_3161
HEL;0925;+0300;1645;+0100;0;AF_1499-AF_5014
HEL;1405;+0300;2125;+0100;0;BA_6079-BA_5979
HEL;1215;+0300;1945;+0100;0;AF_1099-AF_5010
HEL;0800;+0300;1535;+0100;0;BA_6031-BA_5965
HEL;0755;+0300;1535;+0100;0;BA_795-BA_5965
HEL;0640;+0300;1120;+0100;0;SK_6540-SK_1462-SK_4603
HEL;1300;+0300;1850;+0100;0;LH_847-LH_910-LH_6503
HEL;1300;+0300;1850;+0100;0;BD_3121-BD_3222-BD_129
HEL;1250;+0300;1850;+0100;0;SK_717-SK_505-SK_9719
HEL;1250;+0300;1850;+0100;0;BD_3887-BD_3705-BD_129
HEL;1410;+0300;2040;+0100;0;BD_3123-BD_3234-BD_131
HEL;1125;+0300;1805;+0100;0;SK_6427-SK_1421-SK_2537
HEL;1125;+0300;1805;+0100;0;SK_6427-SK_1423-SK_2537
HEL;1315;+0300;1955;+0100;0;LH_2971-LH_3384-LH_6505
HEL;1200;+0300;1850;+0100;0;SK_6691-SK_505-SK_9719
HEL;0700;+0300;1355;+0100;0;SK_707-SK_525-SK_9757
HEL;1300;+0300;1955;+0100;0;LH_847-LH_910-LH_6505
HEL;1300;+0300;1955;+0100;0;LH_847-LH_914-LH_6505
HEL;0655;+0300;1355;+0100;0;LH_855-LH_904-LH_6633
HEL;1250;+0300;1955;+0100;0;SK_717-SK_1517-SK_9775
HEL;1250;+0300;1955;+0100;0;SK_717-SK_505-SK_9775
HEL;1300;+0300;2040;+0100;0;BD_3121-BD_3468-BD_131
HEL;1300;+0300;2040;+0100;0;BD_3121-BD_3234-BD_131
HEL;1300;+0300;2040;+0100;0;BD_3121-BD_3222-BD_131
HEL;1300;+0300;2040;+0100;0;BD_3121-BD_3220-BD_131
BRU;1125;+0200;1340;+0100;0;KL_1724-KL_3155
BRU;1440;+0200;1725;+0100;0;LH_1013-LH_980
BRU;1440;+0200;1735;+0100;0;KL_1726-KL_3159
BRU;1825;+0200;2120;+0100;0;KL_1732-KL_3161
BRU;1720;+0200;2025;+0100;0;BA_397-BA_5977
BRU;1920;+0200;2225;+0100;0;BA_399-BA_5983
BRU;1645;+0200;1955;+0100;0;LH_5596-LH_6505
BRU;0700;+0200;1020;+0100;0;SK_2594-SK_537
BRU;1920;+0200;2240;+0100;0;LH_1019-LH_982
BRU;0645;+0200;1010;+0100;0;BA_389-BA_5953
BRU;1210;+0200;1535;+0100;0;BA_393-BA_5965
BRU;0705;+0200;1035;+0100;0;LX_771-LX_400
BRU;1021;+0200;1400;+0100;0;AF_7184-AF_5006
BRU;0625;+0200;1010;+0100;0;KL_1720-KL_3153
BRU;0725;+0200;1115;+0100;0;BA_389-BA_5955
BRU;1000;+0200;1355;+0100;0;LH_5594-LH_6633
BRU;1645;+0200;2040;+0100;0;BD_5435-BD_131
BRU;0955;+0200;1355;+0100;0;BA_391-BA_5959
BRU;1325;+0200;1725;+0100;0;LH_1011-LH_980
BRU;1525;+0200;1925;+0100;0;BA_395-BA_5975
BRU;0710;+0200;1115;+0100;0;AF_7182-AF_5004
BRU;1720;+0200;2125;+0100;0;BA_397-BA_5979
BRU;0655;+0200;1105;+0100;0;LH_1025-LH_978
BRU;1830;+0200;2240;+0100;0;LH_1017-LH_982
BRU;1125;+0200;1540;+0100;0;KL_1724-KL_3157
BRU;1218;+0200;1645;+0100;0;AF_7192-AF_5014
BRU;0645;+0200;1115;+0100;0;BA_389-BA_5955
BRU;1525;+0200;1955;+0100;0;BA_395-BA_5847
BRU;0725;+0200;1205;+0100;0;BA_389-BA_5835
BRU;1325;+0200;1805;+0100;0;SK_1592-SK_2537
BRU;0725;+0200;1225;+0100;0;BA_389-BA_5957
BRU;1210;+0200;1710;+0100;0;BA_393-BA_5967
BRU;1525;+0200;2025;+0100;0;BA_395-BA_5977
BRU;1740;+0200;2240;+0100;0;LH_1015-LH_982
BRU;1720;+0200;2225;+0100;0;BA_397-BA_5983
BRU;0715;+0200;1225;+0100;0;BD_5431-BD_123
BRU;1440;+0200;1955;+0100;0;LH_1013-LH_914-LH_6505
AMS;1305;+0200;1340;+0100;0;EI_605
AMS;1700;+0200;1735;+0100;0;EI_609
AMS;2045;+0200;2120;+0100;0;EI_611
AMS;0930;+0200;1010;+0100;0;EI_603
AMS;1500;+0200;1540;+0100;0;EI_607
AMS;0800;+0200;1020;+0100;0;AF_5182-AF_5117
AMS;1630;+0200;1925;+0100;0;BA_439-BA_5975
AMS;0705;+0200;1020;+0100;0;AF_5180-AF_5117
AMS;0800;+0200;1115;+0100;0;AF_8229-AF_5004
AMS;1045;+0200;1400;+0100;0;AF_1341-AF_5006
AMS;1455;+0200;1810;+0100;0;BA_435-BA_5969
AMS;1910;+0200;2225;+0100;0;BA_441-BA_5983
AMS;1855;+0200;2215;+0100;0;AF_2041-AF_5008
AMS;0655;+0200;1020;+0100;0;SK_550-SK_537
AMS;1030;+0200;1355;+0100;0;BA_429-BA_5959
AMS;1525;+0200;1850;+0100;0;AF_5192-AF_5119
AMS;0705;+0200;1035;+0100;0;LX_737-LX_400
AMS;1705;+0200;2040;+0100;0;AF_5194-AF_5121
AMS;1220;+0200;1600;+0100;0;BA_2761-BA_5843
AMS;0720;+0200;1115;+0100;0;BA_423-BA_5955
AMS;1140;+0200;1535;+0100;0;BA_431-BA_5965
AMS;1630;+0200;2025;+0100;0;BA_439-BA_5977
AMS;0705;+0200;1105;+0100;0;LH_1003-LH_978
AMS;0715;+0200;1115;+0100;0;AF_8227-AF_5004
AMS;1320;+0200;1725;+0100;0;LH_991-LH_980
AMS;1830;+0200;2240;+0100;0;LH_997-LH_982
AMS;1230;+0200;1645;+0100;0;AF_8233-AF_5014
AMS;1800;+0200;2215;+0100;0;AF_8241-AF_5008
AMS;0645;+0200;1105;+0100;0;SK_558-SK_535
AMS;1520;+0200;1945;+0100;0;AF_1741-AF_5010
AMS;0645;+0200;1115;+0100;0;AF_8223-AF_5004
AMS;0930;+0200;1400;+0100;0;AF_1241-AF_5006
AMS;1455;+0200;1925;+0100;0;BA_435-BA_5975
AMS;1330;+0200;1805;+0100;0;SK_548-SK_2537
AMS;0720;+0200;1205;+0100;0;BA_423-BA_5835
AMS;1220;+0200;1710;+0100;0;BA_2761-BA_5967
AMS;1630;+0200;2125;+0100;0;BA_439-BA_5979
AMS;1455;+0200;1955;+0100;0;BA_435-BA_5847
NTE;1830;+0200;2120;+0100;0;KL_2034-KL_3161
NTE;1550;+0200;1850;+0100;0;AF_5208-AF_5119
NTE;0655;+0200;1010;+0100;0;KL_2032-KL_3153
NTE;1005;+0200;1340;+0100;0;KL_2048-KL_3155
NTE;0720;+0200;1115;+0100;0;AF_7721-AF_5004
NTE;1800;+0200;2215;+0100;0;AF_7731-AF_5008
NTE;1550;+0200;2040;+0100;0;AF_5208-AF_5121
NTE;1125;+0200;1645;+0100;0;AF_7725-AF_5014
NTE;1425;+0200;1945;+0100;0;AF_7727-AF_5010
NTE;1005;+0200;1540;+0100;0;KL_2048-KL_3157
NTE;1110;+0200;1645;+0100;0;AF_7383-AF_5014
NTE;1100;+0200;1640;+0100;0;AF_5206-AF_5125
NTE;0735;+0200;1350;+0100;0;IB_8545-IB_8070
NTE;0725;+0200;1400;+0100;0;AF_7381-AF_5006
NTE;0720;+0200;1400;+0100;0;AF_7721-AF_5006
NTE;0655;+0200;1340;+0100;0;KL_2032-KL_3155
NTE;1005;+0200;1735;+0100;0;KL_2048-KL_3159
NTE;1100;+0200;1850;+0100;0;AF_5206-AF_5119
NTE;1425;+0200;2215;+0100;0;AF_7727-AF_5008
NTE;1125;+0200;1945;+0100;0;AF_7725-AF_5010
NTE;1110;+0200;1945;+0100;0;AF_7383-AF_5010
NTE;0655;+0200;1540;+0100;0;KL_2032-KL_3157
NTE;0725;+0200;1645;+0100;0;AF_7381-AF_5014
NTE;0720;+0200;1645;+0100;0;AF_7721-AF_5014
NTE;1100;+0200;2040;+0100;0;AF_5206-AF_5121
NTE;0655;+0200;1735;+0100;0;KL_2032-KL_3159
NTE;1125;+0200;2215;+0100;0;AF_7725-AF_5008
NTE;0840;+0200;1400;+0100;0;AF_5860-AF_7641-AF_5006
NTE;1120;+0200;1645;+0100;0;AF_7861-AF_7785-AF_5014
NTE;1410;+0200;1945;+0100;0;AF_3206-AF_7629-AF_5010
NTE;0755;+0200;1400;+0100;0;AF_3202-AF_7625-AF_5006
NTE;1125;+0200;1735;+0100;0;KL_2311-KL_1234-KL_3159
NTE;0720;+0200;1340;+0100;0;KL_2309-KL_1228-KL_3155
NTE;0720;+0200;1340;+0100;0;KL_2309-KL_1230-KL_3155
NTE;1540;+0200;2215;+0100;0;AF_5651-AF_7789-AF_5008
NTE;1255;+0200;1945;+0100;0;AF_7611-AF_7667-AF_5010
NTE;1425;+0200;2120;+0100;0;KL_2313-KL_2022-KL_3161
NTE;1425;+0200;2120;+0100;0;KL_2313-KL_2016-KL_3161
NTE;0650;+0200;1400;+0100;0;AF_5858-AF_7641-AF_5006
NTE;0650;+0200;1400;+0100;0;AF_5858-AF_7653-AF_5006
NTE;0640;+0200;1400;+0100;0;AF_5657-AF_6153-AF_5006
NTE;1125;+0200;1850;+0100;0;AF_7725-AF_2280-AF_5119
NTE;0840;+0200;1645;+0100;0;AF_5860-AF_7641-AF_5014
NTE;0840;+0200;1645;+0100;0;AF_5860-AF_7417-AF_5014
NTE;1140;+0200;1945;+0100;0;AF_7691-AF_7667-AF_5010
NTE;1410;+0200;2215;+0100;0;AF_3206-AF_7637-AF_5008
NTE;1410;+0200;2215;+0100;0;AF_3206-AF_7629-AF_5008
NTE;1410;+0200;2215;+0100;0;AF_3206-AF_6267-AF_5008
NTE;1410;+0200;2215;+0100;0;AF_3206-AF_6269-AF_5008
NTE;0720;+0200;1540;+0100;0;KL_2309-KL_2012-KL_3157
NTE;0720;+0200;1540;+0100;0;KL_2309-KL_2008-KL_3157
NTE;0720;+0200;1540;+0100;0;KL_2309-KL_1228-KL_3157
NTE;0720;+0200;1540;+0100;0;KL_2309-KL_1230-KL_3157
NTE;1120;+0200;1945;+0100;0;AF_7861-AF_7787-AF_5010
NTE;1120;+0200;1945;+0100;0;AF_7861-AF_6123-AF_5010
NTE;1120;+0200;1945;+0100;0;AF_7861-AF_6121-AF_5010
NTE;1120;+0200;1945;+0100;0;AF_7861-AF_7785-AF_5010
NTE;1005;+0200;1850;+0100;0;AF_5366-AF_5192-AF_5119
NTE;0755;+0200;1645;+0100;0;AF_3202-AF_6261-AF_5014
NTE;0755;+0200;1645;+0100;0;AF_3202-AF_7625-AF_5014
NTE;0755;+0200;1645;+0100;0;AF_3202-AF_6259-AF_5014
NTE;0755;+0200;1645;+0100;0;AF_7609-AF_7663-AF_5014
NTE;0755;+0200;1645;+0100;0;AF_3202-AF_7627-AF_5014
NTE;0755;+0200;1645;+0100;0;AF_3202-AF_6281-AF_5014
NTE;1040;+0200;1945;+0100;0;AF_5767-AF_7665-AF_5010
NTE;1040;+0200;1945;+0100;0;AF_5767-AF_7667-AF_5010
NTE;1305;+0200;2215;+0100;0;AF_5862-AF_7415-AF_5008
NTE;1305;+0200;2215;+0100;0;AF_5862-AF_7645-AF_5008
NTE;0725;+0200;1640;+0100;0;AF_7381-AF_5022-AF_5125
NTE;1125;+0200;2040;+0100;0;AF_7725-AF_5024-AF_5121
NTE;1125;+0200;2040;+0100;0;AF_7725-AF_2280-AF_5121
NTE;1125;+0200;2040;+0100;0;AF_7725-AF_5026-AF_5121
NTE;0720;+0200;1640;+0100;0;AF_7721-AF_5022-AF_5125
NTE;0720;+0200;1640;+0100;0;AF_7721-AF_1980-AF_5125
NTE;1255;+0200;2215;+0100;0;AF_7611-AF_7667-AF_5008
NTE;1255;+0200;2215;+0100;0;AF_7611-AF_6037-AF_5008
NTE;1110;+0200;2040;+0100;0;AF_7383-AF_5026-AF_5121
NTE;1110;+0200;2040;+0100;0;AF_7383-AF_5024-AF_5121
NTE;0655;+0200;1640;+0100;0;AF_5364-AF_5186-AF_5125
NTE;0650;+0200;1645;+0100;0;AF_5858-AF_7653-AF_5014
NTE;0650;+0200;1645;+0100;0;AF_5858-AF_7641-AF_5014
NTE;0650;+0200;1645;+0100;0;AF_5858-AF_7417-AF_5014
NTE;1125;+0200;2120;+0100;0;KL_2311-KL_2022-KL_3161
NTE;1125;+0200;2120;+0100;0;KL_2311-KL_1234-KL_3161
NTE;1125;+0200;2120;+0100;0;KL_2311-KL_2016-KL_3161
NTE;0640;+0200;1645;+0100;0;AF_5657-AF_6115-AF_5014
NTE;0640;+0200;1645;+0100;0;AF_5657-AF_6109-AF_5014
NTE;0640;+0200;1645;+0100;0;AF_5761-AF_7663-AF_5014
NTE;0640;+0200;1645;+0100;0;AF_5657-AF_7785-AF_5014
NTE;0640;+0200;1645;+0100;0;AF_5761-AF_6019-AF_5014
NTE;0640;+0200;1645;+0100;0;AF_5657-AF_6117-AF_5014
NTE;0640;+0200;1645;+0100;0;AF_5657-AF_6111-AF_5014
NTE;0640;+0200;1645;+0100;0;AF_5657-AF_7795-AF_5014
NTE;0640;+0200;1645;+0100;0;AF_5657-AF_6153-AF_5014
NTE;0640;+0200;1645;+0100;0;AF_5657-AF_6113-AF_5014
NTE;0720;+0200;1735;+0100;0;KL_2309-KL_2012-KL_3159
NTE;0720;+0200;1735;+0100;0;KL_2309-KL_1234-KL_3159
NTE;0720;+0200;1735;+0100;0;KL_2309-KL_1230-KL_3159
NTE;0720;+0200;1735;+0100;0;KL_2309-KL_2008-KL_3159
NTE;0720;+0200;1735;+0100;0;KL_2309-KL_1228-KL_3159
NTE;1005;+0200;2040;+0100;0;AF_5366-AF_5192-AF_5121
NTE;1005;+0200;2040;+0100;0;AF_5366-AF_5194-AF_5121
NTE;1140;+0200;2215;+0100;0;AF_7691-AF_7667-AF_5008
NTE;1140;+0200;2215;+0100;0;AF_7691-AF_6033-AF_5008
NTE;1140;+0200;2215;+0100;0;AF_7691-AF_6037-AF_5008
NTE;1140;+0200;2215;+0100;0;AF_7691-AF_6029-AF_5008
NTE;1120;+0200;2215;+0100;0;AF_7861-AF_6131-AF_5008
NTE;1120;+0200;2215;+0100;0;AF_7861-AF_6121-AF_5008
NTE;1120;+0200;2215;+0100;0;AF_7861-AF_6129-AF_5008
NTE;1120;+0200;2215;+0100;0;AF_7861-AF_6133-AF_5008
NTE;1120;+0200;2215;+0100;0;AF_7861-AF_6167-AF_5008
NTE;1120;+0200;2215;+0100;0;AF_7861-AF_7789-AF_5008
NTE;1120;+0200;2215;+0100;0;AF_7861-AF_7785-AF_5008
NTE;1120;+0200;2215;+0100;0;AF_7861-AF_7787-AF_5008
NTE;1120;+0200;2215;+0100;0;AF_7861-AF_6123-AF_5008
TLS;1615;+0200;1945;+0100;0;AF_7787-AF_5010
TLS;1155;+0200;1535;+0100;0;BA_373-BA_5965
TLS;1000;+0200;1350;+0100;0;IB_8775-IB_8070
TLS;1255;+0200;1645;+0100;0;AF_7785-AF_5014
TLS;0705;+0200;1105;+0100;0;LH_1101-LH_978
TLS;0715;+0200;1115;+0100;0;AF_7793-AF_5004
TLS;1840;+0200;2240;+0100;0;LH_1099-LH_982
TLS;0605;+0200;1010;+0100;0;KL_1300-KL_3153
TLS;0710;+0200;1115;+0100;0;AF_7793-AF_5004
TLS;1715;+0200;2120;+0100;0;KL_1312-KL_3161
TLS;1800;+0200;2215;+0100;0;AF_7789-AF_5008
TLS;1805;+0200;2225;+0100;0;BA_375-BA_5983
TLS;1230;+0200;1735;+0100;0;KL_1304-KL_3159
TLS;1155;+0200;1710;+0100;0;BA_373-BA_5967
TLS;0835;+0200;1355;+0100;0;BA_377-BA_5959
TLS;1645;+0200;2215;+0100;0;AF_6133-AF_5008
TLS;0815;+0200;1400;+0100;0;AF_6153-AF_5006
TLS;1050;+0200;1645;+0100;0;AF_7795-AF_5014
TLS;1045;+0200;1645;+0100;0;AF_6117-AF_5014
TLS;1345;+0200;1945;+0100;0;AF_6123-AF_5010
TLS;1615;+0200;2215;+0100;0;AF_7787-AF_5008
TLS;1615;+0200;2215;+0100;0;AF_6131-AF_5008
TLS;0745;+0200;1400;+0100;0;AF_6107-AF_5006
TLS;1155;+0200;1810;+0100;0;BA_373-BA_5969
TLS;1015;+0200;1645;+0100;0;AF_6113-AF_5014
TLS;1545;+0200;2215;+0100;0;AF_6129-AF_5008
TLS;0715;+0200;1400;+0100;0;AF_7793-AF_5006
TLS;0715;+0200;1400;+0100;0;AF_6105-AF_5006
TLS;0700;+0200;1350;+0100;0;IB_8765-IB_8070
TLS;0710;+0200;1400;+0100;0;AF_7793-AF_5006
TLS;1255;+0200;1945;+0100;0;AF_7785-AF_5010
TLS;0835;+0200;1535;+0100;0;BA_377-BA_5965
TLS;0945;+0200;1645;+0100;0;AF_6109-AF_5014
TLS;1245;+0200;1945;+0100;0;AF_6121-AF_5010
TLS;1515;+0200;2215;+0100;0;AF_6167-AF_5008
TLS;1015;+0200;1725;+0100;0;LH_1095-LH_980
TLS;0645;+0200;1400;+0100;0;AF_6103-AF_5006
TLS;0835;+0200;1600;+0100;0;BA_377-BA_5843
TLS;0915;+0200;1645;+0100;0;AF_6115-AF_5014
TLS;1155;+0200;1925;+0100;0;BA_373-BA_5975
TLS;0605;+0200;1340;+0100;0;KL_1300-KL_3155
TLS;0615;+0200;1400;+0100;0;AF_6101-AF_5006
TLS;1450;+0200;2240;+0100;0;LH_1097-LH_982
TLS;0600;+0200;1400;+0100;0;AF_6155-AF_5006
TLS;0845;+0200;1645;+0100;0;AF_6111-AF_5014
TLS;1145;+0200;1945;+0100;0;AF_6119-AF_5010
TLS;1155;+0200;1955;+0100;0;BA_373-BA_5847
TLS;1615;+0200;2040;+0100;0;AF_6131-AF_5026-AF_5121
TLS;1545;+0200;2040;+0100;0;AF_6129-AF_5026-AF_5121
TLS;0835;+0200;1400;+0100;0;AF_7847-AF_7641-AF_5006
TLS;1515;+0200;2040;+0100;0;AF_6167-AF_5026-AF_5121
TLS;1515;+0200;2040;+0100;0;AF_6167-AF_5024-AF_5121
TLS;0740;+0200;1400;+0100;0;AF_7879-AF_7701-AF_5006
TLS;1015;+0200;1640;+0100;0;AF_6113-AF_5022-AF_5125
TLS;1400;+0200;2040;+0100;0;AF_8262-AF_5194-AF_5121
TLS;1000;+0200;1645;+0100;0;AF_4358-AF_1843-AF_5014
TLS;0705;+0200;1355;+0100;0;LH_1101-LH_904-LH_6633
TLS;0945;+0200;1640;+0100;0;AF_6109-AF_5022-AF_5125
TLS;1345;+0200;2040;+0100;0;AF_6123-AF_5024-AF_5121
TLS;1345;+0200;2040;+0100;0;AF_6123-AF_5026-AF_5121
TLS;0700;+0200;1400;+0100;0;AF_7841-AF_7641-AF_5006
TLS;0700;+0200;1400;+0100;0;AF_7841-AF_7653-AF_5006
TLS;0915;+0200;1640;+0100;0;AF_6115-AF_5022-AF_5125
TLS;1255;+0200;2040;+0100;0;AF_7785-AF_5024-AF_5121
TLS;1255;+0200;2040;+0100;0;AF_7785-AF_5026-AF_5121
TLS;0845;+0200;1640;+0100;0;AF_6111-AF_5022-AF_5125
TLS;1245;+0200;2040;+0100;0;AF_6121-AF_5026-AF_5121
TLS;1245;+0200;2040;+0100;0;AF_6121-AF_5024-AF_5121
TLS;1050;+0200;1850;+0100;0;AF_7795-AF_2280-AF_5119
GVA;0740;+0200;1035;+0100;0;LX_2805-LX_400
GVA;1410;+0200;1735;+0100;0;KL_1930-KL_3159
GVA;1030;+0200;1400;+0100;0;AF_1643-AF_5006
GVA;1030;+0200;1400;+0100;0;UX_3586-UX_3573
GVA;1520;+0200;1850;+0100;0;BD_6768-BD_129
GVA;1020;+0200;1355;+0100;0;BA_725-BA_5959
GVA;1200;+0200;1535;+0100;0;BA_727-BA_5965
GVA;1845;+0200;2225;+0100;0;BA_735-BA_5983
GVA;0730;+0200;1115;+0100;0;UX_3582-UX_3571
GVA;0730;+0200;1115;+0100;0;AF_1243-AF_5004
GVA;0730;+0200;1115;+0100;0;BA_723-BA_5955
GVA;1155;+0200;1540;+0100;0;KL_1928-KL_3157
GVA;1340;+0200;1725;+0100;0;LH_1217-LH_980
GVA;1830;+0200;2215;+0100;0;UX_3596-UX_3579
GVA;1830;+0200;2215;+0100;0;AF_2443-AF_5008
GVA;0630;+0200;1020;+0100;0;SK_1612-SK_537
GVA;0705;+0200;1105;+0100;0;LH_1229-LH_978
GVA;1725;+0200;2125;+0100;0;BA_733-BA_5979
GVA;1835;+0200;2240;+0100;0;LH_1223-LH_982
GVA;1515;+0200;1925;+0100;0;BA_731-BA_5975
GVA;1705;+0200;2120;+0100;0;KL_1932-KL_3161
GVA;1350;+0200;1810;+0100;0;BA_729-BA_5969
GVA;1525;+0200;1945;+0100;0;AF_2143-AF_5010
GVA;1525;+0200;1945;+0100;0;UX_3592-UX_3577
GVA;0910;+0200;1340;+0100;0;KL_1926-KL_3155
GVA;0600;+0200;1035;+0100;0;LX_2801-LX_400
GVA;1205;+0200;1645;+0100;0;AF_1843-AF_5014
GVA;1200;+0200;1645;+0100;0;AF_1843-AF_5014
GVA;1200;+0200;1645;+0100;0;UX_3588-UX_3575
GVA;1750;+0200;2240;+0100;0;LH_1221-LH_982
GVA;0730;+0200;1225;+0100;0;BA_723-BA_5957
GVA;0730;+0200;1225;+0100;0;BD_6772-BD_123
GVA;0900;+0200;1400;+0100;0;UX_3584-UX_3573
GVA;0900;+0200;1400;+0100;0;AF_1543-AF_5006
GVA;1725;+0200;2225;+0100;0;BA_733-BA_5983
GVA;1200;+0200;1710;+0100;0;BA_727-BA_5967
GVA;1515;+0200;2025;+0100;0;BA_731-BA_5977
GVA;1020;+0200;1535;+0100;0;BA_725-BA_5965
GVA;1700;+0200;2215;+0100;0;UX_3594-UX_3579
GVA;1700;+0200;2215;+0100;0;AF_2343-AF_5008
GVA;1520;+0200;2040;+0100;0;BD_6768-BD_131
GVA;0815;+0200;1350;+0100;0;IB_3489-IB_8070
GVA;1245;+0200;1820;+0100;0;BD_6834-BD_125
GVA;1350;+0200;1925;+0100;0;BA_729-BA_5975
GVA;1020;+0200;1600;+0100;0;BA_725-BA_5843
GVA;1155;+0200;1735;+0100;0;KL_1928-KL_3159
GVA;1240;+0200;1820;+0100;0;BD_6774-BD_125
GVA;1400;+0200;1945;+0100;0;UX_3590-UX_3577
GVA;1400;+0200;1945;+0100;0;AF_2043-AF_5010
GVA;1245;+0200;1850;+0100;0;BD_6834-BD_129
GVA;1350;+0200;1955;+0100;0;BA_729-BA_5847
GVA;1200;+0200;1810;+0100;0;BA_727-BA_5969
GVA;1240;+0200;1850;+0100;0;BD_6774-BD_129
GVA;1515;+0200;2125;+0100;0;BA_731-BA_5979
GVA;1030;+0200;1645;+0100;0;AF_1643-AF_5014
GVA;1030;+0200;1645;+0100;0;UX_3586-UX_3575
GVA;1110;+0200;1725;+0100;0;LH_1215-LH_980
GVA;0715;+0200;1340;+0100;0;KL_1924-KL_3155
GVA;0730;+0200;1355;+0100;0;BA_723-BA_5959
GVA;1140;+0200;1805;+0100;0;SK_1610-SK_2537
GVA;0730;+0200;1400;+0100;0;AF_1243-AF_5006
GVA;0730;+0200;1400;+0100;0;UX_3582-UX_3573
GVA;0910;+0200;1540;+0100;0;KL_1926-KL_3157
GVA;1130;+0200;1805;+0100;0;SK_1610-SK_2537
GVA;1350;+0200;2025;+0100;0;BA_729-BA_5977
GVA;1020;+0200;1710;+0100;0;BA_725-BA_5967
GVA;1525;+0200;2215;+0100;0;UX_3592-UX_3579
GVA;1525;+0200;2215;+0100;0;AF_2143-AF_5008
GVA;1510;+0200;2040;+0100;0;BD_3107-BD_3234-BD_131
GVA;1340;+0200;1955;+0100;0;LH_1217-LH_914-LH_6505
GVA;1400;+0200;2040;+0100;0;AF_2043-AF_5026-AF_5121
GVA;0705;+0200;1355;+0100;0;LH_1229-LH_904-LH_6633
GVA;1255;+0200;1955;+0100;0;LH_2383-LH_2478-LH_6505
GVA;1340;+0200;2040;+0100;0;BD_3115-BD_3468-BD_131
GVA;1340;+0200;2040;+0100;0;BD_3115-BD_3234-BD_131
GVA;1340;+0200;2040;+0100;0;BD_3115-BD_3220-BD_131
VCE;1415;+0200;1725;+0100;0;LH_327-LH_980
VCE;0645;+0200;1010;+0100;0;KL_1650-KL_3153
VCE;1730;+0200;2120;+0100;0;KL_1656-KL_3161
VCE;1005;+0200;1400;+0100;0;AF_1127-AF_5006
VCE;1000;+0200;1400;+0100;0;AF_1127-AF_5006
VCE;1000;+0200;1400;+0100;0;AZ_7324-AZ_3574
VCE;0710;+0200;1115;+0100;0;AZ_7334-AZ_3572
VCE;0710;+0200;1115;+0100;0;AF_2527-AF_5004
VCE;1805;+0200;2215;+0100;0;AF_2027-AF_5008
VCE;1830;+0200;2240;+0100;0;LH_329-LH_982
VCE;0650;+0200;1105;+0100;0;LH_333-LH_978
VCE;0700;+0200;1115;+0100;0;AF_2527-AF_5004
VCE;1800;+0200;2215;+0100;0;AF_2027-AF_5008
VCE;1800;+0200;2215;+0100;0;AZ_7330-AZ_3576
VCE;1135;+0200;1600;+0100;0;BA_2583-BA_5843
VCE;1220;+0200;1645;+0100;0;AF_1427-AF_5014
VCE;1220;+0200;1645;+0100;0;AZ_7326-AZ_3580
VCE;1335;+0200;1810;+0100;0;BA_579-BA_5969
VCE;1510;+0200;1945;+0100;0;AZ_7328-AZ_3578
VCE;1510;+0200;1945;+0100;0;AF_1727-AF_5010
VCE;1235;+0200;1735;+0100;0;KL_1654-KL_3159
VCE;1135;+0200;1710;+0100;0;BA_2583-BA_5967
VCE;1335;+0200;1925;+0100;0;BA_579-BA_5975
VCE;0740;+0200;1350;+0100;0;IB_3627-IB_8070
VCE;1335;+0200;1955;+0100;0;BA_579-BA_5847
VCE;1135;+0200;1810;+0100;0;BA_2583-BA_5969
VCE;1005;+0200;1645;+0100;0;AF_1127-AF_5014
VCE;1000;+0200;1645;+0100;0;AF_1127-AF_5014
VCE;1000;+0200;1645;+0100;0;AZ_7324-AZ_3580
VCE;0710;+0200;1400;+0100;0;AZ_7334-AZ_3574
VCE;0710;+0200;1400;+0100;0;AF_2527-AF_5006
VCE;1335;+0200;2025;+0100;0;BA_579-BA_5977
VCE;0645;+0200;1340;+0100;0;KL_1650-KL_3155
VCE;0700;+0200;1400;+0100;0;AF_2527-AF_5006
VCE;1510;+0200;2215;+0100;0;AF_1727-AF_5008
VCE;1510;+0200;2215;+0100;0;AZ_7328-AZ_3576
VCE;1015;+0200;1725;+0100;0;LH_325-LH_980
VCE;1220;+0200;1945;+0100;0;AZ_7326-AZ_3578
VCE;1220;+0200;1945;+0100;0;AF_1427-AF_5010
VCE;1135;+0200;1925;+0100;0;BA_2583-BA_5975
VCE;1335;+0200;2125;+0100;0;BA_579-BA_5979
VCE;1135;+0200;1955;+0100;0;BA_2583-BA_5847
VCE;1415;+0200;2240;+0100;0;LH_327-LH_982
VCE;1235;+0200;2120;+0100;0;KL_1654-KL_3161
VCE;1430;+0200;1955;+0100;0;LH_3213-LH_3384-LH_6505
VCE;1710;+0200;2240;+0100;0;LH_1911-LH_121-LH_982
VCE;1350;+0200;1955;+0100;0;LH_3213-LH_3384-LH_6505
VCE;1415;+0200;2040;+0100;0;BD_3407-BD_3234-BD_131
VCE;1255;+0200;1955;+0100;0;LH_1909-LH_2478-LH_6505
VCE;0650;+0200;1355;+0100;0;LH_333-LH_904-LH_6633
VCE;0650;+0200;1355;+0100;0;LH_1915-LH_2472-LH_6633
VCE;1015;+0200;1820;+0100;0;BD_3405-BD_3208-BD_125
VCE;1015;+0200;1820;+0100;0;LH_325-LH_906-LH_6483
VCE;1015;+0200;1820;+0100;0;BD_3405-BD_3218-BD_125
VCE;1015;+0200;1820;+0100;0;LH_325-LH_908-LH_6483
VCE;1220;+0200;2040;+0100;0;AF_1427-AF_5026-AF_5121
VCE;1220;+0200;2040;+0100;0;AF_1427-AF_5024-AF_5121
VCE;1015;+0200;1850;+0100;0;BD_3405-BD_3208-BD_129
VCE;1015;+0200;1850;+0100;0;BD_3405-BD_3222-BD_129
VCE;1015;+0200;1850;+0100;0;BD_3405-BD_3218-BD_129
VCE;1015;+0200;1850;+0100;0;LH_325-LH_908-LH_6503
VCE;1015;+0200;1850;+0100;0;LH_325-LH_906-LH_6503
VCE;1015;+0200;1850;+0100;0;LH_325-LH_910-LH_6503
VCE;0840;+0200;1725;+0100;0;LH_1907-LH_109-LH_980
VCE;0840;+0200;1725;+0100;0;LH_1907-LH_113-LH_980
VCE;0840;+0200;1725;+0100;0;LH_1907-LH_111-LH_980
VCE;1005;+0200;1850;+0100;0;AF_1127-AF_2280-AF_5119
NCE;0755;+0200;1115;+0100;0;AF_7711-AF_5004
NCE;1035;+0200;1400;+0100;0;AF_7701-AF_5006
NCE;1850;+0200;2215;+0100;0;AF_7709-AF_5008
NCE;1615;+0200;1945;+0100;0;AF_7715-AF_5010
NCE;0700;+0200;1035;+0100;0;LX_565-LX_400
NCE;0625;+0200;1010;+0100;0;KL_1260-KL_3153
NCE;1730;+0200;2120;+0100;0;KL_1268-KL_3161
NCE;1850;+0200;2240;+0100;0;LH_1065-LH_982
NCE;1530;+0200;1925;+0100;0;BA_345-BA_5975
NCE;0710;+0200;1115;+0100;0;AF_7711-AF_5004
NCE;1130;+0200;1540;+0100;0;KL_1262-KL_3157
NCE;0650;+0200;1105;+0100;0;LH_1069-LH_978
NCE;1340;+0200;1805;+0100;0;SK_794-SK_2537
NCE;1330;+0200;1810;+0100;0;BA_347-BA_5969
NCE;0625;+0200;1115;+0100;0;AF_7713-AF_5004
NCE;0730;+0200;1225;+0100;0;BA_341-BA_5957
NCE;1325;+0200;1820;+0100;0;BD_194-BD_125
NCE;1530;+0200;2025;+0100;0;BA_345-BA_5977
NCE;1230;+0200;1735;+0100;0;KL_1264-KL_3159
NCE;0600;+0200;1115;+0100;0;AF_7713-AF_5004
NCE;1150;+0200;1710;+0100;0;BA_343-BA_5967
NCE;1325;+0200;1850;+0100;0;BD_194-BD_129
NCE;1405;+0200;1945;+0100;0;AF_6217-AF_5010
NCE;1340;+0200;1925;+0100;0;BA_8476-BA_5975
NCE;0805;+0200;1400;+0100;0;AF_6203-AF_5006
NCE;1210;+0200;1805;+0100;0;SK_2796-SK_2537
NCE;1330;+0200;1925;+0100;0;BA_347-BA_5975
NCE;1530;+0200;2125;+0100;0;BA_345-BA_5979
NCE;1615;+0200;2215;+0100;0;AF_7715-AF_5008
NCE;0755;+0200;1400;+0100;0;AF_7711-AF_5006
NCE;1130;+0200;1735;+0100;0;KL_1262-KL_3159
NCE;1035;+0200;1645;+0100;0;AF_7701-AF_5014
NCE;1035;+0200;1645;+0100;0;AF_6209-AF_5014
NCE;1335;+0200;1945;+0100;0;AF_6223-AF_5010
NCE;1605;+0200;2215;+0100;0;AF_6221-AF_5008
NCE;1330;+0200;1945;+0100;0;AF_7703-AF_5010
NCE;1340;+0200;1955;+0100;0;BA_8476-BA_5847
NCE;1105;+0200;1725;+0100;0;LH_1059-LH_980
NCE;1150;+0200;1810;+0100;0;BA_343-BA_5969
NCE;0730;+0200;1355;+0100;0;BA_341-BA_5959
NCE;1330;+0200;1955;+0100;0;BA_347-BA_5847
NCE;0715;+0200;1350;+0100;0;IB_8753-IB_8070
NCE;0710;+0200;1350;+0100;0;IB_8753-IB_8070
NCE;1005;+0200;1645;+0100;0;AF_6207-AF_5014
NCE;1305;+0200;1945;+0100;0;AF_6225-AF_5010
NCE;1535;+0200;2215;+0100;0;AF_6235-AF_5008
NCE;1340;+0200;2025;+0100;0;BA_8476-BA_5977
NCE;0710;+0200;1400;+0100;0;AF_7711-AF_5006
NCE;0705;+0200;1400;+0100;0;AF_6201-AF_5006
NCE;1330;+0200;2025;+0100;0;BA_347-BA_5977
NCE;1530;+0200;2225;+0100;0;BA_345-BA_5983
NCE;1235;+0200;1945;+0100;0;AF_6213-AF_5010
NCE;0625;+0200;1340;+0100;0;KL_1260-KL_3155
NCE;1325;+0200;2040;+0100;0;BD_194-BD_131
NCE;1515;+0200;2240;+0100;0;LH_1061-LH_982
NCE;0625;+0200;1400;+0100;0;AF_7713-AF_5006
NCE;1150;+0200;1925;+0100;0;BA_343-BA_5975
NCE;0905;+0200;1645;+0100;0;AF_6205-AF_5014
NCE;1205;+0200;1945;+0100;0;AF_6215-AF_5010
NCE;1435;+0200;2215;+0100;0;AF_6245-AF_5008
NCE;1340;+0200;2125;+0100;0;BA_8476-BA_5979
NCE;1605;+0200;2040;+0100;0;AF_6221-AF_5026-AF_5121
NCE;1535;+0200;2040;+0100;0;AF_6235-AF_5026-AF_5121
NCE;1035;+0200;1640;+0100;0;AF_6209-AF_5022-AF_5125
NCE;1435;+0200;2040;+0100;0;AF_6245-AF_5024-AF_5121
NCE;1435;+0200;2040;+0100;0;AF_6245-AF_5026-AF_5121
NCE;1230;+0200;1850;+0100;0;AF_8272-AF_5192-AF_5119
NCE;1005;+0200;1640;+0100;0;AF_6207-AF_5022-AF_5125
NCE;1405;+0200;2040;+0100;0;AF_6217-AF_5026-AF_5121
NCE;1405;+0200;2040;+0100;0;AF_6217-AF_5024-AF_5121
NCE;1355;+0200;2040;+0100;0;BD_5444-BD_5435-BD_131
NCE;0650;+0200;1355;+0100;0;LH_1069-LH_904-LH_6633
NCE;0655;+0200;1400;+0100;0;AF_7838-AF_7641-AF_5006
NCE;0655;+0200;1400;+0100;0;AF_7838-AF_7653-AF_5006
NCE;1250;+0200;1955;+0100;0;LH_2273-LH_2478-LH_6505
NCE;1335;+0200;2040;+0100;0;AF_6223-AF_5026-AF_5121
NCE;1335;+0200;2040;+0100;0;AF_6223-AF_5024-AF_5121
NCE;1330;+0200;2040;+0100;0;AF_7703-AF_5026-AF_5121
NCE;0640;+0200;1355;+0100;0;LH_2279-LH_2472-LH_6633
NCE;1105;+0200;1820;+0100;0;BD_3239-BD_3208-BD_125
NCE;1105;+0200;1820;+0100;0;LH_1059-LH_908-LH_6483
NCE;1130;+0200;1850;+0100;0;AF_8442-AF_5192-AF_5119
NCE;0905;+0200;1640;+0100;0;AF_6205-AF_5022-AF_5125
NCE;1305;+0200;2040;+0100;0;AF_6225-AF_5024-AF_5121
NCE;1305;+0200;2040;+0100;0;AF_6225-AF_5026-AF_5121
NCE;1105;+0200;1850;+0100;0;BD_3239-BD_3222-BD_129
NCE;1105;+0200;1850;+0100;0;LH_1059-LH_908-LH_6503
NCE;1105;+0200;1850;+0100;0;BD_3239-BD_3208-BD_129
NCE;1105;+0200;1850;+0100;0;LH_1059-LH_910-LH_6503
PRG;0700;+0200;1010;+0100;0;KL_3120-KL_3153
PRG;1930;+0200;2240;+0100;0;LH_1401-LH_982
PRG;1415;+0200;1735;+0100;0;KL_3124-KL_3159
PRG;1400;+0200;1735;+0100;0;KL_1356-KL_3159
PRG;1345;+0200;1725;+0100;0;LH_1397-LH_980
PRG;1015;+0200;1400;+0100;0;AF_1383-AF_5006
PRG;0725;+0200;1115;+0100;0;AF_1083-AF_5004
PRG;1005;+0200;1400;+0100;0;AF_1383-AF_5006
PRG;1540;+0200;1945;+0100;0;AF_1983-AF_5010
PRG;1715;+0200;2120;+0100;0;KL_3122-KL_3161
PRG;0815;+0200;1225;+0100;0;BA_853-BA_5957
PRG;1535;+0200;1945;+0100;0;AF_1983-AF_5010
PRG;0925;+0200;1340;+0100;0;KL_1352-KL_3155
PRG;1705;+0200;2120;+0100;0;KL_3122-KL_3161
PRG;1605;+0200;2025;+0100;0;BA_861-BA_5977
PRG;1820;+0200;2240;+0100;0;LH_1399-LH_982
PRG;1745;+0200;2215;+0100;0;AF_1783-AF_5008
PRG;1235;+0200;1725;+0100;0;LH_1395-LH_980
PRG;1215;+0200;1710;+0100;0;BA_855-BA_5967
PRG;1715;+0200;2215;+0100;0;AF_1987-AF_5008
PRG;0600;+0200;1105;+0100;0;LH_1403-LH_978
PRG;1605;+0200;2125;+0100;0;BA_861-BA_5979
PRG;0815;+0200;1355;+0100;0;BA_853-BA_5959
PRG;1215;+0200;1810;+0100;0;BA_855-BA_5969
PRG;0925;+0200;1540;+0100;0;KL_1352-KL_3157
PRG;1720;+0200;2240;+0100;0;LH_1693-LH_121-LH_982
PRG;1345;+0200;1955;+0100;0;LH_1397-LH_914-LH_6505
PRG;1235;+0200;1850;+0100;0;LH_1395-LH_910-LH_6503
LIS;1450;+0100;1955;+0100;0;EY_5822-EY_7367
LIS;1450;+0100;1955;+0100;0;TP_356-TP_8887
LIS;0600;+0100;1115;+0100;0;AF_2325-AF_5004
LIS;0830;+0100;1350;+0100;0;IB_3107-IB_8070
LIS;1115;+0100;1645;+0100;0;AF_1025-AF_5014
LIS;0815;+0100;1355;+0100;0;BA_499-BA_5959
LIS;0820;+0100;1400;+0100;0;AF_2325-AF_5006
LIS;0810;+0100;1355;+0100;0;TP_354-TP_8888
LIS;1535;+0100;2120;+0100;0;KL_1694-KL_3161
LIS;1335;+0100;1925;+0100;0;BA_507-BA_5975
LIS;1650;+0100;2240;+0100;0;LH_1169-LH_982
LIS;1100;+0100;1710;+0100;0;BA_501-BA_5967
LIS;0715;+0100;1340;+0100;0;KL_1692-KL_3155
LIS;1535;+0100;2215;+0100;0;AF_1625-AF_5008
LIS;1335;+0100;2025;+0100;0;BA_507-BA_5977
LIS;0655;+0100;1350;+0100;0;IB_3119-IB_8070
LIS;1100;+0100;1810;+0100;0;BA_501-BA_5969
LIS;0815;+0100;1535;+0100;0;BA_499-BA_5965
LIS;0815;+0100;1600;+0100;0;BA_499-BA_5843
LIS;1335;+0100;2125;+0100;0;BA_507-BA_5979
LIS;0600;+0100;1400;+0100;0;AF_2325-AF_5006
LIS;1420;+0100;2240;+0100;0;LH_6953-LH_982
LIS;0715;+0100;1540;+0100;0;KL_1692-KL_3157
LIS;0820;+0100;1645;+0100;0;AF_2325-AF_5014
LIS;1100;+0100;1925;+0100;0;BA_501-BA_5975
LIS;1115;+0100;1945;+0100;0;AF_1025-AF_5010
LIS;0835;+0100;1725;+0100;0;LH_6955-LH_980
LIS;1335;+0100;2225;+0100;0;BA_507-BA_5983
LIS;0815;+0100;1710;+0100;0;BA_499-BA_5967
LIS;1100;+0100;1955;+0100;0;BA_501-BA_5847
LIS;1100;+0100;2025;+0100;0;BA_501-BA_5977
LIS;1145;+0100;1955;+0100;0;LH_3333-LH_3384-LH_6505
LIS;1205;+0100;2040;+0100;0;BD_3349-BD_3234-BD_131
LIS;0755;+0100;1645;+0100;0;UX_1154-UX_3437-UX_3575
LIS;1115;+0100;2040;+0100;0;AF_1025-AF_5026-AF_5121
LIS;0835;+0100;1820;+0100;0;LH_6955-LH_908-LH_6483
SXB;1820;+0200;2120;+0100;0;KL_2044-KL_3161
SXB;0650;+0200;1010;+0100;0;KL_2046-KL_3153
SXB;1850;+0200;2215;+0100;0;AF_7767-AF_5008
SXB;1010;+0200;1340;+0100;0;KL_2042-KL_3155
SXB;0725;+0200;1115;+0100;0;AF_7761-AF_5004
SXB;0615;+0200;1105;+0100;0;LH_387-LH_978
SXB;1455;+0200;1945;+0100;0;AF_7771-AF_5010
SXB;1445;+0200;1945;+0100;0;AF_7311-AF_5010
SXB;1200;+0200;1725;+0100;0;LH_391-LH_980
SXB;1010;+0200;1540;+0100;0;KL_2042-KL_3157
SXB;1115;+0200;1645;+0100;0;AF_7763-AF_5014
SXB;1700;+0200;2240;+0100;0;LH_395-LH_982
SXB;1045;+0200;1645;+0100;0;AF_7307-AF_5014
SXB;0725;+0200;1400;+0100;0;AF_7761-AF_5006
SXB;0415;+0200;1105;+0100;0;LH_385-LH_978
SXB;0650;+0200;1340;+0100;0;KL_2046-KL_3155
SXB;0645;+0200;1400;+0100;0;AF_7303-AF_5006
SXB;1455;+0200;2215;+0100;0;AF_7771-AF_5008
SXB;1010;+0200;1735;+0100;0;KL_2042-KL_3159
SXB;0915;+0200;1645;+0100;0;AF_7305-AF_5014
SXB;1445;+0200;2215;+0100;0;AF_7311-AF_5008
SXB;1415;+0200;2240;+0100;0;LH_393-LH_982
SXB;1115;+0200;1945;+0100;0;AF_7763-AF_5010
SXB;1045;+0200;1640;+0100;0;AF_7307-AF_5022-AF_5125
SXB;1445;+0200;2040;+0100;0;AF_7311-AF_5024-AF_5121
SXB;1445;+0200;2040;+0100;0;AF_7311-AF_5026-AF_5121
SXB;0650;+0200;1400;+0100;0;AF_5785-AF_7653-AF_5006
SXB;0650;+0200;1400;+0100;0;AF_5785-AF_7641-AF_5006
SXB;0915;+0200;1640;+0100;0;AF_7305-AF_5022-AF_5125
SXB;1115;+0200;1850;+0100;0;AF_7763-AF_2280-AF_5119
SXB;0615;+0200;1355;+0100;0;LH_387-LH_904-LH_6633
SXB;0850;+0200;1640;+0100;0;AF_5770-AF_5206-AF_5125
SXB;1150;+0200;1945;+0100;0;AF_7893-AF_6217-AF_5010
SXB;1150;+0200;1945;+0100;0;AF_7893-AF_7715-AF_5010
SXB;1200;+0200;1955;+0100;0;LH_391-LH_914-LH_6505
SXB;1045;+0200;1850;+0100;0;AF_7307-AF_5022-AF_5119
SXB;1405;+0200;2215;+0100;0;AF_5781-AF_7415-AF_5008
SXB;1405;+0200;2215;+0100;0;AF_5781-AF_7645-AF_5008