PAR;0650;+0200;0815;+0100;0;TP_447
PAR;1035;+0200;1200;+0100;0;TP_443
PAR;1210;+0200;1335;+0100;0;TP_437
PAR;1340;+0200;1505;+0100;0;TP_433
PAR;1555;+0200;1720;+0100;0;TP_441
PAR;1725;+0200;1850;+0100;0;TP_439
PAR;1935;+0200;2100;+0100;0;TP_449
PAR;1320;+0200;1450;+0100;0;AF_1624
PAR;1605;+0200;1735;+0100;0;AF_1924
PAR;2020;+0200;2150;+0100;0;AF_2324
PAR;0715;+0200;0850;+0100;0;AF_1024
PAR;1410;+0200;1630;+0100;0;AF_6276-AF_5360
PAR;2040;+0200;2330;+0100;0;TP_457-TP_677
PAR;1655;+0200;2000;+0100;0;IB_3409-IB_3106
PAR;1145;+0200;1505;+0100;0;UX_1020-UX_1155
PAR;1310;+0200;1630;+0100;0;AF_6260-AF_5360
PAR;0830;+0200;1155;+0100;0;SN_3632-SN_3815
PAR;1525;+0200;1850;+0100;0;UX_3438-UX_1157
PAR;1300;+0200;1630;+0100;0;AF_7624-AF_5360
PAR;1920;+0200;2255;+0100;0;IB_3445-IB_3118
PAR;1035;+0200;1420;+0100;0;TP_451-TP_1963
PAR;1155;+0200;1550;+0100;0;IB_3435-IB_3102
PAR;0700;+0200;1105;+0100;0;LH_3227-LH_3332
PAR;0740;+0200;1150;+0100;0;IB_3417-IB_3110
PAR;1020;+0200;1435;+0100;0;KL_1230-KL_1693
PAR;1130;+0200;1545;+0100;0;UA_9073-UA_8896
PAR;1140;+0200;1555;+0100;0;UA_9073-UA_8896
PAR;1140;+0200;1555;+0100;0;LH_1031-LH_1168
PAR;1340;+0200;1755;+0100;0;TP_453-TP_1975
PAR;0950;+0200;1410;+0100;0;LX_633-LX_4580
PAR;1045;+0200;1505;+0100;0;AM_6938-AM_6944
PAR;1045;+0200;1505;+0100;0;UX_1028-UX_1155
PAR;1130;+0200;1555;+0100;0;UA_9073-UA_8896
PAR;1825;+0200;2250;+0100;0;KL_2022-KL_1697
PAR;0705;+0200;1135;+0100;0;LX_647-LX_2084
PAR;0945;+0200;1415;+0100;0;AZ_7315-AZ_7770
PAR;1755;+0200;2225;+0100;0;BA_323-BA_504
PAR;0630;+0200;1110;+0100;0;UA_9067-UA_8846
PAR;0845;+0200;1325;+0100;0;UA_9207-UA_8938
PAR;1050;+0200;1530;+0100;0;LH_1029-LH_6994
PAR;1815;+0200;2255;+0100;0;IB_3433-IB_3118
PAR;1900;+0200;2340;+0100;0;LH_1043-LH_1172
PAR;0625;+0200;1110;+0100;0;UA_9067-UA_8846
PAR;0630;+0200;1115;+0100;0;UA_9067-UA_8846
PAR;0840;+0200;1325;+0100;0;UA_9207-UA_8938
PAR;0840;+0200;1325;+0100;0;LH_2227-LH_1790
PAR;1405;+0200;1850;+0100;0;UX_3436-UX_1157
PAR;1700;+0200;2145;+0100;0;LH_2233-LH_1792
PAR;0625;+0200;1115;+0100;0;LH_1053-LH_1166
PAR;0625;+0200;1115;+0100;0;UA_9067-UA_8846
PAR;1050;+0200;1545;+0100;0;UA_9069-UA_8896
PAR;1055;+0200;1550;+0100;0;IB_3441-IB_3102
PAR;0700;+0200;1200;+0100;0;TP_459-TP_1957
PAR;0935;+0200;1435;+0100;0;KL_1228-KL_1693
PAR;0645;+0200;1150;+0100;0;IB_3401-IB_3110
PAR;0950;+0200;1455;+0100;0;AZ_7327-AZ_7774
PAR;1040;+0200;1545;+0100;0;UA_9069-UA_8896
PAR;1050;+0200;1555;+0100;0;LH_1029-LH_1168
PAR;1050;+0200;1555;+0100;0;UA_9069-UA_8896
PAR;1035;+0200;1545;+0100;0;TP_451-TP_1971
PAR;1220;+0200;1730;+0100;0;AA_6559-AA_6359
PAR;1450;+0200;2000;+0100;0;IB_3405-IB_3106
PAR;0735;+0200;1250;+0100;0;BA_303-BA_506
PAR;1040;+0200;1555;+0100;0;UA_9069-UA_8896
PAR;1220;+0200;1735;+0100;0;AA_6559-AA_6359
PAR;1220;+0200;1735;+0100;0;BA_309-BA_502
PAR;1110;+0200;1630;+0100;0;AF_6258-AF_5360
PAR;0935;+0200;1505;+0100;0;UX_3430-UX_1155
PAR;0900;+0200;1435;+0100;0;KL_1224-KL_1693
PAR;1525;+0200;2100;+0100;0;AZ_7307-AZ_7766
PAR;1535;+0200;2110;+0100;0;OS_7114-OS_8153
PAR;1650;+0200;2225;+0100;0;BA_319-BA_504
PAR;0830;+0200;1410;+0100;0;SN_3632-SN_6403
PAR;1535;+0200;2120;+0100;0;A3_1441-A3_1779
LON;0740;+0100;1015;+0100;0;AA_6572
LON;1455;+0100;1730;+0100;0;AA_6359
LON;1950;+0100;2225;+0100;0;BA_504
LON;1950;+0100;2225;+0100;0;JL_7733
LON;0600;+0100;0840;+0100;0;TP_351
LON;0735;+0100;1015;+0100;0;BA_500
LON;0815;+0100;1055;+0100;0;UA_9607
LON;0815;+0100;1055;+0100;0;TP_353
LON;1010;+0100;1250;+0100;0;BA_506
LON;1150;+0100;1430;+0100;0;TP_363
LON;1340;+0100;1620;+0100;0;UA_9609
LON;1340;+0100;1620;+0100;0;TP_359
LON;1455;+0100;1735;+0100;0;AA_6359
LON;1455;+0100;1735;+0100;0;BA_502
LON;1620;+0100;1900;+0100;0;TP_341
LON;1825;+0100;2105;+0100;0;TP_357
LON;1825;+0100;2105;+0100;0;NH_6731
LON;1930;+0100;2210;+0100;0;TP_367
LON;2005;+0100;2245;+0100;0;AA_6466
LON;1350;+0100;1755;+0100;0;TP_331-TP_1975
LON;0725;+0100;1150;+0100;0;IB_3161-IB_3110
LON;1525;+0100;2000;+0100;0;IB_3179-IB_3106
LON;1010;+0100;1450;+0100;0;AF_1681-AF_1624
LON;1245;+0100;1735;+0100;0;AF_1981-AF_1924
LON;0840;+0100;1335;+0100;0;LX_443-LX_4584
LON;1500;+0100;2000;+0100;0;IB_3179-IB_3106
LON;0630;+0100;1135;+0100;0;LX_463-LX_2084
LON;0650;+0100;1155;+0100;0;SN_2104-SN_3815
LON;0650;+0100;1155;+0100;0;BD_5438-BD_5565
LON;0955;+0100;1505;+0100;0;AM_6941-AM_6944
LON;0955;+0100;1505;+0100;0;UX_1014-UX_1155
LON;1735;+0100;2255;+0100;0;IB_3171-IB_3118
LON;0620;+0100;1150;+0100;0;IB_3169-IB_3110
LON;0840;+0100;1410;+0100;0;LX_317-LX_4580
LON;0600;+0100;1135;+0100;0;LX_345-LX_2084
LON;0615;+0100;1150;+0100;0;AA_6276-AA_5650
LON;0615;+0100;1150;+0100;0;IB_7441-IB_3110
LON;1805;+0100;2340;+0100;0;BD_3235-BD_3350
LON;1805;+0100;2340;+0100;0;LH_915-LH_1172
LON;0615;+0100;1155;+0100;0;AA_6276-AA_5650
LON;0950;+0100;1530;+0100;0;LH_897-LH_6994
LON;0950;+0100;1530;+0100;0;LH_903-LH_6994
LON;1010;+0100;1550;+0100;0;AA_6278-AA_5516
LON;1010;+0100;1550;+0100;0;IB_7443-IB_3102
LON;1710;+0100;2250;+0100;0;KL_1022-KL_1697
LON;0825;+0100;1410;+0100;0;LX_451-LX_4580
LON;0820;+0100;1410;+0100;0;SN_2092-SN_6403
LON;1600;+0100;2150;+0100;0;AF_2281-AF_2324
LON;0840;+0100;1435;+0100;0;KL_1002-KL_1693
LON;0950;+0100;1545;+0100;0;UA_9318-UA_8896
LON;1405;+0100;2000;+0100;0;IB_7449-IB_3106
LON;1525;+0100;2120;+0100;0;LH_909-LH_6956
LON;0725;+0100;1325;+0100;0;UA_8884-UA_8938
LON;0725;+0100;1325;+0100;0;LH_2483-LH_1790
LON;1740;+0100;2340;+0100;0;LH_899-LH_1172
LON;0950;+0100;1555;+0100;0;UA_9318-UA_8896
LON;0950;+0100;1555;+0100;0;LH_903-LH_1168
LON;0950;+0100;1555;+0100;0;LH_897-LH_1168
LON;1620;+0100;2230;+0100;0;TP_337-TP_1983
LON;0615;+0100;1230;+0100;0;TP_347-TP_1614
LON;0730;+0100;1345;+0100;0;AZ_201-AZ_7762
LON;0935;+0100;1550;+0100;0;IB_7469-IB_3102
LON;0910;+0100;1530;+0100;0;LH_929-LH_6994
LON;0910;+0100;1530;+0100;0;LH_901-LH_6994
LON;1525;+0100;2145;+0100;0;LH_2477-LH_1792
LON;1630;+0100;2255;+0100;0;IB_3177-IB_3118
LON;1350;+0100;2020;+0100;0;TP_331-TP_1981
LON;1710;+0100;2340;+0100;0;LH_911-LH_1172
LON;0700;+0100;1335;+0100;0;LX_359-LX_4584
LON;0910;+0100;1545;+0100;0;UA_8810-UA_8896
LON;0910;+0100;1545;+0100;0;UA_9548-UA_8896
LON;1705;+0100;2340;+0100;0;BD_3233-BD_3350
LON;1705;+0100;2340;+0100;0;LH_911-LH_1172
LON;0905;+0100;1545;+0100;0;UA_8810-UA_8896
LON;0910;+0100;1550;+0100;0;IB_3163-IB_3102
LON;1610;+0100;2250;+0100;0;KL_1020-KL_1697
LON;0650;+0100;1335;+0100;0;LX_441-LX_4584
LON;0910;+0100;1555;+0100;0;UA_9548-UA_8896
LON;0910;+0100;1555;+0100;0;UA_8810-UA_8896
LON;0910;+0100;1555;+0100;0;LH_929-LH_1168
LON;0910;+0100;1555;+0100;0;LH_901-LH_1168
LON;1655;+0100;2340;+0100;0;BD_3469-BD_3350
LON;1655;+0100;2340;+0100;0;LH_935-LH_1172
FRA;0915;+0200;1110;+0100;0;UA_8846
FRA;0920;+0200;1115;+0100;0;LH_1166
FRA;0920;+0200;1115;+0100;0;TP_6700
FRA;0920;+0200;1115;+0100;0;UA_8846
FRA;0920;+0200;1115;+0100;0;BD_3348
FRA;1350;+0200;1545;+0100;0;UA_8896
FRA;1400;+0200;1555;+0100;0;UA_8896
FRA;1400;+0200;1555;+0100;0;TP_6702
FRA;1400;+0200;1555;+0100;0;LH_1168
FRA;1915;+0200;2110;+0100;0;2X_5022
FRA;1915;+0200;2110;+0100;0;2X_6022
FRA;2015;+0200;2210;+0100;0;2X_5023
FRA;2145;+0200;2340;+0100;0;LH_1172
FRA;2145;+0200;2340;+0100;0;BD_3350
FRA;2145;+0200;2340;+0100;0;TP_6706
FRA;1330;+0200;1530;+0100;0;LH_6994
FRA;1330;+0200;1530;+0100;0;TP_573
FRA;1330;+0200;1530;+0100;0;UA_9611
FRA;0610;+0200;0820;+0100;0;LH_6954
FRA;0610;+0200;0820;+0100;0;TP_571
FRA;0610;+0200;0820;+0100;0;UA_9615
FRA;1910;+0200;2120;+0100;0;LH_6956
FRA;1910;+0200;2120;+0100;0;TP_579
FRA;1910;+0200;2120;+0100;0;EY_5815
FRA;1910;+0200;2120;+0100;0;UA_9617
FRA;1910;+0200;2120;+0100;0;NH_6735
FRA;1915;+0200;2255;+0100;0;IB_3503-IB_3118
FRA;1025;+0200;1410;+0100;0;LX_1071-LX_4580
FRA;1350;+0200;1735;+0100;0;AF_1619-AF_1924
FRA;0950;+0200;1340;+0100;0;JK_8830-JK_9439
FRA;0740;+0200;1135;+0100;0;LX_3601-LX_2084
FRA;0800;+0200;1155;+0100;0;JK_8828-JK_9445
FRA;0705;+0200;1105;+0100;0;LH_72-LH_3332
FRA;0755;+0200;1155;+0100;0;SN_7000-SN_3815
FRA;1050;+0200;1450;+0100;0;AF_1519-AF_1624
FRA;1320;+0200;1720;+0100;0;JK_8832-JK_9401
FRA;1750;+0200;2150;+0100;0;AF_2119-AF_2324
FRA;1025;+0200;1430;+0100;0;TP_7756-TP_543
FRA;0740;+0200;1150;+0100;0;IB_3513-IB_3110
FRA;1655;+0200;2105;+0100;0;SN_7008-SN_6405
FRA;0905;+0200;1325;+0100;0;TP_7630-TP_6720
FRA;0905;+0200;1325;+0100;0;LH_104-LH_1790
FRA;1640;+0200;2105;+0100;0;LX_3609-LX_4582
FRA;1715;+0200;2145;+0100;0;TP_7634-TP_6724
FRA;1715;+0200;2145;+0100;0;LH_116-LH_1792
FRA;1350;+0200;1830;+0100;0;JK_126-JK_9425
FRA;1630;+0200;2110;+0100;0;OS_7208-OS_8153
FRA;0925;+0200;1410;+0100;0;SN_7002-SN_6403
FRA;0705;+0200;1155;+0100;0;SN_7016-SN_3815
FRA;1510;+0200;2000;+0100;0;IB_3515-IB_3106
FRA;1610;+0200;2100;+0100;0;JK_8834-JK_9494
FRA;1800;+0200;2250;+0100;0;KL_1772-KL_1697
FRA;0715;+0200;1215;+0100;0;JK_8966-JK_9447
FRA;1005;+0200;1505;+0100;0;LH_106-LH_6950
FRA;1005;+0200;1505;+0100;0;TP_7648-TP_557
FRA;0815;+0200;1325;+0100;0;LH_102-LH_1790
FRA;0900;+0200;1410;+0100;0;LX_1069-LX_4580
FRA;1625;+0200;2135;+0100;0;TP_7930-TP_529
FRA;1715;+0200;2225;+0100;0;BA_909-BA_504
FRA;1540;+0200;2100;+0100;0;JK_8904-JK_9417
FRA;0610;+0200;1135;+0100;0;LX_3613-LX_2084
FRA;0725;+0200;1250;+0100;0;BA_901-BA_506
FRA;0845;+0200;1410;+0100;0;LX_3603-LX_4580
FRA;0845;+0200;1420;+0100;0;TP_6680-TP_1963
FRA;1610;+0200;2145;+0100;0;LH_114-LH_1792
FRA;1610;+0200;2145;+0100;0;TP_7638-TP_6724
FRA;0800;+0200;1340;+0100;0;JK_8828-JK_9439
FRA;1150;+0200;1730;+0100;0;AA_6259-AA_6359
FRA;1530;+0200;2110;+0100;0;OS_124-OS_8153
FRA;1530;+0200;2110;+0100;0;TP_8742-TP_693
FRA;0740;+0200;1325;+0100;0;LH_100-LH_1790
FRA;1150;+0200;1735;+0100;0;AA_6259-AA_6359
FRA;1320;+0200;1905;+0100;0;JK_8832-JK_9437
FRA;1425;+0200;2020;+0100;0;TP_6682-TP_1981
FRA;1555;+0200;2150;+0100;0;AF_1919-AF_2324
FRA;0905;+0200;1505;+0100;0;LH_104-LH_6950
FRA;0905;+0200;1505;+0100;0;JK_8862-JK_9419
FRA;0905;+0200;1505;+0100;0;TP_7630-TP_557
FRA;1305;+0200;1905;+0100;0;SN_7004-SN_6409
FRA;1305;+0200;1905;+0100;0;SN_7004-SN_3819
FRA;0755;+0200;1410;+0100;0;SN_7000-SN_6403
FRA;1120;+0200;1735;+0100;0;BA_903-BA_502
FRA;1135;+0200;1750;+0100;0;LO_5376-LO_5441
FRA;0740;+0200;1410;+0100;0;LX_3601-LX_4580
FRA;1435;+0200;2105;+0100;0;LX_1073-LX_4582
MAD;0705;+0200;0715;+0100;0;UX_1153
MAD;0735;+0200;0745;+0100;0;IB_3100
MAD;0805;+0200;0815;+0100;0;TP_1023
MAD;0805;+0200;0815;+0100;0;JK_9415
MAD;0805;+0200;0815;+0100;0;JJ_8668
MAD;0900;+0200;0910;+0100;0;IB_3108
MAD;1140;+0200;1150;+0100;0;IB_3110
MAD;1540;+0200;1550;+0100;0;IB_3102
MAD;1950;+0200;2000;+0100;0;IB_3106
MAD;2245;+0200;2255;+0100;0;IB_3118
MAD;1005;+0200;1020;+0100;0;TP_1011
MAD;1005;+0200;1020;+0100;0;JK_9413
MAD;1005;+0200;1020;+0100;0;JJ_8664
MAD;1200;+0200;1215;+0100;0;JJ_8660
MAD;1200;+0200;1215;+0100;0;TP_1013
MAD;1200;+0200;1215;+0100;0;JK_9447
MAD;1450;+0200;1505;+0100;0;AM_6944
MAD;1450;+0200;1505;+0100;0;UX_1155
MAD;1450;+0200;1505;+0100;0;TP_1015
MAD;1450;+0200;1505;+0100;0;JK_9419
MAD;1450;+0200;1505;+0100;0;JJ_8658
MAD;1815;+0200;1830;+0100;0;TP_1017
MAD;1815;+0200;1830;+0100;0;JK_9425
MAD;1815;+0200;1830;+0100;0;JJ_8654
MAD;1835;+0200;1850;+0100;0;AM_6945
MAD;1835;+0200;1850;+0100;0;UX_1157
MAD;1850;+0200;1905;+0100;0;AM_6945
MAD;2045;+0200;2100;+0100;0;TP_1019
MAD;2045;+0200;2100;+0100;0;JK_9417
MAD;2045;+0200;2100;+0100;0;JJ_8670
MAD;0955;+0200;1200;+0100;0;TP_1003-TP_1957
MAD;1925;+0200;2230;+0100;0;TP_1005-TP_1983
MAD;1350;+0200;1720;+0100;0;JK_7555-JK_9401
MAD;0845;+0200;1235;+0100;0;JK_6116-JK_9465
MAD;0805;+0200;1200;+0100;0;TP_1007-TP_1957
MAD;1925;+0200;2330;+0100;0;TP_1005-TP_677
CPH;0830;+0200;1110;+0100;0;TP_753
CPH;1730;+0200;2015;+0100;0;TP_751
CPH;1930;+0200;2340;+0100;0;LH_831-LH_1172
CPH;1015;+0200;1435;+0100;0;KL_1126-KL_1693
CPH;0940;+0200;1410;+0100;0;LX_1267-LX_4580
CPH;1020;+0200;1450;+0100;0;AF_1751-AF_1624
CPH;1300;+0200;1735;+0100;0;AF_2051-AF_1924
CPH;1645;+0200;2120;+0100;0;NH_6180-NH_6735
CPH;1645;+0200;2120;+0100;0;LH_829-LH_6956
CPH;0845;+0200;1325;+0100;0;UA_9110-UA_8938
CPH;1010;+0200;1450;+0100;0;AF_1751-AF_1624
CPH;0710;+0200;1155;+0100;0;JK_38-JK_9445
CPH;0835;+0200;1325;+0100;0;LH_2441-LH_1790
CPH;0835;+0200;1325;+0100;0;UA_9110-UA_8938
CPH;1650;+0200;2145;+0100;0;LH_2445-LH_1792
CPH;0605;+0200;1110;+0100;0;UA_9265-UA_8846
CPH;0600;+0200;1110;+0100;0;UA_9265-UA_8846
CPH;0605;+0200;1115;+0100;0;UA_9265-UA_8846
CPH;0900;+0200;1410;+0100;0;SN_2256-SN_6403
CPH;1020;+0200;1530;+0100;0;LH_823-LH_6994
CPH;0600;+0200;1115;+0100;0;UA_9265-UA_8846
CPH;0600;+0200;1115;+0100;0;LH_833-LH_1166
CPH;0600;+0200;1115;+0100;0;BD_3417-BD_3348
CPH;1735;+0200;2250;+0100;0;KL_1132-KL_1697
CPH;0635;+0200;1155;+0100;0;SN_2268-SN_3815
CPH;0635;+0200;1155;+0100;0;BD_5454-BD_5565
CPH;0850;+0200;1410;+0100;0;SN_2256-SN_6403
CPH;1020;+0200;1545;+0100;0;UA_9029-UA_8896
CPH;1535;+0200;2100;+0100;0;JK_26-JK_9417
CPH;1020;+0200;1555;+0100;0;LH_823-LH_1168
CPH;1020;+0200;1555;+0100;0;UA_9029-UA_8896
CPH;1330;+0200;1905;+0100;0;SN_2258-SN_3819
CPH;1330;+0200;1905;+0100;0;SN_2258-SN_6409
CPH;1330;+0200;1905;+0100;0;BD_5458-BD_5567
CPH;1310;+0200;1905;+0100;0;SN_2258-SN_6409
CPH;1310;+0200;1905;+0100;0;SN_2258-SN_3819
CPH;1630;+0200;2225;+0100;0;BA_817-BA_504
CPH;1630;+0200;2225;+0100;0;JL_7718-JL_7733
CPH;1740;+0200;2340;+0100;0;LH_6225-LH_1172
CPH;0925;+0200;1530;+0100;0;LH_6221-LH_6994
CPH;0800;+0200;1410;+0100;0;LX_4701-LX_4580
CPH;0855;+0200;1505;+0100;0;JK_9000-JK_9419
CPH;1445;+0200;2100;+0100;0;JK_34-JK_9494
CPH;1630;+0200;2245;+0100;0;AA_6370-AA_6466
CPH;0925;+0200;1545;+0100;0;UA_9029-UA_8896
CPH;1440;+0200;2105;+0100;0;LX_1271-LX_4582
CPH;1525;+0200;2150;+0100;0;AF_2351-AF_2324
CPH;0710;+0200;1340;+0100;0;JK_38-JK_9439
CPH;0835;+0200;1505;+0100;0;LH_2441-LH_6950
CPH;0925;+0200;1555;+0100;0;UA_9029-UA_8896
CPH;0925;+0200;1555;+0100;0;LH_6221-LH_1168
CPH;1450;+0200;2120;+0100;0;LH_6265-LH_6956
CPH;1100;+0200;1735;+0100;0;BA_813-BA_502
CPH;0645;+0200;1325;+0100;0;LH_6259-LH_1790
CPH;1645;+0200;2340;+0100;0;BD_3419-BD_3350
CPH;1645;+0200;2340;+0100;0;LH_829-LH_1172
CPH;1030;+0200;1730;+0100;0;AA_6387-AA_6359
CPH;1030;+0200;1735;+0100;0;AA_6387-AA_6359
CPH;1440;+0200;2145;+0100;0;LH_6257-LH_1792
CPH;1020;+0200;1735;+0100;0;AF_1751-AF_1924
CPH;1540;+0200;2255;+0100;0;IB_3309-IB_3118
CPH;1010;+0200;1735;+0100;0;AF_1751-AF_1924
CPH;0635;+0200;1410;+0100;0;EY_7228-EY_5811
CPH;0635;+0200;1410;+0100;0;SN_2268-SN_6403
CPH;1330;+0200;2105;+0100;0;SN_2258-SN_6405
CPH;1120;+0200;1905;+0100;0;BD_3731-BD_5567
CPH;0655;+0200;1450;+0100;0;AF_1351-AF_1624
CPH;0955;+0200;1750;+0100;0;LO_464-LO_5441
CPH;1310;+0200;2105;+0100;0;SN_2258-SN_6405
CPH;0645;+0200;1505;+0100;0;LH_6259-LH_6950
CPH;1400;+0200;2225;+0100;0;BA_815-BA_504
CPH;1425;+0200;2250;+0100;0;KL_1130-KL_1697
CPH;0700;+0200;1530;+0100;0;LH_6219-LH_6994
CPH;0600;+0200;1435;+0100;0;KL_1124-KL_1693
CPH;1400;+0200;2245;+0100;0;AA_6535-AA_6466
MUC;0610;+0200;0820;+0100;0;TP_553
MUC;0610;+0200;0820;+0100;0;LH_6992
MUC;1115;+0200;1325;+0100;0;UA_8938
MUC;1115;+0200;1325;+0100;0;LH_1790
MUC;1115;+0200;1325;+0100;0;TP_6720
MUC;1255;+0200;1505;+0100;0;TP_557
MUC;1255;+0200;1505;+0100;0;LH_6950
MUC;1935;+0200;2145;+0100;0;TP_6724
MUC;1935;+0200;2145;+0100;0;LH_1792
MUC;0725;+0200;1105;+0100;0;LH_2002-LH_3332
MUC;1150;+0200;1535;+0100;0;AB_9620-AB_7612
MUC;1520;+0200;1905;+0100;0;JK_9312-JK_9437
MUC;1140;+0200;1530;+0100;0;TP_7635-TP_573
MUC;1140;+0200;1530;+0100;0;LH_111-LH_6994
MUC;1440;+0200;1830;+0100;0;JK_9324-JK_9425
MUC;1905;+0200;2255;+0100;0;IB_3531-IB_3118
MUC;0715;+0200;1115;+0100;0;TP_7643-TP_6700
MUC;0715;+0200;1115;+0100;0;LH_101-LH_1166
MUC;0735;+0200;1135;+0100;0;LX_3619-LX_2084
MUC;0750;+0200;1150;+0100;0;IB_3537-IB_3110
MUC;1705;+0200;2105;+0100;0;LX_1109-LX_4582
MUC;1705;+0200;2105;+0100;0;SN_7060-SN_6405
MUC;1315;+0200;1720;+0100;0;JK_132-JK_9401
MUC;1550;+0200;2000;+0100;0;IB_3533-IB_3106
MUC;1035;+0200;1450;+0100;0;AF_1523-AF_1624
MUC;1140;+0200;1555;+0100;0;LH_111-LH_1168
MUC;1140;+0200;1555;+0100;0;TP_7635-TP_6702
MUC;0645;+0200;1105;+0100;0;LH_2000-LH_3332
MUC;1150;+0200;1610;+0100;0;AZ_437-AZ_7764
MUC;0915;+0200;1340;+0100;0;JK_9310-JK_9439
MUC;0935;+0200;1410;+0100;0;LX_1101-LX_4580
MUC;1645;+0200;2120;+0100;0;TP_7631-TP_579
MUC;1645;+0200;2120;+0100;0;LH_117-LH_6956
MUC;1050;+0200;1530;+0100;0;LH_109-LH_6994
MUC;1050;+0200;1530;+0100;0;TP_7633-TP_573
MUC;1255;+0200;1735;+0100;0;AF_1723-AF_1924
MUC;1855;+0200;2340;+0100;0;LH_121-LH_1172
MUC;1855;+0200;2340;+0100;0;TP_7641-TP_6706
MUC;0700;+0200;1155;+0100;0;JK_134-JK_9445
MUC;0915;+0200;1410;+0100;0;SN_7052-SN_6403
MUC;0610;+0200;1115;+0100;0;LH_99-LH_1166
MUC;0610;+0200;1115;+0100;0;TP_7645-TP_6700
MUC;0650;+0200;1155;+0100;0;SN_7050-SN_3815
MUC;0930;+0200;1435;+0100;0;KL_1792-KL_1693
MUC;1050;+0200;1555;+0100;0;TP_7633-TP_6702
MUC;1050;+0200;1555;+0100;0;LH_109-LH_1168
MUC;0605;+0200;1115;+0100;0;LH_99-LH_1166
MUC;0930;+0200;1450;+0100;0;AF_1423-AF_1624
MUC;1545;+0200;2105;+0100;0;LX_3623-LX_4582
MUC;1730;+0200;2250;+0100;0;KL_1798-KL_1697
MUC;1000;+0200;1530;+0100;0;LH_107-LH_6994
MUC;1155;+0200;1730;+0100;0;AA_6476-AA_6359
MUC;0710;+0200;1250;+0100;0;BA_947-BA_506
MUC;1155;+0200;1735;+0100;0;BA_949-BA_502
MUC;1155;+0200;1735;+0100;0;AA_6476-AA_6359
MUC;1520;+0200;2100;+0100;0;JK_9312-JK_9494
MUC;1610;+0200;2150;+0100;0;AF_2023-AF_2324
MUC;1525;+0200;2110;+0100;0;OS_7236-OS_8153
MUC;1755;+0200;2340;+0100;0;LH_119-LH_1172
MUC;1315;+0200;1905;+0100;0;JK_132-JK_9437
MUC;1515;+0200;2105;+0100;0;SN_7058-SN_6405
MUC;1000;+0200;1555;+0100;0;LH_107-LH_1168
MUC;1310;+0200;1905;+0100;0;SN_7056-SN_6409
MUC;1310;+0200;1905;+0100;0;SN_7056-SN_3819
MUC;1120;+0200;1720;+0100;0;JK_8842-JK_9401
MUC;1620;+0200;2225;+0100;0;JL_7712-JL_7733
MUC;1620;+0200;2225;+0100;0;BA_953-BA_504
MUC;0855;+0200;1505;+0100;0;JK_8880-JK_9419
MUC;1510;+0200;2120;+0100;0;LH_115-LH_6956
MUC;1525;+0200;2135;+0100;0;TP_7944-TP_529
MUC;0915;+0200;1530;+0100;0;LH_105-LH_6994
MUC;1105;+0200;1720;+0100;0;TP_7980-TP_713
MUC;1440;+0200;2100;+0100;0;JK_9324-JK_9417
MUC;1625;+0200;2245;+0100;0;AA_6353-AA_6466
MUC;1620;+0200;2245;+0100;0;AA_6353-AA_6466
MUC;0735;+0200;1410;+0100;0;LX_3619-LX_4580
MUC;0700;+0200;1340;+0100;0;JK_134-JK_9439
MUC;0915;+0200;1555;+0100;0;LH_105-LH_1168
HAM;0600;+0200;0825;+0100;0;LH_6995
HAM;0600;+0200;0825;+0100;0;TP_567
HAM;1515;+0200;1905;+0100;0;SN_2626-SN_6409
HAM;1515;+0200;1905;+0100;0;SN_2626-SN_3819
HAM;1745;+0200;2150;+0100;0;AF_2311-AF_2324
HAM;0915;+0200;1325;+0100;0;LH_2061-LH_1790
HAM;0915;+0200;1325;+0100;0;TP_7689-TP_6720
HAM;1125;+0200;1535;+0100;0;AB_9332-AB_7612
HAM;1930;+0200;2340;+0100;0;TP_7677-TP_6706
HAM;1930;+0200;2340;+0100;0;LH_27-LH_1172
HAM;1930;+0200;2340;+0100;0;BD_2959-BD_3350
HAM;1115;+0200;1530;+0100;0;TP_7673-TP_573
HAM;1120;+0200;1535;+0100;0;AB_3132-AB_7612
HAM;1730;+0200;2145;+0100;0;TP_7695-TP_6724
HAM;1730;+0200;2145;+0100;0;LH_2075-LH_1792
HAM;0645;+0200;1105;+0100;0;LH_2701-LH_3332
HAM;0715;+0200;1135;+0100;0;LX_3645-LX_2084
HAM;1110;+0200;1530;+0100;0;LH_13-LH_6994
HAM;1300;+0200;1720;+0100;0;JK_144-JK_9401
HAM;1700;+0200;2120;+0100;0;TP_7681-TP_579
HAM;1700;+0200;2120;+0100;0;LH_21-LH_6956
HAM;0945;+0200;1410;+0100;0;LX_1051-LX_4580
HAM;1825;+0200;2250;+0100;0;KL_1784-KL_1697
HAM;0645;+0200;1115;+0100;0;TP_7671-TP_6700
HAM;0645;+0200;1115;+0100;0;BD_2947-BD_3348
HAM;0645;+0200;1115;+0100;0;LH_31-LH_1166
HAM;1300;+0200;1735;+0100;0;AF_1711-AF_1924
HAM;1010;+0200;1450;+0100;0;AF_1411-AF_1624
HAM;1115;+0200;1555;+0100;0;TP_7673-TP_6702
HAM;1730;+0200;2210;+0100;0;2X_5011-2X_5023
HAM;1020;+0200;1505;+0100;0;LH_2063-LH_6950
HAM;1110;+0200;1555;+0100;0;LH_13-LH_1168
HAM;0835;+0200;1325;+0100;0;LH_2059-LH_1790
HAM;1615;+0200;2105;+0100;0;SN_2626-SN_6405
HAM;1850;+0200;2340;+0100;0;LH_25-LH_1172
HAM;0650;+0200;1155;+0100;0;BD_5390-BD_5565
HAM;0650;+0200;1155;+0100;0;SN_2630-SN_3815
HAM;0605;+0200;1115;+0100;0;LH_1-LH_1166
HAM;0600;+0200;1115;+0100;0;BD_2951-BD_3348
HAM;1630;+0200;2145;+0100;0;LH_2073-LH_1792
HAM;1010;+0200;1530;+0100;0;LH_11-LH_6994
HAM;1810;+0200;2340;+0100;0;LH_23-LH_1172
HAM;0705;+0200;1250;+0100;0;BA_963-BA_506
HAM;0850;+0200;1435;+0100;0;KL_1778-KL_1693
HAM;1010;+0200;1555;+0100;0;LH_11-LH_1168
HAM;0915;+0200;1505;+0100;0;LH_2061-LH_6950
HAM;0915;+0200;1505;+0100;0;TP_7689-TP_557
HAM;1515;+0200;2105;+0100;0;SN_2626-SN_6405
HAM;0730;+0200;1325;+0100;0;LH_2083-LH_1790
HAM;1520;+0200;2120;+0100;0;LH_19-LH_6956
HAM;0925;+0200;1530;+0100;0;LH_9-LH_6994
HAM;1300;+0200;1905;+0100;0;JK_144-JK_9437
HAM;1115;+0200;1730;+0100;0;AA_6405-AA_6359
HAM;1115;+0200;1735;+0100;0;BA_965-BA_502
HAM;1115;+0200;1735;+0100;0;AA_6405-AA_6359
HAM;1445;+0200;2105;+0100;0;LX_1057-LX_4582
HAM;0835;+0200;1505;+0100;0;LH_2059-LH_6950
HAM;0925;+0200;1555;+0100;0;LH_9-LH_1168
HAM;1700;+0200;2340;+0100;0;TP_7681-TP_6706
HAM;1700;+0200;2340;+0100;0;LH_21-LH_1172
HAM;0640;+0200;1325;+0100;0;LH_2087-LH_1790
HAM;1500;+0200;2145;+0100;0;LH_2071-LH_1792
HAM;0840;+0200;1530;+0100;0;LH_7-LH_6994
HAM;0715;+0200;1410;+0100;0;LX_3645-LX_4580
HAM;0735;+0200;1450;+0100;0;AF_2511-AF_1624
HAM;0840;+0200;1555;+0100;0;LH_7-LH_1168
HAM;0650;+0200;1410;+0100;0;SN_2630-SN_6403
HAM;1110;+0200;1830;+0100;0;JK_8860-JK_9425
HAM;1400;+0200;2120;+0100;0;LH_17-LH_6956
HAM;0805;+0200;1530;+0100;0;LH_5-LH_6994
HAM;1010;+0200;1735;+0100;0;AF_1411-AF_1924
HAM;1135;+0200;1905;+0100;0;SN_2624-SN_6409
HAM;1135;+0200;1905;+0100;0;SN_2624-SN_3819
HAM;0730;+0200;1505;+0100;0;LH_2083-LH_6950
HAM;0710;+0200;1450;+0100;0;AF_2511-AF_1624
HAM;1120;+0200;1905;+0100;0;SN_2624-SN_3819
HAM;1120;+0200;1905;+0100;0;SN_2624-SN_6409
HAM;1120;+0200;1905;+0100;0;BD_5394-BD_5567
DUS;1240;+0200;1430;+0100;0;TP_543
DUS;0910;+0200;1105;+0100;0;LH_3332
DUS;1210;+0200;1550;+0100;0;IB_3523-IB_3102
DUS;1905;+0200;2255;+0100;0;IB_3569-IB_3118
DUS;1055;+0200;1450;+0100;0;AF_1307-AF_1624
DUS;1200;+0200;1555;+0100;0;LH_79-LH_1168
DUS;1200;+0200;1555;+0100;0;TP_7753-TP_6702
DUS;1705;+0200;2100;+0100;0;JK_8980-JK_9494
DUS;0750;+0200;1150;+0100;0;IB_3597-IB_3110
DUS;0925;+0200;1325;+0100;0;LH_2003-LH_1790
DUS;0925;+0200;1325;+0100;0;TP_7769-TP_6720
DUS;0940;+0200;1340;+0100;0;JK_9328-JK_9439
DUS;1050;+0200;1450;+0100;0;AF_1307-AF_1624
DUS;1055;+0200;1505;+0100;0;TP_7771-TP_557
DUS;1655;+0200;2105;+0100;0;LX_3641-LX_4582
DUS;1735;+0200;2145;+0100;0;LH_2015-LH_1792
DUS;1735;+0200;2145;+0100;0;TP_7773-TP_6724
DUS;0720;+0200;1135;+0100;0;LX_3633-LX_2084
DUS;0955;+0200;1410;+0100;0;LX_1017-LX_4580
DUS;1320;+0200;1735;+0100;0;AF_1607-AF_1924
DUS;1645;+0200;2100;+0100;0;JK_9334-JK_9417
DUS;1045;+0200;1505;+0100;0;LH_2005-LH_6950
DUS;1725;+0200;2150;+0100;0;AF_2207-AF_2324
DUS;1820;+0200;2250;+0100;0;KL_1862-KL_1697
DUS;1100;+0200;1535;+0100;0;AB_9864-AB_7612
DUS;1905;+0200;2340;+0100;0;LH_87-LH_1172
DUS;1905;+0200;2340;+0100;0;TP_7759-TP_6706
DUS;0845;+0200;1325;+0100;0;LH_2001-LH_1790
DUS;0645;+0200;1135;+0100;0;LX_1029-LX_2084
DUS;0605;+0200;1115;+0100;0;BD_3313-BD_3348
DUS;0605;+0200;1115;+0100;0;TP_7751-TP_6700
DUS;0605;+0200;1115;+0100;0;LH_73-LH_1166
DUS;1020;+0200;1530;+0100;0;LH_77-LH_6994
DUS;1020;+0200;1530;+0100;0;TP_7757-TP_573
DUS;1630;+0200;2145;+0100;0;LH_2013-LH_1792
DUS;0655;+0200;1215;+0100;0;JK_8802-JK_9447
DUS;1625;+0200;2150;+0100;0;AF_1907-AF_2324
DUS;0715;+0200;1250;+0100;0;BA_935-BA_506
DUS;1020;+0200;1555;+0100;0;TP_7757-TP_6702
DUS;1020;+0200;1555;+0100;0;LH_77-LH_1168
DUS;0925;+0200;1505;+0100;0;LH_2003-LH_6950
DUS;0925;+0200;1505;+0100;0;TP_7769-TP_557
DUS;1645;+0200;2225;+0100;0;BA_941-BA_504
DUS;1645;+0200;2225;+0100;0;JL_7700-JL_7733
DUS;1800;+0200;2340;+0100;0;BD_3315-BD_3350
DUS;1800;+0200;2340;+0100;0;LH_85-LH_1172
DUS;0730;+0200;1325;+0100;0;LH_2025-LH_1790
DUS;1645;+0200;2245;+0100;0;AA_6515-AA_6466
DUS;0820;+0200;1435;+0100;0;KL_1854-KL_1693
DUS;1450;+0200;2105;+0100;0;LX_1019-LX_4582
DUS;0845;+0200;1505;+0100;0;LH_2001-LH_6950
DUS;0655;+0200;1325;+0100;0;LH_2023-LH_1790
DUS;1055;+0200;1735;+0100;0;AF_1307-AF_1924
DUS;1045;+0200;1730;+0100;0;AA_6364-AA_6359
DUS;1050;+0200;1735;+0100;0;AF_1307-AF_1924
DUS;1435;+0200;2120;+0100;0;LH_81-LH_6956
DUS;1435;+0200;2120;+0100;0;TP_7755-TP_579
DUS;1500;+0200;2145;+0100;0;LH_2011-LH_1792
DUS;0720;+0200;1410;+0100;0;LX_3633-LX_4580
DUS;1045;+0200;1735;+0100;0;BA_937-BA_502
DUS;1045;+0200;1735;+0100;0;AA_6364-AA_6359
DUS;0830;+0200;1530;+0100;0;LH_75-LH_6994
HEL;0535;+0300;0825;+0100;0;TP_797
HEL;0655;+0300;1115;+0100;0;LH_855-LH_1166
HEL;0655;+0300;1115;+0100;0;TP_7907-TP_6700
HEL;0630;+0300;1110;+0100;0;UA_8736-UA_8846
HEL;0630;+0300;1115;+0100;0;UA_8736-UA_8846
HEL;1805;+0300;2250;+0100;0;KL_1170-KL_1697
HEL;0800;+0300;1250;+0100;0;BA_6031-BA_506
HEL;1850;+0300;2340;+0100;0;LH_851-LH_1172
HEL;1850;+0300;2340;+0100;0;TP_7917-TP_6706
HEL;0700;+0300;1155;+0100;0;SN_6752-SN_3815
HEL;0755;+0300;1250;+0100;0;BA_795-BA_506
HEL;1215;+0300;1735;+0100;0;AF_1099-AF_1924
HEL;0925;+0300;1450;+0100;0;AF_1499-AF_1624
HEL;1605;+0300;2150;+0100;0;AF_1799-AF_2324
HEL;1700;+0300;2255;+0100;0;IB_7425-IB_3118
HEL;1450;+0300;2110;+0100;0;OS_346-OS_8153
HEL;0905;+0300;1530;+0100;0;LH_853-LH_6994
HEL;0905;+0300;1530;+0100;0;TP_7909-TP_573
HEL;1600;+0300;2225;+0100;0;BA_6033-BA_504
HEL;0655;+0300;1325;+0100;0;TP_7923-TP_6720
HEL;0655;+0300;1325;+0100;0;LH_2467-LH_1790
HEL;0655;+0300;1325;+0100;0;UA_9099-UA_8938
HEL;0655;+0300;1325;+0100;0;LG_1610-LG_1631
HEL;1450;+0300;2120;+0100;0;NH_6172-NH_6735
HEL;1450;+0300;2120;+0100;0;TP_7913-TP_579
HEL;1450;+0300;2120;+0100;0;LH_849-LH_6956
HEL;0905;+0300;1545;+0100;0;UA_9047-UA_8896
HEL;0640;+0300;1325;+0100;0;LG_1610-LG_1631
HEL;1600;+0300;2245;+0100;0;AA_6049-AA_6466
HEL;0905;+0300;1555;+0100;0;LH_853-LH_1168
HEL;0905;+0300;1555;+0100;0;UA_9047-UA_8896
HEL;0905;+0300;1555;+0100;0;TP_7909-TP_6702
HEL;0700;+0300;1410;+0100;0;SN_6752-SN_6403
HEL;0735;+0300;1450;+0100;0;AF_2299-AF_1624
HEL;0820;+0300;1545;+0100;0;UA_9047-UA_8896
HEL;0820;+0300;1555;+0100;0;UA_9047-UA_8896
HEL;0635;+0300;1435;+0100;0;KL_1164-KL_1693
HEL;0655;+0300;1505;+0100;0;TP_7923-TP_557
HEL;0655;+0300;1505;+0100;0;LH_2467-LH_6950
HEL;0925;+0300;1735;+0100;0;AF_1499-AF_1924
HEL;1300;+0300;2120;+0100;0;LH_847-LH_6956
HEL;1405;+0300;2225;+0100;0;BA_6079-BA_504
HEL;1315;+0300;2145;+0100;0;LG_1612-LG_1633
STO;1505;+0200;1830;+0100;0;TP_787
STO;0620;+0200;1115;+0100;0;BD_3523-BD_3348
STO;0620;+0200;1115;+0100;0;LH_809-LH_1166
STO;0940;+0200;1435;+0100;0;KL_1108-KL_1693
STO;0655;+0200;1155;+0100;0;SN_2310-SN_3815
STO;0655;+0200;1155;+0100;0;BD_5470-BD_5565
STO;1030;+0200;1530;+0100;0;LH_801-LH_6994
STO;0625;+0200;1135;+0100;0;UA_6971-UA_9792
STO;0625;+0200;1135;+0100;0;LX_4707-LX_2084
STO;1355;+0200;1905;+0100;0;SN_2306-SN_3819
STO;1355;+0200;1905;+0100;0;SN_2306-SN_6409
STO;1355;+0200;1905;+0100;0;BD_5466-BD_5567
STO;1445;+0200;2000;+0100;0;IB_3321-IB_3106
STO;1545;+0200;2105;+0100;0;LX_1251-LX_4582
STO;1030;+0200;1555;+0100;0;LH_801-LH_1168
STO;1210;+0200;1735;+0100;0;AF_1763-AF_1924
STO;1015;+0200;1545;+0100;0;UA_9508-UA_8896
STO;1720;+0200;2250;+0100;0;KL_1116-KL_1697
STO;0745;+0200;1325;+0100;0;UA_9223-UA_8938
STO;0745;+0200;1325;+0100;0;LH_2421-LH_1790
STO;1015;+0200;1555;+0100;0;UA_9508-UA_8896
STO;1520;+0200;2100;+0100;0;JK_58-JK_9494
STO;1555;+0200;2145;+0100;0;LH_2417-LH_1792
STO;1515;+0200;2120;+0100;0;LH_6229-LH_6956
STO;1515;+0200;2120;+0100;0;CA_7083-CA_7047
STO;0910;+0200;1530;+0100;0;LH_6227-LH_6994
STO;0910;+0200;1555;+0100;0;LH_6227-LH_1168
STO;1540;+0200;2225;+0100;0;JL_7716-JL_7733
STO;1540;+0200;2225;+0100;0;BA_779-BA_504
STO;0650;+0200;1340;+0100;0;JK_54-JK_9439
STO;1650;+0200;2340;+0100;0;LH_6203-LH_1172
STO;1540;+0200;2245;+0100;0;AA_6530-AA_6466
STO;1155;+0200;1905;+0100;0;SN_2304-SN_6409
STO;1155;+0200;1905;+0100;0;SN_2304-SN_3819
STO;1355;+0200;2105;+0100;0;SN_2306-SN_6405
STO;1440;+0200;2150;+0100;0;AF_2063-AF_2324
STO;0655;+0200;1410;+0100;0;SN_2310-SN_6403
STO;0655;+0200;1410;+0100;0;EY_7210-EY_5811
STO;0745;+0200;1505;+0100;0;LH_2421-LH_6950
STO;1030;+0200;1750;+0100;0;LO_454-LO_5441
STO;1140;+0200;1905;+0100;0;BD_5472-BD_5567
STO;1410;+0200;2145;+0100;0;LH_6187-LH_1792
STO;0625;+0200;1410;+0100;0;LX_4707-LX_4580
STO;0650;+0200;1450;+0100;0;AF_1463-AF_1624
STO;0630;+0200;1435;+0100;0;KL_1106-KL_1693
STO;1445;+0200;2255;+0100;0;IB_3321-IB_3118
STO;1515;+0200;2340;+0100;0;LH_6229-LH_1172
STO;1240;+0200;2120;+0100;0;NH_6188-NH_6735
STO;1240;+0200;2120;+0100;0;LH_803-LH_6956
STO;0620;+0200;1530;+0100;0;LH_809-LH_6994
STO;1155;+0200;2105;+0100;0;SN_2304-SN_6405
STO;0620;+0200;1545;+0100;0;UA_9015-UA_8896
STO;0620;+0200;1555;+0100;0;UA_9015-UA_8896
STO;0620;+0200;1555;+0100;0;LH_809-LH_1168
STO;1210;+0200;2150;+0100;0;AF_1763-AF_2324
STO;1310;+0200;2250;+0100;0;KL_1110-KL_1697
BER;1210;+0200;1555;+0100;0;LH_185-LH_1168
BER;1210;+0200;1555;+0100;0;TP_7705-TP_6702
BER;1205;+0200;1555;+0100;0;LH_185-LH_1168
BER;1950;+0200;2340;+0100;0;BD_3581-BD_3350
BER;1950;+0200;2340;+0100;0;LH_199-LH_1172
BER;1950;+0200;2340;+0100;0;TP_7709-TP_6706
BER;1100;+0200;1505;+0100;0;LH_2035-LH_6950
BER;1100;+0200;1505;+0100;0;TP_7723-TP_557
BER;1700;+0200;2105;+0100;0;SN_2586-SN_6405
BER;1740;+0200;2145;+0100;0;TP_7725-TP_6724
BER;1740;+0200;2145;+0100;0;LH_2047-LH_1792
BER;0915;+0200;1325;+0100;0;LH_2031-LH_1790
BER;0915;+0200;1325;+0100;0;TP_7721-TP_6720
BER;1125;+0200;1535;+0100;0;AB_9162-AB_7612
BER;0650;+0200;1105;+0100;0;LH_2727-LH_3332
BER;1020;+0200;1435;+0100;0;KL_1822-KL_1693
BER;0655;+0200;1115;+0100;0;LH_173-LH_1166
BER;0655;+0200;1115;+0100;0;TP_7701-TP_6700
BER;1105;+0200;1530;+0100;0;TP_7703-TP_573
BER;1105;+0200;1530;+0100;0;LH_183-LH_6994
BER;0720;+0200;1150;+0100;0;IB_3549-IB_3110
BER;1055;+0200;1530;+0100;0;LH_183-LH_6994
BER;0930;+0200;1410;+0100;0;LX_975-LX_4580
BER;1705;+0200;2145;+0100;0;LH_2043-LH_1792
BER;1900;+0200;2340;+0100;0;LH_197-LH_1172
BER;1900;+0200;2340;+0100;0;BD_3579-BD_3350
BER;0650;+0200;1135;+0100;0;LX_963-LX_2084
BER;1250;+0200;1735;+0100;0;AF_1735-AF_1924
BER;0835;+0200;1325;+0100;0;LH_2029-LH_1790
BER;1105;+0200;1555;+0100;0;TP_7703-TP_6702
BER;1105;+0200;1555;+0100;0;LH_183-LH_1168
BER;0955;+0200;1450;+0100;0;AF_1435-AF_1624
BER;1410;+0200;1905;+0100;0;SN_2584-SN_3819
BER;1410;+0200;1905;+0100;0;SN_2584-SN_6409
BER;1055;+0200;1555;+0100;0;LH_183-LH_1168
BER;0610;+0200;1115;+0100;0;LH_171-LH_1166
BER;0605;+0200;1115;+0100;0;BD_3577-BD_3348
BER;0605;+0200;1115;+0100;0;LH_171-LH_1166
BER;0605;+0200;1115;+0100;0;TP_7711-TP_6700
BER;1020;+0200;1530;+0100;0;LH_181-LH_6994
BER;1220;+0200;1730;+0100;0;AA_6595-AA_6359
BER;0640;+0200;1155;+0100;0;BD_5332-BD_5565
BER;0640;+0200;1155;+0100;0;SN_2592-SN_3815
BER;0950;+0200;1505;+0100;0;LH_2033-LH_6950
BER;1220;+0200;1735;+0100;0;AA_6595-AA_6359
BER;1220;+0200;1735;+0100;0;BA_983-BA_502
BER;1350;+0200;1905;+0100;0;SN_2584-SN_6409
BER;1350;+0200;1905;+0100;0;BD_5324-BD_5567
BER;1350;+0200;1905;+0100;0;SN_2584-SN_3819
BER;1605;+0200;2120;+0100;0;LH_191-LH_6956
BER;1605;+0200;2120;+0100;0;TP_7707-TP_579
BER;0850;+0200;1410;+0100;0;SN_2580-SN_6403
BER;1820;+0200;2340;+0100;0;LH_195-LH_1172
BER;0845;+0200;1410;+0100;0;SN_2580-SN_6403
BER;1620;+0200;2145;+0100;0;LH_2041-LH_1792
BER;1725;+0200;2250;+0100;0;KL_1830-KL_1697
BER;0720;+0200;1250;+0100;0;BA_981-BA_506
BER;1020;+0200;1555;+0100;0;LH_181-LH_1168
BER;1640;+0200;2225;+0100;0;JL_7714-JL_7733
BER;1640;+0200;2225;+0100;0;BA_985-BA_504
BER;0735;+0200;1325;+0100;0;LH_2057-LH_1790
BER;0915;+0200;1505;+0100;0;LH_2031-LH_6950
BER;0915;+0200;1505;+0100;0;TP_7721-TP_557
BER;0935;+0200;1530;+0100;0;LH_179-LH_6994
BER;1555;+0200;2150;+0100;0;AF_2035-AF_2324
BER;1510;+0200;2110;+0100;0;OS_292-OS_8153
BER;1730;+0200;2340;+0100;0;LH_193-LH_1172
BER;1730;+0200;2340;+0100;0;BD_3573-BD_3350
BER;1450;+0200;2105;+0100;0;LX_967-LX_4582
BER;0935;+0200;1555;+0100;0;LH_179-LH_1168
BER;1105;+0200;1730;+0100;0;AA_6393-AA_6359
BER;0835;+0200;1505;+0100;0;LH_2029-LH_6950
BER;1105;+0200;1735;+0100;0;AA_6393-AA_6359
BER;1105;+0200;1735;+0100;0;BA_991-BA_502
BER;1445;+0200;2120;+0100;0;LH_189-LH_6956
BER;0635;+0200;1325;+0100;0;LH_2055-LH_1790
BER;0840;+0200;1530;+0100;0;LH_177-LH_6994
BER;0845;+0200;1535;+0100;0;AB_9152-AB_7612
BER;1455;+0200;2145;+0100;0;LH_2039-LH_1792
BER;1410;+0200;2105;+0100;0;SN_2584-SN_6405
BER;0840;+0200;1555;+0100;0;LH_177-LH_1168
BER;1350;+0200;2105;+0100;0;SN_2584-SN_6405
BER;0650;+0200;1410;+0100;0;LX_963-LX_4580
BER;1145;+0200;1905;+0100;0;SN_2582-SN_6409
BER;1145;+0200;1905;+0100;0;SN_2582-SN_3819
BER;1145;+0200;1905;+0100;0;BD_5322-BD_5567
BER;0640;+0200;1410;+0100;0;SN_2592-SN_6403
BER;0735;+0200;1505;+0100;0;LH_2057-LH_6950
BER;1230;+0200;2000;+0100;0;IB_3551-IB_3106
BER;0715;+0200;1450;+0100;0;AF_1135-AF_1624
BER;0755;+0200;1530;+0100;0;LH_175-LH_6994
BER;1605;+0200;2340;+0100;0;LH_191-LH_1172
BER;1605;+0200;2340;+0100;0;BD_3587-BD_3350
BER;1605;+0200;2340;+0100;0;TP_7707-TP_6706
BER;0710;+0200;1450;+0100;0;AF_1135-AF_1624
BER;0955;+0200;1735;+0100;0;AF_1435-AF_1924
BER;1340;+0200;2120;+0100;0;LH_187-LH_6956
BER;1430;+0200;2225;+0100;0;BA_993-BA_504
BER;0755;+0200;1555;+0100;0;LH_175-LH_1168
BER;1430;+0200;2245;+0100;0;AA_6371-AA_6466
BER;0635;+0200;1505;+0100;0;LH_2055-LH_6950
BER;0720;+0200;1550;+0100;0;IB_3549-IB_3102
BER;1420;+0200;2250;+0100;0;KL_1826-KL_1697
BER;0600;+0200;1435;+0100;0;KL_1818-KL_1693
BER;0655;+0200;1530;+0100;0;LH_173-LH_6994
BER;0655;+0200;1530;+0100;0;TP_7701-TP_573
BER;0905;+0200;1750;+0100;0;LO_388-LO_5441
BCN;0705;+0200;0800;+0100;0;JK_9405
BCN;0705;+0200;0800;+0100;0;TP_1049
BCN;2005;+0200;2100;+0100;0;JK_9494
BCN;2005;+0200;2100;+0100;0;TP_1047
BCN;1055;+0200;1155;+0100;0;JK_9445
BCN;1055;+0200;1155;+0100;0;TP_1039
BCN;1240;+0200;1340;+0100;0;JK_9439
BCN;1240;+0200;1340;+0100;0;TP_1041
BCN;1620;+0200;1720;+0100;0;JK_9401
BCN;1620;+0200;1720;+0100;0;TP_1043
BCN;1805;+0200;1905;+0100;0;JK_9437
BCN;1805;+0200;1905;+0100;0;TP_1045
BCN;0930;+0200;1150;+0100;0;IB_6757-IB_3110
BCN;1735;+0200;2000;+0100;0;IB_2789-IB_3106
BCN;0910;+0200;1150;+0100;0;IB_6755-IB_3110
BCN;1220;+0200;1505;+0100;0;UX_2153-UX_1155
BCN;1220;+0200;1505;+0100;0;JK_7556-JK_9419
BCN;1220;+0200;1505;+0100;0;AM_6809-AM_6944
BCN;0725;+0200;1020;+0100;0;JK_425-JK_9413
BCN;1210;+0200;1505;+0100;0;AM_6810-AM_6944
BCN;1800;+0200;2100;+0100;0;JK_429-JK_9417
BCN;0845;+0200;1150;+0100;0;IB_6753-IB_3110
BCN;1240;+0200;1550;+0100;0;IB_2751-IB_3102
BCN;1945;+0200;2255;+0100;0;IB_2725-IB_3118
BCN;0700;+0200;1020;+0100;0;JK_7552-JK_9413
BCN;1640;+0200;2000;+0100;0;IB_2705-IB_3106
BCN;1140;+0200;1505;+0100;0;AM_6810-AM_6944
BCN;1140;+0200;1505;+0100;0;JK_7554-JK_9419
BCN;1140;+0200;1505;+0100;0;UX_2154-UX_1155
BCN;1140;+0200;1505;+0100;0;AM_6809-AM_6944
BCN;0835;+0200;1215;+0100;0;JK_451-JK_9447
BCN;0845;+0200;1235;+0100;0;TP_8496-TP_1063
BCN;0845;+0200;1235;+0100;0;JK_6502-JK_9465
BCN;0800;+0200;1200;+0100;0;TP_1035-TP_1957
BCN;1825;+0200;2230;+0100;0;TP_1033-TP_1983
BCN;1140;+0200;1550;+0100;0;IB_2753-IB_3102
BCN;1320;+0200;1730;+0100;0;JK_6678-JK_9481
BCN;1845;+0200;2255;+0100;0;IB_2791-IB_3118
BCN;0725;+0200;1150;+0100;0;IB_2701-IB_3110
BCN;0910;+0200;1335;+0100;0;LX_1941-LX_4584
BCN;0945;+0200;1410;+0100;0;LX_1953-LX_4580
BCN;1025;+0200;1450;+0100;0;AF_1149-AF_1624
BCN;1635;+0200;2100;+0100;0;JK_443-JK_9417
BCN;0720;+0200;1150;+0100;0;IB_6793-IB_3110
BCN;1320;+0200;1755;+0100;0;TP_1031-TP_1975
BCN;1110;+0200;1550;+0100;0;IB_2755-IB_3102
BCN;1255;+0200;1735;+0100;0;AF_1349-AF_1924
BCN;1810;+0200;2255;+0100;0;IB_2763-IB_3118
LYS;0635;+0200;0800;+0100;0;TP_477
LYS;1835;+0200;2000;+0100;0;TP_473
LYS;1350;+0200;1735;+0100;0;AF_7643-AF_1924
LYS;1155;+0200;1550;+0100;0;IB_8711-IB_3102
LYS;0700;+0200;1105;+0100;0;LH_3271-LH_3332
LYS;1045;+0200;1450;+0100;0;AF_7641-AF_1624
LYS;0900;+0200;1325;+0100;0;UA_9027-UA_8938
LYS;0900;+0200;1325;+0100;0;LH_2247-LH_1790
LYS;1640;+0200;2105;+0100;0;SN_3590-SN_6405
LYS;0855;+0200;1325;+0100;0;UA_9027-UA_8938
LYS;1715;+0200;2145;+0100;0;LH_2251-LH_1792
LYS;0700;+0200;1135;+0100;0;LX_539-LX_2084
LYS;0720;+0200;1155;+0100;0;SN_3594-SN_3815
LYS;0705;+0200;1150;+0100;0;IB_8709-IB_3110
LYS;0705;+0200;1155;+0100;0;BD_5364-BD_5565
LYS;0705;+0200;1155;+0100;0;SN_3594-SN_3815
LYS;1700;+0200;2150;+0100;0;AF_7645-AF_2324
LYS;1845;+0200;2340;+0100;0;BD_3087-BD_3350
LYS;1845;+0200;2340;+0100;0;LH_1079-LH_1172
LYS;0610;+0200;1110;+0100;0;UA_8881-UA_8846
LYS;0610;+0200;1115;+0100;0;UA_8881-UA_8846
LYS;1025;+0200;1530;+0100;0;LH_1075-LH_6994
LYS;1745;+0200;2250;+0100;0;KL_2028-KL_1697
LYS;0600;+0200;1110;+0100;0;UA_8881-UA_8846
LYS;0600;+0200;1115;+0100;0;BD_3085-BD_3348
LYS;0600;+0200;1115;+0100;0;LH_1083-LH_1166
LYS;0600;+0200;1115;+0100;0;UA_8881-UA_8846
LYS;1215;+0200;1730;+0100;0;AA_6715-AA_6359
LYS;1025;+0200;1545;+0100;0;UA_8891-UA_8896
LYS;1215;+0200;1735;+0100;0;BA_361-BA_502
LYS;1215;+0200;1735;+0100;0;AA_6715-AA_6359
LYS;0850;+0200;1415;+0100;0;AZ_7358-AZ_7770
LYS;0925;+0200;1450;+0100;0;AF_7653-AF_1624
LYS;1020;+0200;1545;+0100;0;UA_8891-UA_8896
LYS;1025;+0200;1555;+0100;0;UA_8891-UA_8896
LYS;1025;+0200;1555;+0100;0;LH_1075-LH_1168
LYS;1020;+0200;1555;+0100;0;UA_8891-UA_8896
LYS;1155;+0200;1730;+0100;0;AA_6715-AA_6359
LYS;1155;+0200;1735;+0100;0;AA_6715-AA_6359
LYS;1520;+0200;2100;+0100;0;AZ_7839-AZ_7766
LYS;1410;+0200;2000;+0100;0;IB_8715-IB_3106
LYS;0900;+0200;1455;+0100;0;AZ_7851-AZ_7774
LYS;0900;+0200;1505;+0100;0;LH_2247-LH_6950
LYS;1450;+0200;2105;+0100;0;LX_533-LX_4582
LYS;1455;+0200;2120;+0100;0;NH_6130-NH_6735
LYS;1455;+0200;2120;+0100;0;LH_1077-LH_6956
LYS;0640;+0200;1325;+0100;0;LH_2255-LH_1790
LYS;0720;+0200;1410;+0100;0;SN_3594-SN_6403
LYS;1045;+0200;1735;+0100;0;AF_7641-AF_1924
LYS;1040;+0200;1735;+0100;0;AF_7417-AF_1924
LYS;0705;+0200;1410;+0100;0;SN_3594-SN_6403
LYS;0700;+0200;1410;+0100;0;LX_539-LX_4580
LYS;0730;+0200;1450;+0100;0;AF_7651-AF_1624
LYS;0655;+0200;1435;+0100;0;KL_2024-KL_1693
LYS;0845;+0200;1630;+0100;0;AF_7802-AF_5360
VIE;1835;+0200;2110;+0100;0;OS_8153
VIE;1835;+0200;2110;+0100;0;TP_693
VIE;1145;+0200;1535;+0100;0;AB_9138-AB_7612
VIE;1140;+0200;1535;+0100;0;AB_3252-AB_7612
VIE;1750;+0200;2145;+0100;0;LH_2331-LH_1792
VIE;1100;+0200;1505;+0100;0;LH_2327-LH_6950
VIE;0915;+0200;1325;+0100;0;LH_2325-LH_1790
VIE;0915;+0200;1325;+0100;0;OS_7231-OS_7487
VIE;1000;+0200;1410;+0100;0;LX_1575-LX_4580
VIE;0700;+0200;1115;+0100;0;LH_6331-LH_1166
VIE;0720;+0200;1135;+0100;0;LX_3551-LX_2084
VIE;1920;+0200;2340;+0100;0;LH_1243-LH_1172
VIE;1920;+0200;2340;+0100;0;BD_2987-BD_3350
VIE;0725;+0200;1150;+0100;0;IB_3573-IB_3110
VIE;0725;+0200;1150;+0100;0;IB_8477-IB_3110
VIE;0940;+0200;1410;+0100;0;SN_2902-SN_6403
VIE;1920;+0200;2350;+0100;0;OS_7207-OS_7395
VIE;1055;+0200;1530;+0100;0;LH_1235-LH_6994
VIE;1715;+0200;2150;+0100;0;AF_1757-AF_2324
VIE;0655;+0200;1135;+0100;0;LX_1585-LX_2084
VIE;0710;+0200;1155;+0100;0;BD_2831-BD_5565
VIE;1005;+0200;1450;+0100;0;AF_1139-AF_1624
VIE;0620;+0200;1110;+0100;0;UA_8959-UA_8846
VIE;1055;+0200;1545;+0100;0;UA_8961-UA_8896
VIE;1055;+0200;1545;+0100;0;OS_7203-OS_7393
VIE;0620;+0200;1115;+0100;0;LH_1247-LH_1166
VIE;0620;+0200;1115;+0100;0;BD_2983-BD_3348
VIE;0620;+0200;1115;+0100;0;UA_8959-UA_8846
VIE;0700;+0200;1155;+0100;0;SN_6002-SN_3815
VIE;1650;+0200;2145;+0100;0;LH_6327-LH_1792
VIE;0935;+0200;1435;+0100;0;KL_1840-KL_1693
VIE;1055;+0200;1555;+0100;0;OS_7203-OS_7393
VIE;1055;+0200;1555;+0100;0;LH_1235-LH_1168
VIE;1055;+0200;1555;+0100;0;UA_8961-UA_8896
VIE;1250;+0200;1750;+0100;0;LO_5224-LO_5441
VIE;0650;+0200;1155;+0100;0;SN_2910-SN_3815
VIE;0650;+0200;1155;+0100;0;BD_5490-BD_5565
VIE;1830;+0200;2340;+0100;0;LH_1241-LH_1172
VIE;1830;+0200;2350;+0100;0;OS_7209-OS_7395
VIE;1520;+0200;2100;+0100;0;TP_8713-TP_801
VIE;1520;+0200;2100;+0100;0;OS_513-OS_8145
VIE;1525;+0200;2105;+0100;0;TP_8707-TP_927
VIE;1525;+0200;2105;+0100;0;LX_3555-LX_4582
VIE;1525;+0200;2105;+0100;0;OS_563-OS_8141
VIE;1150;+0200;1735;+0100;0;BA_697-BA_502
VIE;1535;+0200;2120;+0100;0;LH_6339-LH_6956
VIE;0915;+0200;1505;+0100;0;LH_2325-LH_6950
VIE;1140;+0200;1730;+0100;0;AA_6640-AA_6359
VIE;1530;+0200;2120;+0100;0;TP_8741-TP_579
VIE;1140;+0200;1735;+0100;0;AA_6640-AA_6359
VIE;1510;+0200;2105;+0100;0;SN_6004-SN_6405
VIE;1510;+0200;2105;+0100;0;TP_8720-TP_617
VIE;1740;+0200;2340;+0100;0;LH_6335-LH_1172
VIE;1740;+0200;2350;+0100;0;OS_125-OS_7395
VIE;1450;+0200;2105;+0100;0;LX_1579-LX_4582
VIE;1450;+0200;2105;+0100;0;OS_8805-OS_8141
VIE;1535;+0200;2150;+0100;0;AF_1739-AF_2324
VIE;0910;+0200;1530;+0100;0;LH_6917-LH_6994
VIE;1450;+0200;2120;+0100;0;LH_1239-LH_6956
VIE;0850;+0200;1530;+0100;0;LH_1233-LH_6994
VIE;0910;+0200;1555;+0100;0;LH_6917-LH_1168
VIE;0720;+0200;1410;+0100;0;LX_3551-LX_4580
VIE;0720;+0200;1410;+0100;0;TG_7205-TG_7315
VIE;1510;+0200;2200;+0100;0;TP_8720-TP_617
VIE;0630;+0200;1325;+0100;0;LH_6325-LH_1790
VIE;0630;+0200;1325;+0100;0;OS_111-OS_7487
VIE;0710;+0200;1405;+0100;0;TP_8711-TP_803
VIE;0850;+0200;1545;+0100;0;UA_9340-UA_8896
VIE;0850;+0200;1545;+0100;0;OS_7259-OS_7393
VIE;1455;+0200;2150;+0100;0;AF_1657-AF_2324
VIE;0705;+0200;1405;+0100;0;TP_8711-TP_803
VIE;1020;+0200;1720;+0100;0;JK_9200-JK_9401
VIE;1020;+0200;1720;+0100;0;TP_8709-TP_1043
VIE;0850;+0200;1555;+0100;0;UA_9340-UA_8896
VIE;0850;+0200;1555;+0100;0;OS_7259-OS_7393
VIE;0850;+0200;1555;+0100;0;LH_1233-LH_1168
VIE;0700;+0200;1410;+0100;0;SN_6002-SN_6403
VIE;0700;+0200;1410;+0100;0;TP_8721-TP_607
VIE;0655;+0200;1410;+0100;0;LX_1585-LX_4580
VIE;0650;+0200;1410;+0100;0;SN_2910-SN_6403
VIE;1005;+0200;1735;+0100;0;AF_1139-AF_1924
BRU;0615;+0200;0800;+0100;0;TP_611
BRU;1920;+0200;2105;+0100;0;TP_617
BRU;1920;+0200;2105;+0100;0;SN_6405
BRU;2015;+0200;2200;+0100;0;TP_617
BRU;0620;+0200;0810;+0100;0;SN_6401
BRU;1220;+0200;1410;+0100;0;TP_607
BRU;1220;+0200;1410;+0100;0;SN_6403
BRU;1715;+0200;1905;+0100;0;SN_6409
BRU;1715;+0200;1905;+0100;0;SN_3819
BRU;1715;+0200;1905;+0100;0;BD_5567
BRU;1715;+0200;1905;+0100;0;TP_609
BRU;0635;+0200;0830;+0100;0;SN_3813
BRU;1000;+0200;1155;+0100;0;SN_3815
BRU;1210;+0200;1550;+0100;0;IB_3203-IB_3102
BRU;1905;+0200;2255;+0100;0;IB_3205-IB_3118
BRU;0755;+0200;1150;+0100;0;IB_3207-IB_3110
BRU;1105;+0200;1505;+0100;0;LH_2285-LH_6950
BRU;1420;+0200;1830;+0100;0;JK_9268-JK_9425
BRU;0650;+0200;1110;+0100;0;SN_7015-SN_7077
BRU;0650;+0200;1110;+0100;0;UA_9355-UA_8846
BRU;0655;+0200;1115;+0100;0;LH_1025-LH_1166
BRU;0950;+0200;1410;+0100;0;LX_787-LX_4580
BRU;1110;+0200;1530;+0100;0;LH_1009-LH_6994
BRU;1920;+0200;2340;+0100;0;LH_1019-LH_1172
BRU;0650;+0200;1115;+0100;0;UA_9355-UA_8846
BRU;1825;+0200;2250;+0100;0;KL_1732-KL_1697
BRU;1021;+0200;1450;+0100;0;AF_7184-AF_1624
BRU;0705;+0200;1135;+0100;0;LX_771-LX_2084
BRU;1100;+0200;1530;+0100;0;LH_1009-LH_6994
BRU;1715;+0200;2145;+0100;0;LH_2291-LH_1792
BRU;1920;+0200;2350;+0100;0;SN_7011-SN_7079
BRU;0845;+0200;1325;+0100;0;LH_2283-LH_1790
BRU;0845;+0200;1325;+0100;0;UA_9103-UA_8938
BRU;0940;+0200;1420;+0100;0;EY_7277-EY_5847
BRU;1240;+0200;1720;+0100;0;JK_9254-JK_9401
BRU;1100;+0200;1545;+0100;0;UA_8820-UA_8896
BRU;1100;+0200;1545;+0100;0;SN_7003-SN_7127
BRU;1110;+0200;1555;+0100;0;LH_1009-LH_1168
BRU;1100;+0200;1555;+0100;0;UA_8820-UA_8896
BRU;1100;+0200;1555;+0100;0;LH_1009-LH_1168
BRU;1500;+0200;2000;+0100;0;IB_3197-IB_3106
BRU;1720;+0200;2225;+0100;0;BA_397-BA_504
BRU;1720;+0200;2225;+0100;0;JL_7704-JL_7733
BRU;1600;+0200;2110;+0100;0;OS_8174-OS_8153
BRU;1830;+0200;2340;+0100;0;LH_1017-LH_1172
BRU;1218;+0200;1735;+0100;0;AF_7192-AF_1924
BRU;1210;+0200;1730;+0100;0;AA_6399-AA_6359
BRU;1830;+0200;2350;+0100;0;SN_7009-SN_7079
BRU;0630;+0200;1155;+0100;0;JK_9250-JK_9445
BRU;0725;+0200;1250;+0100;0;BA_389-BA_506
BRU;1210;+0200;1735;+0100;0;AA_6399-AA_6359
BRU;1210;+0200;1735;+0100;0;BA_393-BA_502
BRU;1720;+0200;2245;+0100;0;AA_6351-AA_6466
BRU;1450;+0200;2020;+0100;0;TP_603-TP_1981
BRU;1618;+0200;2150;+0100;0;AF_7186-AF_2324
BRU;1200;+0200;1755;+0100;0;SN_3811-SN_6414
BRU;1740;+0200;2340;+0100;0;LH_1015-LH_1172
BRU;0645;+0200;1250;+0100;0;BA_389-BA_506
BRU;1500;+0200;2105;+0100;0;LX_781-LX_4582
BRU;0855;+0200;1505;+0100;0;JK_9266-JK_9419
BRU;0920;+0200;1530;+0100;0;LH_1007-LH_6994
BRU;0820;+0200;1435;+0100;0;KL_1722-KL_1693
BRU;0845;+0200;1505;+0100;0;A3_1427-A3_1759
BRU;0845;+0200;1505;+0100;0;LH_2283-LH_6950
BRU;0925;+0200;1545;+0100;0;SN_7001-SN_7127
BRU;0920;+0200;1545;+0100;0;UA_8820-UA_8896
BRU;1240;+0200;1905;+0100;0;JK_9254-JK_9437
BRU;0920;+0200;1555;+0100;0;LH_1007-LH_1168
BRU;0920;+0200;1555;+0100;0;UA_8820-UA_8896
BRU;1120;+0200;1755;+0100;0;SN_3811-SN_6414
BRU;1445;+0200;2120;+0100;0;A3_1435-A3_1779
BRU;0645;+0200;1325;+0100;0;LH_2297-LH_1790
BRU;1420;+0200;2100;+0100;0;JK_9268-JK_9417
BRU;1440;+0200;2120;+0100;0;LH_1013-LH_6956
BRU;1440;+0200;2120;+0100;0;A3_1435-A3_1779
BRU;1500;+0200;2145;+0100;0;LH_2289-LH_1792
BRU;0840;+0200;1530;+0100;0;LH_1005-LH_6994
BRU;0830;+0200;1530;+0100;0;LH_1005-LH_6994
BRU;1525;+0200;2225;+0100;0;BA_395-BA_504
MIL;1225;+0200;1405;+0100;0;TP_803
MIL;1920;+0200;2100;+0100;0;TP_801
MIL;0635;+0200;0820;+0100;0;TP_829
MIL;0635;+0200;0820;+0100;0;AZ_7758
MIL;1340;+0200;1525;+0100;0;TP_807
MIL;1205;+0200;1550;+0100;0;IB_3641-IB_3102
MIL;1410;+0200;1755;+0100;0;TP_813-TP_1975
MIL;0800;+0200;1150;+0100;0;IB_3635-IB_3110
MIL;1110;+0200;1505;+0100;0;AM_6850-AM_6944
MIL;1110;+0200;1505;+0100;0;UX_1064-UX_1155
MIL;1900;+0200;2255;+0100;0;IB_3643-IB_3118
MIL;1700;+0200;2100;+0100;0;AZ_2061-AZ_7766
MIL;0700;+0200;1105;+0100;0;LH_3187-LH_3332
MIL;1005;+0200;1410;+0100;0;LX_1613-LX_4580
MIL;1125;+0200;1530;+0100;0;LH_249-LH_6994
MIL;1935;+0200;2340;+0100;0;LH_277-LH_1172
MIL;1200;+0200;1610;+0100;0;AZ_2037-AZ_7764
MIL;1655;+0200;2105;+0100;0;SN_3158-SN_6405
MIL;0930;+0200;1345;+0100;0;AZ_2033-AZ_7762
MIL;1050;+0200;1505;+0100;0;LH_1855-LH_6950
MIL;1030;+0200;1450;+0100;0;AF_1115-AF_1624
MIL;1125;+0200;1545;+0100;0;UA_9081-UA_8896
MIL;0645;+0200;1110;+0100;0;UA_9033-UA_8846
MIL;0710;+0200;1135;+0100;0;LX_1639-LX_2084
MIL;1120;+0200;1545;+0100;0;UA_9081-UA_8896
MIL;0645;+0200;1115;+0100;0;LH_259-LH_1166
MIL;0645;+0200;1115;+0100;0;UA_9033-UA_8846
MIL;1125;+0200;1555;+0100;0;LH_249-LH_1168
MIL;1125;+0200;1555;+0100;0;UA_9081-UA_8896
MIL;1630;+0200;2100;+0100;0;AZ_2085-AZ_7766
MIL;0715;+0200;1150;+0100;0;IB_3629-IB_3110
MIL;0850;+0200;1325;+0100;0;LH_1853-LH_1790
MIL;1120;+0200;1555;+0100;0;UA_9081-UA_8896
MIL;1300;+0200;1735;+0100;0;AZ_7900-AZ_2622
MIL;1300;+0200;1735;+0100;0;AF_9701-AF_1924
MIL;0710;+0200;1150;+0100;0;IB_3629-IB_3110
MIL;1010;+0200;1450;+0100;0;AZ_7296-AZ_2620
MIL;1010;+0200;1450;+0100;0;AF_1213-AF_1624
MIL;1705;+0200;2145;+0100;0;LH_1861-LH_1792
MIL;0900;+0200;1345;+0100;0;AZ_2029-AZ_7762
MIL;1510;+0200;2000;+0100;0;IB_3637-IB_3106
MIL;1700;+0200;2150;+0100;0;AZ_7816-AZ_2626
MIL;1035;+0200;1530;+0100;0;LH_271-LH_6994
MIL;1115;+0200;1610;+0100;0;AZ_1019-AZ_7764
MIL;1755;+0200;2250;+0100;0;KL_1628-KL_1697
MIL;0845;+0200;1345;+0100;0;AZ_2111-AZ_7762
MIL;1110;+0200;1610;+0100;0;AZ_2315-AZ_7764
MIL;1600;+0200;2100;+0100;0;AZ_2059-AZ_7766
MIL;0930;+0200;1435;+0100;0;KL_3418-KL_1693
MIL;0645;+0200;1155;+0100;0;SN_3162-SN_3815
MIL;0645;+0200;1155;+0100;0;BD_5402-BD_5565
MIL;1035;+0200;1545;+0100;0;UA_8873-UA_8896
MIL;1100;+0200;1610;+0100;0;AZ_2045-AZ_7764
MIL;0830;+0200;1345;+0100;0;AZ_2025-AZ_7762
MIL;0855;+0200;1410;+0100;0;SN_3154-SN_6403
MIL;1635;+0200;2150;+0100;0;AF_9703-AF_2324
MIL;1635;+0200;2150;+0100;0;AZ_7906-AZ_2626
MIL;1035;+0200;1555;+0100;0;UA_8873-UA_8896
MIL;1035;+0200;1555;+0100;0;LH_271-LH_1168
MIL;1630;+0200;2150;+0100;0;AF_1715-AF_2324
MIL;1630;+0200;2150;+0100;0;AZ_7352-AZ_2626
MIL;0630;+0200;1155;+0100;0;SN_3162-SN_3815
MIL;1340;+0200;1905;+0100;0;BD_5266-BD_5567
MIL;1340;+0200;1905;+0100;0;SN_3148-SN_3819
MIL;1340;+0200;1905;+0100;0;SN_3148-SN_6409
MIL;1815;+0200;2340;+0100;0;LH_255-LH_1172
MIL;0815;+0200;1345;+0100;0;AZ_1015-AZ_7762
MIL;0815;+0200;1345;+0100;0;AZ_2023-AZ_7762
MIL;1020;+0200;1550;+0100;0;IB_3651-IB_3102
MIL;1200;+0200;1730;+0100;0;AA_6546-AA_6359
MIL;1530;+0200;2100;+0100;0;AZ_2083-AZ_7766
MIL;1200;+0200;1735;+0100;0;BA_573-BA_502
MIL;1200;+0200;1735;+0100;0;AA_6546-AA_6359
MIL;1030;+0200;1610;+0100;0;AZ_2027-AZ_7764
MIL;0800;+0200;1345;+0100;0;AZ_2021-AZ_7762
MIL;1515;+0200;2100;+0100;0;AZ_1027-AZ_7766
MIL;1600;+0200;2150;+0100;0;AZ_7848-AZ_2626
MIL;1750;+0200;2340;+0100;0;LH_275-LH_1172
MIL;0750;+0200;1345;+0100;0;AZ_2011-AZ_7762
MIL;1555;+0200;2150;+0100;0;AF_1713-AF_2324
MIL;1130;+0200;1730;+0100;0;AA_6311-AA_6359
MIL;1500;+0200;2100;+0100;0;AZ_2071-AZ_7766
MIL;1750;+0200;2350;+0100;0;SN_7096-SN_7079
MIL;0740;+0200;1345;+0100;0;AZ_2019-AZ_7762
MIL;1130;+0200;1735;+0100;0;BA_565-BA_502
MIL;1130;+0200;1735;+0100;0;AA_6311-AA_6359
MIL;1000;+0200;1610;+0100;0;AZ_2039-AZ_7764
MIL;1410;+0200;2020;+0100;0;TP_813-TP_1981
MIL;1455;+0200;2105;+0100;0;LX_1629-LX_4582
MIL;0730;+0200;1345;+0100;0;AZ_2015-AZ_7762
MIL;0835;+0200;1450;+0100;0;AF_9711-AF_1624
MIL;0835;+0200;1450;+0100;0;AZ_7086-AZ_2620
MIL;0850;+0200;1505;+0100;0;LH_1853-LH_6950
MIL;0915;+0200;1530;+0100;0;LH_247-LH_6994
MIL;1635;+0200;2250;+0100;0;KL_3416-KL_1697
MIL;0655;+0200;1325;+0100;0;LH_1867-LH_1790
MIL;0655;+0200;1325;+0100;0;UA_8863-UA_8938
MIL;0715;+0200;1345;+0100;0;AZ_2017-AZ_7762
MIL;0915;+0200;1545;+0100;0;UA_9063-UA_8896
MIL;1430;+0200;2100;+0100;0;AZ_2069-AZ_7766
MIL;1555;+0200;2225;+0100;0;BA_563-BA_504
OSL;1500;+0200;1810;+0100;0;TP_763
OSL;0625;+0200;1115;+0100;0;LH_865-LH_1166
OSL;1245;+0200;1735;+0100;0;AF_2075-AF_1924
OSL;0930;+0200;1435;+0100;0;KL_1142-KL_1693
OSL;1025;+0200;1530;+0100;0;LH_859-LH_6994
OSL;0955;+0200;1505;+0100;0;LH_6171-LH_6950
OSL;0640;+0200;1155;+0100;0;SN_2288-SN_3815
OSL;1025;+0200;1545;+0100;0;UA_8745-UA_8896
OSL;1025;+0200;1555;+0100;0;LH_859-LH_1168
OSL;1025;+0200;1555;+0100;0;UA_8745-UA_8896
OSL;1655;+0200;2225;+0100;0;BA_767-BA_504
OSL;1720;+0200;2250;+0100;0;KL_1148-KL_1697
OSL;0750;+0200;1325;+0100;0;UA_9077-UA_8938
OSL;1155;+0200;1730;+0100;0;AA_6630-AA_6359
OSL;1005;+0200;1545;+0100;0;UA_8745-UA_8896
OSL;1155;+0200;1735;+0100;0;BA_763-BA_502
OSL;1155;+0200;1735;+0100;0;AA_6630-AA_6359
OSL;0740;+0200;1325;+0100;0;UA_9077-UA_8938
OSL;0740;+0200;1325;+0100;0;LH_2457-LH_1790
OSL;1005;+0200;1555;+0100;0;UA_8745-UA_8896
OSL;0935;+0200;1530;+0100;0;LH_6231-LH_6994
OSL;0935;+0200;1555;+0100;0;LH_6231-LH_1168
OSL;1220;+0200;1905;+0100;0;SN_2282-SN_3819
OSL;1220;+0200;1905;+0100;0;SN_2282-SN_6409
OSL;1645;+0200;2340;+0100;0;LH_6105-LH_1172
OSL;1420;+0200;2120;+0100;0;LH_6281-LH_6956
OSL;1400;+0200;2110;+0100;0;OS_336-OS_8153
OSL;0740;+0200;1505;+0100;0;LH_2457-LH_6950
OSL;1355;+0200;2120;+0100;0;LH_861-LH_6956
OSL;1355;+0200;2120;+0100;0;NH_6184-NH_6735
OSL;0640;+0200;1410;+0100;0;SN_2288-SN_6403
OSL;0640;+0200;1410;+0100;0;EY_7208-EY_5811
OSL;0630;+0200;1435;+0100;0;KL_1140-KL_1693
OSL;0635;+0200;1450;+0100;0;AF_1275-AF_1624
OSL;0900;+0200;1720;+0100;0;JK_9011-JK_9401
OSL;0610;+0200;1435;+0100;0;KL_1212-KL_1693
OSL;1420;+0200;2250;+0100;0;KL_1146-KL_1697
OSL;1410;+0200;2250;+0100;0;KL_1218-KL_1697
OSL;1220;+0200;2105;+0100;0;SN_2282-SN_6405
OSL;0625;+0200;1530;+0100;0;LH_865-LH_6994
OSL;1245;+0200;2150;+0100;0;AF_2075-AF_2324
OSL;0625;+0200;1545;+0100;0;UA_9095-UA_8896
OSL;1420;+0200;2340;+0100;0;LH_6281-LH_1172
OSL;0625;+0200;1555;+0100;0;UA_9095-UA_8896
OSL;0625;+0200;1555;+0100;0;LH_865-LH_1168
OSL;0800;+0200;1730;+0100;0;AA_6628-AA_6359
OSL;0800;+0200;1735;+0100;0;AA_6628-AA_6359
OSL;0755;+0200;1735;+0100;0;BA_761-BA_502
OSL;1355;+0200;2340;+0100;0;LH_861-LH_1172
OSL;1355;+0200;2340;+0100;0;BD_2931-BD_3350
OSL;1150;+0200;2145;+0100;0;LH_2451-LH_1792
OSL;0900;+0200;1905;+0100;0;JK_9011-JK_9437
OSL;1155;+0200;2225;+0100;0;BA_763-BA_504
OSL;1155;+0200;2225;+0100;0;JL_7710-JL_7733
AMS;1240;+0200;1435;+0100;0;KL_1693
AMS;2055;+0200;2250;+0100;0;KL_1697
AMS;1145;+0200;1345;+0100;0;UA_9593
AMS;1235;+0200;1435;+0100;0;TP_663
AMS;1905;+0200;2105;+0100;0;TP_661
AMS;1355;+0200;1735;+0100;0;AF_1641-AF_1924
AMS;1120;+0200;1505;+0100;0;AM_6840-AM_6944
AMS;1910;+0200;2255;+0100;0;IB_3249-IB_3118
AMS;1800;+0200;2150;+0100;0;AF_8241-AF_2324
AMS;1105;+0200;1505;+0100;0;UX_1092-UX_1155
AMS;0705;+0200;1110;+0100;0;UA_9156-UA_8846
AMS;0745;+0200;1150;+0100;0;IB_3215-IB_3110
AMS;1045;+0200;1450;+0100;0;AF_1341-AF_1624
AMS;0705;+0200;1115;+0100;0;LH_1003-LH_1166
AMS;0705;+0200;1115;+0100;0;UA_9156-UA_8846
AMS;0650;+0200;1110;+0100;0;UA_9156-UA_8846
AMS;0650;+0200;1115;+0100;0;UA_9156-UA_8846
AMS;0945;+0200;1410;+0100;0;LX_725-LX_4580
AMS;0950;+0200;1415;+0100;0;AZ_7739-AZ_7770
AMS;1720;+0200;2145;+0100;0;LH_2307-LH_1792
AMS;0705;+0200;1135;+0100;0;LX_737-LX_2084
AMS;1530;+0200;2000;+0100;0;IB_3251-IB_3106
AMS;0850;+0200;1325;+0100;0;LH_2301-LH_1790
AMS;1055;+0200;1530;+0100;0;LH_989-LH_6994
AMS;1055;+0200;1545;+0100;0;UA_9203-UA_8896
AMS;1655;+0200;2150;+0100;0;AF_8239-AF_2324
AMS;0955;+0200;1455;+0100;0;AZ_7733-AZ_7774
AMS;1055;+0200;1555;+0100;0;LH_989-LH_1168
AMS;1055;+0200;1555;+0100;0;UA_9203-UA_8896
AMS;1040;+0200;1545;+0100;0;UA_9203-UA_8896
AMS;1230;+0200;1735;+0100;0;AF_8233-AF_1924
AMS;1830;+0200;2340;+0100;0;LH_997-LH_1172
AMS;1040;+0200;1555;+0100;0;UA_9203-UA_8896
AMS;0930;+0200;1450;+0100;0;AF_1241-AF_1624
AMS;0720;+0200;1250;+0100;0;BA_423-BA_506
AMS;0930;+0200;1505;+0100;0;UX_3764-UX_1155
AMS;0930;+0200;1505;+0100;0;AM_6502-AM_6944
AMS;0925;+0200;1505;+0100;0;AM_6502-AM_6944
AMS;0945;+0200;1530;+0100;0;LH_987-LH_6994
AMS;1140;+0200;1730;+0100;0;AA_6443-AA_6359
AMS;1140;+0200;1735;+0100;0;BA_431-BA_502
AMS;1140;+0200;1735;+0100;0;AA_6443-AA_6359
AMS;1630;+0200;2225;+0100;0;BA_439-BA_504
AMS;0945;+0200;1545;+0100;0;UA_9195-UA_8896
AMS;0940;+0200;1545;+0100;0;UA_9195-UA_8896
AMS;1130;+0200;1735;+0100;0;BA_8452-BA_502
AMS;1620;+0200;2225;+0100;0;BA_8454-BA_504
AMS;0945;+0200;1555;+0100;0;UA_9195-UA_8896
AMS;0945;+0200;1555;+0100;0;LH_987-LH_1168
AMS;1455;+0200;2105;+0100;0;LX_729-LX_4582
AMS;0850;+0200;1505;+0100;0;A3_1409-A3_1759
AMS;0850;+0200;1505;+0100;0;LH_2301-LH_6950
AMS;0940;+0200;1555;+0100;0;UA_9195-UA_8896
AMS;1630;+0200;2245;+0100;0;AA_6507-AA_6466
AMS;1010;+0200;1630;+0100;0;AF_8301-AF_5360
AMS;0700;+0200;1325;+0100;0;LH_2313-LH_1790
AMS;1455;+0200;2120;+0100;0;A3_1401-A3_1779
AMS;1455;+0200;2120;+0100;0;LH_993-LH_6956
AMS;0715;+0200;1345;+0100;0;AZ_7711-AZ_7762
AMS;0940;+0200;1610;+0100;0;AZ_7713-AZ_7764
AMS;1520;+0200;2150;+0100;0;AF_1741-AF_2324
AMS;1445;+0200;2120;+0100;0;A3_1401-A3_1779
ZRH;1225;+0200;1410;+0100;0;TP_921
ZRH;1225;+0200;1410;+0100;0;LX_4580
ZRH;1920;+0200;2105;+0100;0;LX_4582
ZRH;1920;+0200;2105;+0100;0;TP_927
ZRH;0945;+0200;1135;+0100;0;TP_6762
ZRH;0945;+0200;1135;+0100;0;UA_9792
ZRH;0945;+0200;1135;+0100;0;LX_2084
ZRH;1735;+0200;2100;+0100;0;LX_2810-LX_4586
ZRH;1420;+0200;1755;+0100;0;TP_917-TP_1975
ZRH;1720;+0200;2100;+0100;0;JK_9506-JK_9417
ZRH;1720;+0200;2100;+0100;0;JK_9512-JK_9494
ZRH;1905;+0200;2255;+0100;0;IB_3471-IB_3118
ZRH;0940;+0200;1335;+0100;0;LX_2804-LX_4584
ZRH;1135;+0200;1535;+0100;0;AB_9748-AB_7612
ZRH;1150;+0200;1550;+0100;0;IB_3477-IB_3102
ZRH;1750;+0200;2150;+0100;0;AF_5107-AF_2324
ZRH;1330;+0200;1735;+0100;0;AF_5103-AF_1924
ZRH;1655;+0200;2100;+0100;0;LX_2808-LX_4586
ZRH;0705;+0200;1115;+0100;0;LH_5771-LH_1166
ZRH;0740;+0200;1150;+0100;0;IB_3475-IB_3110
ZRH;1655;+0200;2105;+0100;0;SN_5112-SN_6405
ZRH;0910;+0200;1325;+0100;0;LH_2367-LH_1790
ZRH;0910;+0200;1325;+0100;0;UA_8775-UA_8938
ZRH;1730;+0200;2145;+0100;0;LH_2371-LH_1792
ZRH;0720;+0200;1155;+0100;0;SN_5104-SN_3815
ZRH;0720;+0200;1155;+0100;0;JK_9508-JK_9445
ZRH;1905;+0200;2340;+0100;0;LH_5779-LH_1172
ZRH;1625;+0200;2120;+0100;0;LH_5777-LH_6956
ZRH;0910;+0200;1410;+0100;0;SN_5106-SN_6403
ZRH;0950;+0200;1450;+0100;0;AF_5101-AF_1624
ZRH;1220;+0200;1720;+0100;0;JK_9510-JK_9401
ZRH;0710;+0200;1215;+0100;0;JK_9502-JK_9447
ZRH;0925;+0200;1435;+0100;0;KL_1954-KL_1693
ZRH;1635;+0200;2150;+0100;0;AF_5105-AF_2324
ZRH;1710;+0200;2225;+0100;0;BA_717-BA_504
ZRH;1010;+0200;1530;+0100;0;LH_1187-LH_6994
ZRH;1730;+0200;2250;+0100;0;KL_1962-KL_1697
ZRH;1205;+0200;1730;+0100;0;JK_9548-JK_9481
ZRH;1810;+0200;2340;+0100;0;LH_1197-LH_1172
ZRH;1810;+0200;2340;+0100;0;BD_3551-BD_3350
ZRH;1010;+0200;1545;+0100;0;UA_9051-UA_8896
ZRH;1010;+0200;1555;+0100;0;LH_1187-LH_1168
ZRH;1010;+0200;1555;+0100;0;UA_9051-UA_8896
ZRH;1205;+0200;1750;+0100;0;LO_5414-LO_5441
ZRH;0700;+0200;1250;+0100;0;BA_709-BA_506
ZRH;0740;+0200;1335;+0100;0;LX_2802-LX_4584
ZRH;0910;+0200;1505;+0100;0;LH_2367-LH_6950
ZRH;1420;+0200;2020;+0100;0;TP_917-TP_1981
ZRH;1520;+0200;2120;+0100;0;CA_6374-CA_7047
ZRH;1520;+0200;2120;+0100;0;LH_1193-LH_6956
ZRH;1225;+0200;1830;+0100;0;JK_9504-JK_9425
ZRH;1535;+0200;2145;+0100;0;LH_5787-LH_1792
ZRH;0710;+0200;1325;+0100;0;LH_5783-LH_1790
ZRH;0720;+0200;1340;+0100;0;JK_9508-JK_9439
ZRH;0910;+0200;1530;+0100;0;LH_1185-LH_6994
ZRH;0915;+0200;1545;+0100;0;UA_8877-UA_8896
GVA;1205;+0200;1335;+0100;0;LX_4584
GVA;1205;+0200;1335;+0100;0;TP_947
GVA;1930;+0200;2100;+0100;0;TP_941
GVA;1930;+0200;2100;+0100;0;LX_4586
GVA;0700;+0200;1020;+0100;0;JK_9538-JK_9413
GVA;1135;+0200;1505;+0100;0;UX_1642-UX_1155
GVA;2000;+0200;2330;+0100;0;TP_937-TP_677
GVA;0815;+0200;1150;+0100;0;IB_3489-IB_3110
GVA;1400;+0200;1735;+0100;0;AF_2043-AF_1924
GVA;0740;+0200;1135;+0100;0;LX_2805-LX_2084
GVA;1155;+0200;1550;+0100;0;IB_3483-IB_3102
GVA;1010;+0200;1410;+0100;0;LX_2807-LX_4580
GVA;1700;+0200;2100;+0100;0;JK_9540-JK_9417
GVA;1350;+0200;1755;+0100;0;TP_939-TP_1975
GVA;0705;+0200;1115;+0100;0;LH_1229-LH_1166
GVA;0705;+0200;1115;+0100;0;BD_3105-BD_3348
GVA;1030;+0200;1450;+0100;0;AF_1643-AF_1624
GVA;1110;+0200;1530;+0100;0;LH_1215-LH_6994
GVA;1835;+0200;2255;+0100;0;IB_3493-IB_3118
GVA;0900;+0200;1325;+0100;0;LH_2381-LH_1790
GVA;1110;+0200;1545;+0100;0;UA_9041-UA_8896
GVA;1130;+0200;1610;+0100;0;AZ_575-AZ_7764
GVA;1240;+0200;1720;+0100;0;JK_9542-JK_9401
GVA;1520;+0200;2000;+0100;0;IB_3487-IB_3106
GVA;1640;+0200;2120;+0100;0;CA_6330-CA_7047
GVA;0710;+0200;1155;+0100;0;JK_9524-JK_9445
GVA;1100;+0200;1545;+0100;0;UA_9041-UA_8896
GVA;1110;+0200;1555;+0100;0;LH_1215-LH_1168
GVA;1110;+0200;1555;+0100;0;UA_9041-UA_8896
GVA;1700;+0200;2145;+0100;0;LH_2385-LH_1792
GVA;1700;+0200;2150;+0100;0;AF_2343-AF_2324
GVA;1100;+0200;1555;+0100;0;UA_9041-UA_8896
GVA;1725;+0200;2225;+0100;0;BA_733-BA_504
GVA;0650;+0200;1155;+0100;0;SN_2724-SN_3815
GVA;0650;+0200;1155;+0100;0;BD_5284-BD_5565
GVA;1835;+0200;2340;+0100;0;BD_3119-BD_3350
GVA;1835;+0200;2340;+0100;0;LH_1223-LH_1172
GVA;0700;+0200;1215;+0100;0;JK_9538-JK_9447
GVA;1730;+0200;2245;+0100;0;AA_6343-AA_6466
GVA;0730;+0200;1250;+0100;0;BA_723-BA_506
GVA;0910;+0200;1435;+0100;0;KL_1926-KL_1693
GVA;1200;+0200;1730;+0100;0;AA_6337-AA_6359
GVA;1205;+0200;1735;+0100;0;AF_1843-AF_1924
GVA;0600;+0200;1135;+0100;0;LX_2801-LX_2084
GVA;0835;+0200;1410;+0100;0;SN_2712-SN_6403
GVA;1200;+0200;1735;+0100;0;BA_727-BA_502
GVA;1200;+0200;1735;+0100;0;AF_1843-AF_1924
GVA;1200;+0200;1735;+0100;0;AA_6337-AA_6359
GVA;1705;+0200;2250;+0100;0;KL_1932-KL_1697
GVA;0900;+0200;1450;+0100;0;AF_1543-AF_1624
GVA;1750;+0200;2340;+0100;0;LH_1221-LH_1172
GVA;1750;+0200;2340;+0100;0;BD_3103-BD_3350
GVA;1505;+0200;2105;+0100;0;LX_2813-LX_4582
GVA;0900;+0200;1505;+0100;0;LH_2381-LH_6950
GVA;1255;+0200;1905;+0100;0;SN_2716-SN_6409
GVA;1255;+0200;1905;+0100;0;SN_2716-SN_3819
GVA;1255;+0200;1905;+0100;0;BD_5276-BD_5567
GVA;1510;+0200;2120;+0100;0;LH_1219-LH_6956
GVA;0915;+0200;1530;+0100;0;LH_1213-LH_6994
GVA;1240;+0200;1905;+0100;0;JK_9542-JK_9437
GVA;1525;+0200;2150;+0100;0;AF_2143-AF_2324
GVA;0710;+0200;1340;+0100;0;JK_9524-JK_9439
GVA;0740;+0200;1410;+0100;0;LX_2805-LX_4580
GVA;0915;+0200;1545;+0100;0;UA_8875-UA_8896
GVA;1350;+0200;2020;+0100;0;TP_939-TP_1981
GVA;0910;+0200;1545;+0100;0;UA_8875-UA_8896
GVA;0645;+0200;1325;+0100;0;LH_2391-LH_1790
GVA;0915;+0200;1555;+0100;0;UA_8875-UA_8896
GVA;0915;+0200;1555;+0100;0;LH_1213-LH_1168
GVA;0910;+0200;1555;+0100;0;UA_8875-UA_8896
GVA;1030;+0200;1735;+0100;0;AF_1643-AF_1924
GVA;1400;+0200;2105;+0100;0;LX_2811-LX_4582
GVA;1515;+0200;2225;+0100;0;JL_7706-JL_7733
GVA;1515;+0200;2225;+0100;0;BA_731-BA_504
GVA;1015;+0200;1730;+0100;0;AA_6335-AA_6359
GVA;1020;+0200;1735;+0100;0;BA_725-BA_502
GVA;1135;+0200;1850;+0100;0;UX_1642-UX_1157
ROM;1150;+0200;1345;+0100;0;AZ_7762
ROM;1150;+0200;1345;+0100;0;TP_841
ROM;0615;+0200;0815;+0100;0;AZ_7760
ROM;0615;+0200;0815;+0100;0;TP_837
ROM;1410;+0200;1610;+0100;0;AZ_7764
ROM;1410;+0200;1610;+0100;0;TP_839
ROM;1900;+0200;2100;+0100;0;AZ_7766
ROM;1900;+0200;2100;+0100;0;TP_843
ROM;1255;+0200;1630;+0100;0;AF_3129-AF_5360
ROM;1625;+0200;2000;+0100;0;IB_3675-IB_3106
ROM;1920;+0200;2255;+0100;0;IB_3607-IB_3118
ROM;0800;+0200;1150;+0100;0;IB_3609-IB_3110
ROM;1720;+0200;2145;+0100;0;LH_1847-LH_1792
ROM;1020;+0200;1450;+0100;0;AF_1205-AF_1624
ROM;0935;+0200;1410;+0100;0;LX_1727-LX_4580
ROM;1030;+0200;1505;+0100;0;AM_6926-AM_6944
ROM;1030;+0200;1505;+0100;0;UX_1042-UX_1155
ROM;1300;+0200;1735;+0100;0;AF_1505-AF_1924
ROM;0845;+0200;1325;+0100;0;UA_9211-UA_8938
ROM;0935;+0200;1415;+0100;0;AZ_1311-AZ_7770
ROM;0650;+0200;1135;+0100;0;LX_1735-LX_2084
ROM;0840;+0200;1325;+0100;0;LH_1841-LH_1790
ROM;0840;+0200;1325;+0100;0;UA_9211-UA_8938
ROM;1615;+0200;2100;+0100;0;EY_7062-EY_5817
ROM;1705;+0200;2150;+0100;0;AF_9841-AF_2324
ROM;0620;+0200;1115;+0100;0;LH_243-LH_1166
ROM;0620;+0200;1115;+0100;0;BD_3591-BD_3348
ROM;1000;+0200;1455;+0100;0;AZ_1465-AZ_7774
ROM;1500;+0200;2000;+0100;0;IB_3679-IB_3106
ROM;0645;+0200;1155;+0100;0;BD_5358-BD_5565
ROM;0645;+0200;1155;+0100;0;SN_3188-SN_3815
ROM;1825;+0200;2340;+0100;0;BD_3597-BD_3350
ROM;1825;+0200;2340;+0100;0;LH_237-LH_1172
ROM;1010;+0200;1530;+0100;0;LH_231-LH_6994
ROM;1030;+0200;1550;+0100;0;IB_3677-IB_3102
ROM;1725;+0200;2250;+0100;0;KL_1604-KL_1697
ROM;1550;+0200;2120;+0100;0;EY_7058-EY_5815
ROM;0920;+0200;1455;+0100;0;AZ_1463-AZ_7774
ROM;1010;+0200;1545;+0100;0;UA_8801-UA_8896
ROM;0855;+0200;1435;+0100;0;KL_3400-KL_1693
ROM;1440;+0200;2020;+0100;0;TP_851-TP_1981
ROM;1010;+0200;1555;+0100;0;UA_8801-UA_8896
ROM;1010;+0200;1555;+0100;0;LH_231-LH_1168
ROM;0855;+0200;1450;+0100;0;AZ_318-AZ_2620
ROM;0855;+0200;1450;+0100;0;AF_9833-AF_1624
ROM;0855;+0200;1505;+0100;0;AM_6650-AM_6944
ROM;1450;+0200;2105;+0100;0;LX_1737-LX_4582
ROM;1535;+0200;2150;+0100;0;AF_9845-AF_2324
ROM;1535;+0200;2150;+0100;0;AZ_330-AZ_2626
ROM;0830;+0200;1455;+0100;0;AZ_1471-AZ_7774
ROM;0840;+0200;1505;+0100;0;LH_1841-LH_6950
ROM;1455;+0200;2120;+0100;0;LH_235-LH_6956
ROM;1455;+0200;2120;+0100;0;NH_6122-NH_6735
ROM;1625;+0200;2255;+0100;0;IB_3675-IB_3118
ROM;0645;+0200;1325;+0100;0;LH_1851-LH_1790
ROM;1520;+0200;2225;+0100;0;BA_547-BA_504
ROM;1020;+0200;1735;+0100;0;AZ_7300-AZ_2622
ROM;1020;+0200;1735;+0100;0;AF_1205-AF_1924
TLS;1250;+0200;1350;+0100;0;TP_491
TLS;1655;+0200;2000;+0100;0;IB_8771-IB_3106
TLS;1800;+0200;2150;+0100;0;AF_7789-AF_2324
TLS;1900;+0200;2255;+0100;0;IB_8773-IB_3118
TLS;1050;+0200;1450;+0100;0;AF_7795-AF_1624
TLS;1140;+0200;1550;+0100;0;IB_8767-IB_3102
TLS;1255;+0200;1735;+0100;0;AF_7785-AF_1924
TLS;0700;+0200;1150;+0100;0;IB_8765-IB_3110
TLS;1840;+0200;2340;+0100;0;LH_1099-LH_1172
TLS;1015;+0200;1530;+0100;0;LH_1095-LH_6994
TLS;0635;+0200;1155;+0100;0;SN_3676-SN_3815
TLS;0635;+0200;1155;+0100;0;BD_5426-BD_5565
TLS;0620;+0200;1155;+0100;0;SN_3676-SN_3815
TLS;1155;+0200;1730;+0100;0;AA_6270-AA_6359
TLS;1615;+0200;2150;+0100;0;AF_7787-AF_2324
TLS;1715;+0200;2250;+0100;0;KL_1312-KL_1697
TLS;1015;+0200;1555;+0100;0;LH_1095-LH_1168
TLS;1155;+0200;1735;+0100;0;AA_6270-AA_6359
TLS;1155;+0200;1735;+0100;0;BA_373-BA_502
TLS;1000;+0200;1550;+0100;0;IB_8775-IB_3102
TLS;1145;+0200;1735;+0100;0;AF_6119-AF_1924
TLS;1655;+0200;2255;+0100;0;IB_8771-IB_3118
TLS;0845;+0200;1450;+0100;0;AF_6111-AF_1624
TLS;1545;+0200;2150;+0100;0;AF_6129-AF_2324
TLS;1450;+0200;2100;+0100;0;AZ_7345-AZ_7766
TLS;1535;+0200;2145;+0100;0;LH_2217-LH_1792
TLS;1450;+0200;2120;+0100;0;NH_6132-NH_6735
TLS;1450;+0200;2120;+0100;0;LH_1097-LH_6956
TLS;0815;+0200;1450;+0100;0;AF_6153-AF_1624
TLS;1515;+0200;2150;+0100;0;AF_6167-AF_2324
TLS;1050;+0200;1735;+0100;0;AF_7795-AF_1924
TLS;1045;+0200;1735;+0100;0;AF_6117-AF_1924
TLS;0625;+0200;1325;+0100;0;LH_2223-LH_1790
TLS;0745;+0200;1450;+0100;0;AF_6107-AF_1624
TLS;1155;+0200;1905;+0100;0;SN_3668-SN_6409
TLS;1155;+0200;1905;+0100;0;BD_5428-BD_5567
TLS;1155;+0200;1905;+0100;0;SN_3668-SN_3819
TLS;1015;+0200;1735;+0100;0;AF_6113-AF_1924
TLS;0635;+0200;1410;+0100;0;SN_3676-SN_6403
TLS;0715;+0200;1450;+0100;0;AF_6105-AF_1624
TLS;0715;+0200;1450;+0100;0;AF_7793-AF_1624
TLS;0710;+0200;1450;+0100;0;AF_7793-AF_1624
MAN;1400;+0100;1640;+0100;0;TP_321
MAN;0930;+0100;1430;+0100;0;TP_8943-TP_363
MAN;1720;+0100;2225;+0100;0;BA_1403-BA_504
MAN;0940;+0100;1450;+0100;0;AF_1669-AF_1624
MAN;1355;+0100;1905;+0100;0;SN_2176-SN_6409
MAN;1355;+0100;1905;+0100;0;BD_5376-BD_5567
MAN;1355;+0100;1905;+0100;0;SN_2176-SN_3819
MAN;1740;+0100;2250;+0100;0;KL_1094-KL_1697
MAN;0635;+0100;1155;+0100;0;SN_2184-SN_3815
MAN;0635;+0100;1155;+0100;0;BD_5384-BD_5565
MAN;0930;+0100;1450;+0100;0;AF_1669-AF_1624
MAN;0840;+0100;1410;+0100;0;LX_391-LX_4580
MAN;0905;+0100;1435;+0100;0;KL_1074-KL_1693
MAN;0715;+0100;1250;+0100;0;BA_1385-BA_506
MAN;0810;+0100;1430;+0100;0;TP_8948-TP_363
MAN;0655;+0100;1325;+0100;0;LH_2505-LH_1790
MAN;0655;+0100;1325;+0100;0;UA_8753-UA_8938
MAN;1105;+0100;1735;+0100;0;BA_1391-BA_502
MAN;0850;+0100;1530;+0100;0;LH_941-LH_6994
MAN;1505;+0100;2150;+0100;0;AF_2269-AF_2324
MAN;0930;+0100;1620;+0100;0;TP_8943-TP_359
MAN;1600;+0100;2250;+0100;0;KL_1088-KL_1697
MAN;1530;+0100;2225;+0100;0;BA_1399-BA_504
MAN;0850;+0100;1555;+0100;0;LH_941-LH_1168
MAN;1355;+0100;2105;+0100;0;SN_2176-SN_6405
MAN;1350;+0100;2105;+0100;0;TP_8946-TP_357
MAN;1345;+0100;2105;+0100;0;LX_395-LX_4582
MAN;0635;+0100;1410;+0100;0;SN_2184-SN_6403
MAN;1000;+0100;1735;+0100;0;BA_1389-BA_502
MAN;0940;+0100;1735;+0100;0;AF_1669-AF_1924
MAN;0930;+0100;1735;+0100;0;AF_1669-AF_1924
MAN;1315;+0100;2120;+0100;0;LH_943-LH_6956
MAN;0655;+0100;1505;+0100;0;LH_2505-LH_6950
MAN;0810;+0100;1620;+0100;0;TP_8948-TP_359
MAN;0710;+0100;1530;+0100;0;LH_949-LH_6994
MAN;1350;+0100;2210;+0100;0;TP_8946-TP_367
MAN;1040;+0100;1905;+0100;0;SN_2174-SN_6409
MAN;1040;+0100;1905;+0100;0;SN_2174-SN_3819
MAN;1040;+0100;1905;+0100;0;BD_5374-BD_5567
MAN;1035;+0100;1905;+0100;0;BD_5374-BD_5567
MAN;1035;+0100;1905;+0100;0;SN_2174-SN_6409
MAN;1035;+0100;1905;+0100;0;SN_2174-SN_3819
MAN;0600;+0100;1435;+0100;0;KL_1072-KL_1693
MAN;0710;+0100;1545;+0100;0;UA_9043-UA_8896
MAN;0700;+0100;1545;+0100;0;UA_9043-UA_8896
MAN;0710;+0100;1555;+0100;0;LH_949-LH_1168
MAN;0710;+0100;1555;+0100;0;UA_9043-UA_8896
MAN;0845;+0100;1735;+0100;0;BA_2903-BA_502
MAN;0700;+0100;1555;+0100;0;UA_9043-UA_8896
MAN;1325;+0100;2225;+0100;0;BA_1395-BA_504
MAN;0815;+0100;1735;+0100;0;BA_1387-BA_502
MAN;1325;+0100;2250;+0100;0;KL_1084-KL_1697
MAN;0930;+0100;1900;+0100;0;TP_8943-TP_341
MAN;0940;+0100;1630;+0100;0;AF_1669-AF_7624-AF_5360
MAN;0930;+0100;1630;+0100;0;AF_1669-AF_7624-AF_5360
MAN;0820;+0100;1550;+0100;0;AA_6365-AA_5615-AA_5516
MAN;0715;+0100;1550;+0100;0;AA_6618-AA_5615-AA_5516
MAN;0715;+0100;1550;+0100;0;IB_7673-IB_7443-IB_3102
MAN;1105;+0100;2000;+0100;0;IB_7679-IB_3179-IB_3106
MAN;1105;+0100;2000;+0100;0;IB_7679-IB_7449-IB_3106
MAN;0940;+0100;1850;+0100;0;UX_3504-UX_3436-UX_1157
MAN;0940;+0100;1850;+0100;0;UX_3504-UX_3438-UX_1157
MAN;1325;+0100;2255;+0100;0;IB_7683-IB_3171-IB_3118
MAN;1325;+0100;2255;+0100;0;IB_7683-IB_3177-IB_3118
MAN;0810;+0100;1755;+0100;0;TP_8948-TP_331-TP_1975
MAN;1350;+0100;2340;+0100;0;BD_589-BD_3233-BD_3350
MAN;1350;+0100;2340;+0100;0;LH_6523-LH_911-LH_1172
MAN;1350;+0100;2340;+0100;0;BD_589-BD_3235-BD_3350
MAN;1350;+0100;2340;+0100;0;LH_6523-LH_899-LH_1172
MAN;1350;+0100;2340;+0100;0;LH_6523-LH_915-LH_1172
MAN;1000;+0100;2000;+0100;0;IB_7677-IB_7449-IB_3106
MAN;1000;+0100;2000;+0100;0;IB_7677-IB_3179-IB_3106
MAN;1000;+0100;2000;+0100;0;IB_7677-IB_7445-IB_3106
NCE;1930;+0200;2105;+0100;0;TP_487
NCE;1215;+0200;1550;+0100;0;IB_8751-IB_3102
NCE;1210;+0200;1550;+0100;0;IB_8751-IB_3102
NCE;1330;+0200;1735;+0100;0;AF_7703-AF_1924
NCE;1035;+0200;1450;+0100;0;AF_7701-AF_1624
NCE;1450;+0200;1905;+0100;0;JK_105-JK_9437
NCE;1835;+0200;2255;+0100;0;IB_8755-IB_3118
NCE;0650;+0200;1115;+0100;0;LH_1069-LH_1166
NCE;0650;+0200;1115;+0100;0;BD_3237-BD_3348
NCE;1105;+0200;1530;+0100;0;LH_1059-LH_6994
NCE;1715;+0200;2145;+0100;0;LH_2275-LH_1792
NCE;0700;+0200;1135;+0100;0;UA_9783-UA_9792
NCE;0700;+0200;1135;+0100;0;LX_565-LX_2084
NCE;0715;+0200;1150;+0100;0;IB_8753-IB_3110
NCE;0850;+0200;1325;+0100;0;UA_8909-UA_8938
NCE;0710;+0200;1150;+0100;0;IB_8753-IB_3110
NCE;1105;+0200;1545;+0100;0;UA_9057-UA_8896
NCE;0840;+0200;1325;+0100;0;LH_2271-LH_1790
NCE;0840;+0200;1325;+0100;0;UA_8909-UA_8938
NCE;1105;+0200;1555;+0100;0;UA_9057-UA_8896
NCE;1105;+0200;1555;+0100;0;LH_1059-LH_1168
NCE;1850;+0200;2340;+0100;0;LH_1065-LH_1172
NCE;1610;+0200;2105;+0100;0;SN_3622-SN_6405
NCE;1045;+0200;1545;+0100;0;UA_9057-UA_8896
NCE;1110;+0200;1610;+0100;0;AZ_343-AZ_7764
NCE;1045;+0200;1555;+0100;0;UA_9057-UA_8896
NCE;1355;+0200;1905;+0100;0;BD_5444-BD_5567
NCE;1350;+0200;1905;+0100;0;SN_3620-SN_3819
NCE;1350;+0200;1905;+0100;0;SN_3620-SN_6409
NCE;0730;+0200;1250;+0100;0;BA_341-BA_506
NCE;1730;+0200;2250;+0100;0;KL_1268-KL_1697
NCE;1155;+0200;1730;+0100;0;AA_6392-AA_6359
NCE;1615;+0200;2150;+0100;0;AF_7715-AF_2324
NCE;1150;+0200;1730;+0100;0;AA_6392-AA_6359
NCE;1155;+0200;1735;+0100;0;AA_6392-AA_6359
NCE;1150;+0200;1735;+0100;0;AA_6392-AA_6359
NCE;1150;+0200;1735;+0100;0;BA_343-BA_502
NCE;1135;+0200;1735;+0100;0;AF_6211-AF_1924
NCE;1515;+0200;2120;+0100;0;LH_1061-LH_6956
NCE;1515;+0200;2120;+0100;0;NH_6134-NH_6735
NCE;1450;+0200;2100;+0100;0;JK_105-JK_9494
NCE;1535;+0200;2150;+0100;0;AF_6235-AF_2324
NCE;1445;+0200;2105;+0100;0;LX_569-LX_4582
NCE;0840;+0200;1505;+0100;0;LH_2271-LH_6950
NCE;1000;+0200;1630;+0100;0;AF_7892-AF_5360-AF_5360
NCE;0640;+0200;1325;+0100;0;LH_2279-LH_1790
NCE;0805;+0200;1450;+0100;0;AF_6203-AF_1624
NCE;1220;+0200;1905;+0100;0;SN_3618-SN_3819
NCE;1220;+0200;1905;+0100;0;BD_5442-BD_5567
NCE;1220;+0200;1905;+0100;0;SN_3618-SN_6409
NCE;0755;+0200;1450;+0100;0;AF_7711-AF_1624
NCE;1530;+0200;2225;+0100;0;BA_345-BA_504
NCE;1035;+0200;1735;+0100;0;AF_6209-AF_1924
NCE;1035;+0200;1735;+0100;0;AF_7701-AF_1924
NCE;0700;+0200;1410;+0100;0;LX_565-LX_4580
NCE;1155;+0200;1905;+0100;0;SN_3618-SN_6409
NCE;1155;+0200;1905;+0100;0;SN_3618-SN_3819
NCE;1350;+0200;2105;+0100;0;SN_3620-SN_6405
NCE;1435;+0200;2150;+0100;0;AF_6245-AF_2324
NCE;1525;+0200;2245;+0100;0;AA_6591-AA_6466
NCE;1005;+0200;1735;+0100;0;AF_6207-AF_1924
NCE;0710;+0200;1450;+0100;0;AF_7711-AF_1624
NCE;0705;+0200;1450;+0100;0;AF_6201-AF_1624
NCE;1215;+0200;2000;+0100;0;IB_8751-IB_3106
NCE;1405;+0200;2150;+0100;0;AF_6217-AF_2324
NCE;1210;+0200;2000;+0100;0;IB_8751-IB_3106
NCE;0625;+0200;1435;+0100;0;KL_1260-KL_1693
NCE;1335;+0200;2150;+0100;0;AF_6223-AF_2324
NCE;1330;+0200;2150;+0100;0;AF_7703-AF_2324
NCE;0625;+0200;1450;+0100;0;AF_7713-AF_1624
NCE;0640;+0200;1505;+0100;0;LH_2279-LH_6950
NCE;1515;+0200;2340;+0100;0;LH_1061-LH_1172
NCE;1515;+0200;2340;+0100;0;BD_3241-BD_3350
NCE;0905;+0200;1735;+0100;0;AF_6205-AF_1924
NTE;1410;+0200;1630;+0100;0;AF_3206-AF_5360
NTE;1125;+0200;1450;+0100;0;AF_7725-AF_1624
NTE;1800;+0200;2150;+0100;0;AF_7731-AF_2324
NTE;0735;+0200;1150;+0100;0;IB_8545-IB_3110
NTE;1830;+0200;2250;+0100;0;KL_2034-KL_1697
NTE;1005;+0200;1435;+0100;0;KL_2048-KL_1693
NTE;1805;+0200;2255;+0100;0;IB_8547-IB_3118
NTE;1125;+0200;1735;+0100;0;AF_7725-AF_1924
NTE;1110;+0200;1735;+0100;0;AF_7383-AF_1924
NTE;0725;+0200;1450;+0100;0;AF_7381-AF_1624
NTE;1425;+0200;2150;+0100;0;AF_7727-AF_2324
NTE;0720;+0200;1450;+0100;0;AF_7721-AF_1624
NTE;0655;+0200;1435;+0100;0;KL_2032-KL_1693
NTE;0735;+0200;1550;+0100;0;IB_8545-IB_3102
NTE;0755;+0200;1630;+0100;0;AF_3202-AF_5360
NTE;0700;+0200;1630;+0100;0;AF_5771-AF_5360-AF_5360
NTE;1110;+0200;1630;+0100;0;AF_7383-AF_6260-AF_5360
NTE;1110;+0200;1630;+0100;0;AF_7383-AF_6276-AF_5360
NTE;0840;+0200;1450;+0100;0;AF_5860-AF_7641-AF_1624
NTE;1540;+0200;2150;+0100;0;AF_5651-AF_7789-AF_2324
NTE;1120;+0200;1735;+0100;0;AF_7861-AF_7785-AF_1924
NTE;0755;+0200;1450;+0100;0;AF_3202-AF_6259-AF_1624
NTE;0755;+0200;1450;+0100;0;AF_3202-AF_7625-AF_1624
NTE;0755;+0200;1450;+0100;0;AF_7609-AF_7663-AF_1624
NTE;1040;+0200;1735;+0100;0;AF_5767-AF_7665-AF_1924
NTE;1410;+0200;2150;+0100;0;AF_3206-AF_7629-AF_2324
NTE;1410;+0200;2150;+0100;0;AF_3206-AF_6267-AF_2324
NTE;1410;+0200;2150;+0100;0;AF_3206-AF_7637-AF_2324
NTE;0650;+0200;1450;+0100;0;AF_5858-AF_7641-AF_1624
NTE;0650;+0200;1450;+0100;0;AF_5858-AF_7653-AF_1624
NTE;1200;+0200;2000;+0100;0;IB_8559-IB_2761-IB_3106
NTE;1200;+0200;2000;+0100;0;IB_8559-IB_2705-IB_3106
NTE;1200;+0200;2000;+0100;0;IB_8559-IB_2789-IB_3106
NTE;0640;+0200;1450;+0100;0;AF_5761-AF_7663-AF_1624
NTE;0640;+0200;1450;+0100;0;AF_5657-AF_6153-AF_1624
NTE;0640;+0200;1450;+0100;0;AF_5657-AF_7795-AF_1624
NTE;0640;+0200;1450;+0100;0;AF_5657-AF_6111-AF_1624
NTE;1140;+0200;2000;+0100;0;IB_8559-IB_2761-IB_3106
NTE;1140;+0200;2000;+0100;0;IB_8559-IB_2789-IB_3106
NTE;1140;+0200;2000;+0100;0;IB_8559-IB_2705-IB_3106
NTE;1305;+0200;2150;+0100;0;AF_5862-AF_7645-AF_2324
NTE;0840;+0200;1735;+0100;0;AF_5860-AF_7641-AF_1924
NTE;0840;+0200;1735;+0100;0;AF_5860-AF_7643-AF_1924
NTE;0840;+0200;1735;+0100;0;AF_5860-AF_7417-AF_1924
NTE;1255;+0200;2150;+0100;0;AF_7611-AF_7667-AF_2324
NTE;0725;+0200;1630;+0100;0;AF_7381-AF_6260-AF_5360
NTE;0725;+0200;1630;+0100;0;AF_7381-AF_6258-AF_5360
NTE;0725;+0200;1630;+0100;0;AF_7381-AF_6276-AF_5360
NTE;0725;+0200;1630;+0100;0;AF_7381-AF_6256-AF_5360
NTE;0725;+0200;1630;+0100;0;AF_7381-AF_7624-AF_5360
NTE;0720;+0200;1630;+0100;0;AF_7721-AF_6276-AF_5360
NTE;0720;+0200;1630;+0100;0;AF_7721-AF_7622-AF_5360
NTE;0720;+0200;1630;+0100;0;AF_7721-AF_6260-AF_5360
NTE;0720;+0200;1630;+0100;0;AF_7721-AF_7624-AF_5360
VCE;1245;+0200;1455;+0100;0;AZ_7774
VCE;1245;+0200;1455;+0100;0;TP_877
VCE;1215;+0200;1550;+0100;0;IB_3645-IB_3102
VCE;1915;+0200;2255;+0100;0;IB_3639-IB_3118
VCE;0740;+0200;1150;+0100;0;IB_3627-IB_3110
VCE;0650;+0200;1110;+0100;0;UA_9079-UA_8846
VCE;0650;+0200;1115;+0100;0;LH_333-LH_1166
VCE;0650;+0200;1115;+0100;0;BD_3403-BD_3348
VCE;0650;+0200;1115;+0100;0;UA_9079-UA_8846
VCE;0940;+0200;1410;+0100;0;LX_1661-LX_4580
VCE;1710;+0200;2145;+0100;0;LH_1911-LH_1792
VCE;0845;+0200;1325;+0100;0;UA_9264-UA_8938
VCE;0840;+0200;1325;+0100;0;LH_1907-LH_1790
VCE;0840;+0200;1325;+0100;0;UA_9264-UA_8938
VCE;1005;+0200;1450;+0100;0;AF_1127-AF_1624
VCE;1000;+0200;1450;+0100;0;AF_1127-AF_1624
VCE;1000;+0200;1450;+0100;0;AZ_7324-AZ_2620
VCE;1410;+0200;1905;+0100;0;JK_82-JK_9437
VCE;1110;+0200;1610;+0100;0;AZ_1472-AZ_7764
VCE;1550;+0200;2100;+0100;0;AZ_1476-AZ_7766
VCE;1830;+0200;2340;+0100;0;LH_329-LH_1172
VCE;1830;+0200;2340;+0100;0;BD_3409-BD_3350
VCE;1015;+0200;1530;+0100;0;LH_325-LH_6994
VCE;1030;+0200;1545;+0100;0;UA_9058-UA_8896
VCE;1220;+0200;1735;+0100;0;AZ_7326-AZ_2622
VCE;1220;+0200;1735;+0100;0;AF_1427-AF_1924
VCE;1730;+0200;2250;+0100;0;KL_1656-KL_1697
VCE;1030;+0200;1555;+0100;0;UA_9058-UA_8896
VCE;0840;+0200;1410;+0100;0;SN_3200-SN_6403
VCE;1015;+0200;1545;+0100;0;UA_9058-UA_8896
VCE;1015;+0200;1555;+0100;0;UA_9058-UA_8896
VCE;1015;+0200;1555;+0100;0;LH_325-LH_1168
VCE;0800;+0200;1345;+0100;0;AZ_1464-AZ_7762
VCE;1020;+0200;1610;+0100;0;AZ_1466-AZ_7764
VCE;1500;+0200;2100;+0100;0;AZ_1462-AZ_7766
VCE;0725;+0200;1345;+0100;0;AZ_1468-AZ_7762
VCE;0700;+0200;1325;+0100;0;UA_9404-UA_8938
VCE;0840;+0200;1505;+0100;0;LH_1907-LH_6950
VCE;1440;+0200;2105;+0100;0;LX_1663-LX_4582
VCE;0650;+0200;1325;+0100;0;LH_1915-LH_1790
VCE;1510;+0200;2150;+0100;0;AF_1727-AF_2324
VCE;1510;+0200;2150;+0100;0;AZ_7328-AZ_2626
VCE;1410;+0200;2100;+0100;0;JK_82-JK_9494
VCE;1400;+0200;2100;+0100;0;AZ_1470-AZ_7766
VCE;1415;+0200;2120;+0100;0;NH_6200-NH_6735
VCE;1415;+0200;2120;+0100;0;LH_327-LH_6956
VCE;0630;+0200;1345;+0100;0;AZ_1460-AZ_7762
VCE;1005;+0200;1735;+0100;0;AF_1127-AF_1924
VCE;1000;+0200;1735;+0100;0;AZ_7324-AZ_2622
VCE;1000;+0200;1735;+0100;0;AF_1127-AF_1924
VCE;0710;+0200;1450;+0100;0;AZ_7334-AZ_2620
VCE;0710;+0200;1450;+0100;0;AF_2527-AF_1624
VCE;1215;+0200;2000;+0100;0;IB_3645-IB_3106
VCE;0645;+0200;1435;+0100;0;KL_1650-KL_1693
VCE;0700;+0200;1450;+0100;0;AF_2527-AF_1624
VCE;0740;+0200;1550;+0100;0;IB_3627-IB_3102
VCE;0800;+0200;1610;+0100;0;AZ_1464-AZ_7764
VCE;0650;+0200;1505;+0100;0;LH_1915-LH_6950
PRG;1900;+0200;2135;+0100;0;TP_529
PRG;0925;+0200;1325;+0100;0;LH_1689-LH_1790
PRG;1010;+0200;1410;+0100;0;LX_1485-LX_4580
PRG;1745;+0200;2150;+0100;0;AF_1783-AF_2324
PRG;0915;+0200;1325;+0100;0;TP_7941-TP_6720
PRG;0915;+0200;1325;+0100;0;LH_1689-LH_1790
PRG;1930;+0200;2340;+0100;0;TP_7935-TP_6706
PRG;1930;+0200;2340;+0100;0;LH_1401-LH_1172
PRG;1930;+0200;2340;+0100;0;BD_2995-BD_3350
PRG;1720;+0200;2145;+0100;0;LH_1693-LH_1792
PRG;1720;+0200;2145;+0100;0;TP_7943-TP_6724
PRG;1015;+0200;1450;+0100;0;AF_1383-AF_1624
PRG;1715;+0200;2150;+0100;0;AF_1987-AF_2324
PRG;1110;+0200;1550;+0100;0;IB_7885-IB_3102
PRG;1005;+0200;1450;+0100;0;AF_1383-AF_1624
PRG;0600;+0200;1110;+0100;0;UA_8734-UA_8846
PRG;0645;+0200;1155;+0100;0;SN_2816-SN_3815
PRG;0925;+0200;1435;+0100;0;KL_1352-KL_1693
PRG;0600;+0200;1115;+0100;0;UA_8734-UA_8846
PRG;0600;+0200;1115;+0100;0;LH_1403-LH_1166
PRG;0600;+0200;1115;+0100;0;BD_2997-BD_3348
PRG;0600;+0200;1115;+0100;0;TP_7929-TP_6700
PRG;1215;+0200;1730;+0100;0;AA_6634-AA_6359
PRG;1215;+0200;1735;+0100;0;AA_6634-AA_6359
PRG;1820;+0200;2340;+0100;0;LH_1399-LH_1172
PRG;0840;+0200;1410;+0100;0;SN_2808-SN_6403
PRG;0955;+0200;1530;+0100;0;LH_1393-LH_6994
PRG;0955;+0200;1530;+0100;0;TP_7933-TP_573
PRG;1715;+0200;2250;+0100;0;KL_3122-KL_1697
PRG;0925;+0200;1505;+0100;0;LH_1689-LH_6950
PRG;1705;+0200;2250;+0100;0;KL_3122-KL_1697
PRG;0915;+0200;1505;+0100;0;TP_7941-TP_557
PRG;0915;+0200;1505;+0100;0;LH_1689-LH_6950
PRG;0955;+0200;1545;+0100;0;UA_9061-UA_8896
PRG;0955;+0200;1555;+0100;0;LH_1393-LH_1168
PRG;0955;+0200;1555;+0100;0;UA_9061-UA_8896
PRG;0955;+0200;1555;+0100;0;TP_7933-TP_6702
PRG;1510;+0200;2110;+0100;0;OS_708-OS_8153
PRG;1540;+0200;2150;+0100;0;AF_1983-AF_2324
PRG;0710;+0200;1325;+0100;0;LH_1697-LH_1790
PRG;1450;+0200;2105;+0100;0;LX_1487-LX_4582
PRG;1535;+0200;2150;+0100;0;AF_1983-AF_2324
PRG;1605;+0200;2225;+0100;0;BA_861-BA_504
PRG;1605;+0200;2225;+0100;0;JL_7722-JL_7733
PRG;1605;+0200;2245;+0100;0;AA_6506-AA_6466
PRG;1555;+0200;2245;+0100;0;AA_6506-AA_6466
PRG;1015;+0200;1735;+0100;0;AF_1383-AF_1924
PRG;0645;+0200;1410;+0100;0;SN_2816-SN_6403
PRG;0725;+0200;1450;+0100;0;AF_1083-AF_1624
PRG;1005;+0200;1735;+0100;0;AF_1383-AF_1924
PRG;0700;+0200;1435;+0100;0;KL_3120-KL_1693
PRG;1345;+0200;2120;+0100;0;LH_1397-LH_6956
PRG;0710;+0200;1505;+0100;0;LH_1697-LH_6950
PRG;0935;+0200;1750;+0100;0;LO_524-LO_5441
PRG;1225;+0200;2100;+0100;0;LX_1473-LX_4586
PRG;1415;+0200;2250;+0100;0;KL_3124-KL_1697
PRG;1235;+0200;2120;+0100;0;LH_1395-LH_6956
PRG;1235;+0200;2120;+0100;0;TP_7931-TP_579
PRG;1400;+0200;2245;+0100;0;AA_6742-AA_6466
PRG;1110;+0200;2000;+0100;0;IB_7885-IB_3106
PRG;1400;+0200;2250;+0100;0;KL_1356-KL_1697
PRG;1250;+0200;2145;+0100;0;LH_1691-LH_1792
DUB;1445;+0100;2000;+0100;0;IB_8071-IB_3106
DUB;1210;+0100;1735;+0100;0;BA_5964-BA_502
DUB;1700;+0100;2225;+0100;0;BA_5976-BA_504
DUB;1715;+0100;2250;+0100;0;KL_3160-KL_1697
DUB;0910;+0100;1450;+0100;0;AF_5001-AF_1624
DUB;1155;+0100;1735;+0100;0;AF_5005-AF_1924
DUB;0840;+0100;1430;+0100;0;TP_8882-TP_363
DUB;0840;+0100;1430;+0100;0;EY_7326-EY_5825
DUB;0640;+0100;1250;+0100;0;BA_5952-BA_506
DUB;1430;+0100;2105;+0100;0;TP_8881-TP_357
DUB;1430;+0100;2105;+0100;0;EY_7328-EY_5823
DUB;1550;+0100;2225;+0100;0;BA_5974-BA_504
DUB;1500;+0100;2150;+0100;0;AF_5009-AF_2324
DUB;1345;+0100;2105;+0100;0;TP_8883-TP_357
DUB;0840;+0100;1620;+0100;0;TP_8882-TP_359
DUB;1430;+0100;2210;+0100;0;TP_8881-TP_367
DUB;0950;+0100;1735;+0100;0;BA_5958-BA_502
DUB;1440;+0100;2225;+0100;0;BA_5968-BA_504
DUB;1445;+0100;2255;+0100;0;IB_8071-IB_3118
DUB;0910;+0100;1735;+0100;0;AF_5001-AF_1924
DUB;1345;+0100;2210;+0100;0;TP_8883-TP_367
DUB;0620;+0100;1450;+0100;0;AF_5003-AF_1624
DUB;0600;+0100;1435;+0100;0;KL_3152-KL_1693
DUB;0650;+0100;1530;+0100;0;LH_983-LH_6994
DUB;0850;+0100;1735;+0100;0;BA_5956-BA_502
DUB;1340;+0100;2225;+0100;0;BA_5966-BA_504
DUB;0840;+0100;1735;+0100;0;BA_5832-BA_502
DUB;0650;+0100;1555;+0100;0;LH_983-LH_1168
DUB;0910;+0100;1630;+0100;0;AF_5001-AF_7624-AF_5360
DUB;1430;+0100;2340;+0100;0;BD_124-BD_3235-BD_3350
DUB;1430;+0100;2340;+0100;0;LH_6500-LH_911-LH_1172
DUB;1430;+0100;2340;+0100;0;LH_6500-LH_915-LH_1172
DUB;1430;+0100;2340;+0100;0;BD_124-BD_3233-BD_3350
SXB;1340;+0200;1510;+0100;0;AF_5360
SXB;1540;+0200;1630;+0100;0;AF_5360
SXB;1115;+0200;1450;+0100;0;AF_7763-AF_1624
SXB;1010;+0200;1435;+0100;0;KL_2042-KL_1693
SXB;1820;+0200;2250;+0100;0;KL_2044-KL_1697
SXB;1805;+0200;2255;+0100;0;IB_8659-IB_3118
SXB;0915;+0200;1450;+0100;0;AF_7305-AF_1624
SXB;1115;+0200;1735;+0100;0;AF_7763-AF_1924
SXB;1700;+0200;2340;+0100;0;LH_395-LH_1172
SXB;1045;+0200;1735;+0100;0;AF_7307-AF_1924
SXB;1455;+0200;2150;+0100;0;AF_7771-AF_2324
SXB;0415;+0200;1115;+0100;0;LH_385-LH_1166
SXB;1415;+0200;2120;+0100;0;LH_393-LH_6956
SXB;1445;+0200;2150;+0100;0;AF_7311-AF_2324
SXB;0815;+0200;1530;+0100;0;LH_389-LH_6994
SXB;0725;+0200;1450;+0100;0;AF_7761-AF_1624
SXB;0815;+0200;1555;+0100;0;LH_389-LH_1168
SXB;0650;+0200;1435;+0100;0;KL_2046-KL_1693
SXB;1105;+0200;1905;+0100;0;SN_3654-SN_6409
SXB;1105;+0200;1905;+0100;0;SN_3654-SN_3819
SXB;0645;+0200;1450;+0100;0;AF_7303-AF_1624
SXB;1100;+0200;1905;+0100;0;SN_3654-SN_6409
SXB;1100;+0200;1905;+0100;0;BD_5560-BD_5567
SXB;1100;+0200;1905;+0100;0;SN_3654-SN_3819
SXB;0915;+0200;1735;+0100;0;AF_7305-AF_1924
SXB;1045;+0200;1630;+0100;0;AF_7307-AF_6276-AF_5360
SXB;1045;+0200;1630;+0100;0;AF_7307-AF_6260-AF_5360
SXB;0915;+0200;1630;+0100;0;AF_7305-AF_6276-AF_5360
SXB;0915;+0200;1630;+0100;0;AF_7305-AF_6258-AF_5360
SXB;0915;+0200;1630;+0100;0;AF_7305-AF_6260-AF_5360
SXB;1010;+0200;1735;+0100;0;AF_7894-AF_7703-AF_1924
SXB;1405;+0200;2150;+0100;0;AF_5781-AF_7645-AF_2324
SXB;0655;+0200;1450;+0100;0;AF_5462-AF_7663-AF_1624
SXB;0650;+0200;1450;+0100;0;AF_5785-AF_7653-AF_1624
SXB;0650;+0200;1450;+0100;0;AF_5785-AF_7641-AF_1624