PAR;0715;+0200;0850;+0200;0;AF_1382
PAR;1105;+0200;1240;+0200;0;AF_1782
PAR;1250;+0200;1425;+0200;0;AF_1982
PAR;1310;+0200;1445;+0200;0;AF_1982
PAR;1310;+0200;1445;+0200;0;JL_5705
PAR;1815;+0200;1950;+0200;0;JL_5315
PAR;1815;+0200;1950;+0200;0;AF_2482
PAR;1925;+0200;2100;+0200;0;OK_767
PAR;1955;+0200;2130;+0200;0;AF_2386
PAR;2005;+0200;2140;+0200;0;AF_1082
PAR;0655;+0200;0835;+0200;0;OK_765
PAR;0950;+0200;1135;+0200;0;OK_759
PAR;0955;+0200;1140;+0200;0;OK_759
PAR;1545;+0200;1735;+0200;0;OK_761
PAR;2020;+0200;2315;+0200;0;LH_1047-LH_1402
PAR;1245;+0200;1545;+0200;0;LH_3221-LH_3052
PAR;1100;+0200;1415;+0200;0;LX_635-LX_1486
PAR;1305;+0200;1620;+0200;0;LH_2231-LH_1692
PAR;1530;+0200;1845;+0200;0;LH_1037-LH_1400
PAR;1700;+0200;2015;+0200;0;LH_2233-LH_1696
PAR;0725;+0200;1050;+0200;0;KL_2002-KL_3121
PAR;1400;+0200;1725;+0200;0;LH_1035-LH_1398
PAR;0715;+0200;1045;+0200;0;OS_7112-OS_705
PAR;0920;+0200;1255;+0200;0;LH_1027-LH_1396
PAR;0840;+0200;1220;+0200;0;LH_2227-LH_1690
PAR;0935;+0200;1315;+0200;0;KL_1228-KL_1355
PAR;1315;+0200;1655;+0200;0;AF_7644-AF_5903
PAR;0800;+0200;1145;+0200;0;LH_1051-LH_1394
PAR;1650;+0200;2035;+0200;0;OS_416-OS_711
PAR;0800;+0200;1150;+0200;0;LX_4601-LX_1472
PAR;1450;+0200;1845;+0200;0;LX_639-LX_1498
PAR;1440;+0200;1840;+0200;0;KL_1234-KL_1357
PAR;0850;+0200;1255;+0200;0;AF_6110-AF_4346
PAR;1250;+0200;1655;+0200;0;AF_7414-AF_5903
PAR;1000;+0200;1410;+0200;0;OS_412-OS_707
PAR;0900;+0200;1315;+0200;0;KL_1224-KL_1355
PAR;1900;+0200;2315;+0200;0;LH_1043-LH_1402
PAR;1755;+0200;2215;+0200;0;BA_323-BA_858
PAR;0950;+0200;1415;+0200;0;LX_633-LX_1486
PAR;1215;+0200;1640;+0200;0;SN_3634-SN_2811
PAR;1620;+0200;2050;+0200;0;KL_2016-KL_3123
PAR;0820;+0200;1255;+0200;0;AF_6108-AF_4346
PAR;1620;+0200;2100;+0200;0;KL_2016-KL_3123
PAR;1400;+0200;1845;+0200;0;LH_1035-LH_1400
PAR;0800;+0200;1255;+0200;0;AF_6106-AF_4346
PAR;0800;+0200;1255;+0200;0;LH_1051-LH_1396
PAR;1145;+0200;1640;+0200;0;SN_3634-SN_2811
PAR;1350;+0200;1850;+0200;0;BA_315-BA_856
PAR;1350;+0200;1850;+0200;0;AA_6555-AA_6635
PAR;1535;+0200;2035;+0200;0;OS_7114-OS_711
PAR;0810;+0200;1320;+0200;0;AA_6228-AA_6744
PAR;1215;+0200;1725;+0200;0;SN_3634-SN_2811
PAR;0800;+0200;1315;+0200;0;KL_2006-KL_1355
PAR;1105;+0200;1620;+0200;0;LH_2229-LH_1692
PAR;1245;+0200;1800;+0200;0;KL_2012-KL_3125
PAR;0625;+0200;1145;+0200;0;LH_1053-LH_1394
PAR;0700;+0200;1220;+0200;0;LH_2241-LH_1690
PAR;1240;+0200;1800;+0200;0;OS_7116-OS_709
PAR;0730;+0200;1255;+0200;0;AF_7780-AF_4346
PAR;1235;+0200;1800;+0200;0;OS_7116-OS_709
PAR;1650;+0200;2215;+0200;0;BA_319-BA_858
PAR;1745;+0200;2315;+0200;0;LH_1041-LH_1402
LON;0750;+0100;1050;+0200;0;AA_6500
LON;0755;+0100;1055;+0200;0;QF_3417
LON;0755;+0100;1055;+0200;0;BA_854
LON;1020;+0100;1320;+0200;0;AA_6744
LON;1115;+0100;1415;+0200;0;AA_6481
LON;1115;+0100;1415;+0200;0;BA_860
LON;1205;+0100;1505;+0200;0;AA_6481
LON;1550;+0100;1850;+0200;0;AA_6635
LON;1915;+0100;2215;+0200;0;JL_7723
LON;1915;+0100;2215;+0200;0;BA_858
LON;1540;+0100;1850;+0200;0;AA_6635
LON;1540;+0100;1850;+0200;0;BA_856
LON;0805;+0100;1220;+0200;0;LH_2491-LH_1690
LON;0715;+0100;1145;+0200;0;LH_923-LH_1394
LON;0715;+0100;1145;+0200;0;BD_3195-BD_3000
LON;1415;+0100;1845;+0200;0;BD_3229-BD_2994
LON;1415;+0100;1845;+0200;0;UA_8816-UA_9062
LON;1415;+0100;1845;+0200;0;LH_907-LH_1400
LON;1010;+0100;1445;+0200;0;AF_1681-AF_1982
LON;1610;+0100;2050;+0200;0;KL_1020-KL_3123
LON;1750;+0100;2230;+0200;0;SN_2096-SN_2815
LON;0600;+0100;1045;+0200;0;OS_8928-OS_705
LON;1750;+0100;2235;+0200;0;SN_2096-SN_2815
LON;0715;+0100;1205;+0200;0;LX_4429-LX_1460
LON;0725;+0100;1215;+0200;0;UA_8884-UA_9111
LON;1525;+0100;2015;+0200;0;LH_2477-LH_1696
LON;1610;+0100;2100;+0200;0;KL_1020-KL_3123
LON;0625;+0100;1120;+0200;0;UA_9546-UA_9582
LON;0725;+0100;1220;+0200;0;LH_2483-LH_1690
LON;0725;+0100;1220;+0200;0;UA_8884-UA_9111
LON;0640;+0100;1140;+0200;0;AM_6021-AM_7001
LON;0650;+0100;1150;+0200;0;LX_441-LX_1472
LON;1345;+0100;1845;+0200;0;LX_333-LX_1498
LON;1535;+0100;2035;+0200;0;OS_462-OS_711
LON;0735;+0100;1240;+0200;0;AF_1081-AF_1782
LON;0750;+0100;1255;+0200;0;LH_927-LH_1396
LON;1805;+0100;2315;+0200;0;BD_3235-BD_2996
LON;1805;+0100;2315;+0200;0;LH_915-LH_1402
LON;1105;+0100;1620;+0200;0;LH_2473-LH_1692
LON;0625;+0100;1145;+0200;0;BD_3193-BD_3000
LON;0625;+0100;1145;+0200;0;LH_921-LH_1394
LON;0750;+0100;1310;+0200;0;BD_3461-BD_2990
LON;0850;+0100;1410;+0200;0;OS_452-OS_707
LON;1145;+0100;1705;+0200;0;UA_8814-UA_9398
LON;0710;+0100;1240;+0200;0;AF_1081-AF_1782
LON;1600;+0100;2130;+0200;0;AF_2281-AF_2386
LON;0720;+0100;1255;+0200;0;UA_8812-UA_8733
LON;0840;+0100;1415;+0200;0;LX_317-LX_1486
LON;1105;+0100;1640;+0200;0;SN_2094-SN_2811
LON;1105;+0100;1640;+0200;0;BD_5434-BD_5481
LON;1740;+0100;2315;+0200;0;LH_899-LH_1402
LON;0715;+0100;1255;+0200;0;UA_8812-UA_8733
LON;0715;+0100;1255;+0200;0;LH_923-LH_1396
LON;1145;+0100;1725;+0200;0;LH_905-LH_1398
LON;1145;+0100;1725;+0200;0;BD_3197-BD_2992
LON;1600;+0100;2140;+0200;0;AF_2281-AF_1082
LON;0720;+0100;1310;+0200;0;UA_8812-UA_8733
LON;0825;+0100;1415;+0200;0;LX_451-LX_1486
LON;0715;+0100;1310;+0200;0;UA_8812-UA_8733
LON;0715;+0100;1310;+0200;0;BD_3195-BD_2990
LON;0640;+0100;1240;+0200;0;AF_1381-AF_1782
LON;1245;+0100;1845;+0200;0;LX_457-LX_1498
LON;1450;+0100;2050;+0200;0;KL_1018-KL_3123
LON;1710;+0100;2315;+0200;0;LH_911-LH_1402
LON;1450;+0100;2100;+0200;0;KL_1018-KL_3123
LON;1705;+0100;2315;+0200;0;LH_911-LH_1402
LON;1705;+0100;2315;+0200;0;BD_3233-BD_2996
LON;1145;+0100;1800;+0200;0;KL_1010-KL_3125
LON;1105;+0100;1725;+0200;0;SN_2094-SN_2811
LON;1655;+0100;2315;+0200;0;BD_3469-BD_2996
LON;1655;+0100;2315;+0200;0;LH_935-LH_1402
LON;0625;+0100;1255;+0200;0;LH_921-LH_1396
LON;0625;+0100;1255;+0200;0;UA_9546-UA_8733
LON;1405;+0100;2035;+0200;0;OS_8930-OS_711
MAD;0710;+0200;0955;+0200;0;KE_7686
MAD;0730;+0200;1015;+0200;0;KE_7686
MAD;0730;+0200;1015;+0200;0;IB_7888
MAD;0730;+0200;1015;+0200;0;OK_703
MAD;1445;+0200;1735;+0200;0;OK_701
MAD;1445;+0200;1735;+0200;0;IB_7884
MAD;1215;+0200;1620;+0200;0;JK_8879-JK_8844
MAD;1215;+0200;1620;+0200;0;LH_1801-LH_1692
MAD;1850;+0200;2315;+0200;0;LH_1117-LH_1402
MAD;1015;+0200;1445;+0200;0;AF_1001-AF_1982
MAD;1700;+0200;2130;+0200;0;AF_1701-AF_2386
MAD;1205;+0200;1640;+0200;0;SN_3722-SN_2811
MAD;0740;+0200;1220;+0200;0;LH_1807-LH_1690
MAD;0935;+0200;1415;+0200;0;LX_2021-LX_1486
MAD;1700;+0200;2140;+0200;0;AF_1701-AF_1082
MAD;1530;+0200;2015;+0200;0;NH_6096-NH_6069
MAD;1530;+0200;2015;+0200;0;LH_1803-LH_1696
MAD;0555;+0200;1050;+0200;0;KL_1708-KL_3121
MAD;1230;+0200;1725;+0200;0;LH_1113-LH_1398
MAD;1350;+0200;1845;+0200;0;JK_117-JK_8811
MAD;1350;+0200;1845;+0200;0;LH_6803-LH_1400
MAD;1300;+0200;1800;+0200;0;KL_1702-KL_3125
MAD;1730;+0200;2230;+0200;0;SN_3728-SN_2815
MAD;1730;+0200;2235;+0200;0;SN_3728-SN_2815
MAD;0800;+0200;1315;+0200;0;KL_1710-KL_1355
MAD;1205;+0200;1725;+0200;0;SN_3722-SN_2811
MAD;0715;+0200;1240;+0200;0;AF_2101-AF_1782
MAD;0615;+0200;1145;+0200;0;LH_1121-LH_1394
MAD;0710;+0200;1240;+0200;0;AF_2101-AF_1782
MAD;1010;+0200;1545;+0200;0;LH_3291-LH_3052
MAD;1300;+0200;1840;+0200;0;KL_1702-KL_1357
MAD;1310;+0200;1850;+0200;0;AA_5492-AA_6635
MAD;1535;+0200;2130;+0200;0;AF_1601-AF_2386
MAD;1535;+0200;2140;+0200;0;AF_1601-AF_1082
MAD;0855;+0200;1505;+0200;0;AA_5491-AA_6481
MAD;1240;+0200;1850;+0200;0;BA_7056-BA_856
MAD;1240;+0200;1850;+0200;0;AA_5492-AA_6635
MAD;1200;+0200;1815;+0200;0;TP_1013-TP_528
MAD;1230;+0200;1845;+0200;0;LH_1113-LH_1400
MAD;1230;+0200;1845;+0200;0;JK_8865-JK_8811
MAD;1235;+0200;1850;+0200;0;BA_457-BA_856
MAD;0750;+0200;1425;+0200;0;AF_1831-AF_1982
MAD;0615;+0200;1255;+0200;0;LH_1121-LH_1396
MAD;1040;+0200;1725;+0200;0;BD_2921-BD_2992
MAD;1040;+0200;1725;+0200;0;LH_1111-LH_1398
MAD;1035;+0200;1725;+0200;0;LH_1111-LH_1398
MAD;1625;+0200;2315;+0200;0;LH_1115-LH_1402
MAD;0750;+0200;1445;+0200;0;AF_1831-AF_1982
MAD;0910;+0200;1610;+0200;0;IB_6758-IB_7886
MAD;1610;+0200;2315;+0200;0;LH_1115-LH_1402
MAD;1610;+0200;2315;+0200;0;BD_2917-BD_2996
MAD;0705;+0200;1415;+0200;0;BA_455-BA_860
MAD;0715;+0200;1425;+0200;0;AF_2101-AF_1982
MAD;0710;+0200;1425;+0200;0;AF_2101-AF_1982
MAD;1235;+0200;1950;+0200;0;AF_1301-AF_2482
MAD;1500;+0200;2215;+0200;0;JL_7840-JL_7723
MAD;1500;+0200;2215;+0200;0;BA_7060-BA_858
CPH;0905;+0200;1020;+0200;0;OK_505
CPH;1905;+0200;2020;+0200;0;OK_509
CPH;1735;+0200;1920;+0200;0;QI_157
CPH;1255;+0200;1620;+0200;0;LH_2443-LH_1692
CPH;1650;+0200;2015;+0200;0;LH_2445-LH_1696
CPH;0715;+0200;1045;+0200;0;OS_308-OS_705
CPH;0925;+0200;1255;+0200;0;LH_6221-LH_1396
CPH;0710;+0200;1045;+0200;0;OU_5555-OU_5540
CPH;1330;+0200;1705;+0200;0;UA_9321-UA_9398
CPH;1425;+0200;1800;+0200;0;KL_1130-KL_3125
CPH;1900;+0200;2235;+0200;0;SN_2264-SN_2815
CPH;0835;+0200;1220;+0200;0;LH_2441-LH_1690
CPH;0925;+0200;1310;+0200;0;UA_9029-UA_8733
CPH;1930;+0200;2315;+0200;0;LH_831-LH_1402
CPH;0955;+0200;1350;+0200;0;LO_464-LO_527
CPH;1330;+0200;1725;+0200;0;SN_2258-SN_2811
CPH;1450;+0200;1845;+0200;0;LH_6265-LH_1400
CPH;1530;+0200;1925;+0200;0;LO_5454-LO_525
CPH;1010;+0200;1410;+0200;0;OS_302-OS_707
CPH;1440;+0200;1845;+0200;0;LX_1271-LX_1498
CPH;1310;+0200;1725;+0200;0;SN_2258-SN_2811
CPH;1425;+0200;1840;+0200;0;KL_1130-KL_1357
CPH;1020;+0200;1445;+0200;0;AF_1751-AF_1982
CPH;1120;+0200;1545;+0200;0;LH_6041-LH_3052
CPH;1525;+0200;1950;+0200;0;AF_2351-AF_2482
CPH;0940;+0200;1415;+0200;0;LX_1267-LX_1486
CPH;1010;+0200;1445;+0200;0;AF_1751-AF_1982
CPH;0700;+0200;1145;+0200;0;LH_6219-LH_1394
CPH;0600;+0200;1050;+0200;0;KL_1124-KL_3121
CPH;1330;+0200;1825;+0200;0;UA_9321-UA_9062
CPH;0605;+0200;1120;+0200;0;UA_9265-UA_9582
CPH;1330;+0200;1845;+0200;0;UA_9321-UA_9062
CPH;0600;+0200;1120;+0200;0;UA_9265-UA_9582
CPH;1100;+0200;1620;+0200;0;LH_6247-LH_1692
CPH;1120;+0200;1640;+0200;0;BD_3731-BD_5481
CPH;1325;+0200;1845;+0200;0;AY_666-AY_717
CPH;1405;+0200;1925;+0200;0;LH_6213-LH_3054
CPH;0820;+0200;1350;+0200;0;LO_5452-LO_527
CPH;1700;+0200;2230;+0200;0;SN_2260-SN_2815
HEL;0935;+0300;1045;+0200;0;AY_715
HEL;1735;+0300;1845;+0200;0;AY_717
HEL;0935;+0300;1050;+0200;0;AY_715
HEL;1645;+0300;1800;+0200;0;OK_481
HEL;1450;+0300;1800;+0200;0;OS_346-OS_709
HEL;1305;+0300;1620;+0200;0;LH_2463-LH_1692
HEL;0725;+0300;1045;+0200;0;OS_348-OS_705
HEL;0725;+0300;1045;+0200;0;OU_5547-OU_5540
HEL;0905;+0300;1255;+0200;0;TP_7909-TP_7928
HEL;0905;+0300;1255;+0200;0;LH_853-LH_1396
HEL;0905;+0300;1255;+0200;0;UA_9047-UA_8733
HEL;1405;+0300;1800;+0200;0;KL_1168-KL_3125
HEL;1450;+0300;1845;+0200;0;TP_7913-TP_7932
HEL;1450;+0300;1845;+0200;0;LH_849-LH_1400
HEL;1450;+0300;1845;+0200;0;NH_6172-NH_6199
HEL;0905;+0300;1310;+0200;0;UA_9047-UA_8733
HEL;0905;+0300;1310;+0200;0;BD_3125-BD_2990
HEL;1300;+0300;1705;+0200;0;UA_9049-UA_9398
HEL;1005;+0300;1415;+0200;0;LX_4791-LX_1486
HEL;0635;+0300;1050;+0200;0;KL_1164-KL_3121
HEL;1410;+0300;1825;+0200;0;UA_9049-UA_9062
HEL;0655;+0300;1120;+0200;0;UA_8736-UA_9582
HEL;1300;+0300;1725;+0200;0;LH_847-LH_1398
HEL;1300;+0300;1725;+0200;0;BD_3121-BD_2992
HEL;1850;+0300;2315;+0200;0;LH_851-LH_1402
HEL;1850;+0300;2315;+0200;0;TP_7917-TP_7934
HEL;0820;+0300;1255;+0200;0;UA_9047-UA_8733
HEL;1405;+0300;1840;+0200;0;KL_1168-KL_1357
HEL;1410;+0300;1845;+0200;0;UA_9049-UA_9062
HEL;1410;+0300;1845;+0200;0;BD_3123-BD_2994
HEL;0630;+0300;1120;+0200;0;UA_8736-UA_9582
HEL;0655;+0300;1145;+0200;0;TP_7907-TP_7936
HEL;0655;+0300;1145;+0200;0;LH_855-LH_1394
HEL;0820;+0300;1310;+0200;0;UA_9047-UA_8733
HEL;0925;+0300;1425;+0200;0;AF_1499-AF_1982
HEL;0735;+0300;1240;+0200;0;AF_2299-AF_1782
HEL;1720;+0300;2230;+0200;0;SN_6756-SN_2815
HEL;1720;+0300;2235;+0200;0;SN_6756-SN_2815
HEL;0655;+0300;1215;+0200;0;UA_9099-UA_9111
HEL;0800;+0300;1320;+0200;0;AA_6047-AA_6744
HEL;0925;+0300;1445;+0200;0;AF_1499-AF_1982
HEL;0655;+0300;1220;+0200;0;TP_7923-TP_7942
HEL;0655;+0300;1220;+0200;0;UA_9099-UA_9111
HEL;0655;+0300;1220;+0200;0;LH_2467-LH_1690
HEL;1300;+0300;1825;+0200;0;UA_9049-UA_9062
HEL;1605;+0300;2130;+0200;0;AF_1799-AF_2386
HEL;0750;+0300;1320;+0200;0;AA_6539-AA_6744
HEL;1605;+0300;2140;+0200;0;AF_1799-AF_1082
HEL;1300;+0300;1845;+0200;0;LH_847-LH_1400
HEL;1300;+0300;1845;+0200;0;BD_3121-BD_2994
HEL;1300;+0300;1845;+0200;0;UA_9049-UA_9062
HEL;1450;+0300;2035;+0200;0;OS_346-OS_711
HEL;1450;+0300;2035;+0200;0;OU_5549-OU_5542
HEL;1450;+0300;2040;+0200;0;OU_5549-OU_5542
HEL;0655;+0300;1255;+0200;0;TP_7907-TP_7928
HEL;0655;+0300;1255;+0200;0;UA_8736-UA_8733
HEL;0655;+0300;1255;+0200;0;LH_855-LH_1396
HEL;1315;+0300;1925;+0200;0;LH_2971-LH_3054
HEL;0655;+0300;1310;+0200;0;UA_8736-UA_8733
HEL;0800;+0300;1415;+0200;0;BA_6031-BA_860
HEL;0800;+0300;1415;+0200;0;AA_6047-AA_6481
HEL;1600;+0300;2215;+0200;0;BA_6033-BA_858
HEL;0755;+0300;1415;+0200;0;BA_795-BA_860
HEL;0630;+0300;1255;+0200;0;UA_8736-UA_8733
HEL;0750;+0300;1415;+0200;0;AA_6539-AA_6481
STO;1645;+0200;1840;+0200;0;OK_491
STO;0800;+0200;1000;+0200;0;OK_495
STO;0700;+0200;1045;+0200;0;AY_3192-AY_715
STO;0700;+0200;1050;+0200;0;AY_3192-AY_715
STO;1925;+0200;2315;+0200;0;LH_805-LH_1402
STO;0640;+0200;1045;+0200;0;OU_5559-OU_5540
STO;0640;+0200;1045;+0200;0;OS_318-OS_705
STO;1625;+0200;2035;+0200;0;OU_5561-OU_5542
STO;1620;+0200;2035;+0200;0;OU_5561-OU_5542
STO;1620;+0200;2035;+0200;0;OS_314-OS_711
STO;1625;+0200;2040;+0200;0;OU_5561-OU_5542
STO;0630;+0200;1050;+0200;0;KL_1106-KL_3121
STO;0950;+0200;1410;+0200;0;OS_312-OS_707
STO;1555;+0200;2015;+0200;0;LH_2417-LH_1696
STO;1620;+0200;2040;+0200;0;OU_5561-OU_5542
STO;1155;+0200;1620;+0200;0;LH_2415-LH_1692
STO;0945;+0200;1415;+0200;0;LX_1249-LX_1486
STO;0745;+0200;1220;+0200;0;LH_2421-LH_1690
STO;1410;+0200;1845;+0200;0;AY_642-AY_717
STO;1155;+0200;1640;+0200;0;SN_2304-SN_2811
STO;1240;+0200;1725;+0200;0;LH_803-LH_1398
STO;1440;+0200;1925;+0200;0;LH_2923-LH_3054
STO;1310;+0200;1800;+0200;0;KL_1110-KL_3125
STO;1140;+0200;1640;+0200;0;BD_5472-BD_5481
STO;1525;+0200;2030;+0200;0;BD_3839-BD_5483
STO;1440;+0200;1950;+0200;0;AF_2063-AF_2482
STO;0620;+0200;1145;+0200;0;LH_809-LH_1394
STO;0620;+0200;1145;+0200;0;BD_3523-BD_3000
STO;1155;+0200;1725;+0200;0;SN_2304-SN_2811
STO;1310;+0200;1840;+0200;0;KL_1110-KL_1357
STO;0650;+0200;1240;+0200;0;AF_1463-AF_1782
STO;0850;+0200;1440;+0200;0;VV_270-VV_209
STO;1255;+0200;1845;+0200;0;AY_634-AY_717
STO;0755;+0200;1350;+0200;0;LO_456-LO_527
STO;1240;+0200;1845;+0200;0;NH_6188-NH_6199
STO;1240;+0200;1845;+0200;0;LH_803-LH_1400
STO;1410;+0200;2015;+0200;0;LH_6187-LH_1696
STO;0920;+0200;1545;+0200;0;LH_2921-LH_3052
STO;1225;+0200;1850;+0200;0;AA_6528-AA_6635
STO;1650;+0200;2315;+0200;0;LH_6203-LH_1402
STO;0620;+0200;1255;+0200;0;LH_809-LH_1396
STO;1355;+0200;2030;+0200;0;BD_5466-BD_5483
STO;1355;+0200;2030;+0200;0;SN_2306-SN_2813
STO;1540;+0200;2215;+0200;0;BA_779-BA_858
STO;1540;+0200;2215;+0200;0;JL_7716-JL_7723
STO;0630;+0200;1315;+0200;0;KL_1106-KL_1355
STO;1205;+0200;1850;+0200;0;BA_777-BA_856
STO;0620;+0200;1310;+0200;0;BD_3523-BD_2990
STO;1440;+0200;2130;+0200;0;AF_2063-AF_2386
STO;0720;+0200;1415;+0200;0;AA_6525-AA_6481
STO;1030;+0200;1725;+0200;0;LH_801-LH_1398
STO;1030;+0200;1725;+0200;0;BD_3527-BD_2992
STO;1440;+0200;2140;+0200;0;AF_2063-AF_1082
STO;0710;+0200;1415;+0200;0;BA_771-BA_860
STO;0710;+0200;1415;+0200;0;AA_6525-AA_6481
STO;0850;+0200;1615;+0200;0;VV_270-VV_4917
STO;0640;+0200;1410;+0200;0;OS_318-OS_707
MIL;1920;+0200;2045;+0200;0;OK_723
MIL;0915;+0200;1045;+0200;0;OK_719
MIL;1740;+0200;2035;+0200;0;OS_514-OS_711
MIL;1110;+0200;1415;+0200;0;LX_1617-LX_1486
MIL;1350;+0200;1655;+0200;0;AF_3295-AF_5903
MIL;1310;+0200;1620;+0200;0;LH_1857-LH_1692
MIL;1705;+0200;2015;+0200;0;LH_1861-LH_1696
MIL;0720;+0200;1045;+0200;0;OS_518-OS_705
MIL;0850;+0200;1220;+0200;0;LH_1853-LH_1690
MIL;1655;+0200;2030;+0200;0;SN_3158-SN_2813
MIL;1655;+0200;2030;+0200;0;BD_5408-BD_5483
MIL;0915;+0200;1255;+0200;0;LH_247-LH_1396
MIL;1850;+0200;2230;+0200;0;SN_3150-SN_2815
MIL;1855;+0200;2235;+0200;0;SN_3160-SN_2815
MIL;1935;+0200;2315;+0200;0;LH_277-LH_1402
MIL;1340;+0200;1725;+0200;0;SN_3148-SN_2811
MIL;1850;+0200;2235;+0200;0;SN_3150-SN_2815
MIL;0655;+0200;1045;+0200;0;OS_540-OS_705
MIL;1455;+0200;1845;+0200;0;LX_1629-LX_1498
MIL;1030;+0200;1425;+0200;0;AF_1115-AF_1982
MIL;1555;+0200;1950;+0200;0;AF_1713-AF_2482
MIL;0650;+0200;1050;+0200;0;KL_1618-KL_3121
MIL;0635;+0200;1040;+0200;0;AF_3291-AF_5901
MIL;0645;+0200;1050;+0200;0;KL_1618-KL_3121
MIL;1005;+0200;1410;+0200;0;OS_512-OS_707
MIL;1005;+0200;1415;+0200;0;LX_1613-LX_1486
MIL;1010;+0200;1425;+0200;0;AF_1213-AF_1982
MIL;1030;+0200;1445;+0200;0;AF_1115-AF_1982
MIL;1430;+0200;1845;+0200;0;LH_253-LH_1400
MIL;1635;+0200;2050;+0200;0;KL_3416-KL_3123
MIL;0725;+0200;1145;+0200;0;LH_279-LH_1394
MIL;1635;+0200;2100;+0200;0;KL_3416-KL_3123
MIL;1115;+0200;1545;+0200;0;LH_3181-LH_3052
MIL;1010;+0200;1445;+0200;0;AF_1213-AF_1982
MIL;1250;+0200;1725;+0200;0;LH_273-LH_1398
MIL;1325;+0200;1800;+0200;0;KL_1624-KL_3125
MIL;1200;+0200;1640;+0200;0;SN_3148-SN_2811
MIL;1305;+0200;1800;+0200;0;KL_1624-KL_3125
MIL;1635;+0200;2130;+0200;0;AF_9703-AF_2386
MIL;0645;+0200;1145;+0200;0;LH_259-LH_1394
MIL;1630;+0200;2130;+0200;0;AF_1715-AF_2386
MIL;1815;+0200;2315;+0200;0;LH_255-LH_1402
MIL;1635;+0200;2140;+0200;0;AF_9703-AF_1082
MIL;1725;+0200;2230;+0200;0;SN_3158-SN_2815
MIL;1130;+0200;1640;+0200;0;BD_5406-BD_5481
MIL;1130;+0200;1640;+0200;0;SN_3156-SN_2811
MIL;1505;+0200;2015;+0200;0;LH_1859-LH_1696
MIL;1630;+0200;2140;+0200;0;AF_1715-AF_1082
MIL;1725;+0200;2235;+0200;0;SN_3158-SN_2815
MIL;1125;+0200;1640;+0200;0;SN_3156-SN_2811
MIL;1325;+0200;1840;+0200;0;KL_1624-KL_1357
MIL;1750;+0200;2310;+0200;0;SN_7096-SN_7091
MIL;0655;+0200;1220;+0200;0;LH_1867-LH_1690
MIL;1200;+0200;1725;+0200;0;SN_3148-SN_2811
MIL;1750;+0200;2315;+0200;0;LH_275-LH_1402
MIL;0725;+0200;1255;+0200;0;LH_279-LH_1396
MIL;1050;+0200;1620;+0200;0;LH_1855-LH_1692
MIL;0705;+0200;1240;+0200;0;AF_2515-AF_1782
MIL;1305;+0200;1840;+0200;0;KL_1624-KL_1357
MIL;1555;+0200;2130;+0200;0;AF_1713-AF_2386
MIL;1655;+0200;2230;+0200;0;SN_3158-SN_2815
MIL;1655;+0200;2235;+0200;0;SN_3158-SN_2815
MIL;0655;+0200;1240;+0200;0;AF_9801-AF_1782
MIL;1555;+0200;2140;+0200;0;AF_1713-AF_1082
ROM;1425;+0200;1620;+0200;0;OK_725
ROM;0745;+0200;0945;+0200;0;OK_727
ROM;0840;+0200;1220;+0200;0;LH_1841-LH_1690
ROM;1030;+0200;1410;+0200;0;OS_506-OS_707
ROM;1455;+0200;1845;+0200;0;LH_235-LH_1400
ROM;1455;+0200;1845;+0200;0;BD_3607-BD_2994
ROM;1455;+0200;1845;+0200;0;NH_6122-NH_6199
ROM;1450;+0200;1845;+0200;0;LX_1737-LX_1498
ROM;1920;+0200;2315;+0200;0;LH_239-LH_1402
ROM;1920;+0200;2315;+0200;0;BD_3609-BD_2996
ROM;1255;+0200;1655;+0200;0;AF_5822-AF_5903
ROM;1320;+0200;1725;+0200;0;BD_3593-BD_2992
ROM;1320;+0200;1725;+0200;0;LH_233-LH_1398
ROM;1525;+0200;1930;+0200;0;OK_209-OK_967
ROM;1210;+0200;1620;+0200;0;LH_1843-LH_1692
ROM;1705;+0200;2140;+0200;0;AF_9841-AF_1082
ROM;0935;+0200;1415;+0200;0;LX_1727-LX_1486
ROM;1440;+0200;1925;+0200;0;LH_3201-LH_3054
ROM;1825;+0200;2315;+0200;0;BD_3597-BD_2996
ROM;1825;+0200;2315;+0200;0;LH_237-LH_1402
ROM;1255;+0200;1800;+0200;0;KL_1602-KL_3125
ROM;1335;+0200;1840;+0200;0;KL_3402-KL_1357
ROM;0720;+0200;1240;+0200;0;AF_2305-AF_1782
ROM;1430;+0200;1950;+0200;0;AF_9839-AF_2482
ROM;0620;+0200;1145;+0200;0;BD_3591-BD_3000
ROM;0620;+0200;1145;+0200;0;LH_243-LH_1394
ROM;1320;+0200;1845;+0200;0;BD_3593-BD_2994
ROM;1320;+0200;1845;+0200;0;LH_233-LH_1400
ROM;0855;+0200;1425;+0200;0;AF_9833-AF_1982
ROM;0645;+0200;1220;+0200;0;LH_1851-LH_1690
ROM;0700;+0200;1240;+0200;0;AF_9831-AF_1782
ROM;1255;+0200;1840;+0200;0;KL_1602-KL_1357
ROM;0855;+0200;1445;+0200;0;AF_9833-AF_1982
ROM;1500;+0200;2050;+0200;0;KL_3404-KL_3123
ROM;1420;+0200;2015;+0200;0;LH_1845-LH_1696
ROM;1535;+0200;2130;+0200;0;AF_9845-AF_2386
ROM;1635;+0200;2230;+0200;0;SN_3182-SN_2815
ROM;0815;+0200;1415;+0200;0;BA_551-BA_860
ROM;1500;+0200;2100;+0200;0;KL_3404-KL_3123
ROM;1635;+0200;2235;+0200;0;SN_3182-SN_2815
ROM;0810;+0200;1415;+0200;0;AA_6512-AA_6481
ROM;0810;+0200;1415;+0200;0;BA_551-BA_860
ROM;1535;+0200;2140;+0200;0;AF_9845-AF_1082
ROM;1020;+0200;1640;+0200;0;BD_5352-BD_5481
ROM;1020;+0200;1640;+0200;0;SN_3176-SN_2811
ROM;0620;+0200;1255;+0200;0;LH_243-LH_1396
BCN;0755;+0200;1020;+0200;0;IB_7880
BCN;0755;+0200;1020;+0200;0;OK_691
BCN;1205;+0200;1430;+0200;0;VY_8654
BCN;1345;+0200;1610;+0200;0;IB_7886
BCN;1345;+0200;1610;+0200;0;OK_689
BCN;1300;+0200;1655;+0200;0;AF_5899-AF_5903
BCN;1445;+0200;1845;+0200;0;LX_1955-LX_1498
BCN;0635;+0200;1040;+0200;0;AF_5895-AF_5901
BCN;0815;+0200;1220;+0200;0;LH_1817-LH_1690
BCN;0635;+0200;1045;+0200;0;OS_396-OS_705
BCN;1345;+0200;1800;+0200;0;OS_398-OS_709
BCN;1025;+0200;1445;+0200;0;AF_1149-AF_1982
BCN;1200;+0200;1620;+0200;0;LH_1811-LH_1692
BCN;1200;+0200;1620;+0200;0;JK_9311-JK_8844
BCN;1850;+0200;2315;+0200;0;LH_1133-LH_1402
BCN;0945;+0200;1415;+0200;0;LX_1953-LX_1486
BCN;1620;+0200;2050;+0200;0;KL_1674-KL_3123
BCN;1620;+0200;2100;+0200;0;KL_1674-KL_3123
BCN;0810;+0200;1255;+0200;0;LH_1137-LH_1396
BCN;1315;+0200;1800;+0200;0;KL_1672-KL_3125
BCN;0650;+0200;1140;+0200;0;AM_6009-AM_7001
BCN;1235;+0200;1725;+0200;0;SN_3702-SN_2811
BCN;0650;+0200;1145;+0200;0;LH_1139-LH_1394
BCN;1230;+0200;1725;+0200;0;LH_1127-LH_1398
BCN;0735;+0200;1240;+0200;0;AF_2149-AF_1782
BCN;0810;+0200;1315;+0200;0;KL_1664-KL_1355
BCN;1520;+0200;2030;+0200;0;BD_5514-BD_5483
BCN;1315;+0200;1840;+0200;0;KL_1672-KL_1357
BCN;1325;+0200;1850;+0200;0;AA_6296-AA_6635
BCN;1555;+0200;2130;+0200;0;AF_1649-AF_2386
BCN;1650;+0200;2230;+0200;0;SN_3704-SN_2815
BCN;1555;+0200;2140;+0200;0;AF_1649-AF_1082
BCN;1650;+0200;2235;+0200;0;SN_3704-SN_2815
BCN;0650;+0200;1240;+0200;0;AF_2349-AF_1782
BCN;1030;+0200;1620;+0200;0;LH_6723-LH_1692
BCN;1030;+0200;1620;+0200;0;JK_131-JK_8844
BCN;1140;+0200;1735;+0200;0;IB_2753-IB_7884
BCN;1420;+0200;2015;+0200;0;LH_1813-LH_1696
BCN;0615;+0200;1220;+0200;0;LH_1819-LH_1690
BCN;0650;+0200;1255;+0200;0;LH_1139-LH_1396
BCN;0715;+0200;1320;+0200;0;AA_6289-AA_6744
BCN;1230;+0200;1845;+0200;0;LH_1127-LH_1400
BCN;1230;+0200;1845;+0200;0;JK_8833-JK_8811
BCN;1110;+0200;1735;+0200;0;IB_2755-IB_7884
OSL;0750;+0200;0950;+0200;0;OK_449
OSL;1205;+0200;1405;+0200;0;OK_447
OSL;1410;+0200;1800;+0200;0;KL_1218-KL_3125
OSL;1400;+0200;1800;+0200;0;OS_336-OS_709
OSL;0640;+0200;1045;+0200;0;OU_5551-OU_5540
OSL;1910;+0200;2315;+0200;0;LH_863-LH_1402
OSL;0635;+0200;1045;+0200;0;OS_332-OS_705
OSL;0635;+0200;1045;+0200;0;OU_5551-OU_5540
OSL;0630;+0200;1050;+0200;0;KL_1140-KL_3121
OSL;1220;+0200;1640;+0200;0;SN_2282-SN_2811
OSL;1420;+0200;1840;+0200;0;KL_1146-KL_1357
OSL;0750;+0200;1215;+0200;0;UA_9077-UA_9111
OSL;1420;+0200;1845;+0200;0;LH_6281-LH_1400
OSL;0750;+0200;1220;+0200;0;UA_9077-UA_9111
OSL;0945;+0200;1415;+0200;0;LX_1211-LX_1486
OSL;1150;+0200;1620;+0200;0;LH_2451-LH_1692
OSL;1355;+0200;1825;+0200;0;UA_9145-UA_9062
OSL;1410;+0200;1840;+0200;0;KL_1218-KL_1357
OSL;0740;+0200;1215;+0200;0;UA_9077-UA_9111
OSL;1350;+0200;1825;+0200;0;UA_9145-UA_9062
OSL;0610;+0200;1050;+0200;0;KL_1212-KL_3121
OSL;0740;+0200;1220;+0200;0;LH_2457-LH_1690
OSL;0740;+0200;1220;+0200;0;UA_9077-UA_9111
OSL;1355;+0200;1845;+0200;0;UA_9145-UA_9062
OSL;1355;+0200;1845;+0200;0;NH_6184-NH_6199
OSL;1355;+0200;1845;+0200;0;LH_861-LH_1400
OSL;1355;+0200;1845;+0200;0;BD_2931-BD_2994
OSL;0625;+0200;1120;+0200;0;UA_9095-UA_9582
OSL;1350;+0200;1845;+0200;0;UA_9145-UA_9062
OSL;1220;+0200;1725;+0200;0;SN_2282-SN_2811
OSL;1725;+0200;2230;+0200;0;SN_2284-SN_2815
OSL;1725;+0200;2235;+0200;0;SN_2284-SN_2815
OSL;0625;+0200;1145;+0200;0;LH_865-LH_1394
OSL;1655;+0200;2215;+0200;0;BA_767-BA_858
OSL;1315;+0200;1845;+0200;0;AY_656-AY_717
OSL;0635;+0200;1240;+0200;0;AF_1275-AF_1782
OSL;1155;+0200;1800;+0200;0;KL_1144-KL_3125
OSL;0935;+0200;1545;+0200;0;LH_2951-LH_3052
OSL;0800;+0200;1415;+0200;0;AA_6628-AA_6481
OSL;0755;+0200;1415;+0200;0;BA_761-BA_860
OSL;0955;+0200;1620;+0200;0;LH_6171-LH_1692
OSL;0625;+0200;1255;+0200;0;LH_865-LH_1396
OSL;0625;+0200;1255;+0200;0;UA_9095-UA_8733
OSL;1420;+0200;2050;+0200;0;KL_1146-KL_3123
OSL;1645;+0200;2315;+0200;0;LH_6105-LH_1402
OSL;1400;+0200;2035;+0200;0;OS_336-OS_711
OSL;1400;+0200;2035;+0200;0;OU_5553-OU_5542
OSL;1025;+0200;1705;+0200;0;UA_8745-UA_9398
OSL;1400;+0200;2040;+0200;0;OU_5553-OU_5542
OSL;1410;+0200;2050;+0200;0;KL_1218-KL_3123
OSL;1420;+0200;2100;+0200;0;KL_1146-KL_3123
OSL;0625;+0200;1310;+0200;0;UA_9095-UA_8733
OSL;0630;+0200;1315;+0200;0;KL_1140-KL_1355
OSL;1155;+0200;1840;+0200;0;KL_1144-KL_1357
OSL;1410;+0200;2100;+0200;0;KL_1218-KL_3123
OSL;1155;+0200;1850;+0200;0;AA_6630-AA_6635
OSL;1155;+0200;1850;+0200;0;BA_763-BA_856
OSL;1005;+0200;1705;+0200;0;UA_8745-UA_9398
OSL;1025;+0200;1725;+0200;0;LH_859-LH_1398
OSL;1025;+0200;1725;+0200;0;BD_2929-BD_2992
DUS;0735;+0200;0850;+0200;0;LH_3050
DUS;1430;+0200;1545;+0200;0;LH_3052
DUS;1810;+0200;1925;+0200;0;LH_3054
DUS;0905;+0200;1025;+0200;0;OK_523
DUS;1915;+0200;2035;+0200;0;OK_527
DUS;1735;+0200;2015;+0200;0;LH_2015-LH_1696
DUS;1435;+0200;1725;+0200;0;LH_81-LH_1398
DUS;0925;+0200;1220;+0200;0;LH_2003-LH_1690
DUS;0605;+0200;0910;+0200;0;LH_73-LH_1392
DUS;0830;+0200;1145;+0200;0;LH_75-LH_1394
DUS;1440;+0200;1800;+0200;0;KL_1858-KL_3125
DUS;1250;+0200;1620;+0200;0;LH_2009-LH_1692
DUS;1705;+0200;2035;+0200;0;OS_7248-OS_711
DUS;0710;+0200;1045;+0200;0;OS_7250-OS_705
DUS;0845;+0200;1220;+0200;0;LH_2001-LH_1690
DUS;1050;+0200;1425;+0200;0;AF_1307-AF_1982
DUS;1630;+0200;2015;+0200;0;LH_2013-LH_1696
DUS;1055;+0200;1445;+0200;0;AF_1307-AF_1982
DUS;1050;+0200;1445;+0200;0;AF_1307-AF_1982
DUS;1300;+0200;1655;+0200;0;AF_5875-AF_5903
DUS;1450;+0200;1845;+0200;0;LX_1019-LX_1498
DUS;1010;+0200;1410;+0200;0;OS_152-OS_707
DUS;1440;+0200;1840;+0200;0;KL_1858-KL_1357
DUS;1725;+0200;2130;+0200;0;AF_2207-AF_2386
DUS;1435;+0200;1845;+0200;0;LH_81-LH_1400
DUS;1905;+0200;2315;+0200;0;LH_87-LH_1402
DUS;0625;+0200;1040;+0200;0;AF_5877-AF_5901
DUS;1725;+0200;2140;+0200;0;AF_2207-AF_1082
DUS;0955;+0200;1415;+0200;0;LX_1017-LX_1486
DUS;0625;+0200;1050;+0200;0;KL_1852-KL_3121
DUS;0740;+0200;1205;+0200;0;LX_3901-LX_1460
DUS;0830;+0200;1255;+0200;0;LH_75-LH_1396
DUS;1400;+0200;1845;+0200;0;LX_3635-LX_1498
DUS;0730;+0200;1220;+0200;0;LH_2025-LH_1690
DUS;0820;+0200;1315;+0200;0;KL_1854-KL_1355
DUS;1305;+0200;1800;+0200;0;OS_7244-OS_709
DUS;0650;+0200;1150;+0200;0;LX_3711-LX_1472
DUS;1625;+0200;2130;+0200;0;AF_1907-AF_2386
DUS;1250;+0200;1800;+0200;0;OS_7244-OS_709
DUS;0725;+0200;1240;+0200;0;AF_1107-AF_1782
DUS;1500;+0200;2015;+0200;0;LH_2011-LH_1696
DUS;1625;+0200;2140;+0200;0;AF_1907-AF_1082
DUS;1800;+0200;2315;+0200;0;LH_85-LH_1402
FRA;0810;+0200;0910;+0200;0;LH_1392
FRA;1045;+0200;1145;+0200;0;BD_3000
FRA;1045;+0200;1145;+0200;0;LH_1394
FRA;1155;+0200;1255;+0200;0;LH_1396
FRA;1210;+0200;1310;+0200;0;BD_2990
FRA;1625;+0200;1725;+0200;0;BD_2992
FRA;1625;+0200;1725;+0200;0;LH_1398
FRA;1745;+0200;1845;+0200;0;LH_1400
FRA;1745;+0200;1845;+0200;0;BD_2994
FRA;1745;+0200;1845;+0200;0;NH_6199
FRA;2215;+0200;2315;+0200;0;LH_1402
FRA;2215;+0200;2315;+0200;0;BD_2996
FRA;0925;+0200;1030;+0200;0;OK_535
FRA;1905;+0200;2010;+0200;0;OK_537
FRA;0925;+0200;1035;+0200;0;CI_9061
FRA;0925;+0200;1035;+0200;0;OK_535
FRA;1905;+0200;2015;+0200;0;OK_537
FRA;1335;+0200;1620;+0200;0;LH_110-LH_1692
FRA;1640;+0200;1925;+0200;0;LH_82-LH_3054
FRA;1745;+0200;2035;+0200;0;OS_132-OS_711
FRA;0750;+0200;1045;+0200;0;OS_128-OS_705
FRA;1715;+0200;2015;+0200;0;LH_116-LH_1696
FRA;0905;+0200;1220;+0200;0;LH_104-LH_1690
FRA;1715;+0200;2035;+0200;0;OS_7206-OS_711
FRA;0610;+0200;0935;+0200;0;LX_3613-LX_1484
FRA;1040;+0200;1410;+0200;0;OS_122-OS_707
FRA;1900;+0200;2230;+0200;0;SN_7012-SN_2815
FRA;1305;+0200;1640;+0200;0;SN_7004-SN_2811
FRA;1655;+0200;2030;+0200;0;SN_7008-SN_2813
FRA;1900;+0200;2235;+0200;0;SN_7012-SN_2815
FRA;0710;+0200;1050;+0200;0;KL_1762-KL_3121
FRA;1750;+0200;2130;+0200;0;AF_2119-AF_2386
FRA;1025;+0200;1415;+0200;0;LX_1071-LX_1486
FRA;1750;+0200;2140;+0200;0;AF_2119-AF_1082
FRA;1050;+0200;1445;+0200;0;AF_1519-AF_1982
FRA;1555;+0200;1950;+0200;0;AF_1919-AF_2482
FRA;0645;+0200;1045;+0200;0;OS_7260-OS_705
FRA;0815;+0200;1220;+0200;0;LH_102-LH_1690
FRA;1215;+0200;1620;+0200;0;LH_108-LH_1692
FRA;1610;+0200;2015;+0200;0;LH_114-LH_1696
FRA;1630;+0200;2035;+0200;0;OS_7208-OS_711
FRA;1435;+0200;1845;+0200;0;LX_1073-LX_1498
FRA;0735;+0200;1150;+0200;0;LX_3661-LX_1472
FRA;1305;+0200;1725;+0200;0;SN_7004-SN_2811
FRA;0915;+0200;1350;+0200;0;LO_382-LO_527
FRA;0740;+0200;1220;+0200;0;LH_100-LH_1690
ZRH;0845;+0200;1000;+0200;0;OK_589
ZRH;0815;+0200;0935;+0200;0;LX_1484
ZRH;1255;+0200;1415;+0200;0;LX_1486
ZRH;1725;+0200;1845;+0200;0;LX_1498
ZRH;1730;+0200;2015;+0200;0;LH_2371-LH_1696
ZRH;1730;+0200;2015;+0200;0;NH_6098-NH_6069
ZRH;1330;+0200;1620;+0200;0;LH_2369-LH_1692
ZRH;1745;+0200;2035;+0200;0;OS_564-OS_711
ZRH;0750;+0200;1045;+0200;0;OS_568-OS_705
ZRH;1010;+0200;1310;+0200;0;BD_3553-BD_2990
ZRH;0910;+0200;1220;+0200;0;LH_2367-LH_1690
ZRH;2005;+0200;2315;+0200;0;BD_3555-BD_2996
ZRH;2005;+0200;2315;+0200;0;LH_1199-LH_1402
ZRH;1230;+0200;1545;+0200;0;LH_5795-LH_3052
ZRH;1520;+0200;1845;+0200;0;LH_1193-LH_1400
ZRH;1520;+0200;1845;+0200;0;BD_3559-BD_2994
ZRH;1710;+0200;2035;+0200;0;OS_8806-OS_711
ZRH;0815;+0200;1145;+0200;0;LH_5773-LH_1394
ZRH;0710;+0200;1045;+0200;0;OS_8802-OS_705
ZRH;1655;+0200;2030;+0200;0;SN_5112-SN_2813
ZRH;1700;+0200;2035;+0200;0;OS_8806-OS_711
ZRH;0910;+0200;1255;+0200;0;LH_1185-LH_1396
ZRH;1340;+0200;1725;+0200;0;BD_3557-BD_2992
ZRH;1340;+0200;1725;+0200;0;LH_1191-LH_1398
ZRH;0925;+0200;1315;+0200;0;KL_1954-KL_1355
ZRH;1750;+0200;2140;+0200;0;AF_5107-AF_1082
ZRH;0655;+0200;1050;+0200;0;KL_1952-KL_3121
ZRH;0750;+0200;1145;+0200;0;LH_1183-LH_1394
ZRH;0750;+0200;1145;+0200;0;BD_3529-BD_3000
ZRH;1015;+0200;1410;+0200;0;OS_562-OS_707
ZRH;0910;+0200;1310;+0200;0;BD_3561-BD_2990
ZRH;1215;+0200;1620;+0200;0;LH_5785-LH_1692
ZRH;1520;+0200;1925;+0200;0;LH_3137-LH_3054
ZRH;0740;+0200;1150;+0200;0;LX_2802-LX_1472
ZRH;1230;+0200;1640;+0200;0;SN_5108-SN_2811
ZRH;1905;+0200;2315;+0200;0;LH_5779-LH_1402
ZRH;1415;+0200;1840;+0200;0;KL_1960-KL_1357
ZRH;0950;+0200;1425;+0200;0;AF_5101-AF_1982
ZRH;0705;+0200;1145;+0200;0;LH_5771-LH_1394
ZRH;0815;+0200;1255;+0200;0;LH_5773-LH_1396
ZRH;1535;+0200;2015;+0200;0;LH_5787-LH_1696
ZRH;1750;+0200;2230;+0200;0;SN_5114-SN_2815
ZRH;1750;+0200;2235;+0200;0;SN_5114-SN_2815
LYS;1515;+0200;1655;+0200;0;AF_5903
LYS;0855;+0200;1040;+0200;0;AF_5901
LYS;1715;+0200;2015;+0200;0;LH_2251-LH_1696
LYS;0900;+0200;1220;+0200;0;LH_2247-LH_1690
LYS;1255;+0200;1620;+0200;0;LH_2249-LH_1692
LYS;1040;+0200;1415;+0200;0;LX_531-LX_1486
LYS;1045;+0200;1425;+0200;0;AF_7641-AF_1982
LYS;1850;+0200;2230;+0200;0;SN_3592-SN_2815
LYS;1850;+0200;2235;+0200;0;SN_3592-SN_2815
LYS;1455;+0200;1845;+0200;0;LH_1077-LH_1400
LYS;1455;+0200;1845;+0200;0;BD_3083-BD_2994
LYS;1455;+0200;1845;+0200;0;NH_6130-NH_6199
LYS;1640;+0200;2030;+0200;0;SN_3590-SN_2813
LYS;1640;+0200;2030;+0200;0;BD_5360-BD_5483
LYS;0655;+0200;1050;+0200;0;KL_2024-KL_3121
LYS;1450;+0200;1845;+0200;0;LX_533-LX_1498
LYS;1045;+0200;1445;+0200;0;AF_7641-AF_1982
LYS;1005;+0200;1410;+0200;0;OS_404-OS_707
LYS;0830;+0200;1255;+0200;0;AF_7840-AF_4346
LYS;1700;+0200;2130;+0200;0;AF_7645-AF_2386
LYS;1845;+0200;2315;+0200;0;LH_1079-LH_1402
LYS;1845;+0200;2315;+0200;0;BD_3087-BD_2996
LYS;1700;+0200;2140;+0200;0;AF_7645-AF_1082
LYS;0925;+0200;1425;+0200;0;AF_7653-AF_1982
LYS;0730;+0200;1240;+0200;0;AF_7651-AF_1782
LYS;0925;+0200;1445;+0200;0;AF_7653-AF_1982
LYS;0640;+0200;1220;+0200;0;LH_2255-LH_1690
LYS;0600;+0200;1145;+0200;0;BD_3085-BD_3000
LYS;0600;+0200;1145;+0200;0;LH_1083-LH_1394
LYS;1055;+0200;1640;+0200;0;SN_3588-SN_2811
LYS;1055;+0200;1640;+0200;0;BD_5368-BD_5481
LYS;1640;+0200;2230;+0200;0;SN_3590-SN_2815
LYS;1640;+0200;2235;+0200;0;SN_3590-SN_2815
LYS;0815;+0200;1415;+0200;0;BA_365-BA_860
LYS;0815;+0200;1415;+0200;0;AA_6717-AA_6481
LYS;1200;+0200;1800;+0200;0;KL_2030-KL_3125
LYS;1350;+0200;1950;+0200;0;AF_7643-AF_2482
LYS;0650;+0200;1255;+0200;0;AF_7846-AF_4346
LYS;0630;+0200;1240;+0200;0;AF_7401-AF_1782
LYS;0935;+0200;1545;+0200;0;LH_3265-LH_3052
LYS;0655;+0200;1315;+0200;0;KL_2024-KL_1355
LYS;1055;+0200;1725;+0200;0;SN_3588-SN_2811
LYS;0910;+0200;1545;+0200;0;LH_3265-LH_3052
LYS;1215;+0200;1850;+0200;0;BA_361-BA_856
LYS;1215;+0200;1850;+0200;0;AA_6715-AA_6635
LYS;1200;+0200;1840;+0200;0;KL_2030-KL_1357
MAN;1800;+0100;2230;+0200;0;SN_2178-SN_2815
MAN;0710;+0100;1145;+0200;0;BD_3369-BD_3000
MAN;0710;+0100;1145;+0200;0;LH_949-LH_1394
MAN;1325;+0100;1800;+0200;0;KL_1084-KL_3125
MAN;1800;+0100;2235;+0200;0;SN_2178-SN_2815
MAN;0600;+0100;1050;+0200;0;KL_1072-KL_3121
MAN;1600;+0100;2050;+0200;0;KL_1088-KL_3123
MAN;1825;+0100;2315;+0200;0;LH_947-LH_1402
MAN;1825;+0100;2315;+0200;0;BD_3357-BD_2996
MAN;0930;+0100;1425;+0200;0;AF_1669-AF_1982
MAN;1345;+0100;1845;+0200;0;LX_395-LX_1498
MAN;1600;+0100;2100;+0200;0;KL_1088-KL_3123
MAN;0940;+0100;1445;+0200;0;AF_1669-AF_1982
MAN;0930;+0100;1445;+0200;0;AF_1669-AF_1982
MAN;1325;+0100;1840;+0200;0;KL_1084-KL_1357
MAN;0655;+0100;1215;+0200;0;UA_8753-UA_9111
MAN;1100;+0100;1620;+0200;0;LH_2501-LH_1692
MAN;0655;+0100;1220;+0200;0;LH_2505-LH_1690
MAN;0655;+0100;1220;+0200;0;UA_8753-UA_9111
MAN;1325;+0100;1850;+0200;0;BA_1395-BA_856
MAN;1315;+0100;1845;+0200;0;BD_3353-BD_2994
MAN;1315;+0100;1845;+0200;0;LH_943-LH_1400
MAN;0840;+0100;1415;+0200;0;LX_391-LX_1486
MAN;0710;+0100;1255;+0200;0;UA_9043-UA_8733
MAN;0710;+0100;1255;+0200;0;LH_949-LH_1396
MAN;0700;+0100;1255;+0200;0;UA_9043-UA_8733
MAN;0710;+0100;1310;+0200;0;BD_3369-BD_2990
MAN;0710;+0100;1310;+0200;0;UA_9043-UA_8733
MAN;0815;+0100;1415;+0200;0;BA_1387-BA_860
MAN;1040;+0100;1640;+0200;0;SN_2174-SN_2811
MAN;1040;+0100;1640;+0200;0;BD_5374-BD_5481
MAN;1035;+0100;1640;+0200;0;BD_5374-BD_5481
MAN;1035;+0100;1640;+0200;0;SN_2174-SN_2811
MAN;0700;+0100;1310;+0200;0;UA_9043-UA_8733
MAN;1505;+0100;2130;+0200;0;AF_2269-AF_2386
MAN;1255;+0100;1925;+0200;0;LH_3433-LH_3054
MAN;1355;+0100;2030;+0200;0;SN_2176-SN_2813
MAN;1355;+0100;2030;+0200;0;BD_5376-BD_5483
MAN;1505;+0100;2140;+0200;0;AF_2269-AF_1082
MAN;1040;+0100;1725;+0200;0;SN_2174-SN_2811
MAN;1530;+0100;2215;+0200;0;BA_1399-BA_858
MAN;1035;+0100;1725;+0200;0;SN_2174-SN_2811
MAN;1110;+0100;1800;+0200;0;KL_1082-KL_3125
MAN;0715;+0100;1415;+0200;0;BA_1385-BA_860
MAN;0600;+0100;1315;+0200;0;KL_1072-KL_1355
MAN;0655;+0100;1415;+0200;0;BA_2901-BA_860
MAN;1325;+0100;2050;+0200;0;KL_1084-KL_3123
MAN;1110;+0100;1840;+0200;0;KL_1082-KL_1357
MAN;1325;+0100;2100;+0200;0;KL_1084-KL_3123
MAN;1105;+0100;1850;+0200;0;BA_1391-BA_856
MAN;0750;+0100;1545;+0200;0;LH_3429-LH_3052
MAN;1025;+0100;1845;+0200;0;AY_934-AY_717
BRU;0910;+0200;1035;+0200;0;OK_631
BRU;2110;+0200;2235;+0200;0;SN_2815
BRU;0640;+0200;0810;+0200;0;SN_2807
BRU;0700;+0200;0830;+0200;0;OK_635
BRU;1510;+0200;1640;+0200;0;UA_9939
BRU;1510;+0200;1640;+0200;0;SN_2811
BRU;1555;+0200;1725;+0200;0;UA_9939
BRU;1555;+0200;1725;+0200;0;SN_2811
BRU;1900;+0200;2030;+0200;0;SN_2813
BRU;1910;+0200;2040;+0200;0;OK_633
BRU;2100;+0200;2230;+0200;0;SN_2815
BRU;1440;+0200;1725;+0200;0;LH_1013-LH_1398
BRU;1715;+0200;2015;+0200;0;LH_2291-LH_1696
BRU;0840;+0200;1145;+0200;0;LH_1005-LH_1394
BRU;0830;+0200;1145;+0200;0;LH_1005-LH_1394
BRU;1100;+0200;1415;+0200;0;LX_779-LX_1486
BRU;1440;+0200;1800;+0200;0;KL_1726-KL_3125
BRU;0845;+0200;1220;+0200;0;LH_2283-LH_1690
BRU;0920;+0200;1255;+0200;0;LH_1007-LH_1396
BRU;1245;+0200;1620;+0200;0;LH_2287-LH_1692
BRU;1320;+0200;1655;+0200;0;AF_5403-AF_5903
BRU;0705;+0200;1045;+0200;0;OS_8172-OS_705
BRU;0825;+0200;1205;+0200;0;LX_761-LX_1460
BRU;1445;+0200;1825;+0200;0;SN_7005-SN_7023
BRU;0925;+0200;1310;+0200;0;SN_7001-SN_7121
BRU;1500;+0200;1845;+0200;0;LX_781-LX_1498
BRU;1920;+0200;2310;+0200;0;SN_7011-SN_7091
BRU;0955;+0200;1350;+0200;0;LO_236-LO_527
BRU;1920;+0200;2315;+0200;0;LH_1019-LH_1402
BRU;1010;+0200;1410;+0200;0;OS_352-OS_707
BRU;1325;+0200;1725;+0200;0;LH_1011-LH_1398
BRU;1440;+0200;1840;+0200;0;KL_1726-KL_1357
BRU;1021;+0200;1425;+0200;0;AF_7184-AF_1982
BRU;0635;+0200;1040;+0200;0;AF_5401-AF_5901
BRU;1440;+0200;1845;+0200;0;LH_1013-LH_1400
BRU;0645;+0200;1055;+0200;0;BA_389-BA_854
BRU;0840;+0200;1255;+0200;0;LH_1005-LH_1396
BRU;1510;+0200;1925;+0200;0;LO_5236-LO_525
BRU;0955;+0200;1415;+0200;0;BA_391-BA_860
BRU;0955;+0200;1415;+0200;0;AA_6424-AA_6481
BRU;1505;+0200;1925;+0200;0;LO_5236-LO_525
BRU;1021;+0200;1445;+0200;0;AF_7184-AF_1982
BRU;0625;+0200;1050;+0200;0;KL_1720-KL_3121
BRU;0830;+0200;1255;+0200;0;LH_1005-LH_1396
BRU;0950;+0200;1415;+0200;0;LX_787-LX_1486
BRU;0650;+0200;1120;+0200;0;SN_7015-SN_7185
BRU;0840;+0200;1310;+0200;0;SN_7017-SN_7121
BRU;1600;+0200;2035;+0200;0;OS_8174-OS_711
BRU;1830;+0200;2310;+0200;0;SN_7009-SN_7091
BRU;1830;+0200;2315;+0200;0;LH_1017-LH_1402
BRU;0655;+0200;1145;+0200;0;LH_1025-LH_1394
BRU;0820;+0200;1315;+0200;0;KL_1722-KL_1355
BRU;1720;+0200;2215;+0200;0;JL_7704-JL_7723
BRU;1720;+0200;2215;+0200;0;BA_397-BA_858
BRU;0640;+0200;1150;+0200;0;LX_4151-LX_1472
BRU;0955;+0200;1505;+0200;0;AA_6424-AA_6481
BRU;1618;+0200;2130;+0200;0;AF_7186-AF_2386
BRU;1105;+0200;1620;+0200;0;LH_2285-LH_1692
BRU;1500;+0200;2015;+0200;0;LH_2289-LH_1696
BRU;1325;+0200;1845;+0200;0;LH_1011-LH_1400
BRU;1618;+0200;2140;+0200;0;AF_7186-AF_1082
BRU;0710;+0200;1240;+0200;0;AF_7182-AF_1782
BRU;0645;+0200;1220;+0200;0;LH_2297-LH_1690
BRU;1740;+0200;2315;+0200;0;LH_1015-LH_1402
HAM;0855;+0200;1005;+0200;0;OK_543
HAM;1915;+0200;2025;+0200;0;OK_545
HAM;1730;+0200;2015;+0200;0;LH_2075-LH_1696
HAM;1330;+0200;1620;+0200;0;LH_2069-LH_1692
HAM;1735;+0200;2035;+0200;0;OS_7256-OS_711
HAM;0605;+0200;0910;+0200;0;LH_1-LH_1392
HAM;0840;+0200;1145;+0200;0;LH_7-LH_1394
HAM;0915;+0200;1220;+0200;0;LH_2061-LH_1690
HAM;0845;+0200;1205;+0200;0;LX_1033-LX_1460
HAM;1440;+0200;1800;+0200;0;KL_1782-KL_3125
HAM;1400;+0200;1725;+0200;0;LH_17-LH_1398
HAM;1520;+0200;1845;+0200;0;LH_19-LH_1400
HAM;0925;+0200;1255;+0200;0;LH_9-LH_1396
HAM;1215;+0200;1545;+0200;0;LH_2711-LH_3052
HAM;0805;+0200;1145;+0200;0;LH_5-LH_1394
HAM;0700;+0200;1045;+0200;0;OS_7252-OS_705
HAM;0835;+0200;1220;+0200;0;LH_2059-LH_1690
HAM;1235;+0200;1620;+0200;0;LH_2067-LH_1692
HAM;1630;+0200;2015;+0200;0;LH_2073-LH_1696
HAM;1930;+0200;2315;+0200;0;LH_27-LH_1402
HAM;1745;+0200;2140;+0200;0;AF_2311-AF_1082
HAM;1440;+0200;1840;+0200;0;KL_1782-KL_1357
HAM;1445;+0200;1845;+0200;0;LX_1057-LX_1498
HAM;1520;+0200;1925;+0200;0;LH_2713-LH_3054
HAM;0735;+0200;1145;+0200;0;LH_3-LH_1394
HAM;1000;+0200;1410;+0200;0;OS_176-OS_707
HAM;0840;+0200;1255;+0200;0;LH_7-LH_1396
HAM;0955;+0200;1410;+0200;0;OS_176-OS_707
HAM;1010;+0200;1425;+0200;0;AF_1411-AF_1982
HAM;1615;+0200;2030;+0200;0;BD_5396-BD_5483
HAM;1615;+0200;2030;+0200;0;SN_2626-SN_2813
HAM;1815;+0200;2230;+0200;0;SN_2628-SN_2815
HAM;1815;+0200;2235;+0200;0;SN_2628-SN_2815
HAM;0850;+0200;1315;+0200;0;KL_1778-KL_1355
HAM;1120;+0200;1545;+0200;0;LH_2709-LH_3052
HAM;1850;+0200;2315;+0200;0;LH_25-LH_1402
HAM;0945;+0200;1415;+0200;0;LX_1051-LX_1486
HAM;1225;+0200;1655;+0200;0;AF_5972-AF_5903
HAM;1800;+0200;2230;+0200;0;SN_2628-SN_2815
HAM;1010;+0200;1445;+0200;0;AF_1411-AF_1982
HAM;1800;+0200;2235;+0200;0;SN_2628-SN_2815
HAM;0610;+0200;1050;+0200;0;KL_1776-KL_3121
HAM;1320;+0200;1800;+0200;0;OS_7254-OS_709
HAM;1400;+0200;1845;+0200;0;LH_17-LH_1400
HAM;0730;+0200;1220;+0200;0;LH_2083-LH_1690
HAM;0805;+0200;1255;+0200;0;LH_5-LH_1396
HAM;0655;+0200;1150;+0200;0;LX_3707-LX_1472
HAM;0645;+0200;1145;+0200;0;LH_31-LH_1394
HAM;1225;+0200;1725;+0200;0;LH_15-LH_1398
HAM;0735;+0200;1240;+0200;0;AF_2511-AF_1782
HAM;1135;+0200;1640;+0200;0;SN_2624-SN_2811
HAM;1810;+0200;2315;+0200;0;LH_23-LH_1402
HAM;1110;+0200;1620;+0200;0;LH_2065-LH_1692
HAM;0835;+0200;1350;+0200;0;LO_400-LO_527
HAM;1500;+0200;2015;+0200;0;LH_2071-LH_1696
HAM;1515;+0200;2030;+0200;0;SN_2626-SN_2813
AMS;0925;+0200;1050;+0200;0;KL_3121
AMS;0925;+0200;1050;+0200;0;OK_617
AMS;1925;+0200;2050;+0200;0;OK_619
AMS;1925;+0200;2050;+0200;0;KL_3123
AMS;1935;+0200;2100;+0200;0;KL_3123
AMS;0700;+0200;0830;+0200;0;OK_4627
AMS;0700;+0200;0830;+0200;0;KL_1351
AMS;1145;+0200;1315;+0200;0;OK_4629
AMS;1200;+0200;1330;+0200;0;OK_4629
AMS;1630;+0200;1800;+0200;0;OK_623
AMS;1630;+0200;1800;+0200;0;KL_3125
AMS;1710;+0200;1840;+0200;0;OK_4625
AMS;1710;+0200;1840;+0200;0;KL_1357
AMS;1140;+0200;1315;+0200;0;KL_1355
AMS;1140;+0200;1315;+0200;0;OK_4629
AMS;1720;+0200;2015;+0200;0;LH_2307-LH_1696
AMS;1320;+0200;1620;+0200;0;LH_2305-LH_1692
AMS;0945;+0200;1255;+0200;0;UA_9195-UA_8733
AMS;0945;+0200;1255;+0200;0;LH_987-LH_1396
AMS;2005;+0200;2315;+0200;0;LH_999-LH_1402
AMS;0940;+0200;1255;+0200;0;UA_9195-UA_8733
AMS;0945;+0200;1310;+0200;0;UA_9195-UA_8733
AMS;0850;+0200;1220;+0200;0;LH_2301-LH_1690
AMS;0940;+0200;1310;+0200;0;UA_9195-UA_8733
AMS;1045;+0200;1425;+0200;0;AF_1341-AF_1982
AMS;1800;+0200;2140;+0200;0;AF_8241-AF_1082
AMS;0700;+0200;1045;+0200;0;OS_378-OS_705
AMS;1455;+0200;1845;+0200;0;LH_993-LH_1400
AMS;1455;+0200;1845;+0200;0;LX_729-LX_1498
AMS;1010;+0200;1410;+0200;0;OS_372-OS_707
AMS;1045;+0200;1445;+0200;0;AF_1341-AF_1982
AMS;1320;+0200;1725;+0200;0;LH_991-LH_1398
AMS;0705;+0200;1120;+0200;0;UA_9156-UA_9582
AMS;0650;+0200;1120;+0200;0;UA_9156-UA_9582
AMS;0945;+0200;1415;+0200;0;LX_725-LX_1486
AMS;1520;+0200;1950;+0200;0;AF_1741-AF_2482
AMS;1655;+0200;2130;+0200;0;AF_8239-AF_2386
AMS;0705;+0200;1145;+0200;0;LH_1003-LH_1394
AMS;0800;+0200;1240;+0200;0;AF_8229-AF_1782
AMS;1655;+0200;2140;+0200;0;AF_8239-AF_1082
AMS;1830;+0200;2315;+0200;0;LH_997-LH_1402
AMS;0930;+0200;1425;+0200;0;AF_1241-AF_1982
AMS;0930;+0200;1445;+0200;0;AF_1241-AF_1982
AMS;1105;+0200;1620;+0200;0;LH_2303-LH_1692
AMS;0700;+0200;1220;+0200;0;LH_2313-LH_1690
AMS;0715;+0200;1240;+0200;0;AF_8227-AF_1782
AMS;1320;+0200;1845;+0200;0;LH_991-LH_1400
TLS;1050;+0200;1255;+0200;0;AF_4346
TLS;1345;+0200;1655;+0200;0;AF_7849-AF_5903
TLS;0700;+0200;1040;+0200;0;AF_7841-AF_5901
TLS;1050;+0200;1445;+0200;0;AF_7795-AF_1982
TLS;1450;+0200;1845;+0200;0;LH_1097-LH_1400
TLS;1450;+0200;1845;+0200;0;NH_6132-NH_6199
TLS;1450;+0200;1845;+0200;0;BD_2937-BD_2994
TLS;1210;+0200;1620;+0200;0;LH_2215-LH_1692
TLS;1840;+0200;2315;+0200;0;LH_1099-LH_1402
TLS;0705;+0200;1145;+0200;0;LH_1101-LH_1394
TLS;1535;+0200;2015;+0200;0;LH_2217-LH_1696
TLS;0605;+0200;1050;+0200;0;KL_1300-KL_3121
TLS;1155;+0200;1640;+0200;0;BD_5428-BD_5481
TLS;1155;+0200;1640;+0200;0;SN_3668-SN_2811
TLS;1720;+0200;2230;+0200;0;SN_3670-SN_2815
TLS;1615;+0200;2130;+0200;0;AF_7787-AF_2386
TLS;1720;+0200;2235;+0200;0;SN_3670-SN_2815
TLS;0715;+0200;1240;+0200;0;AF_7793-AF_1782
TLS;1615;+0200;2140;+0200;0;AF_7787-AF_1082
TLS;0710;+0200;1240;+0200;0;AF_7793-AF_1782
TLS;1155;+0200;1725;+0200;0;SN_3668-SN_2811
TLS;1230;+0200;1800;+0200;0;KL_1304-KL_3125
TLS;0835;+0200;1415;+0200;0;BA_377-BA_860
TLS;0830;+0200;1415;+0200;0;AA_6274-AA_6481
TLS;0705;+0200;1255;+0200;0;LH_1101-LH_1396
TLS;0625;+0200;1220;+0200;0;LH_2223-LH_1690
TLS;0645;+0200;1240;+0200;0;AF_6103-AF_1782
TLS;1140;+0200;1735;+0200;0;IB_8767-IB_7884
TLS;1545;+0200;2140;+0200;0;AF_6129-AF_1082
TLS;0845;+0200;1445;+0200;0;AF_6111-AF_1982
TLS;1005;+0200;1610;+0200;0;IB_5676-IB_7886
TLS;1345;+0200;1950;+0200;0;AF_6123-AF_2482
TLS;0815;+0200;1425;+0200;0;AF_6153-AF_1982
TLS;1230;+0200;1840;+0200;0;KL_1304-KL_1357
TLS;1515;+0200;2130;+0200;0;AF_6167-AF_2386
TLS;0615;+0200;1240;+0200;0;AF_6101-AF_1782
TLS;1515;+0200;2140;+0200;0;AF_6167-AF_1082
TLS;0815;+0200;1445;+0200;0;AF_6153-AF_1982
TLS;0830;+0200;1505;+0200;0;AA_6274-AA_6481
TLS;0600;+0200;1240;+0200;0;AF_6155-AF_1782
TLS;0745;+0200;1425;+0200;0;AF_6107-AF_1982
TLS;1155;+0200;1850;+0200;0;AA_6270-AA_6635
TLS;1155;+0200;1850;+0200;0;BA_373-BA_856
TLS;1255;+0200;1950;+0200;0;AF_7785-AF_2482
TLS;0745;+0200;1445;+0200;0;AF_6107-AF_1982
TLS;1245;+0200;1950;+0200;0;AF_6121-AF_2482
TLS;0605;+0200;1315;+0200;0;KL_1300-KL_1355
TLS;0715;+0200;1425;+0200;0;AF_6105-AF_1982
TLS;0715;+0200;1425;+0200;0;AF_7793-AF_1982
TLS;1015;+0200;1725;+0200;0;BD_2935-BD_2992
TLS;1015;+0200;1725;+0200;0;LH_1095-LH_1398
TLS;0710;+0200;1425;+0200;0;AF_7793-AF_1982
TLS;0715;+0200;1445;+0200;0;AF_6105-AF_1982
TLS;0715;+0200;1445;+0200;0;AF_7793-AF_1982
TLS;0710;+0200;1445;+0200;0;AF_7793-AF_1982
TLS;1000;+0200;1735;+0200;0;IB_8775-IB_7884
TLS;0645;+0200;1425;+0200;0;AF_6103-AF_1982
TLS;1345;+0200;2130;+0200;0;AF_6123-AF_2386
TLS;0835;+0200;1425;+0200;0;AF_7847-AF_7641-AF_1982
TLS;1050;+0200;1655;+0200;0;AF_7795-AF_7644-AF_5903
TLS;0835;+0200;1445;+0200;0;AF_7847-AF_7641-AF_1982
TLS;1045;+0200;1655;+0200;0;AF_6117-AF_7414-AF_5903
TLS;0625;+0200;1255;+0200;0;LH_2223-LH_107-LH_1396
TLS;0625;+0200;1255;+0200;0;LH_2223-LH_105-LH_1396
TLS;1155;+0200;1825;+0200;0;SN_3668-SN_7005-SN_7023
TLS;0635;+0200;1310;+0200;0;SN_3676-SN_7001-SN_7121
TLS;1210;+0200;1845;+0200;0;LH_2215-LH_115-LH_1400
TLS;1015;+0200;1655;+0200;0;AF_6113-AF_7414-AF_5903
TLS;0620;+0200;1310;+0200;0;SN_3676-SN_7001-SN_7121
TLS;0740;+0200;1445;+0200;0;AF_7879-AF_7701-AF_1982
TLS;0945;+0200;1655;+0200;0;AF_6109-AF_7414-AF_5903
TLS;0730;+0200;1445;+0200;0;AF_7657-AF_7663-AF_1982
TLS;0700;+0200;1425;+0200;0;AF_7841-AF_7641-AF_1982
TLS;0700;+0200;1425;+0200;0;AF_7841-AF_7653-AF_1982
TLS;0705;+0200;1445;+0200;0;AF_5590-AF_7663-AF_1982
TLS;0915;+0200;1655;+0200;0;AF_6115-AF_7414-AF_5903
TLS;1535;+0200;2315;+0200;0;LH_2217-LH_123-LH_1402
TLS;1535;+0200;2315;+0200;0;LH_2217-LH_119-LH_1402
TLS;1535;+0200;2315;+0200;0;LH_2217-LH_121-LH_1402
TLS;0700;+0200;1445;+0200;0;AF_7841-AF_7653-AF_1982
TLS;0700;+0200;1445;+0200;0;AF_7841-AF_7641-AF_1982
TLS;1345;+0200;2130;+0200;0;AF_7849-AF_7645-AF_2386
GVA;1935;+0200;2105;+0200;0;CQ_321
GVA;1010;+0200;1150;+0200;0;LX_1472
GVA;1105;+0200;1415;+0200;0;LX_2809-LX_1486
GVA;2005;+0200;2315;+0200;0;BD_3101-BD_2996
GVA;2005;+0200;2315;+0200;0;LH_1225-LH_1402
GVA;1700;+0200;2015;+0200;0;LH_2385-LH_1696
GVA;2000;+0200;2315;+0200;0;BD_3117-BD_2996
GVA;0900;+0200;1220;+0200;0;LH_2381-LH_1690
GVA;0720;+0200;1045;+0200;0;OS_578-OS_705
GVA;1255;+0200;1620;+0200;0;LH_2383-LH_1692
GVA;1215;+0200;1545;+0200;0;LH_3159-LH_3052
GVA;0600;+0200;0935;+0200;0;LX_2801-LX_1484
GVA;1510;+0200;1845;+0200;0;LH_1219-LH_1400
GVA;1510;+0200;1845;+0200;0;BD_3107-BD_2994
GVA;1550;+0200;1925;+0200;0;LH_3163-LH_3054
GVA;1855;+0200;2230;+0200;0;SN_2726-SN_2815
GVA;0900;+0200;1240;+0200;0;AF_1543-AF_1782
GVA;0915;+0200;1255;+0200;0;LH_1213-LH_1396
GVA;1505;+0200;1845;+0200;0;LX_2813-LX_1498
GVA;1855;+0200;2235;+0200;0;SN_2726-SN_2815
GVA;1255;+0200;1640;+0200;0;SN_2716-SN_2811
GVA;1255;+0200;1640;+0200;0;BD_5276-BD_5481
GVA;1340;+0200;1725;+0200;0;LH_1217-LH_1398
GVA;1340;+0200;1725;+0200;0;BD_3115-BD_2992
GVA;1705;+0200;2050;+0200;0;KL_1932-KL_3123
GVA;1410;+0200;1800;+0200;0;KL_1930-KL_3125
GVA;0915;+0200;1310;+0200;0;BD_3099-BD_2990
GVA;1030;+0200;1425;+0200;0;AF_1643-AF_1982
GVA;1705;+0200;2100;+0200;0;KL_1932-KL_3123
GVA;0910;+0200;1315;+0200;0;KL_1926-KL_1355
GVA;1005;+0200;1410;+0200;0;OS_572-OS_707
GVA;1010;+0200;1415;+0200;0;LX_2807-LX_1486
GVA;1030;+0200;1445;+0200;0;AF_1643-AF_1982
GVA;1525;+0200;1950;+0200;0;AF_2143-AF_2482
GVA;1255;+0200;1725;+0200;0;SN_2716-SN_2811
GVA;1410;+0200;1840;+0200;0;KL_1930-KL_1357
GVA;1700;+0200;2130;+0200;0;AF_2343-AF_2386
GVA;0705;+0200;1145;+0200;0;LH_1229-LH_1394
GVA;0705;+0200;1145;+0200;0;BD_3105-BD_3000
GVA;1700;+0200;2140;+0200;0;AF_2343-AF_1082
GVA;1835;+0200;2315;+0200;0;LH_1223-LH_1402
GVA;1835;+0200;2315;+0200;0;BD_3119-BD_2996
GVA;1400;+0200;1845;+0200;0;LX_2811-LX_1498
GVA;1725;+0200;2215;+0200;0;BA_733-BA_858
GVA;1350;+0200;1850;+0200;0;AA_6339-AA_6635
GVA;1350;+0200;1850;+0200;0;BA_729-BA_856
GVA;1340;+0200;1845;+0200;0;BD_3115-BD_2994
GVA;1340;+0200;1845;+0200;0;LH_1217-LH_1400
GVA;0730;+0200;1240;+0200;0;AF_1243-AF_1782
GVA;1720;+0200;2230;+0200;0;SN_2720-SN_2815
GVA;1720;+0200;2235;+0200;0;SN_2720-SN_2815
GVA;0900;+0200;1425;+0200;0;AF_1543-AF_1982
GVA;1750;+0200;2315;+0200;0;BD_3103-BD_2996
GVA;1750;+0200;2315;+0200;0;LH_1221-LH_1402
BER;0905;+0200;1005;+0200;0;OK_517
BER;1940;+0200;2040;+0200;0;OK_519
BER;1510;+0200;1800;+0200;0;OS_292-OS_709
BER;0610;+0200;0910;+0200;0;LH_171-LH_1392
BER;0605;+0200;0910;+0200;0;LH_171-LH_1392
BER;0840;+0200;1145;+0200;0;LH_177-LH_1394
BER;0915;+0200;1220;+0200;0;LH_2031-LH_1690
BER;1705;+0200;2015;+0200;0;LH_2043-LH_1696
BER;0935;+0200;1255;+0200;0;LH_179-LH_1396
BER;0720;+0200;1045;+0200;0;OS_274-OS_705
BER;1255;+0200;1620;+0200;0;LH_2037-LH_1692
BER;1725;+0200;2050;+0200;0;KL_1830-KL_3123
BER;1950;+0200;2315;+0200;0;LH_199-LH_1402
BER;1045;+0200;1415;+0200;0;LX_977-LX_1486
BER;1700;+0200;2030;+0200;0;BD_5326-BD_5483
BER;1700;+0200;2030;+0200;0;SN_2586-SN_2813
BER;1900;+0200;2230;+0200;0;SN_2588-SN_2815
BER;1350;+0200;1725;+0200;0;SN_2584-SN_2811
BER;1725;+0200;2100;+0200;0;KL_1830-KL_3123
BER;1855;+0200;2230;+0200;0;SN_2588-SN_2815
BER;1900;+0200;2235;+0200;0;SN_2588-SN_2815
BER;1420;+0200;1800;+0200;0;KL_1826-KL_3125
BER;1855;+0200;2235;+0200;0;SN_2588-SN_2815
BER;0835;+0200;1220;+0200;0;LH_2029-LH_1690
BER;1340;+0200;1725;+0200;0;LH_187-LH_1398
BER;0755;+0200;1145;+0200;0;LH_175-LH_1394
BER;1020;+0200;1410;+0200;0;OS_272-OS_707
BER;1450;+0200;1845;+0200;0;LX_967-LX_1498
BER;1620;+0200;2015;+0200;0;LH_2041-LH_1696
BER;1445;+0200;1845;+0200;0;LH_189-LH_1400
BER;1135;+0200;1545;+0200;0;LH_2735-LH_3052
BER;0840;+0200;1255;+0200;0;LH_177-LH_1396
BER;1510;+0200;1925;+0200;0;LH_2739-LH_3054
BER;1900;+0200;2315;+0200;0;LH_197-LH_1402
BER;1420;+0200;1840;+0200;0;KL_1826-KL_1357
BER;0955;+0200;1425;+0200;0;AF_1435-AF_1982
BER;0735;+0200;1220;+0200;0;LH_2057-LH_1690
BER;0905;+0200;1350;+0200;0;LO_388-LO_527
BER;0930;+0200;1415;+0200;0;LX_975-LX_1486
BER;0600;+0200;1050;+0200;0;KL_1818-KL_3121
BER;0655;+0200;1145;+0200;0;LH_173-LH_1394
BER;0955;+0200;1445;+0200;0;AF_1435-AF_1982
BER;1145;+0200;1640;+0200;0;SN_2582-SN_2811
BER;1145;+0200;1640;+0200;0;BD_5322-BD_5481
BER;1820;+0200;2315;+0200;0;LH_195-LH_1402
BER;0755;+0200;1255;+0200;0;LH_175-LH_1396
MUC;1125;+0200;1220;+0200;0;LH_1690
MUC;1525;+0200;1620;+0200;0;LH_1692
MUC;1920;+0200;2015;+0200;0;LH_1696
MUC;1920;+0200;2015;+0200;0;NH_6069
MUC;0740;+0200;0840;+0200;0;LH_1688
MUC;1525;+0200;1800;+0200;0;OS_7236-OS_709
MUC;1000;+0200;1255;+0200;0;LH_107-LH_1396
MUC;1115;+0200;1410;+0200;0;OS_7234-OS_707
MUC;0610;+0200;0910;+0200;0;LH_99-LH_1392
MUC;1545;+0200;1845;+0200;0;LX_3623-LX_1498
MUC;0605;+0200;0910;+0200;0;LH_99-LH_1392
MUC;2010;+0200;2315;+0200;0;LH_123-LH_1402
MUC;2000;+0200;2315;+0200;0;LH_123-LH_1402
MUC;0825;+0200;1145;+0200;0;LH_103-LH_1394
MUC;0710;+0200;1045;+0200;0;OS_7232-OS_705
MUC;1350;+0200;1725;+0200;0;LH_113-LH_1398
MUC;1510;+0200;1845;+0200;0;LH_115-LH_1400
MUC;0915;+0200;1255;+0200;0;LH_105-LH_1396
MUC;0705;+0200;1050;+0200;0;KL_1790-KL_3121
MUC;1540;+0200;1925;+0200;0;LH_2014-LH_3054
MUC;1410;+0200;1800;+0200;0;KL_1796-KL_3125
MUC;1035;+0200;1445;+0200;0;AF_1523-AF_1982
MUC;0750;+0200;1205;+0200;0;LX_3923-LX_1460
MUC;1310;+0200;1725;+0200;0;SN_7056-SN_2811
VCE;1710;+0200;2015;+0200;0;LH_1911-LH_1696
VCE;1100;+0200;1410;+0200;0;OS_522-OS_707
VCE;1415;+0200;1725;+0200;0;LH_327-LH_1398
VCE;1415;+0200;1725;+0200;0;BD_3407-BD_2992
VCE;1255;+0200;1620;+0200;0;LH_1909-LH_1692
VCE;0705;+0200;1045;+0200;0;OS_528-OS_705
VCE;0840;+0200;1220;+0200;0;LH_1907-LH_1690
VCE;0635;+0200;1040;+0200;0;AF_5561-AF_5901
VCE;0645;+0200;1050;+0200;0;KL_1650-KL_3121
VCE;1250;+0200;1655;+0200;0;AF_5563-AF_5903
VCE;1440;+0200;1845;+0200;0;LX_1663-LX_1498
VCE;1005;+0200;1425;+0200;0;AF_1127-AF_1982
VCE;1000;+0200;1425;+0200;0;AF_1127-AF_1982
VCE;1415;+0200;1845;+0200;0;NH_6200-NH_6199
VCE;1415;+0200;1845;+0200;0;LH_327-LH_1400
VCE;1415;+0200;1845;+0200;0;BD_3407-BD_2994
VCE;0940;+0200;1415;+0200;0;LX_1661-LX_1486
VCE;1005;+0200;1445;+0200;0;AF_1127-AF_1982
VCE;1510;+0200;1950;+0200;0;AF_1727-AF_2482
VCE;1000;+0200;1445;+0200;0;AF_1127-AF_1982
VCE;1830;+0200;2315;+0200;0;BD_3409-BD_2996
VCE;1830;+0200;2315;+0200;0;LH_329-LH_1402
VCE;0650;+0200;1145;+0200;0;BD_3403-BD_3000
VCE;0650;+0200;1145;+0200;0;LH_333-LH_1394
VCE;1430;+0200;1925;+0200;0;LH_3213-LH_3054
VCE;1235;+0200;1800;+0200;0;KL_1654-KL_3125
VCE;0650;+0200;1220;+0200;0;LH_1915-LH_1690
VCE;0710;+0200;1240;+0200;0;AF_2527-AF_1782
VCE;1350;+0200;1925;+0200;0;LH_3213-LH_3054
VCE;0700;+0200;1240;+0200;0;AF_2527-AF_1782
NCE;1715;+0200;2015;+0200;0;NH_6050-NH_6069
NCE;1715;+0200;2015;+0200;0;LH_2275-LH_1696
NCE;1350;+0200;1655;+0200;0;AF_7837-AF_5903
NCE;1350;+0200;1655;+0200;0;AF_7836-AF_5903
NCE;1250;+0200;1620;+0200;0;LH_2273-LH_1692
NCE;1515;+0200;1845;+0200;0;LH_1061-LH_1400
NCE;1515;+0200;1845;+0200;0;NH_6134-NH_6199
NCE;1515;+0200;1845;+0200;0;BD_3241-BD_2994
NCE;1040;+0200;1415;+0200;0;LX_563-LX_1486
NCE;0840;+0200;1220;+0200;0;LH_2271-LH_1690
NCE;0655;+0200;1040;+0200;0;AF_7838-AF_5901
NCE;0650;+0200;1045;+0200;0;OS_424-OS_705
NCE;1445;+0200;1845;+0200;0;LX_569-LX_1498
NCE;1035;+0200;1445;+0200;0;AF_7701-AF_1982
NCE;1510;+0200;1925;+0200;0;LO_342-LO_525
NCE;0950;+0200;1410;+0200;0;OS_420-OS_707
NCE;1220;+0200;1640;+0200;0;SN_3618-SN_2811
NCE;1220;+0200;1640;+0200;0;BD_5442-BD_5481
NCE;1610;+0200;2030;+0200;0;SN_3622-SN_2813
NCE;0625;+0200;1050;+0200;0;KL_1260-KL_3121
NCE;1850;+0200;2315;+0200;0;LH_1065-LH_1402
NCE;1555;+0200;2030;+0200;0;BD_5446-BD_5483
NCE;0755;+0200;1240;+0200;0;AF_7711-AF_1782
NCE;1155;+0200;1640;+0200;0;SN_3618-SN_2811
NCE;1440;+0200;1925;+0200;0;LH_3273-LH_3054
NCE;0650;+0200;1145;+0200;0;BD_3237-BD_3000
NCE;0650;+0200;1145;+0200;0;LH_1069-LH_1394
NCE;1220;+0200;1725;+0200;0;SN_3618-SN_2811
NCE;1615;+0200;2130;+0200;0;AF_7715-AF_2386
NCE;1050;+0200;1610;+0200;0;IB_8777-IB_7886
NCE;1330;+0200;1850;+0200;0;AA_6735-AA_6635
NCE;1330;+0200;1850;+0200;0;BA_347-BA_856
NCE;1615;+0200;2140;+0200;0;AF_7715-AF_1082
NCE;0710;+0200;1240;+0200;0;AF_7711-AF_1782
NCE;1155;+0200;1725;+0200;0;SN_3618-SN_2811
NCE;1230;+0200;1800;+0200;0;KL_1264-KL_3125
NCE;0640;+0200;1220;+0200;0;LH_2279-LH_1690
NCE;0730;+0200;1320;+0200;0;AA_6587-AA_6744
NCE;0650;+0200;1255;+0200;0;LH_1069-LH_1396
NCE;1535;+0200;2140;+0200;0;AF_6235-AF_1082
NCE;1230;+0200;1840;+0200;0;KL_1264-KL_1357
NCE;0625;+0200;1240;+0200;0;AF_7713-AF_1782
NCE;1335;+0200;1950;+0200;0;AF_6223-AF_2482
NCE;0650;+0200;1310;+0200;0;BD_3237-BD_2990
NCE;0805;+0200;1425;+0200;0;AF_6203-AF_1982
NCE;1105;+0200;1725;+0200;0;BD_3239-BD_2992
NCE;1105;+0200;1725;+0200;0;LH_1059-LH_1398
NCE;1330;+0200;1950;+0200;0;AF_7703-AF_2482
NCE;1610;+0200;2230;+0200;0;SN_3622-SN_2815
NCE;1610;+0200;2235;+0200;0;SN_3622-SN_2815
NCE;0755;+0200;1425;+0200;0;AF_7711-AF_1982
NCE;1130;+0200;1800;+0200;0;KL_1262-KL_3125
NCE;1355;+0200;2030;+0200;0;BD_5444-BD_5483
NCE;0600;+0200;1240;+0200;0;AF_7713-AF_1782
NCE;0805;+0200;1445;+0200;0;AF_6203-AF_1982
NCE;1350;+0200;2030;+0200;0;SN_3620-SN_2813
NCE;0730;+0200;1415;+0200;0;AA_6587-AA_6481
NCE;0730;+0200;1415;+0200;0;BA_341-BA_860
NCE;1305;+0200;1950;+0200;0;AF_6225-AF_2482
NCE;1530;+0200;2215;+0200;0;BA_345-BA_858
NCE;0625;+0200;1315;+0200;0;KL_1260-KL_1355
NCE;0755;+0200;1445;+0200;0;AF_7711-AF_1982
NCE;0600;+0200;1255;+0200;0;AF_7878-AF_4346
NCE;1155;+0200;1850;+0200;0;AA_6392-AA_6635
NCE;1435;+0200;2130;+0200;0;AF_6245-AF_2386
NCE;1150;+0200;1850;+0200;0;AA_6392-AA_6635
NCE;1150;+0200;1850;+0200;0;BA_343-BA_856
NCE;1435;+0200;2140;+0200;0;AF_6245-AF_1082
NCE;1130;+0200;1840;+0200;0;KL_1262-KL_1357
NCE;0700;+0200;1415;+0200;0;LX_565-LX_1486
NCE;0710;+0200;1425;+0200;0;AF_7711-AF_1982
NCE;1235;+0200;1950;+0200;0;AF_6213-AF_2482
NCE;0650;+0200;1410;+0200;0;OS_424-OS_707
NCE;0705;+0200;1425;+0200;0;AF_6201-AF_1982
NCE;1250;+0200;2015;+0200;0;LH_2273-LH_1696
NCE;1405;+0200;2130;+0200;0;AF_6217-AF_2386
LIS;1355;+0100;1815;+0200;0;TP_528
LIS;1535;+0100;2130;+0200;0;AF_1625-AF_2386
LIS;0615;+0100;1215;+0200;0;UA_8957-UA_9111
LIS;0655;+0100;1255;+0200;0;LH_1173-LH_1396
LIS;0655;+0100;1255;+0200;0;UA_8862-UA_8733
LIS;0655;+0100;1255;+0200;0;TP_6707-TP_7928
LIS;1415;+0100;2015;+0200;0;TP_6721-TP_7948
LIS;1415;+0100;2015;+0200;0;LH_1791-LH_1696
LIS;0615;+0100;1220;+0200;0;TP_6725-TP_7942
LIS;0615;+0100;1220;+0200;0;UA_8957-UA_9111
LIS;0615;+0100;1220;+0200;0;LH_1793-LH_1690
LIS;0650;+0100;1255;+0200;0;UA_8862-UA_8733
LIS;0820;+0100;1425;+0200;0;AF_2325-AF_1982
LIS;1535;+0100;2140;+0200;0;AF_1625-AF_1082
LIS;0655;+0100;1310;+0200;0;UA_8862-UA_8733
LIS;0655;+0100;1310;+0200;0;BD_3351-BD_2990
LIS;0800;+0100;1415;+0200;0;LX_4581-LX_1486
LIS;0650;+0100;1310;+0200;0;UA_8862-UA_8733
LIS;1205;+0100;1825;+0200;0;UA_8868-UA_9062
LIS;0820;+0100;1445;+0200;0;AF_2325-AF_1982
LIS;1200;+0100;1825;+0200;0;UA_8868-UA_9062
LIS;1650;+0100;2315;+0200;0;TP_6703-TP_7934
LIS;1650;+0100;2315;+0200;0;LH_1169-LH_1402
LIS;1215;+0100;1845;+0200;0;LX_2085-LX_1498
LIS;0600;+0100;1240;+0200;0;AF_2325-AF_1782
LIS;1205;+0100;1845;+0200;0;TP_6701-TP_7932
LIS;1205;+0100;1845;+0200;0;UA_8868-UA_9062
LIS;1205;+0100;1845;+0200;0;LH_1167-LH_1400
LIS;1205;+0100;1845;+0200;0;BD_3349-BD_2994
LIS;1200;+0100;1845;+0200;0;UA_8868-UA_9062
LIS;0815;+0100;1505;+0200;0;AA_6402-AA_6481
LIS;1330;+0100;2035;+0200;0;OS_8154-OS_711
LIS;0905;+0100;1640;+0200;0;SN_3814-SN_2811
LIS;0905;+0100;1640;+0200;0;BD_5564-BD_5481
LIS;1000;+0100;1735;+0200;0;IB_3111-IB_7884
LIS;1455;+0100;2230;+0200;0;SN_6404-SN_2815
LIS;1145;+0100;1925;+0200;0;LH_3333-LH_3054
LIS;1455;+0100;2235;+0200;0;SN_6404-SN_2815
LIS;1245;+0100;2030;+0200;0;SN_6410-SN_2813
LIS;1100;+0100;1850;+0200;0;AA_6575-AA_6635
LIS;1100;+0100;1850;+0200;0;BA_501-BA_856
LIS;1235;+0100;2030;+0200;0;SN_3816-SN_2813
LIS;1235;+0100;2030;+0200;0;BD_5566-BD_5483
LIS;0800;+0100;1620;+0200;0;TP_558-TP_7944
LIS;0800;+0100;1620;+0200;0;LH_6951-LH_1692
LIS;0905;+0100;1725;+0200;0;SN_3814-SN_2811
LIS;0600;+0100;1425;+0200;0;AF_2325-AF_1982
LIS;1115;+0100;1950;+0200;0;AF_1025-AF_2482
LIS;1335;+0100;2215;+0200;0;BA_507-BA_858
LIS;1335;+0100;2215;+0200;0;JL_7732-JL_7723
LIS;0600;+0100;1445;+0200;0;AF_2325-AF_1982
LIS;0755;+0100;1640;+0200;0;SN_6402-SN_2811
LIS;0835;+0100;1725;+0200;0;TP_572-TP_7930
LIS;0835;+0100;1725;+0200;0;LH_6955-LH_1398
LIS;1420;+0100;2315;+0200;0;TP_576-TP_7934
LIS;1420;+0100;2315;+0200;0;LH_6953-LH_1402
LIS;0830;+0100;1735;+0200;0;IB_3107-IB_7884
LIS;0755;+0100;1725;+0200;0;SN_6402-SN_2811
LIS;1245;+0100;2230;+0200;0;SN_6410-SN_2815
LIS;1245;+0100;2235;+0200;0;SN_6410-SN_2815
LIS;1235;+0100;2230;+0200;0;SN_3816-SN_2815
LIS;1235;+0100;2235;+0200;0;SN_3816-SN_2815
LIS;0615;+0100;1620;+0200;0;LH_1793-LH_1692
LIS;0615;+0100;1620;+0200;0;TP_6725-TP_7944
LIS;0655;+0100;1705;+0200;0;UA_8862-UA_9398
LIS;0835;+0100;1845;+0200;0;TP_572-TP_7932
LIS;0835;+0100;1845;+0200;0;LH_6955-LH_1400
LIS;0650;+0100;1705;+0200;0;UA_8862-UA_9398
LIS;0910;+0100;1925;+0200;0;LO_5442-LO_525
LIS;1115;+0100;2130;+0200;0;AF_1025-AF_2386
LIS;1115;+0100;2140;+0200;0;AF_1025-AF_1082
LIS;0655;+0100;1725;+0200;0;BD_3351-BD_2992
LIS;0655;+0100;1725;+0200;0;LH_1173-LH_1398
LIS;0655;+0100;1725;+0200;0;TP_6707-TP_7930
LIS;0815;+0100;1850;+0200;0;BA_499-BA_856
LIS;0815;+0100;1850;+0200;0;AA_6402-AA_6635
LIS;0655;+0100;1735;+0200;0;IB_3119-IB_7884
LIS;0715;+0100;1800;+0200;0;KL_1692-KL_3125
LIS;0800;+0100;1845;+0200;0;LX_4581-LX_1498
NTE;1800;+0200;2130;+0200;0;AF_7731-AF_2386
NTE;1800;+0200;2140;+0200;0;AF_7731-AF_1082
NTE;0650;+0200;1040;+0200;0;AF_5858-AF_5901
NTE;1305;+0200;1655;+0200;0;AF_5862-AF_5903
NTE;0655;+0200;1050;+0200;0;KL_2032-KL_3121
NTE;0720;+0200;1240;+0200;0;AF_7721-AF_1782
NTE;1425;+0200;1950;+0200;0;AF_7727-AF_2482
NTE;0640;+0200;1255;+0200;0;AF_5657-AF_4346
NTE;0655;+0200;1315;+0200;0;KL_2032-KL_1355
NTE;0725;+0200;1425;+0200;0;AF_7381-AF_1982
NTE;0720;+0200;1425;+0200;0;AF_7721-AF_1982
NTE;1425;+0200;2130;+0200;0;AF_7727-AF_2386
NTE;1425;+0200;2140;+0200;0;AF_7727-AF_1082
NTE;0725;+0200;1445;+0200;0;AF_7381-AF_1982
NTE;0720;+0200;1445;+0200;0;AF_7721-AF_1982
NTE;1005;+0200;1800;+0200;0;KL_2048-KL_3125
NTE;0840;+0200;1655;+0200;0;AF_5860-AF_5903
NTE;1125;+0200;1950;+0200;0;AF_7725-AF_2482
NTE;1005;+0200;1840;+0200;0;KL_2048-KL_1357
NTE;1110;+0200;1950;+0200;0;AF_7383-AF_2482
NTE;0735;+0200;1735;+0200;0;IB_8545-IB_7884
NTE;0650;+0200;1655;+0200;0;AF_5858-AF_5903
NTE;1125;+0200;2130;+0200;0;AF_7725-AF_2386
NTE;1125;+0200;2140;+0200;0;AF_7725-AF_1082
NTE;1125;+0200;1655;+0200;0;AF_7725-AF_7644-AF_5903
NTE;1410;+0200;1950;+0200;0;AF_3206-AF_7629-AF_2482
NTE;0840;+0200;1425;+0200;0;AF_5860-AF_7641-AF_1982
NTE;0720;+0200;1315;+0200;0;KL_2309-KL_1228-KL_1355
NTE;0840;+0200;1445;+0200;0;AF_5860-AF_7641-AF_1982
NTE;1425;+0200;2050;+0200;0;KL_2313-KL_2016-KL_3123
NTE;0755;+0200;1425;+0200;0;AF_3202-AF_7625-AF_1982
NTE;1425;+0200;2100;+0200;0;KL_2313-KL_2016-KL_3123
NTE;0755;+0200;1445;+0200;0;AF_3202-AF_6259-AF_1982
NTE;0755;+0200;1445;+0200;0;AF_3202-AF_7625-AF_1982
NTE;0755;+0200;1445;+0200;0;AF_7609-AF_7663-AF_1982
NTE;1255;+0200;1950;+0200;0;AF_7611-AF_7667-AF_2482
NTE;1125;+0200;1840;+0200;0;KL_2311-KL_1234-KL_1357
NTE;1410;+0200;2130;+0200;0;AF_3206-AF_7629-AF_2386
NTE;1410;+0200;2140;+0200;0;AF_3206-AF_7637-AF_1082
NTE;1410;+0200;2140;+0200;0;AF_3206-AF_7629-AF_1082
NTE;0650;+0200;1425;+0200;0;AF_5858-AF_7641-AF_1982
NTE;0650;+0200;1425;+0200;0;AF_5858-AF_7653-AF_1982
NTE;0640;+0200;1425;+0200;0;AF_5657-AF_6153-AF_1982
NTE;0650;+0200;1445;+0200;0;AF_5858-AF_7653-AF_1982
NTE;0650;+0200;1445;+0200;0;AF_5858-AF_7641-AF_1982
NTE;0640;+0200;1445;+0200;0;AF_5761-AF_7663-AF_1982
NTE;0640;+0200;1445;+0200;0;AF_5657-AF_6153-AF_1982
NTE;0640;+0200;1445;+0200;0;AF_5657-AF_7795-AF_1982
NTE;0640;+0200;1445;+0200;0;AF_5657-AF_6111-AF_1982
NTE;1140;+0200;1950;+0200;0;AF_7691-AF_7667-AF_2482
NTE;1305;+0200;2130;+0200;0;AF_5862-AF_7645-AF_2386
NTE;1120;+0200;1950;+0200;0;AF_7861-AF_6123-AF_2482
NTE;1120;+0200;1950;+0200;0;AF_7861-AF_7785-AF_2482
NTE;1120;+0200;1950;+0200;0;AF_7861-AF_6121-AF_2482
NTE;1255;+0200;2130;+0200;0;AF_7611-AF_7667-AF_2386
NTE;1305;+0200;2140;+0200;0;AF_5862-AF_7645-AF_1082
NTE;1255;+0200;2140;+0200;0;AF_7611-AF_7667-AF_1082
NTE;1040;+0200;1950;+0200;0;AF_5767-AF_7667-AF_2482
NTE;1040;+0200;1950;+0200;0;AF_5767-AF_7665-AF_2482
NTE;1125;+0200;2050;+0200;0;KL_2311-KL_2016-KL_3123
NTE;1125;+0200;2050;+0200;0;KL_2311-KL_1234-KL_3123
NTE;0725;+0200;1655;+0200;0;AF_7381-AF_7644-AF_5903
NTE;0725;+0200;1655;+0200;0;AF_7381-AF_7414-AF_5903
NTE;0720;+0200;1655;+0200;0;AF_7721-AF_7644-AF_5903
NTE;0720;+0200;1655;+0200;0;AF_7721-AF_7414-AF_5903
NTE;0720;+0200;1655;+0200;0;AF_7721-AF_7652-AF_5903
NTE;1125;+0200;2100;+0200;0;KL_2311-KL_1234-KL_3123
NTE;1125;+0200;2100;+0200;0;KL_2311-KL_2016-KL_3123
NTE;1140;+0200;2130;+0200;0;AF_7691-AF_7667-AF_2386
NTE;1140;+0200;2130;+0200;0;AF_7691-AF_6029-AF_2386
NTE;1140;+0200;2130;+0200;0;AF_7691-AF_6033-AF_2386
NTE;1140;+0200;2140;+0200;0;AF_7691-AF_6033-AF_1082
NTE;1140;+0200;2140;+0200;0;AF_7691-AF_7667-AF_1082
NTE;1140;+0200;2140;+0200;0;AF_7691-AF_6029-AF_1082
NTE;1120;+0200;2130;+0200;0;AF_7861-AF_6123-AF_2386
NTE;1120;+0200;2130;+0200;0;AF_7861-AF_7785-AF_2386
NTE;1120;+0200;2130;+0200;0;AF_7861-AF_7787-AF_2386
NTE;1120;+0200;2130;+0200;0;AF_7861-AF_6121-AF_2386
NTE;1120;+0200;2130;+0200;0;AF_7861-AF_6167-AF_2386
DUB;0600;+0100;1050;+0200;0;KL_3152-KL_3121
DUB;0650;+0100;1145;+0200;0;LH_983-LH_1394
DUB;1810;+0100;2315;+0200;0;LH_981-LH_1402
DUB;1330;+0100;1840;+0200;0;KL_3158-KL_1357
DUB;1200;+0100;1725;+0200;0;LH_979-LH_1398
DUB;0910;+0100;1445;+0200;0;AF_5001-AF_1982
DUB;0650;+0100;1255;+0200;0;LH_983-LH_1396
DUB;0620;+0100;1240;+0200;0;AF_5003-AF_1782
DUB;1550;+0100;2215;+0200;0;BA_5974-BA_858
DUB;1130;+0100;1800;+0200;0;KL_3156-KL_3125
DUB;1500;+0100;2130;+0200;0;AF_5009-AF_2386
DUB;1210;+0100;1850;+0200;0;BA_5964-BA_856
DUB;1500;+0100;2140;+0200;0;AF_5009-AF_1082
DUB;0730;+0100;1415;+0200;0;BA_5954-BA_860
DUB;1200;+0100;1845;+0200;0;LH_979-LH_1400
DUB;1130;+0100;1840;+0200;0;KL_3156-KL_1357
DUB;0600;+0100;1315;+0200;0;KL_3152-KL_1355
DUB;1330;+0100;2050;+0200;0;KL_3158-KL_3123
DUB;1115;+0100;1845;+0200;0;LX_401-LX_1498
DUB;1330;+0100;2100;+0200;0;KL_3158-KL_3123
DUB;0640;+0100;1415;+0200;0;BA_5830-BA_860
DUB;0640;+0100;1415;+0200;0;BA_5952-BA_860
DUB;1440;+0100;2215;+0200;0;BA_5968-BA_858
DUB;1155;+0100;1950;+0200;0;AF_5005-AF_2482
DUB;0620;+0100;1425;+0200;0;AF_5003-AF_1982
DUB;0945;+0100;1800;+0200;0;KL_3154-KL_3125
DUB;0620;+0100;1445;+0200;0;AF_5003-AF_1982
DUB;1340;+0100;2215;+0200;0;BA_5966-BA_858
DUB;1040;+0100;1845;+0200;0;BD_122-BD_3229-BD_2994
DUB;0840;+0100;1725;+0200;0;BD_122-BD_3197-BD_2992
DUB;0840;+0100;1725;+0200;0;LH_6632-LH_905-LH_1398
DUB;1430;+0100;2315;+0200;0;BD_124-BD_3233-BD_2996
DUB;1430;+0100;2315;+0200;0;LH_6500-LH_915-LH_1402
DUB;1430;+0100;2315;+0200;0;LH_6500-LH_911-LH_1402
DUB;1430;+0100;2315;+0200;0;BD_124-BD_3235-BD_2996
VIE;0640;+0200;0730;+0200;0;OS_703
VIE;1710;+0200;1800;+0200;0;OS_709
VIE;0640;+0200;0735;+0200;0;OS_703
VIE;0950;+0200;1045;+0200;0;OS_705
VIE;1315;+0200;1410;+0200;0;OS_707
VIE;1940;+0200;2035;+0200;0;OS_711
VIE;1750;+0200;2015;+0200;0;LH_2331-LH_1696
VIE;0915;+0200;1220;+0200;0;LH_2325-LH_1690
VIE;1535;+0200;1845;+0200;0;LH_6339-LH_1400
VIE;1530;+0200;1845;+0200;0;TP_8741-TP_7932
VIE;2000;+0200;2315;+0200;0;LH_6337-LH_1402
VIE;1300;+0200;1620;+0200;0;LH_2329-LH_1692
VIE;1650;+0200;2015;+0200;0;LH_6327-LH_1696
VIE;1650;+0200;2015;+0200;0;NH_6303-NH_6069
VIE;1015;+0200;1350;+0200;0;LO_224-LO_527
VIE;0820;+0200;1205;+0200;0;LX_3581-LX_1460
VIE;0910;+0200;1255;+0200;0;LH_6917-LH_1396
VIE;1450;+0200;1845;+0200;0;BD_2985-BD_2994
VIE;1450;+0200;1845;+0200;0;LH_1239-LH_1400
VIE;1450;+0200;1845;+0200;0;LX_1579-LX_1498
VIE;1920;+0200;2315;+0200;0;LH_1243-LH_1402
VIE;1920;+0200;2315;+0200;0;BD_2987-BD_2996
VIE;0850;+0200;1255;+0200;0;UA_9340-UA_8733
VIE;0850;+0200;1255;+0200;0;LH_1233-LH_1396
VIE;1520;+0200;1925;+0200;0;LH_3093-LH_3054
VIE;1315;+0200;1725;+0200;0;LH_6333-LH_1398
VIE;1820;+0200;2230;+0200;0;SN_2906-SN_2815
VIE;1000;+0200;1415;+0200;0;LX_1575-LX_1486
VIE;1310;+0200;1725;+0200;0;LH_6333-LH_1398
VIE;1815;+0200;2230;+0200;0;SN_2906-SN_2815
VIE;1820;+0200;2235;+0200;0;SN_2906-SN_2815
VIE;0850;+0200;1310;+0200;0;BD_2981-BD_2990
VIE;0850;+0200;1310;+0200;0;UA_9340-UA_8733
VIE;1815;+0200;2235;+0200;0;SN_2906-SN_2815
VIE;1715;+0200;2140;+0200;0;AF_1757-AF_1082
VIE;1410;+0200;1840;+0200;0;KL_1846-KL_1357
VIE;1005;+0200;1445;+0200;0;AF_1139-AF_1982
VIE;0700;+0200;1145;+0200;0;LH_6331-LH_1394
VIE;1830;+0200;2315;+0200;0;LH_1241-LH_1402
VIE;0700;+0200;1150;+0200;0;LX_3561-LX_1472
VIE;1050;+0200;1545;+0200;0;LH_3091-LH_3052
VIE;1455;+0200;1950;+0200;0;AF_1657-AF_2482
VIE;0620;+0200;1120;+0200;0;UA_8959-UA_9582
SXB;0915;+0200;1040;+0200;0;OK_741
SXB;1905;+0200;2030;+0200;0;OK_743
SXB;1940;+0200;2235;+0200;0;SN_3662-SN_2815
SXB;1115;+0200;1445;+0200;0;AF_7763-AF_1982
SXB;0650;+0200;1040;+0200;0;AF_5785-AF_5901
SXB;1835;+0200;2230;+0200;0;SN_3662-SN_2815
SXB;0650;+0200;1050;+0200;0;KL_2046-KL_3121
SXB;1835;+0200;2235;+0200;0;SN_3662-SN_2815
SXB;0840;+0200;1255;+0200;0;AF_5540-AF_4346
SXB;0415;+0200;0910;+0200;0;LH_385-LH_1392
SXB;1455;+0200;1950;+0200;0;AF_7771-AF_2482
SXB;0755;+0200;1255;+0200;0;AF_7869-AF_4346
SXB;0725;+0200;1240;+0200;0;AF_7761-AF_1782
SXB;1200;+0200;1725;+0200;0;LH_391-LH_1398
SXB;0615;+0200;1145;+0200;0;LH_387-LH_1394
SXB;1105;+0200;1640;+0200;0;SN_3654-SN_2811
SXB;1100;+0200;1640;+0200;0;SN_3654-SN_2811
SXB;1100;+0200;1640;+0200;0;BD_5560-BD_5481
SXB;0645;+0200;1240;+0200;0;AF_7303-AF_1782
SXB;1700;+0200;2315;+0200;0;LH_395-LH_1402
SXB;1105;+0200;1725;+0200;0;SN_3654-SN_2811
SXB;0650;+0200;1315;+0200;0;KL_2046-KL_1355
SXB;1100;+0200;1725;+0200;0;SN_3654-SN_2811
SXB;1455;+0200;2130;+0200;0;AF_7771-AF_2386
SXB;0615;+0200;1255;+0200;0;LH_387-LH_1396
SXB;1200;+0200;1845;+0200;0;LH_391-LH_1400
SXB;1445;+0200;2130;+0200;0;AF_7311-AF_2386
SXB;1455;+0200;2140;+0200;0;AF_7771-AF_1082
SXB;1445;+0200;2140;+0200;0;AF_7311-AF_1082
SXB;0725;+0200;1425;+0200;0;AF_7761-AF_1982
SXB;1115;+0200;1655;+0200;0;AF_7763-AF_7644-AF_5903
SXB;0645;+0200;1255;+0200;0;AF_7303-AF_6108-AF_4346
SXB;0645;+0200;1255;+0200;0;AF_7303-AF_6110-AF_4346
SXB;1045;+0200;1655;+0200;0;AF_7307-AF_7414-AF_5903
SXB;1340;+0200;1950;+0200;0;AF_5360-AF_7629-AF_2482