PAR;0720;+0200;0900;+0200;0;AF_1126
PAR;0950;+0200;1130;+0200;0;AF_1426
PAR;0950;+0200;1130;+0200;0;AZ_7327
PAR;1235;+0200;1415;+0200;0;AF_1726
PAR;1235;+0200;1415;+0200;0;AZ_7329
PAR;1530;+0200;1710;+0200;0;AZ_7331
PAR;1530;+0200;1710;+0200;0;AF_2026
PAR;1815;+0200;1955;+0200;0;AZ_7333
PAR;1815;+0200;1955;+0200;0;AF_2226
PAR;2120;+0200;2300;+0200;0;AZ_7335
PAR;2120;+0200;2300;+0200;0;AF_2526
PAR;1100;+0200;1400;+0200;0;LX_635-LX_1662
PAR;1305;+0200;1620;+0200;0;LH_2231-LH_1910
PAR;2020;+0200;2340;+0200;0;LH_1047-LH_332
PAR;0840;+0200;1210;+0200;0;LH_2227-LH_1908
PAR;1315;+0200;1650;+0200;0;AF_7644-AF_5564
PAR;0800;+0200;1145;+0200;0;KL_2006-KL_1653
PAR;1400;+0200;1745;+0200;0;LH_1035-LH_328
PAR;1825;+0200;2210;+0200;0;KL_2022-KL_1659
PAR;1245;+0200;1635;+0200;0;KL_2012-KL_1655
PAR;1450;+0200;1845;+0200;0;LX_639-LX_1664
PAR;1530;+0200;1925;+0200;0;LH_1037-LH_330
PAR;1250;+0200;1650;+0200;0;AF_7414-AF_5564
PAR;1825;+0200;2225;+0200;0;LH_2235-LH_1914
PAR;0700;+0200;1105;+0200;0;AZ_317-AZ_1465
PAR;0920;+0200;1325;+0200;0;LH_1027-LH_326
PAR;1400;+0200;1805;+0200;0;AF_6228-AF_4386
PAR;0835;+0200;1245;+0200;0;AF_7672-AF_4332
PAR;0855;+0200;1305;+0200;0;LH_3219-LH_3212
PAR;0950;+0200;1400;+0200;0;LX_633-LX_1662
PAR;1010;+0200;1420;+0200;0;AZ_319-AZ_1475
PAR;1835;+0200;2245;+0200;0;AZ_327-AZ_1473
PAR;0830;+0200;1245;+0200;0;AF_6010-AF_4332
PAR;1405;+0200;1820;+0200;0;AZ_7301-AZ_1467
PAR;0725;+0200;1145;+0200;0;KL_2002-KL_1653
PAR;0935;+0200;1355;+0200;0;AZ_7339-AZ_1221
PAR;1640;+0200;2100;+0200;0;AZ_7305-AZ_1481
PAR;1725;+0200;2150;+0200;0;OS_7118-OS_527
PAR;1235;+0200;1705;+0200;0;AZ_333-AZ_1479
PAR;1740;+0200;2210;+0200;0;AZ_325-AZ_1483
PAR;0945;+0200;1420;+0200;0;AZ_7303-AZ_1475
PAR;1330;+0200;1805;+0200;0;AF_6216-AF_4386
PAR;0810;+0200;1250;+0200;0;AA_6228-AA_6317
PAR;1900;+0200;2340;+0200;0;LH_1043-LH_332
PAR;0855;+0200;1340;+0200;0;LH_3219-LH_3212
PAR;1140;+0200;1635;+0200;0;KL_2008-KL_1655
PAR;1215;+0200;1710;+0200;0;TU_717-TU_472
PAR;1650;+0200;2150;+0200;0;OS_416-OS_527
PAR;1300;+0200;1805;+0200;0;AF_7714-AF_4386
PAR;1655;+0200;2200;+0200;0;IB_3409-IB_3632
PAR;1740;+0200;2245;+0200;0;AZ_325-AZ_1473
PAR;0700;+0200;1210;+0200;0;LH_2241-LH_1908
PAR;1600;+0200;2110;+0200;0;AF_7646-AF_5566
PAR;0730;+0200;1245;+0200;0;AF_7660-AF_4332
PAR;0730;+0200;1245;+0200;0;AF_6006-AF_4332
PAR;0735;+0200;1250;+0200;0;AA_6557-AA_6317
PAR;0735;+0200;1250;+0200;0;BA_303-BA_578
PAR;1105;+0200;1620;+0200;0;LH_2229-LH_1910
PAR;0800;+0200;1325;+0200;0;LH_1051-LH_326
PAR;1400;+0200;1925;+0200;0;LH_1035-LH_330
PAR;1700;+0200;2225;+0200;0;LH_2233-LH_1914
PAR;1640;+0200;2210;+0200;0;AZ_7305-AZ_1483
PAR;0845;+0200;1420;+0200;0;AB_8155-AB_8990
PAR;1230;+0200;1805;+0200;0;AF_6244-AF_4386
PAR;1525;+0200;2100;+0200;0;AZ_7307-AZ_1481
PAR;0700;+0200;1245;+0200;0;AF_6004-AF_4332
PAR;1235;+0200;1820;+0200;0;AZ_333-AZ_1467
LON;1350;+0100;1650;+0200;0;AA_6235
LON;1925;+0100;2225;+0200;0;BA_2588
LON;1350;+0100;1655;+0200;0;BA_2584
LON;0740;+0100;1050;+0200;0;BA_2582
LON;0740;+0100;1050;+0200;0;AA_6255
LON;0940;+0100;1250;+0200;0;BA_578
LON;0940;+0100;1250;+0200;0;AA_6317
LON;1915;+0100;2340;+0200;0;BD_3471-BD_3402
LON;1915;+0100;2340;+0200;0;LH_937-LH_332
LON;1905;+0100;2340;+0200;0;LH_917-LH_332
LON;1905;+0100;2340;+0200;0;BD_3199-BD_3402
LON;0725;+0100;1210;+0200;0;UA_8884-UA_9267
LON;0725;+0100;1210;+0200;0;LH_2483-LH_1908
LON;0640;+0100;1130;+0200;0;AF_1381-AF_1426
LON;0935;+0100;1425;+0200;0;UA_9228-UA_9273
LON;1145;+0100;1635;+0200;0;KL_1010-KL_1655
LON;0805;+0100;1305;+0200;0;LH_3381-LH_3212
LON;1345;+0100;1845;+0200;0;LX_333-LX_1664
LON;1710;+0100;2210;+0200;0;KL_1022-KL_1659
LON;1800;+0100;2300;+0200;0;AF_2581-AF_2526
LON;1415;+0100;1925;+0200;0;LH_907-LH_330
LON;1415;+0100;1925;+0200;0;BD_3229-BD_3410
LON;1715;+0100;2225;+0200;0;LH_2479-LH_1914
LON;0630;+0100;1145;+0200;0;KL_1000-KL_1653
LON;1105;+0100;1620;+0200;0;UA_9230-UA_9273
LON;1105;+0100;1620;+0200;0;LH_2473-LH_1910
LON;1710;+0100;2225;+0200;0;LH_2479-LH_1914
LON;0840;+0100;1400;+0200;0;LX_317-LX_1662
LON;0750;+0100;1325;+0200;0;BD_3461-BD_3406
LON;0750;+0100;1325;+0200;0;LH_927-LH_326
LON;0805;+0100;1340;+0200;0;LH_3381-LH_3212
LON;0825;+0100;1400;+0200;0;LX_451-LX_1662
LON;1805;+0100;2340;+0200;0;BD_3235-BD_3402
LON;1805;+0100;2340;+0200;0;LH_915-LH_332
LON;1625;+0100;2210;+0200;0;AZ_207-AZ_1483
LON;0730;+0100;1320;+0200;0;AZ_201-AZ_1469
LON;1145;+0100;1740;+0200;0;UA_8814-UA_9165
LON;1145;+0100;1745;+0200;0;UA_8814-UA_9165
LON;1145;+0100;1745;+0200;0;LH_905-LH_328
LON;1145;+0100;1745;+0200;0;BD_3197-BD_3408
LON;1220;+0100;1820;+0200;0;AZ_203-AZ_1467
LON;1245;+0100;1845;+0200;0;LX_457-LX_1664
LON;1610;+0100;2210;+0200;0;KL_1020-KL_1659
LON;1740;+0100;2340;+0200;0;LH_899-LH_332
LON;0720;+0100;1325;+0200;0;UA_8812-UA_9086
LON;0715;+0100;1325;+0200;0;LH_923-LH_326
LON;0715;+0100;1325;+0200;0;BD_3195-BD_3406
LON;0715;+0100;1325;+0200;0;UA_8812-UA_9086
LON;0725;+0100;1340;+0200;0;AB_8893-AB_8862
LON;1535;+0100;2150;+0200;0;BD_2812-BD_2797
LON;1535;+0100;2150;+0200;0;OS_462-OS_527
LON;1625;+0100;2245;+0200;0;AZ_207-AZ_1473
LON;0720;+0100;1345;+0200;0;UA_8812-UA_9086
LON;0635;+0100;1305;+0200;0;LH_3389-LH_3212
LON;0715;+0100;1345;+0200;0;UA_8812-UA_9086
LON;1710;+0100;2340;+0200;0;LH_911-LH_332
LON;1525;+0100;2200;+0200;0;IB_3179-IB_3632
LON;1705;+0100;2340;+0200;0;BD_3233-BD_3402
LON;1705;+0100;2340;+0200;0;LH_911-LH_332
LON;0735;+0100;1415;+0200;0;AF_1081-AF_1726
LON;0955;+0100;1635;+0200;0;KL_1008-KL_1655
LON;0935;+0100;1620;+0200;0;LH_2471-LH_1910
LON;0935;+0100;1620;+0200;0;UA_9228-UA_9273
LON;1655;+0100;2340;+0200;0;BD_3469-BD_3402
LON;1655;+0100;2340;+0200;0;LH_935-LH_332
LON;0730;+0100;1420;+0200;0;AZ_201-AZ_1475
LON;0625;+0100;1325;+0200;0;BD_3193-BD_3406
LON;0625;+0100;1325;+0200;0;UA_9546-UA_9086
LON;0625;+0100;1325;+0200;0;LH_921-LH_326
LON;0725;+0100;1425;+0200;0;UA_8884-UA_9273
LON;1010;+0100;1710;+0200;0;AF_1681-AF_2026
LON;1500;+0100;2200;+0200;0;IB_3179-IB_3632
LON;1525;+0100;2225;+0200;0;UA_9232-UA_9269
LON;1525;+0100;2225;+0200;0;LH_2477-LH_1914
LON;1600;+0100;2300;+0200;0;AF_2281-AF_2526
BCN;1135;+0200;1325;+0200;0;JK_81
BCN;1740;+0200;2110;+0200;0;AF_5907-AF_5566
BCN;0635;+0200;1020;+0200;0;AF_5895-AF_5562
BCN;1300;+0200;1650;+0200;0;AF_5899-AF_5564
BCN;0815;+0200;1210;+0200;0;LH_1817-LH_1908
BCN;0625;+0200;1025;+0200;0;AZ_75-AZ_1463
BCN;1445;+0200;1845;+0200;0;LX_1955-LX_1664
BCN;1845;+0200;2245;+0200;0;AZ_79-AZ_1473
BCN;0945;+0200;1400;+0200;0;LX_1953-LX_1662
BCN;1200;+0200;1620;+0200;0;LH_1811-LH_1910
BCN;1805;+0200;2225;+0200;0;LH_1815-LH_1914
BCN;0655;+0200;1125;+0200;0;IB_2747-IB_3638
BCN;0625;+0200;1105;+0200;0;AZ_75-AZ_1465
BCN;0650;+0200;1130;+0200;0;AF_2349-AF_1426
BCN;1820;+0200;2300;+0200;0;AF_1949-AF_2526
BCN;1335;+0200;1825;+0200;0;IB_6767-IB_3630
BCN;1850;+0200;2340;+0200;0;LH_1133-LH_332
BCN;0845;+0200;1340;+0200;0;AB_8937-AB_8862
BCN;1345;+0200;1840;+0200;0;OS_398-OS_529
BCN;0810;+0200;1325;+0200;0;LH_1137-LH_326
BCN;1230;+0200;1745;+0200;0;LH_1127-LH_328
BCN;0625;+0200;1145;+0200;0;KL_1662-KL_1653
BCN;1145;+0200;1705;+0200;0;AZ_77-AZ_1479
BCN;1640;+0200;2200;+0200;0;IB_2705-IB_3632
BCN;1105;+0200;1635;+0200;0;KL_1666-KL_1655
BCN;1520;+0200;2050;+0200;0;BD_5514-BD_5555
BCN;0715;+0200;1250;+0200;0;AA_6289-AA_6317
BCN;1240;+0200;1825;+0200;0;IB_2751-IB_3630
BCN;1030;+0200;1620;+0200;0;LH_6723-LH_1910
BCN;1620;+0200;2210;+0200;0;KL_1674-KL_1659
BCN;0615;+0200;1210;+0200;0;LH_1819-LH_1908
BCN;1050;+0200;1710;+0200;0;TU_515-TU_472
BCN;0650;+0200;1325;+0200;0;LH_1139-LH_326
BCN;1145;+0200;1820;+0200;0;AZ_77-AZ_1467
BCN;0735;+0200;1415;+0200;0;AF_2149-AF_1726
BCN;1025;+0200;1710;+0200;0;AF_1149-AF_2026
BCN;1140;+0200;1825;+0200;0;IB_2753-IB_3630
BCN;0625;+0200;1320;+0200;0;AZ_75-AZ_1469
BCN;1230;+0200;1925;+0200;0;LH_1127-LH_330
BCN;1255;+0200;1955;+0200;0;AF_1349-AF_2226
BCN;1040;+0200;1745;+0200;0;BD_3453-BD_3408
BCN;1040;+0200;1745;+0200;0;LH_1125-LH_328
BCN;1555;+0200;2300;+0200;0;AF_1649-AF_2526
BCN;1110;+0200;1825;+0200;0;IB_2755-IB_3630
MAD;0910;+0200;1125;+0200;0;IB_3638
MAD;1610;+0200;1825;+0200;0;IB_3630
MAD;1945;+0200;2200;+0200;0;IB_3632
MAD;0920;+0200;1325;+0200;0;JK_426-JK_81
MAD;1750;+0200;2210;+0200;0;AZ_63-AZ_1483
MAD;0600;+0200;1025;+0200;0;AZ_59-AZ_1463
MAD;0935;+0200;1400;+0200;0;LX_2021-LX_1662
MAD;0740;+0200;1210;+0200;0;LH_1807-LH_1908
MAD;1235;+0200;1710;+0200;0;AF_1301-AF_2026
MAD;1825;+0200;2300;+0200;0;AF_1801-AF_2526
MAD;1220;+0200;1705;+0200;0;AZ_61-AZ_1479
MAD;1850;+0200;2340;+0200;0;LH_1117-LH_332
MAD;1750;+0200;2245;+0200;0;AZ_63-AZ_1473
MAD;0600;+0200;1105;+0200;0;AZ_59-AZ_1465
MAD;1230;+0200;1745;+0200;0;LH_1113-LH_328
MAD;1350;+0200;1925;+0200;0;LH_6803-LH_330
MAD;0555;+0200;1145;+0200;0;KL_1708-KL_1653
MAD;1620;+0200;2210;+0200;0;KL_1704-KL_1659
MAD;0730;+0200;1325;+0200;0;JK_446-JK_81
MAD;1220;+0200;1820;+0200;0;AZ_61-AZ_1467
MAD;1700;+0200;2300;+0200;0;AF_1701-AF_2526
MAD;1030;+0200;1635;+0200;0;KL_1700-KL_1655
MAD;0645;+0200;1305;+0200;0;LH_3295-LH_3212
MAD;0645;+0200;1340;+0200;0;LH_3295-LH_3212
MAD;1015;+0200;1710;+0200;0;AF_1001-AF_2026
MAD;1230;+0200;1925;+0200;0;LH_1113-LH_330
MAD;1530;+0200;2225;+0200;0;LH_1803-LH_1914
MAD;0715;+0200;1415;+0200;0;AF_2101-AF_1726
MAD;0710;+0200;1415;+0200;0;AF_2101-AF_1726
MAD;1040;+0200;1745;+0200;0;BD_2921-BD_3408
MAD;1040;+0200;1745;+0200;0;LH_1111-LH_328
MAD;0615;+0200;1325;+0200;0;LH_1121-LH_326
MAD;1035;+0200;1745;+0200;0;LH_1111-LH_328
MAD;1625;+0200;2340;+0200;0;LH_1115-LH_332
FRA;0810;+0200;0925;+0200;0;LH_324
FRA;1210;+0200;1325;+0200;0;LH_326
FRA;1210;+0200;1325;+0200;0;BD_3406
FRA;1630;+0200;1745;+0200;0;LH_328
FRA;1630;+0200;1745;+0200;0;BD_3408
FRA;1810;+0200;1925;+0200;0;LH_330
FRA;1810;+0200;1925;+0200;0;BD_3410
FRA;1810;+0200;1925;+0200;0;NH_6201
FRA;2225;+0200;2340;+0200;0;BD_3402
FRA;2225;+0200;2340;+0200;0;LH_332
FRA;1335;+0200;1620;+0200;0;LH_110-LH_1910
FRA;0905;+0200;1210;+0200;0;LH_104-LH_1908
FRA;1920;+0200;2225;+0200;0;LH_120-LH_1914
FRA;1530;+0200;1840;+0200;0;OS_124-OS_529
FRA;1025;+0200;1340;+0200;0;LH_76-LH_3212
FRA;1740;+0200;2110;+0200;0;SN_7010-SN_3205
FRA;0645;+0200;1020;+0200;0;OS_7260-OS_521
FRA;1025;+0200;1400;+0200;0;LX_1071-LX_1662
FRA;0650;+0200;1035;+0200;0;AB_6552-AB_8990
FRA;0815;+0200;1210;+0200;0;LH_102-LH_1908
FRA;1905;+0200;2300;+0200;0;AF_2319-AF_2526
FRA;1555;+0200;1955;+0200;0;AF_1919-AF_2226
FRA;1845;+0200;2245;+0200;0;AZ_407-AZ_1473
FRA;0725;+0200;1130;+0200;0;AF_1019-AF_1426
FRA;1215;+0200;1620;+0200;0;LH_108-LH_1910
FRA;1745;+0200;2150;+0200;0;OS_132-OS_527
FRA;1820;+0200;2225;+0200;0;LH_118-LH_1914
FRA;1435;+0200;1845;+0200;0;LX_1073-LX_1664
FRA;1800;+0200;2210;+0200;0;KL_1772-KL_1659
FRA;0850;+0200;1305;+0200;0;LH_74-LH_3212
FRA;1655;+0200;2110;+0200;0;SN_7008-SN_3205
FRA;0740;+0200;1210;+0200;0;LH_100-LH_1908
FRA;1720;+0200;2150;+0200;0;BD_2988-BD_2797
FRA;0710;+0200;1145;+0200;0;KL_1762-KL_1653
FRA;1715;+0200;2150;+0200;0;OS_7206-OS_527
FRA;0850;+0200;1340;+0200;0;LH_74-LH_3212
FRA;1350;+0200;1845;+0200;0;LX_3607-LX_1664
FRA;0900;+0200;1400;+0200;0;LX_1069-LX_1662
FRA;1200;+0200;1705;+0200;0;AZ_403-AZ_1479
FRA;1200;+0200;1710;+0200;0;TU_745-TU_472
FRA;1715;+0200;2225;+0200;0;LH_116-LH_1914
FRA;1750;+0200;2300;+0200;0;AF_2119-AF_2526
FRA;0845;+0200;1400;+0200;0;LX_3603-LX_1662
CPH;1255;+0200;1620;+0200;0;LH_2443-LH_1910
CPH;0705;+0200;1035;+0200;0;AB_8093-AB_8990
CPH;0700;+0200;1035;+0200;0;AB_8093-AB_8990
CPH;0835;+0200;1210;+0200;0;LH_2441-LH_1908
CPH;1700;+0200;2050;+0200;0;BD_5460-BD_5555
CPH;0925;+0200;1325;+0200;0;UA_9029-UA_9086
CPH;0925;+0200;1325;+0200;0;SK_1637-SK_3777
CPH;0925;+0200;1325;+0200;0;LH_6221-LH_326
CPH;1440;+0200;1845;+0200;0;LX_1271-LX_1664
CPH;1745;+0200;2150;+0200;0;OS_304-OS_527
CPH;1330;+0200;1740;+0200;0;UA_9321-UA_9165
CPH;1700;+0200;2110;+0200;0;SN_2260-SN_3205
CPH;1930;+0200;2340;+0200;0;LH_831-LH_332
CPH;1930;+0200;2340;+0200;0;SK_3629-SK_3709
CPH;1330;+0200;1745;+0200;0;UA_9321-UA_9165
CPH;0925;+0200;1345;+0200;0;UA_9029-UA_9086
CPH;0940;+0200;1400;+0200;0;LX_1267-LX_1662
CPH;1805;+0200;2225;+0200;0;LH_6261-LH_1914
CPH;0810;+0200;1240;+0200;0;SK_1416-SK_1847
CPH;1525;+0200;1955;+0200;0;AF_2351-AF_2226
CPH;0655;+0200;1130;+0200;0;AF_1351-AF_1426
CPH;1450;+0200;1925;+0200;0;SK_675-SK_3395
CPH;1450;+0200;1925;+0200;0;LH_6265-LH_330
CPH;1735;+0200;2210;+0200;0;KL_1132-KL_1659
CPH;1145;+0200;1635;+0200;0;AZ_2915-AZ_7735
CPH;1145;+0200;1635;+0200;0;KL_1128-KL_1655
CPH;0810;+0200;1305;+0200;0;LH_6211-LH_3212
CPH;0845;+0200;1340;+0200;0;AB_8217-AB_8862
CPH;1805;+0200;2300;+0200;0;AF_1051-AF_2526
CPH;0835;+0200;1340;+0200;0;AB_8217-AB_8862
CPH;0720;+0200;1240;+0200;0;SK_402-SK_1847
CPH;1100;+0200;1620;+0200;0;LH_6247-LH_1910
CPH;0645;+0200;1210;+0200;0;LH_6259-LH_1908
CPH;0810;+0200;1340;+0200;0;LH_6211-LH_3212
CPH;0805;+0200;1340;+0200;0;BT_132-BT_627
CPH;1650;+0200;2225;+0200;0;LH_2445-LH_1914
CPH;0600;+0200;1145;+0200;0;AZ_2911-AZ_7733
CPH;0600;+0200;1145;+0200;0;KL_1124-KL_1653
CPH;1750;+0200;2340;+0200;0;SK_1635-SK_3709
CPH;0800;+0200;1400;+0200;0;LX_4701-LX_1662
CPH;1740;+0200;2340;+0200;0;LH_6225-LH_332
CPH;1740;+0200;2340;+0200;0;SK_1635-SK_3709
CPH;0710;+0200;1325;+0200;0;JK_38-JK_81
CPH;1015;+0200;1635;+0200;0;AZ_2913-AZ_7735
CPH;1015;+0200;1635;+0200;0;KL_1126-KL_1655
CPH;0700;+0200;1325;+0200;0;SK_639-SK_3777
CPH;0700;+0200;1325;+0200;0;LH_6219-LH_326
CPH;1020;+0200;1710;+0200;0;AZ_3619-AZ_7331
CPH;1020;+0200;1710;+0200;0;AF_1751-AF_2026
CPH;1300;+0200;1955;+0200;0;AF_2051-AF_2226
CPH;1300;+0200;1955;+0200;0;AZ_3629-AZ_7333
CPH;1645;+0200;2340;+0200;0;SK_8575-SK_3709
CPH;1645;+0200;2340;+0200;0;LH_829-LH_332
CPH;1645;+0200;2340;+0200;0;BD_3419-BD_3402
CPH;1010;+0200;1710;+0200;0;AF_1751-AF_2026
CPH;0705;+0200;1420;+0200;0;AB_8093-AB_8990
CPH;0605;+0200;1325;+0200;0;UA_9265-UA_9086
CPH;0655;+0200;1415;+0200;0;AZ_3533-AZ_7329
CPH;0655;+0200;1415;+0200;0;AF_1351-AF_1726
CPH;0700;+0200;1420;+0200;0;AB_8093-AB_8990
CPH;1020;+0200;1740;+0200;0;UA_9029-UA_9165
CPH;1330;+0200;2050;+0200;0;BD_5458-BD_5555
CPH;0600;+0200;1325;+0200;0;LH_833-LH_326
CPH;0600;+0200;1325;+0200;0;SK_8519-SK_3777
CPH;0600;+0200;1325;+0200;0;UA_9265-UA_9086
CPH;0600;+0200;1325;+0200;0;BD_3417-BD_3406
CPH;1020;+0200;1745;+0200;0;BD_3423-BD_3408
CPH;1020;+0200;1745;+0200;0;LH_823-LH_328
CPH;1020;+0200;1745;+0200;0;SK_3627-SK_3707
CPH;1020;+0200;1745;+0200;0;UA_9029-UA_9165
DUS;1135;+0200;1305;+0200;0;LH_3212
DUS;1210;+0200;1340;+0200;0;AB_8862
DUS;1210;+0200;1340;+0200;0;LH_3212
DUS;1020;+0200;1325;+0200;0;LH_77-LH_326
DUS;1435;+0200;1745;+0200;0;LH_81-LH_328
DUS;1435;+0200;1745;+0200;0;BD_3311-BD_3408
DUS;0605;+0200;0925;+0200;0;LH_73-LH_324
DUS;0845;+0200;1210;+0200;0;LH_2001-LH_1908
DUS;1900;+0200;2225;+0200;0;LH_2017-LH_1914
DUS;1250;+0200;1620;+0200;0;LH_2009-LH_1910
DUS;1730;+0200;2110;+0200;0;AF_5879-AF_5566
DUS;1300;+0200;1650;+0200;0;AF_5875-AF_5564
DUS;1320;+0200;1710;+0200;0;AF_1607-AF_2026
DUS;1820;+0200;2210;+0200;0;KL_1862-KL_1659
DUS;0625;+0200;1020;+0200;0;AF_5877-AF_5562
DUS;0820;+0200;1215;+0200;0;AB_6838-AB_8984
DUS;1450;+0200;1845;+0200;0;LX_1019-LX_1664
DUS;1755;+0200;2150;+0200;0;OS_7246-OS_527
DUS;1750;+0200;2150;+0200;0;OS_7246-OS_527
DUS;0725;+0200;1130;+0200;0;AF_1107-AF_1426
DUS;0955;+0200;1400;+0200;0;LX_1017-LX_1662
DUS;0720;+0200;1130;+0200;0;AF_1107-AF_1426
DUS;1225;+0200;1635;+0200;0;AZ_2949-AZ_7735
DUS;1225;+0200;1635;+0200;0;KL_1856-KL_1655
DUS;0620;+0200;1035;+0200;0;AB_6436-AB_8990
DUS;0940;+0200;1355;+0200;0;AB_6838-AB_8984
DUS;1905;+0200;2340;+0200;0;LH_87-LH_332
DUS;0730;+0200;1210;+0200;0;LH_2025-LH_1908
DUS;1400;+0200;1845;+0200;0;LX_3635-LX_1664
DUS;1705;+0200;2150;+0200;0;OS_7248-OS_527
DUS;1435;+0200;1925;+0200;0;BD_3311-BD_3410
DUS;1435;+0200;1925;+0200;0;LH_81-LH_330
DUS;1735;+0200;2225;+0200;0;LH_2015-LH_1914
DUS;0830;+0200;1325;+0200;0;LH_75-LH_326
DUS;1200;+0200;1710;+0200;0;TU_547-TU_472
DUS;0655;+0200;1210;+0200;0;LH_2023-LH_1908
DUS;0625;+0200;1145;+0200;0;KL_1852-KL_1653
DUS;0625;+0200;1145;+0200;0;AZ_2945-AZ_7733
DUS;0715;+0200;1250;+0200;0;BA_935-BA_578
DUS;0715;+0200;1250;+0200;0;AA_6503-AA_6317
DUS;0820;+0200;1355;+0200;0;AB_6838-AB_8984
DUS;1045;+0200;1620;+0200;0;LH_2005-LH_1910
DUS;1305;+0200;1840;+0200;0;OS_7244-OS_529
DUS;1725;+0200;2300;+0200;0;AZ_2889-AZ_7335
DUS;1725;+0200;2300;+0200;0;AF_2207-AF_2526
DUS;1800;+0200;2340;+0200;0;BD_3315-BD_3402
DUS;1800;+0200;2340;+0200;0;LH_85-LH_332
DUS;0630;+0200;1215;+0200;0;AB_6836-AB_8984
DUS;1200;+0200;1745;+0200;0;BD_3319-BD_3408
DUS;1200;+0200;1745;+0200;0;LH_79-LH_328
DUS;0650;+0200;1240;+0200;0;SK_3696-SK_1847
DUS;1250;+0200;1840;+0200;0;OS_7244-OS_529
DUS;0615;+0200;1210;+0200;0;LH_2027-LH_1908
DUS;1630;+0200;2225;+0200;0;LH_2013-LH_1914
DUS;0820;+0200;1420;+0200;0;AB_6438-AB_8990
LYS;0900;+0200;1020;+0200;0;AZ_7851
LYS;0900;+0200;1020;+0200;0;AF_5562
LYS;1530;+0200;1650;+0200;0;AZ_7361
LYS;1530;+0200;1650;+0200;0;AF_5564
LYS;1950;+0200;2110;+0200;0;AZ_7363
LYS;1950;+0200;2110;+0200;0;AF_5566
LYS;0900;+0200;1210;+0200;0;LH_2247-LH_1908
LYS;1040;+0200;1400;+0200;0;LX_531-LX_1662
LYS;1905;+0200;2225;+0200;0;LH_2253-LH_1914
LYS;1255;+0200;1620;+0200;0;LH_2249-LH_1910
LYS;0935;+0200;1305;+0200;0;LH_3265-LH_3212
LYS;0910;+0200;1305;+0200;0;LH_3265-LH_3212
LYS;1450;+0200;1845;+0200;0;LX_533-LX_1664
LYS;0730;+0200;1130;+0200;0;AF_7651-AF_1426
LYS;0935;+0200;1340;+0200;0;LH_3265-LH_3212
LYS;0835;+0200;1245;+0200;0;AF_7822-AF_4332
LYS;1640;+0200;2050;+0200;0;BD_5360-BD_5555
LYS;1745;+0200;2210;+0200;0;KL_2028-KL_1659
LYS;0910;+0200;1340;+0200;0;LH_3265-LH_3212
LYS;1455;+0200;1925;+0200;0;LH_1077-LH_330
LYS;1455;+0200;1925;+0200;0;BD_3083-BD_3410
LYS;1455;+0200;1925;+0200;0;NH_6130-NH_6201
LYS;1640;+0200;2110;+0200;0;SN_3590-SN_3205
LYS;1200;+0200;1635;+0200;0;KL_2030-KL_1655
LYS;0655;+0200;1145;+0200;0;KL_2024-KL_1653
LYS;0925;+0200;1415;+0200;0;AF_7653-AF_1726
LYS;1845;+0200;2340;+0200;0;LH_1079-LH_332
LYS;1845;+0200;2340;+0200;0;BD_3087-BD_3402
LYS;1715;+0200;2225;+0200;0;LH_2251-LH_1914
LYS;0640;+0200;1210;+0200;0;LH_2255-LH_1908
LYS;1520;+0200;2100;+0200;0;AZ_7839-AZ_1481
LYS;1700;+0200;2300;+0200;0;AF_7645-AF_2526
LYS;0700;+0200;1305;+0200;0;LH_3271-LH_3212
LYS;1350;+0200;1955;+0200;0;AF_7643-AF_2226
LYS;1655;+0200;2300;+0200;0;AF_7415-AF_2526
LYS;1045;+0200;1710;+0200;0;AF_7641-AF_2026
LYS;1040;+0200;1710;+0200;0;AF_7417-AF_2026
LYS;1155;+0200;1825;+0200;0;IB_8711-IB_3630
LYS;0700;+0200;1340;+0200;0;LH_3271-LH_3212
LYS;0730;+0200;1415;+0200;0;AF_7651-AF_1726
BER;0855;+0200;1035;+0200;0;AB_8990
BER;1240;+0200;1420;+0200;0;AB_8990
BER;0915;+0200;1210;+0200;0;LH_2031-LH_1908
BER;0720;+0200;1020;+0200;0;OS_274-OS_521
BER;2030;+0200;2340;+0200;0;LH_201-LH_332
BER;2030;+0200;2340;+0200;0;BD_3477-BD_3402
BER;0610;+0200;0925;+0200;0;LH_171-LH_324
BER;1045;+0200;1400;+0200;0;LX_977-LX_1662
BER;0605;+0200;0925;+0200;0;LH_171-LH_324
BER;1605;+0200;1925;+0200;0;LH_191-LH_330
BER;1605;+0200;1925;+0200;0;BD_3587-BD_3410
BER;1905;+0200;2225;+0200;0;LH_2049-LH_1914
BER;0850;+0200;1215;+0200;0;AB_6525-AB_8984
BER;1015;+0200;1340;+0200;0;AB_6441-AB_8862
BER;1255;+0200;1620;+0200;0;LH_2037-LH_1910
BER;1010;+0200;1340;+0200;0;LH_2733-LH_3212
BER;1510;+0200;1840;+0200;0;OS_292-OS_529
BER;0835;+0200;1210;+0200;0;LH_2029-LH_1908
BER;0935;+0200;1325;+0200;0;BD_3569-BD_3406
BER;0935;+0200;1325;+0200;0;LH_179-LH_326
BER;1700;+0200;2050;+0200;0;BD_5326-BD_5555
BER;1950;+0200;2340;+0200;0;LH_199-LH_332
BER;1950;+0200;2340;+0200;0;BD_3581-BD_3402
BER;1450;+0200;1845;+0200;0;LX_967-LX_1664
BER;1340;+0200;1745;+0200;0;BD_3567-BD_3408
BER;1340;+0200;1745;+0200;0;LH_187-LH_328
BER;0855;+0200;1305;+0200;0;LH_2731-LH_3212
BER;0930;+0200;1340;+0200;0;AB_6441-AB_8862
BER;1700;+0200;2110;+0200;0;SN_2586-SN_3205
BER;0715;+0200;1130;+0200;0;AF_1135-AF_1426
BER;0710;+0200;1130;+0200;0;AF_1135-AF_1426
BER;0935;+0200;1355;+0200;0;AB_6525-AB_8984
BER;0955;+0200;1415;+0200;0;AF_1435-AF_1726
BER;1215;+0200;1635;+0200;0;KL_1824-KL_1655
BER;1215;+0200;1635;+0200;0;AZ_3835-AZ_7735
BER;1250;+0200;1710;+0200;0;AF_1735-AF_2026
BER;1835;+0200;2300;+0200;0;AF_2335-AF_2526
BER;0930;+0200;1400;+0200;0;LX_975-LX_1662
BER;0735;+0200;1210;+0200;0;LH_2057-LH_1908
BER;1445;+0200;1925;+0200;0;LH_189-LH_330
BER;1445;+0200;1925;+0200;0;BD_3589-BD_3410
BER;1900;+0200;2340;+0200;0;BD_3579-BD_3402
BER;1900;+0200;2340;+0200;0;LH_197-LH_332
BER;0840;+0200;1325;+0200;0;LH_177-LH_326
BER;0855;+0200;1340;+0200;0;LH_2731-LH_3212
BER;1725;+0200;2210;+0200;0;KL_1830-KL_1659
BER;1740;+0200;2225;+0200;0;LH_2047-LH_1914
BER;0835;+0200;1325;+0200;0;BD_3565-BD_3406
BER;0810;+0200;1305;+0200;0;LH_2729-LH_3212
BER;0850;+0200;1355;+0200;0;AB_6525-AB_8984
BER;1115;+0200;1620;+0200;0;LH_2035-LH_1910
BER;0820;+0200;1340;+0200;0;AB_6439-AB_8862
BER;1100;+0200;1620;+0200;0;LH_2035-LH_1910
BER;1705;+0200;2225;+0200;0;LH_2043-LH_1914
BER;1820;+0200;2340;+0200;0;LH_195-LH_332
BER;0720;+0200;1250;+0200;0;BA_981-BA_578
BER;0755;+0200;1325;+0200;0;LH_175-LH_326
BER;0755;+0200;1325;+0200;0;BD_3563-BD_3406
BER;0810;+0200;1340;+0200;0;LH_2729-LH_3212
BER;0635;+0200;1210;+0200;0;LH_2055-LH_1908
BER;1210;+0200;1745;+0200;0;BD_3585-BD_3408
BER;1210;+0200;1745;+0200;0;LH_185-LH_328
BER;0800;+0200;1340;+0200;0;BT_212-BT_627
BER;1205;+0200;1745;+0200;0;LH_185-LH_328
BER;0600;+0200;1145;+0200;0;AZ_3825-AZ_7733
BER;0600;+0200;1145;+0200;0;KL_1818-KL_1653
BER;1340;+0200;1925;+0200;0;BD_3567-BD_3410
BER;1340;+0200;1925;+0200;0;LH_187-LH_330
BER;0700;+0200;1250;+0200;0;AA_6593-AA_6317
BER;1620;+0200;2225;+0200;0;LH_2041-LH_1914
BER;1730;+0200;2340;+0200;0;BD_3573-BD_3402
BER;1730;+0200;2340;+0200;0;LH_193-LH_332
BER;0650;+0200;1305;+0200;0;LH_2727-LH_3212
BER;1020;+0200;1635;+0200;0;KL_1822-KL_1655
BER;1020;+0200;1635;+0200;0;AZ_3831-AZ_7735
BER;1055;+0200;1710;+0200;0;TU_551-TU_472
ROM;0830;+0200;0935;+0200;0;AZ_1471
ROM;0920;+0200;1025;+0200;0;AZ_1463
ROM;1000;+0200;1105;+0200;0;AZ_1465
ROM;1215;+0200;1320;+0200;0;AZ_1469
ROM;1315;+0200;1420;+0200;0;AZ_1475
ROM;1600;+0200;1705;+0200;0;AZ_1479
ROM;1715;+0200;1820;+0200;0;AZ_1467
ROM;1955;+0200;2100;+0200;0;AZ_1481
ROM;2105;+0200;2210;+0200;0;AZ_1483
ROM;2140;+0200;2245;+0200;0;AZ_1473
ROM;0840;+0200;1210;+0200;0;LH_1841-LH_1908
ROM;1740;+0200;2110;+0200;0;AF_5820-AF_5566
ROM;1255;+0200;1650;+0200;0;AZ_7838-AZ_7361
ROM;1255;+0200;1650;+0200;0;AF_5822-AF_5564
ROM;1450;+0200;1845;+0200;0;LX_1737-LX_1664
ROM;1740;+0200;2140;+0200;0;AZ_1271-AZ_1291
ROM;0945;+0200;1355;+0200;0;AZ_1263-AZ_1221
ROM;1210;+0200;1620;+0200;0;LH_1843-LH_1910
ROM;1715;+0200;2130;+0200;0;AZ_1795-AZ_1764
ROM;1920;+0200;2340;+0200;0;LH_239-LH_332
ROM;1920;+0200;2340;+0200;0;BD_3609-BD_3402
ROM;0935;+0200;1400;+0200;0;LX_1727-LX_1662
ROM;1320;+0200;1745;+0200;0;BD_3593-BD_3408
ROM;1320;+0200;1745;+0200;0;LH_233-LH_328
ROM;1455;+0200;1925;+0200;0;NH_6122-NH_6201
ROM;1455;+0200;1925;+0200;0;LH_235-LH_330
ROM;1455;+0200;1925;+0200;0;BD_3607-BD_3410
ROM;1635;+0200;2110;+0200;0;SN_3182-SN_3205
ROM;1315;+0200;1755;+0200;0;AZ_1613-AZ_1637
ROM;1715;+0200;2200;+0200;0;AZ_1751-AZ_1766
ROM;1220;+0200;1710;+0200;0;TU_753-TU_472
ROM;1800;+0200;2300;+0200;0;AF_1905-AF_2526
ROM;1720;+0200;2225;+0200;0;LH_1847-LH_1914
ROM;1825;+0200;2340;+0200;0;BD_3597-BD_3402
ROM;1825;+0200;2340;+0200;0;LH_237-LH_332
BRU;0630;+0200;0810;+0200;0;SN_3199
BRU;1910;+0200;2050;+0200;0;HU_8091
BRU;1910;+0200;2050;+0200;0;UA_9955
BRU;1930;+0200;2110;+0200;0;SN_3205
BRU;2045;+0200;2340;+0200;0;LH_1021-LH_332
BRU;1100;+0200;1400;+0200;0;LX_779-LX_1662
BRU;1440;+0200;1745;+0200;0;LH_1013-LH_328
BRU;1755;+0200;2110;+0200;0;AF_5405-AF_5566
BRU;1905;+0200;2225;+0200;0;LH_2293-LH_1914
BRU;0820;+0200;1145;+0200;0;KL_1722-KL_1653
BRU;0845;+0200;1210;+0200;0;LH_2283-LH_1908
BRU;1320;+0200;1650;+0200;0;AF_5403-AF_5564
BRU;1245;+0200;1620;+0200;0;LH_2287-LH_1910
BRU;0635;+0200;1020;+0200;0;AF_5401-AF_5562
BRU;1500;+0200;1845;+0200;0;LX_781-LX_1664
BRU;1825;+0200;2210;+0200;0;KL_1732-KL_1659
BRU;1021;+0200;1415;+0200;0;AF_7184-AF_1726
BRU;1815;+0200;2210;+0200;0;AZ_165-AZ_1483
BRU;0920;+0200;1325;+0200;0;LH_1007-LH_326
BRU;1745;+0200;2150;+0200;0;BD_2834-BD_2797
BRU;1745;+0200;2150;+0200;0;OS_354-OS_527
BRU;0615;+0200;1025;+0200;0;AZ_157-AZ_1463
BRU;0950;+0200;1400;+0200;0;LX_787-LX_1662
BRU;0710;+0200;1130;+0200;0;AF_7182-AF_1426
BRU;1325;+0200;1745;+0200;0;LH_1011-LH_328
BRU;1920;+0200;2340;+0200;0;LH_1019-LH_332
BRU;1815;+0200;2245;+0200;0;AZ_165-AZ_1473
BRU;0840;+0200;1325;+0200;0;LH_1005-LH_326
BRU;1440;+0200;1925;+0200;0;LH_1013-LH_330
BRU;0615;+0200;1105;+0200;0;AZ_157-AZ_1465
BRU;1218;+0200;1710;+0200;0;AF_7192-AF_2026
BRU;0830;+0200;1325;+0200;0;LH_1005-LH_326
BRU;1200;+0200;1705;+0200;0;AZ_159-AZ_1479
BRU;1125;+0200;1635;+0200;0;KL_1724-KL_1655
BRU;1715;+0200;2225;+0200;0;LH_2291-LH_1914
BRU;1830;+0200;2340;+0200;0;LH_1017-LH_332
BRU;1105;+0200;1620;+0200;0;LH_2285-LH_1910
BRU;0625;+0200;1145;+0200;0;KL_1720-KL_1653
BRU;0645;+0200;1210;+0200;0;LH_2297-LH_1908
BRU;0725;+0200;1250;+0200;0;BA_389-BA_578
BRU;1600;+0200;2150;+0200;0;OS_8174-OS_527
BRU;1600;+0200;2150;+0200;0;BD_5493-BD_2797
BRU;1325;+0200;1925;+0200;0;LH_1011-LH_330
BRU;1740;+0200;2340;+0200;0;LH_1015-LH_332
BRU;0645;+0200;1250;+0200;0;AA_6423-AA_6317
BRU;0645;+0200;1250;+0200;0;BA_389-BA_578
BRU;1210;+0200;1825;+0200;0;IB_3203-IB_3630
STO;1005;+0200;1240;+0200;0;SK_1847
STO;0630;+0200;1035;+0200;0;AB_8101-AB_8990
STO;1515;+0200;1925;+0200;0;SK_637-SK_3395
STO;1515;+0200;1925;+0200;0;LH_6229-LH_330
STO;0910;+0200;1325;+0200;0;LH_6227-LH_326
STO;0910;+0200;1325;+0200;0;SK_635-SK_3777
STO;0945;+0200;1400;+0200;0;LX_1249-LX_1662
STO;1810;+0200;2225;+0200;0;LH_2419-LH_1914
STO;1925;+0200;2340;+0200;0;SK_3677-SK_3709
STO;1925;+0200;2340;+0200;0;LH_805-LH_332
STO;0920;+0200;1340;+0200;0;LH_2921-LH_3212
STO;0745;+0200;1210;+0200;0;LH_2421-LH_1908
STO;1155;+0200;1620;+0200;0;LH_2415-LH_1910
STO;1720;+0200;2210;+0200;0;KL_1116-KL_1659
STO;1240;+0200;1740;+0200;0;LG_1400-LG_1523
STO;1240;+0200;1745;+0200;0;LG_1400-LG_1523
STO;1240;+0200;1745;+0200;0;LH_803-LH_328
STO;1240;+0200;1745;+0200;0;SK_3613-SK_3707
STO;0630;+0200;1145;+0200;0;KL_1106-KL_1653
STO;0630;+0200;1145;+0200;0;AZ_2901-AZ_7733
STO;1440;+0200;1955;+0200;0;AF_2063-AF_2226
STO;1525;+0200;2050;+0200;0;BD_3839-BD_5555
STO;1620;+0200;2150;+0200;0;OS_314-OS_527
STO;0735;+0200;1325;+0200;0;SK_1631-SK_3777
STO;0720;+0200;1340;+0200;0;BT_102-BT_627
STO;1555;+0200;2225;+0200;0;LH_2417-LH_1914
STO;0650;+0200;1325;+0200;0;JK_54-JK_81
STO;1240;+0200;1925;+0200;0;SK_3613-SK_3395
STO;1240;+0200;1925;+0200;0;NH_6188-NH_6201
STO;1240;+0200;1925;+0200;0;LH_803-LH_330
STO;1650;+0200;2340;+0200;0;LH_6203-LH_332
STO;1650;+0200;2340;+0200;0;SK_673-SK_3709
STO;0940;+0200;1635;+0200;0;KL_1108-KL_1655
STO;0940;+0200;1635;+0200;0;AZ_2903-AZ_7735
STO;1355;+0200;2050;+0200;0;BD_5466-BD_5555
STO;0620;+0200;1325;+0200;0;LH_809-LH_326
STO;0620;+0200;1325;+0200;0;BD_3523-BD_3406
STO;0620;+0200;1325;+0200;0;SK_3611-SK_3777
STO;1030;+0200;1745;+0200;0;BD_3527-BD_3408
STO;1030;+0200;1745;+0200;0;SK_3671-SK_3707
STO;1030;+0200;1745;+0200;0;LH_801-LH_328
STO;1355;+0200;2110;+0200;0;SN_2306-SN_3205
STO;1445;+0200;2200;+0200;0;IB_3321-IB_3632
STO;0650;+0200;1415;+0200;0;AZ_3635-AZ_7329
STO;0650;+0200;1415;+0200;0;AF_1463-AF_1726
STO;0625;+0200;1400;+0200;0;UA_6971-UA_9794
STO;0625;+0200;1400;+0200;0;LX_4707-LX_1662
STO;1210;+0200;1955;+0200;0;AF_1763-AF_2226
STO;0630;+0200;1420;+0200;0;AB_8101-AB_8990
STO;1410;+0200;2225;+0200;0;LH_6187-LH_1914
STO;1440;+0200;2300;+0200;0;AF_2063-AF_2526
STO;1515;+0200;2340;+0200;0;SK_637-SK_3709
STO;1515;+0200;2340;+0200;0;LH_6229-LH_332
STO;0745;+0200;1620;+0200;0;LH_2421-LH_1910
STO;0910;+0200;1745;+0200;0;LH_6227-LH_328
STO;0910;+0200;1745;+0200;0;SK_635-SK_3707
STO;1425;+0200;2300;+0200;0;AZ_3637-AZ_7335
STO;0950;+0200;1840;+0200;0;OS_312-OS_529
STO;1030;+0200;1925;+0200;0;LH_801-LH_330
STO;1030;+0200;1925;+0200;0;SK_3671-SK_3395
STO;1030;+0200;1925;+0200;0;BD_3527-BD_3410
STO;0945;+0200;1845;+0200;0;LX_1249-LX_1664
STO;1310;+0200;2210;+0200;0;KL_1110-KL_1659
STO;1140;+0200;2050;+0200;0;BD_5472-BD_5555
STO;1155;+0200;2110;+0200;0;SN_2304-SN_3205
STO;0735;+0200;1655;+0200;0;BA_8490-BA_2584
STO;0710;+0200;1655;+0200;0;BA_771-BA_2584
STO;1145;+0200;2140;+0200;0;SU_2211-SU_2422
STO;0630;+0200;1635;+0200;0;KL_1106-KL_1655
STO;0630;+0200;1635;+0200;0;AZ_2901-AZ_7735
STO;0030;+0200;1040;+0200;0;TK_1792-TK_1867
STO;0735;+0200;1745;+0200;0;SK_1631-SK_3707
STO;0910;+0200;1925;+0200;0;SK_635-SK_3395
STO;0910;+0200;1925;+0200;0;LH_6227-LH_330
HAM;0950;+0200;1135;+0200;0;AB_8982
HAM;0915;+0200;1210;+0200;0;LH_2061-LH_1908
HAM;1010;+0200;1325;+0200;0;BD_2961-BD_3406
HAM;1010;+0200;1325;+0200;0;LH_11-LH_326
HAM;1910;+0200;2225;+0200;0;LH_2077-LH_1914
HAM;0605;+0200;0925;+0200;0;LH_1-LH_324
HAM;0700;+0200;1020;+0200;0;OS_7252-OS_521
HAM;0945;+0200;1305;+0200;0;LH_2707-LH_3212
HAM;1030;+0200;1355;+0200;0;AB_6655-AB_8984
HAM;0835;+0200;1210;+0200;0;LH_2059-LH_1908
HAM;1005;+0200;1340;+0200;0;AB_6749-AB_8862
HAM;0830;+0200;1215;+0200;0;AB_6653-AB_8984
HAM;1235;+0200;1620;+0200;0;LH_2067-LH_1910
HAM;1400;+0200;1745;+0200;0;LH_17-LH_328
HAM;1400;+0200;1745;+0200;0;BD_2967-BD_3408
HAM;1825;+0200;2210;+0200;0;KL_1784-KL_1659
HAM;1840;+0200;2225;+0200;0;LH_2085-LH_1914
HAM;0945;+0200;1340;+0200;0;LH_2707-LH_3212
HAM;0925;+0200;1325;+0200;0;LH_9-LH_326
HAM;1445;+0200;1845;+0200;0;LX_1057-LX_1664
HAM;1750;+0200;2150;+0200;0;OS_7256-OS_527
HAM;1010;+0200;1415;+0200;0;AF_1411-AF_1726
HAM;1520;+0200;1925;+0200;0;BD_2949-BD_3410
HAM;1520;+0200;1925;+0200;0;LH_19-LH_330
HAM;0855;+0200;1305;+0200;0;LH_2705-LH_3212
HAM;1300;+0200;1710;+0200;0;AF_1711-AF_2026
HAM;1930;+0200;2340;+0200;0;BD_2959-BD_3402
HAM;1930;+0200;2340;+0200;0;LH_27-LH_332
HAM;0945;+0200;1400;+0200;0;LX_1051-LX_1662
HAM;1735;+0200;2150;+0200;0;OS_7256-OS_527
HAM;0710;+0200;1130;+0200;0;AF_2511-AF_1426
HAM;1225;+0200;1650;+0200;0;AF_5972-AF_5564
HAM;1205;+0200;1635;+0200;0;KL_1780-KL_1655
HAM;1205;+0200;1635;+0200;0;AZ_3849-AZ_7735
HAM;1615;+0200;2050;+0200;0;BD_5396-BD_5555
HAM;0730;+0200;1210;+0200;0;LH_2083-LH_1908
HAM;0840;+0200;1325;+0200;0;LH_7-LH_326
HAM;0855;+0200;1340;+0200;0;LH_2705-LH_3212
HAM;1850;+0200;2340;+0200;0;LH_25-LH_332
HAM;1615;+0200;2110;+0200;0;SN_2626-SN_3205
HAM;1730;+0200;2225;+0200;0;LH_2075-LH_1914
HAM;0800;+0200;1305;+0200;0;LH_2703-LH_3212
HAM;1110;+0200;1620;+0200;0;LH_2065-LH_1910
HAM;1745;+0200;2300;+0200;0;AF_2311-AF_2526
HAM;1745;+0200;2300;+0200;0;AZ_3723-AZ_7335
HAM;0805;+0200;1325;+0200;0;LH_5-LH_326
HAM;1225;+0200;1745;+0200;0;LH_15-LH_328
HAM;1320;+0200;1840;+0200;0;OS_7254-OS_529
HAM;0830;+0200;1355;+0200;0;AB_6653-AB_8984
HAM;1400;+0200;1925;+0200;0;BD_2967-BD_3410
HAM;1400;+0200;1925;+0200;0;LH_17-LH_330
HAM;0640;+0200;1210;+0200;0;LH_2087-LH_1908
HAM;1810;+0200;2340;+0200;0;LH_23-LH_332
HAM;0610;+0200;1145;+0200;0;AZ_3837-AZ_7733
HAM;0610;+0200;1145;+0200;0;KL_1776-KL_1653
HAM;0705;+0200;1240;+0200;0;SK_3666-SK_1847
HAM;0800;+0200;1340;+0200;0;LH_2703-LH_3212
HAM;0800;+0200;1340;+0200;0;BT_252-BT_627
HAM;0705;+0200;1250;+0200;0;BA_963-BA_578
HAM;0705;+0200;1250;+0200;0;AA_6608-AA_6317
HAM;1300;+0200;1845;+0200;0;LX_3647-LX_1664
HAM;0735;+0200;1325;+0200;0;LH_3-LH_326
HAM;1515;+0200;2110;+0200;0;SN_2626-SN_3205
HAM;1630;+0200;2225;+0200;0;LH_2073-LH_1914
HAM;1020;+0200;1620;+0200;0;LH_2063-LH_1910
HAM;1100;+0200;1710;+0200;0;TU_549-TU_472
HAM;0645;+0200;1305;+0200;0;LH_2701-LH_3212
MAN;1200;+0100;1655;+0200;0;BA_2907-BA_2584
MAN;1730;+0100;2225;+0200;0;BA_2909-BA_2588
MAN;1345;+0100;1845;+0200;0;LX_395-LX_1664
MAN;1715;+0100;2225;+0200;0;LH_2503-LH_1914
MAN;0655;+0100;1210;+0200;0;UA_8753-UA_9267
MAN;0655;+0100;1210;+0200;0;LH_2505-LH_1908
MAN;0750;+0100;1305;+0200;0;LH_3429-LH_3212
MAN;1825;+0100;2340;+0200;0;LH_947-LH_332
MAN;1825;+0100;2340;+0200;0;BD_3357-BD_3402
MAN;0840;+0100;1400;+0200;0;LX_391-LX_1662
MAN;1100;+0100;1620;+0200;0;LH_2501-LH_1910
MAN;1110;+0100;1635;+0200;0;KL_1082-KL_1655
MAN;0715;+0100;1250;+0200;0;BA_1385-BA_578
MAN;0600;+0100;1145;+0200;0;KL_1072-KL_1653
MAN;0750;+0100;1340;+0200;0;LH_3429-LH_3212
MAN;1315;+0100;1925;+0200;0;BD_3353-BD_3410
MAN;1315;+0100;1925;+0200;0;LH_943-LH_330
MAN;1600;+0100;2210;+0200;0;KL_1088-KL_1659
MAN;0710;+0100;1325;+0200;0;LH_949-LH_326
MAN;0710;+0100;1325;+0200;0;BD_3369-BD_3406
MAN;0710;+0100;1325;+0200;0;UA_9043-UA_9086
MAN;0700;+0100;1325;+0200;0;UA_9043-UA_9086
MAN;0710;+0100;1345;+0200;0;UA_9043-UA_9086
MAN;0700;+0100;1345;+0200;0;UA_9043-UA_9086
MAN;1355;+0100;2050;+0200;0;BD_5376-BD_5555
MAN;1355;+0100;2110;+0200;0;SN_2176-SN_3205
MAN;0655;+0100;1425;+0200;0;UA_8753-UA_9273
MAN;0905;+0100;1635;+0200;0;KL_1074-KL_1655
MAN;0940;+0100;1710;+0200;0;AF_1669-AF_2026
MAN;0930;+0100;1710;+0200;0;AF_1669-AF_2026
MAN;0930;+0100;1710;+0200;0;AZ_3537-AZ_7331
MAN;1505;+0100;2300;+0200;0;AZ_3539-AZ_7335
MAN;1505;+0100;2300;+0200;0;AF_2269-AF_2526
MAN;0845;+0100;1655;+0200;0;BA_2903-BA_2584
MAN;0815;+0100;1655;+0200;0;BA_1387-BA_2584
MAN;1325;+0100;2210;+0200;0;KL_1084-KL_1659
MAN;0850;+0100;1745;+0200;0;LH_941-LH_328
MAN;0850;+0100;1745;+0200;0;BD_3361-BD_3408
MAN;1325;+0100;2225;+0200;0;BA_1395-BA_2588
MAN;0655;+0100;1620;+0200;0;UA_8753-UA_9273
MAN;0655;+0100;1620;+0200;0;LH_2505-LH_1910
MAN;0715;+0100;1655;+0200;0;BA_1385-BA_2584
MAN;0850;+0100;1620;+0200;0;LH_941-LH_110-LH_1910
MAN;1610;+0100;2340;+0200;0;BD_1591-BD_3483-BD_3402
MAN;1610;+0100;2340;+0200;0;LH_6655-LH_965-LH_332
MAN;0810;+0100;1620;+0200;0;LH_6555-LH_2473-LH_1910
MAN;0930;+0100;1745;+0200;0;LH_6557-LH_905-LH_328
MAN;0930;+0100;1745;+0200;0;BD_585-BD_3197-BD_3408
MAN;0750;+0100;1620;+0200;0;LH_3429-LH_2009-LH_1910
MAN;0750;+0100;1620;+0200;0;LH_3429-LH_2005-LH_1910
MAN;0910;+0100;1745;+0200;0;LH_6555-LH_905-LH_328
MAN;1350;+0100;2225;+0200;0;LH_6523-LH_2479-LH_1914
MAN;1500;+0100;2340;+0200;0;LH_6647-LH_965-LH_332
MAN;1500;+0100;2340;+0200;0;BD_1589-BD_3483-BD_3402
MAN;1445;+0100;2340;+0200;0;LH_3441-LH_25-LH_332
MAN;1445;+0100;2340;+0200;0;LH_3441-LH_23-LH_332
MAN;1445;+0100;2340;+0200;0;BD_3373-BD_2959-BD_3402
MAN;1445;+0100;2340;+0200;0;LH_3441-LH_27-LH_332
MAN;0710;+0100;1620;+0200;0;LH_949-LH_110-LH_1910
MAN;0710;+0100;1620;+0200;0;LH_949-LH_108-LH_1910
MAN;1315;+0100;2225;+0200;0;LH_943-LH_120-LH_1914
MAN;1315;+0100;2225;+0200;0;LH_943-LH_116-LH_1914
MAN;1315;+0100;2225;+0200;0;LH_943-LH_118-LH_1914
MAN;0815;+0100;1745;+0200;0;BD_3371-BD_2967-BD_3408
MAN;0815;+0100;1745;+0200;0;LH_3437-LH_15-LH_328
MAN;0815;+0100;1745;+0200;0;LH_3437-LH_17-LH_328
MAN;1255;+0100;2225;+0200;0;LH_3433-LH_2013-LH_1914
MAN;1255;+0100;2225;+0200;0;LH_3433-LH_2017-LH_1914
MAN;1255;+0100;2225;+0200;0;LH_3433-LH_2015-LH_1914
MAN;0810;+0100;1745;+0200;0;BD_581-BD_3197-BD_3408
MAN;0810;+0100;1745;+0200;0;LH_6555-LH_905-LH_328
TLS;1750;+0200;1930;+0200;0;IB_5524
TLS;1750;+0200;1930;+0200;0;VY_9004
TLS;1820;+0200;2110;+0200;0;AF_7851-AF_5566
TLS;1820;+0200;2110;+0200;0;AZ_2709-AZ_7363
TLS;1345;+0200;1650;+0200;0;AF_7849-AF_5564
TLS;1345;+0200;1650;+0200;0;AZ_3595-AZ_7361
TLS;0700;+0200;1020;+0200;0;AZ_3591-AZ_7851
TLS;0700;+0200;1020;+0200;0;AF_7841-AF_5562
TLS;1450;+0200;1820;+0200;0;AZ_7345-AZ_1467
TLS;1815;+0200;2210;+0200;0;AZ_367-AZ_1483
TLS;1825;+0200;2225;+0200;0;LH_2219-LH_1914
TLS;1210;+0200;1620;+0200;0;LH_2215-LH_1910
TLS;1210;+0200;1620;+0200;0;UA_8757-UA_9273
TLS;0715;+0200;1130;+0200;0;AF_7793-AF_1426
TLS;1255;+0200;1710;+0200;0;AF_7785-AF_2026
TLS;0710;+0200;1130;+0200;0;AF_7793-AF_1426
TLS;1650;+0200;2110;+0200;0;AZ_3599-AZ_7363
TLS;1650;+0200;2110;+0200;0;AF_7843-AF_5566
TLS;1155;+0200;1620;+0200;0;UA_8757-UA_9273
TLS;1815;+0200;2245;+0200;0;AZ_367-AZ_1473
TLS;1450;+0200;1925;+0200;0;BD_2937-BD_3410
TLS;1450;+0200;1925;+0200;0;LH_1097-LH_330
TLS;1450;+0200;1925;+0200;0;NH_6132-NH_6201
TLS;1715;+0200;2210;+0200;0;KL_1312-KL_1659
TLS;1800;+0200;2300;+0200;0;AF_7789-AF_2526
TLS;1840;+0200;2340;+0200;0;LH_1099-LH_332
TLS;1655;+0200;2200;+0200;0;IB_8771-IB_3632
TLS;0730;+0200;1245;+0200;0;AF_7657-AF_4332
TLS;0605;+0200;1145;+0200;0;KL_1300-KL_1653
TLS;0705;+0200;1245;+0200;0;AF_5590-AF_4332
TLS;0625;+0200;1210;+0200;0;LH_2223-LH_1908
TLS;0815;+0200;1415;+0200;0;AF_6153-AF_1726
TLS;1110;+0200;1710;+0200;0;TU_283-TU_472
TLS;1345;+0200;1955;+0200;0;AF_6123-AF_2226
TLS;1450;+0200;2100;+0200;0;AZ_7345-AZ_1481
TLS;1645;+0200;2300;+0200;0;AF_6133-AF_2526
TLS;0705;+0200;1325;+0200;0;LH_1101-LH_326
TLS;1050;+0200;1710;+0200;0;AF_7795-AF_2026
TLS;1045;+0200;1710;+0200;0;AF_6117-AF_2026
TLS;0745;+0200;1415;+0200;0;AF_6107-AF_1726
TLS;1140;+0200;1825;+0200;0;IB_8767-IB_3630
TLS;1615;+0200;2300;+0200;0;AF_6131-AF_2526
TLS;1615;+0200;2300;+0200;0;AF_7787-AF_2526
TLS;1020;+0200;1710;+0200;0;AZ_2985-AZ_7331
TLS;1535;+0200;2225;+0200;0;LH_2217-LH_1914
TLS;1610;+0200;2300;+0200;0;AZ_2979-AZ_7335
TLS;1015;+0200;1710;+0200;0;AF_6113-AF_2026
TLS;0715;+0200;1415;+0200;0;AF_6105-AF_1726
TLS;0715;+0200;1415;+0200;0;AZ_2983-AZ_7329
TLS;0715;+0200;1415;+0200;0;AF_7793-AF_1726
TLS;1255;+0200;1955;+0200;0;AF_7785-AF_2226
TLS;0710;+0200;1415;+0200;0;AF_7793-AF_1726
TLS;1245;+0200;1955;+0200;0;AF_6121-AF_2226
TLS;1545;+0200;2300;+0200;0;AF_6129-AF_2526
TLS;1450;+0200;2210;+0200;0;AZ_7345-AZ_1483
TLS;0945;+0200;1710;+0200;0;AF_6109-AF_2026
TLS;1345;+0200;2110;+0200;0;AZ_3595-AZ_7363
TLS;1345;+0200;2110;+0200;0;AF_7849-AF_5566
TLS;0645;+0200;1415;+0200;0;AF_6103-AF_1726
TLS;1015;+0200;1745;+0200;0;LH_1095-LH_328
TLS;1015;+0200;1745;+0200;0;BD_2935-BD_3408
TLS;1515;+0200;2300;+0200;0;AF_6167-AF_2526
TLS;1050;+0200;1650;+0200;0;AF_7795-AF_7644-AF_5564
TLS;1045;+0200;1650;+0200;0;AF_6117-AF_7414-AF_5564
TLS;1630;+0200;2245;+0200;0;AZ_7347-AZ_1023-AZ_1473
TLS;1145;+0200;1805;+0200;0;AF_6119-AF_6228-AF_4386
TLS;0615;+0200;1245;+0200;0;AF_6101-AF_6010-AF_4332
TLS;1015;+0200;1650;+0200;0;AF_6113-AF_7414-AF_5564
TLS;0600;+0200;1245;+0200;0;AF_6155-AF_6010-AF_4332
TLS;0625;+0200;1325;+0200;0;LH_2223-LH_107-LH_326
TLS;0625;+0200;1325;+0200;0;LH_2223-LH_105-LH_326
TLS;0945;+0200;1650;+0200;0;AF_6109-AF_7414-AF_5564
TLS;1000;+0200;1710;+0200;0;AF_4358-AF_1843-AF_2026
TLS;0700;+0200;1415;+0200;0;AF_7841-AF_7653-AF_1726
TLS;1210;+0200;1925;+0200;0;LH_2215-LH_115-LH_330
TLS;1345;+0200;2100;+0200;0;AZ_3595-AZ_7839-AZ_1481
TLS;1045;+0200;1805;+0200;0;AF_6117-AF_6228-AF_4386
TLS;1045;+0200;1805;+0200;0;AF_6117-AF_6216-AF_4386
TLS;0915;+0200;1650;+0200;0;AF_6115-AF_7414-AF_5564
OSL;0630;+0200;1035;+0200;0;AB_8245-AB_8990
OSL;0935;+0200;1340;+0200;0;LH_2951-LH_3212
OSL;0830;+0200;1240;+0200;0;SK_480-SK_1847
OSL;0945;+0200;1400;+0200;0;LX_1211-LX_1662
OSL;0750;+0200;1210;+0200;0;UA_9077-UA_9267
OSL;1805;+0200;2225;+0200;0;LH_2455-LH_1914
OSL;0740;+0200;1210;+0200;0;LH_2457-LH_1908
OSL;0740;+0200;1210;+0200;0;UA_9077-UA_9267
OSL;1150;+0200;1620;+0200;0;LH_2451-LH_1910
OSL;1910;+0200;2340;+0200;0;SK_3621-SK_3709
OSL;1910;+0200;2340;+0200;0;LH_863-LH_332
OSL;1615;+0200;2050;+0200;0;BD_3795-BD_5555
OSL;1155;+0200;1635;+0200;0;KL_1144-KL_1655
OSL;1400;+0200;1840;+0200;0;OS_336-OS_529
OSL;1720;+0200;2210;+0200;0;KL_1148-KL_1659
OSL;0635;+0200;1130;+0200;0;AF_1275-AF_1426
OSL;0635;+0200;1130;+0200;0;AZ_3565-AZ_7327
OSL;0745;+0200;1240;+0200;0;SK_848-SK_1847
OSL;1420;+0200;1925;+0200;0;LH_6281-LH_330
OSL;1420;+0200;1925;+0200;0;SK_4755-SK_3395
OSL;0630;+0200;1145;+0200;0;KL_1140-KL_1653
OSL;1355;+0200;1925;+0200;0;SK_3609-SK_3395
OSL;1355;+0200;1925;+0200;0;LH_861-LH_330
OSL;1355;+0200;1925;+0200;0;NH_6184-NH_6201
OSL;1355;+0200;1925;+0200;0;BD_2931-BD_3410
OSL;0610;+0200;1145;+0200;0;KL_1212-KL_1653
OSL;0610;+0200;1145;+0200;0;AZ_3805-AZ_7733
OSL;0740;+0200;1325;+0200;0;SK_4751-SK_3777
OSL;0755;+0200;1340;+0200;0;BT_152-BT_627
OSL;1130;+0200;1745;+0200;0;SK_4755-SK_3707
OSL;0955;+0200;1620;+0200;0;LH_6171-LH_1910
OSL;0750;+0200;1425;+0200;0;UA_9077-UA_9273
OSL;0740;+0200;1425;+0200;0;UA_9077-UA_9273
OSL;1645;+0200;2340;+0200;0;LH_6105-LH_332
OSL;1645;+0200;2340;+0200;0;SK_4757-SK_3709
OSL;0625;+0200;1325;+0200;0;LH_865-LH_326
OSL;0625;+0200;1325;+0200;0;SK_3645-SK_3777
OSL;0625;+0200;1325;+0200;0;UA_9095-UA_9086
OSL;1640;+0200;2340;+0200;0;SK_4757-SK_3709
OSL;0930;+0200;1635;+0200;0;KL_1142-KL_1655
OSL;1245;+0200;1955;+0200;0;AF_2075-AF_2226
OSL;1245;+0200;1955;+0200;0;AZ_5051-AZ_7333
OSL;1025;+0200;1740;+0200;0;UA_8745-UA_9165
OSL;0625;+0200;1345;+0200;0;UA_9095-UA_9086
OSL;1025;+0200;1745;+0200;0;LH_859-LH_328
OSL;1025;+0200;1745;+0200;0;BD_2929-BD_3408
OSL;1025;+0200;1745;+0200;0;SK_3623-SK_3707
OSL;1025;+0200;1745;+0200;0;UA_8745-UA_9165
OSL;1005;+0200;1740;+0200;0;UA_8745-UA_9165
OSL;0635;+0200;1415;+0200;0;AF_1275-AF_1726
OSL;0635;+0200;1415;+0200;0;AZ_3565-AZ_7329
OSL;1005;+0200;1745;+0200;0;UA_8745-UA_9165
OSL;0630;+0200;1420;+0200;0;AB_8245-AB_8990
OSL;1400;+0200;2150;+0200;0;OS_336-OS_527
OSL;1420;+0200;2210;+0200;0;KL_1146-KL_1659
OSL;1130;+0200;1925;+0200;0;SK_4755-SK_3395
OSL;1410;+0200;2210;+0200;0;KL_1218-KL_1659
OSL;0935;+0200;1745;+0200;0;SK_4751-SK_3707
OSL;0935;+0200;1745;+0200;0;LH_6231-LH_328
OSL;0750;+0200;1620;+0200;0;UA_9077-UA_9273
OSL;0740;+0200;1620;+0200;0;LH_2457-LH_1910
OSL;0740;+0200;1620;+0200;0;UA_9077-UA_9273
OSL;1220;+0200;2110;+0200;0;SN_2282-SN_3205
OSL;0755;+0200;1655;+0200;0;BA_761-BA_2584
OSL;0945;+0200;1845;+0200;0;LX_1211-LX_1664
OSL;1025;+0200;1925;+0200;0;BD_2929-BD_3410
OSL;1025;+0200;1925;+0200;0;LH_859-LH_330
OSL;1025;+0200;1925;+0200;0;SK_3623-SK_3395
OSL;1230;+0200;2140;+0200;0;SU_2231-SU_2422
OSL;1025;+0200;1620;+0200;0;LH_859-LH_110-LH_1910
OSL;0610;+0200;1210;+0200;0;LH_6073-LH_2441-LH_1908
OSL;1145;+0200;1745;+0200;0;SK_4023-SK_3603-SK_3707
OSL;1615;+0200;2225;+0200;0;LH_6209-LH_2017-LH_1914
OSL;1730;+0200;2340;+0200;0;SK_461-SK_3629-SK_3709
OSL;1730;+0200;2340;+0200;0;LH_6053-LH_831-LH_332
OSL;0710;+0200;1325;+0200;0;SK_1463-SK_1637-SK_3777
OSL;0710;+0200;1325;+0200;0;LH_6085-LH_6221-LH_326
OSL;1610;+0200;2225;+0200;0;LH_6245-LH_6261-LH_1914
OSL;1605;+0200;2225;+0200;0;LH_2959-LH_2077-LH_1914
OSL;1605;+0200;2225;+0200;0;LH_2959-LH_2085-LH_1914
OSL;1715;+0200;2340;+0200;0;SK_4043-SK_3217-SK_3709
OSL;1705;+0200;2340;+0200;0;SK_890-SK_3677-SK_3709
OSL;1700;+0200;2340;+0200;0;SK_277-SK_8581-SK_3709
OSL;0935;+0200;1620;+0200;0;LH_2951-LH_2009-LH_1910
OSL;0935;+0200;1620;+0200;0;LH_6231-LH_110-LH_1910
OSL;1100;+0200;1745;+0200;0;SK_864-SK_3613-SK_3707
OSL;0610;+0200;1305;+0200;0;LH_6073-LH_6211-LH_3212
OSL;1050;+0200;1745;+0200;0;SK_864-SK_3613-SK_3707
OSL;1230;+0200;1925;+0200;0;SK_868-SK_637-SK_3395
OSL;0915;+0200;1620;+0200;0;LH_6083-LH_2443-LH_1910
OSL;1040;+0200;1745;+0200;0;LH_6080-LH_869-LH_328
OSL;1040;+0200;1745;+0200;0;SK_257-SK_8577-SK_3707
OSL;1220;+0200;1925;+0200;0;LH_6065-LH_6265-LH_330
OSL;1220;+0200;1925;+0200;0;SK_1467-SK_675-SK_3395
OSL;0615;+0200;1325;+0200;0;SK_3169-SK_1637-SK_3777
OSL;0610;+0200;1325;+0200;0;SK_1461-SK_1637-SK_3777
OSL;0610;+0200;1325;+0200;0;LH_6073-LH_6221-LH_326
OSL;1625;+0200;2340;+0200;0;SK_4039-SK_3217-SK_3709
OSL;0900;+0200;1620;+0200;0;LH_2957-LH_2067-LH_1910
OSL;0900;+0200;1620;+0200;0;LH_2957-LH_2065-LH_1910
OSL;1615;+0200;2340;+0200;0;LH_6209-LH_87-LH_332
OSL;1615;+0200;2340;+0200;0;SK_273-SK_8581-SK_3709
OSL;0610;+0200;1340;+0200;0;LH_6073-LH_6211-LH_3212
OSL;1610;+0200;2340;+0200;0;SK_1471-SK_1635-SK_3709
OSL;1610;+0200;2340;+0200;0;SK_1471-SK_3629-SK_3709
OSL;1610;+0200;2340;+0200;0;LH_6245-LH_831-LH_332
OSL;1605;+0200;2340;+0200;0;LH_2959-LH_27-LH_332
OSL;1605;+0200;2340;+0200;0;LH_2959-LH_25-LH_332
OSL;1605;+0200;2340;+0200;0;LH_2959-LH_23-LH_332
OSL;1145;+0200;1925;+0200;0;SK_4023-SK_3603-SK_3395
OSL;1600;+0200;2340;+0200;0;SK_882-SK_3677-SK_3709
OSL;1600;+0200;2340;+0200;0;SK_4035-SK_3217-SK_3709
OSL;0615;+0200;1415;+0200;0;AF_8310-AF_1241-AF_1726
OSL;0940;+0200;1745;+0200;0;SK_4017-SK_3603-SK_3707
OSL;1420;+0200;2225;+0200;0;LH_6281-LH_120-LH_1914
OSL;1420;+0200;2225;+0200;0;LH_6281-LH_116-LH_1914
OSL;1420;+0200;2225;+0200;0;LH_6281-LH_118-LH_1914
OSL;0935;+0200;1745;+0200;0;LH_2951-LH_79-LH_328
OSL;0935;+0200;1745;+0200;0;LH_2951-LH_81-LH_328
OSL;1530;+0200;2340;+0200;0;SK_271-SK_8581-SK_3709
OSL;1525;+0200;2340;+0200;0;SK_459-SK_1635-SK_3709
OSL;1525;+0200;2340;+0200;0;SK_459-SK_3629-SK_3709
OSL;1100;+0200;1925;+0200;0;SK_864-SK_3613-SK_3395
OSL;1100;+0200;1925;+0200;0;SK_864-SK_637-SK_3395
OSL;1515;+0200;2340;+0200;0;SK_4031-SK_3217-SK_3709
OSL;1515;+0200;2340;+0200;0;SK_496-SK_673-SK_3709
OSL;1515;+0200;2340;+0200;0;SK_496-SK_3677-SK_3709
OSL;1220;+0200;2050;+0200;0;BD_3869-BD_5460-BD_5555
OSL;1355;+0200;2225;+0200;0;LH_861-LH_118-LH_1914
OSL;1355;+0200;2225;+0200;0;LH_861-LH_120-LH_1914
OSL;1355;+0200;2225;+0200;0;LH_861-LH_116-LH_1914
OSL;1510;+0200;2340;+0200;0;BD_3789-BD_3199-BD_3402
OSL;1510;+0200;2340;+0200;0;BD_3789-BD_3235-BD_3402
OSL;0910;+0200;1745;+0200;0;SK_484-SK_3613-SK_3707
OSL;1050;+0200;1925;+0200;0;SK_864-SK_3613-SK_3395
OSL;1050;+0200;1925;+0200;0;SK_864-SK_637-SK_3395
OSL;1345;+0200;2225;+0200;0;LH_6087-LH_2445-LH_1914
OSL;1345;+0200;2225;+0200;0;LH_6087-LH_6261-LH_1914
OSL;0900;+0200;1745;+0200;0;LH_2957-LH_17-LH_328
OSL;0900;+0200;1745;+0200;0;LH_2957-LH_15-LH_328
OSL;0900;+0200;1745;+0200;0;LH_2957-LH_13-LH_328
OSL;1040;+0200;1925;+0200;0;SK_257-SK_8577-SK_3395
OSL;1040;+0200;1925;+0200;0;BD_3785-BD_3229-BD_3410
OSL;1040;+0200;1925;+0200;0;LH_6080-LH_869-LH_330
OSL;1410;+0200;2300;+0200;0;AF_8314-AF_2041-AF_2526
OSL;1410;+0200;2300;+0200;0;AF_8314-AF_8241-AF_2526
OSL;1410;+0200;2300;+0200;0;AF_8314-AF_8239-AF_2526
OSL;1445;+0200;2340;+0200;0;SK_269-SK_8581-SK_3709
OSL;1445;+0200;2340;+0200;0;SK_4027-SK_3217-SK_3709
OSL;1445;+0200;2340;+0200;0;LH_6112-LH_871-LH_332
OSL;0710;+0200;1620;+0200;0;LH_6085-LH_2443-LH_1910
OSL;0710;+0200;1620;+0200;0;LH_6085-LH_6247-LH_1910
OSL;0830;+0200;1745;+0200;0;SK_480-SK_3671-SK_3707
OSL;0830;+0200;1745;+0200;0;SK_480-SK_3613-SK_3707
MUC;1105;+0200;1210;+0200;0;LH_1908
MUC;1515;+0200;1620;+0200;0;LH_1910
MUC;0655;+0200;0805;+0200;0;LH_1906
MUC;2115;+0200;2225;+0200;0;LH_1914
MUC;1545;+0200;1845;+0200;0;LX_3623-LX_1664
MUC;0710;+0200;1020;+0200;0;OS_7232-OS_521
MUC;0610;+0200;0925;+0200;0;LH_99-LH_324
MUC;1525;+0200;1840;+0200;0;OS_7236-OS_529
MUC;1835;+0200;2150;+0200;0;OS_116-OS_527
MUC;0605;+0200;0925;+0200;0;LH_99-LH_324
MUC;1020;+0200;1340;+0200;0;AB_6026-AB_8862
MUC;1000;+0200;1325;+0200;0;LH_107-LH_326
MUC;1000;+0200;1325;+0200;0;BD_3037-BD_3406
MUC;2010;+0200;2340;+0200;0;LH_123-LH_332
MUC;2000;+0200;2340;+0200;0;LH_123-LH_332
MUC;1350;+0200;1745;+0200;0;BD_3039-BD_3408
MUC;1350;+0200;1745;+0200;0;LH_113-LH_328
MUC;0905;+0200;1305;+0200;0;LH_2004-LH_3212
MUC;1705;+0200;2110;+0200;0;SN_7060-SN_3205
MUC;1805;+0200;2210;+0200;0;AZ_433-AZ_1483
MUC;0720;+0200;1130;+0200;0;AF_1123-AF_1426
MUC;0915;+0200;1325;+0200;0;LH_105-LH_326
MUC;1255;+0200;1710;+0200;0;AF_1723-AF_2026
MUC;1510;+0200;1925;+0200;0;LH_115-LH_330
MUC;0935;+0200;1400;+0200;0;LX_1101-LX_1662
MUC;1830;+0200;2300;+0200;0;AF_2323-AF_2526
MUC;0905;+0200;1340;+0200;0;LH_2004-LH_3212
MUC;1200;+0200;1635;+0200;0;KL_1794-KL_1655
MUC;0705;+0200;1145;+0200;0;KL_1790-KL_1653
MUC;1405;+0200;1845;+0200;0;LX_1105-LX_1664
MUC;1730;+0200;2210;+0200;0;KL_1798-KL_1659
MUC;1805;+0200;2245;+0200;0;AZ_433-AZ_1473
MUC;0930;+0200;1415;+0200;0;AF_1423-AF_1726
MUC;1855;+0200;2340;+0200;0;LH_121-LH_332
NTE;1810;+0200;2110;+0200;0;AF_5866-AF_5566
NTE;1750;+0200;2110;+0200;0;AZ_3679-AZ_7363
NTE;0650;+0200;1020;+0200;0;AF_5858-AF_5562
NTE;0650;+0200;1020;+0200;0;AZ_3671-AZ_7851
NTE;1305;+0200;1650;+0200;0;AF_5862-AF_5564
NTE;1710;+0200;2110;+0200;0;AF_5864-AF_5566
NTE;0720;+0200;1130;+0200;0;AF_7721-AF_1426
NTE;0655;+0200;1145;+0200;0;KL_2032-KL_1653
NTE;0755;+0200;1245;+0200;0;AF_7609-AF_4332
NTE;1150;+0200;1650;+0200;0;AZ_3675-AZ_7361
NTE;1800;+0200;2300;+0200;0;AZ_3669-AZ_7335
NTE;1800;+0200;2300;+0200;0;AF_7731-AF_2526
NTE;1425;+0200;1955;+0200;0;AZ_3667-AZ_7333
NTE;1425;+0200;1955;+0200;0;AF_7727-AF_2226
NTE;1125;+0200;1710;+0200;0;AF_7725-AF_2026
NTE;1125;+0200;1710;+0200;0;AZ_3665-AZ_7331
NTE;1110;+0200;1710;+0200;0;AF_7383-AF_2026
NTE;0640;+0200;1245;+0200;0;AF_5761-AF_4332
NTE;1005;+0200;1635;+0200;0;KL_2048-KL_1655
NTE;0725;+0200;1415;+0200;0;AF_7381-AF_1726
NTE;0720;+0200;1415;+0200;0;AZ_3663-AZ_7329
NTE;0720;+0200;1415;+0200;0;AF_7721-AF_1726
NTE;0850;+0200;1650;+0200;0;AZ_3673-AZ_7361
NTE;1305;+0200;2110;+0200;0;AF_5862-AF_5566
NTE;0840;+0200;1650;+0200;0;AF_5860-AF_5564
NTE;1125;+0200;1955;+0200;0;AZ_3665-AZ_7333
NTE;1125;+0200;1955;+0200;0;AF_7725-AF_2226
NTE;1425;+0200;2300;+0200;0;AF_7727-AF_2526
NTE;1425;+0200;2300;+0200;0;AZ_3667-AZ_7335
NTE;1110;+0200;1955;+0200;0;AF_7383-AF_2226
NTE;0915;+0200;1805;+0200;0;AF_7889-AF_4386
NTE;1150;+0200;2110;+0200;0;AZ_3675-AZ_7363
NTE;0655;+0200;1635;+0200;0;KL_2032-KL_1655
NTE;0725;+0200;1710;+0200;0;AF_7381-AF_2026
NTE;1715;+0200;2110;+0200;0;AF_3265-AF_3215-AF_5566
NTE;1125;+0200;1650;+0200;0;AF_7725-AF_7644-AF_5564
NTE;1410;+0200;1955;+0200;0;AF_3206-AF_7629-AF_2226
NTE;1120;+0200;1710;+0200;0;AF_7861-AF_7785-AF_2026
NTE;1600;+0200;2245;+0200;0;AZ_7383-AZ_1023-AZ_1473
NTE;1110;+0200;1805;+0200;0;AF_7383-AF_6228-AF_4386
NTE;1110;+0200;1805;+0200;0;AF_7383-AF_6216-AF_4386
NTE;1125;+0200;1820;+0200;0;AZ_3665-AZ_7301-AZ_1467
NTE;0720;+0200;1420;+0200;0;AZ_3663-AZ_319-AZ_1475
NTE;1255;+0200;1955;+0200;0;AF_7611-AF_7667-AF_2226
NTE;1540;+0200;2300;+0200;0;AF_5651-AF_7789-AF_2526
NTE;0650;+0200;1415;+0200;0;AF_5858-AF_7653-AF_1726
NTE;0640;+0200;1415;+0200;0;AF_5657-AF_6153-AF_1726
NTE;1425;+0200;2210;+0200;0;AZ_3667-AZ_325-AZ_1483
NTE;1425;+0200;2210;+0200;0;KL_2313-KL_2022-KL_1659
NTE;1425;+0200;2210;+0200;0;KL_2313-KL_2016-KL_1659
NTE;1140;+0200;1955;+0200;0;AF_7691-AF_7667-AF_2226
NTE;1425;+0200;2245;+0200;0;AZ_3667-AZ_327-AZ_1473
NTE;1425;+0200;2245;+0200;0;AZ_3667-AZ_325-AZ_1473
NTE;0840;+0200;1710;+0200;0;AF_5860-AF_7417-AF_2026
NTE;0840;+0200;1710;+0200;0;AF_5860-AF_7641-AF_2026
NTE;1120;+0200;1955;+0200;0;AF_7861-AF_7785-AF_2226
NTE;1120;+0200;1955;+0200;0;AF_7861-AF_6121-AF_2226
NTE;1120;+0200;1955;+0200;0;AF_7861-AF_6123-AF_2226
NTE;1410;+0200;2300;+0200;0;AF_3206-AF_6267-AF_2526
NTE;1410;+0200;2300;+0200;0;AF_3206-AF_7637-AF_2526
NTE;1410;+0200;2300;+0200;0;AF_3206-AF_6269-AF_2526
NTE;1410;+0200;2300;+0200;0;AF_3206-AF_7629-AF_2526
NTE;1150;+0200;2100;+0200;0;AZ_3675-AZ_7839-AZ_1481
NTE;0720;+0200;1635;+0200;0;KL_2309-KL_2012-KL_1655
NTE;0720;+0200;1635;+0200;0;KL_2309-KL_2008-KL_1655
NTE;0720;+0200;1635;+0200;0;KL_2309-KL_1230-KL_1655
NTE;0720;+0200;1635;+0200;0;KL_2309-KL_1228-KL_1655
NTE;0755;+0200;1710;+0200;0;AF_7609-AF_7663-AF_2026
NTE;0755;+0200;1710;+0200;0;AF_3202-AF_7625-AF_2026
NTE;0755;+0200;1710;+0200;0;AF_3202-AF_6259-AF_2026
NTE;0755;+0200;1710;+0200;0;AF_3202-AF_6281-AF_2026
NTE;0755;+0200;1710;+0200;0;AF_3202-AF_6261-AF_2026
NTE;1040;+0200;1955;+0200;0;AF_5767-AF_7667-AF_2226
NTE;1040;+0200;1955;+0200;0;AF_5767-AF_7665-AF_2226
NTE;0725;+0200;1650;+0200;0;AF_7381-AF_7414-AF_5564
NTE;0725;+0200;1650;+0200;0;AF_7381-AF_7644-AF_5564
NTE;0720;+0200;1650;+0200;0;AF_7721-AF_7652-AF_5564
NTE;0720;+0200;1650;+0200;0;AF_7721-AF_7414-AF_5564
NTE;0720;+0200;1650;+0200;0;AF_7721-AF_7644-AF_5564
NTE;0740;+0200;1710;+0200;0;AF_5333-AF_6209-AF_2026
NTE;0740;+0200;1710;+0200;0;AF_5333-AF_7701-AF_2026
NTE;0740;+0200;1710;+0200;0;AF_5333-AF_6207-AF_2026
NTE;1125;+0200;2100;+0200;0;AZ_3665-AZ_7307-AZ_1481
NTE;1125;+0200;2100;+0200;0;AZ_3665-AZ_7301-AZ_1481
NTE;1125;+0200;2100;+0200;0;AZ_3665-AZ_7305-AZ_1481
NTE;0720;+0200;1705;+0200;0;AZ_3663-AZ_319-AZ_1479
NTE;0720;+0200;1705;+0200;0;AZ_3663-AZ_333-AZ_1479
NTE;1125;+0200;2110;+0200;0;AF_7725-AF_7644-AF_5566
NTE;1125;+0200;2110;+0200;0;AF_7725-AF_7646-AF_5566
AMS;1450;+0200;1635;+0200;0;KL_1655
AMS;1450;+0200;1635;+0200;0;AZ_7735
AMS;2025;+0200;2210;+0200;0;KL_1659
AMS;0955;+0200;1145;+0200;0;AZ_7733
AMS;0955;+0200;1145;+0200;0;KL_1653
AMS;0850;+0200;1210;+0200;0;LH_2301-LH_1908
AMS;1905;+0200;2225;+0200;0;LH_2309-LH_1914
AMS;2005;+0200;2340;+0200;0;LH_999-LH_332
AMS;0945;+0200;1325;+0200;0;UA_9195-UA_9086
AMS;0945;+0200;1325;+0200;0;LH_987-LH_326
AMS;0940;+0200;1325;+0200;0;UA_9195-UA_9086
AMS;1455;+0200;1845;+0200;0;LX_729-LX_1664
AMS;0945;+0200;1345;+0200;0;UA_9195-UA_9086
AMS;0940;+0200;1345;+0200;0;UA_9195-UA_9086
AMS;1300;+0200;1705;+0200;0;AZ_107-AZ_1479
AMS;1300;+0200;1705;+0200;0;KL_3401-KL_3599
AMS;1745;+0200;2150;+0200;0;OS_374-OS_527
AMS;1855;+0200;2300;+0200;0;AF_2041-AF_2526
AMS;1410;+0200;1820;+0200;0;KL_1603-KL_3448
AMS;1410;+0200;1820;+0200;0;AZ_7729-AZ_1467
AMS;0715;+0200;1130;+0200;0;AF_8227-AF_1426
AMS;0945;+0200;1400;+0200;0;LX_725-LX_1662
AMS;1645;+0200;2100;+0200;0;AZ_7715-AZ_1481
AMS;1645;+0200;2100;+0200;0;KL_1607-KL_3601
AMS;1810;+0200;2225;+0200;0;BA_2763-BA_2588
AMS;1825;+0200;2245;+0200;0;AZ_111-AZ_1473
AMS;1825;+0200;2245;+0200;0;KL_3405-KL_3503
AMS;1320;+0200;1745;+0200;0;LH_991-LH_328
AMS;1455;+0200;1925;+0200;0;LH_993-LH_330
AMS;1220;+0200;1655;+0200;0;BA_2761-BA_2584
AMS;1520;+0200;1955;+0200;0;AF_1741-AF_2226
AMS;0940;+0200;1420;+0200;0;KL_1601-KL_3505
AMS;0940;+0200;1420;+0200;0;AZ_7713-AZ_1475
AMS;1230;+0200;1710;+0200;0;AF_8233-AF_2026
AMS;0645;+0200;1130;+0200;0;AF_8223-AF_1426
AMS;0930;+0200;1415;+0200;0;AF_1241-AF_1726
AMS;1710;+0200;2210;+0200;0;AZ_109-AZ_1483
AMS;1710;+0200;2210;+0200;0;KL_3403-KL_3603
AMS;1800;+0200;2300;+0200;0;AF_8241-AF_2526
AMS;1720;+0200;2225;+0200;0;LH_2307-LH_1914
AMS;0700;+0200;1210;+0200;0;LH_2313-LH_1908
AMS;1830;+0200;2340;+0200;0;LH_997-LH_332
AMS;1105;+0200;1620;+0200;0;LH_2303-LH_1910
AMS;1300;+0200;1820;+0200;0;AZ_107-AZ_1467
AMS;1300;+0200;1820;+0200;0;KL_3401-KL_3448
AMS;1645;+0200;2210;+0200;0;KL_1607-KL_3603
AMS;1645;+0200;2210;+0200;0;AZ_7715-AZ_1483
AMS;0720;+0200;1250;+0200;0;AA_6434-AA_6317
AMS;0720;+0200;1250;+0200;0;BA_423-BA_578
AMS;1710;+0200;2245;+0200;0;KL_3403-KL_3503
AMS;1710;+0200;2245;+0200;0;AZ_109-AZ_1473
AMS;0645;+0200;1240;+0200;0;SK_558-SK_1847
AMS;1355;+0200;1955;+0200;0;AF_1641-AF_2226
AMS;1645;+0200;2245;+0200;0;KL_1607-KL_3503
AMS;1645;+0200;2245;+0200;0;AZ_7715-AZ_1473
AMS;0715;+0200;1320;+0200;0;AZ_7711-AZ_1469
AMS;0715;+0200;1320;+0200;0;KL_1597-KL_2775
AMS;1320;+0200;1925;+0200;0;LH_991-LH_330
AMS;1655;+0200;2300;+0200;0;AF_8239-AF_2526
AMS;1215;+0200;1825;+0200;0;IB_3245-IB_3630
AMS;0800;+0200;1415;+0200;0;AF_8229-AF_1726
AMS;0705;+0200;1325;+0200;0;UA_9156-UA_9086
AMS;0705;+0200;1325;+0200;0;LH_1003-LH_326
AMS;1030;+0200;1655;+0200;0;BA_429-BA_2584
AMS;1045;+0200;1710;+0200;0;AF_1341-AF_2026
AMS;1020;+0200;1650;+0200;0;AA_6253-AA_6235
AMS;1530;+0200;2200;+0200;0;IB_3251-IB_3632
HEL;0915;+0300;1110;+0200;0;AY_771
HEL;1305;+0300;1620;+0200;0;LH_2463-LH_1910
HEL;1855;+0300;2225;+0200;0;LH_2465-LH_1914
HEL;0700;+0300;1035;+0200;0;AB_8311-AB_8990
HEL;1410;+0300;1745;+0200;0;BD_3123-BD_3408
HEL;0955;+0300;1340;+0200;0;BT_340-BT_627
HEL;0955;+0300;1340;+0200;0;BT_302-BT_627
HEL;1450;+0300;1840;+0200;0;OS_346-OS_529
HEL;1005;+0300;1400;+0200;0;LX_4791-LX_1662
HEL;1805;+0300;2210;+0200;0;KL_1170-KL_1659
HEL;0905;+0300;1325;+0200;0;LH_853-LH_326
HEL;0905;+0300;1325;+0200;0;UA_9047-UA_9086
HEL;0905;+0300;1325;+0200;0;SK_3607-SK_3777
HEL;0905;+0300;1325;+0200;0;BD_3125-BD_3406
HEL;1450;+0300;1925;+0200;0;SK_3675-SK_3395
HEL;1450;+0300;1925;+0200;0;LH_849-LH_330
HEL;1450;+0300;1925;+0200;0;NH_6172-NH_6201
HEL;0800;+0300;1240;+0200;0;SK_6421-SK_1847
HEL;0905;+0300;1345;+0200;0;UA_9047-UA_9086
HEL;1300;+0300;1740;+0200;0;UA_9049-UA_9165
HEL;1300;+0300;1745;+0200;0;BD_3121-BD_3408
HEL;1300;+0300;1745;+0200;0;LH_847-LH_328
HEL;1300;+0300;1745;+0200;0;UA_9049-UA_9165
HEL;0925;+0300;1415;+0200;0;AF_1499-AF_1726
HEL;1850;+0300;2340;+0200;0;LH_851-LH_332
HEL;1850;+0300;2340;+0200;0;SK_3615-SK_3709
HEL;1215;+0300;1710;+0200;0;AF_1099-AF_2026
HEL;0820;+0300;1325;+0200;0;UA_9047-UA_9086
HEL;0635;+0300;1145;+0200;0;AZ_3809-AZ_7733
HEL;0635;+0300;1145;+0200;0;KL_1164-KL_1653
HEL;0830;+0300;1340;+0200;0;BT_302-BT_627
HEL;1125;+0300;1635;+0200;0;KL_1166-KL_1655
HEL;1125;+0300;1635;+0200;0;AZ_5109-AZ_7735
HEL;0655;+0300;1210;+0200;0;UA_9099-UA_9267
HEL;0655;+0300;1210;+0200;0;LH_2467-LH_1908
HEL;1410;+0300;1925;+0200;0;BD_3123-BD_3410
HEL;0820;+0300;1345;+0200;0;UA_9047-UA_9086
HEL;0700;+0300;1240;+0200;0;SK_707-SK_1847
HEL;1300;+0300;1925;+0200;0;LH_847-LH_330
HEL;1300;+0300;1925;+0200;0;BD_3121-BD_3410
HEL;0655;+0300;1325;+0200;0;UA_8736-UA_9086
HEL;0655;+0300;1325;+0200;0;LH_855-LH_326
HEL;0655;+0300;1325;+0200;0;SK_3679-SK_3777
HEL;0735;+0300;1415;+0200;0;AF_2299-AF_1726
HEL;0655;+0300;1345;+0200;0;UA_8736-UA_9086
HEL;0630;+0300;1325;+0200;0;UA_8736-UA_9086
HEL;1605;+0300;2300;+0200;0;AF_1799-AF_2526
HEL;1450;+0300;2150;+0200;0;OS_346-OS_527
HEL;0630;+0300;1345;+0200;0;UA_8736-UA_9086
HEL;0700;+0300;1420;+0200;0;AB_8311-AB_8990
HEL;0655;+0300;1425;+0200;0;UA_9099-UA_9273
HEL;1215;+0300;1955;+0200;0;AF_1099-AF_2226
HEL;0925;+0300;1710;+0200;0;AF_1499-AF_2026
HEL;1405;+0300;2210;+0200;0;KL_1168-KL_1659
HEL;1405;+0300;2225;+0200;0;BA_6079-BA_2588
HEL;0505;+0300;1340;+0200;0;BT_330-BT_627
HEL;0905;+0300;1740;+0200;0;UA_9047-UA_9165
HEL;0905;+0300;1745;+0200;0;SK_3607-SK_3707
HEL;0905;+0300;1745;+0200;0;LH_853-LH_328
HEL;0905;+0300;1745;+0200;0;UA_9047-UA_9165
HEL;0905;+0300;1745;+0200;0;BD_3125-BD_3408
HEL;1005;+0300;1845;+0200;0;LX_4791-LX_1664
GVA;0600;+0200;0840;+0200;0;LX_2801-LX_1660
GVA;1105;+0200;1400;+0200;0;LX_2809-LX_1662
GVA;0900;+0200;1210;+0200;0;LH_2381-LH_1908
GVA;1905;+0200;2225;+0200;0;LH_2387-LH_1914
GVA;1255;+0200;1620;+0200;0;LH_2383-LH_1910
GVA;1840;+0200;2210;+0200;0;AZ_577-AZ_1483
GVA;2005;+0200;2340;+0200;0;BD_3101-BD_3402
GVA;2005;+0200;2340;+0200;0;LH_1225-LH_332
GVA;1505;+0200;1845;+0200;0;LX_2813-LX_1664
GVA;2000;+0200;2340;+0200;0;BD_3117-BD_3402
GVA;1030;+0200;1415;+0200;0;AF_1643-AF_1726
GVA;1010;+0200;1400;+0200;0;LX_2807-LX_1662
GVA;1720;+0200;2110;+0200;0;SN_2720-SN_3205
GVA;0730;+0200;1130;+0200;0;AF_1243-AF_1426
GVA;1340;+0200;1745;+0200;0;BD_3115-BD_3408
GVA;1340;+0200;1745;+0200;0;LH_1217-LH_328
GVA;1745;+0200;2150;+0200;0;OS_582-OS_527
GVA;1840;+0200;2245;+0200;0;AZ_577-AZ_1473
GVA;0915;+0200;1325;+0200;0;LH_1213-LH_326
GVA;0915;+0200;1325;+0200;0;BD_3099-BD_3406
GVA;1510;+0200;1925;+0200;0;BD_3107-BD_3410
GVA;1510;+0200;1925;+0200;0;LH_1219-LH_330
GVA;0840;+0200;1305;+0200;0;LH_3161-LH_3212
GVA;0715;+0200;1145;+0200;0;KL_1924-KL_1653
GVA;1525;+0200;1955;+0200;0;AF_2143-AF_2226
GVA;1830;+0200;2300;+0200;0;AF_2443-AF_2526
GVA;1155;+0200;1635;+0200;0;KL_1928-KL_1655
GVA;1400;+0200;1845;+0200;0;LX_2811-LX_1664
GVA;0840;+0200;1340;+0200;0;LH_3161-LH_3212
GVA;1205;+0200;1710;+0200;0;AF_1843-AF_2026
GVA;1705;+0200;2210;+0200;0;KL_1932-KL_1659
GVA;1835;+0200;2340;+0200;0;LH_1223-LH_332
GVA;1835;+0200;2340;+0200;0;BD_3119-BD_3402
GVA;1200;+0200;1710;+0200;0;AF_1843-AF_2026
GVA;0900;+0200;1415;+0200;0;AF_1543-AF_1726
GVA;0730;+0200;1250;+0200;0;AA_6333-AA_6317
GVA;0730;+0200;1250;+0200;0;BA_723-BA_578
GVA;0645;+0200;1210;+0200;0;LH_2391-LH_1908
GVA;1700;+0200;2225;+0200;0;LH_2385-LH_1914
GVA;1130;+0200;1705;+0200;0;AZ_575-AZ_1479
GVA;1340;+0200;1925;+0200;0;LH_1217-LH_330
GVA;1340;+0200;1925;+0200;0;BD_3115-BD_3410
GVA;1750;+0200;2340;+0200;0;BD_3103-BD_3402
GVA;1750;+0200;2340;+0200;0;LH_1221-LH_332
GVA;1400;+0200;1955;+0200;0;AF_2043-AF_2226
GVA;1700;+0200;2300;+0200;0;AF_2343-AF_2526
VIE;1730;+0200;1840;+0200;0;OS_529
VIE;0905;+0200;1020;+0200;0;OS_521
VIE;2035;+0200;2150;+0200;0;BD_2797
VIE;2035;+0200;2150;+0200;0;OS_527
VIE;0915;+0200;1210;+0200;0;LH_2325-LH_1908
VIE;1300;+0200;1620;+0200;0;LH_2329-LH_1910
VIE;1525;+0200;1845;+0200;0;LX_3555-LX_1664
VIE;1050;+0200;1420;+0200;0;AB_8269-AB_8990
VIE;0925;+0200;1305;+0200;0;LH_3089-LH_3212
VIE;1830;+0200;2210;+0200;0;AZ_191-AZ_1483
VIE;2000;+0200;2340;+0200;0;LH_6337-LH_332
VIE;2000;+0200;2340;+0200;0;LH_6925-LH_332
VIE;1535;+0200;1925;+0200;0;LH_6339-LH_330
VIE;1450;+0200;1845;+0200;0;LX_1579-LX_1664
VIE;1000;+0200;1400;+0200;0;LX_1575-LX_1662
VIE;0625;+0200;1035;+0200;0;AB_8203-AB_8990
VIE;0910;+0200;1325;+0200;0;LH_6917-LH_326
VIE;0925;+0200;1340;+0200;0;LH_3089-LH_3212
VIE;1830;+0200;2245;+0200;0;AZ_191-AZ_1473
VIE;1920;+0200;2340;+0200;0;BD_2987-BD_3402
VIE;1920;+0200;2340;+0200;0;LH_1243-LH_332
VIE;1315;+0200;1745;+0200;0;LH_6333-LH_328
VIE;0850;+0200;1325;+0200;0;LH_1233-LH_326
VIE;0850;+0200;1325;+0200;0;BD_2981-BD_3406
VIE;0850;+0200;1325;+0200;0;UA_9340-UA_9086
VIE;1310;+0200;1745;+0200;0;LH_6333-LH_328
VIE;1450;+0200;1925;+0200;0;LH_1239-LH_330
VIE;1450;+0200;1925;+0200;0;BD_2985-BD_3410
VIE;1750;+0200;2225;+0200;0;LH_2331-LH_1914
VIE;1220;+0200;1705;+0200;0;AZ_189-AZ_1479
VIE;0655;+0200;1145;+0200;0;KL_1838-KL_1653
VIE;0850;+0200;1345;+0200;0;UA_9340-UA_9086
VIE;1455;+0200;1955;+0200;0;AF_1657-AF_2226
VIE;0830;+0200;1340;+0200;0;AB_8181-AB_8862
VIE;1830;+0200;2340;+0200;0;LH_1241-LH_332
VIE;1100;+0200;1620;+0200;0;LH_2327-LH_1910
VIE;0810;+0200;1340;+0200;0;BT_432-BT_627
PRG;0925;+0200;1210;+0200;0;LH_1689-LH_1908
PRG;0915;+0200;1210;+0200;0;LH_1689-LH_1908
PRG;1840;+0200;2150;+0200;0;OS_710-OS_527
PRG;0600;+0200;0925;+0200;0;LH_1403-LH_324
PRG;0955;+0200;1325;+0200;0;BD_2993-BD_3406
PRG;0955;+0200;1325;+0200;0;LH_1393-LH_326
PRG;1250;+0200;1620;+0200;0;LH_1691-LH_1910
PRG;1510;+0200;1840;+0200;0;OS_708-OS_529
PRG;0925;+0200;1305;+0200;0;LH_3051-LH_3212
PRG;1730;+0200;2110;+0200;0;AF_5904-AF_5566
PRG;1010;+0200;1400;+0200;0;LX_1485-LX_1662
PRG;1450;+0200;1845;+0200;0;LX_1487-LX_1664
PRG;1345;+0200;1745;+0200;0;BD_2991-BD_3408
PRG;1345;+0200;1745;+0200;0;LH_1397-LH_328
PRG;1710;+0200;2110;+0200;0;SN_2812-SN_3205
PRG;1245;+0200;1650;+0200;0;AF_5902-AF_5564
PRG;1005;+0200;1415;+0200;0;AF_1383-AF_1726
PRG;1930;+0200;2340;+0200;0;BD_2995-BD_3402
PRG;1930;+0200;2340;+0200;0;LH_1401-LH_332
PRG;0925;+0200;1340;+0200;0;LH_3051-LH_3212
PRG;1540;+0200;1955;+0200;0;AF_1983-AF_2226
PRG;1535;+0200;1955;+0200;0;AF_1983-AF_2226
PRG;0700;+0200;1145;+0200;0;KL_3120-KL_1653
PRG;1715;+0200;2210;+0200;0;KL_3122-KL_1659
PRG;0710;+0200;1210;+0200;0;LH_1697-LH_1908
PRG;1705;+0200;2210;+0200;0;KL_3122-KL_1659
PRG;1720;+0200;2225;+0200;0;LH_1693-LH_1914
PRG;1235;+0200;1745;+0200;0;LH_1395-LH_328
PRG;1745;+0200;2300;+0200;0;AF_1783-AF_2526
PRG;1820;+0200;2340;+0200;0;LH_1399-LH_332
PRG;1345;+0200;1925;+0200;0;BD_2991-BD_3410
PRG;1345;+0200;1925;+0200;0;LH_1397-LH_330
PRG;1715;+0200;2300;+0200;0;AF_1987-AF_2526
LIS;0800;+0100;1200;+0200;0;AZ_7775
LIS;0800;+0100;1200;+0200;0;TP_878
LIS;1635;+0100;2200;+0200;0;IB_3103-IB_3632
LIS;1235;+0100;1825;+0200;0;IB_3109-IB_3630
LIS;0615;+0100;1210;+0200;0;LH_1793-LH_1908
LIS;0615;+0100;1210;+0200;0;UA_8957-UA_9267
LIS;0730;+0100;1325;+0200;0;JK_9432-JK_81
LIS;0820;+0100;1415;+0200;0;AF_2325-AF_1726
LIS;1115;+0100;1710;+0200;0;AF_1025-AF_2026
LIS;0720;+0100;1320;+0200;0;AZ_7761-AZ_1469
LIS;0800;+0100;1400;+0200;0;LX_4581-LX_1662
LIS;1455;+0100;2110;+0200;0;SN_6404-SN_3205
LIS;0655;+0100;1325;+0200;0;UA_8862-UA_9086
LIS;0655;+0100;1325;+0200;0;BD_3351-BD_3406
LIS;0655;+0100;1325;+0200;0;LH_1173-LH_326
LIS;1215;+0100;1845;+0200;0;LX_2085-LX_1664
LIS;0650;+0100;1325;+0200;0;UA_8862-UA_9086
LIS;1535;+0100;2210;+0200;0;KL_1694-KL_1659
LIS;1420;+0100;2100;+0200;0;AZ_7767-AZ_1481
LIS;0655;+0100;1345;+0200;0;UA_8862-UA_9086
LIS;1650;+0100;2340;+0200;0;LH_1169-LH_332
LIS;0650;+0100;1345;+0200;0;UA_8862-UA_9086
LIS;0720;+0100;1420;+0200;0;AZ_7761-AZ_1475
LIS;1205;+0100;1925;+0200;0;BD_3349-BD_3410
LIS;1205;+0100;1925;+0200;0;LH_1167-LH_330
LIS;1535;+0100;2300;+0200;0;AF_1625-AF_2526
LIS;1535;+0100;2300;+0200;0;AZ_2627-AZ_7335
LIS;0930;+0100;1705;+0200;0;AZ_7765-AZ_1479
LIS;1420;+0100;2210;+0200;0;AZ_7767-AZ_1483
LIS;0615;+0100;1425;+0200;0;UA_8957-UA_9273
LIS;1415;+0100;2225;+0200;0;LH_1791-LH_1914
LIS;0600;+0100;1415;+0200;0;AZ_2899-AZ_7329
LIS;0600;+0100;1415;+0200;0;AF_2325-AF_1726
LIS;1235;+0100;2050;+0200;0;BD_5566-BD_5555
LIS;0800;+0100;1620;+0200;0;LH_6951-LH_1910
LIS;1330;+0100;2150;+0200;0;OS_8154-OS_527
LIS;1000;+0100;1825;+0200;0;IB_3111-IB_3630
LIS;1245;+0100;2110;+0200;0;SN_6410-SN_3205
LIS;1420;+0100;2245;+0200;0;AZ_7767-AZ_1473
LIS;1235;+0100;2110;+0200;0;SN_3816-SN_3205
LIS;1115;+0100;1955;+0200;0;AZ_2597-AZ_7333
LIS;1115;+0100;1955;+0200;0;AF_1025-AF_2226
LIS;0820;+0100;1710;+0200;0;AF_2325-AF_2026
LIS;0930;+0100;1820;+0200;0;AZ_7765-AZ_1467
LIS;1335;+0100;2225;+0200;0;BA_507-BA_2588
LIS;0835;+0100;1745;+0200;0;LH_6955-LH_328
LIS;0715;+0100;1635;+0200;0;KL_1692-KL_1655
LIS;1420;+0100;2340;+0200;0;LH_6953-LH_332
LIS;1235;+0100;2200;+0200;0;IB_3109-IB_3632
LIS;0720;+0100;1705;+0200;0;AZ_7761-AZ_1479
NCE;1700;+0200;1805;+0200;0;AF_4386
NCE;1350;+0200;1650;+0200;0;AF_7836-AF_5564
NCE;1350;+0200;1650;+0200;0;AF_7837-AF_5564
NCE;1810;+0200;2110;+0200;0;AF_7835-AF_5566
NCE;1110;+0200;1420;+0200;0;AZ_343-AZ_1475
NCE;1040;+0200;1400;+0200;0;LX_563-LX_1662
NCE;1905;+0200;2225;+0200;0;LH_2277-LH_1914
NCE;0655;+0200;1020;+0200;0;AF_7838-AF_5562
NCE;1920;+0200;2245;+0200;0;AZ_355-AZ_1473
NCE;0650;+0200;1020;+0200;0;OS_424-OS_521
NCE;0840;+0200;1210;+0200;0;LH_2271-LH_1908
NCE;1250;+0200;1620;+0200;0;LH_2273-LH_1910
NCE;1445;+0200;1845;+0200;0;LX_569-LX_1664
NCE;1515;+0200;1925;+0200;0;LH_1061-LH_330
NCE;1515;+0200;1925;+0200;0;BD_3241-BD_3410
NCE;1515;+0200;1925;+0200;0;NH_6134-NH_6201
NCE;1850;+0200;2300;+0200;0;AF_7709-AF_2526
NCE;0710;+0200;1130;+0200;0;AF_7711-AF_1426
NCE;1230;+0200;1710;+0200;0;TU_761-TU_472
NCE;1730;+0200;2210;+0200;0;KL_1268-KL_1659
NCE;1850;+0200;2340;+0200;0;LH_1065-LH_332
NCE;1555;+0200;2050;+0200;0;BD_5446-BD_5555
NCE;1610;+0200;2110;+0200;0;SN_3622-SN_3205
NCE;0625;+0200;1130;+0200;0;AF_7713-AF_1426
NCE;1130;+0200;1635;+0200;0;KL_1262-KL_1655
NCE;1715;+0200;2225;+0200;0;LH_2275-LH_1914
NCE;0625;+0200;1145;+0200;0;KL_1260-KL_1653
NCE;0730;+0200;1250;+0200;0;BA_341-BA_578
NCE;0730;+0200;1250;+0200;0;AA_6587-AA_6317
NCE;0600;+0200;1130;+0200;0;AF_7713-AF_1426
NCE;0640;+0200;1210;+0200;0;LH_2279-LH_1908
NCE;1110;+0200;1705;+0200;0;AZ_343-AZ_1479
ZRH;0735;+0200;0840;+0200;0;LX_1660
ZRH;1255;+0200;1400;+0200;0;LX_1662
ZRH;1255;+0200;1400;+0200;0;UA_9794
ZRH;1740;+0200;1845;+0200;0;LX_1664
ZRH;1330;+0200;1620;+0200;0;LH_2369-LH_1910
ZRH;0910;+0200;1210;+0200;0;LH_2367-LH_1908
ZRH;1920;+0200;2225;+0200;0;LH_5789-LH_1914
ZRH;0710;+0200;1020;+0200;0;OS_8802-OS_521
ZRH;1010;+0200;1325;+0200;0;LH_1187-LH_326
ZRH;1010;+0200;1325;+0200;0;BD_3553-BD_3406
ZRH;2005;+0200;2340;+0200;0;LH_1199-LH_332
ZRH;2005;+0200;2340;+0200;0;BD_3555-BD_3402
ZRH;0635;+0200;1035;+0200;0;AB_8121-AB_8990
ZRH;0905;+0200;1305;+0200;0;LH_3135-LH_3212
ZRH;1215;+0200;1620;+0200;0;LH_5785-LH_1910
ZRH;1340;+0200;1745;+0200;0;BD_3557-BD_3408
ZRH;1340;+0200;1745;+0200;0;LH_1191-LH_328
ZRH;1520;+0200;1925;+0200;0;LH_1193-LH_330
ZRH;1520;+0200;1925;+0200;0;BD_3559-BD_3410
ZRH;1745;+0200;2150;+0200;0;OS_564-OS_527
ZRH;0625;+0200;1035;+0200;0;AB_8121-AB_8990
ZRH;0910;+0200;1325;+0200;0;LH_1185-LH_326
ZRH;0910;+0200;1325;+0200;0;BD_3561-BD_3406
ZRH;1655;+0200;2110;+0200;0;SN_5112-SN_3205
ZRH;0950;+0200;1415;+0200;0;AF_5101-AF_1726
ZRH;0905;+0200;1340;+0200;0;LH_3135-LH_3212
ZRH;1905;+0200;2340;+0200;0;LH_5779-LH_332
ZRH;1155;+0200;1635;+0200;0;KL_1958-KL_1655
ZRH;1710;+0200;2150;+0200;0;OS_8806-OS_527
ZRH;1730;+0200;2210;+0200;0;KL_1962-KL_1659
ZRH;0655;+0200;1145;+0200;0;KL_1952-KL_1653
ZRH;1700;+0200;2150;+0200;0;OS_8806-OS_527
ZRH;1730;+0200;2225;+0200;0;LH_2371-LH_1914
ZRH;0710;+0200;1210;+0200;0;LH_5783-LH_1908
ZRH;0630;+0200;1135;+0200;0;AB_8683-AB_8982
ZRH;0815;+0200;1325;+0200;0;LH_5773-LH_326
ZRH;1750;+0200;2300;+0200;0;AF_5107-AF_2526
DUB;1130;+0100;1635;+0200;0;KL_3156-KL_1655
DUB;1730;+0100;2300;+0200;0;AF_5007-AF_2526
DUB;1730;+0100;2300;+0200;0;AZ_3579-AZ_7335
DUB;1810;+0100;2340;+0200;0;LH_981-LH_332
DUB;0600;+0100;1145;+0200;0;KL_3152-KL_1653
DUB;1200;+0100;1745;+0200;0;LH_979-LH_328
DUB;0640;+0100;1250;+0200;0;BA_5952-BA_578
DUB;0650;+0100;1325;+0200;0;LH_983-LH_326
DUB;0945;+0100;1635;+0200;0;KL_3154-KL_1655
DUB;1445;+0100;2200;+0200;0;IB_8071-IB_3632
DUB;1200;+0100;1925;+0200;0;LH_979-LH_330
DUB;1115;+0100;1845;+0200;0;LX_401-LX_1664
DUB;1440;+0100;2225;+0200;0;BA_5968-BA_2588
DUB;0620;+0100;1415;+0200;0;AF_5003-AF_1726
DUB;0620;+0100;1415;+0200;0;AZ_3575-AZ_7329
DUB;0910;+0100;1710;+0200;0;AF_5001-AF_2026
DUB;0910;+0100;1710;+0200;0;AZ_3573-AZ_7331
DUB;1155;+0100;1955;+0200;0;AF_5005-AF_2226
DUB;1155;+0100;1955;+0200;0;AZ_3577-AZ_7333
DUB;1500;+0100;2300;+0200;0;AF_5009-AF_2526
DUB;1500;+0100;2300;+0200;0;AZ_3581-AZ_7335
DUB;0850;+0100;1655;+0200;0;BA_5956-BA_2584
DUB;0840;+0100;1655;+0200;0;BA_5832-BA_2584
DUB;1330;+0100;2210;+0200;0;KL_3158-KL_1659
DUB;1340;+0100;2225;+0200;0;BA_5966-BA_2588
DUB;0730;+0100;1655;+0200;0;BA_5954-BA_2584
DUB;1245;+0100;2225;+0200;0;BA_5836-BA_2588
DUB;0640;+0100;1655;+0200;0;BA_5952-BA_2584
DUB;0640;+0100;1655;+0200;0;BA_5830-BA_2584
DUB;1210;+0100;2225;+0200;0;BA_5964-BA_2588
DUB;1430;+0100;2225;+0200;0;LH_6500-LH_2479-LH_1914
DUB;1345;+0100;2225;+0200;0;LH_6480-LH_2479-LH_1914
DUB;1040;+0100;1925;+0200;0;BD_122-BD_3229-BD_3410
DUB;0910;+0100;1805;+0200;0;AF_5001-AF_7714-AF_4386
DUB;0840;+0100;1745;+0200;0;BD_122-BD_3197-BD_3408
DUB;0840;+0100;1745;+0200;0;LH_6632-LH_905-LH_328
DUB;1155;+0100;2100;+0200;0;AZ_3577-AZ_7305-AZ_1481
DUB;0910;+0100;1820;+0200;0;AZ_3573-AZ_7301-AZ_1467
DUB;1430;+0100;2340;+0200;0;LH_6500-LH_915-LH_332
DUB;1430;+0100;2340;+0200;0;BD_124-BD_3235-BD_3402
DUB;1430;+0100;2340;+0200;0;LH_6500-LH_911-LH_332
DUB;1430;+0100;2340;+0200;0;BD_124-BD_3199-BD_3402
DUB;1430;+0100;2340;+0200;0;BD_124-BD_3233-BD_3402
DUB;1430;+0100;2340;+0200;0;LH_6500-LH_917-LH_332
DUB;0650;+0100;1620;+0200;0;LH_983-LH_110-LH_1910
DUB;0650;+0100;1620;+0200;0;LH_983-LH_108-LH_1910
DUB;0720;+0100;1710;+0200;0;AF_5118-AF_5021-AF_2026
DUB;1345;+0100;2340;+0200;0;BD_124-BD_3199-BD_3402
DUB;1345;+0100;2340;+0200;0;LH_6480-LH_911-LH_332
DUB;1345;+0100;2340;+0200;0;LH_6480-LH_899-LH_332
DUB;1345;+0100;2340;+0200;0;LH_6480-LH_917-LH_332
DUB;1345;+0100;2340;+0200;0;BD_124-BD_3235-BD_3402
DUB;1345;+0100;2340;+0200;0;LH_6480-LH_937-LH_332
DUB;1345;+0100;2340;+0200;0;LH_6480-LH_915-LH_332
DUB;1345;+0100;2340;+0200;0;BD_124-BD_3471-BD_3402
DUB;1345;+0100;2340;+0200;0;BD_124-BD_3233-BD_3402
DUB;1155;+0100;2210;+0200;0;AZ_3577-AZ_7305-AZ_1483
DUB;1155;+0100;2210;+0200;0;AZ_3577-AZ_325-AZ_1483
MIL;1110;+0200;1400;+0200;0;LX_1617-LX_1662
MIL;1815;+0200;2110;+0200;0;AF_3297-AF_5566
MIL;1350;+0200;1650;+0200;0;AF_3295-AF_5564
MIL;1800;+0200;2100;+0200;0;AZ_2097-AZ_1481
MIL;0630;+0200;0935;+0200;0;AZ_2009-AZ_1471
MIL;0800;+0200;1105;+0200;0;AZ_2021-AZ_1465
MIL;1115;+0200;1420;+0200;0;AZ_1019-AZ_1475
MIL;1400;+0200;1705;+0200;0;AZ_2049-AZ_1479
MIL;1515;+0200;1820;+0200;0;AZ_1027-AZ_1467
MIL;1905;+0200;2210;+0200;0;AZ_2313-AZ_1483
MIL;0655;+0200;1005;+0200;0;AZ_7195-AZ_1635
MIL;0715;+0200;1025;+0200;0;AZ_2017-AZ_1463
MIL;1110;+0200;1420;+0200;0;AZ_2315-AZ_1475
MIL;1310;+0200;1620;+0200;0;LH_1857-LH_1910
MIL;1900;+0200;2210;+0200;0;AZ_2109-AZ_1483
MIL;0710;+0200;1025;+0200;0;AZ_2311-AZ_1463
MIL;0750;+0200;1105;+0200;0;AZ_2011-AZ_1465
MIL;1430;+0200;1745;+0200;0;LH_253-LH_328
MIL;1910;+0200;2225;+0200;0;LH_1863-LH_1914
MIL;1930;+0200;2245;+0200;0;AZ_2113-AZ_1473
MIL;0850;+0200;1210;+0200;0;LH_1853-LH_1908
MIL;1000;+0200;1320;+0200;0;AZ_2039-AZ_1469
MIL;1100;+0200;1420;+0200;0;AZ_2045-AZ_1475
MIL;1500;+0200;1820;+0200;0;AZ_2071-AZ_1467
MIL;1925;+0200;2245;+0200;0;AZ_1023-AZ_1473
MIL;0655;+0200;1020;+0200;0;OS_540-OS_521
MIL;0700;+0200;1025;+0200;0;AZ_2013-AZ_1463
MIL;0740;+0200;1105;+0200;0;AZ_2019-AZ_1465
MIL;1845;+0200;2210;+0200;0;AZ_2107-AZ_1483
MIL;0635;+0200;1005;+0200;0;AZ_7911-AZ_1295
MIL;0655;+0200;1025;+0200;0;AZ_1017-AZ_1463
MIL;1730;+0200;2100;+0200;0;AZ_2063-AZ_1481
MIL;0730;+0200;1105;+0200;0;AZ_2015-AZ_1465
MIL;1830;+0200;2210;+0200;0;AZ_2067-AZ_1483
MIL;1905;+0200;2245;+0200;0;AZ_2313-AZ_1473
MIL;0635;+0200;1020;+0200;0;AZ_7828-AZ_7851
MIL;0635;+0200;1020;+0200;0;AF_3291-AF_5562
MIL;1900;+0200;2245;+0200;0;AZ_2109-AZ_1473
MIL;0715;+0200;1105;+0200;0;AZ_2017-AZ_1465
MIL;0930;+0200;1320;+0200;0;AZ_2033-AZ_1469
MIL;1030;+0200;1420;+0200;0;AZ_2027-AZ_1475
MIL;1430;+0200;1820;+0200;0;AZ_2069-AZ_1467
MIL;1455;+0200;1845;+0200;0;LX_1629-LX_1664
MIL;0630;+0200;1025;+0200;0;AZ_2009-AZ_1463
MIL;0710;+0200;1105;+0200;0;AZ_2311-AZ_1465
MIL;0820;+0200;1215;+0200;0;AB_8755-AB_8984
MIL;1005;+0200;1400;+0200;0;LX_1613-LX_1662
MIL;1655;+0200;2050;+0200;0;BD_5408-BD_5555
MIL;1815;+0200;2210;+0200;0;AZ_2099-AZ_1483
MIL;1555;+0200;1955;+0200;0;AF_1713-AF_2226
MIL;1700;+0200;2100;+0200;0;AZ_2061-AZ_1481
MIL;1845;+0200;2245;+0200;0;AZ_2107-AZ_1473
MIL;0700;+0200;1105;+0200;0;AZ_2013-AZ_1465
MIL;0900;+0200;1305;+0200;0;LH_3177-LH_3212
MIL;1010;+0200;1415;+0200;0;AF_1213-AF_1726
MIL;1300;+0200;1705;+0200;0;AZ_2055-AZ_1479
MIL;1935;+0200;2340;+0200;0;LH_277-LH_332
MIL;0655;+0200;1105;+0200;0;AZ_1017-AZ_1465
MIL;0915;+0200;1325;+0200;0;LH_247-LH_326
MIL;1300;+0200;1710;+0200;0;AF_9701-AF_2026
MIL;1740;+0200;2150;+0200;0;OS_514-OS_527
MIL;1800;+0200;2210;+0200;0;AZ_2097-AZ_1483
MIL;0940;+0200;1355;+0200;0;AZ_7007-AZ_1221
MIL;1655;+0200;2110;+0200;0;SN_3158-SN_3205
MIL;1830;+0200;2245;+0200;0;AZ_2067-AZ_1473
MIL;0900;+0200;1320;+0200;0;AZ_2029-AZ_1469
MIL;1000;+0200;1420;+0200;0;AZ_2039-AZ_1475
MIL;1400;+0200;1820;+0200;0;AZ_2049-AZ_1467
MIL;0705;+0200;1130;+0200;0;AF_2515-AF_1426
MIL;1715;+0200;2140;+0200;0;AZ_7192-AZ_1291
MIL;1240;+0200;1710;+0200;0;TU_857-TU_472
MIL;1630;+0200;2100;+0200;0;AZ_2085-AZ_1481
MIL;1815;+0200;2245;+0200;0;AZ_2099-AZ_1473
SXB;1405;+0200;1650;+0200;0;AF_5781-AF_5564
SXB;1800;+0200;2110;+0200;0;AZ_2577-AZ_7363
SXB;1800;+0200;2110;+0200;0;AF_5783-AF_5566
SXB;0650;+0200;1020;+0200;0;AF_5785-AF_5562
SXB;0650;+0200;1020;+0200;0;AZ_2571-AZ_7851
SXB;1820;+0200;2210;+0200;0;KL_2044-KL_1659
SXB;0725;+0200;1130;+0200;0;AF_7761-AF_1426
SXB;1850;+0200;2300;+0200;0;AF_7767-AF_2526
SXB;0650;+0200;1145;+0200;0;KL_2046-KL_1653
SXB;1455;+0200;1955;+0200;0;AF_7771-AF_2226
SXB;1455;+0200;1955;+0200;0;AZ_2973-AZ_7333
SXB;0415;+0200;0925;+0200;0;LH_385-LH_324
SXB;0815;+0200;1325;+0200;0;LH_389-LH_326
SXB;1415;+0200;1925;+0200;0;LH_393-LH_330
SXB;1200;+0200;1745;+0200;0;LH_391-LH_328
SXB;0655;+0200;1245;+0200;0;AF_5462-AF_4332
SXB;1115;+0200;1710;+0200;0;AZ_2969-AZ_7331
SXB;1115;+0200;1710;+0200;0;AF_7763-AF_2026
SXB;1150;+0200;1805;+0200;0;AF_7893-AF_4386
SXB;1010;+0200;1635;+0200;0;KL_2042-KL_1655
SXB;1045;+0200;1710;+0200;0;AF_7307-AF_2026
SXB;1700;+0200;2340;+0200;0;LH_395-LH_332
SXB;0725;+0200;1415;+0200;0;AF_7761-AF_1726
SXB;0725;+0200;1415;+0200;0;AZ_2967-AZ_7329
SXB;1405;+0200;2110;+0200;0;AF_5781-AF_5566
SXB;1405;+0200;2110;+0200;0;AZ_2575-AZ_7363
SXB;0615;+0200;1325;+0200;0;LH_387-LH_326
SXB;1115;+0200;1650;+0200;0;AF_7763-AF_7644-AF_5564
SXB;0645;+0200;1245;+0200;0;AF_7303-AF_6010-AF_4332
SXB;1045;+0200;1650;+0200;0;AF_7307-AF_7414-AF_5564
SXB;1340;+0200;1955;+0200;0;AF_5360-AF_7629-AF_2226
SXB;1000;+0200;1710;+0200;0;AF_5484-AF_8233-AF_2026