LON;0740;+0100;1055;+0200;0;BA_696
LON;0740;+0100;1055;+0200;0;AA_6497
LON;0740;+0100;1055;+0200;0;QF_3637
LON;1405;+0100;1720;+0200;0;LH_6586
LON;1405;+0100;1720;+0200;0;BD_427
LON;1405;+0100;1720;+0200;0;OS_8930
LON;1405;+0100;1720;+0200;0;UA_7695
LON;1405;+0100;1720;+0200;0;NZ_4447
LON;1440;+0100;1755;+0200;0;AA_6643
LON;1845;+0100;2200;+0200;0;JL_7729
LON;1845;+0100;2200;+0200;0;BA_706
LON;1845;+0100;2200;+0200;0;QF_3595
LON;1845;+0100;2200;+0200;0;AA_6474
LON;1935;+0100;2250;+0200;0;OS_456
LON;1935;+0100;2250;+0200;0;NZ_4852
LON;1935;+0100;2250;+0200;0;BD_2806
LON;0600;+0100;0920;+0200;0;OS_8928
LON;0600;+0100;0920;+0200;0;NZ_4445
LON;0600;+0100;0920;+0200;0;BD_425
LON;0850;+0100;1210;+0200;0;BD_2802
LON;0850;+0100;1210;+0200;0;LH_6399
LON;0850;+0100;1210;+0200;0;OS_452
LON;0950;+0100;1310;+0200;0;BA_700
LON;0950;+0100;1310;+0200;0;AA_6641
LON;0950;+0100;1310;+0200;0;QF_3639
LON;1440;+0100;1800;+0200;0;QF_3597
LON;1440;+0100;1800;+0200;0;BA_704
LON;0920;+0100;1245;+0200;0;6X_9502
LON;1535;+0100;1905;+0200;0;NZ_4862
LON;1535;+0100;1905;+0200;0;BD_2812
LON;1535;+0100;1905;+0200;0;UA_6718
LON;1535;+0100;1905;+0200;0;OS_462
LON;0805;+0100;1225;+0200;0;BD_3033-BD_3624
LON;0805;+0100;1225;+0200;0;LH_2491-LH_2328
LON;1655;+0100;2130;+0200;0;LH_935-LH_6338
LON;0740;+0100;1220;+0200;0;LG_4592-LG_8855
LON;1650;+0100;2135;+0200;0;LX_4425-LX_3584
LON;1710;+0100;2155;+0200;0;LX_465-LX_1584
LON;0715;+0100;1205;+0200;0;LH_923-LH_6334
LON;0910;+0100;1405;+0200;0;UA_9548-UA_8966
LON;1415;+0100;1910;+0200;0;LH_907-LH_6346
LON;1525;+0100;2020;+0200;0;LH_2477-LH_2332
LON;1700;+0100;2155;+0200;0;LX_325-LX_1584
LON;1710;+0100;2205;+0200;0;LX_465-LX_1584
LON;0715;+0100;1215;+0200;0;LX_4429-LX_3582
LON;0725;+0100;1225;+0200;0;LH_2483-LH_2328
LON;0725;+0100;1225;+0200;0;BD_3265-BD_3624
LON;0910;+0100;1410;+0200;0;UA_9548-UA_8966
LON;0910;+0100;1410;+0200;0;BD_3211-BD_2984
LON;0910;+0100;1410;+0200;0;LH_901-LH_1238
LON;0910;+0100;1410;+0200;0;BD_3473-BD_2984
LON;0910;+0100;1410;+0200;0;LH_929-LH_1238
LON;1710;+0100;2210;+0200;0;KL_1022-KL_1849
LON;1805;+0100;2305;+0200;0;BD_3235-BD_2982
LON;1805;+0100;2305;+0200;0;LH_915-LH_1246
LON;1145;+0100;1650;+0200;0;LH_905-LH_6336
LON;1700;+0100;2205;+0200;0;LX_325-LX_1584
LON;0630;+0100;1140;+0200;0;LX_463-LX_3552
LON;0650;+0100;1200;+0200;0;BD_5438-BD_2832
LON;0650;+0100;1200;+0200;0;SN_2104-SN_6001
LON;0635;+0100;1150;+0200;0;LH_3389-LH_6354
LON;0640;+0100;1155;+0200;0;SK_500-SK_9403
LON;0640;+0100;1205;+0200;0;AF_1381-AF_1556
LON;1105;+0100;1630;+0200;0;LH_2473-LH_2330
LON;1105;+0100;1630;+0200;0;BD_3273-BD_3628
LON;1400;+0100;1925;+0200;0;LX_355-LX_3564
LON;1715;+0100;2240;+0200;0;LH_2479-LH_6330
LON;1740;+0100;2305;+0200;0;LH_899-LH_1246
LON;0635;+0100;1205;+0200;0;LO_286-LO_5221
LON;0840;+0100;1410;+0200;0;LX_317-LX_1578
LON;1345;+0100;1915;+0200;0;LX_333-LX_3556
LON;1355;+0100;1925;+0200;0;LX_435-LX_3564
LON;1405;+0100;1935;+0200;0;SK_504-SK_9415
LON;1710;+0100;2240;+0200;0;LH_2479-LH_6330
LON;1415;+0100;1950;+0200;0;LH_907-LH_6929
LON;0600;+0100;1140;+0200;0;LX_345-LX_3552
LON;0625;+0100;1205;+0200;0;LH_921-LH_6334
LON;0645;+0100;1225;+0200;0;BD_3285-BD_3624
LON;0825;+0100;1410;+0200;0;LX_451-LX_1578
LON;1245;+0100;1830;+0200;0;LX_457-LX_1582
LON;0855;+0100;1450;+0200;0;LH_3391-LH_3100
LON;1010;+0100;1605;+0200;0;OU_4495-OU_5440
LON;1630;+0100;2225;+0200;0;AB_8747-AB_8812
LON;1710;+0100;2305;+0200;0;LH_911-LH_1246
LON;1035;+0100;1635;+0200;0;LO_282-LO_5223
LON;1610;+0100;2210;+0200;0;KL_1020-KL_1849
LON;1705;+0100;2305;+0200;0;LH_911-LH_1246
LON;1705;+0100;2305;+0200;0;BD_3233-BD_2982
LON;1025;+0100;1630;+0200;0;LH_6489-LH_6350
LON;1145;+0100;1750;+0200;0;BD_3197-BD_2986
LON;1145;+0100;1750;+0200;0;LH_905-LH_1240
LON;1525;+0100;2130;+0200;0;LH_909-LH_6338
LON;1245;+0100;1855;+0200;0;AF_1981-AF_1656
LON;1340;+0100;1950;+0200;0;JU_211-JU_8318
LON;1655;+0100;2305;+0200;0;LH_935-LH_1246
LON;1655;+0100;2305;+0200;0;BD_3469-BD_2982
LON;1600;+0100;2215;+0200;0;AF_2281-AF_1756
LON;1610;+0100;2225;+0200;0;AB_8747-AB_8812
LON;0750;+0100;1410;+0200;0;BD_3461-BD_2984
LON;0750;+0100;1410;+0200;0;LH_927-LH_1238
LON;0805;+0100;1425;+0200;0;LH_3381-LH_3092
LON;1220;+0100;1840;+0200;0;LH_3383-LH_3094
LON;1505;+0100;2125;+0200;0;LH_3413-LH_6376
LON;0945;+0100;1615;+0200;0;JP_451-JP_172
LON;1245;+0100;1915;+0200;0;LX_457-LX_3556
LON;1315;+0100;1945;+0200;0;LH_2475-LH_6328
LON;1440;+0100;2115;+0200;0;LH_6491-LH_6324
LON;1450;+0100;2125;+0200;0;LH_3393-LH_6362
LON;1105;+0100;1745;+0200;0;SN_2094-SN_2905
LON;1245;+0100;1925;+0200;0;AF_1981-AF_2138
LON;1245;+0100;1925;+0200;0;AF_1981-AF_2038
LON;0725;+0100;1410;+0200;0;AB_8893-AB_8136
LON;1105;+0100;1750;+0200;0;BD_5434-BD_5493
LON;1450;+0100;2135;+0200;0;RO_392-RO_9349
LON;1445;+0100;2135;+0200;0;RO_392-RO_9349
LON;0715;+0100;1410;+0200;0;LH_923-LH_1238
LON;0715;+0100;1410;+0200;0;BD_3195-BD_2984
LON;0935;+0100;1630;+0200;0;BD_3271-BD_3628
LON;0935;+0100;1630;+0200;0;LH_2471-LH_2330
LON;1145;+0100;1840;+0200;0;LH_905-LH_1242
LON;1145;+0100;1840;+0200;0;BD_3197-BD_2988
LON;1405;+0100;2100;+0200;0;LH_3403-LH_6370
LON;0630;+0100;1330;+0200;0;KL_1000-KL_1845
LON;0735;+0100;1435;+0200;0;AF_1081-AF_1738
LON;0950;+0100;1650;+0200;0;LH_897-LH_6336
LON;0950;+0100;1650;+0200;0;LH_903-LH_6336
LON;1220;+0100;1920;+0200;0;LG_4594-LG_8857
LON;1525;+0100;2225;+0200;0;AA_6292-AA_8093
LON;0735;+0100;1440;+0200;0;AF_1081-AF_1738
LON;1220;+0100;1925;+0200;0;LH_3383-LH_3096
LON;1315;+0100;2020;+0200;0;LH_2475-LH_2332
LON;1605;+0100;2310;+0200;0;IB_3177-IB_8476
LON;0725;+0100;1440;+0200;0;AB_8893-AB_8136
LON;1415;+0100;2130;+0200;0;LH_907-LH_6338
LON;1525;+0100;2240;+0200;0;LH_2477-LH_6330
PAR;1735;+0200;1920;+0200;0;AB_8727
PAR;1735;+0200;1920;+0200;0;HG_8727
PAR;1805;+0200;1950;+0200;0;AB_8727
PAR;2110;+0200;2255;+0200;0;HG_8735
PAR;2110;+0200;2255;+0200;0;AB_8735
PAR;0845;+0200;1035;+0200;0;AB_8515
PAR;0845;+0200;1035;+0200;0;HG_8515
PAR;0715;+0200;0915;+0200;0;OS_7112
PAR;0715;+0200;0915;+0200;0;AF_1138
PAR;1235;+0200;1435;+0200;0;OS_7116
PAR;1235;+0200;1435;+0200;0;AF_1738
PAR;1240;+0200;1440;+0200;0;AF_1738
PAR;1240;+0200;1440;+0200;0;OS_7116
PAR;1535;+0200;1735;+0200;0;AF_1438
PAR;1535;+0200;1735;+0200;0;OS_7114
PAR;1540;+0200;1740;+0200;0;AF_1438
PAR;1725;+0200;1925;+0200;0;AF_2038
PAR;1725;+0200;1925;+0200;0;OS_7118
PAR;1725;+0200;1925;+0200;0;AF_2138
PAR;2015;+0200;2215;+0200;0;AF_1756
PAR;2015;+0200;2215;+0200;0;OS_418
PAR;1000;+0200;1205;+0200;0;AF_1556
PAR;1000;+0200;1205;+0200;0;OS_412
PAR;1650;+0200;1855;+0200;0;AF_1656
PAR;1650;+0200;1855;+0200;0;OS_416
PAR;1050;+0200;1410;+0200;0;LH_1029-LH_1238
PAR;1700;+0200;2020;+0200;0;LH_2233-LH_2332
PAR;1835;+0200;2155;+0200;0;LX_657-LX_1584
PAR;0700;+0200;1025;+0200;0;LH_2241-LH_2326
PAR;1305;+0200;1630;+0200;0;LH_2231-LH_2330
PAR;1835;+0200;2205;+0200;0;LX_657-LX_1584
PAR;1910;+0200;2240;+0200;0;LH_2237-LH_6330
PAR;0625;+0200;1005;+0200;0;LH_1053-LH_1234
PAR;0625;+0200;1005;+0200;0;UA_9067-UA_8964
PAR;1450;+0200;1830;+0200;0;LX_639-LX_1582
PAR;1530;+0200;1910;+0200;0;LH_1037-LH_6346
PAR;0840;+0200;1225;+0200;0;LH_2227-LH_2328
PAR;1745;+0200;2130;+0200;0;LH_1041-LH_6338
PAR;1825;+0200;2210;+0200;0;KL_2022-KL_1849
PAR;1400;+0200;1750;+0200;0;UA_9323-UA_9076
PAR;1400;+0200;1750;+0200;0;LH_1035-LH_1240
PAR;0935;+0200;1330;+0200;0;KL_1228-KL_1845
PAR;0800;+0200;1205;+0200;0;LH_1051-LH_6334
PAR;1740;+0200;2145;+0200;0;LH_3223-LH_6356
PAR;1900;+0200;2305;+0200;0;LH_1043-LH_1246
PAR;1650;+0200;2105;+0200;0;AF_6132-AF_4372
PAR;1825;+0200;2240;+0200;0;LH_2235-LH_6330
PAR;0950;+0200;1410;+0200;0;LX_633-LX_1578
PAR;1530;+0200;1950;+0200;0;LH_1037-LH_6929
PAR;0730;+0200;1155;+0200;0;AF_7640-AF_2056
PAR;1450;+0200;1915;+0200;0;LX_639-LX_3556
PAR;0900;+0200;1330;+0200;0;KL_1224-KL_1845
PAR;1440;+0200;1910;+0200;0;KL_1234-KL_1847
PAR;0705;+0200;1140;+0200;0;LX_647-LX_3552
PAR;1200;+0200;1635;+0200;0;LO_332-LO_5223
PAR;1630;+0200;2105;+0200;0;LO_330-LO_5225
PAR;0700;+0200;1140;+0200;0;AZ_317-AZ_188
PAR;1400;+0200;1840;+0200;0;LH_1035-LH_1242
PAR;1620;+0200;2105;+0200;0;AF_6130-AF_4372
PAR;0700;+0200;1150;+0200;0;LH_3227-LH_6354
PAR;0715;+0200;1205;+0200;0;LO_334-LO_5221
PAR;0920;+0200;1410;+0200;0;LH_1027-LH_1238
PAR;1135;+0200;1625;+0200;0;OU_477-OU_5446
PAR;0700;+0200;1155;+0200;0;SK_1568-SK_9403
PAR;0745;+0200;1245;+0200;0;6X_303-6X_9502
PAR;1605;+0200;2105;+0200;0;AF_6156-AF_4372
PAR;1235;+0200;1740;+0200;0;AZ_333-AZ_190
PAR;1140;+0200;1650;+0200;0;LH_1031-LH_6336
PAR;1400;+0200;1910;+0200;0;LH_1035-LH_6346
PAR;1555;+0200;2105;+0200;0;AF_7786-AF_4372
PAR;1650;+0200;2200;+0200;0;BA_319-BA_706
PAR;0730;+0200;1245;+0200;0;6X_9806-6X_9502
PAR;0845;+0200;1400;+0200;0;AB_8155-AB_8268
PAR;1100;+0200;1615;+0200;0;JP_323-JP_172
PAR;1620;+0200;2135;+0200;0;RO_384-RO_9349
PAR;1645;+0200;2200;+0200;0;AA_6480-AA_6474
BCN;1625;+0200;1840;+0200;0;AB_8011
BCN;2010;+0200;2225;+0200;0;HG_8011
BCN;2010;+0200;2225;+0200;0;AB_8011
BCN;1205;+0200;1425;+0200;0;VY_8710
BCN;1345;+0200;1610;+0200;0;OS_398
BCN;1345;+0200;1610;+0200;0;JK_9201
BCN;0635;+0200;0905;+0200;0;JK_9207
BCN;0635;+0200;0905;+0200;0;OS_396
BCN;1505;+0200;1845;+0200;0;OU_5751-OU_442
BCN;1445;+0200;1830;+0200;0;LX_1955-LX_1582
BCN;1740;+0200;2140;+0200;0;AF_5907-AF_1956
BCN;0815;+0200;1220;+0200;0;OS_7462-OS_7234
BCN;0615;+0200;1025;+0200;0;LH_1819-LH_2326
BCN;0815;+0200;1225;+0200;0;LH_1817-LH_2328
BCN;1850;+0200;2305;+0200;0;LH_1133-LH_1246
BCN;1230;+0200;1650;+0200;0;LH_1127-LH_6336
BCN;1835;+0200;2255;+0200;0;AB_7527-AB_3253
BCN;0945;+0200;1410;+0200;0;LX_1953-LX_1578
BCN;1200;+0200;1630;+0200;0;BD_3539-BD_3628
BCN;1200;+0200;1630;+0200;0;LH_1811-LH_2330
BCN;1445;+0200;1915;+0200;0;LX_1955-LX_3556
BCN;1810;+0200;2240;+0200;0;OS_7466-OS_118
BCN;1450;+0200;1925;+0200;0;LX_1943-LX_3564
BCN;1505;+0200;1940;+0200;0;OU_5751-OU_5448
BCN;1805;+0200;2240;+0200;0;LH_1815-LH_6330
BCN;1835;+0200;2310;+0200;0;AB_7527-AB_9139
BCN;1255;+0200;1735;+0200;0;AF_1349-AF_1438
BCN;1755;+0200;2235;+0200;0;AB_8793-AB_8752
BCN;1255;+0200;1740;+0200;0;AF_1349-AF_1438
BCN;1650;+0200;2145;+0200;0;SN_3704-SN_6005
BCN;1520;+0200;2020;+0200;0;BD_5514-BD_5487
BCN;0945;+0200;1450;+0200;0;LH_6773-LH_3100
BCN;0630;+0200;1140;+0200;0;LX_1951-LX_3552
BCN;1235;+0200;1745;+0200;0;SN_3702-SN_2905
BCN;1335;+0200;1845;+0200;0;IB_6767-IB_3572
BCN;0625;+0200;1140;+0200;0;AZ_75-AZ_188
BCN;0650;+0200;1205;+0200;0;AF_2349-AF_1556
BCN;0650;+0200;1205;+0200;0;LH_1139-LH_6334
BCN;1405;+0200;1920;+0200;0;LG_3592-LG_8857
BCN;0635;+0200;1155;+0200;0;AF_5895-AF_2056
BCN;0810;+0200;1330;+0200;0;KL_1664-KL_1845
BCN;1230;+0200;1750;+0200;0;LH_1127-LH_1240
BCN;1230;+0200;1750;+0200;0;UA_8728-UA_9076
BCN;1400;+0200;1920;+0200;0;LG_3592-LG_8857
BCN;0845;+0200;1410;+0200;0;AB_8937-AB_8136
BCN;1420;+0200;1945;+0200;0;LH_1813-LH_6328
BCN;1605;+0200;2130;+0200;0;LH_1129-LH_6338
BCN;0630;+0200;1200;+0200;0;BD_5308-BD_2832
BCN;0630;+0200;1200;+0200;0;SN_3708-SN_6001
BCN;1735;+0200;2310;+0200;0;IB_2789-IB_8476
BCN;1525;+0200;2105;+0200;0;LO_438-LO_5225
BCN;1620;+0200;2210;+0200;0;KL_1674-KL_1849
BCN;0715;+0200;1310;+0200;0;BA_477-BA_700
BCN;0715;+0200;1310;+0200;0;QF_3366-QF_3639
BCN;0810;+0200;1405;+0200;0;UA_9304-UA_8966
BCN;0845;+0200;1440;+0200;0;AB_8937-AB_8136
BCN;1145;+0200;1740;+0200;0;AZ_77-AZ_190
BCN;1315;+0200;1910;+0200;0;KL_1672-KL_1847
BCN;1520;+0200;2115;+0200;0;BD_5514-BD_5489
BCN;0810;+0200;1410;+0200;0;UA_9304-UA_8966
BCN;0810;+0200;1410;+0200;0;LH_1137-LH_1238
BCN;1030;+0200;1630;+0200;0;LH_6723-LH_2330
BCN;1255;+0200;1855;+0200;0;AF_1349-AF_1656
BCN;1420;+0200;2020;+0200;0;LH_1813-LH_2332
BCN;1240;+0200;1845;+0200;0;IB_2751-IB_3572
BCN;0615;+0200;1225;+0200;0;BD_3543-BD_3624
BCN;0615;+0200;1225;+0200;0;LH_1819-LH_2328
BCN;1040;+0200;1650;+0200;0;LH_1125-LH_6336
BCN;1230;+0200;1840;+0200;0;LH_1127-LH_1242
BCN;1230;+0200;1840;+0200;0;LH_3303-LH_3094
BCN;1140;+0200;1755;+0200;0;AA_6291-AA_6643
BCN;1140;+0200;1755;+0200;0;AA_6286-AA_6643
BCN;1140;+0200;1800;+0200;0;BA_473-BA_704
BCN;1140;+0200;1800;+0200;0;BA_479-BA_704
BCN;1555;+0200;2215;+0200;0;AF_1649-AF_1756
BCN;0950;+0200;1615;+0200;0;JP_299-JP_172
BCN;1520;+0200;2145;+0200;0;BD_5514-BD_2836
BCN;0925;+0200;1555;+0200;0;AB_8167-AB_8330
BCN;1205;+0200;1835;+0200;0;AB_8723-AB_8358
BCN;1255;+0200;1925;+0200;0;AF_1349-AF_2038
BCN;1255;+0200;1925;+0200;0;AF_1349-AF_2138
BCN;1445;+0200;2115;+0200;0;LX_1955-LX_3558
BCN;1640;+0200;2310;+0200;0;IB_2705-IB_8476
BCN;1230;+0200;1910;+0200;0;LH_1127-LH_6346
BCN;1515;+0200;2200;+0200;0;AA_6262-AA_6474
BCN;1450;+0200;2140;+0200;0;LX_1943-LX_3566
BCN;1055;+0200;1750;+0200;0;TP_1039-TP_692
BCN;1230;+0200;1925;+0200;0;LH_3303-LH_3096
BCN;0735;+0200;1435;+0200;0;AF_2149-AF_1738
BCN;1100;+0200;1800;+0200;0;BA_479-BA_704
BCN;1235;+0200;1935;+0200;0;SN_3702-SN_6003
BCN;1605;+0200;2305;+0200;0;BD_3451-BD_2982
BCN;1605;+0200;2305;+0200;0;LH_1129-LH_1246
BER;0625;+0200;0740;+0200;0;AB_8274
BER;0850;+0200;1005;+0200;0;AB_8202
BER;1245;+0200;1400;+0200;0;AB_8268
BER;1440;+0200;1555;+0200;0;AB_8272
BER;1720;+0200;1835;+0200;0;AB_8358
BER;1920;+0200;2035;+0200;0;AB_8762
BER;2000;+0200;2115;+0200;0;LH_6324
BER;2000;+0200;2115;+0200;0;OS_276
BER;2120;+0200;2235;+0200;0;AB_8752
BER;0720;+0200;0840;+0200;0;OS_274
BER;0720;+0200;0840;+0200;0;LH_6358
BER;1510;+0200;1630;+0200;0;OS_292
BER;1510;+0200;1630;+0200;0;LH_6350
BER;1020;+0200;1145;+0200;0;LH_6322
BER;1020;+0200;1145;+0200;0;OS_272
BER;0735;+0200;1025;+0200;0;LH_2057-LH_2326
BER;0635;+0200;0930;+0200;0;LH_2055-LH_6326
BER;1710;+0200;2005;+0200;0;AB_6419-AB_8254
BER;0915;+0200;1225;+0200;0;LH_2031-LH_2328
BER;1340;+0200;1650;+0200;0;LH_187-LH_6336
BER;1815;+0200;2125;+0200;0;LH_2892-LH_6376
BER;1820;+0200;2130;+0200;0;LH_195-LH_6338
BER;0825;+0200;1140;+0200;0;LH_2843-LH_6366
BER;1705;+0200;2020;+0200;0;LH_2043-LH_2332
BER;1950;+0200;2305;+0200;0;LH_199-LH_1246
BER;0650;+0200;1010;+0200;0;LH_2727-LH_3090
BER;0840;+0200;1205;+0200;0;LH_177-LH_6334
BER;0840;+0200;1205;+0200;0;LO_388-LO_5221
BER;1045;+0200;1410;+0200;0;LX_977-LX_1578
BER;1415;+0200;1740;+0200;0;AB_8316-AB_8537
BER;1450;+0200;1815;+0200;0;AB_6199-AB_8389
BER;1505;+0200;1830;+0200;0;AB_6443-AB_8516
BER;1620;+0200;1945;+0200;0;LH_2041-LH_6328
BER;1830;+0200;2155;+0200;0;LX_971-LX_1584
BER;0600;+0200;0930;+0200;0;AB_6413-AB_8254
BER;1410;+0200;1740;+0200;0;AB_8316-AB_8537
BER;1450;+0200;1820;+0200;0;AB_6199-AB_8389
BER;1510;+0200;1840;+0200;0;LH_2739-LH_3094
BER;0825;+0200;1200;+0200;0;LH_2882-LH_6372
BER;1255;+0200;1630;+0200;0;LH_2037-LH_2330
BER;1830;+0200;2205;+0200;0;LX_971-LX_1584
BER;1850;+0200;2225;+0200;0;AB_6449-AB_8812
BER;1905;+0200;2240;+0200;0;LH_2049-LH_6330
BER;1905;+0200;2240;+0200;0;TG_7829-TG_7214
BER;0810;+0200;1150;+0200;0;LH_2729-LH_6354
BER;1450;+0200;1830;+0200;0;LX_967-LX_1582
BER;1450;+0200;1830;+0200;0;AB_6443-AB_8516
BER;1605;+0200;1950;+0200;0;LH_191-LH_6929
BER;1715;+0200;2100;+0200;0;LH_2851-LH_6370
BER;1840;+0200;2225;+0200;0;AB_6203-AB_8393
BER;0620;+0200;1010;+0200;0;AB_6437-AB_8240
BER;0635;+0200;1025;+0200;0;LH_2055-LH_2326
BER;0835;+0200;1225;+0200;0;LH_2029-LH_2328
BER;1020;+0200;1410;+0200;0;LH_181-LH_1238
BER;1545;+0200;1935;+0200;0;SK_680-SK_9415
BER;1840;+0200;2230;+0200;0;AB_6203-AB_8393
BER;0610;+0200;1005;+0200;0;LH_171-LH_1234
BER;1015;+0200;1410;+0200;0;AB_6441-AB_8136
BER;1350;+0200;1745;+0200;0;SN_2584-SN_2905
BER;1445;+0200;1840;+0200;0;LH_189-LH_1242
BER;0605;+0200;1005;+0200;0;LH_171-LH_1234
BER;1350;+0200;1750;+0200;0;BD_5324-BD_5493
BER;1620;+0200;2020;+0200;0;LH_2041-LH_2332
BER;1730;+0200;2130;+0200;0;LH_193-LH_6338
BER;1835;+0200;2240;+0200;0;AB_8432-AB_8825
BER;1900;+0200;2305;+0200;0;LH_197-LH_1246
BER;0755;+0200;1205;+0200;0;LH_175-LH_6334
BER;1340;+0200;1750;+0200;0;LH_187-LH_1240
BER;1735;+0200;2145;+0200;0;LH_2741-LH_6356
BER;0630;+0200;1045;+0200;0;AA_8056-AA_8091
BER;1010;+0200;1425;+0200;0;LH_2733-LH_3092
BER;1510;+0200;1925;+0200;0;LH_2739-LH_3096
BER;1700;+0200;2115;+0200;0;BD_5326-BD_5489
BER;1700;+0200;2115;+0200;0;SN_2586-SN_2909
BER;0625;+0200;1045;+0200;0;AB_6553-AB_8771
BER;0625;+0200;1045;+0200;0;AA_8056-AA_8091
BER;1710;+0200;2130;+0200;0;AB_6419-AB_8346
BER;0800;+0200;1225;+0200;0;BT_212-BT_431
BER;1015;+0200;1440;+0200;0;AB_6441-AB_8136
BER;1445;+0200;1910;+0200;0;LH_189-LH_6346
BER;1450;+0200;1915;+0200;0;LX_967-LX_3556
BER;0935;+0200;1410;+0200;0;LH_179-LH_1238
BER;1405;+0200;1840;+0200;0;LH_2737-LH_3094
BER;1655;+0200;2130;+0200;0;AB_6563-AB_8773
BER;1655;+0200;2130;+0200;0;AB_6559-AB_8773
BER;0930;+0200;1410;+0200;0;AB_6441-AB_8136
BER;0930;+0200;1410;+0200;0;LX_975-LX_1578
BER;0955;+0200;1435;+0200;0;AF_1435-AF_1738
BER;1210;+0200;1650;+0200;0;LH_185-LH_6336
BER;0955;+0200;1440;+0200;0;AF_1435-AF_1738
BER;1205;+0200;1650;+0200;0;LH_185-LH_6336
BER;1250;+0200;1735;+0200;0;AF_1735-AF_1438
BER;1700;+0200;2145;+0200;0;BD_5326-BD_2836
BER;1700;+0200;2145;+0200;0;SN_2586-SN_6005
BER;1725;+0200;2210;+0200;0;KL_1830-KL_1849
BER;1820;+0200;2305;+0200;0;LH_195-LH_1246
FRA;0645;+0200;0805;+0200;0;LH_1232
FRA;0645;+0200;0805;+0200;0;OS_7260
FRA;0845;+0200;1005;+0200;0;OS_7202
FRA;0845;+0200;1005;+0200;0;LH_1234
FRA;0845;+0200;1005;+0200;0;UA_8964
FRA;0925;+0200;1045;+0200;0;HG_8771
FRA;0925;+0200;1045;+0200;0;AB_8771
FRA;1245;+0200;1405;+0200;0;OS_7204
FRA;1245;+0200;1405;+0200;0;UA_8966
FRA;1250;+0200;1410;+0200;0;LH_1238
FRA;1250;+0200;1410;+0200;0;UA_8966
FRA;1250;+0200;1410;+0200;0;OS_7204
FRA;1250;+0200;1410;+0200;0;BD_2984
FRA;1530;+0200;1650;+0200;0;OS_124
FRA;1530;+0200;1650;+0200;0;LH_6336
FRA;1630;+0200;1750;+0200;0;LH_1240
FRA;1630;+0200;1750;+0200;0;BD_2986
FRA;1630;+0200;1750;+0200;0;UA_9076
FRA;1630;+0200;1750;+0200;0;OS_7208
FRA;1715;+0200;1835;+0200;0;OS_7206
FRA;1720;+0200;1840;+0200;0;LH_1242
FRA;1720;+0200;1840;+0200;0;BD_2988
FRA;2010;+0200;2130;+0200;0;AB_8773
FRA;2010;+0200;2130;+0200;0;OS_126
FRA;2010;+0200;2130;+0200;0;HG_8773
FRA;2010;+0200;2130;+0200;0;LH_6338
FRA;2145;+0200;2305;+0200;0;LH_1246
FRA;2145;+0200;2305;+0200;0;BD_2982
FRA;2145;+0200;2305;+0200;0;OS_7210
FRA;0700;+0200;0825;+0200;0;JP_142
FRA;0700;+0200;0825;+0200;0;LH_6928
FRA;1040;+0200;1205;+0200;0;LH_6334
FRA;1040;+0200;1205;+0200;0;OS_122
FRA;1725;+0200;1850;+0200;0;AB_8775
FRA;1725;+0200;1850;+0200;0;HG_8775
FRA;1745;+0200;1910;+0200;0;OS_132
FRA;1745;+0200;1910;+0200;0;NH_6331
FRA;1745;+0200;1910;+0200;0;LH_6346
FRA;1825;+0200;1950;+0200;0;LH_6929
FRA;0750;+0200;0920;+0200;0;LH_6332
FRA;0750;+0200;0920;+0200;0;OS_128
FRA;1645;+0200;1905;+0200;0;OS_7216-OS_956
FRA;1645;+0200;1915;+0200;0;OS_7296-OS_978
FRA;0650;+0200;0930;+0200;0;LH_98-LH_6326
FRA;0740;+0200;1025;+0200;0;LH_100-LH_2326
FRA;0845;+0200;1140;+0200;0;LX_3603-LX_3552
FRA;1320;+0200;1615;+0200;0;OS_7214-OS_952
FRA;1335;+0200;1630;+0200;0;LH_110-LH_2330
FRA;1540;+0200;1835;+0200;0;AB_6562-AB_8358
FRA;0850;+0200;1150;+0200;0;LH_74-LH_6354
FRA;0920;+0200;1220;+0200;0;LG_9302-LG_8855
FRA;0610;+0200;0915;+0200;0;LX_3613-LX_3550
FRA;0705;+0200;1010;+0200;0;LH_72-LH_3090
FRA;1715;+0200;2020;+0200;0;LH_116-LH_2332
FRA;1810;+0200;2115;+0200;0;LX_1075-LX_3558
FRA;1525;+0200;1835;+0200;0;AB_6558-AB_8358
FRA;1645;+0200;1955;+0200;0;OS_7276-OS_902
FRA;0650;+0200;1005;+0200;0;AB_6552-AB_8202
FRA;0905;+0200;1225;+0200;0;LH_104-LH_2328
FRA;1740;+0200;2100;+0200;0;LH_132-LH_6370
FRA;1755;+0200;2115;+0200;0;LH_192-LH_6324
FRA;1920;+0200;2240;+0200;0;LH_120-LH_6330
FRA;1720;+0200;2045;+0200;0;LH_164-LH_6378
FRA;1830;+0200;2155;+0200;0;LX_3611-LX_1584
FRA;1300;+0200;1630;+0200;0;LH_182-LH_6350
FRA;0650;+0200;1025;+0200;0;LH_98-LH_2326
FRA;1610;+0200;1945;+0200;0;LH_114-LH_6328
FRA;1725;+0200;2100;+0200;0;LH_132-LH_6370
FRA;1740;+0200;2115;+0200;0;SN_7010-SN_2909
FRA;1830;+0200;2205;+0200;0;LX_3611-LX_1584
FRA;0800;+0200;1140;+0200;0;LH_126-LH_6366
FRA;0805;+0200;1145;+0200;0;LH_174-LH_6322
FRA;0810;+0200;1150;+0200;0;OS_7292-OS_980
FRA;1745;+0200;2125;+0200;0;LH_22-LH_6362
FRA;1855;+0200;2235;+0200;0;AB_6564-AB_8752
FRA;0835;+0200;1220;+0200;0;OS_7272-OS_904
FRA;1025;+0200;1410;+0200;0;LX_1071-LX_1578
FRA;1220;+0200;1605;+0200;0;OU_5405-OU_5440
FRA;1720;+0200;2105;+0200;0;LO_5378-LO_5225
FRA;1810;+0200;2155;+0200;0;LX_1075-LX_1584
FRA;0825;+0200;1215;+0200;0;OS_7262-OS_918
FRA;1515;+0200;1905;+0200;0;LH_16-LH_3102
FRA;0740;+0200;1135;+0200;0;LH_4-LH_6364
FRA;1435;+0200;1830;+0200;0;LX_1073-LX_1582
FRA;1810;+0200;2205;+0200;0;LX_1075-LX_1584
FRA;0735;+0200;1135;+0200;0;LH_4-LH_6364
FRA;0740;+0200;1140;+0200;0;LX_3601-LX_3552
FRA;1025;+0200;1425;+0200;0;LH_76-LH_3092
FRA;1715;+0200;2115;+0200;0;LH_190-LH_6324
FRA;1745;+0200;2145;+0200;0;LH_84-LH_6356
FRA;0750;+0200;1155;+0200;0;SK_3626-SK_9403
FRA;0755;+0200;1200;+0200;0;SN_7000-SN_6001
FRA;0810;+0200;1215;+0200;0;OS_262-OS_918
FRA;1740;+0200;2145;+0200;0;SN_7010-SN_6005
FRA;0815;+0200;1225;+0200;0;LH_102-LH_2328
FRA;1205;+0200;1615;+0200;0;JP_113-JP_172
FRA;1610;+0200;2020;+0200;0;LH_114-LH_2332
FRA;1740;+0200;2150;+0200;0;SK_676-SK_9405
FRA;1800;+0200;2210;+0200;0;KL_1772-KL_1849
FRA;0720;+0200;1135;+0200;0;LH_246-LH_6407
FRA;0730;+0200;1145;+0200;0;LH_172-LH_6322
FRA;1035;+0200;1450;+0200;0;LH_10-LH_3100
FRA;1215;+0200;1630;+0200;0;LH_108-LH_2330
DUS;0610;+0200;0740;+0200;0;AB_8180
DUS;0840;+0200;1010;+0200;0;AB_8240
DUS;1240;+0200;1410;+0200;0;AB_8136
DUS;1310;+0200;1440;+0200;0;AB_8136
DUS;1625;+0200;1755;+0200;0;AB_8516
DUS;1700;+0200;1830;+0200;0;AB_8516
DUS;1840;+0200;2010;+0200;0;AB_8644
DUS;2055;+0200;2225;+0200;0;AB_8812
DUS;0710;+0200;0845;+0200;0;LH_3088
DUS;0710;+0200;0845;+0200;0;UA_9482
DUS;0710;+0200;0845;+0200;0;OS_7250
DUS;0835;+0200;1010;+0200;0;LH_3090
DUS;0845;+0200;1020;+0200;0;OS_7242
DUS;1250;+0200;1425;+0200;0;LH_3092
DUS;1250;+0200;1425;+0200;0;OS_7244
DUS;1305;+0200;1440;+0200;0;OS_7244
DUS;1705;+0200;1840;+0200;0;LH_3094
DUS;1705;+0200;1840;+0200;0;OS_7248
DUS;1750;+0200;1925;+0200;0;LH_3096
DUS;1750;+0200;1925;+0200;0;OS_7246
DUS;1755;+0200;1930;+0200;0;OS_7246
DUS;1010;+0200;1150;+0200;0;LH_6354
DUS;1010;+0200;1150;+0200;0;OS_152
DUS;2005;+0200;2145;+0200;0;OS_156
DUS;2005;+0200;2145;+0200;0;LH_6356
DUS;0910;+0200;1150;+0200;0;OS_202-OS_980
DUS;0730;+0200;1025;+0200;0;LH_2025-LH_2326
DUS;1300;+0200;1555;+0200;0;AB_6442-AB_8272
DUS;0925;+0200;1225;+0200;0;LH_2003-LH_2328
DUS;1700;+0200;2005;+0200;0;AB_6774-AB_8254
DUS;0605;+0200;0920;+0200;0;LH_73-LH_6332
DUS;0615;+0200;0930;+0200;0;AB_6770-AB_8254
DUS;0615;+0200;0930;+0200;0;LH_2027-LH_6326
DUS;0830;+0200;1145;+0200;0;LH_2730-LH_6322
DUS;1435;+0200;1750;+0200;0;LH_81-LH_1240
DUS;1630;+0200;1945;+0200;0;LH_2013-LH_6328
DUS;1800;+0200;2115;+0200;0;LX_3637-LX_3558
DUS;0815;+0200;1135;+0200;0;LH_2704-LH_6364
DUS;1700;+0200;2020;+0200;0;AB_6752-AB_8846
DUS;1815;+0200;2135;+0200;0;LX_3903-LX_3584
DUS;1415;+0200;1740;+0200;0;AB_8144-AB_8537
DUS;1450;+0200;1815;+0200;0;AB_6031-AB_8389
DUS;0655;+0200;1025;+0200;0;LH_2023-LH_2326
DUS;1450;+0200;1820;+0200;0;AB_6031-AB_8389
DUS;1505;+0200;1835;+0200;0;AB_6444-AB_8358
DUS;1800;+0200;2130;+0200;0;LH_85-LH_6338
DUS;1850;+0200;2220;+0200;0;AB_8520-AB_8253
DUS;0830;+0200;1205;+0200;0;LH_75-LH_6334
DUS;1645;+0200;2020;+0200;0;AB_6752-AB_8846
DUS;1845;+0200;2220;+0200;0;AB_8520-AB_8253
DUS;1850;+0200;2225;+0200;0;AB_6039-AB_8393
DUS;0845;+0200;1225;+0200;0;LH_2001-LH_2328
DUS;1250;+0200;1630;+0200;0;LH_2009-LH_2330
DUS;1450;+0200;1830;+0200;0;LX_1019-LX_1582
DUS;1850;+0200;2230;+0200;0;AB_6039-AB_8393
DUS;1900;+0200;2240;+0200;0;TG_7837-TG_7214
DUS;1900;+0200;2240;+0200;0;LH_2017-LH_6330
DUS;0620;+0200;1005;+0200;0;AB_6436-AB_8202
DUS;1520;+0200;1905;+0200;0;LH_2712-LH_3102
DUS;1850;+0200;2235;+0200;0;AB_6448-AB_8752
DUS;1905;+0200;2250;+0200;0;AB_8230-AB_8013
DUS;0635;+0200;1025;+0200;0;AB_8216-AB_8017
DUS;1020;+0200;1410;+0200;0;LH_77-LH_1238
DUS;1630;+0200;2020;+0200;0;LH_2013-LH_2332
DUS;1645;+0200;2035;+0200;0;AB_6446-AB_8762
DUS;1820;+0200;2210;+0200;0;KL_1862-KL_1849
DUS;1710;+0200;2105;+0200;0;LO_5410-LO_5225
DUS;1800;+0200;2155;+0200;0;LX_3637-LX_1584
DUS;1845;+0200;2240;+0200;0;AB_8408-AB_8825
DUS;0605;+0200;1005;+0200;0;LH_73-LH_1234
DUS;1230;+0200;1630;+0200;0;LH_2736-LH_6350
DUS;1535;+0200;1935;+0200;0;BD_3148-BD_2722
DUS;1725;+0200;2125;+0200;0;LH_2714-LH_6362
DUS;1905;+0200;2305;+0200;0;LH_87-LH_1246
DUS;1045;+0200;1450;+0200;0;LH_2708-LH_3100
DUS;1435;+0200;1840;+0200;0;LH_81-LH_1242
DUS;1800;+0200;2205;+0200;0;LX_3637-LX_1584
DUS;0615;+0200;1025;+0200;0;LH_2027-LH_2326
DUS;1730;+0200;2140;+0200;0;AF_5879-AF_1956
DUS;0955;+0200;1410;+0200;0;LX_1017-LX_1578
DUS;1320;+0200;1735;+0200;0;AF_1607-AF_1438
DUS;1700;+0200;2115;+0200;0;LH_2740-LH_6324
DUS;0715;+0200;1135;+0200;0;LH_2702-LH_6364
DUS;0720;+0200;1140;+0200;0;LH_2750-LH_6366
DUS;0720;+0200;1140;+0200;0;LX_3633-LX_3552
DUS;1320;+0200;1740;+0200;0;AF_1607-AF_1438
DUS;1655;+0200;2115;+0200;0;LX_3641-LX_3558
DUS;1805;+0200;2225;+0200;0;AB_6021-AB_8393
DUS;0720;+0200;1145;+0200;0;LH_2728-LH_6322
DUS;1450;+0200;1915;+0200;0;LX_1019-LX_3556
DUS;1805;+0200;2230;+0200;0;AB_6021-AB_8393
DUS;1400;+0200;1830;+0200;0;LX_3635-LX_1582
DUS;1440;+0200;1910;+0200;0;KL_1858-KL_1847
DUS;1700;+0200;2130;+0200;0;AB_6774-AB_8346
DUS;0700;+0200;1135;+0200;0;LH_3176-LH_6407
DUS;0740;+0200;1215;+0200;0;LX_3901-LX_3582
DUS;1155;+0200;1630;+0200;0;LH_2734-LH_6350
DUS;1435;+0200;1910;+0200;0;LH_81-LH_6346
DUS;0725;+0200;1205;+0200;0;AF_1107-AF_1556
DUS;1540;+0200;2020;+0200;0;AB_6750-AB_8846
DUS;0720;+0200;1205;+0200;0;AF_1107-AF_1556
DUS;1500;+0200;1945;+0200;0;LH_2011-LH_6328
ZRH;0900;+0200;1015;+0200;0;AB_8151
ZRH;0900;+0200;1015;+0200;0;HG_8151
ZRH;1625;+0200;1740;+0200;0;AB_8537
ZRH;1625;+0200;1740;+0200;0;HG_8537
ZRH;2105;+0200;2220;+0200;0;AB_8253
ZRH;2105;+0200;2220;+0200;0;HG_8253
ZRH;0710;+0200;0830;+0200;0;LX_1574
ZRH;0710;+0200;0830;+0200;0;OS_8802
ZRH;1250;+0200;1410;+0200;0;SQ_2978
ZRH;1250;+0200;1410;+0200;0;OS_8804
ZRH;1250;+0200;1410;+0200;0;UA_9784
ZRH;1250;+0200;1410;+0200;0;LX_1578
ZRH;1700;+0200;1820;+0200;0;OS_8806
ZRH;1710;+0200;1830;+0200;0;OS_8806
ZRH;1710;+0200;1830;+0200;0;LX_1582
ZRH;1835;+0200;1955;+0200;0;HG_8501
ZRH;1835;+0200;1955;+0200;0;AB_8501
ZRH;1955;+0200;2115;+0200;0;LX_3558
ZRH;1955;+0200;2115;+0200;0;OS_566
ZRH;2035;+0200;2155;+0200;0;OS_8808
ZRH;2035;+0200;2155;+0200;0;LX_1584
ZRH;2045;+0200;2205;+0200;0;OS_8808
ZRH;2045;+0200;2205;+0200;0;LX_1584
ZRH;0750;+0200;0915;+0200;0;OS_568
ZRH;0750;+0200;0915;+0200;0;LX_3550
ZRH;1015;+0200;1140;+0200;0;OS_562
ZRH;1015;+0200;1140;+0200;0;LX_3552
ZRH;1015;+0200;1140;+0200;0;UA_6720
ZRH;1745;+0200;1915;+0200;0;LX_3556
ZRH;1745;+0200;1915;+0200;0;OS_564
ZRH;2005;+0200;2240;+0200;0;LH_2373-LH_6330
ZRH;1730;+0200;2020;+0200;0;LH_2371-LH_2332
ZRH;1330;+0200;1630;+0200;0;LH_2369-LH_2330
ZRH;1050;+0200;1400;+0200;0;AB_8589-AB_8268
ZRH;1340;+0200;1650;+0200;0;LH_1191-LH_6336
ZRH;0710;+0200;1025;+0200;0;LH_5783-LH_2326
ZRH;0910;+0200;1225;+0200;0;LH_2367-LH_2328
ZRH;1520;+0200;1840;+0200;0;LH_1193-LH_1242
ZRH;1520;+0200;1840;+0200;0;LH_3137-LH_3094
ZRH;1520;+0200;1840;+0200;0;BD_3559-BD_2988
ZRH;1650;+0200;2010;+0200;0;AB_8145-AB_8644
ZRH;1810;+0200;2130;+0200;0;LH_1197-LH_6338
ZRH;1915;+0200;2235;+0200;0;AB_8199-AB_8752
ZRH;1920;+0200;2240;+0200;0;LH_5789-LH_6330
ZRH;0645;+0200;1010;+0200;0;AB_8119-AB_8240
ZRH;1045;+0200;1410;+0200;0;AB_8125-AB_8136
ZRH;1625;+0200;1950;+0200;0;LH_5777-LH_6929
ZRH;1900;+0200;2225;+0200;0;AB_8173-AB_8812
ZRH;0635;+0200;1005;+0200;0;AB_8121-AB_8202
ZRH;1740;+0200;2115;+0200;0;LH_5841-LH_6324
ZRH;0625;+0200;1005;+0200;0;AB_8121-AB_8202
ZRH;1455;+0200;1835;+0200;0;AB_8211-AB_8358
ZRH;1720;+0200;2100;+0200;0;LH_5829-LH_6370
ZRH;1245;+0200;1630;+0200;0;LH_5839-LH_6350
ZRH;0815;+0200;1205;+0200;0;LH_5773-LH_6334
ZRH;1520;+0200;1910;+0200;0;LH_1193-LH_6346
ZRH;1645;+0200;2035;+0200;0;AB_8317-AB_8762
ZRH;1715;+0200;2105;+0200;0;LO_5416-LO_5225
ZRH;1735;+0200;2125;+0200;0;LH_5849-LH_6362
ZRH;1745;+0200;2135;+0200;0;LH_5909-LH_6429
ZRH;1010;+0200;1405;+0200;0;UA_9051-UA_8966
ZRH;1045;+0200;1440;+0200;0;AB_8125-AB_8136
ZRH;1750;+0200;2145;+0200;0;SN_5114-SN_6005
ZRH;1010;+0200;1410;+0200;0;UA_9051-UA_8966
ZRH;1010;+0200;1410;+0200;0;LH_1187-LH_1238
ZRH;1010;+0200;1410;+0200;0;BD_3553-BD_2984
ZRH;1645;+0200;2045;+0200;0;AB_8213-AB_8076
ZRH;1745;+0200;2145;+0200;0;LH_5797-LH_6356
ZRH;1905;+0200;2305;+0200;0;LH_5779-LH_1246
ZRH;0740;+0200;1145;+0200;0;LX_2802-LX_3562
ZRH;0925;+0200;1330;+0200;0;KL_1954-KL_1845
ZRH;1520;+0200;1925;+0200;0;LH_3137-LH_3096
ZRH;1735;+0200;2140;+0200;0;LX_2810-LX_3566
ZRH;0725;+0200;1135;+0200;0;LH_5845-LH_6364
ZRH;1340;+0200;1750;+0200;0;BD_3557-BD_2986
ZRH;1340;+0200;1750;+0200;0;UA_9403-UA_9076
ZRH;1340;+0200;1750;+0200;0;LH_1191-LH_1240
ZRH;1455;+0200;1905;+0200;0;LH_3145-LH_3102
ZRH;1535;+0200;1945;+0200;0;LH_5787-LH_6328
ZRH;0720;+0200;1135;+0200;0;LH_5901-LH_6407
ZRH;0750;+0200;1205;+0200;0;LH_1183-LH_6334
ZRH;1215;+0200;1630;+0200;0;LH_5785-LH_2330
ZRH;0725;+0200;1145;+0200;0;LH_5837-LH_6322
ZRH;1145;+0200;1605;+0200;0;OU_461-OU_5440
ZRH;1655;+0200;2115;+0200;0;SN_5112-SN_2909
ZRH;0725;+0200;1150;+0200;0;LH_5793-LH_6354
ZRH;1225;+0200;1650;+0200;0;LH_5775-LH_6336
ZRH;1725;+0200;2150;+0200;0;SK_3506-SK_9405
ZRH;1750;+0200;2215;+0200;0;AF_5107-AF_1756
ZRH;0735;+0200;1205;+0200;0;AF_5111-AF_1556
ZRH;1205;+0200;1635;+0200;0;LO_5414-LO_5223
ZRH;1520;+0200;1950;+0200;0;LH_1193-LH_6929
ZRH;0705;+0200;1140;+0200;0;LH_5823-LH_6366
ZRH;0720;+0200;1200;+0200;0;SN_5104-SN_6001
ZRH;1655;+0200;2135;+0200;0;LH_5907-LH_6429
ZRH;1730;+0200;2210;+0200;0;KL_1962-KL_1849
ZRH;0700;+0200;1145;+0200;0;LX_2800-LX_3562
ZRH;0710;+0200;1155;+0200;0;SK_3502-SK_9403
ZRH;0950;+0200;1435;+0200;0;AF_5101-AF_1738
ZRH;1535;+0200;2020;+0200;0;LH_5787-LH_2332
ZRH;1630;+0200;2115;+0200;0;LH_5843-LH_6324
ZRH;1655;+0200;2140;+0200;0;LX_2808-LX_3566
AMS;0650;+0200;0840;+0200;0;KL_1839
AMS;1140;+0200;1330;+0200;0;KL_1845
AMS;1720;+0200;1910;+0200;0;KL_1847
AMS;2000;+0200;2150;+0200;0;OS_376
AMS;2020;+0200;2210;+0200;0;KL_1849
AMS;0700;+0200;0855;+0200;0;OS_378
AMS;1010;+0200;1205;+0200;0;OS_372
AMS;1745;+0200;1940;+0200;0;OS_374
AMS;1320;+0200;1630;+0200;0;LH_2305-LH_2330
AMS;1055;+0200;1410;+0200;0;LH_989-LH_1238
AMS;0700;+0200;1025;+0200;0;LH_2313-LH_2326
AMS;1320;+0200;1650;+0200;0;LH_991-LH_6336
AMS;0850;+0200;1225;+0200;0;LH_2301-LH_2328
AMS;1455;+0200;1830;+0200;0;LX_729-LX_1582
AMS;1905;+0200;2240;+0200;0;TG_7853-TG_7214
AMS;1905;+0200;2240;+0200;0;LH_2309-LH_6330
AMS;1455;+0200;1840;+0200;0;LH_993-LH_1242
AMS;1520;+0200;1925;+0200;0;AF_1741-AF_2138
AMS;1520;+0200;1925;+0200;0;AF_1741-AF_2038
AMS;1455;+0200;1910;+0200;0;LH_993-LH_6346
AMS;1800;+0200;2215;+0200;0;AF_8241-AF_1756
AMS;0945;+0200;1405;+0200;0;UA_9195-UA_8966
AMS;1455;+0200;1915;+0200;0;LX_729-LX_3556
AMS;1730;+0200;2150;+0200;0;SK_1550-SK_9405
AMS;0740;+0200;1205;+0200;0;LO_270-LO_5221
AMS;0940;+0200;1405;+0200;0;UA_9195-UA_8966
AMS;0945;+0200;1410;+0200;0;LX_725-LX_1578
AMS;0945;+0200;1410;+0200;0;LH_987-LH_1238
AMS;0945;+0200;1410;+0200;0;UA_9195-UA_8966
AMS;0940;+0200;1410;+0200;0;UA_9195-UA_8966
AMS;1320;+0200;1750;+0200;0;LH_991-LH_1240
AMS;1655;+0200;2125;+0200;0;LH_3337-LH_6362
AMS;0705;+0200;1140;+0200;0;LX_737-LX_3552
AMS;1830;+0200;2305;+0200;0;LH_997-LH_1246
AMS;1300;+0200;1740;+0200;0;AZ_107-AZ_190
AMS;1120;+0200;1605;+0200;0;OU_451-OU_5440
AMS;1150;+0200;1635;+0200;0;JU_263-JU_8312
AMS;0715;+0200;1205;+0200;0;AF_8227-AF_1556
AMS;1455;+0200;1950;+0200;0;LH_993-LH_6929
AMS;0655;+0200;1155;+0200;0;SK_550-SK_9403
AMS;0705;+0200;1205;+0200;0;LH_1003-LH_6334
AMS;1355;+0200;1855;+0200;0;AF_1641-AF_1656
AMS;0930;+0200;1435;+0200;0;AF_1241-AF_1738
AMS;1230;+0200;1735;+0200;0;AF_8233-AF_1438
AMS;0930;+0200;1440;+0200;0;AF_1241-AF_1738
AMS;1230;+0200;1740;+0200;0;AF_8233-AF_1438
HAM;0615;+0200;0745;+0200;0;AB_8468
HAM;0700;+0200;0830;+0200;0;LH_3098
HAM;0700;+0200;0830;+0200;0;OS_7252
HAM;1320;+0200;1450;+0200;0;LH_3100
HAM;1320;+0200;1450;+0200;0;OS_7254
HAM;1425;+0200;1555;+0200;0;AB_8330
HAM;1735;+0200;1905;+0200;0;LH_3102
HAM;1735;+0200;1905;+0200;0;OS_7256
HAM;1750;+0200;1920;+0200;0;OS_7256
HAM;1850;+0200;2020;+0200;0;AB_8846
HAM;1955;+0200;2125;+0200;0;OS_172
HAM;1955;+0200;2125;+0200;0;LH_6362
HAM;1000;+0200;1135;+0200;0;OS_176
HAM;1000;+0200;1135;+0200;0;LH_6364
HAM;0955;+0200;1135;+0200;0;OS_176
HAM;0955;+0200;1135;+0200;0;LH_6364
HAM;0730;+0200;1025;+0200;0;LH_2083-LH_2326
HAM;1330;+0200;1630;+0200;0;LH_2069-LH_2330
HAM;1120;+0200;1425;+0200;0;LH_2709-LH_3092
HAM;0915;+0200;1225;+0200;0;LH_2061-LH_2328
HAM;1630;+0200;1945;+0200;0;LH_2073-LH_6328
HAM;1650;+0200;2005;+0200;0;AB_6713-AB_8254
HAM;0645;+0200;1005;+0200;0;LH_31-LH_1234
HAM;1520;+0200;1840;+0200;0;LH_2713-LH_3094
HAM;1520;+0200;1840;+0200;0;LH_19-LH_1242
HAM;1805;+0200;2125;+0200;0;LH_2812-LH_6376
HAM;1810;+0200;2130;+0200;0;LH_23-LH_6338
HAM;0645;+0200;1010;+0200;0;LH_2701-LH_3090
HAM;0840;+0200;1205;+0200;0;LH_7-LH_6334
HAM;1505;+0200;1830;+0200;0;AB_6751-AB_8516
HAM;1630;+0200;1955;+0200;0;AB_8780-AB_8501
HAM;0600;+0200;0930;+0200;0;AB_6707-AB_8254
HAM;0830;+0200;1200;+0200;0;LH_2802-LH_6372
HAM;1825;+0200;2155;+0200;0;LX_3649-LX_1584
HAM;1910;+0200;2240;+0200;0;LH_2077-LH_6330
HAM;0635;+0200;1010;+0200;0;AB_6745-AB_8240
HAM;1930;+0200;2305;+0200;0;LH_27-LH_1246
HAM;1825;+0200;2205;+0200;0;LX_3649-LX_1584
HAM;0640;+0200;1025;+0200;0;LH_2087-LH_2326
HAM;1430;+0200;1815;+0200;0;AB_6305-AB_8389
HAM;1445;+0200;1830;+0200;0;LX_1057-LX_1582
HAM;1825;+0200;2210;+0200;0;KL_1784-KL_1849
HAM;1840;+0200;2225;+0200;0;AB_6753-AB_8812
HAM;0800;+0200;1150;+0200;0;LH_2703-LH_6354
HAM;0835;+0200;1225;+0200;0;LH_2059-LH_2328
HAM;1400;+0200;1750;+0200;0;LH_17-LH_1240
HAM;1405;+0200;1755;+0200;0;AB_6751-AB_8516
HAM;1430;+0200;1820;+0200;0;AB_6305-AB_8389
HAM;1520;+0200;1910;+0200;0;LH_19-LH_6346
HAM;1630;+0200;2020;+0200;0;LH_2073-LH_2332
HAM;1745;+0200;2135;+0200;0;LH_3192-LH_6429
HAM;1835;+0200;2225;+0200;0;AB_6309-AB_8393
HAM;1235;+0200;1630;+0200;0;LH_2067-LH_2330
HAM;1540;+0200;1935;+0200;0;SK_650-SK_9415
HAM;1835;+0200;2230;+0200;0;AB_6309-AB_8393
HAM;0605;+0200;1005;+0200;0;LH_1-LH_1234
HAM;0805;+0200;1205;+0200;0;LH_5-LH_6334
HAM;1010;+0200;1410;+0200;0;LH_11-LH_1238
HAM;1840;+0200;2240;+0200;0;LH_2085-LH_6330
HAM;1005;+0200;1410;+0200;0;AB_6749-AB_8136
HAM;1520;+0200;1925;+0200;0;LH_2713-LH_3096
HAM;1615;+0200;2020;+0200;0;BD_5396-BD_5487
HAM;1615;+0200;2020;+0200;0;SN_2626-SN_2907
HAM;1720;+0200;2130;+0200;0;AB_6713-AB_8346
HAM;1850;+0200;2305;+0200;0;LH_25-LH_1246
HAM;1515;+0200;1935;+0200;0;SN_2626-SN_6003
HAM;1640;+0200;2100;+0200;0;LH_2826-LH_6370
HAM;0710;+0200;1135;+0200;0;LH_3188-LH_6407
HAM;0715;+0200;1140;+0200;0;LX_3645-LX_3552
HAM;0800;+0200;1225;+0200;0;BT_252-BT_431
HAM;0945;+0200;1410;+0200;0;LX_1051-LX_1578
HAM;1010;+0200;1435;+0200;0;AF_1411-AF_1738
HAM;1225;+0200;1650;+0200;0;LH_15-LH_6336
HAM;1405;+0200;1830;+0200;0;AB_6751-AB_8516
HAM;0735;+0200;1205;+0200;0;AF_2511-AF_1556
HAM;0735;+0200;1205;+0200;0;LH_3-LH_6334
HAM;1010;+0200;1440;+0200;0;AF_1411-AF_1738
HAM;1440;+0200;1910;+0200;0;KL_1782-KL_1847
HAM;1445;+0200;1915;+0200;0;LX_1057-LX_3556
HAM;1520;+0200;1950;+0200;0;LH_19-LH_6929
HAM;1700;+0200;2130;+0200;0;LH_21-LH_6338
HAM;1745;+0200;2215;+0200;0;AF_2311-AF_1756
HAM;1005;+0200;1440;+0200;0;AB_6749-AB_8136
HAM;1300;+0200;1735;+0200;0;AF_1711-AF_1438
HAM;0700;+0200;1140;+0200;0;LH_2820-LH_6366
HAM;0850;+0200;1330;+0200;0;KL_1778-KL_1845
HAM;0945;+0200;1425;+0200;0;LH_2707-LH_3092
HAM;1300;+0200;1740;+0200;0;AF_1711-AF_1438
HAM;1400;+0200;1840;+0200;0;LH_17-LH_1242
HAM;1650;+0200;2130;+0200;0;AB_6713-AB_8346
HAM;0925;+0200;1410;+0200;0;LH_9-LH_1238
HAM;1500;+0200;1945;+0200;0;LH_2071-LH_6328
HAM;1655;+0200;2145;+0200;0;LH_2715-LH_6356
HAM;0710;+0200;1205;+0200;0;AF_2511-AF_1556
HAM;0730;+0200;1225;+0200;0;LH_2083-LH_2328
HAM;1630;+0200;2125;+0200;0;LH_2810-LH_6376
HAM;1810;+0200;2305;+0200;0;LH_23-LH_1246
HAM;0700;+0200;1200;+0200;0;LH_2800-LH_6372
HAM;1615;+0200;2115;+0200;0;SN_2626-SN_2909
HAM;1615;+0200;2115;+0200;0;BD_5396-BD_5489
HAM;0645;+0200;1150;+0200;0;LH_2701-LH_6354
HAM;0705;+0200;1210;+0200;0;SK_3666-SK_9409
HAM;0800;+0200;1305;+0200;0;BT_252-BT_433
HAM;1505;+0200;2010;+0200;0;AB_6751-AB_8644
HAM;1515;+0200;2020;+0200;0;SN_2626-SN_2907
HAM;1720;+0200;2225;+0200;0;AB_6713-AB_8346
HAM;0650;+0200;1200;+0200;0;BD_5390-BD_2832
HAM;0650;+0200;1200;+0200;0;SN_2630-SN_6001
HAM;1400;+0200;1910;+0200;0;LH_17-LH_6346
HAM;1730;+0200;2240;+0200;0;LH_2075-LH_6330
ROM;1140;+0200;1305;+0200;0;HG_8467
ROM;1140;+0200;1305;+0200;0;AB_8467
ROM;1925;+0200;2055;+0200;0;AB_8471
ROM;2150;+0200;2320;+0200;0;AB_8471
ROM;2150;+0200;2320;+0200;0;HG_8471
ROM;1000;+0200;1140;+0200;0;AZ_188
ROM;1600;+0200;1740;+0200;0;AZ_190
ROM;1030;+0200;1220;+0200;0;OS_506
ROM;1955;+0200;2145;+0200;0;OS_504
ROM;0645;+0200;1025;+0200;0;LH_1851-LH_2326
ROM;1450;+0200;1830;+0200;0;LX_1737-LX_1582
ROM;0840;+0200;1225;+0200;0;LH_1841-LH_2328
ROM;1855;+0200;2240;+0200;0;LH_1849-LH_6330
ROM;1455;+0200;1910;+0200;0;LH_235-LH_6346
ROM;1455;+0200;1910;+0200;0;NH_6122-NH_6331
ROM;1210;+0200;1630;+0200;0;LH_1843-LH_2330
ROM;1335;+0200;1755;+0200;0;AB_8841-AB_8516
ROM;1450;+0200;1915;+0200;0;LX_1737-LX_3556
ROM;1810;+0200;2235;+0200;0;AB_8271-AB_8752
ROM;1320;+0200;1750;+0200;0;UA_8925-UA_9076
ROM;1320;+0200;1750;+0200;0;LH_233-LH_1240
ROM;1320;+0200;1750;+0200;0;BD_3593-BD_2986
ROM;0935;+0200;1410;+0200;0;LX_1727-LX_1578
ROM;1130;+0200;1605;+0200;0;OU_383-OU_5440
ROM;1635;+0200;2115;+0200;0;BD_5354-BD_5489
ROM;1635;+0200;2115;+0200;0;SN_3182-SN_2909
ROM;1825;+0200;2305;+0200;0;BD_3597-BD_2982
ROM;1825;+0200;2305;+0200;0;LH_237-LH_1246
ROM;1440;+0200;1925;+0200;0;LH_3201-LH_3096
ROM;0650;+0200;1140;+0200;0;LX_1735-LX_3552
ROM;1645;+0200;2135;+0200;0;LX_1715-LX_3584
ROM;1335;+0200;1830;+0200;0;AB_8841-AB_8516
ROM;1430;+0200;1925;+0200;0;AF_9839-AF_2038
ROM;1430;+0200;1925;+0200;0;AF_9839-AF_2138
ROM;1455;+0200;1950;+0200;0;LH_235-LH_6929
ROM;0700;+0200;1205;+0200;0;AF_9831-AF_1556
ROM;1635;+0200;2145;+0200;0;BD_5354-BD_2836
ROM;1635;+0200;2145;+0200;0;SN_3182-SN_6005
ROM;1705;+0200;2215;+0200;0;AF_9841-AF_1756
ROM;0645;+0200;1200;+0200;0;BD_5358-BD_2832
ROM;0645;+0200;1200;+0200;0;SN_3188-SN_6001
ROM;1320;+0200;1840;+0200;0;LH_233-LH_1242
ROM;1320;+0200;1840;+0200;0;BD_3593-BD_2988
ROM;1720;+0200;2240;+0200;0;LH_1847-LH_6330
ROM;1420;+0200;1945;+0200;0;LH_1845-LH_6328
ROM;1535;+0200;2105;+0200;0;AF_9891-AF_4372
ROM;1050;+0200;1625;+0200;0;PS_330-PS_9834
ROM;1300;+0200;1835;+0200;0;AB_8271-AB_8358
ROM;1335;+0200;1910;+0200;0;KL_3402-KL_1847
ROM;0645;+0200;1225;+0200;0;LH_1851-LH_2328
ROM;0855;+0200;1435;+0200;0;AF_9833-AF_1738
ROM;1430;+0200;2010;+0200;0;AB_8841-AB_8644
ROM;0620;+0200;1205;+0200;0;LH_243-LH_6334
ROM;0855;+0200;1440;+0200;0;AF_9833-AF_1738
ROM;1140;+0200;1730;+0200;0;TK_1862-TK_1887
ROM;1220;+0200;1810;+0200;0;KM_613-KM_512
ROM;1320;+0200;1910;+0200;0;LH_233-LH_6346
ROM;1330;+0200;1920;+0200;0;LG_6554-LG_8857
ROM;1255;+0200;1850;+0200;0;PS_306-PS_847
ROM;1300;+0200;1855;+0200;0;AF_1505-AF_1656
ROM;1420;+0200;2020;+0200;0;LH_1845-LH_2332
CPH;0835;+0200;1010;+0200;0;HG_8017
CPH;0835;+0200;1010;+0200;0;AB_8017
CPH;0850;+0200;1025;+0200;0;AB_8017
CPH;2020;+0200;2155;+0200;0;AB_8013
CPH;2020;+0200;2155;+0200;0;HG_8013
CPH;2115;+0200;2250;+0200;0;AB_8013
CPH;1010;+0200;1155;+0200;0;OS_302
CPH;2005;+0200;2150;+0200;0;OS_306
CPH;0715;+0200;0905;+0200;0;OS_308
CPH;1745;+0200;1935;+0200;0;OS_304
CPH;0705;+0200;1005;+0200;0;AB_8093-AB_8202
CPH;0700;+0200;1005;+0200;0;AB_8093-AB_8202
CPH;1530;+0200;1835;+0200;0;AB_8951-AB_8358
CPH;0820;+0200;1135;+0200;0;LH_6239-LH_6364
CPH;1800;+0200;2125;+0200;0;LH_6241-LH_6362
CPH;1650;+0200;2020;+0200;0;LH_2445-LH_2332
CPH;0805;+0200;1140;+0200;0;LH_6249-LH_6366
CPH;1255;+0200;1630;+0200;0;LH_2443-LH_2330
CPH;1930;+0200;2305;+0200;0;LH_831-LH_1246
CPH;1930;+0200;2305;+0200;0;SK_3629-SK_3729
CPH;0645;+0200;1025;+0200;0;LH_6259-LH_2326
CPH;0810;+0200;1150;+0200;0;LH_6211-LH_6354
CPH;1750;+0200;2130;+0200;0;SK_1635-SK_9442
CPH;0800;+0200;1145;+0200;0;LH_6035-LH_6322
CPH;0820;+0200;1205;+0200;0;LO_5452-LO_5221
CPH;0835;+0200;1225;+0200;0;LH_2441-LH_2328
CPH;1020;+0200;1410;+0200;0;BD_3423-BD_2984
CPH;1020;+0200;1410;+0200;0;LH_823-LH_1238
CPH;1020;+0200;1410;+0200;0;SK_3627-SK_3297
CPH;1440;+0200;1830;+0200;0;LX_1271-LX_1582
CPH;1450;+0200;1840;+0200;0;SK_675-SK_3583
CPH;1450;+0200;1840;+0200;0;LH_6265-LH_1242
CPH;1740;+0200;2130;+0200;0;SK_1635-SK_9442
CPH;1740;+0200;2130;+0200;0;LH_6225-LH_6338
CPH;1235;+0200;1630;+0200;0;LH_6047-LH_6350
CPH;0605;+0200;1005;+0200;0;UA_9265-UA_8964
CPH;0600;+0200;1005;+0200;0;SK_8519-SK_3706
CPH;0600;+0200;1005;+0200;0;SQ_2009-SQ_2042
CPH;0600;+0200;1005;+0200;0;UA_9265-UA_8964
CPH;0600;+0200;1005;+0200;0;LH_833-LH_1234
CPH;1005;+0200;1410;+0200;0;SK_1637-SK_3297
CPH;1330;+0200;1745;+0200;0;SN_2258-SN_2905
CPH;1700;+0200;2115;+0200;0;BD_5460-BD_5489
CPH;1700;+0200;2115;+0200;0;SN_2260-SN_2909
CPH;1720;+0200;2135;+0200;0;LX_1291-LX_3584
CPH;1740;+0200;2155;+0200;0;LX_4705-LX_1584
CPH;0805;+0200;1225;+0200;0;BT_132-BT_431
CPH;1330;+0200;1750;+0200;0;BD_5458-BD_5493
CPH;1330;+0200;1750;+0200;0;UA_9321-UA_9076
CPH;1450;+0200;1910;+0200;0;LH_6265-LH_6346
CPH;1740;+0200;2205;+0200;0;LX_4705-LX_1584
CPH;0940;+0200;1410;+0200;0;LX_1267-LX_1578
CPH;1310;+0200;1745;+0200;0;SN_2258-SN_2905
CPH;1405;+0200;1840;+0200;0;LH_6213-LH_3094
CPH;1440;+0200;1915;+0200;0;LX_1271-LX_3556
CPH;1735;+0200;2210;+0200;0;KL_1132-KL_1849
CPH;1805;+0200;2240;+0200;0;LH_6261-LH_6330
CPH;1810;+0200;2245;+0200;0;SK_1426-SK_9411
CPH;0925;+0200;1405;+0200;0;UA_9029-UA_8966
CPH;0925;+0200;1410;+0200;0;LH_6221-LH_1238
CPH;0925;+0200;1410;+0200;0;SK_1637-SK_3297
CPH;0925;+0200;1410;+0200;0;UA_9029-UA_8966
CPH;1120;+0200;1605;+0200;0;OU_481-OU_5440
CPH;1425;+0200;1910;+0200;0;KL_1130-KL_1847
CPH;1645;+0200;2130;+0200;0;SK_8575-SK_9442
CPH;1645;+0200;2130;+0200;0;LH_829-LH_6338
CPH;1700;+0200;2145;+0200;0;BD_5460-BD_2836
CPH;1700;+0200;2145;+0200;0;SN_2260-SN_6005
CPH;0720;+0200;1210;+0200;0;SK_402-SK_9409
CPH;1115;+0200;1605;+0200;0;SK_9329-SK_9448
CPH;1115;+0200;1605;+0200;0;OU_481-OU_5440
CPH;1415;+0200;1905;+0200;0;LH_6069-LH_3102
CPH;1655;+0200;2145;+0200;0;LH_6215-LH_6356
CPH;0805;+0200;1305;+0200;0;BT_132-BT_433
CPH;1450;+0200;1950;+0200;0;LH_6265-LH_6929
CPH;0700;+0200;1205;+0200;0;LH_6219-LH_6334
CPH;0700;+0200;1205;+0200;0;SK_639-SK_9440
CPH;1440;+0200;1945;+0200;0;LH_6257-LH_6328
CPH;1530;+0200;2035;+0200;0;AB_8951-AB_8762
CPH;0655;+0200;1205;+0200;0;AF_1351-AF_1556
CPH;1325;+0200;1835;+0200;0;AY_666-AY_767
CPH;1545;+0200;2100;+0200;0;LH_6251-LH_6370
CPH;1750;+0200;2305;+0200;0;SK_1635-SK_3729
LIS;1330;+0100;1750;+0200;0;OS_8154
LIS;1330;+0100;1750;+0200;0;TP_692
LIS;1415;+0100;2020;+0200;0;OS_7488-OS_7238
LIS;1415;+0100;2020;+0200;0;LH_1791-LH_2332
LIS;0615;+0100;1225;+0200;0;LH_1793-LH_2328
LIS;0800;+0100;1410;+0200;0;LX_4581-LX_1578
LIS;1235;+0100;1845;+0200;0;IB_3109-IB_3572
LIS;0820;+0100;1435;+0200;0;AF_2325-AF_1738
LIS;1215;+0100;1830;+0200;0;LX_2085-LX_1582
LIS;1650;+0100;2305;+0200;0;LH_1169-LH_1246
LIS;0820;+0100;1440;+0200;0;AF_2325-AF_1738
LIS;1115;+0100;1735;+0200;0;AF_1025-AF_1438
LIS;1450;+0100;2110;+0200;0;TP_926-TP_8706
LIS;1455;+0100;2115;+0200;0;SN_6404-SN_2909
LIS;1455;+0100;2115;+0200;0;OS_8150-OS_8178
LIS;1520;+0100;2140;+0200;0;TP_944-TP_8748
LIS;1115;+0100;1740;+0200;0;AF_1025-AF_1438
LIS;1450;+0100;2115;+0200;0;TP_926-TP_8706
LIS;1450;+0100;2115;+0200;0;LX_4583-LX_3558
LIS;1450;+0100;2115;+0200;0;OS_8142-OS_566
LIS;1520;+0100;2145;+0200;0;TP_944-TP_8748
LIS;1640;+0100;2305;+0200;0;OS_7396-OS_7210
LIS;1200;+0100;1835;+0200;0;OS_7394-OS_7206
LIS;1205;+0100;1840;+0200;0;BD_3349-BD_2988
LIS;1205;+0100;1840;+0200;0;LH_1167-LH_1242
LIS;1535;+0100;2210;+0200;0;KL_1694-KL_1849
LIS;1620;+0100;2255;+0200;0;AB_7613-AB_3253
LIS;1635;+0100;2310;+0200;0;IB_3103-IB_8476
LIS;1455;+0100;2135;+0200;0;OS_8146-OS_516
LIS;1455;+0100;2135;+0200;0;TP_804-TP_8716
LIS;1535;+0100;2215;+0200;0;AF_1625-AF_1756
LIS;1245;+0100;1935;+0200;0;OS_8148-OS_354
LIS;1245;+0100;1935;+0200;0;SN_6410-SN_6003
LIS;1245;+0100;1935;+0200;0;TP_608-TP_8719
LIS;1455;+0100;2145;+0200;0;OS_8150-OS_356
LIS;1455;+0100;2145;+0200;0;TP_614-TP_8722
LIS;1455;+0100;2145;+0200;0;SN_6404-SN_6005
LIS;1620;+0100;2310;+0200;0;AB_7613-AB_9139
LIS;1100;+0100;1755;+0200;0;AA_6575-AA_6643
LIS;1145;+0100;1840;+0200;0;LH_3333-LH_3094
LIS;1100;+0100;1800;+0200;0;BA_501-BA_704
LIS;1215;+0100;1915;+0200;0;LX_2085-LX_3556
LIS;1235;+0100;1935;+0200;0;SN_3816-SN_6003
LIS;1235;+0100;1935;+0200;0;BD_5566-BD_2834
LIS;0905;+0100;1610;+0200;0;OS_8144-OS_398
LIS;0905;+0100;1610;+0200;0;TP_1040-TP_8708
LIS;0905;+0100;1610;+0200;0;JK_9430-JK_9201
LIS;1205;+0100;1910;+0200;0;LH_1167-LH_6346
LIS;1450;+0100;2155;+0200;0;LX_4583-LX_1584
LIS;1450;+0100;2155;+0200;0;OS_8142-OS_8808
LIS;0655;+0100;1405;+0200;0;UA_8862-UA_8966
LIS;1200;+0100;1910;+0200;0;OS_7394-OS_132
LIS;1420;+0100;2130;+0200;0;TG_7302-TG_7206
LIS;1420;+0100;2130;+0200;0;LH_6953-LH_6338
LIS;0650;+0100;1405;+0200;0;UA_8862-UA_8966
LIS;0655;+0100;1410;+0200;0;BD_3351-BD_2984
LIS;0655;+0100;1410;+0200;0;UA_8862-UA_8966
LIS;0655;+0100;1410;+0200;0;LH_1173-LH_1238
LIS;1420;+0100;2135;+0200;0;TP_576-TP_8744
LIS;1450;+0100;2205;+0200;0;LX_4583-LX_1584
LIS;1450;+0100;2205;+0200;0;OS_8142-OS_8808
LIS;0650;+0100;1410;+0200;0;UA_8862-UA_8966
LIS;0910;+0100;1635;+0200;0;LO_5442-LO_5223
LIS;1245;+0100;2020;+0200;0;SN_6410-SN_2907
LIS;1245;+0100;2020;+0200;0;OS_8148-OS_8176
LIS;1115;+0100;1855;+0200;0;AF_1025-AF_1656
LIS;1145;+0100;1925;+0200;0;LH_3333-LH_3096
LIS;1155;+0100;1935;+0200;0;TP_608-TP_8719
LIS;1205;+0100;1950;+0200;0;LH_1167-LH_6929
LIS;1235;+0100;2020;+0200;0;BD_5566-BD_5487
LIS;1235;+0100;2020;+0200;0;SN_3816-SN_2907
LIS;0930;+0100;1740;+0200;0;AZ_7765-AZ_190
LIS;1115;+0100;1925;+0200;0;AF_1025-AF_2138
LIS;1115;+0100;1925;+0200;0;AF_1025-AF_2038
LIS;0835;+0100;1650;+0200;0;LH_6955-LH_6336
LIS;0835;+0100;1650;+0200;0;TP_572-TP_8742
LIS;1335;+0100;2200;+0200;0;JL_7732-JL_7729
LIS;1335;+0100;2200;+0200;0;BA_507-BA_706
LIS;1415;+0100;2240;+0200;0;LH_1791-LH_6330
LIS;1415;+0100;2240;+0200;0;OS_7488-OS_118
LIS;0800;+0100;1630;+0200;0;LH_6951-LH_2330
LIS;1245;+0100;2115;+0200;0;OS_8148-OS_8178
LIS;1245;+0100;2115;+0200;0;SN_6410-SN_2909
LIS;0600;+0100;1435;+0200;0;AF_2325-AF_1738
LIS;0600;+0100;1440;+0200;0;AF_2325-AF_1738
LIS;0730;+0100;1610;+0200;0;TP_1038-TP_8708
LIS;0730;+0100;1610;+0200;0;JK_9432-JK_9201
LIS;0905;+0100;1745;+0200;0;SN_3814-SN_2905
LIS;1235;+0100;2115;+0200;0;SN_3816-SN_2909
LIS;1235;+0100;2115;+0200;0;BD_5566-BD_5489
LIS;0905;+0100;1750;+0200;0;BD_5564-BD_5493
LIS;1000;+0100;1845;+0200;0;IB_3111-IB_3572
LIS;1420;+0100;2305;+0200;0;LH_6953-LH_1246
LIS;1215;+0100;2110;+0200;0;TP_6763-TP_8706
LIS;1215;+0100;2115;+0200;0;LX_2085-LX_3558
LIS;1215;+0100;2115;+0200;0;TP_6763-TP_8706
LIS;1245;+0100;2145;+0200;0;SN_6410-SN_6005
LIS;1245;+0100;2145;+0200;0;OS_8148-OS_356
LIS;1245;+0100;2145;+0200;0;TP_608-TP_8722
LIS;1235;+0100;2145;+0200;0;BD_5566-BD_2836
LIS;1235;+0100;2145;+0200;0;SN_3816-SN_6005
LIS;0820;+0100;1735;+0200;0;AF_2325-AF_1438
LIS;0835;+0100;1750;+0200;0;LH_6955-LH_1240
STO;1245;+0200;1450;+0200;0;AB_8491
STO;1445;+0200;1700;+0200;0;HG_8491
STO;0950;+0200;1210;+0200;0;OS_312
STO;2025;+0200;2245;+0200;0;OS_316
STO;0640;+0200;0910;+0200;0;MS_9209
STO;0640;+0200;0910;+0200;0;OS_318
STO;1620;+0200;1850;+0200;0;OS_314
STO;0630;+0200;1005;+0200;0;AB_8101-AB_8202
STO;1500;+0200;1835;+0200;0;AB_8103-AB_8358
STO;1805;+0200;2150;+0200;0;SK_1429-SK_9405
STO;1725;+0200;2115;+0200;0;LH_6059-LH_6324
STO;0755;+0200;1205;+0200;0;LO_456-LO_5221
STO;1240;+0200;1650;+0200;0;LH_803-LH_6336
STO;0945;+0200;1410;+0200;0;LX_1249-LX_1578
STO;1410;+0200;1835;+0200;0;AY_642-AY_767
STO;1555;+0200;2020;+0200;0;LH_2417-LH_2332
STO;0735;+0200;1205;+0200;0;SK_1631-SK_9440
STO;1810;+0200;2240;+0200;0;LH_2419-LH_6330
STO;1155;+0200;1630;+0200;0;LH_2415-LH_2330
STO;1155;+0200;1630;+0200;0;SK_6428-SK_9423
STO;1515;+0200;1950;+0200;0;LH_6229-LH_6929
STO;1640;+0200;2115;+0200;0;LX_4709-LX_3558
STO;1710;+0200;2145;+0200;0;LH_6287-LH_6356
STO;1715;+0200;2150;+0200;0;SK_409-SK_9405
STO;0745;+0200;1225;+0200;0;LH_2421-LH_2328
STO;1650;+0200;2130;+0200;0;TG_7148-TG_7206
STO;1650;+0200;2130;+0200;0;SK_673-SK_9442
STO;1650;+0200;2130;+0200;0;LH_6203-LH_6338
STO;0710;+0200;1155;+0200;0;SK_1417-SK_9403
STO;1440;+0200;1925;+0200;0;LH_2923-LH_3096
STO;1720;+0200;2210;+0200;0;KL_1116-KL_1849
STO;1525;+0200;2020;+0200;0;BD_3839-BD_5487
STO;0910;+0200;1410;+0200;0;LH_6227-LH_1238
STO;0910;+0200;1410;+0200;0;SK_635-SK_3297
STO;0655;+0200;1200;+0200;0;BD_5470-BD_2832
STO;0655;+0200;1200;+0200;0;SN_2310-SN_6001
STO;0720;+0200;1225;+0200;0;BT_102-BT_431
STO;0920;+0200;1425;+0200;0;LH_2921-LH_3092
STO;1240;+0200;1750;+0200;0;SK_3613-SK_3299
STO;1240;+0200;1750;+0200;0;JJ_6037-JJ_6048
STO;1240;+0200;1750;+0200;0;LH_803-LH_1240
STO;1240;+0200;1750;+0200;0;UA_9017-UA_9076
STO;0625;+0200;1140;+0200;0;LX_4707-LX_3552
STO;1235;+0200;1750;+0200;0;UA_9017-UA_9076
STO;1640;+0200;2155;+0200;0;LX_4709-LX_1584
STO;1210;+0200;1735;+0200;0;AF_1763-AF_1438
STO;1640;+0200;2205;+0200;0;LX_4709-LX_1584
STO;1210;+0200;1740;+0200;0;AF_1763-AF_1438
STO;1545;+0200;2115;+0200;0;LX_1251-LX_3558
STO;1410;+0200;1945;+0200;0;LH_6187-LH_6328
STO;1500;+0200;2035;+0200;0;AB_8103-AB_8762
STO;1550;+0200;2125;+0200;0;LH_2929-LH_6362
STO;1615;+0200;2150;+0200;0;SK_1425-SK_9405
STO;1255;+0200;1835;+0200;0;AY_634-AY_767
STO;1355;+0200;1935;+0200;0;SN_2306-SN_6003
STO;1355;+0200;1935;+0200;0;BD_5466-BD_2834
STO;1610;+0200;2150;+0200;0;SK_1425-SK_9405
STO;0610;+0200;1155;+0200;0;SK_1415-SK_9403
STO;0620;+0200;1205;+0200;0;SK_3611-SK_9440
STO;0620;+0200;1205;+0200;0;LH_809-LH_6334
STO;0720;+0200;1305;+0200;0;BT_102-BT_433
STO;0905;+0200;1450;+0200;0;LH_2927-LH_3100
STO;1155;+0200;1745;+0200;0;SN_2304-SN_2905
STO;1345;+0200;1935;+0200;0;SK_1423-SK_9415
STO;1525;+0200;2115;+0200;0;BD_3839-BD_5489
STO;1240;+0200;1840;+0200;0;SK_3613-SK_3583
STO;1240;+0200;1840;+0200;0;LH_803-LH_1242
STO;1310;+0200;1910;+0200;0;KL_1110-KL_1847
STO;1030;+0200;1635;+0200;0;LO_454-LO_5223
STO;1140;+0200;1750;+0200;0;BD_5472-BD_5493
STO;1410;+0200;2020;+0200;0;LH_6187-LH_2332
STO;1545;+0200;2155;+0200;0;LX_1251-LX_1584
STO;1515;+0200;2130;+0200;0;SK_637-SK_9442
STO;1515;+0200;2130;+0200;0;LH_6229-LH_6338
STO;1650;+0200;2305;+0200;0;LH_6203-LH_1246
STO;1650;+0200;2305;+0200;0;SK_673-SK_3729
STO;1030;+0200;1650;+0200;0;LH_801-LH_6336
STO;1525;+0200;2145;+0200;0;BD_3839-BD_2836
STO;1540;+0200;2200;+0200;0;QF_3360-QF_3595
STO;1540;+0200;2200;+0200;0;BA_779-BA_706
STO;1540;+0200;2200;+0200;0;JL_7716-JL_7729
STO;1540;+0200;2200;+0200;0;AA_6530-AA_6474
STO;1545;+0200;2205;+0200;0;LX_1251-LX_1584
STO;1355;+0200;2020;+0200;0;BD_5466-BD_5487
STO;1355;+0200;2020;+0200;0;SN_2306-SN_2907
STO;1240;+0200;1910;+0200;0;NH_6188-NH_6331
STO;1240;+0200;1910;+0200;0;LH_803-LH_6346
STO;0735;+0200;1410;+0200;0;SK_1631-SK_3297
STO;1615;+0200;2250;+0200;0;BD_3853-BD_2806
STO;1210;+0200;1855;+0200;0;AF_1763-AF_1656
STO;1555;+0200;2240;+0200;0;LH_2417-LH_6330
STO;0630;+0200;1330;+0200;0;KL_1106-KL_1845
STO;1440;+0200;2145;+0200;0;LH_2923-LH_6356
STO;1240;+0200;1950;+0200;0;LH_803-LH_6929
STO;1210;+0200;1925;+0200;0;AF_1763-AF_2038
STO;1210;+0200;1925;+0200;0;AF_1763-AF_2138
STO;1220;+0200;1935;+0200;0;SK_1421-SK_9415
MAD;0855;+0200;1145;+0200;0;IB_3576
MAD;1555;+0200;1845;+0200;0;IB_3572
MAD;2020;+0200;2310;+0200;0;IB_8476
MAD;2030;+0200;2320;+0200;0;AB_8377
MAD;2030;+0200;2320;+0200;0;HG_8377
MAD;1215;+0200;1630;+0200;0;OS_7452-OS_7236
MAD;1215;+0200;1630;+0200;0;LH_1801-LH_2330
MAD;0935;+0200;1410;+0200;0;LX_2021-LX_1578
MAD;0740;+0200;1220;+0200;0;OS_7446-OS_7234
MAD;1800;+0200;2240;+0200;0;LH_1805-LH_6330
MAD;1800;+0200;2240;+0200;0;OS_7448-OS_118
MAD;0740;+0200;1225;+0200;0;LH_1807-LH_2328
MAD;1350;+0200;1840;+0200;0;LH_6803-LH_1242
MAD;1530;+0200;2020;+0200;0;LH_1803-LH_2332
MAD;1530;+0200;2020;+0200;0;OS_7450-OS_7238
MAD;0710;+0200;1205;+0200;0;AF_2101-AF_1556
MAD;1235;+0200;1735;+0200;0;AF_1301-AF_1438
MAD;0645;+0200;1150;+0200;0;LH_3295-LH_6354
MAD;0905;+0200;1410;+0200;0;LH_6801-LH_1238
MAD;1235;+0200;1740;+0200;0;AF_1301-AF_1438
MAD;1625;+0200;2130;+0200;0;LH_1115-LH_6338
MAD;1700;+0200;2215;+0200;0;AF_1701-AF_1756
MAD;0640;+0200;1200;+0200;0;SN_3732-SN_6001
MAD;0640;+0200;1200;+0200;0;BD_5318-BD_2832
MAD;1220;+0200;1740;+0200;0;AZ_61-AZ_190
MAD;1230;+0200;1750;+0200;0;OS_7458-OS_7208
MAD;1230;+0200;1750;+0200;0;LH_1113-LH_1240
MAD;1350;+0200;1910;+0200;0;LH_6803-LH_6346
MAD;1610;+0200;2130;+0200;0;OS_7460-OS_126
MAD;1610;+0200;2130;+0200;0;LH_1115-LH_6338
MAD;0800;+0200;1330;+0200;0;KL_1710-KL_1845
MAD;1220;+0200;1750;+0200;0;BD_5312-BD_5493
MAD;1720;+0200;2255;+0200;0;AB_7741-AB_3253
MAD;0600;+0200;1140;+0200;0;AZ_59-AZ_188
MAD;1205;+0200;1745;+0200;0;SN_3722-SN_2905
MAD;0615;+0200;1205;+0200;0;LH_1121-LH_6334
MAD;0615;+0200;1205;+0200;0;OS_7456-OS_122
MAD;1200;+0200;1750;+0200;0;TP_1013-TP_692
MAD;1525;+0200;2115;+0200;0;LX_2027-LX_3558
MAD;1620;+0200;2210;+0200;0;KL_1704-KL_1849
MAD;1720;+0200;2310;+0200;0;AB_7741-AB_9139
MAD;1350;+0200;1950;+0200;0;LH_6803-LH_6929
MAD;1600;+0200;2200;+0200;0;QF_4204-QF_3595
MAD;0705;+0200;1310;+0200;0;BA_455-BA_700
MAD;0705;+0200;1310;+0200;0;QF_3378-QF_3639
MAD;1230;+0200;1835;+0200;0;OS_7458-OS_7206
MAD;1315;+0200;1920;+0200;0;LG_3834-LG_8857
MAD;1040;+0200;1650;+0200;0;LH_1111-LH_6336
MAD;1045;+0200;1655;+0200;0;FB_472-FB_409
MAD;1230;+0200;1840;+0200;0;LH_1113-LH_1242
MAD;1300;+0200;1910;+0200;0;KL_1702-KL_1847
MAD;1035;+0200;1650;+0200;0;OS_7468-OS_124
MAD;1035;+0200;1650;+0200;0;LH_1111-LH_6336
MAD;1235;+0200;1855;+0200;0;AF_1301-AF_1656
MAD;1300;+0200;1920;+0200;0;LG_3834-LG_8857
MAD;1310;+0200;1935;+0200;0;SK_582-SK_9415
MAD;1525;+0200;2155;+0200;0;LX_2027-LX_1584
MAD;1300;+0200;1935;+0200;0;RO_416-RO_9341
MAD;1450;+0200;2125;+0200;0;LH_3297-LH_6362
MAD;1230;+0200;1910;+0200;0;LH_1113-LH_6346
MAD;1230;+0200;1910;+0200;0;OS_7458-OS_132
MAD;1525;+0200;2205;+0200;0;LX_2027-LX_1584
MAD;1535;+0200;2215;+0200;0;AF_1601-AF_1756
MAD;1545;+0200;2225;+0200;0;AA_5689-AA_8093
MAD;1625;+0200;2305;+0200;0;LH_1115-LH_1246
MAD;0920;+0200;1610;+0200;0;JK_426-JK_9201
MAD;1235;+0200;1925;+0200;0;AF_1301-AF_2038
MAD;1235;+0200;1925;+0200;0;AF_1301-AF_2138
MAD;1145;+0200;1840;+0200;0;AA_5688-AA_8093
MAD;1610;+0200;2305;+0200;0;OS_7460-OS_7210
MAD;1610;+0200;2305;+0200;0;BD_2917-BD_2982
MAD;1610;+0200;2305;+0200;0;LH_1115-LH_1246
MAD;1500;+0200;2200;+0200;0;JL_7840-JL_7729
MAD;1500;+0200;2200;+0200;0;BA_7060-BA_706
MAD;1040;+0200;1750;+0200;0;BD_2921-BD_2986
MAD;1040;+0200;1750;+0200;0;LH_1111-LH_1240
MAD;1045;+0200;1755;+0200;0;AA_6277-AA_6643
MAD;1530;+0200;2240;+0200;0;OS_7450-OS_118
MAD;1530;+0200;2240;+0200;0;LH_1803-LH_6330
MAD;1035;+0200;1750;+0200;0;OS_7468-OS_7208
MAD;1035;+0200;1750;+0200;0;LH_1111-LH_1240
MAD;1220;+0200;1935;+0200;0;BD_5312-BD_2834
HEL;0825;+0300;0955;+0200;0;AY_765
HEL;1705;+0300;1835;+0200;0;AY_767
HEL;1450;+0300;1630;+0200;0;OS_346
HEL;0725;+0300;0910;+0200;0;OS_348
HEL;0505;+0300;0735;+0200;0;BT_330-BT_431
HEL;0955;+0300;1225;+0200;0;BT_340-BT_431
HEL;0955;+0300;1225;+0200;0;BT_302-BT_431
HEL;1310;+0300;1555;+0200;0;AB_8309-AB_8272
HEL;1945;+0300;2245;+0200;0;SK_709-SK_9411
HEL;0700;+0300;1005;+0200;0;AB_8311-AB_8202
HEL;0955;+0300;1305;+0200;0;BT_340-BT_433
HEL;0955;+0300;1305;+0200;0;BT_302-BT_433
HEL;0840;+0300;1155;+0200;0;SK_6545-SK_9403
HEL;1835;+0300;2150;+0200;0;OS_7560-OS_306
HEL;1835;+0300;2150;+0200;0;SK_719-SK_9405
HEL;1305;+0300;1630;+0200;0;LH_2463-LH_2330
HEL;0655;+0300;1025;+0200;0;LH_2467-LH_2326
HEL;1600;+0300;1935;+0200;0;SK_6542-SK_9415
HEL;1410;+0300;1750;+0200;0;BD_3123-BD_2986
HEL;1855;+0300;2240;+0200;0;LH_2465-LH_6330
HEL;1300;+0300;1650;+0200;0;LH_847-LH_6336
HEL;1450;+0300;1840;+0200;0;LH_849-LH_1242
HEL;1450;+0300;1840;+0200;0;SK_3675-SK_3583
HEL;1835;+0300;2225;+0200;0;AB_8925-AB_8812
HEL;1855;+0300;2245;+0200;0;SK_6430-SK_9411
HEL;0830;+0300;1225;+0200;0;BT_302-BT_431
HEL;1005;+0300;1410;+0200;0;LX_4791-LX_1578
HEL;1805;+0300;2210;+0200;0;KL_1170-KL_1849
HEL;0800;+0300;1210;+0200;0;SK_6421-SK_9409
HEL;1700;+0300;2115;+0200;0;LX_4793-LX_3558
HEL;1850;+0300;2305;+0200;0;SK_3615-SK_3729
HEL;1850;+0300;2305;+0200;0;LH_851-LH_1246
HEL;1450;+0300;1910;+0200;0;LH_849-LH_6346
HEL;1450;+0300;1910;+0200;0;NH_6172-NH_6331
HEL;1720;+0300;2145;+0200;0;SN_6756-SN_6005
HEL;1410;+0300;1840;+0200;0;BD_3123-BD_2988
HEL;0720;+0300;1155;+0200;0;SK_713-SK_9403
HEL;0720;+0300;1155;+0200;0;OS_7556-OS_302
HEL;0830;+0300;1305;+0200;0;BT_302-BT_433
HEL;1300;+0300;1750;+0200;0;UA_9049-UA_9076
HEL;1300;+0300;1750;+0200;0;LH_847-LH_1240
HEL;1300;+0300;1750;+0200;0;BD_3121-BD_2986
HEL;1700;+0300;2155;+0200;0;LX_4793-LX_1584
HEL;0700;+0300;1200;+0200;0;SN_6752-SN_6001
HEL;0905;+0300;1405;+0200;0;UA_9047-UA_8966
HEL;1450;+0300;1950;+0200;0;LH_849-LH_6929
HEL;0905;+0300;1410;+0200;0;SK_3607-SK_3297
HEL;0905;+0300;1410;+0200;0;LH_853-LH_1238
HEL;0905;+0300;1410;+0200;0;BD_3125-BD_2984
HEL;0905;+0300;1410;+0200;0;UA_9047-UA_8966
HEL;1405;+0300;1910;+0200;0;KL_1168-KL_1847
HEL;1700;+0300;2205;+0200;0;LX_4793-LX_1584
HEL;0655;+0300;1205;+0200;0;SK_3679-SK_9440
HEL;0655;+0300;1205;+0200;0;LH_855-LH_6334
HEL;0700;+0300;1210;+0200;0;SK_707-SK_9409
HEL;0925;+0300;1435;+0200;0;AF_1499-AF_1738
HEL;0640;+0300;1155;+0200;0;SK_6540-SK_9403
HEL;0730;+0300;1245;+0200;0;6X_9800-6X_9502
HEL;0925;+0300;1440;+0200;0;AF_1499-AF_1738
HEL;1730;+0300;2245;+0200;0;SK_6423-SK_9411
HEL;1215;+0300;1735;+0200;0;AF_1099-AF_1438
HEL;1215;+0300;1740;+0200;0;AF_1099-AF_1438
HEL;1310;+0300;1835;+0200;0;AB_8309-AB_8358
HEL;1315;+0300;1840;+0200;0;LH_2971-LH_3094
HEL;0655;+0300;1225;+0200;0;LH_2467-LH_2328
HEL;1300;+0300;1840;+0200;0;BD_3121-BD_2988
HEL;1300;+0300;1840;+0200;0;LH_847-LH_1242
HEL;0820;+0300;1405;+0200;0;UA_9047-UA_8966
HEL;0820;+0300;1410;+0200;0;UA_9047-UA_8966
HEL;1600;+0300;2150;+0200;0;SK_6542-SK_9405
HEL;1600;+0300;2200;+0200;0;BA_6033-BA_706
HEL;1600;+0300;2200;+0200;0;AA_6049-AA_6474
MUC;0820;+0200;0915;+0200;0;HG_8385
MUC;0820;+0200;0915;+0200;0;AB_8385
MUC;1720;+0200;1815;+0200;0;AB_8389
MUC;2130;+0200;2225;+0200;0;AB_8393
MUC;1720;+0200;1820;+0200;0;AB_8389
MUC;1720;+0200;1820;+0200;0;HG_8389
MUC;2130;+0200;2230;+0200;0;AB_8393
MUC;2130;+0200;2230;+0200;0;HG_8393
MUC;0710;+0200;0815;+0200;0;OS_7232
MUC;0710;+0200;0815;+0200;0;LH_2324
MUC;0920;+0200;1025;+0200;0;OS_7240
MUC;0920;+0200;1025;+0200;0;LH_2326
MUC;1115;+0200;1220;+0200;0;OS_7234
MUC;1120;+0200;1225;+0200;0;BD_3624
MUC;1120;+0200;1225;+0200;0;LH_2328
MUC;1525;+0200;1630;+0200;0;LH_2330
MUC;1525;+0200;1630;+0200;0;OS_7236
MUC;1525;+0200;1630;+0200;0;BD_3628
MUC;1915;+0200;2020;+0200;0;OS_7238
MUC;1915;+0200;2020;+0200;0;LH_2332
MUC;2135;+0200;2240;+0200;0;LH_6330
MUC;2135;+0200;2240;+0200;0;OS_118
MUC;0820;+0200;0930;+0200;0;LH_6326
MUC;0820;+0200;0930;+0200;0;OS_112
MUC;1835;+0200;1945;+0200;0;LH_6328
MUC;1835;+0200;1945;+0200;0;OS_116
MUC;1835;+0200;1945;+0200;0;NH_6302
MUC;1535;+0200;1845;+0200;0;OU_5435-OU_442
MUC;1840;+0200;2155;+0200;0;LX_3625-LX_1584
MUC;1050;+0200;1410;+0200;0;LH_109-LH_1238
MUC;1310;+0200;1630;+0200;0;LH_2038-LH_6350
MUC;1650;+0200;2010;+0200;0;AB_6036-AB_8644
MUC;1805;+0200;2125;+0200;0;LH_2078-LH_6362
MUC;0645;+0200;1010;+0200;0;LH_2000-LH_3090
MUC;0855;+0200;1220;+0200;0;LG_9732-LG_8855
MUC;1100;+0200;1425;+0200;0;LH_2008-LH_3092
MUC;1840;+0200;2205;+0200;0;LX_3625-LX_1584
MUC;1900;+0200;2225;+0200;0;AB_6038-AB_8812
MUC;1500;+0200;1830;+0200;0;AB_6034-AB_8516
MUC;1510;+0200;1840;+0200;0;LH_115-LH_1242
MUC;1535;+0200;1905;+0200;0;LH_2074-LH_3102
MUC;1545;+0200;1915;+0200;0;LX_3623-LX_3556
MUC;1550;+0200;1920;+0200;0;LG_9734-LG_8857
MUC;1805;+0200;2135;+0200;0;LX_3929-LX_3584
MUC;1755;+0200;2130;+0200;0;LH_119-LH_6338
MUC;0805;+0200;1145;+0200;0;LH_2032-LH_6322
MUC;0825;+0200;1205;+0200;0;LH_103-LH_6334
MUC;1455;+0200;1835;+0200;0;AB_6196-AB_8358
MUC;1855;+0200;2235;+0200;0;AB_6202-AB_8752
MUC;1210;+0200;1555;+0200;0;AB_6190-AB_8272
MUC;1540;+0200;1925;+0200;0;LH_2014-LH_3096
MUC;1635;+0200;2020;+0200;0;AB_6306-AB_8846
MUC;0620;+0200;1010;+0200;0;AB_6022-AB_8240
MUC;1020;+0200;1410;+0200;0;AB_6026-AB_8136
MUC;1645;+0200;2035;+0200;0;AB_6200-AB_8762
MUC;0610;+0200;1005;+0200;0;LH_99-LH_1234
MUC;0745;+0200;1140;+0200;0;LH_2142-LH_6366
MUC;0605;+0200;1005;+0200;0;LH_99-LH_1234
MUC;1350;+0200;1750;+0200;0;LH_113-LH_1240
MUC;1445;+0200;1845;+0200;0;LO_5352-LO_225
MUC;1510;+0200;1910;+0200;0;LH_115-LH_6346
MUC;1515;+0200;1915;+0200;0;OS_7284-OS_978
MUC;1715;+0200;2115;+0200;0;LH_2048-LH_6324
MUC;0735;+0200;1140;+0200;0;LX_3619-LX_3552
MUC;1435;+0200;1840;+0200;0;LH_2012-LH_3094
MUC;1525;+0200;1930;+0200;0;OS_7222-OS_940
MUC;1535;+0200;1940;+0200;0;OU_5435-OU_5448
MUC;1000;+0200;1410;+0200;0;LH_107-LH_1238
MUC;1040;+0200;1450;+0200;0;LH_2066-LH_3100
MUC;1505;+0200;1915;+0200;0;LH_1860-LH_6427
MUC;1705;+0200;2115;+0200;0;LX_1109-LX_3558
MUC;1705;+0200;2115;+0200;0;SN_7060-SN_2909
MUC;1715;+0200;2125;+0200;0;LH_1992-LH_6376
MUC;1855;+0200;2305;+0200;0;LH_121-LH_1246
MUC;0735;+0200;1150;+0200;0;OS_7300-OS_980
MUC;1720;+0200;2135;+0200;0;LH_1862-LH_6429
MUC;0715;+0200;1135;+0200;0;LH_2060-LH_6364
MUC;0725;+0200;1145;+0200;0;LH_2030-LH_6322
MUC;1020;+0200;1440;+0200;0;AB_6026-AB_8136
MUC;1515;+0200;1935;+0200;0;SN_7058-SN_6003
MUC;1515;+0200;1935;+0200;0;BD_3380-BD_2722
MUC;1705;+0200;2125;+0200;0;LH_2076-LH_6362
MUC;1805;+0200;2225;+0200;0;AB_6044-AB_8812
MUC;0725;+0200;1150;+0200;0;LH_2002-LH_6354
MUC;0750;+0200;1215;+0200;0;LX_3923-LX_3582
MUC;1140;+0200;1605;+0200;0;OU_5439-OU_5440
MUC;1405;+0200;1830;+0200;0;LX_1105-LX_1582
MUC;0705;+0200;1135;+0200;0;LH_1852-LH_6407
MUC;0725;+0200;1200;+0200;0;LH_1982-LH_6372
MUC;0935;+0200;1410;+0200;0;LX_1101-LX_1578
MUC;1145;+0200;1620;+0200;0;OS_7220-OS_938
MUC;1310;+0200;1745;+0200;0;SN_7056-SN_2905
MUC;1430;+0200;1905;+0200;0;LH_2072-LH_3102
MUC;1505;+0200;1940;+0200;0;LO_5386-LO_229
MUC;1610;+0200;2045;+0200;0;AB_6368-AB_8076
MUC;1710;+0200;2145;+0200;0;LH_2016-LH_6356
MUC;1255;+0200;1735;+0200;0;AF_1723-AF_1438
MUC;1510;+0200;1950;+0200;0;LH_115-LH_6929
MUC;1705;+0200;2145;+0200;0;SN_7060-SN_6005
MUC;1730;+0200;2210;+0200;0;KL_1798-KL_1849
MUC;0720;+0200;1205;+0200;0;AF_1123-AF_1556
MUC;1255;+0200;1740;+0200;0;AF_1723-AF_1438
MUC;1410;+0200;1855;+0200;0;JP_159-JP_136
MUC;1645;+0200;2130;+0200;0;LH_117-LH_6338
MIL;0840;+0200;1000;+0200;0;HG_8823
MIL;0840;+0200;1000;+0200;0;AB_8823
MIL;1525;+0200;1650;+0200;0;AB_8829
MIL;1705;+0200;1830;+0200;0;HG_8829
MIL;1705;+0200;1830;+0200;0;AB_8829
MIL;2115;+0200;2240;+0200;0;HG_8825
MIL;2115;+0200;2240;+0200;0;AB_8825
MIL;0655;+0200;0825;+0200;0;OS_540
MIL;1005;+0200;1135;+0200;0;LH_6407
MIL;1005;+0200;1135;+0200;0;OS_512
MIL;2005;+0200;2135;+0200;0;OS_516
MIL;2005;+0200;2135;+0200;0;LH_6429
MIL;1740;+0200;1915;+0200;0;LH_6427
MIL;1740;+0200;1915;+0200;0;OS_514
MIL;0720;+0200;0900;+0200;0;LH_6431
MIL;0720;+0200;0900;+0200;0;OS_518
MIL;1820;+0200;2115;+0200;0;LX_1623-LX_3558
MIL;1110;+0200;1410;+0200;0;LX_1617-LX_1578
MIL;0835;+0200;1140;+0200;0;LH_3195-LH_6366
MIL;1705;+0200;2020;+0200;0;LH_1861-LH_2332
MIL;1310;+0200;1630;+0200;0;LH_1857-LH_2330
MIL;1430;+0200;1750;+0200;0;LH_253-LH_1240
MIL;0655;+0200;1025;+0200;0;LH_1867-LH_2326
MIL;1910;+0200;2240;+0200;0;LH_1863-LH_6330
MIL;1935;+0200;2305;+0200;0;LH_277-LH_1246
MIL;0845;+0200;1220;+0200;0;LG_6992-LG_8855
MIL;0850;+0200;1225;+0200;0;LH_1853-LH_2328
MIL;1035;+0200;1410;+0200;0;LH_271-LH_1238
MIL;1035;+0200;1410;+0200;0;BD_2925-BD_2984
MIL;1455;+0200;1830;+0200;0;LX_1629-LX_1582
MIL;1820;+0200;2155;+0200;0;LX_1623-LX_1584
MIL;0800;+0200;1140;+0200;0;AZ_2021-AZ_188
MIL;1400;+0200;1740;+0200;0;AZ_2049-AZ_190
MIL;1525;+0200;1905;+0200;0;LH_3191-LH_3102
MIL;1750;+0200;2130;+0200;0;LH_275-LH_6338
MIL;1820;+0200;2205;+0200;0;LX_1623-LX_1584
MIL;0750;+0200;1140;+0200;0;AZ_2011-AZ_188
MIL;0740;+0200;1140;+0200;0;AZ_2019-AZ_188
MIL;1250;+0200;1650;+0200;0;LH_273-LH_6336
MIL;1005;+0200;1410;+0200;0;LX_1613-LX_1578
MIL;1340;+0200;1745;+0200;0;SN_3148-SN_2905
MIL;0730;+0200;1140;+0200;0;AZ_2015-AZ_188
MIL;1340;+0200;1750;+0200;0;BD_5266-BD_5493
MIL;1430;+0200;1840;+0200;0;LH_253-LH_1242
MIL;1650;+0200;2100;+0200;0;LH_3197-LH_6370
MIL;1455;+0200;1915;+0200;0;LX_1629-LX_3556
MIL;1655;+0200;2115;+0200;0;BD_5408-BD_5489
MIL;1655;+0200;2115;+0200;0;SN_3158-SN_2909
MIL;1725;+0200;2145;+0200;0;SN_3158-SN_6005
MIL;0715;+0200;1140;+0200;0;AZ_2017-AZ_188
MIL;0740;+0200;1205;+0200;0;LO_322-LO_5221
MIL;1010;+0200;1435;+0200;0;AF_1213-AF_1738
MIL;0710;+0200;1140;+0200;0;LX_1639-LX_3552
MIL;0710;+0200;1140;+0200;0;AZ_2311-AZ_188
MIL;1010;+0200;1440;+0200;0;AF_1213-AF_1738
MIL;1300;+0200;1735;+0200;0;AF_9701-AF_1438
MIL;0700;+0200;1140;+0200;0;AZ_2013-AZ_188
MIL;0725;+0200;1205;+0200;0;LH_279-LH_6334
MIL;1300;+0200;1740;+0200;0;AF_9701-AF_1438
MIL;1300;+0200;1740;+0200;0;AZ_2055-AZ_190
MIL;1430;+0200;1910;+0200;0;LH_253-LH_6346
MIL;1505;+0200;1945;+0200;0;LH_1859-LH_6328
MIL;0655;+0200;1140;+0200;0;AZ_1017-AZ_188
MIL;0700;+0200;1150;+0200;0;LH_3187-LH_6354
MIL;0915;+0200;1405;+0200;0;UA_9063-UA_8966
MIL;1655;+0200;2145;+0200;0;BD_5408-BD_2836
MIL;1655;+0200;2145;+0200;0;SN_3158-SN_6005
MIL;1815;+0200;2305;+0200;0;LH_255-LH_1246
MIL;0915;+0200;1410;+0200;0;UA_9063-UA_8966
MIL;0915;+0200;1410;+0200;0;LH_247-LH_1238
MIL;0705;+0200;1205;+0200;0;AF_2515-AF_1556
MIL;0900;+0200;1400;+0200;0;AB_8431-AB_8268
MIL;1250;+0200;1750;+0200;0;LH_273-LH_1240
MIL;0900;+0200;1405;+0200;0;UA_9063-UA_8966
MIL;0630;+0200;1140;+0200;0;AZ_2009-AZ_188
MIL;0655;+0200;1205;+0200;0;AF_9801-AF_1556
MIL;0900;+0200;1410;+0200;0;UA_9063-UA_8966
MIL;0645;+0200;1200;+0200;0;BD_5402-BD_2832
MIL;0645;+0200;1200;+0200;0;SN_3162-SN_6001
MIL;1505;+0200;2020;+0200;0;LH_1859-LH_2332
MIL;1750;+0200;2305;+0200;0;LH_275-LH_1246
BRU;2000;+0200;2145;+0200;0;BD_2836
BRU;2000;+0200;2145;+0200;0;SN_6005
BRU;2000;+0200;2145;+0200;0;OS_356
BRU;0705;+0200;0855;+0200;0;SN_2901
BRU;0705;+0200;0855;+0200;0;OS_8172
BRU;1010;+0200;1200;+0200;0;BD_2832
BRU;1010;+0200;1200;+0200;0;SN_6001
BRU;1010;+0200;1200;+0200;0;OS_352
BRU;1555;+0200;1745;+0200;0;SN_2905
BRU;1600;+0200;1750;+0200;0;OS_8174
BRU;1745;+0200;1935;+0200;0;SN_6003
BRU;1745;+0200;1935;+0200;0;OS_354
BRU;1745;+0200;1935;+0200;0;BD_2834
BRU;1830;+0200;2020;+0200;0;SN_2907
BRU;1830;+0200;2020;+0200;0;OS_8176
BRU;1925;+0200;2115;+0200;0;OS_8178
BRU;1925;+0200;2115;+0200;0;SN_2909
BRU;0700;+0200;0855;+0200;0;SN_2901
BRU;0840;+0200;1140;+0200;0;LH_3355-LH_6366
BRU;1830;+0200;2130;+0200;0;LH_1017-LH_6338
BRU;1715;+0200;2020;+0200;0;LH_2291-LH_2332
BRU;0655;+0200;1005;+0200;0;LH_1025-LH_1234
BRU;1100;+0200;1410;+0200;0;LH_1009-LH_1238
BRU;1440;+0200;1750;+0200;0;LH_1013-LH_1240
BRU;1840;+0200;2155;+0200;0;LX_783-LX_1584
BRU;0840;+0200;1205;+0200;0;LH_1005-LH_6334
BRU;1325;+0200;1650;+0200;0;LH_1011-LH_6336
BRU;1840;+0200;2205;+0200;0;LX_783-LX_1584
BRU;1500;+0200;1830;+0200;0;LX_781-LX_1582
BRU;0830;+0200;1205;+0200;0;LH_1005-LH_6334
BRU;1905;+0200;2240;+0200;0;TG_7855-TG_7214
BRU;1905;+0200;2240;+0200;0;LH_2293-LH_6330
BRU;0645;+0200;1025;+0200;0;LH_2297-LH_2326
BRU;0845;+0200;1225;+0200;0;LH_2283-LH_2328
BRU;1245;+0200;1630;+0200;0;LH_2287-LH_2330
BRU;1825;+0200;2210;+0200;0;KL_1732-KL_1849
BRU;1920;+0200;2305;+0200;0;LH_1019-LH_1246
BRU;0825;+0200;1215;+0200;0;LX_761-LX_3582
BRU;1740;+0200;2130;+0200;0;LH_1015-LH_6338
BRU;1440;+0200;1840;+0200;0;LH_1013-LH_1242
BRU;1705;+0200;2115;+0200;0;LH_5567-LH_6324
BRU;1021;+0200;1435;+0200;0;AF_7184-AF_1738
BRU;0750;+0200;1205;+0200;0;LO_232-LO_5221
BRU;1200;+0200;1615;+0200;0;BD_5499-BD_2844
BRU;1500;+0200;1915;+0200;0;LX_781-LX_3556
BRU;1645;+0200;2100;+0200;0;LH_3359-LH_6370
BRU;1021;+0200;1440;+0200;0;AF_7184-AF_1738
BRU;0950;+0200;1410;+0200;0;LX_787-LX_1578
BRU;1655;+0200;2115;+0200;0;LH_5567-LH_6324
BRU;1730;+0200;2150;+0200;0;SK_1594-SK_9405
BRU;1325;+0200;1750;+0200;0;LH_1011-LH_1240
BRU;1440;+0200;1910;+0200;0;LH_1013-LH_6346
BRU;1440;+0200;1910;+0200;0;KL_1726-KL_1847
BRU;0705;+0200;1140;+0200;0;LX_771-LX_3552
BRU;1155;+0200;1630;+0200;0;LH_5573-LH_6350
BRU;1430;+0200;1905;+0200;0;LH_5583-LH_3102
BRU;1440;+0200;1915;+0200;0;LH_5696-LH_6427
BRU;1700;+0200;2135;+0200;0;LH_5698-LH_6429
BRU;1830;+0200;2305;+0200;0;LH_1017-LH_1246
BRU;0920;+0200;1405;+0200;0;UA_8820-UA_8966
BRU;1500;+0200;1945;+0200;0;LH_2289-LH_6328
BRU;0920;+0200;1410;+0200;0;LH_1007-LH_1238
BRU;0920;+0200;1410;+0200;0;UA_8820-UA_8966
BRU;0640;+0200;1135;+0200;0;LH_5692-LH_6407
BRU;0650;+0200;1145;+0200;0;LH_5561-LH_6322
BRU;0700;+0200;1155;+0200;0;SK_2594-SK_9403
BRU;0710;+0200;1205;+0200;0;AF_7182-AF_1556
BRU;0715;+0200;1210;+0200;0;BD_5431-BD_2802
BRU;0715;+0200;1210;+0200;0;LH_5592-LH_6399
BRU;1630;+0200;2125;+0200;0;LH_5579-LH_6362
BRU;0655;+0200;1205;+0200;0;LH_1025-LH_6334
BRU;0820;+0200;1330;+0200;0;KL_1722-KL_1845
BRU;0940;+0200;1450;+0200;0;LH_5581-LH_3100
BRU;1440;+0200;1950;+0200;0;LH_1013-LH_6929
BRU;0650;+0200;1205;+0200;0;LO_5238-LO_5221
BRU;0935;+0200;1450;+0200;0;LH_5581-LH_3100
BRU;1325;+0200;1840;+0200;0;LH_1011-LH_1242
BRU;1610;+0200;2125;+0200;0;LH_5579-LH_6362
OSL;1400;+0200;1630;+0200;0;OS_336
OSL;0640;+0200;0915;+0200;0;MS_9211
OSL;0635;+0200;0915;+0200;0;OS_332
OSL;0635;+0200;0915;+0200;0;MS_9211
OSL;0630;+0200;1005;+0200;0;AB_8245-AB_8202
OSL;0820;+0200;1155;+0200;0;SK_1453-SK_9403
OSL;1500;+0200;1835;+0200;0;AB_8243-AB_8358
OSL;1805;+0200;2150;+0200;0;SK_1477-SK_9405
OSL;1750;+0200;2150;+0200;0;SK_3033-SK_9405
OSL;1525;+0200;1935;+0200;0;SK_459-SK_9415
OSL;1420;+0200;1840;+0200;0;LH_6281-LH_1242
OSL;1420;+0200;1840;+0200;0;SK_4755-SK_3583
OSL;1655;+0200;2115;+0200;0;LX_4711-LX_3558
OSL;1730;+0200;2150;+0200;0;SK_461-SK_9405
OSL;0740;+0200;1205;+0200;0;SK_4751-SK_9440
OSL;0745;+0200;1210;+0200;0;SK_848-SK_9409
OSL;0945;+0200;1410;+0200;0;LX_1211-LX_1578
OSL;1820;+0200;2245;+0200;0;SK_1484-SK_9411
OSL;0755;+0200;1225;+0200;0;BT_152-BT_431
OSL;0935;+0200;1410;+0200;0;LH_6231-LH_1238
OSL;0935;+0200;1410;+0200;0;SK_4751-SK_3297
OSL;1805;+0200;2240;+0200;0;LH_2455-LH_6330
OSL;1150;+0200;1630;+0200;0;LH_2451-LH_2330
OSL;0710;+0200;1155;+0200;0;SK_1463-SK_9403
OSL;0740;+0200;1225;+0200;0;LH_2457-LH_2328
OSL;1355;+0200;1840;+0200;0;LH_861-LH_1242
OSL;1355;+0200;1840;+0200;0;BD_2931-BD_2988
OSL;1355;+0200;1840;+0200;0;SK_3609-SK_3583
OSL;1645;+0200;2130;+0200;0;SK_4757-SK_9442
OSL;1645;+0200;2130;+0200;0;LH_6105-LH_6338
OSL;0935;+0200;1425;+0200;0;LH_2951-LH_3092
OSL;1420;+0200;1910;+0200;0;KL_1146-KL_1847
OSL;1420;+0200;1910;+0200;0;LH_6281-LH_6346
OSL;1640;+0200;2130;+0200;0;SK_4757-SK_9442
OSL;1720;+0200;2210;+0200;0;KL_1148-KL_1849
OSL;1410;+0200;1910;+0200;0;KL_1218-KL_1847
OSL;1615;+0200;2115;+0200;0;BD_3795-BD_5489
OSL;1655;+0200;2155;+0200;0;LX_4711-LX_1584
OSL;0755;+0200;1305;+0200;0;BT_152-BT_433
OSL;1655;+0200;2205;+0200;0;LX_4711-LX_1584
OSL;1355;+0200;1910;+0200;0;LH_861-LH_6346
OSL;1355;+0200;1910;+0200;0;NH_6184-NH_6331
OSL;0640;+0200;1200;+0200;0;SN_2288-SN_6001
OSL;1315;+0200;1835;+0200;0;AY_656-AY_767
OSL;1605;+0200;2125;+0200;0;LH_2959-LH_6362
OSL;1220;+0200;1745;+0200;0;SN_2282-SN_2905
OSL;0635;+0200;1205;+0200;0;AF_1275-AF_1556
OSL;1420;+0200;1950;+0200;0;LH_6281-LH_6929
OSL;1615;+0200;2145;+0200;0;LH_6209-LH_6356
OSL;1615;+0200;2145;+0200;0;BD_3795-BD_2836
OSL;1500;+0200;2035;+0200;0;AB_8243-AB_8762
OSL;0615;+0200;1155;+0200;0;SK_3169-SK_9403
OSL;0625;+0200;1205;+0200;0;SK_3645-SK_9440
OSL;0625;+0200;1205;+0200;0;LH_865-LH_6334
OSL;1610;+0200;2150;+0200;0;SK_1471-SK_9405
OSL;1705;+0200;2245;+0200;0;SK_890-SK_9411
OSL;0610;+0200;1155;+0200;0;SK_1461-SK_9403
OSL;0900;+0200;1450;+0200;0;LH_2957-LH_3100
OSL;1345;+0200;1935;+0200;0;SK_1469-SK_9415
OSL;1355;+0200;1950;+0200;0;LH_861-LH_6929
OSL;1245;+0200;1855;+0200;0;AF_2075-AF_1656
OSL;1320;+0200;1935;+0200;0;SK_3051-SK_9415
OSL;1130;+0200;1750;+0200;0;SK_4755-SK_3299
OSL;1645;+0200;2305;+0200;0;LH_6105-LH_1246
OSL;1645;+0200;2305;+0200;0;SK_4757-SK_3729
OSL;1025;+0200;1650;+0200;0;LH_859-LH_6336
OSL;1525;+0200;2150;+0200;0;SK_459-SK_9405
OSL;1640;+0200;2305;+0200;0;SK_4757-SK_3729
OSL;0740;+0200;1410;+0200;0;SK_4751-SK_3297
OSL;0955;+0200;1630;+0200;0;LH_6171-LH_2330
OSL;1040;+0200;1720;+0200;0;BD_3785-BD_427
OSL;1245;+0200;1925;+0200;0;AF_2075-AF_2038
OSL;1245;+0200;1925;+0200;0;AF_2075-AF_2138
OSL;1600;+0200;2245;+0200;0;SK_882-SK_9411
OSL;0630;+0200;1330;+0200;0;KL_1140-KL_1845
OSL;0900;+0200;1610;+0200;0;JK_9011-JK_9201
OSL;1130;+0200;1840;+0200;0;SK_4755-SK_3583
OSL;1420;+0200;2130;+0200;0;LH_6281-LH_6338
OSL;1420;+0200;2130;+0200;0;SK_4755-SK_9442
OSL;0935;+0200;1650;+0200;0;LH_6231-LH_6336
OSL;1155;+0200;1910;+0200;0;KL_1144-KL_1847
OSL;1220;+0200;1935;+0200;0;SK_1467-SK_9415
OSL;1220;+0200;1935;+0200;0;SN_2282-SN_6003
NCE;1420;+0200;1555;+0200;0;AB_8015
NCE;1420;+0200;1555;+0200;0;HG_8015
NCE;1955;+0200;2140;+0200;0;OS_422
NCE;0650;+0200;0840;+0200;0;OS_424
NCE;0950;+0200;1140;+0200;0;OS_420
NCE;1715;+0200;2020;+0200;0;LH_2275-LH_2332
NCE;1845;+0200;2155;+0200;0;LX_561-LX_1584
NCE;1845;+0200;2205;+0200;0;LX_561-LX_1584
NCE;1040;+0200;1410;+0200;0;LX_563-LX_1578
NCE;1905;+0200;2240;+0200;0;LH_2277-LH_6330
NCE;1250;+0200;1630;+0200;0;LH_2273-LH_2330
NCE;0640;+0200;1025;+0200;0;LH_2279-LH_2326
NCE;0840;+0200;1225;+0200;0;LH_2271-LH_2328
NCE;1445;+0200;1830;+0200;0;LX_569-LX_1582
NCE;1515;+0200;1910;+0200;0;NH_6134-NH_6331
NCE;1515;+0200;1910;+0200;0;LH_1061-LH_6346
NCE;1525;+0200;1920;+0200;0;LG_8256-LG_8857
NCE;1440;+0200;1840;+0200;0;LH_3273-LH_3094
NCE;1425;+0200;1830;+0200;0;AB_8751-AB_8516
NCE;1420;+0200;1830;+0200;0;AB_8751-AB_8516
NCE;1610;+0200;2020;+0200;0;SN_3622-SN_2907
NCE;1850;+0200;2305;+0200;0;LH_1065-LH_1246
NCE;1555;+0200;2020;+0200;0;BD_5446-BD_5487
NCE;1445;+0200;1915;+0200;0;LX_569-LX_3556
NCE;1515;+0200;1950;+0200;0;LH_1061-LH_6929
NCE;0700;+0200;1140;+0200;0;LX_565-LX_3552
NCE;0700;+0200;1140;+0200;0;UA_9783-UA_6720
NCE;1440;+0200;1925;+0200;0;LH_3273-LH_3096
NCE;0710;+0200;1205;+0200;0;AF_7711-AF_1556
NCE;0655;+0200;1155;+0200;0;AF_7838-AF_2056
NCE;1610;+0200;2115;+0200;0;SN_3622-SN_2909
NCE;0650;+0200;1205;+0200;0;LH_1069-LH_6334
NCE;1555;+0200;2115;+0200;0;BD_5446-BD_5489
NCE;1220;+0200;1745;+0200;0;SN_3618-SN_2905
NCE;1330;+0200;1855;+0200;0;AF_7703-AF_1656
NCE;1715;+0200;2240;+0200;0;LH_2275-LH_6330
NCE;1220;+0200;1750;+0200;0;BD_5442-BD_5493
NCE;1610;+0200;2145;+0200;0;SN_3622-SN_6005
NCE;0625;+0200;1205;+0200;0;AF_7713-AF_1556
NCE;1355;+0200;1935;+0200;0;BD_5444-BD_2834
NCE;0640;+0200;1225;+0200;0;LH_2279-LH_2328
NCE;0700;+0200;1245;+0200;0;6X_7829-6X_9502
NCE;1105;+0200;1650;+0200;0;LH_1059-LH_6336
NCE;1350;+0200;1935;+0200;0;SN_3620-SN_6003
NCE;1425;+0200;2010;+0200;0;AB_8751-AB_8644
NCE;1155;+0200;1745;+0200;0;SN_3618-SN_2905
NCE;1420;+0200;2010;+0200;0;AB_8751-AB_8644
NCE;1555;+0200;2145;+0200;0;BD_5446-BD_2836
NCE;1330;+0200;1925;+0200;0;AF_7703-AF_2138
NCE;1330;+0200;1925;+0200;0;AF_7703-AF_2038
NCE;1340;+0200;1935;+0200;0;SK_794-SK_9415
NCE;1510;+0200;2105;+0200;0;LO_342-LO_5225
NCE;1155;+0200;1755;+0200;0;AA_6392-AA_6643
NCE;1615;+0200;2215;+0200;0;AF_7715-AF_1756
NCE;0600;+0200;1205;+0200;0;AF_7713-AF_1556
NCE;1150;+0200;1755;+0200;0;AA_6392-AA_6643
NCE;1150;+0200;1800;+0200;0;BA_343-BA_704
NCE;1515;+0200;2130;+0200;0;LH_1061-LH_6338
NCE;1245;+0200;1905;+0200;0;LH_3275-LH_3102
NCE;1355;+0200;2020;+0200;0;BD_5444-BD_5487
NCE;0805;+0200;1435;+0200;0;AF_6203-AF_1738
NCE;1110;+0200;1740;+0200;0;AZ_343-AZ_190
NCE;1215;+0200;1845;+0200;0;IB_8751-IB_3572
NCE;1350;+0200;2020;+0200;0;SN_3620-SN_2907
NCE;1445;+0200;2115;+0200;0;LX_569-LX_3558
NCE;1530;+0200;2200;+0200;0;QF_3580-QF_3595
NCE;1530;+0200;2200;+0200;0;BA_345-BA_706
DUB;0650;+0100;1205;+0200;0;LH_983-LH_6334
DUB;1330;+0100;1910;+0200;0;KL_3158-KL_1847
DUB;1155;+0100;1740;+0200;0;AF_5005-AF_1438
DUB;1200;+0100;1750;+0200;0;LH_979-LH_1240
DUB;1550;+0100;2200;+0200;0;BA_5974-BA_706
DUB;0640;+0100;1310;+0200;0;BA_5952-BA_700
DUB;1040;+0100;1720;+0200;0;BD_122-BD_427
DUB;1200;+0100;1840;+0200;0;LH_979-LH_1242
DUB;1155;+0100;1855;+0200;0;AF_5005-AF_1656
DUB;1200;+0100;1910;+0200;0;LH_979-LH_6346
DUB;1115;+0100;1830;+0200;0;LX_401-LX_1582
DUB;1500;+0100;2215;+0200;0;AF_5009-AF_1756
DUB;0650;+0100;1410;+0200;0;LH_983-LH_1238
DUB;1440;+0100;2200;+0200;0;BA_5968-BA_706
DUB;0600;+0100;1330;+0200;0;KL_3152-KL_1845
DUB;1155;+0100;1925;+0200;0;AF_5005-AF_2138
DUB;1155;+0100;1925;+0200;0;AF_5005-AF_2038
DUB;1130;+0100;1910;+0200;0;KL_3156-KL_1847
DUB;1200;+0100;1950;+0200;0;LH_979-LH_6929
DUB;1115;+0100;1915;+0200;0;LX_401-LX_3556
DUB;0950;+0100;1800;+0200;0;BA_5958-BA_704
DUB;0620;+0100;1435;+0200;0;AF_5003-AF_1738
DUB;1050;+0100;1905;+0200;0;UA_7651-UA_6718
DUB;0620;+0100;1440;+0200;0;AF_5003-AF_1738
DUB;1340;+0100;2200;+0200;0;BA_5966-BA_706
DUB;1430;+0100;2250;+0200;0;LH_6500-LH_6403
DUB;1430;+0100;2250;+0200;0;BD_124-BD_2806
DUB;1430;+0100;2250;+0200;0;NZ_4474-NZ_4852
DUB;0910;+0100;1735;+0200;0;AF_5001-AF_1438
DUB;1040;+0100;1905;+0200;0;BD_122-BD_2812
DUB;1445;+0100;2310;+0200;0;IB_8071-IB_8476
DUB;0910;+0100;1740;+0200;0;AF_5001-AF_1438
DUB;1105;+0100;1935;+0200;0;SK_538-SK_9415
DUB;0840;+0100;1720;+0200;0;BD_122-BD_427
DUB;0840;+0100;1720;+0200;0;LH_6632-LH_6586
DUB;1330;+0100;2210;+0200;0;KL_3158-KL_1849
DUB;1200;+0100;1945;+0200;0;LH_979-LH_114-LH_6328
DUB;0840;+0100;1650;+0200;0;LH_6632-LH_905-LH_6336
DUB;1430;+0100;2240;+0200;0;LH_6500-LH_2479-LH_6330
DUB;1200;+0100;2020;+0200;0;LH_979-LH_116-LH_2332
DUB;1200;+0100;2020;+0200;0;LH_979-LH_114-LH_2332
DUB;1430;+0100;2305;+0200;0;BD_124-BD_3235-BD_2982
DUB;1430;+0100;2305;+0200;0;LH_6500-LH_911-LH_1246
DUB;1430;+0100;2305;+0200;0;LH_6500-LH_915-LH_1246
DUB;1430;+0100;2305;+0200;0;BD_124-BD_3233-BD_2982
GVA;0720;+0200;0855;+0200;0;OS_578
GVA;0720;+0200;0855;+0200;0;LX_3560
GVA;2005;+0200;2140;+0200;0;LX_3566
GVA;2005;+0200;2140;+0200;0;OS_576
GVA;1005;+0200;1145;+0200;0;OS_572
GVA;1005;+0200;1145;+0200;0;LX_3562
GVA;1745;+0200;1925;+0200;0;OS_582
GVA;1745;+0200;1925;+0200;0;LX_3564
GVA;1900;+0200;2155;+0200;0;LX_2815-LX_1584
GVA;1815;+0200;2115;+0200;0;LX_2817-LX_3558
GVA;1105;+0200;1410;+0200;0;LX_2809-LX_1578
GVA;1900;+0200;2205;+0200;0;LX_2815-LX_1584
GVA;0600;+0200;0915;+0200;0;LX_2801-LX_3550
GVA;1700;+0200;2020;+0200;0;LH_2385-LH_2332
GVA;0900;+0200;1225;+0200;0;LH_2381-LH_2328
GVA;1505;+0200;1830;+0200;0;LX_2813-LX_1582
GVA;1510;+0200;1840;+0200;0;BD_3107-BD_2988
GVA;1510;+0200;1840;+0200;0;LH_1219-LH_1242
GVA;1255;+0200;1630;+0200;0;LH_2383-LH_2330
GVA;1550;+0200;1925;+0200;0;LH_3163-LH_3096
GVA;1905;+0200;2240;+0200;0;LH_2387-LH_6330
GVA;0645;+0200;1025;+0200;0;LH_2391-LH_2326
GVA;0840;+0200;1220;+0200;0;LG_8362-LG_8855
GVA;1750;+0200;2130;+0200;0;LH_1221-LH_6338
GVA;1815;+0200;2155;+0200;0;LX_2817-LX_1584
GVA;1725;+0200;2115;+0200;0;BD_5280-BD_5489
GVA;1815;+0200;2205;+0200;0;LX_2817-LX_1584
GVA;1720;+0200;2115;+0200;0;SN_2720-SN_2909
GVA;0740;+0200;1140;+0200;0;LX_2805-LX_3552
GVA;1010;+0200;1410;+0200;0;LX_2807-LX_1578
GVA;1510;+0200;1910;+0200;0;LH_1219-LH_6346
GVA;1525;+0200;1925;+0200;0;AF_2143-AF_2038
GVA;1525;+0200;1925;+0200;0;AF_2143-AF_2138
GVA;1030;+0200;1435;+0200;0;AF_1643-AF_1738
GVA;1030;+0200;1440;+0200;0;AF_1643-AF_1738
GVA;1340;+0200;1750;+0200;0;BD_3115-BD_2986
GVA;1340;+0200;1750;+0200;0;LH_1217-LH_1240
GVA;1505;+0200;1915;+0200;0;LX_2813-LX_3556
GVA;0910;+0200;1330;+0200;0;KL_1926-KL_1845
GVA;1725;+0200;2145;+0200;0;BD_5280-BD_2836
GVA;1720;+0200;2145;+0200;0;SN_2720-SN_6005
GVA;1400;+0200;1830;+0200;0;LX_2811-LX_1582
GVA;1835;+0200;2305;+0200;0;BD_3119-BD_2982
GVA;1835;+0200;2305;+0200;0;LH_1223-LH_1246
GVA;0730;+0200;1205;+0200;0;AF_1243-AF_1556
GVA;1510;+0200;1950;+0200;0;LH_1219-LH_6929
GVA;0915;+0200;1405;+0200;0;UA_8875-UA_8966
GVA;1255;+0200;1745;+0200;0;SN_2716-SN_2905
GVA;0910;+0200;1405;+0200;0;UA_8875-UA_8966
GVA;0915;+0200;1410;+0200;0;BD_3099-BD_2984
GVA;0915;+0200;1410;+0200;0;LH_1213-LH_1238
GVA;0915;+0200;1410;+0200;0;UA_8875-UA_8966
GVA;1255;+0200;1750;+0200;0;BD_5276-BD_5493
GVA;1400;+0200;1855;+0200;0;AF_2043-AF_1656
GVA;0705;+0200;1205;+0200;0;LH_1229-LH_6334
GVA;0910;+0200;1410;+0200;0;UA_8875-UA_8966
GVA;1340;+0200;1840;+0200;0;LH_1217-LH_1242
GVA;1340;+0200;1840;+0200;0;BD_3115-BD_2988
GVA;1410;+0200;1910;+0200;0;KL_1930-KL_1847
GVA;1705;+0200;2210;+0200;0;KL_1932-KL_1849
GVA;0650;+0200;1200;+0200;0;BD_5284-BD_2832
GVA;0650;+0200;1200;+0200;0;SN_2724-SN_6001
GVA;1400;+0200;1915;+0200;0;LX_2811-LX_3556
GVA;1700;+0200;2215;+0200;0;AF_2343-AF_1756
GVA;1750;+0200;2305;+0200;0;BD_3103-BD_2982
GVA;1750;+0200;2305;+0200;0;LH_1221-LH_1246
GVA;0630;+0200;1155;+0200;0;SK_1612-SK_9403
GVA;1400;+0200;1925;+0200;0;AF_2043-AF_2038
GVA;1400;+0200;1925;+0200;0;AF_2043-AF_2138
GVA;1205;+0200;1735;+0200;0;AF_1843-AF_1438
GVA;1340;+0200;1910;+0200;0;LH_1217-LH_6346
LYS;1005;+0200;1155;+0200;0;OS_404
LYS;1005;+0200;1155;+0200;0;AF_2056
LYS;1945;+0200;2140;+0200;0;AF_1956
LYS;1945;+0200;2140;+0200;0;OS_408
LYS;1715;+0200;2020;+0200;0;LH_2251-LH_2332
LYS;1845;+0200;2155;+0200;0;LX_537-LX_1584
LYS;1845;+0200;2205;+0200;0;LX_537-LX_1584
LYS;0900;+0200;1225;+0200;0;LH_2247-LH_2328
LYS;1040;+0200;1410;+0200;0;LX_531-LX_1578
LYS;1255;+0200;1630;+0200;0;LH_2249-LH_2330
LYS;1905;+0200;2240;+0200;0;LH_2253-LH_6330
LYS;1450;+0200;1830;+0200;0;LX_533-LX_1582
LYS;0640;+0200;1025;+0200;0;LH_2255-LH_2326
LYS;1025;+0200;1410;+0200;0;LH_1075-LH_1238
LYS;1025;+0200;1410;+0200;0;BD_3089-BD_2984
LYS;1455;+0200;1840;+0200;0;BD_3083-BD_2988
LYS;1455;+0200;1840;+0200;0;LH_1077-LH_1242
LYS;0610;+0200;1005;+0200;0;UA_8881-UA_8964
LYS;1045;+0200;1440;+0200;0;AF_7641-AF_1738
LYS;0600;+0200;1005;+0200;0;SQ_2005-SQ_2042
LYS;0600;+0200;1005;+0200;0;UA_8881-UA_8964
LYS;0600;+0200;1005;+0200;0;LH_1083-LH_1234
LYS;1455;+0200;1910;+0200;0;LH_1077-LH_6346
LYS;1455;+0200;1910;+0200;0;NH_6130-NH_6331
LYS;1845;+0200;2305;+0200;0;LH_1079-LH_1246
LYS;1845;+0200;2305;+0200;0;BD_3087-BD_2982
LYS;1450;+0200;1915;+0200;0;LX_533-LX_3556
LYS;1745;+0200;2210;+0200;0;KL_2028-KL_1849
LYS;0730;+0200;1205;+0200;0;AF_7651-AF_1556
LYS;1640;+0200;2115;+0200;0;SN_3590-SN_2909
LYS;1640;+0200;2115;+0200;0;BD_5360-BD_5489
LYS;0700;+0200;1140;+0200;0;LX_539-LX_3552
LYS;0720;+0200;1200;+0200;0;SN_3594-SN_6001
LYS;0700;+0200;1150;+0200;0;LH_3271-LH_6354
LYS;0935;+0200;1425;+0200;0;LH_3265-LH_3092
LYS;0705;+0200;1200;+0200;0;SN_3594-SN_6001
LYS;0705;+0200;1200;+0200;0;BD_5364-BD_2832
LYS;1455;+0200;1950;+0200;0;LH_1077-LH_6929
LYS;1350;+0200;1855;+0200;0;AF_7643-AF_1656
LYS;1640;+0200;2145;+0200;0;BD_5360-BD_2836
LYS;1640;+0200;2145;+0200;0;SN_3590-SN_6005
LYS;0925;+0200;1435;+0200;0;AF_7653-AF_1738
LYS;0910;+0200;1425;+0200;0;LH_3265-LH_3092
LYS;0925;+0200;1440;+0200;0;AF_7653-AF_1738
LYS;1700;+0200;2215;+0200;0;AF_7645-AF_1756
LYS;1715;+0200;2240;+0200;0;LH_2251-LH_6330
VCE;1100;+0200;1215;+0200;0;BD_2800
VCE;1100;+0200;1215;+0200;0;OS_522
VCE;1915;+0200;2030;+0200;0;OS_530
VCE;0705;+0200;0825;+0200;0;OS_528
VCE;0705;+0200;0825;+0200;0;BD_2798
VCE;1710;+0200;2020;+0200;0;LH_1911-LH_2332
VCE;0650;+0200;1025;+0200;0;LH_1915-LH_2326
VCE;1255;+0200;1630;+0200;0;LH_1909-LH_2330
VCE;1415;+0200;1750;+0200;0;LH_327-LH_1240
VCE;1415;+0200;1750;+0200;0;BD_3407-BD_2986
VCE;0800;+0200;1140;+0200;0;AZ_1464-AZ_188
VCE;1400;+0200;1740;+0200;0;AZ_1470-AZ_190
VCE;0840;+0200;1225;+0200;0;LH_1907-LH_2328
VCE;1015;+0200;1405;+0200;0;UA_9058-UA_8966
VCE;1440;+0200;1830;+0200;0;LX_1663-LX_1582
VCE;1015;+0200;1410;+0200;0;LH_325-LH_1238
VCE;1015;+0200;1410;+0200;0;UA_9058-UA_8966
VCE;1015;+0200;1410;+0200;0;BD_3405-BD_2984
VCE;1440;+0200;1835;+0200;0;AB_8991-AB_8358
VCE;1425;+0200;1830;+0200;0;AB_8863-AB_8516
VCE;1430;+0200;1840;+0200;0;LH_3213-LH_3094
VCE;1825;+0200;2235;+0200;0;AB_8991-AB_8752
VCE;0725;+0200;1140;+0200;0;AZ_1468-AZ_188
VCE;1415;+0200;1840;+0200;0;LH_327-LH_1242
VCE;1415;+0200;1840;+0200;0;BD_3407-BD_2988
VCE;0940;+0200;1410;+0200;0;LX_1661-LX_1578
VCE;1000;+0200;1435;+0200;0;AF_1127-AF_1738
VCE;1005;+0200;1440;+0200;0;AF_1127-AF_1738
VCE;1440;+0200;1915;+0200;0;LX_1663-LX_3556
VCE;1830;+0200;2305;+0200;0;LH_329-LH_1246
VCE;1830;+0200;2305;+0200;0;BD_3409-BD_2982
VCE;1000;+0200;1440;+0200;0;AF_1127-AF_1738
VCE;1730;+0200;2210;+0200;0;KL_1656-KL_1849
VCE;1350;+0200;1840;+0200;0;LH_3213-LH_3094
VCE;0710;+0200;1205;+0200;0;AF_2527-AF_1556
VCE;1415;+0200;1910;+0200;0;NH_6200-NH_6331
VCE;1415;+0200;1910;+0200;0;LH_327-LH_6346
VCE;1430;+0200;1925;+0200;0;LH_3213-LH_3096
VCE;0700;+0200;1205;+0200;0;AF_2527-AF_1556
VCE;0630;+0200;1140;+0200;0;AZ_1460-AZ_188
VCE;0650;+0200;1205;+0200;0;LH_333-LH_6334
VCE;1220;+0200;1735;+0200;0;AF_1427-AF_1438
VCE;0635;+0200;1155;+0200;0;AF_5561-AF_2056
VCE;1220;+0200;1740;+0200;0;AF_1427-AF_1438
VCE;1710;+0200;2240;+0200;0;LH_1911-LH_6330
VCE;0650;+0200;1225;+0200;0;LH_1915-LH_2328
VCE;1350;+0200;1925;+0200;0;LH_3213-LH_3096
VCE;1415;+0200;1950;+0200;0;LH_327-LH_6929
VCE;1425;+0200;2010;+0200;0;AB_8863-AB_8644
MAN;1705;+0100;2145;+0200;0;LH_3431-LH_6356
MAN;0710;+0100;1205;+0200;0;LH_949-LH_6334
MAN;0850;+0100;1410;+0200;0;BD_3361-BD_2984
MAN;0850;+0100;1410;+0200;0;LH_941-LH_1238
MAN;0635;+0100;1200;+0200;0;BD_5384-BD_2832
MAN;0635;+0100;1200;+0200;0;SN_2184-SN_6001
MAN;1315;+0100;1840;+0200;0;LH_943-LH_1242
MAN;1315;+0100;1840;+0200;0;BD_3353-BD_2988
MAN;1715;+0100;2240;+0200;0;LH_2503-LH_6330
MAN;0655;+0100;1225;+0200;0;LH_2505-LH_2328
MAN;0655;+0100;1225;+0200;0;BD_3339-BD_3624
MAN;0840;+0100;1410;+0200;0;LX_391-LX_1578
MAN;1100;+0100;1630;+0200;0;LH_2501-LH_2330
MAN;1100;+0100;1630;+0200;0;BD_3331-BD_3628
MAN;1345;+0100;1915;+0200;0;LX_395-LX_3556
MAN;1355;+0100;1935;+0200;0;BD_5376-BD_2834
MAN;1355;+0100;1935;+0200;0;SN_2176-SN_6003
MAN;1255;+0100;1840;+0200;0;LH_3433-LH_3094
MAN;1325;+0100;1910;+0200;0;KL_1084-KL_1847
MAN;1705;+0100;2250;+0200;0;LH_6689-LH_6403
MAN;1705;+0100;2250;+0200;0;BD_573-BD_2806
MAN;0615;+0100;1210;+0200;0;BD_571-BD_2802
MAN;1315;+0100;1910;+0200;0;LH_943-LH_6346
MAN;1600;+0100;2210;+0200;0;KL_1088-KL_1849
MAN;0630;+0100;1245;+0200;0;6X_4083-6X_9502
MAN;0630;+0100;1245;+0200;0;6X_1083-6X_9502
MAN;0630;+0100;1245;+0200;0;6X_1383-6X_9502
MAN;1355;+0100;2020;+0200;0;SN_2176-SN_2907
MAN;1355;+0100;2020;+0200;0;BD_5376-BD_5487
MAN;1255;+0100;1925;+0200;0;LH_3433-LH_3096
MAN;1530;+0100;2200;+0200;0;BA_1399-BA_706
MAN;0750;+0100;1425;+0200;0;LH_3429-LH_3092
MAN;0815;+0100;1450;+0200;0;LH_3437-LH_3100
MAN;1315;+0100;1950;+0200;0;LH_943-LH_6929
MAN;1445;+0100;2125;+0200;0;LH_3441-LH_6362
MAN;0710;+0100;1405;+0200;0;UA_9043-UA_8966
MAN;1105;+0100;1800;+0200;0;BA_1391-BA_704
MAN;0710;+0100;1410;+0200;0;LH_949-LH_1238
MAN;0710;+0100;1410;+0200;0;BD_3369-BD_2984
MAN;0710;+0100;1410;+0200;0;UA_9043-UA_8966
MAN;0700;+0100;1405;+0200;0;UA_9043-UA_8966
MAN;1040;+0100;1745;+0200;0;SN_2174-SN_2905
MAN;0700;+0100;1410;+0200;0;UA_9043-UA_8966
MAN;1035;+0100;1745;+0200;0;SN_2174-SN_2905
MAN;1040;+0100;1750;+0200;0;BD_5374-BD_5493
MAN;1505;+0100;2215;+0200;0;AF_2269-AF_1756
MAN;1035;+0100;1750;+0200;0;BD_5374-BD_5493
MAN;1355;+0100;2115;+0200;0;BD_5376-BD_5489
MAN;1355;+0100;2115;+0200;0;SN_2176-SN_2909
MAN;0600;+0100;1330;+0200;0;KL_1072-KL_1845
MAN;1345;+0100;2115;+0200;0;LX_395-LX_3558
MAN;0930;+0100;1720;+0200;0;LH_6557-LH_6586
MAN;0930;+0100;1720;+0200;0;OS_8984-OS_8930
MAN;0930;+0100;1720;+0200;0;BD_585-BD_427
MAN;1355;+0100;2145;+0200;0;BD_5376-BD_2836
MAN;1355;+0100;2145;+0200;0;SN_2176-SN_6005
MAN;0940;+0100;1735;+0200;0;AF_1669-AF_1438
MAN;0850;+0100;1650;+0200;0;LH_941-LH_6336
MAN;0940;+0100;1740;+0200;0;AF_1669-AF_1438
MAN;1000;+0100;1800;+0200;0;BA_1389-BA_704
MAN;1110;+0100;1910;+0200;0;KL_1082-KL_1847
MAN;0930;+0100;1735;+0200;0;AF_1669-AF_1438
MAN;0910;+0100;1720;+0200;0;LH_6555-LH_6586
MAN;0930;+0100;1740;+0200;0;AF_1669-AF_1438
MAN;1025;+0100;1835;+0200;0;AY_934-AY_767
MAN;1345;+0100;2155;+0200;0;LX_395-LX_1584
MAN;1315;+0100;2130;+0200;0;LH_943-LH_6338
MAN;1345;+0100;2205;+0200;0;LX_395-LX_1584
MAN;1325;+0100;2200;+0200;0;BA_1395-BA_706
MAN;1100;+0100;1945;+0200;0;LH_2501-LH_6328
MAN;1325;+0100;2210;+0200;0;KL_1084-KL_1849
TLS;1850;+0200;2105;+0200;0;AF_4372
TLS;1015;+0200;1410;+0200;0;BD_2935-BD_2984
TLS;1015;+0200;1410;+0200;0;LH_1095-LH_1238
TLS;0625;+0200;1025;+0200;0;LH_2223-LH_2326
TLS;1535;+0200;1945;+0200;0;LH_2217-LH_6328
TLS;1700;+0200;2115;+0200;0;BD_5424-BD_5489
TLS;1800;+0200;2215;+0200;0;AF_7789-AF_1756
TLS;1825;+0200;2240;+0200;0;LH_2219-LH_6330
TLS;1210;+0200;1630;+0200;0;LH_2215-LH_2330
TLS;1450;+0200;1910;+0200;0;NH_6132-NH_6331
TLS;1450;+0200;1910;+0200;0;LH_1097-LH_6346
TLS;1840;+0200;2305;+0200;0;LH_1099-LH_1246
TLS;1255;+0200;1735;+0200;0;AF_7785-AF_1438
TLS;1255;+0200;1740;+0200;0;AF_7785-AF_1438
TLS;1535;+0200;2020;+0200;0;LH_2217-LH_2332
TLS;1700;+0200;2145;+0200;0;BD_5424-BD_2836
TLS;0715;+0200;1205;+0200;0;AF_7793-AF_1556
TLS;1650;+0200;2140;+0200;0;AF_7843-AF_1956
TLS;0700;+0200;1155;+0200;0;AF_7841-AF_2056
TLS;0710;+0200;1205;+0200;0;AF_7793-AF_1556
TLS;1715;+0200;2210;+0200;0;KL_1312-KL_1849
TLS;0705;+0200;1205;+0200;0;LH_1101-LH_6334
TLS;1450;+0200;1950;+0200;0;LH_1097-LH_6929
TLS;0635;+0200;1200;+0200;0;SN_3676-SN_6001
TLS;0635;+0200;1200;+0200;0;BD_5426-BD_2832
TLS;0620;+0200;1200;+0200;0;SN_3676-SN_6001
TLS;1155;+0200;1745;+0200;0;SN_3668-SN_2905
TLS;1155;+0200;1750;+0200;0;BD_5428-BD_5493
TLS;0625;+0200;1225;+0200;0;LH_2223-LH_2328
TLS;1155;+0200;1755;+0200;0;AA_6270-AA_6643
TLS;1255;+0200;1855;+0200;0;AF_7785-AF_1656
TLS;1615;+0200;2215;+0200;0;AF_7787-AF_1756
TLS;1155;+0200;1800;+0200;0;BA_373-BA_704
TLS;1655;+0200;2310;+0200;0;IB_8771-IB_8476
TLS;0815;+0200;1435;+0200;0;AF_6153-AF_1738
TLS;0815;+0200;1440;+0200;0;AF_6153-AF_1738
TLS;1255;+0200;1925;+0200;0;AF_7785-AF_2138
TLS;1255;+0200;1925;+0200;0;AF_7785-AF_2038
TLS;1545;+0200;2215;+0200;0;AF_6129-AF_1756
TLS;1015;+0200;1650;+0200;0;LH_1095-LH_6336
TLS;1230;+0200;1910;+0200;0;KL_1304-KL_1847
TLS;1245;+0200;1925;+0200;0;AF_6121-AF_2038
TLS;1245;+0200;1925;+0200;0;AF_6121-AF_2138
TLS;1450;+0200;2130;+0200;0;LH_1097-LH_6338
TLS;1050;+0200;1735;+0200;0;AF_7795-AF_1438
TLS;0745;+0200;1435;+0200;0;AF_6107-AF_1738
TLS;1045;+0200;1735;+0200;0;AF_6117-AF_1438
TLS;1050;+0200;1740;+0200;0;AF_7795-AF_1438
TLS;0745;+0200;1440;+0200;0;AF_6107-AF_1738
TLS;1045;+0200;1740;+0200;0;AF_6117-AF_1438
TLS;0705;+0200;1405;+0200;0;UA_9091-UA_8966
TLS;1515;+0200;2215;+0200;0;AF_6167-AF_1756
TLS;0705;+0200;1410;+0200;0;LH_1101-LH_1238
TLS;0705;+0200;1410;+0200;0;UA_9091-UA_8966
TLS;1140;+0200;1845;+0200;0;IB_8767-IB_3572
TLS;1535;+0200;2240;+0200;0;LH_2217-LH_6330
TLS;1145;+0200;1855;+0200;0;AF_6119-AF_1656
TLS;0645;+0200;1405;+0200;0;UA_9091-UA_8966
TLS;0715;+0200;1435;+0200;0;AF_6105-AF_1738
TLS;0715;+0200;1435;+0200;0;AF_7793-AF_1738
TLS;1015;+0200;1735;+0200;0;AF_6113-AF_1438
TLS;0605;+0200;1330;+0200;0;KL_1300-KL_1845
TLS;0645;+0200;1410;+0200;0;UA_9091-UA_8966
TLS;0710;+0200;1435;+0200;0;AF_7793-AF_1738
TLS;0715;+0200;1440;+0200;0;AF_6105-AF_1738
TLS;0715;+0200;1440;+0200;0;AF_7793-AF_1738
TLS;1015;+0200;1740;+0200;0;AF_6113-AF_1438
TLS;0710;+0200;1440;+0200;0;AF_7793-AF_1738
PRG;1125;+0200;1220;+0200;0;OS_706
PRG;1510;+0200;1605;+0200;0;OS_708
PRG;1840;+0200;1935;+0200;0;OS_710
PRG;2125;+0200;2220;+0200;0;OS_712
PRG;0810;+0200;0910;+0200;0;OS_704
PRG;0925;+0200;1225;+0200;0;LH_1689-LH_2328
PRG;1720;+0200;2020;+0200;0;LH_1693-LH_2332
PRG;0915;+0200;1225;+0200;0;LH_1689-LH_2328
PRG;1820;+0200;2130;+0200;0;LH_1399-LH_6338
PRG;0710;+0200;1025;+0200;0;LH_1697-LH_2326
PRG;1930;+0200;2305;+0200;0;LH_1401-LH_1246
PRG;1930;+0200;2305;+0200;0;BD_2995-BD_2982
PRG;1250;+0200;1630;+0200;0;LH_1691-LH_2330
PRG;1450;+0200;1830;+0200;0;LX_1487-LX_1582
PRG;1355;+0200;1750;+0200;0;UA_9316-UA_9076
PRG;1010;+0200;1410;+0200;0;LX_1485-LX_1578
PRG;0600;+0200;1005;+0200;0;LH_1403-LH_1234
PRG;0600;+0200;1005;+0200;0;UA_8734-UA_8964
PRG;0925;+0200;1330;+0200;0;KL_1352-KL_1845
PRG;1345;+0200;1750;+0200;0;LH_1397-LH_1240
PRG;1345;+0200;1750;+0200;0;BD_2991-BD_2986
PRG;1345;+0200;1750;+0200;0;UA_9316-UA_9076
PRG;1710;+0200;2115;+0200;0;SN_2812-SN_2909
PRG;1710;+0200;2115;+0200;0;BD_5482-BD_5489
PRG;0955;+0200;1405;+0200;0;UA_9061-UA_8966
PRG;0955;+0200;1410;+0200;0;BD_2993-BD_2984
PRG;0955;+0200;1410;+0200;0;LH_1393-LH_1238
PRG;0955;+0200;1410;+0200;0;UA_9061-UA_8966
PRG;1235;+0200;1650;+0200;0;LH_1395-LH_6336
PRG;1235;+0200;1650;+0200;0;TP_7931-TP_8742
PRG;1430;+0200;1845;+0200;0;LO_528-LO_225
PRG;1450;+0200;1915;+0200;0;LX_1487-LX_3556
PRG;1005;+0200;1435;+0200;0;AF_1383-AF_1738
PRG;1745;+0200;2215;+0200;0;AF_1783-AF_1756
NTE;1800;+0200;2215;+0200;0;AF_7731-AF_1756
NTE;1425;+0200;1855;+0200;0;AF_7727-AF_1656
NTE;1710;+0200;2140;+0200;0;AF_5864-AF_1956
NTE;0720;+0200;1205;+0200;0;AF_7721-AF_1556
NTE;1425;+0200;1925;+0200;0;AF_7727-AF_2038
NTE;1425;+0200;1925;+0200;0;AF_7727-AF_2138
NTE;0650;+0200;1155;+0200;0;AF_5858-AF_2056
NTE;1540;+0200;2105;+0200;0;AF_5651-AF_4372
NTE;1125;+0200;1735;+0200;0;AF_7725-AF_1438
NTE;1125;+0200;1740;+0200;0;AF_7725-AF_1438
NTE;1110;+0200;1735;+0200;0;AF_7383-AF_1438
NTE;1110;+0200;1740;+0200;0;AF_7383-AF_1438
NTE;0655;+0200;1330;+0200;0;KL_2032-KL_1845
NTE;1200;+0200;1840;+0200;0;AA_5319-AA_8093
NTE;1140;+0200;1840;+0200;0;AA_5319-AA_8093
NTE;0725;+0200;1435;+0200;0;AF_7381-AF_1738
NTE;0720;+0200;1435;+0200;0;AF_7721-AF_1738
NTE;0725;+0200;1440;+0200;0;AF_7381-AF_1738
NTE;0720;+0200;1440;+0200;0;AF_7721-AF_1738
NTE;1125;+0200;1855;+0200;0;AF_7725-AF_1656
NTE;1110;+0200;1855;+0200;0;AF_7383-AF_1656
NTE;1425;+0200;2215;+0200;0;AF_7727-AF_1756
NTE;1125;+0200;1925;+0200;0;AF_7725-AF_2138
NTE;1125;+0200;1925;+0200;0;AF_7725-AF_2038
NTE;1110;+0200;1925;+0200;0;AF_7383-AF_2038
NTE;1110;+0200;1925;+0200;0;AF_7383-AF_2138
NTE;1305;+0200;2140;+0200;0;AF_5862-AF_1956
NTE;1005;+0200;1910;+0200;0;KL_2048-KL_1847
NTE;0720;+0200;1330;+0200;0;KL_2309-KL_1228-KL_1845
NTE;1125;+0200;1910;+0200;0;KL_2311-KL_1234-KL_1847
NTE;1425;+0200;2210;+0200;0;KL_2313-KL_2022-KL_1849
NTE;1425;+0200;2210;+0200;0;KL_2313-KL_2016-KL_1849
NTE;1410;+0200;2215;+0200;0;AF_3206-AF_7629-AF_1756
NTE;1410;+0200;2215;+0200;0;AF_3206-AF_7637-AF_1756
NTE;1410;+0200;2215;+0200;0;AF_3206-AF_6267-AF_1756
SXB;1800;+0200;2140;+0200;0;AF_5783-AF_1956
SXB;1820;+0200;2210;+0200;0;KL_2044-KL_1849
SXB;1455;+0200;1855;+0200;0;AF_7771-AF_1656
SXB;1455;+0200;1925;+0200;0;AF_7771-AF_2038
SXB;1455;+0200;1925;+0200;0;AF_7771-AF_2138
SXB;0725;+0200;1205;+0200;0;AF_7761-AF_1556
SXB;0650;+0200;1155;+0200;0;AF_5785-AF_2056
SXB;1415;+0200;1950;+0200;0;LH_393-LH_6929
SXB;0415;+0200;1005;+0200;0;LH_385-LH_1234
SXB;0615;+0200;1205;+0200;0;LH_387-LH_6334
SXB;1200;+0200;1750;+0200;0;LH_391-LH_1240
SXB;0815;+0200;1410;+0200;0;LH_389-LH_1238
SXB;1700;+0200;2305;+0200;0;LH_395-LH_1246
SXB;1115;+0200;1735;+0200;0;AF_7763-AF_1438
SXB;1115;+0200;1740;+0200;0;AF_7763-AF_1438
SXB;0650;+0200;1330;+0200;0;KL_2046-KL_1845
SXB;1105;+0200;1745;+0200;0;SN_3654-SN_2905
SXB;1200;+0200;1840;+0200;0;LH_391-LH_1242
SXB;1100;+0200;1745;+0200;0;SN_3654-SN_2905
SXB;1045;+0200;1735;+0200;0;AF_7307-AF_1438
SXB;1100;+0200;1750;+0200;0;BD_5560-BD_5493
SXB;1045;+0200;1740;+0200;0;AF_7307-AF_1438
SXB;0725;+0200;1435;+0200;0;AF_7761-AF_1738
SXB;1200;+0200;1910;+0200;0;LH_391-LH_6346
SXB;0725;+0200;1440;+0200;0;AF_7761-AF_1738
SXB;1415;+0200;2130;+0200;0;LH_393-LH_6338
SXB;1455;+0200;2215;+0200;0;AF_7771-AF_1756
SXB;1445;+0200;2215;+0200;0;AF_7311-AF_1756
SXB;1405;+0200;2140;+0200;0;AF_5781-AF_1956
SXB;1115;+0200;1855;+0200;0;AF_7763-AF_1656
SXB;0415;+0200;1140;+0200;0;LH_385-LH_126-LH_6366
SXB;0415;+0200;1145;+0200;0;LH_385-LH_174-LH_6322
SXB;0415;+0200;1150;+0200;0;LH_385-LH_74-LH_6354
SXB;1200;+0200;1945;+0200;0;LH_391-LH_114-LH_6328