LON;0630;+0200;0650;+0100;0;AB_8892
LON;0715;+0200;0735;+0100;0;BA_935
LON;0715;+0200;0735;+0100;0;QF_3450
LON;1015;+0200;1035;+0100;0;AB_8746
LON;1535;+0200;1555;+0100;0;AB_8746
LON;1645;+0200;1705;+0100;0;AA_6515
LON;1645;+0200;1705;+0100;0;JL_7700
LON;1645;+0200;1705;+0100;0;BA_941
LON;1900;+0200;1920;+0100;0;AB_8342
LON;1920;+0200;1940;+0100;0;AB_8342
LON;2005;+0200;2025;+0100;0;BA_945
LON;2005;+0200;2025;+0100;0;QF_3448
LON;0700;+0200;0725;+0100;0;BD_3250
LON;0700;+0200;0725;+0100;0;UA_9233
LON;0700;+0200;0725;+0100;0;LH_3380
LON;0715;+0200;0740;+0100;0;AA_6503
LON;1100;+0200;1125;+0100;0;UA_9235
LON;1110;+0200;1135;+0100;0;LH_3382
LON;1110;+0200;1135;+0100;0;UA_9235
LON;1110;+0200;1135;+0100;0;BD_3252
LON;1640;+0200;1705;+0100;0;LH_3384
LON;1640;+0200;1705;+0100;0;BD_3242
LON;1805;+0200;1830;+0100;0;BA_943
LON;1805;+0200;1830;+0100;0;QF_3452
LON;1830;+0200;1855;+0100;0;LH_3386
LON;1830;+0200;1855;+0100;0;BD_3238
LON;2055;+0200;2120;+0100;0;LH_3388
LON;2055;+0200;2120;+0100;0;BD_3244
LON;1045;+0200;1115;+0100;0;AA_6364
LON;1045;+0200;1115;+0100;0;BA_937
LON;1330;+0200;1400;+0100;0;AA_6513
LON;1330;+0200;1400;+0100;0;BA_939
LON;1645;+0200;1715;+0100;0;AA_6515
LON;1435;+0200;1650;+0100;0;LH_81-LH_898
LON;1545;+0200;1800;+0100;0;LH_2756-LH_3400
LON;1200;+0200;1420;+0100;0;BD_3319-BD_3208
LON;1200;+0200;1420;+0100;0;LH_79-LH_908
LON;1435;+0200;1655;+0100;0;BD_3311-BD_3220
LON;1435;+0200;1655;+0100;0;LH_81-LH_914
LON;0820;+0200;1045;+0100;0;KL_1854-KL_1009
LON;1700;+0200;1925;+0100;0;AB_6774-AB_8598
LON;1800;+0200;2025;+0100;0;LH_85-LH_920
LON;1800;+0200;2025;+0100;0;BD_3315-BD_3192
LON;0605;+0200;0835;+0100;0;BD_3313-BD_3472
LON;0605;+0200;0835;+0100;0;LH_73-LH_928
LON;0645;+0200;0915;+0100;0;LH_3428-LH_6555
LON;0645;+0200;0915;+0100;0;BD_3690-BD_581
LON;1440;+0200;1710;+0100;0;KL_1858-KL_1029
LON;1820;+0200;2050;+0100;0;KL_1862-KL_1033
LON;0625;+0200;0900;+0100;0;KL_1852-KL_1007
LON;1400;+0200;1635;+0100;0;LX_3635-LX_464
LON;0645;+0200;0925;+0100;0;LX_1029-LX_460
LON;1630;+0200;1910;+0100;0;LH_2013-LH_2496
LON;0730;+0200;1015;+0100;0;LH_2025-LH_2472
LON;1555;+0200;1840;+0100;0;LH_3430-LH_6563
LON;1555;+0200;1840;+0100;0;BD_3692-BD_593
LON;1815;+0200;2100;+0100;0;LX_3903-LX_4428
LON;1055;+0200;1345;+0100;0;AF_1307-AF_2280
LON;1225;+0200;1515;+0100;0;KL_1856-KL_1019
LON;1630;+0200;1920;+0100;0;LH_2013-LH_2480
LON;0605;+0200;0900;+0100;0;BD_3313-BD_3214
LON;0605;+0200;0900;+0100;0;LH_73-LH_902
LON;1050;+0200;1345;+0100;0;AF_1307-AF_2280
LON;1440;+0200;1735;+0100;0;KL_1858-KL_1023
LON;1625;+0200;1920;+0100;0;AF_1907-AF_1180
LON;1745;+0200;2040;+0100;0;LX_3695-LX_440
LON;1920;+0200;2215;+0100;0;LH_2742-LH_6494
LON;0725;+0200;1025;+0100;0;AF_1107-AF_1980
LON;0925;+0200;1225;+0100;0;LH_2003-LH_2474
LON;1450;+0200;1750;+0100;0;LX_1019-LX_326
LON;1450;+0200;1750;+0100;0;LX_1019-LX_466
LON;1700;+0200;2000;+0100;0;AB_6774-AB_8598
LON;0605;+0200;0910;+0100;0;LH_73-LH_896
LON;0720;+0200;1025;+0100;0;AF_1107-AF_1980
LON;0725;+0200;1030;+0100;0;AF_1107-AF_1980
LON;0955;+0200;1300;+0100;0;LX_1017-LX_332
LON;1155;+0200;1500;+0100;0;LH_2734-LH_6490
LON;1320;+0200;1625;+0100;0;AF_1607-AF_2580
LON;1605;+0200;1910;+0100;0;SK_1622-SK_1507
LON;1725;+0200;2030;+0100;0;AF_2207-AF_1380
LON;1800;+0200;2105;+0100;0;LX_3637-LX_462
LON;1905;+0200;2210;+0100;0;LH_87-LH_922
LON;1910;+0200;2215;+0100;0;BD_3492-BD_848
LON;1910;+0200;2215;+0100;0;LH_2742-LH_6494
LON;0720;+0200;1030;+0100;0;AF_1107-AF_1980
LON;1015;+0200;1325;+0100;0;LH_2752-LH_3402
LON;1020;+0200;1330;+0100;0;LH_77-LH_906
LON;1150;+0200;1500;+0100;0;LH_3432-LH_6523
LON;1150;+0200;1500;+0100;0;BD_3684-BD_589
LON;1800;+0200;2110;+0100;0;LX_3637-LX_340
LON;0845;+0200;1200;+0100;0;LH_2768-LH_3406
LON;1435;+0200;1750;+0100;0;BD_3311-BD_3234
LON;1435;+0200;1750;+0100;0;LH_81-LH_916
LON;1550;+0200;1905;+0100;0;BD_3488-BD_846
LON;1550;+0200;1905;+0100;0;LH_2738-LH_6492
LON;0655;+0200;1015;+0100;0;LH_2023-LH_2472
LON;1045;+0200;1410;+0100;0;BD_2976-BD_3302
LON;1045;+0200;1410;+0100;0;LH_2708-LH_3392
LON;1520;+0200;1845;+0100;0;LH_2712-LH_3394
LON;1755;+0200;2120;+0100;0;OS_7246-OS_8929
LON;0645;+0200;1015;+0100;0;LH_3428-LH_6555
LON;0830;+0200;1200;+0100;0;LH_2730-LH_6482
LON;1045;+0200;1415;+0100;0;LH_2005-LH_2476
LON;1325;+0200;1655;+0100;0;SK_626-SK_1517
LON;1440;+0200;1810;+0100;0;LX_3697-LX_446
LON;1745;+0200;2115;+0100;0;LX_3695-LX_358
LON;1750;+0200;2120;+0100;0;OS_7246-OS_8929
LON;1250;+0200;1625;+0100;0;LH_2009-LH_2478
LON;0845;+0200;1225;+0100;0;LH_2001-LH_2474
LON;1630;+0200;2010;+0100;0;LH_2013-LH_2482
LON;0645;+0200;1030;+0100;0;LH_3428-LH_6557
LON;0645;+0200;1030;+0100;0;BD_3690-BD_585
LON;1225;+0200;1610;+0100;0;KL_1856-KL_1021
BCN;0550;+0200;0800;+0200;0;AB_8936
BCN;0940;+0200;1150;+0200;0;JK_9328
BCN;0940;+0200;1150;+0200;0;LH_3302
BCN;1705;+0200;1915;+0200;0;LH_3304
BCN;1705;+0200;1915;+0200;0;JK_8980
BCN;1725;+0200;1935;+0200;0;AB_8564
BCN;0625;+0200;0955;+0200;0;AF_5877-AF_5906
BCN;1055;+0200;1435;+0200;0;AF_1307-AF_1648
BCN;0730;+0200;1115;+0200;0;LH_2025-LH_1810
BCN;1050;+0200;1435;+0200;0;AF_1307-AF_1648
BCN;1735;+0200;2120;+0200;0;LH_2015-LH_1816
BCN;0605;+0200;0955;+0200;0;LH_73-LH_1124
BCN;0725;+0200;1115;+0200;0;AF_1107-AF_1348
BCN;0720;+0200;1115;+0200;0;AF_1107-AF_1348
BCN;0820;+0200;1215;+0200;0;KL_1854-KL_1671
BCN;0925;+0200;1320;+0200;0;LH_2003-LH_1812
BCN;1300;+0200;1655;+0200;0;AF_5875-AF_5898
BCN;1730;+0200;2125;+0200;0;AF_5879-AF_5894
BCN;1905;+0200;2305;+0200;0;LH_87-LH_1138
BCN;0955;+0200;1400;+0200;0;LX_1017-LX_1954
BCN;1320;+0200;1725;+0200;0;AF_1607-AF_1948
BCN;0740;+0200;1150;+0200;0;LX_3901-LX_1934
BCN;1035;+0200;1445;+0200;0;LH_3322-LH_6713
BCN;1300;+0200;1710;+0200;0;AB_6442-AB_8722
BCN;1450;+0200;1905;+0200;0;LX_1019-LX_1956
BCN;0655;+0200;1115;+0200;0;LH_2023-LH_1810
BCN;1055;+0200;1515;+0200;0;JK_8858-JK_132
BCN;1625;+0200;2045;+0200;0;AF_1907-AF_2148
BCN;1820;+0200;2245;+0200;0;KL_1862-KL_1681
BCN;1900;+0200;2325;+0200;0;LH_2017-LH_1818
BCN;1045;+0200;1515;+0200;0;LH_2005-LH_6722
BCN;1250;+0200;1720;+0200;0;LH_2009-LH_1814
BCN;1800;+0200;2230;+0200;0;LX_3637-LX_1950
BCN;0845;+0200;1320;+0200;0;LH_2001-LH_1812
BCN;1725;+0200;2200;+0200;0;AF_2207-AF_2348
BCN;1905;+0200;2340;+0200;0;IB_3569-IB_2728
BCN;1225;+0200;1705;+0200;0;KL_1856-KL_1675
BCN;1045;+0200;1530;+0200;0;LH_2708-LH_6774
BCN;1210;+0200;1655;+0200;0;IB_3523-IB_6772
BCN;1440;+0200;1925;+0200;0;KL_1858-KL_1677
BCN;1645;+0200;2130;+0200;0;AA_6515-AA_6294
BCN;1755;+0200;2240;+0200;0;OS_7246-OS_395
BCN;1630;+0200;2120;+0200;0;LH_2013-LH_1816
BCN;1750;+0200;2240;+0200;0;OS_7246-OS_395
BCN;1020;+0200;1515;+0200;0;LH_77-LH_1128
BCN;1100;+0200;1555;+0200;0;AB_9864-AB_7526
BCN;0615;+0200;1115;+0200;0;LH_2027-LH_1810
BCN;0620;+0200;1120;+0200;0;AB_6436-AB_8792
BCN;1330;+0200;1830;+0200;0;AA_6513-AA_6292
BCN;1435;+0200;1935;+0200;0;LH_81-LH_1134
BCN;1435;+0200;1935;+0200;0;JK_8890-JK_9372
BCN;0750;+0200;1255;+0200;0;IB_3597-IB_6764
BCN;1400;+0200;1905;+0200;0;LX_3635-LX_1956
BCN;1440;+0200;1945;+0200;0;LX_3697-LX_1946
BCN;1800;+0200;2305;+0200;0;LH_85-LH_1138
BCN;1800;+0200;2305;+0200;0;BD_3315-BD_3448
BCN;0715;+0200;1225;+0200;0;AA_6503-AA_6260
BCN;0715;+0200;1225;+0200;0;BA_935-BA_484
BCN;0715;+0200;1225;+0200;0;QF_3450-QF_3369
BCN;1210;+0200;1725;+0200;0;IB_3523-IB_6774
BCN;0605;+0200;1140;+0200;0;LH_73-LH_1126
BCN;1625;+0200;2200;+0200;0;AF_1907-AF_2348
BCN;1655;+0200;2230;+0200;0;LX_3641-LX_1950
BCN;1705;+0200;2240;+0200;0;OS_7248-OS_395
BCN;0605;+0200;1145;+0200;0;LH_73-LH_1126
BCN;0605;+0200;1145;+0200;0;BD_3313-BD_3450
BCN;0710;+0200;1250;+0200;0;OS_7250-OS_397
BCN;0950;+0200;1530;+0200;0;LH_2706-LH_6774
BCN;1210;+0200;1755;+0200;0;IB_3523-IB_2762
BCN;1210;+0200;1755;+0200;0;IB_3523-IB_6776
BCN;0625;+0200;1215;+0200;0;KL_1852-KL_1671
BCN;0730;+0200;1320;+0200;0;LH_2025-LH_1812
BCN;0925;+0200;1515;+0200;0;LH_2003-LH_6722
BCN;1330;+0200;1920;+0200;0;BA_939-BA_470
BCN;1735;+0200;2325;+0200;0;LH_2015-LH_1818
BCN;1330;+0200;1925;+0200;0;AA_6513-AA_6297
BCN;1200;+0200;1805;+0200;0;BD_3319-BD_3452
BCN;1200;+0200;1805;+0200;0;LH_79-LH_1132
BCN;1200;+0200;1805;+0200;0;JK_8892-JK_8834
BCN;1320;+0200;1930;+0200;0;AF_1607-AF_2048
BCN;0725;+0200;1345;+0200;0;AF_1107-AF_1230
BCN;1330;+0200;1950;+0200;0;BA_939-BA_486
BCN;1500;+0200;2120;+0200;0;LH_2011-LH_1816
BCN;0655;+0200;1320;+0200;0;LH_2023-LH_1812
BCN;0720;+0200;1345;+0200;0;AF_1107-AF_1230
BCN;1055;+0200;1720;+0200;0;JK_8858-JK_9312
BCN;1330;+0200;1955;+0200;0;AA_6513-AA_6748
BCN;0845;+0200;1515;+0200;0;LH_2001-LH_6722
BCN;1055;+0200;1725;+0200;0;AF_1307-AF_1948
BER;0640;+0200;0745;+0200;0;LH_2726
BER;0720;+0200;0825;+0200;0;LH_2728
BER;0830;+0200;0935;+0200;0;LH_2730
BER;0955;+0200;1100;+0200;0;BD_3486
BER;0955;+0200;1100;+0200;0;LH_2732
BER;1155;+0200;1300;+0200;0;LH_2734
BER;1155;+0200;1300;+0200;0;BD_3484
BER;1230;+0200;1335;+0200;0;LH_2736
BER;1550;+0200;1655;+0200;0;LH_2738
BER;1550;+0200;1655;+0200;0;BD_3488
BER;1655;+0200;1800;+0200;0;BD_3488
BER;1700;+0200;1805;+0200;0;LH_2740
BER;1910;+0200;2015;+0200;0;LH_2742
BER;1910;+0200;2015;+0200;0;BD_3492
BER;1920;+0200;2025;+0200;0;LH_2742
BER;2030;+0200;2135;+0200;0;BD_3494
BER;2030;+0200;2135;+0200;0;LH_2744
BER;0620;+0200;0730;+0200;0;AB_6436
BER;0820;+0200;0930;+0200;0;AB_6438
BER;1300;+0200;1410;+0200;0;AB_6442
BER;1310;+0200;1420;+0200;0;AB_6442
BER;1505;+0200;1615;+0200;0;AB_6444
BER;1645;+0200;1755;+0200;0;AB_6446
BER;1850;+0200;2000;+0200;0;AB_6448
BER;2045;+0200;2155;+0200;0;AB_6450
BER;2050;+0200;2200;+0200;0;AB_6450
BER;1510;+0200;1745;+0200;0;LH_2790-LH_2905
BER;1545;+0200;1825;+0200;0;LH_2756-LH_2850
BER;1800;+0200;2045;+0200;0;LH_85-LH_196
BER;1905;+0200;2150;+0200;0;LH_87-LH_198
BER;0830;+0200;1120;+0200;0;LH_75-LH_178
BER;1250;+0200;1540;+0200;0;LH_2009-LH_2040
BER;1905;+0200;2155;+0200;0;LH_87-LH_198
BER;0615;+0200;0910;+0200;0;LH_2027-LH_2032
BER;1435;+0200;1730;+0200;0;LH_81-LH_188
BER;1850;+0200;2145;+0200;0;LH_2758-LH_2854
BER;1900;+0200;2155;+0200;0;LH_2017-LH_2054
BER;0820;+0200;1120;+0200;0;KL_1854-KL_1823
BER;1020;+0200;1320;+0200;0;AB_6027-AB_6190
BER;0605;+0200;0910;+0200;0;LH_73-LH_174
BER;1450;+0200;1755;+0200;0;AB_6031-AB_6200
BER;1700;+0200;2005;+0200;0;AB_6037-AB_6202
BER;1735;+0200;2040;+0200;0;LH_2015-LH_2052
BER;0625;+0200;0935;+0200;0;KL_1852-KL_1821
BER;1450;+0200;1805;+0200;0;AB_8144-AB_8317
BER;0655;+0200;1015;+0200;0;LH_2023-LH_2034
BER;0840;+0200;1200;+0200;0;AB_8240-AB_8269
BER;1010;+0200;1330;+0200;0;SK_1630-SK_1675
BER;1010;+0200;1330;+0200;0;LH_6210-LH_6047
BER;1200;+0200;1520;+0200;0;LH_79-LH_184
BER;1450;+0200;1810;+0200;0;AB_8144-AB_8317
BER;1500;+0200;1820;+0200;0;LH_2011-LH_2048
BER;1510;+0200;1830;+0200;0;LH_2790-LH_2905
BER;0845;+0200;1210;+0200;0;LH_2001-LH_2036
BER;1630;+0200;1955;+0200;0;LH_2013-LH_2050
BER;0645;+0200;1015;+0200;0;LX_1029-LX_976
BER;0645;+0200;1015;+0200;0;LH_5792-LH_5853
BER;0845;+0200;1215;+0200;0;AB_8118-AB_8589
BER;1045;+0200;1415;+0200;0;LH_2005-LH_2038
BER;1240;+0200;1610;+0200;0;AB_8136-AB_8359
BER;1250;+0200;1620;+0200;0;LH_2009-LH_2042
BER;1820;+0200;2150;+0200;0;KL_1862-KL_1835
BER;0610;+0200;0945;+0200;0;AB_8180-AB_8275
BER;1705;+0200;2040;+0200;0;AB_8142-AB_8199
BER;1755;+0200;2130;+0200;0;OS_7246-OS_273
BER;1055;+0200;1435;+0200;0;AF_1307-AF_2034
BER;1700;+0200;2040;+0200;0;AB_8516-AB_8753
BER;1750;+0200;2130;+0200;0;OS_7246-OS_273
BER;1750;+0200;2130;+0200;0;LH_3096-LH_6357
BER;1805;+0200;2145;+0200;0;AB_6021-AB_6204
BER;0820;+0200;1205;+0200;0;AB_6838-AB_6530
BER;1020;+0200;1405;+0200;0;LH_77-LH_182
BER;1050;+0200;1435;+0200;0;AF_1307-AF_2034
BER;1220;+0200;1605;+0200;0;AB_6029-AB_6196
BER;1435;+0200;1820;+0200;0;LH_81-LH_190
BER;1905;+0200;2250;+0200;0;LH_87-LH_200
BER;1400;+0200;1750;+0200;0;LX_3635-LX_970
BER;1415;+0200;1805;+0200;0;AB_8144-AB_8317
BER;1440;+0200;1830;+0200;0;KL_1858-KL_1833
BER;1645;+0200;2035;+0200;0;AB_6840-AB_6538
BER;1800;+0200;2150;+0200;0;LH_85-LH_198
BER;1850;+0200;2240;+0200;0;AB_8520-AB_8175
BER;1900;+0200;2250;+0200;0;LH_2017-LH_2056
BER;0720;+0200;1115;+0200;0;LH_2750-LH_2844
BER;1415;+0200;1810;+0200;0;AB_8144-AB_8317
BER;1800;+0200;2155;+0200;0;LH_85-LH_198
BER;1840;+0200;2235;+0200;0;AB_8644-AB_8763
BER;1845;+0200;2240;+0200;0;AB_8520-AB_8175
BER;0605;+0200;1005;+0200;0;LH_73-LH_176
BER;0615;+0200;1015;+0200;0;LH_2027-LH_2034
BER;1010;+0200;1410;+0200;0;OS_152-OS_291
BER;1010;+0200;1410;+0200;0;LH_6354-LH_6349
BER;1320;+0200;1720;+0200;0;AF_1607-AF_2334
BER;1625;+0200;2025;+0200;0;AF_1907-AF_2534
ROM;1150;+0200;1345;+0200;0;AB_8840
ROM;1200;+0200;1355;+0200;0;LH_3200
ROM;1045;+0200;1250;+0200;0;AB_8840
ROM;1500;+0200;1815;+0200;0;LH_2011-LH_1848
ROM;1735;+0200;2105;+0200;0;LH_2015-LH_1850
ROM;0730;+0200;1105;+0200;0;LH_2025-LH_1842
ROM;0925;+0200;1305;+0200;0;LH_2003-LH_1844
ROM;1250;+0200;1630;+0200;0;LH_2009-LH_1846
ROM;1020;+0200;1405;+0200;0;LH_77-LH_234
ROM;0625;+0200;1015;+0200;0;AF_5877-AF_5823
ROM;1300;+0200;1650;+0200;0;AF_5875-AF_5821
ROM;0820;+0200;1215;+0200;0;AB_6438-AB_8270
ROM;1435;+0200;1830;+0200;0;LH_81-LH_238
ROM;0830;+0200;1230;+0200;0;LH_75-LH_232
ROM;1225;+0200;1625;+0200;0;KL_1856-KL_1603
ROM;1225;+0200;1625;+0200;0;AZ_2949-AZ_7729
ROM;0655;+0200;1105;+0200;0;LH_2023-LH_1842
ROM;0955;+0200;1405;+0200;0;LX_1017-LX_1736
ROM;1320;+0200;1730;+0200;0;AF_1607-AF_2104
ROM;1800;+0200;2210;+0200;0;LX_3637-LX_1734
ROM;1820;+0200;2230;+0200;0;AZ_2917-AZ_7717
ROM;1820;+0200;2230;+0200;0;KL_1862-KL_1609
ROM;1310;+0200;1725;+0200;0;AB_8136-AB_8470
ROM;1450;+0200;1905;+0200;0;LX_1019-LX_1732
ROM;1625;+0200;2040;+0200;0;AF_1907-AF_9840
ROM;1725;+0200;2140;+0200;0;AF_2207-AF_2304
ROM;0845;+0200;1305;+0200;0;LH_2001-LH_1844
ROM;1440;+0200;1900;+0200;0;AZ_2907-AZ_7715
ROM;1440;+0200;1900;+0200;0;KL_1858-KL_1607
ROM;0725;+0200;1150;+0200;0;AF_1107-AF_1504
ROM;0720;+0200;1150;+0200;0;AF_1107-AF_1504
ROM;0905;+0200;1340;+0200;0;OK_523-OK_724
ROM;1630;+0200;2105;+0200;0;LH_2013-LH_1850
ROM;0620;+0200;1100;+0200;0;AB_6436-AB_8270
ROM;0610;+0200;1055;+0200;0;AB_8180-AB_8466
ROM;1240;+0200;1725;+0200;0;AB_8136-AB_8470
ROM;1440;+0200;1925;+0200;0;KL_1858-KL_3403
ROM;1440;+0200;1925;+0200;0;AZ_2907-AZ_109
ROM;0615;+0200;1105;+0200;0;LH_2027-LH_1842
ROM;0725;+0200;1215;+0200;0;AF_1107-AF_9832
ROM;1905;+0200;2355;+0200;0;LH_87-LH_242
ROM;0720;+0200;1215;+0200;0;AZ_2881-AZ_319
ROM;0720;+0200;1215;+0200;0;AF_1107-AF_9832
ROM;1725;+0200;2220;+0200;0;AZ_2889-AZ_329
ROM;1725;+0200;2220;+0200;0;AF_2207-AF_9842
ROM;1400;+0200;1905;+0200;0;LX_3635-LX_1732
ROM;0715;+0200;1225;+0200;0;AA_6503-AA_6510
ROM;1645;+0200;2155;+0200;0;BA_941-BA_558
ROM;1645;+0200;2155;+0200;0;AA_6515-AA_6460
ROM;1055;+0200;1610;+0200;0;AF_1307-AF_1904
ROM;1625;+0200;2140;+0200;0;AF_1907-AF_2304
ROM;1625;+0200;2140;+0200;0;AZ_2887-AZ_7311
ROM;1655;+0200;2210;+0200;0;LX_3641-LX_1734
ROM;1050;+0200;1610;+0200;0;AF_1307-AF_1904
ROM;1050;+0200;1610;+0200;0;AZ_2883-AZ_7301
ROM;0715;+0200;1240;+0200;0;QF_3450-QF_3425
ROM;0715;+0200;1240;+0200;0;BA_935-BA_548
ROM;0715;+0200;1240;+0200;0;AA_6503-AA_6510
ROM;1045;+0200;1610;+0200;0;AA_6364-AA_6519
ROM;1250;+0200;1815;+0200;0;LH_2009-LH_1848
ROM;1320;+0200;1845;+0200;0;AF_1607-AF_2204
ROM;1320;+0200;1845;+0200;0;AZ_2885-AZ_7305
ROM;0625;+0200;1155;+0200;0;AZ_2945-AZ_7713
ROM;0625;+0200;1155;+0200;0;KL_1852-KL_1601
ROM;1045;+0200;1615;+0200;0;BA_937-BA_560
ROM;1310;+0200;1840;+0200;0;AB_8136-AB_8470
ROM;1320;+0200;1850;+0200;0;AF_1607-AF_2204
ROM;0730;+0200;1305;+0200;0;LH_2025-LH_1844
ROM;0830;+0200;1405;+0200;0;LH_75-LH_234
ROM;1200;+0200;1735;+0200;0;LH_79-LH_236
ROM;1330;+0200;1910;+0200;0;BA_939-BA_554
ROM;1045;+0200;1630;+0200;0;LH_2005-LH_1846
MUC;0615;+0200;0725;+0200;0;LH_2027
MUC;0655;+0200;0805;+0200;0;LH_2023
MUC;0730;+0200;0840;+0200;0;LH_2025
MUC;0845;+0200;0955;+0200;0;LH_2001
MUC;0925;+0200;1035;+0200;0;LH_2003
MUC;1045;+0200;1155;+0200;0;LH_2005
MUC;1250;+0200;1400;+0200;0;LH_2009
MUC;1500;+0200;1610;+0200;0;LH_2011
MUC;1630;+0200;1740;+0200;0;LH_2013
MUC;1735;+0200;1845;+0200;0;LH_2015
MUC;1900;+0200;2010;+0200;0;LH_2017
MUC;1900;+0200;2010;+0200;0;NH_6088
MUC;2015;+0200;2125;+0200;0;LH_2019
MUC;2055;+0200;2205;+0200;0;LH_2021
MUC;0820;+0200;0935;+0200;0;AB_6025
MUC;1020;+0200;1135;+0200;0;AB_6027
MUC;1220;+0200;1335;+0200;0;AB_6029
MUC;1450;+0200;1605;+0200;0;AB_6031
MUC;1700;+0200;1815;+0200;0;AB_6037
MUC;1805;+0200;1920;+0200;0;AB_6021
MUC;1850;+0200;2005;+0200;0;AB_6039
MUC;2005;+0200;2120;+0200;0;AB_6045
MUC;2100;+0200;2215;+0200;0;AB_6041
MUC;0720;+0200;0955;+0200;0;LH_2750-LH_2143
MUC;0735;+0200;1015;+0200;0;LH_3050-LH_1689
MUC;0720;+0200;1005;+0200;0;LH_2750-LH_2143
MUC;0720;+0200;1005;+0200;0;LX_3633-LX_3618
MUC;0720;+0200;1005;+0200;0;LH_3134-LH_2367
MUC;1800;+0200;2045;+0200;0;LH_2782-LH_2171
MUC;0740;+0200;1030;+0200;0;LX_3901-LX_3924
MUC;0740;+0200;1030;+0200;0;LH_3170-LH_2393
MUC;1020;+0200;1310;+0200;0;LH_77-LH_108
MUC;1050;+0200;1340;+0200;0;LH_2788-LH_2157
MUC;1310;+0200;1600;+0200;0;AB_6442-AB_6199
MUC;1335;+0200;1630;+0200;0;LH_3136-LH_5787
MUC;1700;+0200;1955;+0200;0;AB_6752-AB_6309
MUC;1745;+0200;2040;+0200;0;LH_3172-LH_2399
MUC;1840;+0200;2135;+0200;0;LH_2774-LH_2131
MUC;0620;+0200;0920;+0200;0;AB_6436-AB_6187
MUC;0710;+0200;1010;+0200;0;OS_7250-OS_7231
MUC;0710;+0200;1010;+0200;0;LH_3088-LH_2325
MUC;1300;+0200;1600;+0200;0;AB_6442-AB_6199
MUC;1550;+0200;1850;+0200;0;LH_2738-LH_2047
MUC;1725;+0200;2025;+0200;0;LH_2714-LH_2077
MUC;1800;+0200;2100;+0200;0;LX_3637-LX_3624
MUC;1800;+0200;2100;+0200;0;LH_3140-LH_2373
MUC;0605;+0200;0910;+0200;0;LH_73-LH_102
MUC;0620;+0200;0925;+0200;0;AB_6436-AB_6187
MUC;0640;+0200;0945;+0200;0;LH_2726-LH_2029
MUC;0720;+0200;1025;+0200;0;LH_2776-LH_2165
MUC;0720;+0200;1025;+0200;0;LH_2728-LH_2031
MUC;1045;+0200;1350;+0200;0;LH_2708-LH_2067
MUC;1505;+0200;1810;+0200;0;AB_6444-AB_6201
MUC;1645;+0200;1950;+0200;0;AB_6446-AB_6203
MUC;1920;+0200;2225;+0200;0;LH_2742-LH_2053
MUC;0640;+0200;0950;+0200;0;LH_2700-LH_2059
MUC;0845;+0200;1155;+0200;0;OS_7242-OS_7239
MUC;1645;+0200;1955;+0200;0;AB_6752-AB_6309
MUC;1655;+0200;2005;+0200;0;LX_3641-LX_1110
MUC;1850;+0200;2200;+0200;0;AB_6448-AB_6205
MUC;0715;+0200;1030;+0200;0;LH_3170-LH_2393
MUC;0715;+0200;1030;+0200;0;LH_2702-LH_2061
MUC;0955;+0200;1310;+0200;0;LH_5794-LH_5785
MUC;0955;+0200;1310;+0200;0;LX_1017-LX_1104
MUC;1655;+0200;2010;+0200;0;LH_3138-LH_5789
MUC;1700;+0200;2015;+0200;0;LH_2740-LH_2049
MUC;1800;+0200;2115;+0200;0;LH_85-LH_122
MUC;1910;+0200;2225;+0200;0;LH_2742-LH_2053
MUC;0645;+0200;1005;+0200;0;LX_1029-LX_3618
MUC;0645;+0200;1005;+0200;0;LH_5792-LH_2367
MUC;0645;+0200;1005;+0200;0;LH_2766-LH_2121
MUC;0705;+0200;1025;+0200;0;LH_2776-LH_2165
MUC;0815;+0200;1135;+0200;0;LH_2704-LH_2063
MUC;0820;+0200;1140;+0200;0;AB_6744-AB_6301
MUC;0835;+0200;1155;+0200;0;LH_3090-LH_2327
MUC;1905;+0200;2225;+0200;0;LH_87-LH_124
MUC;1310;+0200;1635;+0200;0;AB_8136-AB_8388
MUC;1520;+0200;1845;+0200;0;LH_2712-LH_2075
MUC;1850;+0200;2215;+0200;0;LH_2716-LH_2081
MUC;0645;+0200;1015;+0200;0;LH_3160-LH_2381
MUC;1015;+0200;1345;+0200;0;LH_2752-LH_2147
MUC;1055;+0200;1425;+0200;0;AF_1307-AF_2022
MUC;1850;+0200;2220;+0200;0;AB_6448-AB_6205
MUC;0710;+0200;1045;+0200;0;LH_2786-LH_2155
MUC;1050;+0200;1425;+0200;0;AF_1307-AF_2022
MUC;1055;+0200;1430;+0200;0;AF_1307-AF_2022
MUC;1100;+0200;1435;+0200;0;LO_5406-LO_5369
MUC;1100;+0200;1435;+0200;0;LH_3044-LH_1637
MUC;1230;+0200;1605;+0200;0;LH_2736-LH_2039
MUC;1435;+0200;1810;+0200;0;LH_81-LH_116
MUC;1450;+0200;1825;+0200;0;LX_1019-LX_3622
MUC;1450;+0200;1825;+0200;0;LH_5796-LH_2371
MUC;1605;+0200;1940;+0200;0;SK_1622-SK_663
MUC;1605;+0200;1940;+0200;0;LH_6212-LH_6261
MUC;1700;+0200;2035;+0200;0;AB_8516-AB_8392
MUC;0720;+0200;1100;+0200;0;LH_2728-LH_2033
MUC;0830;+0200;1210;+0200;0;LH_2730-LH_2035
MUC;1050;+0200;1430;+0200;0;AF_1307-AF_2022
MUC;1430;+0200;1810;+0200;0;LH_3052-LH_1693
MUC;1700;+0200;2040;+0200;0;AB_8516-AB_8392
MUC;0640;+0200;1025;+0200;0;LH_2726-LH_2031
MUC;1010;+0200;1355;+0200;0;LH_6354-LH_2329
MUC;1010;+0200;1355;+0200;0;OS_152-OS_7233
MUC;1400;+0200;1745;+0200;0;LH_2710-LH_2073
MUC;1705;+0200;2050;+0200;0;LH_3094-LH_6329
MUC;1705;+0200;2050;+0200;0;OS_7248-OS_117
MUC;1725;+0200;2110;+0200;0;LH_2714-LH_2079
MUC;1800;+0200;2145;+0200;0;LH_2782-LH_2171
MUC;0640;+0200;1030;+0200;0;LH_2700-LH_2061
MUC;1020;+0200;1410;+0200;0;LH_3158-LH_2383
MUC;1815;+0200;2205;+0200;0;LX_3903-LX_3918
MUC;0605;+0200;1000;+0200;0;LH_73-LH_104
MUC;0830;+0200;1225;+0200;0;LH_2730-LH_2035
MUC;1020;+0200;1415;+0200;0;LH_2778-LH_2167
MUC;1240;+0200;1635;+0200;0;AB_8136-AB_8388
MUC;1810;+0200;2205;+0200;0;LH_3184-LH_1865
MUC;1820;+0200;2215;+0200;0;KL_1862-KL_1801
MUC;0950;+0200;1350;+0200;0;LH_2706-LH_2067
MUC;1045;+0200;1445;+0200;0;LH_2708-LH_2069
MUC;1200;+0200;1600;+0200;0;LH_79-LH_112
MUC;1800;+0200;2200;+0200;0;LX_3637-LX_3626
MUC;1800;+0200;2200;+0200;0;LH_3140-LH_2375
VIE;0610;+0200;0740;+0200;0;AB_8180
VIE;0840;+0200;1010;+0200;0;AB_8240
VIE;1240;+0200;1410;+0200;0;AB_8136
VIE;1310;+0200;1440;+0200;0;AB_8136
VIE;1625;+0200;1755;+0200;0;AB_8516
VIE;1700;+0200;1830;+0200;0;AB_8516
VIE;1840;+0200;2010;+0200;0;AB_8644
VIE;2055;+0200;2225;+0200;0;AB_8812
VIE;0710;+0200;0845;+0200;0;LH_3088
VIE;0710;+0200;0845;+0200;0;UA_9482
VIE;0710;+0200;0845;+0200;0;OS_7250
VIE;0835;+0200;1010;+0200;0;LH_3090
VIE;0845;+0200;1020;+0200;0;OS_7242
VIE;1250;+0200;1425;+0200;0;LH_3092
VIE;1250;+0200;1425;+0200;0;OS_7244
VIE;1305;+0200;1440;+0200;0;OS_7244
VIE;1705;+0200;1840;+0200;0;LH_3094
VIE;1705;+0200;1840;+0200;0;OS_7248
VIE;1750;+0200;1925;+0200;0;LH_3096
VIE;1750;+0200;1925;+0200;0;OS_7246
VIE;1755;+0200;1930;+0200;0;OS_7246
VIE;1010;+0200;1150;+0200;0;LH_6354
VIE;1010;+0200;1150;+0200;0;OS_152
VIE;2005;+0200;2145;+0200;0;OS_156
VIE;2005;+0200;2145;+0200;0;LH_6356
VIE;0910;+0200;1150;+0200;0;OS_202-OS_980
VIE;0730;+0200;1025;+0200;0;LH_2025-LH_2326
VIE;1300;+0200;1555;+0200;0;AB_6442-AB_8272
VIE;0925;+0200;1225;+0200;0;LH_2003-LH_2328
VIE;1700;+0200;2005;+0200;0;AB_6774-AB_8254
VIE;0605;+0200;0920;+0200;0;LH_73-LH_6332
VIE;0615;+0200;0930;+0200;0;AB_6770-AB_8254
VIE;0615;+0200;0930;+0200;0;LH_2027-LH_6326
VIE;0830;+0200;1145;+0200;0;LH_2730-LH_6322
VIE;1435;+0200;1750;+0200;0;LH_81-LH_1240
VIE;1630;+0200;1945;+0200;0;LH_2013-LH_6328
VIE;1800;+0200;2115;+0200;0;LX_3637-LX_3558
VIE;0815;+0200;1135;+0200;0;LH_2704-LH_6364
VIE;1700;+0200;2020;+0200;0;AB_6752-AB_8846
VIE;1815;+0200;2135;+0200;0;LX_3903-LX_3584
VIE;1415;+0200;1740;+0200;0;AB_8144-AB_8537
VIE;1450;+0200;1815;+0200;0;AB_6031-AB_8389
VIE;0655;+0200;1025;+0200;0;LH_2023-LH_2326
VIE;1450;+0200;1820;+0200;0;AB_6031-AB_8389
VIE;1505;+0200;1835;+0200;0;AB_6444-AB_8358
VIE;1800;+0200;2130;+0200;0;LH_85-LH_6338
VIE;1850;+0200;2220;+0200;0;AB_8520-AB_8253
VIE;0830;+0200;1205;+0200;0;LH_75-LH_6334
VIE;1645;+0200;2020;+0200;0;AB_6752-AB_8846
VIE;1845;+0200;2220;+0200;0;AB_8520-AB_8253
VIE;1850;+0200;2225;+0200;0;AB_6039-AB_8393
VIE;0845;+0200;1225;+0200;0;LH_2001-LH_2328
VIE;1250;+0200;1630;+0200;0;LH_2009-LH_2330
VIE;1450;+0200;1830;+0200;0;LX_1019-LX_1582
VIE;1850;+0200;2230;+0200;0;AB_6039-AB_8393
VIE;1900;+0200;2240;+0200;0;TG_7837-TG_7214
VIE;1900;+0200;2240;+0200;0;LH_2017-LH_6330
VIE;0620;+0200;1005;+0200;0;AB_6436-AB_8202
VIE;1520;+0200;1905;+0200;0;LH_2712-LH_3102
VIE;1850;+0200;2235;+0200;0;AB_6448-AB_8752
VIE;1905;+0200;2250;+0200;0;AB_8230-AB_8013
VIE;0635;+0200;1025;+0200;0;AB_8216-AB_8017
VIE;1020;+0200;1410;+0200;0;LH_77-LH_1238
VIE;1630;+0200;2020;+0200;0;LH_2013-LH_2332
VIE;1645;+0200;2035;+0200;0;AB_6446-AB_8762
VIE;1820;+0200;2210;+0200;0;KL_1862-KL_1849
VIE;1710;+0200;2105;+0200;0;LO_5410-LO_5225
VIE;1800;+0200;2155;+0200;0;LX_3637-LX_1584
VIE;1845;+0200;2240;+0200;0;AB_8408-AB_8825
VIE;0605;+0200;1005;+0200;0;LH_73-LH_1234
VIE;1230;+0200;1630;+0200;0;LH_2736-LH_6350
VIE;1535;+0200;1935;+0200;0;BD_3148-BD_2722
VIE;1725;+0200;2125;+0200;0;LH_2714-LH_6362
VIE;1905;+0200;2305;+0200;0;LH_87-LH_1246
VIE;1045;+0200;1450;+0200;0;LH_2708-LH_3100
VIE;1435;+0200;1840;+0200;0;LH_81-LH_1242
VIE;1800;+0200;2205;+0200;0;LX_3637-LX_1584
VIE;0615;+0200;1025;+0200;0;LH_2027-LH_2326
VIE;1730;+0200;2140;+0200;0;AF_5879-AF_1956
VIE;0955;+0200;1410;+0200;0;LX_1017-LX_1578
VIE;1320;+0200;1735;+0200;0;AF_1607-AF_1438
VIE;1700;+0200;2115;+0200;0;LH_2740-LH_6324
VIE;0715;+0200;1135;+0200;0;LH_2702-LH_6364
VIE;0720;+0200;1140;+0200;0;LH_2750-LH_6366
VIE;0720;+0200;1140;+0200;0;LX_3633-LX_3552
VIE;1320;+0200;1740;+0200;0;AF_1607-AF_1438
VIE;1655;+0200;2115;+0200;0;LX_3641-LX_3558
VIE;1805;+0200;2225;+0200;0;AB_6021-AB_8393
VIE;0720;+0200;1145;+0200;0;LH_2728-LH_6322
VIE;1450;+0200;1915;+0200;0;LX_1019-LX_3556
VIE;1805;+0200;2230;+0200;0;AB_6021-AB_8393
VIE;1400;+0200;1830;+0200;0;LX_3635-LX_1582
VIE;1440;+0200;1910;+0200;0;KL_1858-KL_1847
VIE;1700;+0200;2130;+0200;0;AB_6774-AB_8346
VIE;0700;+0200;1135;+0200;0;LH_3176-LH_6407
VIE;0740;+0200;1215;+0200;0;LX_3901-LX_3582
VIE;1155;+0200;1630;+0200;0;LH_2734-LH_6350
VIE;1435;+0200;1910;+0200;0;LH_81-LH_6346
VIE;0725;+0200;1205;+0200;0;AF_1107-AF_1556
VIE;1540;+0200;2020;+0200;0;AB_6750-AB_8846
VIE;0720;+0200;1205;+0200;0;AF_1107-AF_1556
VIE;1500;+0200;1945;+0200;0;LH_2011-LH_6328
PAR;0705;+0200;0815;+0200;0;LH_3218
PAR;1100;+0200;1210;+0200;0;LH_3220
PAR;1550;+0200;1700;+0200;0;LH_3222
PAR;1800;+0200;1910;+0200;0;LH_3224
PAR;2025;+0200;2135;+0200;0;LH_3226
PAR;0720;+0200;0835;+0200;0;AF_1107
PAR;0725;+0200;0840;+0200;0;AF_1107
PAR;0725;+0200;0840;+0200;0;JL_5714
PAR;1050;+0200;1205;+0200;0;AF_1307
PAR;1055;+0200;1210;+0200;0;AF_1307
PAR;1320;+0200;1435;+0200;0;AF_1607
PAR;1625;+0200;1740;+0200;0;JL_5308
PAR;1625;+0200;1740;+0200;0;AF_1907
PAR;1725;+0200;1840;+0200;0;AF_2207
PAR;2045;+0200;2200;+0200;0;AF_2407
PAR;1200;+0200;1450;+0200;0;LH_79-LH_1036
PAR;1020;+0200;1315;+0200;0;LH_77-LH_1034
PAR;0625;+0200;0925;+0200;0;KL_1852-KL_1229
PAR;1520;+0200;1825;+0200;0;LH_2712-LH_3232
PAR;0655;+0200;1025;+0200;0;LH_2023-LH_2228
PAR;0845;+0200;1215;+0200;0;LH_2001-LH_2230
PAR;1250;+0200;1620;+0200;0;LH_2009-LH_2232
PAR;1440;+0200;1810;+0200;0;KL_1858-KL_1243
PAR;1500;+0200;1830;+0200;0;LH_2011-LH_2236
PAR;0645;+0200;1020;+0200;0;LX_1029-LX_634
PAR;1900;+0200;2235;+0200;0;LH_2017-LH_2240
PAR;0820;+0200;1200;+0200;0;KL_1854-KL_2007
PAR;1435;+0200;1815;+0200;0;LH_81-LH_1042
PAR;1800;+0200;2140;+0200;0;LH_85-LH_1050
PAR;1800;+0200;2140;+0200;0;LX_3637-LX_646
PAR;1820;+0200;2200;+0200;0;KL_1862-KL_2023
PAR;1905;+0200;2245;+0200;0;LH_87-LH_1052
PAR;1645;+0200;2030;+0200;0;AB_6446-AB_8156
PAR;1720;+0200;2105;+0200;0;AF_3253-AF_6145
PAR;0605;+0200;0955;+0200;0;LH_73-LH_1028
PAR;0715;+0200;1105;+0200;0;QF_3450-QF_3411
PAR;0715;+0200;1105;+0200;0;BA_935-BA_306
PAR;1325;+0200;1715;+0200;0;SK_626-SK_559
PAR;1805;+0200;2155;+0200;0;BA_943-BA_338
PAR;0955;+0200;1350;+0200;0;LX_1017-LX_638
PAR;1400;+0200;1755;+0200;0;LX_3635-LX_656
PAR;1625;+0200;2025;+0200;0;AB_8516-AB_8734
PAR;0615;+0200;1025;+0200;0;LH_2027-LH_2228
PAR;0625;+0200;1035;+0200;0;AF_5877-AF_7653
PAR;0715;+0200;1125;+0200;0;AA_6503-AA_6554
PAR;1045;+0200;1455;+0200;0;AA_6364-AA_6229
PAR;1225;+0200;1635;+0200;0;KL_1856-KL_2013
PAR;1240;+0200;1650;+0200;0;AB_8136-AB_8726
PAR;1630;+0200;2040;+0200;0;LH_2013-LH_2238
PAR;1720;+0200;2135;+0200;0;AF_3253-AF_6163
LIS;1240;+0200;1430;+0100;0;TP_543
LIS;0910;+0200;1105;+0100;0;LH_3332
LIS;1210;+0200;1550;+0100;0;IB_3523-IB_3102
LIS;1905;+0200;2255;+0100;0;IB_3569-IB_3118
LIS;1055;+0200;1450;+0100;0;AF_1307-AF_1624
LIS;1200;+0200;1555;+0100;0;LH_79-LH_1168
LIS;1200;+0200;1555;+0100;0;TP_7753-TP_6702
LIS;1705;+0200;2100;+0100;0;JK_8980-JK_9494
LIS;0750;+0200;1150;+0100;0;IB_3597-IB_3110
LIS;0925;+0200;1325;+0100;0;LH_2003-LH_1790
LIS;0925;+0200;1325;+0100;0;TP_7769-TP_6720
LIS;0940;+0200;1340;+0100;0;JK_9328-JK_9439
LIS;1050;+0200;1450;+0100;0;AF_1307-AF_1624
LIS;1055;+0200;1505;+0100;0;TP_7771-TP_557
LIS;1655;+0200;2105;+0100;0;LX_3641-LX_4582
LIS;1735;+0200;2145;+0100;0;LH_2015-LH_1792
LIS;1735;+0200;2145;+0100;0;TP_7773-TP_6724
LIS;0720;+0200;1135;+0100;0;LX_3633-LX_2084
LIS;0955;+0200;1410;+0100;0;LX_1017-LX_4580
LIS;1320;+0200;1735;+0100;0;AF_1607-AF_1924
LIS;1645;+0200;2100;+0100;0;JK_9334-JK_9417
LIS;1045;+0200;1505;+0100;0;LH_2005-LH_6950
LIS;1725;+0200;2150;+0100;0;AF_2207-AF_2324
LIS;1820;+0200;2250;+0100;0;KL_1862-KL_1697
LIS;1100;+0200;1535;+0100;0;AB_9864-AB_7612
LIS;1905;+0200;2340;+0100;0;LH_87-LH_1172
LIS;1905;+0200;2340;+0100;0;TP_7759-TP_6706
LIS;0845;+0200;1325;+0100;0;LH_2001-LH_1790
LIS;0645;+0200;1135;+0100;0;LX_1029-LX_2084
LIS;0605;+0200;1115;+0100;0;BD_3313-BD_3348
LIS;0605;+0200;1115;+0100;0;TP_7751-TP_6700
LIS;0605;+0200;1115;+0100;0;LH_73-LH_1166
LIS;1020;+0200;1530;+0100;0;LH_77-LH_6994
LIS;1020;+0200;1530;+0100;0;TP_7757-TP_573
LIS;1630;+0200;2145;+0100;0;LH_2013-LH_1792
LIS;0655;+0200;1215;+0100;0;JK_8802-JK_9447
LIS;1625;+0200;2150;+0100;0;AF_1907-AF_2324
LIS;0715;+0200;1250;+0100;0;BA_935-BA_506
LIS;1020;+0200;1555;+0100;0;TP_7757-TP_6702
LIS;1020;+0200;1555;+0100;0;LH_77-LH_1168
LIS;0925;+0200;1505;+0100;0;LH_2003-LH_6950
LIS;0925;+0200;1505;+0100;0;TP_7769-TP_557
LIS;1645;+0200;2225;+0100;0;BA_941-BA_504
LIS;1645;+0200;2225;+0100;0;JL_7700-JL_7733
LIS;1800;+0200;2340;+0100;0;BD_3315-BD_3350
LIS;1800;+0200;2340;+0100;0;LH_85-LH_1172
LIS;0730;+0200;1325;+0100;0;LH_2025-LH_1790
LIS;1645;+0200;2245;+0100;0;AA_6515-AA_6466
LIS;0820;+0200;1435;+0100;0;KL_1854-KL_1693
LIS;1450;+0200;2105;+0100;0;LX_1019-LX_4582
LIS;0845;+0200;1505;+0100;0;LH_2001-LH_6950
LIS;0655;+0200;1325;+0100;0;LH_2023-LH_1790
LIS;1055;+0200;1735;+0100;0;AF_1307-AF_1924
LIS;1045;+0200;1730;+0100;0;AA_6364-AA_6359
LIS;1050;+0200;1735;+0100;0;AF_1307-AF_1924
LIS;1435;+0200;2120;+0100;0;LH_81-LH_6956
LIS;1435;+0200;2120;+0100;0;TP_7755-TP_579
LIS;1500;+0200;2145;+0100;0;LH_2011-LH_1792
LIS;0720;+0200;1410;+0100;0;LX_3633-LX_4580
LIS;1045;+0200;1735;+0100;0;BA_937-BA_502
LIS;1045;+0200;1735;+0100;0;AA_6364-AA_6359
LIS;0830;+0200;1530;+0100;0;LH_75-LH_6994
MAD;0750;+0200;1020;+0200;0;IB_3597
MAD;1210;+0200;1440;+0200;0;IB_3523
MAD;1905;+0200;2135;+0200;0;IB_3569
MAD;0655;+0200;0930;+0200;0;JK_8802
MAD;0655;+0200;0930;+0200;0;LH_3290
MAD;1645;+0200;1920;+0200;0;JK_9334
MAD;1645;+0200;1920;+0200;0;LH_3292
MAD;2020;+0200;2255;+0200;0;LH_3294
MAD;2020;+0200;2255;+0200;0;JK_8823
MAD;1320;+0200;1730;+0200;0;AF_1607-AF_1800
MAD;0725;+0200;1140;+0200;0;AF_1107-AF_1300
MAD;1200;+0200;1615;+0200;0;LH_79-LH_6800
MAD;1200;+0200;1615;+0200;0;JK_8892-JK_126
MAD;0720;+0200;1140;+0200;0;AF_1107-AF_1300
MAD;1440;+0200;1900;+0200;0;LX_3697-LX_2048
MAD;1725;+0200;2145;+0200;0;AF_2207-AF_2100
MAD;1035;+0200;1505;+0200;0;LH_3322-LH_6811
MAD;1250;+0200;1720;+0200;0;LH_2009-LH_1804
MAD;0655;+0200;1135;+0200;0;LH_2023-LH_1800
MAD;1905;+0200;2350;+0200;0;LH_87-LH_1120
MAD;0925;+0200;1415;+0200;0;LH_2003-LH_1802
MAD;0955;+0200;1445;+0200;0;LX_1017-LX_2026
MAD;1450;+0200;1940;+0200;0;LX_1019-LX_2032
MAD;1820;+0200;2310;+0200;0;KL_1862-KL_1707
MAD;0905;+0200;1400;+0200;0;OK_523-OK_700
MAD;1225;+0200;1730;+0200;0;KL_1856-KL_1705
MAD;1705;+0200;2210;+0200;0;JK_8980-JK_445
MAD;0550;+0200;1100;+0200;0;AA_8083-AA_5648
MAD;1330;+0200;1840;+0200;0;BA_939-BA_462
MAD;1330;+0200;1840;+0200;0;AA_6513-AA_6282
MAD;1440;+0200;1950;+0200;0;KL_1858-KL_1709
MAD;0715;+0200;1230;+0200;0;BA_935-BA_7055
MAD;1045;+0200;1600;+0200;0;AA_6364-AA_6280
MAD;1055;+0200;1610;+0200;0;AF_1307-AF_1700
MAD;1645;+0200;2200;+0200;0;BA_941-BA_7057
MAD;0615;+0200;1135;+0200;0;LH_2027-LH_1800
MAD;1050;+0200;1610;+0200;0;AF_1307-AF_1700
MAD;1100;+0200;1620;+0200;0;AB_9864-AB_7740
MAD;1625;+0200;2145;+0200;0;AF_1907-AF_2100
MAD;0650;+0200;1215;+0200;0;SK_620-SK_581
MAD;0715;+0200;1240;+0200;0;AA_6503-AA_5553
MAD;0715;+0200;1240;+0200;0;QF_3450-QF_4203
MAD;1320;+0200;1845;+0200;0;AF_1607-AF_1900
MAD;1325;+0200;1850;+0200;0;SK_626-SK_9926
MAD;1630;+0200;2155;+0200;0;LH_2013-LH_1806
MAD;0845;+0200;1415;+0200;0;LH_2001-LH_1802
MAD;0605;+0200;1140;+0200;0;LH_73-LH_1112
MAD;0625;+0200;1205;+0200;0;KL_1852-KL_1701
MAD;1400;+0200;1940;+0200;0;LX_3635-LX_2032
MAD;1445;+0200;2030;+0200;0;UX_3754-UX_1094
MAD;1435;+0200;2025;+0200;0;JK_8890-JK_118
MAD;1435;+0200;2025;+0200;0;LH_81-LH_6802
MAD;1800;+0200;2350;+0200;0;LH_85-LH_1120
MAD;1800;+0200;2350;+0200;0;BD_3315-BD_2920
MAD;0815;+0200;1410;+0200;0;LH_2704-LH_3296
MAD;0830;+0200;1425;+0200;0;LH_75-LH_1114
MAD;1020;+0200;1615;+0200;0;LH_77-LH_6800
MAD;0715;+0200;1330;+0200;0;QF_3450-QF_3379
MAD;0715;+0200;1330;+0200;0;BA_935-BA_458
MAD;0715;+0200;1330;+0200;0;AA_6503-AA_6278
MAD;0725;+0200;1340;+0200;0;AF_1107-AF_1430
MAD;1200;+0200;1815;+0200;0;BD_3319-BD_2916
MAD;1200;+0200;1815;+0200;0;JK_8892-JK_8904
MAD;1200;+0200;1815;+0200;0;LH_79-LH_1116
MAD;1625;+0200;2240;+0200;0;AF_1907-AF_1730
MAD;1645;+0200;2300;+0200;0;JL_7700-JL_7703
MAD;0720;+0200;1340;+0200;0;AF_1107-AF_1430
MAD;1330;+0200;1950;+0200;0;BA_939-BA_7065
MAD;1055;+0200;1720;+0200;0;JK_8858-JK_9324
MAD;1200;+0200;1825;+0200;0;TU_547-TU_606
ZRH;0720;+0200;0830;+0200;0;LX_3633
ZRH;0720;+0200;0830;+0200;0;LH_3134
ZRH;1335;+0200;1445;+0200;0;LH_3136
ZRH;1400;+0200;1510;+0200;0;LX_3635
ZRH;1655;+0200;1805;+0200;0;LH_3138
ZRH;1655;+0200;1805;+0200;0;LX_3641
ZRH;1705;+0200;1815;+0200;0;AB_8142
ZRH;1800;+0200;1910;+0200;0;LX_3637
ZRH;1800;+0200;1910;+0200;0;LH_3140
ZRH;1950;+0200;2100;+0200;0;LH_5798
ZRH;1950;+0200;2100;+0200;0;LX_1027
ZRH;0845;+0200;1000;+0200;0;AB_8118
ZRH;1415;+0200;1530;+0200;0;AB_8144
ZRH;1450;+0200;1605;+0200;0;AB_8144
ZRH;1705;+0200;1820;+0200;0;AB_8142
ZRH;1850;+0200;2005;+0200;0;AB_8520
ZRH;2110;+0200;2225;+0200;0;AB_8172
ZRH;0645;+0200;0805;+0200;0;LX_1029
ZRH;0645;+0200;0805;+0200;0;LH_5792
ZRH;0955;+0200;1115;+0200;0;LX_1017
ZRH;0955;+0200;1115;+0200;0;LH_5794
ZRH;0955;+0200;1115;+0200;0;UA_9803
ZRH;1450;+0200;1610;+0200;0;LH_5796
ZRH;1450;+0200;1610;+0200;0;LX_1019
ZRH;1845;+0200;2005;+0200;0;AB_8520
ZRH;1020;+0200;1255;+0200;0;LH_77-LH_1190
ZRH;1905;+0200;2140;+0200;0;LH_87-LH_5778
ZRH;1200;+0200;1440;+0200;0;LH_79-LH_1192
ZRH;1900;+0200;2145;+0200;0;LH_2017-LH_5788
ZRH;0925;+0200;1220;+0200;0;LH_2003-LH_2368
ZRH;1435;+0200;1730;+0200;0;LH_81-LH_1196
ZRH;1735;+0200;2030;+0200;0;LH_2015-LH_2374
ZRH;0815;+0200;1115;+0200;0;LH_2704-LH_5844
ZRH;0830;+0200;1130;+0200;0;LH_75-LH_5772
ZRH;1500;+0200;1800;+0200;0;LH_2011-LH_5786
ZRH;1610;+0200;1915;+0200;0;LH_3182-LH_5908
ZRH;1630;+0200;1935;+0200;0;LH_2013-LH_2372
ZRH;1850;+0200;2155;+0200;0;LH_2758-LH_5832
ZRH;0730;+0200;1040;+0200;0;LH_2025-LH_5782
ZRH;1700;+0200;2020;+0200;0;AB_8516-AB_8252
ZRH;0845;+0200;1210;+0200;0;LH_3180-LH_5904
ZRH;1050;+0200;1415;+0200;0;AF_1307-AF_5104
ZRH;1125;+0200;1450;+0200;0;LX_3693-LX_2811
ZRH;1200;+0200;1525;+0200;0;LH_79-LH_5774
ZRH;1810;+0200;2135;+0200;0;LH_3184-LH_5884
ZRH;0605;+0200;0935;+0200;0;LH_73-LH_1186
ZRH;1505;+0200;1835;+0200;0;AB_6444-AB_8198
ZRH;0720;+0200;1055;+0200;0;LH_2728-LH_5836
ZRH;0845;+0200;1220;+0200;0;LH_2001-LH_2368
ZRH;1045;+0200;1420;+0200;0;LH_2708-LH_3144
ZRH;1505;+0200;1840;+0200;0;AB_6444-AB_8198
ZRH;1705;+0200;2040;+0200;0;OS_7248-OS_8807
ZRH;0830;+0200;1210;+0200;0;LH_2730-LH_5852
ZRH;1545;+0200;1925;+0200;0;LH_2756-LH_5830
ZRH;1800;+0200;2140;+0200;0;LH_85-LH_5778
ZRH;0605;+0200;0950;+0200;0;LH_73-LH_5770
ZRH;0655;+0200;1040;+0200;0;LH_2023-LH_5782
ZRH;0830;+0200;1215;+0200;0;LH_2730-LH_5852
ZRH;1305;+0200;1650;+0200;0;OS_7244-OS_563
ZRH;1320;+0200;1705;+0200;0;AF_1607-AF_5106
ZRH;1755;+0200;2140;+0200;0;OS_7246-OS_567
ZRH;0620;+0200;1010;+0200;0;AB_6436-AB_8588
ZRH;1230;+0200;1620;+0200;0;LH_2736-LH_5838
ZRH;1250;+0200;1640;+0200;0;LH_2009-LH_2370
ZRH;1645;+0200;2035;+0200;0;AB_6446-AB_8210
ZRH;1750;+0200;2140;+0200;0;OS_7246-OS_567
ZRH;1440;+0200;1835;+0200;0;KL_1858-KL_1963
ZRH;1625;+0200;2020;+0200;0;AB_8516-AB_8252
ZRH;1625;+0200;2020;+0200;0;AF_1907-AF_5110
ZRH;1725;+0200;2120;+0200;0;LH_2714-LH_5848
ZRH;1850;+0200;2245;+0200;0;AB_6448-AB_8174
ZRH;0715;+0200;1115;+0200;0;LH_2702-LH_5844
ZRH;0725;+0200;1125;+0200;0;AF_1107-AF_5102
ZRH;1250;+0200;1650;+0200;0;OS_7244-OS_563
ZRH;1630;+0200;2030;+0200;0;LH_2013-LH_2374
ZRH;0700;+0200;1105;+0200;0;LH_3176-LH_5902
ZRH;0720;+0200;1125;+0200;0;AF_1107-AF_5102
ZRH;1550;+0200;1955;+0200;0;LH_2738-LH_5842
ZRH;1820;+0200;2225;+0200;0;KL_1862-KL_1969
ZRH;1840;+0200;2245;+0200;0;AB_8644-AB_8500
ZRH;1225;+0200;1635;+0200;0;KL_1856-KL_1961
ZRH;1735;+0200;2145;+0200;0;LH_2015-LH_5788
ZRH;1745;+0200;2155;+0200;0;LX_3695-LX_2819
ZRH;1745;+0200;2155;+0200;0;LH_3164-LH_5871
ZRH;0640;+0200;1055;+0200;0;LH_2726-LH_5836
ZRH;0650;+0200;1105;+0200;0;LX_3711-LX_2807
ZRH;0710;+0200;1125;+0200;0;OS_7250-OS_8803
ZRH;0710;+0200;1125;+0200;0;LH_2786-LH_5814
ZRH;1045;+0200;1500;+0200;0;LH_2005-LH_5784
ZRH;1700;+0200;2115;+0200;0;LH_2740-LH_5840
PRG;0735;+0200;0850;+0200;0;LH_3050
PRG;1430;+0200;1545;+0200;0;LH_3052
PRG;1810;+0200;1925;+0200;0;LH_3054
PRG;0905;+0200;1025;+0200;0;OK_523
PRG;1915;+0200;2035;+0200;0;OK_527
PRG;1735;+0200;2015;+0200;0;LH_2015-LH_1696
PRG;1435;+0200;1725;+0200;0;LH_81-LH_1398
PRG;0925;+0200;1220;+0200;0;LH_2003-LH_1690
PRG;0605;+0200;0910;+0200;0;LH_73-LH_1392
PRG;0830;+0200;1145;+0200;0;LH_75-LH_1394
PRG;1440;+0200;1800;+0200;0;KL_1858-KL_3125
PRG;1250;+0200;1620;+0200;0;LH_2009-LH_1692
PRG;1705;+0200;2035;+0200;0;OS_7248-OS_711
PRG;0710;+0200;1045;+0200;0;OS_7250-OS_705
PRG;0845;+0200;1220;+0200;0;LH_2001-LH_1690
PRG;1050;+0200;1425;+0200;0;AF_1307-AF_1982
PRG;1630;+0200;2015;+0200;0;LH_2013-LH_1696
PRG;1055;+0200;1445;+0200;0;AF_1307-AF_1982
PRG;1050;+0200;1445;+0200;0;AF_1307-AF_1982
PRG;1300;+0200;1655;+0200;0;AF_5875-AF_5903
PRG;1450;+0200;1845;+0200;0;LX_1019-LX_1498
PRG;1010;+0200;1410;+0200;0;OS_152-OS_707
PRG;1440;+0200;1840;+0200;0;KL_1858-KL_1357
PRG;1725;+0200;2130;+0200;0;AF_2207-AF_2386
PRG;1435;+0200;1845;+0200;0;LH_81-LH_1400
PRG;1905;+0200;2315;+0200;0;LH_87-LH_1402
PRG;0625;+0200;1040;+0200;0;AF_5877-AF_5901
PRG;1725;+0200;2140;+0200;0;AF_2207-AF_1082
PRG;0955;+0200;1415;+0200;0;LX_1017-LX_1486
PRG;0625;+0200;1050;+0200;0;KL_1852-KL_3121
PRG;0740;+0200;1205;+0200;0;LX_3901-LX_1460
PRG;0830;+0200;1255;+0200;0;LH_75-LH_1396
PRG;1400;+0200;1845;+0200;0;LX_3635-LX_1498
PRG;0730;+0200;1220;+0200;0;LH_2025-LH_1690
PRG;0820;+0200;1315;+0200;0;KL_1854-KL_1355
PRG;1305;+0200;1800;+0200;0;OS_7244-OS_709
PRG;0650;+0200;1150;+0200;0;LX_3711-LX_1472
PRG;1625;+0200;2130;+0200;0;AF_1907-AF_2386
PRG;1250;+0200;1800;+0200;0;OS_7244-OS_709
PRG;0725;+0200;1240;+0200;0;AF_1107-AF_1782
PRG;1500;+0200;2015;+0200;0;LH_2011-LH_1696
PRG;1625;+0200;2140;+0200;0;AF_1907-AF_1082
PRG;1800;+0200;2315;+0200;0;LH_85-LH_1402
MIL;0700;+0200;0825;+0200;0;LH_3176
MIL;0720;+0200;0845;+0200;0;UA_9490
MIL;0845;+0200;1010;+0200;0;LH_3180
MIL;1610;+0200;1735;+0200;0;LH_3182
MIL;1810;+0200;1935;+0200;0;LH_3184
MIL;2030;+0200;2155;+0200;0;LH_3186
MIL;0630;+0200;0800;+0200;0;AB_8406
MIL;1845;+0200;2015;+0200;0;AB_8408
MIL;0925;+0200;1220;+0200;0;LH_2003-LH_1856
MIL;1450;+0200;1745;+0200;0;LH_5796-LH_5907
MIL;1450;+0200;1745;+0200;0;LX_1019-LX_1622
MIL;1435;+0200;1735;+0200;0;LH_81-LH_254
MIL;1645;+0200;1945;+0200;0;AB_6840-AB_8756
MIL;0625;+0200;0935;+0200;0;AF_5877-AF_3292
MIL;1905;+0200;2215;+0200;0;LH_87-LH_278
MIL;0720;+0200;1035;+0200;0;LX_3633-LX_1616
MIL;0720;+0200;1035;+0200;0;LH_3134-LH_5903
MIL;0655;+0200;1015;+0200;0;LH_2023-LH_1854
MIL;0955;+0200;1315;+0200;0;LX_1017-LX_1628
MIL;0955;+0200;1315;+0200;0;LH_5794-LH_5905
MIL;1250;+0200;1615;+0200;0;LH_2009-LH_1860
MIL;1800;+0200;2125;+0200;0;LX_3637-LX_1638
MIL;1800;+0200;2125;+0200;0;LH_3140-LH_5885
MIL;0820;+0200;1150;+0200;0;AZ_2947-AZ_7719
MIL;0820;+0200;1150;+0200;0;KL_1854-KL_1623
MIL;1020;+0200;1350;+0200;0;LH_77-LH_252
MIL;1500;+0200;1830;+0200;0;LH_2011-LH_1862
MIL;1645;+0200;2015;+0200;0;AB_6446-AB_8432
MIL;1700;+0200;2030;+0200;0;AB_8516-AB_8824
MIL;1820;+0200;2150;+0200;0;AZ_2917-AZ_113
MIL;1820;+0200;2150;+0200;0;KL_1862-KL_3417
MIL;0845;+0200;1220;+0200;0;LH_2001-LH_1856
MIL;1045;+0200;1420;+0200;0;LH_2005-LH_1858
MIL;1320;+0200;1655;+0200;0;AF_1607-AF_9700
MIL;1625;+0200;2000;+0200;0;AF_1907-AF_2214
MIL;1725;+0200;2100;+0200;0;AF_2207-AF_9702
MIL;1900;+0200;2235;+0200;0;LH_2017-LH_1866
MIL;0725;+0200;1105;+0200;0;AF_1107-AF_9802
MIL;1240;+0200;1620;+0200;0;AB_8136-AB_8828
MIL;1300;+0200;1640;+0200;0;AF_5875-AF_3296
MIL;0720;+0200;1105;+0200;0;AF_1107-AF_9802
MIL;0820;+0200;1205;+0200;0;KL_1854-KL_1623
MIL;0830;+0200;1215;+0200;0;LH_75-LH_272
MIL;1305;+0200;1650;+0200;0;OS_7244-OS_513
MIL;1400;+0200;1745;+0200;0;LX_3635-LX_1622
MIL;1630;+0200;2015;+0200;0;LH_2013-LH_1864
MIL;1730;+0200;2115;+0200;0;AF_5879-AF_3298
MIL;0605;+0200;0955;+0200;0;LH_73-LH_270
MIL;0645;+0200;1035;+0200;0;LH_5792-LH_5903
MIL;0645;+0200;1035;+0200;0;LX_1029-LX_1616
MIL;1450;+0200;1840;+0200;0;LX_1019-LX_1636
MIL;1450;+0200;1840;+0200;0;LH_5796-LH_5909
MIL;1545;+0200;1935;+0200;0;LH_2756-LH_3198
MIL;1055;+0200;1450;+0200;0;AF_1307-AF_1712
MIL;1755;+0200;2150;+0200;0;OS_7246-OS_517
MIL;1820;+0200;2215;+0200;0;KL_1862-KL_1635
MIL;1820;+0200;2215;+0200;0;AZ_2917-AZ_7725
MIL;1905;+0200;2300;+0200;0;LH_87-LH_258
MIL;0615;+0200;1015;+0200;0;LH_2027-LH_1854
MIL;1050;+0200;1450;+0200;0;AF_1307-AF_1712
MIL;1250;+0200;1650;+0200;0;LH_3092-LH_6426
MIL;1250;+0200;1650;+0200;0;OS_7244-OS_513
MIL;1440;+0200;1840;+0200;0;KL_1858-KL_1621
MIL;1440;+0200;1840;+0200;0;AZ_2907-AZ_7747
MIL;1520;+0200;1920;+0200;0;LH_2712-LH_3192
MIL;1750;+0200;2150;+0200;0;LH_3096-LH_6430
MIL;1750;+0200;2150;+0200;0;OS_7246-OS_517
MIL;1045;+0200;1450;+0200;0;LH_2708-LH_3190
MIL;1435;+0200;1840;+0200;0;LH_81-LH_276
MIL;1540;+0200;1945;+0200;0;AB_6832-AB_8756
MIL;1625;+0200;2030;+0200;0;AB_8516-AB_8824
MIL;1855;+0200;2300;+0200;0;SK_628-SK_1689
MIL;1335;+0200;1745;+0200;0;LH_3136-LH_5907
MIL;1435;+0200;1850;+0200;0;LH_81-LH_276
MIL;1720;+0200;2135;+0200;0;AF_3253-AF_4352
MIL;1800;+0200;2215;+0200;0;BD_3315-BD_2926
MIL;1800;+0200;2215;+0200;0;LH_85-LH_278
MIL;1820;+0200;2240;+0200;0;KL_1862-KL_1635
MIL;1645;+0200;2110;+0200;0;AA_6515-AA_6383
MIL;1755;+0200;2220;+0200;0;OS_7246-OS_539
MIL;0605;+0200;1035;+0200;0;LH_73-LH_248
MIL;1225;+0200;1655;+0200;0;AZ_2949-AZ_7721
MIL;1225;+0200;1655;+0200;0;KL_1856-KL_1627
MIL;1655;+0200;2125;+0200;0;LX_3641-LX_1638
MIL;1655;+0200;2125;+0200;0;LH_3138-LH_5885
MIL;1750;+0200;2220;+0200;0;OS_7246-OS_539
MIL;1050;+0200;1525;+0200;0;AZ_2883-AZ_7817
MIL;1330;+0200;1805;+0200;0;BA_939-BA_568
MIL;1625;+0200;2100;+0200;0;AF_1907-AF_9702
MIL;1625;+0200;2100;+0200;0;AZ_2887-AZ_7849
MIL;1625;+0200;2100;+0200;0;AZ_2887-AZ_7903
MIL;1400;+0200;1840;+0200;0;LX_3635-LX_1636
MIL;1645;+0200;2125;+0200;0;BA_941-BA_570
MIL;1645;+0200;2125;+0200;0;AA_6515-AA_6314
MIL;1330;+0200;1815;+0200;0;AA_6513-AA_6312
MIL;1645;+0200;2130;+0200;0;AA_6515-AA_6314
MIL;1705;+0200;2150;+0200;0;LH_3094-LH_6430
MIL;1705;+0200;2150;+0200;0;OS_7248-OS_517
MIL;1710;+0200;2155;+0200;0;LO_5410-LO_321
MIL;1725;+0200;2210;+0200;0;AF_2207-AF_9812
MIL;1725;+0200;2210;+0200;0;AZ_2889-AZ_311
MIL;0715;+0200;1205;+0200;0;AA_6503-AA_6315
MIL;0730;+0200;1220;+0200;0;LH_2025-LH_1856
MIL;1200;+0200;1650;+0200;0;BD_3319-BD_2924
MIL;1200;+0200;1650;+0200;0;LH_79-LH_274
MIL;0715;+0200;1210;+0200;0;BA_935-BA_576
MIL;0925;+0200;1420;+0200;0;LH_2003-LH_1858
MIL;0625;+0200;1125;+0200;0;KL_1852-KL_3623
MIL;0625;+0200;1125;+0200;0;AZ_2945-AZ_7905
MIL;0950;+0200;1450;+0200;0;LH_2706-LH_3190
MIL;1735;+0200;2235;+0200;0;LH_2015-LH_1866
MIL;1800;+0200;2300;+0200;0;LH_85-LH_258
STO;0650;+0200;0845;+0200;0;LH_2920
STO;0650;+0200;0845;+0200;0;SK_3696
STO;1205;+0200;1400;+0200;0;LH_2922
STO;1205;+0200;1400;+0200;0;SK_3690
STO;1745;+0200;1940;+0200;0;SK_3642
STO;1745;+0200;1940;+0200;0;LH_2924
STO;1950;+0200;2145;+0200;0;LH_6284
STO;1950;+0200;2145;+0200;0;SK_2626
STO;1325;+0200;1635;+0200;0;LH_6042-LH_6068
STO;1325;+0200;1635;+0200;0;SK_626-SK_408
STO;1605;+0200;1920;+0200;0;SK_1622-SK_1426
STO;1855;+0200;2210;+0200;0;SK_628-SK_414
STO;0705;+0200;1030;+0200;0;SK_3646-SK_142
STO;0650;+0200;1030;+0200;0;LH_6206-LH_6084
STO;0650;+0200;1030;+0200;0;SK_620-SK_1418
STO;0820;+0200;1215;+0200;0;KL_1854-KL_1109
STO;1020;+0200;1415;+0200;0;LH_77-LH_6226
STO;1800;+0200;2155;+0200;0;LH_85-LH_6056
STO;1225;+0200;1625;+0200;0;KL_1856-KL_1115
STO;1325;+0200;1725;+0200;0;SK_626-SK_1424
STO;1150;+0200;1555;+0200;0;AY_704-AY_637
STO;1435;+0200;1840;+0200;0;LH_81-LH_804
STO;1435;+0200;1840;+0200;0;BD_3311-BD_3524
STO;1735;+0200;2140;+0200;0;LH_2015-LH_2420
STO;1520;+0200;1930;+0200;0;LH_2712-LH_2930
STO;1700;+0200;2110;+0200;0;LH_2740-LH_6060
STO;1850;+0200;2300;+0200;0;AB_6448-AB_8100
STO;0655;+0200;1110;+0200;0;LH_2023-LH_2414
STO;1440;+0200;1900;+0200;0;KL_1858-KL_1117
STO;1800;+0200;2220;+0200;0;LX_3637-LX_4708
STO;1045;+0200;1515;+0200;0;LH_2005-LH_2416
STO;1045;+0200;1515;+0200;0;LH_2708-LH_2928
STO;1755;+0200;2225;+0200;0;OS_7246-OS_317
STO;1500;+0200;1935;+0200;0;LH_2011-LH_6188
STO;1710;+0200;2145;+0200;0;LO_5410-LO_455
STO;1750;+0200;2225;+0200;0;OS_7246-OS_317
STO;0710;+0200;1150;+0200;0;SK_8572-SK_864
STO;0725;+0200;1205;+0200;0;AF_1107-AF_2062
STO;1250;+0200;1730;+0200;0;LH_2009-LH_2418
STO;1820;+0200;2300;+0200;0;KL_1862-KL_1121
STO;0720;+0200;1205;+0200;0;AF_1107-AF_2062
STO;1905;+0200;2350;+0200;0;LH_87-LH_808
STO;0710;+0200;1200;+0200;0;SK_8572-SK_864
STO;0905;+0200;1355;+0200;0;OK_523-OK_490
STO;0615;+0200;1110;+0200;0;LH_2027-LH_2414
STO;0720;+0200;1215;+0200;0;LX_3633-LX_4706
STO;1315;+0200;1810;+0200;0;LO_5398-LO_457
STO;1325;+0200;1820;+0200;0;LH_6042-LH_6066
STO;1325;+0200;1820;+0200;0;SK_626-SK_410
STO;1400;+0200;1855;+0200;0;LX_3635-LX_1254
STO;1150;+0200;1650;+0200;0;JL_7810-JL_7803
STO;1150;+0200;1650;+0200;0;AY_704-AY_645
STO;1855;+0200;2355;+0200;0;LH_6214-LH_6086
STO;1855;+0200;2355;+0200;0;SK_628-SK_1428
STO;1010;+0200;1515;+0200;0;OS_152-OS_313
STO;0955;+0200;1505;+0200;0;LX_1017-LX_1250
STO;1150;+0200;1700;+0200;0;AY_704-AY_983
STO;1630;+0200;2140;+0200;0;LH_2013-LH_2420
STO;1010;+0200;1525;+0200;0;SK_1630-SK_1422
STO;1320;+0200;1835;+0200;0;AF_1607-AF_1062
STO;1550;+0200;2110;+0200;0;LH_2738-LH_6060
STO;1605;+0200;2125;+0200;0;SK_1622-SK_1430
STO;1605;+0200;2125;+0200;0;LH_6212-LH_6132
STO;1705;+0200;2225;+0200;0;OS_7248-OS_317
STO;1725;+0200;2245;+0200;0;AF_2207-AF_1462
STO;0950;+0200;1515;+0200;0;LH_2706-LH_2928
STO;1655;+0200;2220;+0200;0;LX_3641-LX_4708
STO;0645;+0200;1215;+0200;0;LX_1029-LX_4706
STO;1400;+0200;1930;+0200;0;LH_2710-LH_2930
STO;1805;+0200;2340;+0200;0;BA_943-BA_786
STO;0605;+0200;1150;+0200;0;BD_3313-BD_3522
STO;0605;+0200;1150;+0200;0;LH_73-LH_802
STO;0830;+0200;1415;+0200;0;LH_75-LH_6226
STO;0610;+0200;1200;+0200;0;AB_8180-AB_8490
STO;0625;+0200;1215;+0200;0;KL_1852-KL_1109
STO;0925;+0200;1515;+0200;0;LH_2003-LH_2416
STO;1435;+0200;2025;+0200;0;LH_81-LH_6228
STO;1640;+0200;2230;+0200;0;BD_3242-BD_3852
STO;1800;+0200;2350;+0200;0;BD_3315-BD_3526
STO;1800;+0200;2350;+0200;0;LH_85-LH_808
STO;1325;+0200;1920;+0200;0;SK_626-SK_1426
STO;1400;+0200;1955;+0200;0;BT_232-BT_109
STO;0820;+0200;1420;+0200;0;AB_6438-AB_8102
STO;1555;+0200;2155;+0200;0;BD_3692-BD_3950
STO;1830;+0200;0030;+0200;1;BD_3238-BD_3850
STO;1605;+0200;2210;+0200;0;SK_1622-SK_414
STO;1110;+0200;1720;+0200;0;BD_3252-BD_3844
STO;0650;+0200;1305;+0200;0;SK_620-SK_1420
STO;0650;+0200;1305;+0200;0;LH_6206-LH_6174
STO;1045;+0200;1700;+0200;0;AA_6364-AA_6361
STO;1645;+0200;2300;+0200;0;AB_6446-AB_8100
STO;0710;+0200;1330;+0200;0;SK_8572-SK_868
STO;1150;+0200;1810;+0200;0;AY_704-AY_647
STO;1625;+0200;2245;+0200;0;JL_5308-JL_5311
STO;1625;+0200;2245;+0200;0;AF_1907-AF_1462
STO;1010;+0200;1635;+0200;0;SK_1630-SK_408
STO;1010;+0200;1635;+0200;0;LH_6210-LH_6068
STO;0845;+0200;1515;+0200;0;LH_2001-LH_2416
STO;0845;+0200;1515;+0200;0;OS_7242-OS_313
DUB;1435;+0200;1725;+0100;0;LH_81-LH_980
DUB;1440;+0200;1735;+0100;0;KL_1858-KL_3159
DUB;1820;+0200;2120;+0100;0;KL_1862-KL_3161
DUB;1055;+0200;1400;+0100;0;AF_1307-AF_5006
DUB;1050;+0200;1400;+0100;0;AF_1307-AF_5006
DUB;0720;+0200;1035;+0100;0;LX_3633-LX_400
DUB;1225;+0200;1540;+0100;0;KL_1856-KL_3157
DUB;1640;+0200;1955;+0100;0;LH_3384-LH_6505
DUB;1625;+0200;1945;+0100;0;AF_1907-AF_5010
DUB;1805;+0200;2125;+0100;0;BA_943-BA_5979
DUB;1320;+0200;1645;+0100;0;AF_1607-AF_5014
DUB;0650;+0200;1020;+0100;0;SK_620-SK_537
DUB;1905;+0200;2240;+0100;0;LH_87-LH_982
DUB;1330;+0200;1710;+0100;0;BA_939-BA_5967
DUB;1645;+0200;2025;+0100;0;BA_941-BA_5977
DUB;0625;+0200;1010;+0100;0;KL_1852-KL_3153
DUB;0645;+0200;1035;+0100;0;LX_1029-LX_400
DUB;0725;+0200;1115;+0100;0;AF_1107-AF_5004
DUB;0720;+0200;1115;+0100;0;AF_1107-AF_5004
DUB;0715;+0200;1115;+0100;0;BA_935-BA_5955
DUB;1640;+0200;2040;+0100;0;BD_3242-BD_131
DUB;0710;+0200;1120;+0100;0;SK_8572-SK_4603
DUB;0650;+0200;1105;+0100;0;SK_3696-SK_535
DUB;1805;+0200;2225;+0100;0;BA_943-BA_5983
DUB;1325;+0200;1805;+0100;0;SK_626-SK_2537
DUB;1330;+0200;1810;+0100;0;BA_939-BA_5969
DUB;1645;+0200;2125;+0100;0;BA_941-BA_5979
DUB;1800;+0200;2240;+0100;0;LH_85-LH_982
DUB;0715;+0200;1205;+0100;0;BA_935-BA_5835
DUB;1045;+0200;1535;+0100;0;BA_937-BA_5965
DUB;1725;+0200;2215;+0100;0;AF_2207-AF_5008
DUB;0605;+0200;1105;+0100;0;LH_73-LH_978
DUB;0715;+0200;1225;+0100;0;BA_935-BA_5957
DUB;1225;+0200;1735;+0100;0;KL_1856-KL_3159
DUB;1045;+0200;1600;+0100;0;BA_937-BA_5843
DUB;0820;+0200;1340;+0100;0;KL_1854-KL_3155
DUB;0700;+0200;1225;+0100;0;BD_3250-BD_123
DUB;1200;+0200;1725;+0100;0;LH_79-LH_980
DUB;1645;+0200;2225;+0100;0;BA_941-BA_5983
DUB;1055;+0200;1645;+0100;0;AF_1307-AF_5014
DUB;1625;+0200;2215;+0100;0;AF_1907-AF_5008
DUB;1050;+0200;1645;+0100;0;AF_1307-AF_5014
DUB;1330;+0200;1925;+0100;0;BA_939-BA_5975
DUB;0750;+0200;1350;+0100;0;IB_3597-IB_8070
DUB;1045;+0200;1710;+0100;0;BA_937-BA_5967
DUB;1320;+0200;1945;+0100;0;AF_1607-AF_5010
DUB;1330;+0200;1955;+0100;0;BA_939-BA_5847
DUB;1725;+0200;2240;+0100;0;LH_2714-LH_27-LH_982
DUB;1435;+0200;1955;+0100;0;LH_81-LH_914-LH_6505
DUB;1155;+0200;1725;+0100;0;LH_2734-LH_187-LH_980
DUB;0645;+0200;1225;+0100;0;BD_3690-BD_581-BD_123
DUB;1700;+0200;2240;+0100;0;LH_2740-LH_197-LH_982
DUB;1700;+0200;2240;+0100;0;LH_2740-LH_199-LH_982
DUB;1435;+0200;2040;+0100;0;BD_3311-BD_3220-BD_131
DUB;1435;+0200;2040;+0100;0;BD_3311-BD_3234-BD_131
DUB;1630;+0200;2240;+0100;0;LH_2013-LH_121-LH_982
DUB;0605;+0200;1225;+0100;0;BD_3313-BD_3214-BD_123
DUB;1200;+0200;1820;+0100;0;LH_79-LH_908-LH_6483
DUB;1200;+0200;1820;+0100;0;BD_3319-BD_3208-BD_125
DUB;0730;+0200;1355;+0100;0;LH_2025-LH_2472-LH_6633
DUB;1155;+0200;1820;+0100;0;LH_2734-LH_6490-LH_6483
DUB;1150;+0200;1820;+0100;0;BD_3684-BD_589-BD_125
DUB;1150;+0200;1820;+0100;0;LH_3432-LH_6523-LH_6483
DUB;1325;+0200;1955;+0100;0;SK_626-SK_1517-SK_9775
VCE;1135;+0200;1305;+0200;0;LH_3212
VCE;1210;+0200;1340;+0200;0;AB_8862
VCE;1210;+0200;1340;+0200;0;LH_3212
VCE;1020;+0200;1325;+0200;0;LH_77-LH_326
VCE;1435;+0200;1745;+0200;0;LH_81-LH_328
VCE;1435;+0200;1745;+0200;0;BD_3311-BD_3408
VCE;0605;+0200;0925;+0200;0;LH_73-LH_324
VCE;0845;+0200;1210;+0200;0;LH_2001-LH_1908
VCE;1900;+0200;2225;+0200;0;LH_2017-LH_1914
VCE;1250;+0200;1620;+0200;0;LH_2009-LH_1910
VCE;1730;+0200;2110;+0200;0;AF_5879-AF_5566
VCE;1300;+0200;1650;+0200;0;AF_5875-AF_5564
VCE;1320;+0200;1710;+0200;0;AF_1607-AF_2026
VCE;1820;+0200;2210;+0200;0;KL_1862-KL_1659
VCE;0625;+0200;1020;+0200;0;AF_5877-AF_5562
VCE;0820;+0200;1215;+0200;0;AB_6838-AB_8984
VCE;1450;+0200;1845;+0200;0;LX_1019-LX_1664
VCE;1755;+0200;2150;+0200;0;OS_7246-OS_527
VCE;1750;+0200;2150;+0200;0;OS_7246-OS_527
VCE;0725;+0200;1130;+0200;0;AF_1107-AF_1426
VCE;0955;+0200;1400;+0200;0;LX_1017-LX_1662
VCE;0720;+0200;1130;+0200;0;AF_1107-AF_1426
VCE;1225;+0200;1635;+0200;0;AZ_2949-AZ_7735
VCE;1225;+0200;1635;+0200;0;KL_1856-KL_1655
VCE;0620;+0200;1035;+0200;0;AB_6436-AB_8990
VCE;0940;+0200;1355;+0200;0;AB_6838-AB_8984
VCE;1905;+0200;2340;+0200;0;LH_87-LH_332
VCE;0730;+0200;1210;+0200;0;LH_2025-LH_1908
VCE;1400;+0200;1845;+0200;0;LX_3635-LX_1664
VCE;1705;+0200;2150;+0200;0;OS_7248-OS_527
VCE;1435;+0200;1925;+0200;0;BD_3311-BD_3410
VCE;1435;+0200;1925;+0200;0;LH_81-LH_330
VCE;1735;+0200;2225;+0200;0;LH_2015-LH_1914
VCE;0830;+0200;1325;+0200;0;LH_75-LH_326
VCE;1200;+0200;1710;+0200;0;TU_547-TU_472
VCE;0655;+0200;1210;+0200;0;LH_2023-LH_1908
VCE;0625;+0200;1145;+0200;0;KL_1852-KL_1653
VCE;0625;+0200;1145;+0200;0;AZ_2945-AZ_7733
VCE;0715;+0200;1250;+0200;0;BA_935-BA_578
VCE;0715;+0200;1250;+0200;0;AA_6503-AA_6317
VCE;0820;+0200;1355;+0200;0;AB_6838-AB_8984
VCE;1045;+0200;1620;+0200;0;LH_2005-LH_1910
VCE;1305;+0200;1840;+0200;0;OS_7244-OS_529
VCE;1725;+0200;2300;+0200;0;AZ_2889-AZ_7335
VCE;1725;+0200;2300;+0200;0;AF_2207-AF_2526
VCE;1800;+0200;2340;+0200;0;BD_3315-BD_3402
VCE;1800;+0200;2340;+0200;0;LH_85-LH_332
VCE;0630;+0200;1215;+0200;0;AB_6836-AB_8984
VCE;1200;+0200;1745;+0200;0;BD_3319-BD_3408
VCE;1200;+0200;1745;+0200;0;LH_79-LH_328
VCE;0650;+0200;1240;+0200;0;SK_3696-SK_1847
VCE;1250;+0200;1840;+0200;0;OS_7244-OS_529
VCE;0615;+0200;1210;+0200;0;LH_2027-LH_1908
VCE;1630;+0200;2225;+0200;0;LH_2013-LH_1914
VCE;0820;+0200;1420;+0200;0;AB_6438-AB_8990
HAM;0640;+0200;0735;+0200;0;LH_2700
HAM;0715;+0200;0810;+0200;0;LH_2702
HAM;0815;+0200;0910;+0200;0;LH_2704
HAM;0950;+0200;1045;+0200;0;LH_2706
HAM;1045;+0200;1140;+0200;0;LH_2708
HAM;1045;+0200;1140;+0200;0;BD_2976
HAM;1400;+0200;1455;+0200;0;LH_2710
HAM;1520;+0200;1615;+0200;0;LH_2712
HAM;1725;+0200;1820;+0200;0;LH_2714
HAM;1850;+0200;1945;+0200;0;LH_2716
HAM;1850;+0200;1945;+0200;0;BD_2974
HAM;2025;+0200;2120;+0200;0;LH_2718
HAM;0820;+0200;0920;+0200;0;AB_6744
HAM;1320;+0200;1420;+0200;0;AB_6750
HAM;1540;+0200;1640;+0200;0;AB_6750
HAM;1645;+0200;1745;+0200;0;AB_6752
HAM;1700;+0200;1800;+0200;0;AB_6752
HAM;2025;+0200;2125;+0200;0;AB_6756
HAM;2030;+0200;2130;+0200;0;AB_6756
HAM;1200;+0200;1440;+0200;0;LH_79-LH_14
HAM;1435;+0200;1715;+0200;0;LH_81-LH_18
HAM;1510;+0200;1750;+0200;0;LH_2790-LH_2837
HAM;1605;+0200;1850;+0200;0;SK_1622-SK_651
HAM;1905;+0200;2150;+0200;0;LH_87-LH_28
HAM;1020;+0200;1310;+0200;0;LH_77-LH_12
HAM;1855;+0200;2145;+0200;0;LH_6214-LH_6057
HAM;1855;+0200;2145;+0200;0;SK_628-SK_647
HAM;0820;+0200;1115;+0200;0;KL_1854-KL_1779
HAM;1010;+0200;1305;+0200;0;SK_1630-SK_1647
HAM;1010;+0200;1305;+0200;0;LH_6210-LH_6055
HAM;0640;+0200;0940;+0200;0;AB_8426-AB_8933
HAM;0730;+0200;1030;+0200;0;LH_2025-LH_2064
HAM;1440;+0200;1740;+0200;0;KL_1858-KL_1783
HAM;0830;+0200;1135;+0200;0;LH_75-LH_10
HAM;0845;+0200;1155;+0200;0;LH_2001-LH_2066
HAM;0630;+0200;0945;+0200;0;AB_6836-AB_6652
HAM;0820;+0200;1135;+0200;0;AB_6025-AB_6300
HAM;1845;+0200;2200;+0200;0;AB_8428-AB_8931
HAM;1850;+0200;2205;+0200;0;AB_6039-AB_6310
HAM;0720;+0200;1040;+0200;0;LX_3633-LX_3644
HAM;0720;+0200;1040;+0200;0;LH_3134-LH_3143
HAM;1220;+0200;1540;+0200;0;AB_6029-AB_6304
HAM;1500;+0200;1820;+0200;0;LH_2011-LH_2076
HAM;1645;+0200;2005;+0200;0;AB_6840-AB_6660
HAM;0605;+0200;0930;+0200;0;LH_73-LH_6
HAM;0615;+0200;0940;+0200;0;LH_2027-LH_2062
HAM;1435;+0200;1800;+0200;0;LH_81-LH_20
HAM;1735;+0200;2100;+0200;0;LH_2015-LH_2082
HAM;0925;+0200;1255;+0200;0;LH_2003-LH_2068
HAM;0655;+0200;1030;+0200;0;LH_2023-LH_2064
HAM;1320;+0200;1655;+0200;0;AF_1607-AF_2310
HAM;1750;+0200;2125;+0200;0;OS_7246-OS_7257
HAM;1750;+0200;2125;+0200;0;LH_3096-LH_3103
HAM;1045;+0200;1425;+0200;0;LH_2005-LH_2070
HAM;1210;+0200;1550;+0200;0;AB_8842-AB_8819
HAM;1900;+0200;2240;+0200;0;LH_2017-LH_2084
HAM;1800;+0200;2145;+0200;0;LX_3637-LX_3648
HAM;1800;+0200;2145;+0200;0;LH_3140-LH_3147
HAM;1305;+0200;1655;+0200;0;OS_7244-OS_7255
HAM;1630;+0200;2020;+0200;0;LH_2013-LH_2080
HAM;1745;+0200;2135;+0200;0;LH_3164-LH_3169
HAM;1800;+0200;2150;+0200;0;LH_85-LH_28
HAM;1905;+0200;2255;+0200;0;LH_87-LH_30
HAM;0610;+0200;1005;+0200;0;AB_8180-AB_8469
HAM;0645;+0200;1040;+0200;0;LH_5792-LH_3143
HAM;0645;+0200;1040;+0200;0;LX_1029-LX_3644
HAM;0700;+0200;1055;+0200;0;LH_3176-LH_3189
HAM;1545;+0200;1940;+0200;0;LH_2756-LH_2829
HAM;1820;+0200;2215;+0200;0;KL_1862-KL_1789
HAM;0645;+0200;1045;+0200;0;LH_3160-LH_3167
HAM;0645;+0200;1045;+0200;0;BD_3690-BD_3371
HAM;0645;+0200;1045;+0200;0;LH_3428-LH_3437
HAM;0725;+0200;1125;+0200;0;AF_1107-AF_1710
HAM;1150;+0200;1550;+0200;0;AB_8842-AB_8819
HAM;1250;+0200;1650;+0200;0;LH_2009-LH_2074
HAM;1625;+0200;2025;+0200;0;AF_1907-AF_2510
HAM;1805;+0200;2205;+0200;0;AB_6021-AB_6310
HAM;0720;+0200;1125;+0200;0;AF_1107-AF_1710
HAM;0955;+0200;1400;+0200;0;LX_1017-LX_1056
HAM;0955;+0200;1400;+0200;0;LH_5794-LH_5847
HAM;1250;+0200;1655;+0200;0;OS_7244-OS_7255
HAM;0845;+0200;1255;+0200;0;LH_2001-LH_2068
HAM;1250;+0200;1700;+0200;0;LH_3092-LH_3101
HAM;1300;+0200;1710;+0200;0;AF_5875-AF_5973
HAM;1435;+0200;1845;+0200;0;LH_81-LH_22
HAM;1840;+0200;2250;+0200;0;AB_8644-AB_8847
HAM;0605;+0200;1020;+0200;0;LH_73-LH_8
HAM;0615;+0200;1030;+0200;0;LH_2027-LH_2064
HAM;1200;+0200;1615;+0200;0;LH_79-LH_16
HAM;1450;+0200;1905;+0200;0;LH_5796-LH_5849
HAM;1450;+0200;1905;+0200;0;LX_1019-LX_1054
HAM;1020;+0200;1440;+0200;0;LH_77-LH_14
HAM;1500;+0200;1920;+0200;0;LH_2011-LH_2078
HAM;1705;+0200;2125;+0200;0;OS_7248-OS_7257
HAM;1705;+0200;2125;+0200;0;LH_3094-LH_3103
HAM;0625;+0200;1050;+0200;0;AF_5877-AF_5971
HAM;0700;+0200;1125;+0200;0;BD_3250-BD_3301
HAM;0700;+0200;1125;+0200;0;LH_3380-LH_3391
HAM;0720;+0200;1145;+0200;0;LH_2750-LH_2825
HAM;0730;+0200;1155;+0200;0;LH_2025-LH_2066
HAM;1540;+0200;2005;+0200;0;AB_6832-AB_6660
HAM;1645;+0200;2110;+0200;0;BA_941-BA_972
HAM;1645;+0200;2110;+0200;0;JL_7700-JL_7727
HAM;1630;+0200;2100;+0200;0;LH_2013-LH_2082
NCE;1155;+0200;1340;+0200;0;AB_8750
NCE;1150;+0200;1340;+0200;0;AB_8750
NCE;1200;+0200;1350;+0200;0;AB_8750
NCE;1200;+0200;1355;+0200;0;LH_3272
NCE;0625;+0200;0925;+0200;0;AF_5877-AF_7833
NCE;0625;+0200;0940;+0200;0;AF_5877-AF_7830
NCE;1450;+0200;1810;+0200;0;LX_1019-LX_560
NCE;0645;+0200;1010;+0200;0;LX_1029-LX_562
NCE;0845;+0200;1210;+0200;0;LH_2001-LH_2272
NCE;1435;+0200;1800;+0200;0;LH_81-LH_1064
NCE;1435;+0200;1800;+0200;0;BD_3311-BD_3236
NCE;1900;+0200;2230;+0200;0;LH_2017-LH_2278
NCE;1055;+0200;1430;+0200;0;AF_1307-AF_7714
NCE;1300;+0200;1635;+0200;0;AF_5875-AF_7839
NCE;1730;+0200;2105;+0200;0;AF_5879-AF_7834
NCE;0725;+0200;1105;+0200;0;AF_1107-AF_7702
NCE;1050;+0200;1430;+0200;0;AF_1307-AF_7714
NCE;0720;+0200;1105;+0200;0;AF_1107-AF_7702
NCE;1625;+0200;2010;+0200;0;AF_1907-AF_7708
NCE;1250;+0200;1640;+0200;0;LH_2009-LH_2274
NCE;0815;+0200;1210;+0200;0;LH_2704-LH_3274
NCE;1320;+0200;1720;+0200;0;AF_1607-AF_7706
NCE;1320;+0200;1725;+0200;0;AF_1607-AF_7706
NCE;1820;+0200;2225;+0200;0;KL_1862-KL_1273
NCE;0955;+0200;1405;+0200;0;LX_1017-LX_568
NCE;1020;+0200;1430;+0200;0;LH_77-LH_1060
NCE;1400;+0200;1810;+0200;0;LX_3635-LX_560
NCE;1630;+0200;2040;+0200;0;LH_2013-LH_2276
NCE;0605;+0200;1020;+0200;0;LH_73-LH_1058
NCE;1725;+0200;2140;+0200;0;AF_2207-AF_7712
NCE;0625;+0200;1050;+0200;0;KL_1852-KL_1261
NCE;0650;+0200;1115;+0200;0;SK_620-SK_2795
NCE;1225;+0200;1650;+0200;0;KL_1856-KL_1267
NCE;0650;+0200;1120;+0200;0;SK_620-SK_2795
NCE;0940;+0200;1410;+0200;0;JK_9328-JK_104
NCE;1755;+0200;2230;+0200;0;OS_7246-OS_423
NCE;0730;+0200;1210;+0200;0;LH_2025-LH_2272
NCE;1750;+0200;2230;+0200;0;OS_7246-OS_423
NCE;1800;+0200;2240;+0200;0;LX_3637-LX_564
NCE;1905;+0200;2350;+0200;0;LH_87-LH_1068
NCE;1330;+0200;1820;+0200;0;BA_939-BA_348
NCE;0715;+0200;1210;+0200;0;LH_2702-LH_3274
NCE;0840;+0200;1335;+0200;0;AB_8240-AB_8014
NCE;1735;+0200;2230;+0200;0;LH_2015-LH_2278
NCE;0715;+0200;1220;+0200;0;AA_6503-AA_6590
NCE;0715;+0200;1225;+0200;0;BA_935-BA_346
NCE;0715;+0200;1225;+0200;0;QF_3450-QF_3569
NCE;0715;+0200;1225;+0200;0;AA_6503-AA_6590
NCE;0625;+0200;1140;+0200;0;KL_1852-KL_1263
NCE;0655;+0200;1210;+0200;0;LH_2023-LH_2272
NCE;1625;+0200;2140;+0200;0;AF_1907-AF_7712
NCE;1725;+0200;2245;+0200;0;AF_2207-AF_7712
NCE;1705;+0200;2230;+0200;0;OS_7248-OS_423
NCE;1730;+0200;2255;+0200;0;AF_5879-AF_7829
NCE;0640;+0200;1210;+0200;0;LH_2700-LH_3274
NCE;1805;+0200;2340;+0200;0;BA_943-BA_352
NCE;1200;+0200;1740;+0200;0;TU_547-TU_764
NCE;1500;+0200;2040;+0200;0;LH_2011-LH_2276
NCE;1655;+0200;2240;+0200;0;LX_3641-LX_564
CPH;0635;+0200;0755;+0200;0;AB_8216
CPH;0650;+0200;0810;+0200;0;LH_6206
CPH;0650;+0200;0810;+0200;0;SK_620
CPH;1010;+0200;1130;+0200;0;LH_6210
CPH;1010;+0200;1130;+0200;0;SK_1630
CPH;1325;+0200;1445;+0200;0;LH_6042
CPH;1325;+0200;1445;+0200;0;SK_626
CPH;1605;+0200;1725;+0200;0;LH_6212
CPH;1605;+0200;1725;+0200;0;SK_1622
CPH;1855;+0200;2015;+0200;0;LH_6214
CPH;1855;+0200;2015;+0200;0;SK_628
CPH;1905;+0200;2025;+0200;0;AB_8230
CPH;0815;+0200;1040;+0200;0;LH_2704-LH_6238
CPH;1400;+0200;1630;+0200;0;LH_2710-LH_6046
CPH;1725;+0200;2015;+0200;0;LH_2714-LH_6240
CPH;0605;+0200;0910;+0200;0;LH_73-LH_822
CPH;0625;+0200;0930;+0200;0;KL_1852-KL_1125
CPH;1155;+0200;1500;+0200;0;LH_2734-LH_6092
CPH;0705;+0200;1015;+0200;0;SK_3646-SK_443
CPH;0705;+0200;1015;+0200;0;LH_2940-LH_6217
CPH;0720;+0200;1035;+0200;0;LH_2728-LH_6036
CPH;0715;+0200;1040;+0200;0;LH_2702-LH_6238
CPH;1250;+0200;1615;+0200;0;LH_2009-LH_2444
CPH;0845;+0200;1215;+0200;0;LH_2001-LH_2442
CPH;1800;+0200;2130;+0200;0;LH_85-LH_6224
CPH;1500;+0200;1835;+0200;0;LH_2011-LH_6256
CPH;1045;+0200;1425;+0200;0;LH_2708-LH_6054
CPH;1435;+0200;1815;+0200;0;LH_81-LH_830
CPH;1700;+0200;2040;+0200;0;AB_8516-AB_8012
CPH;0655;+0200;1040;+0200;0;LH_2023-LH_6260
CPH;1850;+0200;2235;+0200;0;AB_6448-AB_8950
CPH;1020;+0200;1410;+0200;0;LH_77-LH_6222
CPH;1545;+0200;1935;+0200;0;LH_2756-LH_6074
CPH;0640;+0200;1035;+0200;0;LH_2726-LH_6036
CPH;1305;+0200;1700;+0200;0;OS_7244-OS_303
CPH;1320;+0200;1715;+0200;0;AF_1607-AF_1050
CPH;1440;+0200;1835;+0200;0;KL_1858-KL_1133
CPH;1800;+0200;2155;+0200;0;LX_3637-LX_4704
CPH;0640;+0200;1040;+0200;0;LH_2700-LH_6238
CPH;1045;+0200;1445;+0200;0;LH_2005-LH_6052
CPH;1320;+0200;1720;+0200;0;AF_1607-AF_1050
CPH;1745;+0200;2145;+0200;0;SK_3642-SK_1427
CPH;0710;+0200;1115;+0200;0;SK_8572-SK_1455
CPH;1755;+0200;2200;+0200;0;OS_7246-OS_307
CPH;0955;+0200;1405;+0200;0;LX_1017-LX_1270
CPH;1200;+0200;1610;+0200;0;LH_79-LH_828
CPH;1200;+0200;1610;+0200;0;BD_3319-BD_3416
CPH;1225;+0200;1635;+0200;0;KL_1856-KL_1131
CPH;1250;+0200;1700;+0200;0;OS_7244-OS_303
CPH;1750;+0200;2200;+0200;0;OS_7246-OS_307
CPH;1905;+0200;2315;+0200;0;LH_87-LH_832
CPH;0725;+0200;1140;+0200;0;AF_1107-AF_2050
CPH;1230;+0200;1645;+0200;0;LH_2736-LH_6038
CPH;1625;+0200;2040;+0200;0;AB_8516-AB_8012
CPH;1630;+0200;2045;+0200;0;LH_2013-LH_2446
CPH;1725;+0200;2140;+0200;0;AF_2207-AF_1350
CPH;1820;+0200;2235;+0200;0;KL_1862-KL_1139
CPH;0650;+0200;1110;+0200;0;LH_2920-LH_6243
CPH;0650;+0200;1110;+0200;0;SK_3696-SK_1419
CPH;0720;+0200;1140;+0200;0;AF_1107-AF_2050
CPH;1155;+0200;1615;+0200;0;LH_2942-LH_6181
CPH;1735;+0200;2155;+0200;0;LH_2015-LH_6262
CPH;0615;+0200;1040;+0200;0;LH_2027-LH_6260
CPH;0720;+0200;1145;+0200;0;LH_2750-LH_6250
CPH;1450;+0200;1915;+0200;0;LX_1019-LX_1272
CPH;1900;+0200;2325;+0200;0;LH_2017-LH_6258
CPH;0625;+0200;1055;+0200;0;KL_1852-KL_1127
HEL;1845;+0200;2200;+0300;0;AY_708
HEL;0915;+0200;1235;+0300;0;LH_2970
HEL;1150;+0200;1510;+0300;0;AY_704
HEL;1150;+0200;1510;+0300;0;JL_7810
HEL;0900;+0200;1225;+0300;0;AB_8924
HEL;1325;+0200;1750;+0300;0;SK_626-SK_712
HEL;1310;+0200;1745;+0300;0;AB_6442-AB_8308
HEL;1300;+0200;1745;+0300;0;AB_6442-AB_8308
HEL;1800;+0200;2305;+0300;0;LH_85-LH_852
HEL;0650;+0200;1210;+0300;0;LH_6206-LH_6282
HEL;0650;+0200;1210;+0300;0;SK_620-SK_1712
HEL;1250;+0200;1810;+0300;0;LH_2009-LH_2464
HEL;0655;+0200;1220;+0300;0;LH_2023-LH_2462
HEL;1325;+0200;1850;+0300;0;SK_626-SK_1710
HEL;1735;+0200;2300;+0300;0;LH_2015-LH_2466
HEL;1850;+0200;0015;+0300;1;AB_6448-AB_8310
HEL;1400;+0200;1930;+0300;0;BT_232-BT_339
HEL;0830;+0200;1405;+0300;0;LH_75-LH_848
HEL;1400;+0200;1940;+0300;0;BT_232-BT_325
HEL;1755;+0200;2340;+0300;0;OS_7246-OS_347
HEL;0650;+0200;1240;+0300;0;SK_620-SK_6546
HEL;1750;+0200;2340;+0300;0;OS_7246-OS_347
HEL;1320;+0200;1915;+0300;0;AF_1607-AF_1098
HEL;1820;+0200;0015;+0300;1;KL_1862-KL_1171
HEL;1200;+0200;1800;+0300;0;LH_79-LH_850
HEL;1320;+0200;1920;+0300;0;AF_1607-AF_1098
HEL;0615;+0200;1220;+0300;0;LH_2027-LH_2462
HEL;0605;+0200;1215;+0300;0;LH_73-LH_846
HEL;1315;+0200;1925;+0300;0;LO_5398-LO_471
HEL;1855;+0200;0120;+0300;1;SK_628-SK_6544
HEL;1905;+0200;0130;+0300;1;LH_87-LH_854
HEL;1625;+0200;2255;+0300;0;AF_1907-AF_1798
HEL;1630;+0200;2300;+0300;0;LH_2013-LH_2466
HEL;1655;+0200;2325;+0300;0;LX_3641-LX_4792
HEL;1705;+0200;2340;+0300;0;OS_7248-OS_347
HEL;0710;+0200;1350;+0300;0;OS_7250-OS_345
HEL;1010;+0200;1650;+0300;0;SK_1630-SK_6694
HEL;1400;+0200;2040;+0300;0;BT_232-BT_327
HEL;1605;+0200;2245;+0300;0;SK_1622-SK_714
HEL;1605;+0200;2245;+0300;0;LH_6212-LH_6292
HEL;0625;+0200;1310;+0300;0;KL_1852-KL_1167
HEL;1325;+0200;2010;+0300;0;SK_626-SK_6541
HEL;1645;+0200;2335;+0300;0;BA_941-BA_798
HEL;1645;+0200;2335;+0300;0;AA_6515-AA_6463
HEL;0905;+0200;1600;+0300;0;KE_7620-KE_7639
HEL;0905;+0200;1600;+0300;0;OK_523-OK_480
HEL;0955;+0200;1655;+0300;0;LX_1017-LX_4790
HEL;1205;+0200;1905;+0300;0;LH_2922-LH_6296
HEL;1205;+0200;1905;+0300;0;SK_3690-SK_708
HEL;0650;+0200;1355;+0300;0;SK_3696-SK_6428
HEL;1040;+0200;1800;+0300;0;SU_2331-SU_2200
HEL;0725;+0200;1450;+0300;0;AF_1107-AF_2298
HEL;1045;+0200;1810;+0300;0;LH_2005-LH_2464
HEL;0720;+0200;1450;+0300;0;AF_1107-AF_2298
HEL;1645;+0200;0015;+0300;1;AB_6446-AB_8310
HEL;1800;+0200;0130;+0300;1;LH_85-LH_854
HEL;1330;+0200;2105;+0300;0;BA_939-BA_6080
HEL;1330;+0200;2105;+0300;0;AA_6513-AA_6054
HEL;1010;+0200;1750;+0300;0;LH_6210-LH_6288
HEL;1010;+0200;1750;+0300;0;SK_1630-SK_712
HEL;1020;+0200;1800;+0300;0;LH_77-LH_850
OSL;0710;+0200;0900;+0200;0;LH_2950
OSL;0710;+0200;0900;+0200;0;SK_8572
OSL;1905;+0200;2055;+0200;0;SK_819
OSL;1905;+0200;2055;+0200;0;LH_6208
OSL;1855;+0200;2205;+0200;0;SK_628-SK_3036
OSL;1605;+0200;1920;+0200;0;SK_1622-SK_1470
OSL;1325;+0200;1645;+0200;0;LH_6042-LH_6246
OSL;1325;+0200;1645;+0200;0;SK_626-SK_460
OSL;0705;+0200;1030;+0200;0;SK_3646-SK_3025
OSL;1810;+0200;2135;+0200;0;SK_3648-SK_3193
OSL;0605;+0200;0945;+0200;0;LH_73-LH_858
OSL;0650;+0200;1030;+0200;0;SK_620-SK_1464
OSL;0650;+0200;1030;+0200;0;LH_6206-LH_6090
OSL;0650;+0200;1035;+0200;0;SK_620-SK_3180
OSL;1225;+0200;1610;+0200;0;KL_1856-KL_1147
OSL;1435;+0200;1820;+0200;0;BD_3311-BD_2932
OSL;1435;+0200;1820;+0200;0;LH_81-LH_862
OSL;1820;+0200;2205;+0200;0;KL_1862-KL_1221
OSL;1325;+0200;1715;+0200;0;SK_626-SK_1460
OSL;1735;+0200;2140;+0200;0;LH_2015-LH_2456
OSL;1440;+0200;1850;+0200;0;KL_1858-KL_1149
OSL;1520;+0200;1930;+0200;0;LH_2712-LH_2960
OSL;1800;+0200;2210;+0200;0;LH_85-LH_6106
OSL;1850;+0200;2300;+0200;0;AB_6448-AB_8244
OSL;0655;+0200;1110;+0200;0;LH_2023-LH_2450
OSL;1020;+0200;1435;+0200;0;LH_77-LH_6230
OSL;1820;+0200;2235;+0200;0;KL_1862-KL_1151
OSL;1450;+0200;1910;+0200;0;LX_1019-LX_1216
OSL;1800;+0200;2220;+0200;0;LX_3637-LX_4710
OSL;1205;+0200;1635;+0200;0;SK_3690-SK_875
OSL;1745;+0200;2215;+0200;0;SK_3642-SK_897
OSL;0830;+0200;1305;+0200;0;LH_75-LH_860
OSL;1010;+0200;1445;+0200;0;SK_1630-SK_458
OSL;1045;+0200;1520;+0200;0;LH_2005-LH_6170
OSL;1150;+0200;1625;+0200;0;AY_704-AY_659
OSL;1250;+0200;1725;+0200;0;LH_2009-LH_2454
OSL;0625;+0200;1105;+0200;0;KL_1852-KL_1143
OSL;0650;+0200;1130;+0200;0;SK_620-SK_1454
OSL;0725;+0200;1205;+0200;0;AF_1107-AF_2074
OSL;1435;+0200;1915;+0200;0;LH_81-LH_6280
OSL;1905;+0200;2345;+0200;0;LH_87-LH_864
OSL;0720;+0200;1205;+0200;0;AF_1107-AF_2074
OSL;1045;+0200;1530;+0200;0;LH_2708-LH_2958
OSL;1625;+0200;2110;+0200;0;AF_1907-AF_1274
OSL;0615;+0200;1110;+0200;0;LH_2027-LH_2450
OSL;1320;+0200;1820;+0200;0;AF_1607-AF_2374
OSL;1855;+0200;2355;+0200;0;LH_6214-LH_6236
OSL;1855;+0200;2355;+0200;0;SK_628-SK_1474
OSL;0820;+0200;1325;+0200;0;KL_1854-KL_1145
OSL;1755;+0200;2300;+0200;0;OS_7246-OS_331
OSL;0820;+0200;1330;+0200;0;KL_1854-KL_1217
OSL;1110;+0200;1620;+0200;0;BD_3252-BD_3786
OSL;1400;+0200;1910;+0200;0;LX_3635-LX_1216
OSL;1605;+0200;2115;+0200;0;SK_1622-SK_1478
OSL;1605;+0200;2115;+0200;0;LH_6212-LH_6072
OSL;1630;+0200;2140;+0200;0;LH_2013-LH_2456
OSL;1750;+0200;2300;+0200;0;OS_7246-OS_331
OSL;1010;+0200;1525;+0200;0;SK_1630-SK_1458
OSL;1010;+0200;1525;+0200;0;LH_6210-LH_6096
OSL;1325;+0200;1840;+0200;0;LH_6042-LH_6234
OSL;1325;+0200;1840;+0200;0;SK_626-SK_3052
OSL;1325;+0200;1840;+0200;0;SK_626-SK_462
OSL;1045;+0200;1610;+0200;0;BA_937-BA_766
OSL;1655;+0200;2220;+0200;0;LX_3641-LX_4710
OSL;1010;+0200;1540;+0200;0;SK_1630-SK_3174
OSL;1400;+0200;1930;+0200;0;LH_2710-LH_2960
OSL;1045;+0200;1620;+0200;0;AA_6364-AA_6629
OSL;0950;+0200;1530;+0200;0;LH_2706-LH_2958
OSL;1205;+0200;1745;+0200;0;SK_3690-SK_499
OSL;1645;+0200;2225;+0200;0;JL_7700-JL_7711
OSL;1645;+0200;2225;+0200;0;BA_941-BA_770
OSL;0710;+0200;1255;+0200;0;OS_7250-OS_335
OSL;1800;+0200;2345;+0200;0;LH_85-LH_864
OSL;1800;+0200;2345;+0200;0;BD_3315-BD_2928
OSL;0925;+0200;1520;+0200;0;LH_2003-LH_6170
OSL;1325;+0200;1920;+0200;0;SK_626-SK_1470
OSL;1705;+0200;2300;+0200;0;OS_7248-OS_331
OSL;0820;+0200;1420;+0200;0;AB_6438-AB_8242
OSL;1605;+0200;2205;+0200;0;SK_1622-SK_3036
OSL;1640;+0200;2240;+0200;0;BD_3242-BD_3776
OSL;0830;+0200;1435;+0200;0;LH_75-LH_6230
OSL;0650;+0200;1305;+0200;0;SK_620-SK_1456
OSL;0650;+0200;1305;+0200;0;LH_6206-LH_6172
OSL;1400;+0200;2015;+0200;0;BT_232-BT_153
OSL;1645;+0200;2300;+0200;0;AB_6446-AB_8244
GVA;0645;+0200;0805;+0200;0;LH_3160
GVA;0650;+0200;0810;+0200;0;LX_3711
GVA;1020;+0200;1140;+0200;0;LH_3158
GVA;1125;+0200;1245;+0200;0;LX_3693
GVA;1355;+0200;1515;+0200;0;LH_3162
GVA;1440;+0200;1600;+0200;0;LX_3697
GVA;1745;+0200;1905;+0200;0;LX_3695
GVA;1745;+0200;1910;+0200;0;LH_3164
GVA;1020;+0200;1300;+0200;0;LH_77-LH_1216
GVA;1450;+0200;1740;+0200;0;LH_5796-LH_5862
GVA;1450;+0200;1740;+0200;0;LX_1019-LX_2808
GVA;0925;+0200;1220;+0200;0;LH_2003-LH_2382
GVA;0720;+0200;1025;+0200;0;LX_3633-LX_2804
GVA;0720;+0200;1025;+0200;0;LH_3134-LH_5858
GVA;0955;+0200;1305;+0200;0;LH_5794-LH_5870
GVA;0955;+0200;1305;+0200;0;LX_1017-LX_2824
GVA;1055;+0200;1410;+0200;0;AF_1307-AF_2142
GVA;1625;+0200;1940;+0200;0;AF_1907-AF_1042
GVA;1050;+0200;1410;+0200;0;AF_1307-AF_2142
GVA;1435;+0200;1755;+0200;0;LH_81-LH_1222
GVA;1500;+0200;1825;+0200;0;LH_2011-LH_2386
GVA;1800;+0200;2125;+0200;0;LX_3637-LX_2816
GVA;1800;+0200;2125;+0200;0;LH_3140-LH_5866
GVA;1820;+0200;2145;+0200;0;KL_1862-KL_1937
GVA;1905;+0200;2230;+0200;0;LH_87-LH_1228
GVA;1900;+0200;2230;+0200;0;LH_2017-LH_2390
GVA;1950;+0200;2320;+0200;0;LH_5798-LH_5868
GVA;1950;+0200;2320;+0200;0;LX_1027-LX_2818
GVA;0845;+0200;1220;+0200;0;LH_2001-LH_2382
GVA;1250;+0200;1625;+0200;0;LH_2009-LH_2384
GVA;1450;+0200;1825;+0200;0;LH_5796-LH_5864
GVA;1450;+0200;1825;+0200;0;LX_1019-LX_2810
GVA;0645;+0200;1025;+0200;0;LX_1029-LX_2804
GVA;0645;+0200;1025;+0200;0;LH_5792-LH_5858
GVA;1400;+0200;1740;+0200;0;LX_3635-LX_2808
GVA;0725;+0200;1110;+0200;0;AF_1107-AF_1842
GVA;1630;+0200;2015;+0200;0;LH_2013-LH_2388
GVA;0720;+0200;1110;+0200;0;AF_1107-AF_1842
GVA;0725;+0200;1115;+0200;0;AF_1107-AF_1842
GVA;1305;+0200;1655;+0200;0;OS_7244-OS_581
GVA;1320;+0200;1710;+0200;0;AF_1607-AF_2442
GVA;0650;+0200;1045;+0200;0;SK_620-SK_613
GVA;0720;+0200;1115;+0200;0;AF_1107-AF_1842
GVA;1225;+0200;1620;+0200;0;KL_1856-KL_1931
GVA;1320;+0200;1715;+0200;0;AF_1607-AF_2442
GVA;1440;+0200;1835;+0200;0;KL_1858-KL_1933
GVA;1020;+0200;1420;+0200;0;LH_77-LH_1218
GVA;0650;+0200;1055;+0200;0;SK_620-SK_613
GVA;0955;+0200;1400;+0200;0;LH_5794-LH_5860
GVA;0955;+0200;1400;+0200;0;LX_1017-LX_2806
GVA;1250;+0200;1655;+0200;0;OS_7244-OS_581
GVA;1335;+0200;1740;+0200;0;LH_3136-LH_5862
GVA;1520;+0200;1925;+0200;0;LH_2712-LH_3168
GVA;0605;+0200;1015;+0200;0;LH_73-LH_1214
GVA;1725;+0200;2145;+0200;0;AF_2207-AF_1242
GVA;1330;+0200;1755;+0200;0;BA_939-BA_734
GVA;1400;+0200;1825;+0200;0;LX_3635-LX_2810
GVA;1755;+0200;2220;+0200;0;OS_7246-OS_577
GVA;0830;+0200;1300;+0200;0;LH_75-LH_1216
GVA;1330;+0200;1800;+0200;0;AA_6513-AA_6344
GVA;1655;+0200;2125;+0200;0;LH_3138-LH_5866
GVA;1655;+0200;2125;+0200;0;LX_3641-LX_2816
GVA;1750;+0200;2220;+0200;0;OS_7246-OS_577
GVA;1800;+0200;2230;+0200;0;LH_85-LH_1228
GVA;0625;+0200;1100;+0200;0;KL_1852-KL_1927
GVA;0700;+0200;1135;+0200;0;BD_3250-BD_6773
GVA;1805;+0200;2240;+0200;0;BA_943-BA_738
MAN;0645;+0200;0715;+0100;0;BD_3690
MAN;0645;+0200;0715;+0100;0;LH_3428
MAN;1150;+0200;1220;+0100;0;BD_3684
MAN;1150;+0200;1220;+0100;0;LH_3432
MAN;1555;+0200;1625;+0100;0;LH_3430
MAN;1555;+0200;1625;+0100;0;BD_3692
MAN;1845;+0200;1915;+0100;0;BD_3696
MAN;1845;+0200;1915;+0100;0;LH_3434
MAN;0625;+0200;0820;+0100;0;KL_1852-KL_1073
MAN;0820;+0200;1020;+0100;0;KL_1854-KL_1081
MAN;1440;+0200;1655;+0100;0;KL_1858-KL_1093
MAN;1055;+0200;1325;+0100;0;AF_1307-AF_2268
MAN;1625;+0200;1855;+0100;0;AF_1907-AF_1168
MAN;1050;+0200;1325;+0100;0;AF_1307-AF_2268
MAN;0715;+0200;0955;+0100;0;BA_935-BA_1386
MAN;1225;+0200;1505;+0100;0;KL_1856-KL_1087
MAN;1055;+0200;1340;+0100;0;AF_1307-AF_2268
MAN;0730;+0200;1020;+0100;0;LH_2025-LH_2500
MAN;1050;+0200;1340;+0100;0;AF_1307-AF_2268
MAN;1830;+0200;2125;+0100;0;LH_3386-LH_6566
MAN;1830;+0200;2125;+0100;0;BD_3238-BD_592
MAN;1435;+0200;1735;+0100;0;LH_81-LH_946
MAN;1435;+0200;1735;+0100;0;BD_3311-BD_3366
MAN;0955;+0200;1305;+0100;0;LX_1017-LX_394
MAN;1330;+0200;1640;+0100;0;BA_939-BA_1396
MAN;1820;+0200;2135;+0100;0;KL_1862-KL_1097
MAN;1450;+0200;1810;+0100;0;LX_1019-LX_380
MAN;0655;+0200;1020;+0100;0;LH_2023-LH_2500
MAN;1045;+0200;1410;+0100;0;LH_2708-LH_3440
MAN;1045;+0200;1410;+0100;0;BD_2976-BD_3374
MAN;1520;+0200;1850;+0100;0;LH_2712-LH_3438
MAN;1900;+0200;2235;+0100;0;LH_2017-LH_2504
MAN;1250;+0200;1630;+0100;0;LH_2009-LH_2502
MAN;1905;+0200;2245;+0100;0;LH_87-LH_948
MAN;0720;+0200;1110;+0100;0;LH_2750-LH_3426
MAN;0830;+0200;1220;+0100;0;LH_75-LH_942
MAN;1045;+0200;1435;+0100;0;BA_937-BA_1394
MAN;0625;+0200;1020;+0100;0;KL_1852-KL_1081
MAN;1805;+0200;2200;+0100;0;BA_943-BA_1404
MAN;0740;+0200;1140;+0100;0;LX_3901-LX_4430
MAN;0615;+0200;1020;+0100;0;LH_2027-LH_2500
MAN;0820;+0200;1225;+0100;0;KL_1854-KL_1083
MAN;1400;+0200;1810;+0100;0;LX_3635-LX_380
MAN;1125;+0200;1540;+0100;0;BD_3648-BD_1592
MAN;1125;+0200;1540;+0100;0;LH_3472-LH_6656
MAN;0950;+0200;1410;+0100;0;LH_2706-LH_3440
MAN;1225;+0200;1655;+0100;0;KL_1856-KL_1093
LYS;0710;+0200;0835;+0200;0;LH_3264
LYS;0735;+0200;0900;+0200;0;LH_3264
LYS;1830;+0200;1955;+0200;0;LH_3268
LYS;2025;+0200;2150;+0200;0;LH_3270
LYS;0625;+0200;0755;+0200;0;AF_5877
LYS;1300;+0200;1430;+0200;0;AF_5875
LYS;1730;+0200;1900;+0200;0;AF_5879
LYS;0720;+0200;1005;+0200;0;LX_3633-LX_530
LYS;1905;+0200;2220;+0200;0;LH_87-LH_1082
LYS;0645;+0200;1005;+0200;0;LX_1029-LX_530
LYS;0725;+0200;1045;+0200;0;AF_1107-AF_7652
LYS;1450;+0200;1810;+0200;0;LX_1019-LX_536
LYS;0720;+0200;1045;+0200;0;AF_1107-AF_7652
LYS;1225;+0200;1550;+0200;0;KL_1856-KL_2031
LYS;1055;+0200;1425;+0200;0;AF_1307-AF_7644
LYS;1500;+0200;1830;+0200;0;LH_2011-LH_2252
LYS;1800;+0200;2130;+0200;0;LX_3637-LX_538
LYS;0845;+0200;1220;+0200;0;LH_2001-LH_2248
LYS;1050;+0200;1425;+0200;0;AF_1307-AF_7644
LYS;1435;+0200;1810;+0200;0;LH_81-LH_1078
LYS;0605;+0200;0950;+0200;0;LH_73-LH_1074
LYS;1625;+0200;2010;+0200;0;AF_1907-AF_7648
LYS;1900;+0200;2245;+0200;0;LH_2017-LH_2254
LYS;1250;+0200;1640;+0200;0;LH_2009-LH_2250
LYS;1320;+0200;1710;+0200;0;AF_1607-AF_7646
LYS;1820;+0200;2210;+0200;0;KL_1862-KL_2029
LYS;1020;+0200;1415;+0200;0;LH_77-LH_1076
LYS;0715;+0200;1115;+0200;0;BA_935-BA_360
LYS;0715;+0200;1115;+0200;0;QF_3450-QF_3531
LYS;0715;+0200;1115;+0200;0;AA_6503-AA_6714
LYS;0955;+0200;1400;+0200;0;LX_1017-LX_532
LYS;1400;+0200;1810;+0200;0;LX_3635-LX_536
LYS;1325;+0200;1740;+0200;0;SK_626-SK_1793
LYS;1800;+0200;2220;+0200;0;LH_85-LH_1082
LYS;1720;+0200;2150;+0200;0;AF_3253-AF_7845
LYS;1655;+0200;2130;+0200;0;LX_3641-LX_538
LYS;0730;+0200;1220;+0200;0;LH_2025-LH_2248
LYS;0625;+0200;1120;+0200;0;KL_1852-KL_2025
LYS;1330;+0200;1835;+0200;0;BA_939-BA_362
LYS;1330;+0200;1835;+0200;0;AA_6513-AA_6616
LYS;1735;+0200;2245;+0200;0;LH_2015-LH_2254
LYS;1805;+0200;2315;+0200;0;BA_943-BA_364
LYS;1725;+0200;2240;+0200;0;AF_2207-AF_7650
LYS;0655;+0200;1220;+0200;0;LH_2023-LH_2248
LYS;1325;+0200;1855;+0200;0;AF_4311-AF_7827
LYS;1320;+0200;1855;+0200;0;AF_4311-AF_7827
LYS;1250;+0200;1830;+0200;0;LH_2009-LH_2252
LYS;0830;+0200;1415;+0200;0;LH_75-LH_1076
LYS;0750;+0200;1340;+0200;0;IB_3597-IB_8710
LYS;1045;+0200;1640;+0200;0;LH_2005-LH_2250
TLS;1720;+0200;1910;+0200;0;AF_3253
TLS;0625;+0200;0930;+0200;0;AF_5877-AF_7840
TLS;1300;+0200;1615;+0200;0;AF_5875-AF_7850
TLS;1625;+0200;1950;+0200;0;AF_1907-AF_7788
TLS;0725;+0200;1055;+0200;0;AF_1107-AF_7782
TLS;1435;+0200;1805;+0200;0;BD_3311-BD_2938
TLS;1435;+0200;1805;+0200;0;LH_81-LH_1098
TLS;1730;+0200;2100;+0200;0;AF_5879-AF_7844
TLS;0605;+0200;0940;+0200;0;LH_73-LH_1094
TLS;0720;+0200;1055;+0200;0;AF_1107-AF_7782
TLS;1055;+0200;1435;+0200;0;AF_1307-AF_7794
TLS;1050;+0200;1435;+0200;0;AF_1307-AF_7794
TLS;1020;+0200;1410;+0200;0;LH_77-LH_1096
TLS;1900;+0200;2250;+0200;0;LH_2017-LH_2222
TLS;0655;+0200;1050;+0200;0;LH_2023-LH_2214
TLS;1320;+0200;1715;+0200;0;AF_1607-AF_7786
TLS;1225;+0200;1625;+0200;0;KL_1856-KL_1311
TLS;1820;+0200;2220;+0200;0;KL_1862-KL_1313
TLS;1045;+0200;1450;+0200;0;LH_2005-LH_2216
TLS;1630;+0200;2050;+0200;0;LH_2013-LH_2220
TLS;1805;+0200;2225;+0200;0;BA_943-BA_376
TLS;0615;+0200;1050;+0200;0;LH_2027-LH_2214
TLS;1250;+0200;1725;+0200;0;LH_2009-LH_2218
TLS;1325;+0200;1805;+0200;0;AF_4311-AF_5595
TLS;1905;+0200;2345;+0200;0;LH_87-LH_1100
TLS;1320;+0200;1805;+0200;0;AF_4311-AF_5595
TLS;1805;+0200;2300;+0200;0;BA_943-BA_376
TLS;1725;+0200;2235;+0200;0;AF_2207-AF_7792
TLS;1735;+0200;2250;+0200;0;LH_2015-LH_2222
TLS;0625;+0200;1150;+0200;0;KL_1852-KL_1303
TLS;0925;+0200;1450;+0200;0;LH_2003-LH_2216
TLS;1320;+0200;1845;+0200;0;AF_1607-AF_6146
TLS;0725;+0200;1300;+0200;0;AF_1107-AF_6118
TLS;1055;+0200;1630;+0200;0;AF_1307-AF_6154
TLS;1625;+0200;2200;+0200;0;AF_1907-AF_6148
TLS;0720;+0200;1300;+0200;0;AF_1107-AF_6118
TLS;0830;+0200;1410;+0200;0;LH_75-LH_1096
TLS;1050;+0200;1630;+0200;0;AF_1307-AF_6154
TLS;1320;+0200;1900;+0200;0;AF_1607-AF_6136
TLS;1645;+0200;2225;+0200;0;BA_941-BA_376
TLS;1200;+0200;1745;+0200;0;LH_79-LH_1098
TLS;1800;+0200;2345;+0200;0;BD_3315-BD_2934
TLS;1800;+0200;2345;+0200;0;LH_85-LH_1100
TLS;1055;+0200;1645;+0200;0;AF_1307-AF_6128
TLS;1500;+0200;2050;+0200;0;LH_2011-LH_2220
TLS;1050;+0200;1645;+0200;0;AF_1307-AF_6128
TLS;0845;+0200;1450;+0200;0;LH_2001-LH_2216
TLS;1200;+0200;1805;+0200;0;LH_79-LH_1098
TLS;1200;+0200;1805;+0200;0;BD_3319-BD_2938
TLS;1320;+0200;1930;+0200;0;AF_1607-AF_6138
TLS;1625;+0200;2235;+0200;0;AF_1907-AF_7792
TLS;1645;+0200;2300;+0200;0;BA_941-BA_376
TLS;1645;+0200;2300;+0200;0;AA_6515-AA_6273
TLS;1055;+0200;1715;+0200;0;AF_1307-AF_6156
TLS;1055;+0200;1715;+0200;0;AF_1307-AF_7786
TLS;1210;+0200;1830;+0200;0;IB_3523-IB_8770
TLS;1300;+0200;1920;+0200;0;AF_5875-AF_7842
TLS;1630;+0200;2250;+0200;0;LH_2013-LH_2222
TLS;1050;+0200;1715;+0200;0;AF_1307-AF_6156
TLS;1050;+0200;1715;+0200;0;AF_1307-AF_7786
TLS;1045;+0200;1715;+0200;0;BA_937-BA_374
TLS;1045;+0200;1715;+0200;0;AA_6364-AA_6271
TLS;1320;+0200;1950;+0200;0;AF_1607-AF_7788
TLS;1055;+0200;1730;+0200;0;AF_1307-AF_6130
TLS;1045;+0200;1725;+0200;0;LH_2005-LH_2218
TLS;1050;+0200;1730;+0200;0;AF_1307-AF_6130
TLS;1320;+0200;2000;+0200;0;AF_1607-AF_6140
TLS;1300;+0200;1945;+0200;0;AF_5875-AF_7848
AMS;0625;+0200;0720;+0200;0;KL_1852
AMS;1225;+0200;1320;+0200;0;KL_1856
AMS;1440;+0200;1535;+0200;0;KL_1858
AMS;1820;+0200;1915;+0200;0;KL_1862
AMS;0820;+0200;0920;+0200;0;KL_1854
AMS;0605;+0200;0900;+0200;0;LH_73-LH_986
AMS;1905;+0200;2215;+0200;0;LH_87-LH_1002
AMS;1435;+0200;1750;+0200;0;LH_81-LH_996
AMS;1625;+0200;1940;+0200;0;AF_1907-AF_2240
AMS;0925;+0200;1245;+0200;0;LH_2003-LH_2304
AMS;1325;+0200;1645;+0200;0;SK_626-SK_1549
AMS;1900;+0200;2220;+0200;0;LH_2017-LH_2312
AMS;1500;+0200;1830;+0200;0;LH_2011-LH_2308
AMS;1605;+0200;1935;+0200;0;SK_1622-SK_553
AMS;0655;+0200;1030;+0200;0;LH_2023-LH_2302
AMS;0725;+0200;1100;+0200;0;AF_1107-AF_8228
AMS;0720;+0200;1100;+0200;0;AF_1107-AF_8228
AMS;1020;+0200;1415;+0200;0;LH_77-LH_992
AMS;1250;+0200;1645;+0200;0;LH_2009-LH_2306
AMS;1625;+0200;2020;+0200;0;AF_1907-AF_8240
AMS;0845;+0200;1245;+0200;0;LH_2001-LH_2304
AMS;1755;+0200;2155;+0200;0;OS_7246-OS_377
AMS;0605;+0200;1010;+0200;0;LH_73-LH_988
AMS;0830;+0200;1235;+0200;0;LH_75-LH_990
AMS;1630;+0200;2035;+0200;0;LH_2013-LH_2310
AMS;1750;+0200;2155;+0200;0;OS_7246-OS_377
AMS;1805;+0200;2210;+0200;0;BA_943-BA_444
AMS;1250;+0200;1700;+0200;0;OS_7244-OS_373
AMS;1800;+0200;2210;+0200;0;LX_3637-LX_736
AMS;0615;+0200;1030;+0200;0;LH_2027-LH_2302
AMS;0725;+0200;1140;+0200;0;AF_1107-AF_8230
AMS;1320;+0200;1735;+0200;0;AF_1607-AF_2040
AMS;1450;+0200;1905;+0200;0;LX_1019-LX_734
AMS;1725;+0200;2140;+0200;0;AF_2207-AF_8242
AMS;1800;+0200;2215;+0200;0;LH_85-LH_1002
AMS;0720;+0200;1140;+0200;0;AF_1107-AF_8230
AMS;0905;+0200;1325;+0200;0;KE_7620-KE_7603
AMS;0955;+0200;1415;+0200;0;LX_1017-LX_728
AMS;1520;+0200;1940;+0200;0;LH_2712-LH_3338
FRA;0605;+0200;0700;+0200;0;BD_3313
FRA;0605;+0200;0700;+0200;0;LH_73
FRA;0830;+0200;0925;+0200;0;LH_75
FRA;1020;+0200;1115;+0200;0;LH_77
FRA;1200;+0200;1255;+0200;0;BD_3319
FRA;1200;+0200;1255;+0200;0;LH_79
FRA;1435;+0200;1530;+0200;0;LH_81
FRA;1800;+0200;1855;+0200;0;BD_3315
FRA;1800;+0200;1855;+0200;0;NH_6064
FRA;1800;+0200;1855;+0200;0;LH_85
FRA;1905;+0200;2000;+0200;0;LH_87
FRA;2115;+0200;2210;+0200;0;AI_8844
FRA;2115;+0200;2210;+0200;0;LH_89
FRA;1435;+0200;1535;+0200;0;BD_3311
FRA;2105;+0200;2205;+0200;0;LH_89
FRA;1821;+0200;1842;+0200;0;QF_3942
FRA;1844;+0200;1948;+0200;0;QF_3942
FRA;1850;+0200;2120;+0200;0;LH_2758-LH_139
FRA;1045;+0200;1330;+0200;0;LH_2708-LH_15
FRA;1500;+0200;1745;+0200;0;LH_2011-LH_117
FRA;1520;+0200;1805;+0200;0;LH_2712-LH_21
FRA;1550;+0200;1835;+0200;0;LH_2738-LH_193
FRA;0730;+0200;1020;+0200;0;LH_2025-LH_105
FRA;1045;+0200;1335;+0200;0;LH_2708-LH_15
FRA;1155;+0200;1445;+0200;0;LH_2734-LH_187
FRA;0720;+0200;1015;+0200;0;LH_3134-LH_1185
FRA;0720;+0200;1015;+0200;0;LX_3633-LX_3600
FRA;0645;+0200;0945;+0200;0;LH_2766-LH_209
FRA;0830;+0200;1130;+0200;0;LH_2730-LH_181
FRA;1645;+0200;1945;+0200;0;AB_6446-AB_6565
FRA;0815;+0200;1120;+0200;0;LH_2704-LH_11
FRA;0840;+0200;1145;+0200;0;LH_6432-LH_1251
FRA;1505;+0200;1810;+0200;0;AB_6444-AB_6563
FRA;1505;+0200;1810;+0200;0;AB_6444-AB_6559
FRA;1510;+0200;1815;+0200;0;LH_2790-LH_151
FRA;1700;+0200;2005;+0200;0;LH_2740-LH_197
FRA;1800;+0200;2105;+0200;0;LH_3140-LH_1199
FRA;1800;+0200;2105;+0200;0;LX_3637-LX_3610
FRA;1900;+0200;2205;+0200;0;LH_2017-LH_125
FRA;0640;+0200;0950;+0200;0;LH_2700-LH_7
FRA;0640;+0200;0950;+0200;0;LH_2726-LH_177
FRA;0845;+0200;1155;+0200;0;LH_2001-LH_109
FRA;1440;+0200;1750;+0200;0;KL_1858-KL_1773
FRA;1655;+0200;2005;+0200;0;LH_3138-LH_5779
FRA;1655;+0200;2005;+0200;0;LX_3641-LX_1076
FRA;1725;+0200;2035;+0200;0;LH_2714-LH_27
FRA;1920;+0200;2230;+0200;0;LH_2742-LH_203
FRA;0615;+0200;0930;+0200;0;LH_2027-LH_103
FRA;1725;+0200;2040;+0200;0;LH_2714-LH_27
FRA;0715;+0200;1035;+0200;0;LH_2702-LH_9
FRA;0845;+0200;1205;+0200;0;LH_2768-LH_211
FRA;0925;+0200;1245;+0200;0;LH_2003-LH_111
FRA;0955;+0200;1315;+0200;0;LH_2732-LH_185
FRA;1230;+0200;1550;+0200;0;LH_2736-LH_189
FRA;1250;+0200;1610;+0200;0;LH_2009-LH_115
FRA;1625;+0200;1945;+0200;0;AF_1907-AF_2418
FRA;1910;+0200;2230;+0200;0;LH_2742-LH_203
FRA;0655;+0200;1020;+0200;0;LH_2023-LH_105
FRA;0720;+0200;1045;+0200;0;LH_2728-LH_179
FRA;0720;+0200;1045;+0200;0;LH_2750-LH_131
FRA;1630;+0200;1955;+0200;0;LH_2013-LH_121
FRA;0645;+0200;1015;+0200;0;LX_1029-LX_3600
FRA;0645;+0200;1015;+0200;0;LH_5792-LH_1185
FRA;0735;+0200;1105;+0200;0;LH_3050-LH_1393
FRA;1210;+0200;1540;+0200;0;LH_3212-LH_327
FRA;1310;+0200;1640;+0200;0;AB_8136-AB_8774
FRA;1320;+0200;1650;+0200;0;AF_1607-AF_2118
FRA;1400;+0200;1730;+0200;0;LX_3635-LX_1074
FRA;1735;+0200;2105;+0200;0;LH_2015-LH_123
FRA;1850;+0200;2220;+0200;0;LH_2716-LH_29
NTE;0725;+0200;1040;+0200;0;AF_1107-AF_7720
NTE;0720;+0200;1040;+0200;0;AF_1107-AF_7720
NTE;1300;+0200;1630;+0200;0;AF_5875-AF_5863
NTE;1225;+0200;1600;+0200;0;KL_1856-KL_2049
NTE;0625;+0200;1005;+0200;0;AF_5877-AF_5861
NTE;1730;+0200;2125;+0200;0;AF_5879-AF_5869
NTE;1820;+0200;2215;+0200;0;KL_1862-KL_2035
NTE;1320;+0200;1720;+0200;0;AF_1607-AF_7730
NTE;1720;+0200;2130;+0200;0;AF_3253-AF_5652
NTE;0625;+0200;1045;+0200;0;KL_1852-KL_2033
NTE;1725;+0200;2145;+0200;0;AF_2207-AF_7728
NTE;1325;+0200;1805;+0200;0;AF_4311-AF_5762
NTE;1320;+0200;1805;+0200;0;AF_4311-AF_5762
NTE;1720;+0200;2205;+0200;0;AF_3253-AF_7862
NTE;1300;+0200;1800;+0200;0;AF_5875-AF_5865
NTE;1625;+0200;2145;+0200;0;AF_1907-AF_7728
NTE;1200;+0200;1800;+0200;0;TU_547-TU_810
NTE;1625;+0200;2225;+0200;0;AF_1907-AF_7388
NTE;0725;+0200;1340;+0200;0;AF_1107-AF_7724
NTE;0720;+0200;1340;+0200;0;AF_1107-AF_7724
NTE;1055;+0200;1720;+0200;0;AF_1307-AF_7730
NTE;1050;+0200;1720;+0200;0;AF_1307-AF_7730
NTE;1300;+0200;2010;+0200;0;AF_5875-AF_5867
NTE;0725;+0200;1445;+0200;0;AF_1107-AF_7386
NTE;1235;+0200;1955;+0200;0;TU_539-TU_480
NTE;0720;+0200;1445;+0200;0;AF_1107-AF_7386
NTE;1440;+0200;2215;+0200;0;KL_1858-KL_2035
NTE;0820;+0200;1600;+0200;0;KL_1854-KL_2049
NTE;1325;+0200;2110;+0200;0;AF_4311-AF_7612
NTE;1320;+0200;2110;+0200;0;AF_4311-AF_7612
NTE;1300;+0200;2125;+0200;0;AF_5875-AF_5869
NTE;1320;+0200;2145;+0200;0;AF_1607-AF_7728
NTE;1325;+0200;2210;+0200;0;AF_4311-AF_5764
NTE;1320;+0200;2210;+0200;0;AF_4311-AF_5764
NTE;1320;+0200;2225;+0200;0;AF_1607-AF_7388
NTE;1625;+0200;2130;+0200;0;AF_1907-AF_7788-AF_5652
NTE;1055;+0200;1630;+0200;0;AF_1307-AF_7644-AF_5863
NTE;1050;+0200;1630;+0200;0;AF_1307-AF_7644-AF_5863
NTE;1625;+0200;2205;+0200;0;AF_1907-AF_7788-AF_7862
NTE;0725;+0200;1325;+0200;0;AF_1107-AF_7622-AF_3203
NTE;0720;+0200;1325;+0200;0;AF_1107-AF_7622-AF_3203
NTE;1320;+0200;1940;+0200;0;AF_1607-AF_7634-AF_3207
NTE;0725;+0200;1400;+0200;0;AF_1107-AF_7662-AF_5766
NTE;0720;+0200;1400;+0200;0;AF_1107-AF_7662-AF_5766
NTE;1320;+0200;2010;+0200;0;AF_1607-AF_7646-AF_5867
NTE;1055;+0200;1800;+0200;0;AF_1307-AF_7644-AF_5865
NTE;1440;+0200;2145;+0200;0;KL_1858-KL_1245-KL_2314
NTE;1440;+0200;2145;+0200;0;KL_1858-KL_1243-KL_2314
NTE;1050;+0200;1800;+0200;0;AF_1307-AF_7644-AF_5865
NTE;1055;+0200;1805;+0200;0;AF_1307-AF_7664-AF_5762
NTE;0625;+0200;1340;+0200;0;KL_1852-KL_2003-KL_2310
NTE;0625;+0200;1340;+0200;0;AF_5877-AF_7653-AF_7724
NTE;0625;+0200;1340;+0200;0;KL_1852-KL_1229-KL_2310
NTE;1050;+0200;1805;+0200;0;AF_1307-AF_7664-AF_5762
NTE;1055;+0200;1815;+0200;0;AF_1307-AF_6154-AF_5650
NTE;1055;+0200;1815;+0200;0;AF_1307-AF_7794-AF_5650
NTE;1055;+0200;1815;+0200;0;AF_1307-AF_6128-AF_5650
NTE;1050;+0200;1815;+0200;0;AF_1307-AF_6154-AF_5650
NTE;1050;+0200;1815;+0200;0;AF_1307-AF_7794-AF_5650
NTE;1050;+0200;1815;+0200;0;AF_1307-AF_6128-AF_5650
NTE;1320;+0200;2110;+0200;0;AF_1607-AF_7666-AF_7612
NTE;1320;+0200;2125;+0200;0;AF_1607-AF_7646-AF_5869
NTE;1320;+0200;2130;+0200;0;AF_1607-AF_6136-AF_5652
NTE;1320;+0200;2130;+0200;0;AF_1607-AF_7786-AF_5652
NTE;1320;+0200;2130;+0200;0;AF_1607-AF_7788-AF_5652
NTE;1320;+0200;2130;+0200;0;AF_1607-AF_6138-AF_5652
NTE;1320;+0200;2130;+0200;0;AF_1607-AF_6146-AF_5652
NTE;1320;+0200;2130;+0200;0;AF_1607-AF_6140-AF_5652
NTE;0625;+0200;1445;+0200;0;AF_5877-AF_7417-AF_7386
NTE;1055;+0200;1940;+0200;0;AF_1307-AF_7624-AF_3207
NTE;1055;+0200;1940;+0200;0;AF_1307-AF_6264-AF_3207
NTE;1055;+0200;1940;+0200;0;AF_1307-AF_7634-AF_3207
NTE;1055;+0200;1940;+0200;0;AF_1307-AF_6262-AF_3207
NTE;1055;+0200;1940;+0200;0;AF_1307-AF_6266-AF_3207
NTE;1300;+0200;2145;+0200;0;AF_5875-AF_7645-AF_7728
NTE;1320;+0200;2205;+0200;0;AF_1607-AF_6142-AF_7862
NTE;1320;+0200;2205;+0200;0;AF_1607-AF_6136-AF_7862
NTE;1320;+0200;2205;+0200;0;AF_1607-AF_6146-AF_7862
NTE;1320;+0200;2205;+0200;0;AF_1607-AF_6138-AF_7862
NTE;1320;+0200;2205;+0200;0;AF_1607-AF_6140-AF_7862
NTE;1320;+0200;2205;+0200;0;AF_1607-AF_7788-AF_7862
NTE;1320;+0200;2205;+0200;0;AF_1607-AF_7786-AF_7862
NTE;1050;+0200;1940;+0200;0;AF_1307-AF_7634-AF_3207
NTE;1050;+0200;1940;+0200;0;AF_1307-AF_7624-AF_3207
NTE;1050;+0200;1940;+0200;0;AF_1307-AF_6266-AF_3207
NTE;1050;+0200;1940;+0200;0;AF_1307-AF_6264-AF_3207
NTE;1050;+0200;1940;+0200;0;AF_1307-AF_6262-AF_3207
NTE;1320;+0200;2210;+0200;0;AF_1607-AF_6038-AF_5764
NTE;1320;+0200;2210;+0200;0;AF_1607-AF_7666-AF_5764
NTE;0820;+0200;1720;+0200;0;KL_1854-KL_1233-KL_2312
NTE;0820;+0200;1720;+0200;0;KL_1854-KL_2009-KL_2312
NTE;0820;+0200;1720;+0200;0;KL_1854-KL_2007-KL_2312
NTE;1325;+0200;2225;+0200;0;AF_4311-AF_6047-AF_7388
NTE;1325;+0200;2225;+0200;0;AF_4311-AF_6043-AF_7388
NTE;1325;+0200;2225;+0200;0;AF_4311-AF_6045-AF_7388
NTE;1325;+0200;2225;+0200;0;AF_4311-AF_6039-AF_7388
NTE;0725;+0200;1630;+0200;0;AF_1107-AF_7414-AF_5863
NTE;0725;+0200;1630;+0200;0;AF_1107-AF_7644-AF_5863
NTE;0725;+0200;1630;+0200;0;AF_1107-AF_7652-AF_5863
NTE;1320;+0200;2225;+0200;0;AF_4311-AF_6043-AF_7388
NTE;1320;+0200;2225;+0200;0;AF_4311-AF_6047-AF_7388
NTE;1320;+0200;2225;+0200;0;AF_4311-AF_6039-AF_7388
NTE;1320;+0200;2225;+0200;0;AF_4311-AF_6045-AF_7388
NTE;0720;+0200;1630;+0200;0;AF_1107-AF_7414-AF_5863
NTE;0720;+0200;1630;+0200;0;AF_1107-AF_7644-AF_5863
NTE;0720;+0200;1630;+0200;0;AF_1107-AF_7652-AF_5863
NTE;1055;+0200;2010;+0200;0;AF_1307-AF_7644-AF_5867
NTE;1055;+0200;2010;+0200;0;AF_1307-AF_7646-AF_5867
BRU;0605;+0200;0840;+0200;0;LH_73-LH_1006
BRU;0950;+0200;1230;+0200;0;LH_2706-LH_5582
BRU;1815;+0200;2055;+0200;0;LX_3903-LX_766
BRU;0605;+0200;0850;+0200;0;LH_73-LH_1006
BRU;0950;+0200;1245;+0200;0;LH_2706-LH_5582
BRU;1435;+0200;1740;+0200;0;LH_81-LH_1016
BRU;1440;+0200;1745;+0200;0;KL_1858-KL_1731
BRU;0720;+0200;1030;+0200;0;LX_3633-LX_778
BRU;1905;+0200;2215;+0200;0;LH_87-LH_1024
BRU;0625;+0200;0940;+0200;0;AF_5877-AF_5402
BRU;0955;+0200;1310;+0200;0;BD_3486-BD_5322
BRU;0955;+0200;1310;+0200;0;LH_2732-LH_5564
BRU;1450;+0200;1805;+0200;0;LX_1019-LX_782
BRU;0845;+0200;1205;+0200;0;LH_2001-LH_2286
BRU;1155;+0200;1515;+0200;0;BD_3484-BD_5324
BRU;1155;+0200;1515;+0200;0;LH_2734-LH_5574
BRU;1700;+0200;2020;+0200;0;LH_2740-LH_5568
BRU;1500;+0200;1825;+0200;0;LH_2011-LH_2292
BRU;1655;+0200;2020;+0200;0;BD_3488-BD_5328
BRU;1700;+0200;2025;+0200;0;LH_2740-LH_5568
BRU;1055;+0200;1423;+0200;0;AF_1307-AF_7183
BRU;0655;+0200;1025;+0200;0;LH_2023-LH_2284
BRU;1400;+0200;1730;+0200;0;LH_2710-LH_5584
BRU;1050;+0200;1423;+0200;0;AF_1307-AF_7183
BRU;0640;+0200;1015;+0200;0;LH_2726-LH_5562
BRU;1800;+0200;2135;+0200;0;LX_3637-LX_770
BRU;1900;+0200;2235;+0200;0;TG_7837-TG_7854
BRU;1900;+0200;2235;+0200;0;LH_2017-LH_2296
BRU;1020;+0200;1400;+0200;0;LH_77-LH_1012
BRU;1045;+0200;1425;+0200;0;LH_2005-LH_2288
BRU;1545;+0200;1925;+0200;0;LH_2756-LH_3360
BRU;1605;+0200;1945;+0200;0;SK_1622-SK_597
BRU;1730;+0200;2110;+0200;0;AF_5879-AF_5406
BRU;0645;+0200;1030;+0200;0;LX_1029-LX_778
BRU;1250;+0200;1635;+0200;0;LH_2009-LH_2290
BRU;1425;+0200;1810;+0200;0;LH_3446-LH_5605
BRU;1425;+0200;1810;+0200;0;BD_3424-BD_5346
BRU;1820;+0200;2205;+0200;0;KL_1862-KL_1733
BRU;0715;+0200;1105;+0200;0;QF_3450-QF_3389
BRU;0715;+0200;1105;+0200;0;BA_935-BA_392
BRU;0715;+0200;1105;+0200;0;AA_6503-AA_6425
BRU;1305;+0200;1655;+0200;0;OS_7244-OS_353
BRU;1805;+0200;2155;+0200;0;BA_943-BA_404
BRU;1835;+0200;2225;+0200;0;BD_3416-BD_5348
BRU;0955;+0200;1350;+0200;0;LX_1017-LX_780
BRU;1520;+0200;1915;+0200;0;LH_2712-LH_5580
BRU;1045;+0200;1445;+0200;0;BA_937-BA_394
BRU;1435;+0200;1835;+0200;0;LH_81-LH_1018
BRU;1920;+0200;2320;+0200;0;LH_2742-LH_5570
BRU;1045;+0200;1450;+0200;0;AA_6364-AA_6427
BRU;1250;+0200;1655;+0200;0;OS_7244-OS_353
BRU;1400;+0200;1805;+0200;0;LX_3635-LX_782
BRU;1630;+0200;2035;+0200;0;LH_2013-LH_2294
BRU;0615;+0200;1025;+0200;0;LH_2027-LH_2284
BRU;1520;+0200;1930;+0200;0;LH_2712-LH_5580
BRU;1645;+0200;2055;+0200;0;BA_941-BA_400
BRU;1910;+0200;2320;+0200;0;LH_2742-LH_5570
BRU;0605;+0200;1020;+0200;0;LH_73-LH_1008
BRU;0815;+0200;1230;+0200;0;LH_2704-LH_5582
BRU;0830;+0200;1245;+0200;0;LH_75-LH_1010
BRU;0845;+0200;1300;+0200;0;LH_3180-LH_5695
BRU;1300;+0200;1715;+0200;0;AF_5875-AF_5404
BRU;1800;+0200;2215;+0200;0;LH_85-LH_1024
BRU;1625;+0200;2043;+0200;0;AF_1907-AF_7187
BRU;0625;+0200;1045;+0200;0;KL_1852-KL_1723
BRU;0710;+0200;1130;+0200;0;OS_7250-OS_8171
BRU;0845;+0200;1305;+0200;0;LH_3180-LH_5695
BRU;1150;+0200;1610;+0200;0;BD_3684-BD_5376
BRU;1450;+0200;1910;+0200;0;LX_1019-LX_788
BRU;1555;+0200;2015;+0200;0;BD_3692-BD_5378
BRU;1805;+0200;2225;+0200;0;BA_943-BA_404
BRU;0725;+0200;1155;+0200;0;AF_1107-AF_7179
BRU;0815;+0200;1245;+0200;0;LH_2704-LH_5582
BRU;1550;+0200;2020;+0200;0;LH_2738-LH_5568
BRU;1550;+0200;2020;+0200;0;BD_3488-BD_5328
BRU;1640;+0200;2110;+0200;0;BD_3242-BD_5436
BRU;0720;+0200;1155;+0200;0;AF_1107-AF_7179
BRU;0730;+0200;1205;+0200;0;LH_2025-LH_2286
BRU;1550;+0200;2025;+0200;0;LH_2738-LH_5568
BRU;1610;+0200;2045;+0200;0;LH_3182-LH_5699
BRU;0830;+0200;1310;+0200;0;LH_2730-LH_5564
BRU;1655;+0200;2135;+0200;0;LX_3641-LX_770
BRU;1710;+0200;2150;+0200;0;LO_5410-LO_231
BRU;1200;+0200;1645;+0200;0;LH_79-LH_1014
BRU;0645;+0200;1140;+0200;0;LO_5408-LO_5237
BRU;0925;+0200;1425;+0200;0;LH_2003-LH_2288
BRU;1735;+0200;2235;+0200;0;LH_2015-LH_2296
SXB;1440;+0200;1740;+0200;0;KL_1858-KL_2045
SXB;0625;+0200;0930;+0200;0;AF_5877-AF_5784
SXB;1820;+0200;2125;+0200;0;KL_1862-KL_2047
SXB;0725;+0200;1040;+0200;0;AF_1107-AF_7760
SXB;1055;+0200;1410;+0200;0;AF_1307-AF_7762
SXB;0720;+0200;1040;+0200;0;AF_1107-AF_7760
SXB;1050;+0200;1410;+0200;0;AF_1307-AF_7762
SXB;1730;+0200;2100;+0200;0;AF_5879-AF_5782
SXB;1300;+0200;1650;+0200;0;AF_5875-AF_5780
SXB;0625;+0200;1035;+0200;0;KL_1852-KL_2043
SXB;1720;+0200;2130;+0200;0;AF_3253-AF_7870
SXB;1725;+0200;2155;+0200;0;AF_2207-AF_7770
SXB;1320;+0200;1800;+0200;0;AF_1607-AF_7766
SXB;0605;+0200;1100;+0200;0;LH_73-LH_386
SXB;0830;+0200;1330;+0200;0;LH_75-LH_388
SXB;1800;+0200;2300;+0200;0;LH_85-LH_394
SXB;1905;+0200;0015;+0200;1;LH_87-LH_396
SXB;1225;+0200;1740;+0200;0;KL_1856-KL_2045
SXB;1435;+0200;2000;+0200;0;LH_81-LH_392
SXB;1320;+0200;1850;+0200;0;AF_1607-AF_7310
SXB;1625;+0200;2155;+0200;0;AF_1907-AF_7770
SXB;1020;+0200;1600;+0200;0;LH_77-LH_390
SXB;1055;+0200;1655;+0200;0;AF_1307-AF_7308
SXB;1050;+0200;1655;+0200;0;AF_1307-AF_7308
SXB;1800;+0200;0015;+0200;1;LH_85-LH_396
SXB;0725;+0200;1350;+0200;0;AF_1107-AF_7306
SXB;0720;+0200;1350;+0200;0;AF_1107-AF_7306
SXB;1055;+0200;1650;+0200;0;AF_1307-AF_7644-AF_5780
SXB;1050;+0200;1650;+0200;0;AF_1307-AF_7644-AF_5780