PAR;1915;+0100;2235;+0200;0;TP_448
PAR;0600;+0100;0930;+0200;0;AF_2325
PAR;0755;+0100;1125;+0200;0;TP_432
PAR;0820;+0100;1150;+0200;0;AF_2325
PAR;0925;+0100;1255;+0200;0;TP_434
PAR;1115;+0100;1445;+0200;0;AF_1025
PAR;1140;+0100;1510;+0200;0;TP_442
PAR;1310;+0100;1640;+0200;0;TP_436
PAR;1520;+0100;1850;+0200;0;TP_438
PAR;1535;+0100;1905;+0200;0;AF_1625
PAR;1750;+0100;2120;+0200;0;TP_446
PAR;1830;+0100;2200;+0200;0;AF_1925
PAR;1705;+0100;2135;+0200;0;AF_5361-AF_6275
PAR;1705;+0100;2215;+0200;0;AF_5361-AF_7633
PAR;0830;+0100;1405;+0200;0;IB_3107-IB_3406
PAR;1215;+0100;1755;+0200;0;LX_2085-LX_656
PAR;0800;+0100;1350;+0200;0;LX_4581-LX_638
PAR;1545;+0100;2135;+0200;0;UX_1156-UX_3449
PAR;1635;+0100;2225;+0200;0;IB_3103-IB_3400
PAR;1315;+0100;1910;+0200;0;TP_1960-TP_456
PAR;1650;+0100;2245;+0200;0;LH_1169-LH_1052
PAR;1235;+0100;1835;+0200;0;IB_3109-IB_3444
PAR;0650;+0100;1255;+0200;0;TP_1950-TP_454
PAR;1000;+0100;1605;+0200;0;IB_3111-IB_3418
PAR;1205;+0100;1815;+0200;0;LH_1167-LH_1042
PAR;0655;+0100;1310;+0200;0;UA_8862-UA_9031
PAR;0800;+0100;1415;+0200;0;AZ_7771-AZ_7314
PAR;0835;+0100;1450;+0200;0;LH_6955-LH_1036
PAR;0650;+0100;1310;+0200;0;UA_8862-UA_9031
PAR;0655;+0100;1315;+0200;0;UA_8862-UA_9031
PAR;0655;+0100;1315;+0200;0;LH_1173-LH_1034
PAR;0650;+0100;1315;+0200;0;UA_8862-UA_9031
PAR;1335;+0100;2000;+0200;0;BA_507-BA_322
PAR;1415;+0100;2040;+0200;0;LH_1791-LH_2238
PAR;1535;+0100;2200;+0200;0;KL_1694-KL_2023
PAR;0715;+0100;1345;+0200;0;KL_1692-KL_1233
PAR;1545;+0100;2215;+0200;0;UX_1156-UX_1002
PAR;0815;+0100;1455;+0200;0;AA_6402-AA_6229
PAR;0755;+0100;1440;+0200;0;UX_1154-UX_3437
PAR;1450;+0100;2140;+0200;0;LX_4583-LX_646
PAR;1235;+0100;1930;+0200;0;IB_3109-IB_3410
PAR;0655;+0100;1405;+0200;0;IB_3119-IB_3406
PAR;0930;+0100;1640;+0200;0;AZ_7765-AZ_324
PAR;1330;+0100;2040;+0200;0;OS_8154-OS_7113
PAR;1215;+0100;1930;+0200;0;LX_2085-LX_644
PAR;1420;+0100;2140;+0200;0;LH_6953-LH_1050
PAR;1145;+0100;1910;+0200;0;LH_3333-LH_3224
PAR;1545;+0100;2310;+0200;0;UX_1156-UX_3447
LON;1830;+0100;2105;+0100;0;BA_503
LON;1100;+0100;1340;+0100;0;AA_6575
LON;1100;+0100;1340;+0100;0;BA_501
LON;1335;+0100;1615;+0100;0;BA_507
LON;1335;+0100;1615;+0100;0;JL_7732
LON;0815;+0100;1100;+0100;0;AA_6402
LON;0815;+0100;1100;+0100;0;BA_499
LON;1005;+0100;1250;+0100;0;UA_9608
LON;1245;+0100;1530;+0100;0;TP_342
LON;1450;+0100;1735;+0100;0;EY_5822
LON;1450;+0100;1735;+0100;0;NH_6732
LON;1450;+0100;1735;+0100;0;TP_356
LON;1840;+0100;2125;+0100;0;TP_358
LON;0810;+0100;1100;+0100;0;EY_5810
LON;0810;+0100;1100;+0100;0;TP_354
LON;0810;+0100;1100;+0100;0;UA_9606
LON;1000;+0100;1250;+0100;0;TP_352
LON;1000;+0100;1250;+0100;0;UA_9608
LON;1550;+0100;1840;+0100;0;EY_5824
LON;1550;+0100;1840;+0100;0;TP_364
LON;1955;+0100;2245;+0100;0;TP_362
LON;1105;+0100;1530;+0100;0;TP_676-TP_332
LON;1000;+0100;1435;+0100;0;IB_3111-IB_3164
LON;1635;+0100;2115;+0100;0;IB_3103-IB_3178
LON;0810;+0100;1305;+0100;0;TP_1952-TP_334
LON;1000;+0100;1455;+0100;0;IB_3111-IB_3176
LON;1535;+0100;2030;+0100;0;AF_1625-AF_1380
LON;0655;+0100;1205;+0100;0;AA_5651-AA_6277
LON;1115;+0100;1625;+0100;0;AF_1025-AF_2580
LON;0655;+0100;1210;+0100;0;IB_3119-IB_7442
LON;1235;+0100;1750;+0100;0;IB_3109-IB_3166
LON;1535;+0100;2050;+0100;0;KL_1694-KL_1033
LON;0800;+0100;1320;+0100;0;LX_4585-LX_434
LON;0800;+0100;1320;+0100;0;LX_4585-LX_354
LON;1145;+0100;1705;+0100;0;LH_3333-LH_3384
LON;1520;+0100;2040;+0100;0;LX_4587-LX_440
LON;1650;+0100;2210;+0100;0;LH_1169-LH_922
LON;0820;+0100;1345;+0100;0;AF_2325-AF_2280
LON;1235;+0100;1800;+0100;0;AA_5712-AA_6281
LON;1235;+0100;1800;+0100;0;IB_3109-IB_7446
LON;1000;+0100;1535;+0100;0;AA_5713-AA_6279
LON;1000;+0100;1535;+0100;0;IB_3111-IB_7444
LON;1215;+0100;1750;+0100;0;LX_2085-LX_466
LON;1215;+0100;1750;+0100;0;LX_2085-LX_326
LON;1235;+0100;1810;+0100;0;IB_3109-IB_7466
LON;1635;+0100;2210;+0100;0;IB_3103-IB_3168
LON;0835;+0100;1420;+0100;0;LH_6955-LH_908
LON;1205;+0100;1750;+0100;0;BD_3349-BD_3234
LON;1205;+0100;1750;+0100;0;LH_1167-LH_916
LON;1415;+0100;2010;+0100;0;LH_1791-LH_2482
LON;1520;+0100;2115;+0100;0;LX_4587-LX_358
LON;0830;+0100;1435;+0100;0;IB_3107-IB_3164
LON;1420;+0100;2025;+0100;0;LH_6953-LH_920
LON;0615;+0100;1225;+0100;0;LH_1793-LH_2474
LON;0650;+0100;1305;+0100;0;TP_1950-TP_334
LON;0800;+0100;1415;+0100;0;LH_6951-LH_2476
LON;0915;+0100;1530;+0100;0;TP_1956-TP_332
LON;1450;+0100;2105;+0100;0;LX_4583-LX_462
LON;1000;+0100;1620;+0100;0;IB_3111-IB_3172
LON;1450;+0100;2110;+0100;0;LX_4583-LX_340
LON;1520;+0100;2140;+0100;0;TP_1615-TP_346
LON;0830;+0100;1455;+0100;0;IB_3107-IB_3176
LON;0655;+0100;1330;+0100;0;BD_3351-BD_3218
LON;0655;+0100;1330;+0100;0;UA_8862-UA_8815
LON;0655;+0100;1330;+0100;0;LH_1173-LH_906
LON;0715;+0100;1350;+0100;0;KL_1692-KL_1017
LON;1205;+0100;1840;+0100;0;LH_1167-LH_936
LON;1205;+0100;1840;+0100;0;BD_3349-BD_3462
LON;0650;+0100;1330;+0100;0;UA_8862-UA_8815
LON;1245;+0100;1925;+0100;0;SN_6410-SN_2101
LON;1455;+0100;2135;+0100;0;SN_6404-SN_2103
LON;1205;+0100;1850;+0100;0;BD_3349-BD_3190
LON;1205;+0100;1850;+0100;0;LH_1167-LH_918
FRA;0655;+0100;1055;+0200;0;TP_6707
FRA;0655;+0100;1055;+0200;0;BD_3351
FRA;0655;+0100;1055;+0200;0;UA_8862
FRA;0655;+0100;1055;+0200;0;LH_1173
FRA;1205;+0100;1605;+0200;0;BD_3349
FRA;1205;+0100;1605;+0200;0;TP_6701
FRA;1205;+0100;1605;+0200;0;UA_8868
FRA;1205;+0100;1605;+0200;0;LH_1167
FRA;1420;+0100;1820;+0200;0;TP_576
FRA;1420;+0100;1820;+0200;0;LH_6953
FRA;1420;+0100;1820;+0200;0;EY_5816
FRA;1420;+0100;1820;+0200;0;UA_9616
FRA;1420;+0100;1820;+0200;0;NH_6736
FRA;1650;+0100;2050;+0200;0;LH_1169
FRA;1650;+0100;2050;+0200;0;TP_6703
FRA;0650;+0100;1055;+0200;0;UA_8862
FRA;0835;+0100;1240;+0200;0;LH_6955
FRA;0835;+0100;1240;+0200;0;UA_9610
FRA;0835;+0100;1240;+0200;0;TP_572
FRA;1200;+0100;1605;+0200;0;UA_8868
FRA;1915;+0100;2320;+0200;0;LH_6957
FRA;1915;+0100;2320;+0200;0;TP_578
FRA;0800;+0100;1330;+0200;0;LX_4581-LX_1072
FRA;1115;+0100;1650;+0200;0;AF_1025-AF_2118
FRA;0615;+0100;1155;+0200;0;LH_1793-LH_109
FRA;0615;+0100;1155;+0200;0;TP_6725-TP_7633
FRA;0915;+0100;1455;+0200;0;LH_6990-LH_1177
FRA;0915;+0100;1455;+0200;0;TP_1956-TP_6681
FRA;1415;+0100;1955;+0200;0;TP_6721-TP_7641
FRA;1415;+0100;1955;+0200;0;LH_1791-LH_121
FRA;1635;+0100;2225;+0200;0;IB_3103-IB_3512
FRA;1235;+0100;1830;+0200;0;IB_3109-IB_3516
FRA;0830;+0100;1430;+0200;0;IB_3107-IB_3514
FRA;1535;+0100;2135;+0200;0;AF_1625-AF_1018
FRA;0705;+0100;1315;+0200;0;CA_7042-CA_6310
FRA;0705;+0100;1315;+0200;0;JK_9414-JK_8955
FRA;0900;+0100;1510;+0200;0;JK_9448-JK_8865
FRA;0820;+0100;1435;+0200;0;AF_2325-AF_1918
FRA;1450;+0100;2105;+0200;0;LX_4583-LX_3610
FRA;1515;+0100;2130;+0200;0;JK_9468-JK_8907
FRA;1620;+0100;2240;+0200;0;AB_7613-AB_9851
FRA;1330;+0100;1955;+0200;0;OS_8154-OS_7209
FRA;1535;+0100;2200;+0200;0;KL_1694-KL_1775
FRA;0615;+0100;1245;+0200;0;LH_1793-LH_111
FRA;0615;+0100;1245;+0200;0;TP_6725-TP_7635
FRA;1430;+0100;2100;+0200;0;JK_9493-JK_8829
FRA;0800;+0100;1440;+0200;0;LX_4581-LX_3604
FRA;0905;+0100;1545;+0200;0;SN_3814-SN_7005
FRA;1355;+0100;2035;+0200;0;TP_528-TP_7935
FRA;1455;+0100;2135;+0200;0;SN_6404-SN_7013
FRA;0810;+0100;1455;+0200;0;TP_1952-TP_6681
FRA;1245;+0100;1930;+0200;0;SN_6410-SN_7009
FRA;0800;+0100;1450;+0200;0;LH_6951-LH_113
FRA;0800;+0100;1450;+0200;0;TP_558-TP_7637
FRA;1415;+0100;2105;+0200;0;LH_1791-LH_123
FRA;1100;+0100;1755;+0200;0;AA_6575-AA_6461
FRA;1215;+0100;1910;+0200;0;LX_2085-LX_3608
FRA;1235;+0100;1930;+0200;0;SN_3816-SN_7009
FRA;1415;+0100;2110;+0200;0;TP_6721-TP_7639
FRA;1415;+0100;2110;+0200;0;LH_1791-LH_123
FRA;1115;+0100;1815;+0200;0;AF_1025-AF_2318
FRA;0730;+0100;1440;+0200;0;JK_9432-JK_8833
FRA;1100;+0100;1810;+0200;0;AA_6575-AA_6461
FRA;1100;+0100;1810;+0200;0;BA_501-BA_910
FRA;1145;+0100;1855;+0200;0;LH_3333-LH_85
FRA;1155;+0100;1905;+0200;0;JK_9416-JK_8983
FRA;1315;+0100;2030;+0200;0;LH_6958-LH_1179
FRA;1315;+0100;2030;+0200;0;TP_1960-TP_6683
FRA;1330;+0100;2045;+0200;0;OS_8154-OS_7207
FRA;0915;+0100;1635;+0200;0;TP_714-TP_7973
FRA;0840;+0100;1605;+0200;0;JK_9464-JK_8855
FRA;0905;+0100;1630;+0200;0;JK_9476-JK_8821
FRA;0800;+0100;1530;+0200;0;TP_542-TP_7755
FRA;0655;+0100;1430;+0200;0;IB_3119-IB_3514
FRA;0900;+0100;1635;+0200;0;JK_9448-JK_117
FRA;1245;+0100;2020;+0200;0;SN_6410-SN_7011
FRA;1335;+0100;2115;+0200;0;BA_507-BA_914
FRA;1235;+0100;2020;+0200;0;SN_3816-SN_7011
FRA;0715;+0100;1505;+0200;0;KL_1692-KL_1767
FRA;0755;+0100;1545;+0200;0;SN_6402-SN_7005
FRA;1215;+0100;2005;+0200;0;LX_2085-LX_1076
FRA;1415;+0100;2205;+0200;0;LH_1791-LH_125
FRA;1100;+0100;1855;+0200;0;AA_6575-AA_6498
FRA;1330;+0100;2130;+0200;0;OS_8154-OS_127
FRA;0650;+0100;1455;+0200;0;TP_1950-TP_6681
FRA;0705;+0100;1510;+0200;0;JK_9414-JK_8865
FRA;0705;+0100;1515;+0200;0;CA_7042-CA_6312
FRA;0800;+0100;1610;+0200;0;LH_6951-LH_115
FRA;1250;+0100;2100;+0200;0;JK_9404-JK_8829
FRA;0815;+0100;1630;+0200;0;AA_6402-AA_6462
FRA;1145;+0100;2000;+0200;0;LH_3333-LH_87
FRA;0800;+0100;1620;+0200;0;LX_4581-LX_3606
FRA;0815;+0100;1635;+0200;0;BA_499-BA_908
FRA;1100;+0100;1920;+0200;0;BA_501-BA_912
FRA;0930;+0100;1755;+0200;0;AZ_7765-AZ_404
FRA;0820;+0100;1650;+0200;0;AF_2325-AF_2118
FRA;1000;+0100;1830;+0200;0;IB_3111-IB_3516
FRA;1115;+0100;1945;+0200;0;AF_1025-AF_2418
MAD;0755;+0100;1000;+0200;0;AM_6946
MAD;0755;+0100;1000;+0200;0;UX_1154
MAD;1155;+0100;1405;+0200;0;JK_9416
MAD;1155;+0100;1405;+0200;0;JJ_8657
MAD;1155;+0100;1405;+0200;0;TP_1014
MAD;1545;+0100;1755;+0200;0;UX_1156
MAD;1930;+0100;2140;+0200;0;UX_1158
MAD;0655;+0100;0910;+0200;0;IB_3119
MAD;0705;+0100;0920;+0200;0;TP_1010
MAD;0705;+0100;0920;+0200;0;JJ_8645
MAD;0705;+0100;0920;+0200;0;JK_9414
MAD;0740;+0100;0955;+0200;0;AM_6946
MAD;0830;+0100;1045;+0200;0;IB_3107
MAD;0900;+0100;1115;+0200;0;TP_1012
MAD;0900;+0100;1115;+0200;0;JK_9448
MAD;0900;+0100;1115;+0200;0;JJ_8653
MAD;1000;+0100;1215;+0200;0;IB_3111
MAD;1235;+0100;1450;+0200;0;IB_3109
MAD;1515;+0100;1730;+0200;0;JJ_8659
MAD;1515;+0100;1730;+0200;0;TP_1016
MAD;1515;+0100;1730;+0200;0;JK_9468
MAD;1635;+0100;1850;+0200;0;IB_3103
MAD;1745;+0100;2000;+0200;0;JK_9424
MAD;1745;+0100;2000;+0200;0;JJ_8661
MAD;1745;+0100;2000;+0200;0;TP_1018
MAD;2045;+0100;2300;+0200;0;IB_3105
MAD;2055;+0100;2310;+0200;0;JJ_8667
MAD;2055;+0100;2310;+0200;0;JK_9418
MAD;2055;+0100;2310;+0200;0;TP_1022
MAD;1805;+0100;2245;+0200;0;TP_1978-TP_1006
MAD;1250;+0100;1755;+0200;0;JK_9404-JK_443
MAD;0730;+0100;1255;+0200;0;JK_9432-JK_7554
MAD;1315;+0100;1845;+0200;0;TP_1960-TP_1004
MAD;1630;+0100;2210;+0200;0;JK_9400-JK_445
CPH;1200;+0100;1645;+0200;0;TP_754
CPH;1715;+0100;2200;+0200;0;TP_752
CPH;0615;+0100;1215;+0200;0;LH_1793-LH_2442
CPH;0800;+0100;1405;+0200;0;LX_4581-LX_1270
CPH;0820;+0100;1425;+0200;0;AF_2325-AF_2350
CPH;1115;+0100;1720;+0200;0;AF_1025-AF_1050
CPH;1205;+0100;1810;+0200;0;BD_3349-BD_3420
CPH;1235;+0100;1840;+0200;0;BD_5566-BD_5463
CPH;1535;+0100;2140;+0200;0;AF_1625-AF_1350
CPH;0820;+0100;1430;+0200;0;AF_2325-AF_2350
CPH;1205;+0100;1815;+0200;0;LH_1167-LH_830
CPH;0715;+0100;1335;+0200;0;KL_1692-KL_1129
CPH;1235;+0100;1900;+0200;0;BD_5566-BD_3724
CPH;1650;+0100;2315;+0200;0;LH_1169-LH_832
CPH;0730;+0100;1400;+0200;0;JK_9432-JK_33
CPH;0830;+0100;1500;+0200;0;IB_3107-IB_3304
CPH;1415;+0100;2045;+0200;0;LH_1791-LH_2446
CPH;0800;+0100;1445;+0200;0;LH_6951-LH_6052
CPH;1455;+0100;2145;+0200;0;SN_6404-SN_2265
CPH;1215;+0100;1915;+0200;0;LX_2085-LX_1272
CPH;1535;+0100;2235;+0200;0;KL_1694-KL_1139
CPH;1205;+0100;1910;+0200;0;LH_1167-LH_6032
CPH;1450;+0100;2155;+0200;0;LX_4583-LX_4704
CPH;1420;+0100;2130;+0200;0;LH_6953-LH_6224
CPH;0655;+0100;1410;+0200;0;LH_1173-LH_6222
CPH;0900;+0100;1625;+0200;0;JK_9448-JK_9001
CPH;0905;+0100;1630;+0200;0;BD_5564-BD_5459
CPH;0905;+0100;1630;+0200;0;SN_3814-SN_2259
CPH;0815;+0100;1545;+0200;0;BA_499-BA_816
CPH;0815;+0100;1545;+0200;0;AA_6402-AA_6536
CPH;1430;+0100;2200;+0200;0;JK_9493-JK_37
CPH;0835;+0100;1610;+0200;0;LH_6955-LH_828
CPH;1415;+0100;2155;+0200;0;LH_1791-LH_6262
CPH;0705;+0100;1450;+0200;0;JK_9414-JK_25
CPH;1100;+0100;1900;+0200;0;AA_6575-AA_6471
CPH;1100;+0100;1900;+0200;0;BA_501-BA_820
CPH;0655;+0100;1500;+0200;0;IB_3119-IB_3304
CPH;0800;+0100;1615;+0200;0;LH_6951-LH_2444
CPH;1335;+0100;2155;+0200;0;JL_7732-JL_7719
CPH;1335;+0100;2155;+0200;0;BA_507-BA_822
CPH;0600;+0100;1425;+0200;0;AF_2325-AF_2350
CPH;0600;+0100;1430;+0200;0;AF_2325-AF_2350
CPH;0615;+0100;1445;+0200;0;LH_1793-LH_6052
CPH;1145;+0100;2015;+0200;0;LH_3333-LH_6214
CPH;1330;+0100;2200;+0200;0;OS_8154-OS_307
CPH;0755;+0100;1630;+0200;0;SN_6402-SN_2259
CPH;0815;+0100;1710;+0200;0;AA_6402-AA_6547
CPH;0820;+0100;1715;+0200;0;AF_2325-AF_1050
CPH;1420;+0100;2315;+0200;0;LH_6953-LH_832
CPH;1420;+0100;2315;+0200;0;NH_6736-NH_6181
CPH;0820;+0100;1720;+0200;0;AF_2325-AF_1050
CPH;1245;+0100;2145;+0200;0;SN_6410-SN_2265
CPH;0655;+0100;1600;+0200;0;UA_8862-UA_9330
CPH;0650;+0100;1600;+0200;0;UA_8862-UA_9330
CPH;0815;+0100;1725;+0200;0;BA_499-BA_818
CPH;1235;+0100;2145;+0200;0;BD_5566-BD_5465
CPH;1235;+0100;2145;+0200;0;SN_3816-SN_2265
CPH;1250;+0100;2200;+0200;0;JK_9404-JK_37
CPH;1415;+0100;2325;+0200;0;LH_1791-LH_6258
CPH;0655;+0100;1610;+0200;0;LH_1173-LH_828
CPH;0655;+0100;1610;+0200;0;BD_3351-BD_3416
CPH;0705;+0100;1625;+0200;0;JK_9414-JK_9001
CPH;0715;+0100;1635;+0200;0;KL_1692-KL_1131
CPH;0905;+0100;1830;+0200;0;SN_3814-SN_2263
CPH;1205;+0100;2130;+0200;0;LH_1167-LH_6224
CPH;1235;+0100;2200;+0200;0;BD_5566-BD_3730
CPH;0905;+0100;1840;+0200;0;BD_5564-BD_5463
CPH;0835;+0100;1815;+0200;0;LH_6955-LH_830
CPH;1215;+0100;2155;+0200;0;LX_2085-LX_4704
CPH;0910;+0100;1900;+0200;0;LO_5442-LO_5453
CPH;1100;+0100;2050;+0200;0;BA_501-BA_8467
CPH;0905;+0100;1900;+0200;0;BD_5564-BD_3724
CPH;0615;+0100;1615;+0200;0;LH_1793-LH_2444
MUC;0615;+0100;1010;+0200;0;UA_8957
MUC;0615;+0100;1010;+0200;0;TP_6725
MUC;0615;+0100;1010;+0200;0;LH_1793
MUC;1415;+0100;1810;+0200;0;TP_6721
MUC;1415;+0100;1810;+0200;0;LH_1791
MUC;0800;+0100;1210;+0200;0;TP_558
MUC;0800;+0100;1210;+0200;0;LH_6951
MUC;1905;+0100;2315;+0200;0;LH_6993
MUC;1905;+0100;2315;+0200;0;TP_552
MUC;0840;+0100;1410;+0200;0;JK_9464-JK_9392
MUC;1430;+0100;2005;+0200;0;JK_9493-JK_9313
MUC;1635;+0100;2210;+0200;0;IB_3103-IB_3532
MUC;0600;+0100;1150;+0200;0;AF_2325-AF_1722
MUC;0900;+0100;1450;+0200;0;JK_9448-JK_8879
MUC;1235;+0100;1825;+0200;0;IB_3109-IB_3564
MUC;1245;+0100;1835;+0200;0;SN_6410-SN_7059
MUC;0835;+0100;1430;+0200;0;TP_572-TP_7636
MUC;0835;+0100;1430;+0200;0;LH_6955-LH_110
MUC;1145;+0100;1740;+0200;0;LH_3333-LH_2013
MUC;1420;+0100;2015;+0200;0;TP_576-TP_7640
MUC;1420;+0100;2015;+0200;0;LH_6953-LH_120
MUC;1235;+0100;1835;+0200;0;SN_3816-SN_7059
MUC;1630;+0100;2230;+0200;0;JK_9400-JK_133
MUC;0715;+0100;1320;+0200;0;KL_1692-KL_1795
MUC;0755;+0100;1400;+0200;0;SN_6402-SN_7055
MUC;0820;+0100;1425;+0200;0;AF_2325-AF_2022
MUC;1205;+0100;1810;+0200;0;TP_6701-TP_7634
MUC;1205;+0100;1810;+0200;0;LH_1167-LH_116
MUC;1620;+0100;2225;+0200;0;AB_7613-AB_9621
MUC;0820;+0100;1430;+0200;0;AF_2325-AF_2022
MUC;1115;+0100;1725;+0200;0;AF_1025-AF_2322
MUC;1155;+0100;1805;+0200;0;JK_9416-JK_8877
MUC;1215;+0100;1825;+0200;0;LX_2085-LX_3622
MUC;1450;+0100;2100;+0200;0;LX_4583-LX_3624
MUC;0655;+0100;1310;+0200;0;TP_6707-TP_7632
MUC;0655;+0100;1310;+0200;0;LH_1173-LH_108
MUC;1115;+0100;1730;+0200;0;AF_1025-AF_2322
MUC;0800;+0100;1425;+0200;0;LX_4581-LX_3620
MUC;0830;+0100;1455;+0200;0;IB_3107-IB_3536
MUC;0730;+0100;1400;+0200;0;JK_9432-JK_9311
MUC;1535;+0100;2210;+0200;0;AF_1625-AF_1122
MUC;1535;+0100;2215;+0200;0;KL_1694-KL_1801
MUC;1420;+0100;2115;+0200;0;LH_6953-LH_122
MUC;1145;+0100;1845;+0200;0;LH_3333-LH_2015
MUC;1620;+0100;2325;+0200;0;AB_7613-AB_3251
MUC;1205;+0100;1915;+0200;0;BD_3349-BD_3034
MUC;1205;+0100;1915;+0200;0;LH_1167-LH_118
MUC;1450;+0100;2200;+0200;0;LX_4583-LX_3626
MUC;0905;+0100;1620;+0200;0;JK_9430-JK_8845
MUC;1250;+0100;2005;+0200;0;JK_9404-JK_9313
MUC;0815;+0100;1535;+0200;0;AA_6402-AA_6545
MUC;0905;+0100;1625;+0200;0;SN_3814-SN_7057
MUC;1330;+0100;2050;+0200;0;OS_8154-OS_117
MUC;0815;+0100;1540;+0200;0;BA_499-BA_952
MUC;0835;+0100;1600;+0200;0;LH_6955-LH_112
MUC;0655;+0100;1430;+0200;0;LH_1173-LH_110
MUC;0655;+0100;1430;+0200;0;TP_6707-TP_7636
MUC;1245;+0100;2020;+0200;0;SN_6410-SN_7061
MUC;1455;+0100;2235;+0200;0;SN_6404-SN_7063
MUC;0705;+0100;1450;+0200;0;JK_9414-JK_8879
MUC;0930;+0100;1715;+0200;0;AZ_7765-AZ_436
MUC;1235;+0100;2020;+0200;0;SN_3816-SN_7061
MUC;1215;+0100;2005;+0200;0;LX_2085-LX_1110
MUC;0655;+0100;1455;+0200;0;IB_3119-IB_3536
MUC;1430;+0100;2230;+0200;0;JK_9493-JK_133
MUC;1420;+0100;2225;+0200;0;LH_6953-LH_124
MUC;1420;+0100;2225;+0200;0;TP_576-TP_7642
MUC;1205;+0100;2015;+0200;0;LH_1167-LH_120
MUC;1205;+0100;2015;+0200;0;TP_6701-TP_7640
MUC;1010;+0100;1825;+0200;0;TP_534-TP_7983
MUC;0600;+0100;1425;+0200;0;AF_2325-AF_2022
MUC;0910;+0100;1735;+0200;0;LO_5442-LO_353
MUC;1000;+0100;1825;+0200;0;IB_3111-IB_3564
MUC;1145;+0100;2010;+0200;0;LH_3333-LH_2017
MUC;0600;+0100;1430;+0200;0;AF_2325-AF_2022
MUC;0755;+0100;1625;+0200;0;SN_6402-SN_7057
MUC;0800;+0100;1630;+0200;0;LX_4581-LX_1108
MUC;0835;+0100;1705;+0200;0;LH_6955-LH_114
MUC;0835;+0100;1705;+0200;0;TP_572-TP_7638
MUC;1115;+0100;1945;+0200;0;AF_1025-AF_2522
MUC;1330;+0100;2200;+0200;0;OS_8154-OS_7237
MUC;0815;+0100;1650;+0200;0;BA_499-BA_954
MUC;1155;+0100;2035;+0200;0;JK_9416-JK_9325
MUC;1215;+0100;2100;+0200;0;LX_2085-LX_3624
HAM;1815;+0100;2235;+0200;0;LH_6949
HAM;1815;+0100;2235;+0200;0;TP_566
HAM;0905;+0100;1440;+0200;0;SN_3814-SN_2625
HAM;1155;+0100;1750;+0200;0;JK_9416-JK_8861
HAM;1205;+0100;1800;+0200;0;TP_6701-TP_7676
HAM;1205;+0100;1800;+0200;0;LH_1167-LH_20
HAM;0800;+0100;1400;+0200;0;LX_4581-LX_1056
HAM;0835;+0100;1440;+0200;0;TP_572-TP_7672
HAM;0835;+0100;1440;+0200;0;LH_6955-LH_14
HAM;1415;+0100;2020;+0200;0;LH_1791-LH_2080
HAM;1415;+0100;2020;+0200;0;TP_6721-TP_7692
HAM;1650;+0100;2255;+0200;0;LH_1169-LH_30
HAM;1650;+0100;2255;+0200;0;TP_6703-TP_7682
HAM;0655;+0100;1310;+0200;0;TP_6707-TP_7670
HAM;0655;+0100;1310;+0200;0;LH_1173-LH_12
HAM;1420;+0100;2035;+0200;0;LH_6953-LH_26
HAM;1420;+0100;2035;+0200;0;TP_576-TP_7680
HAM;1455;+0100;2110;+0200;0;SN_6404-SN_2629
HAM;1620;+0100;2240;+0200;0;AB_7613-AB_3133
HAM;0800;+0100;1425;+0200;0;TP_558-TP_7684
HAM;0800;+0100;1425;+0200;0;LH_6951-LH_2070
HAM;1620;+0100;2245;+0200;0;AB_7613-AB_9333
HAM;1145;+0100;1820;+0200;0;LH_3333-LH_2714
HAM;0615;+0100;1255;+0200;0;LH_1793-LH_2068
HAM;0905;+0100;1545;+0200;0;SN_3814-SN_2625
HAM;0905;+0100;1545;+0200;0;BD_5564-BD_5395
HAM;1205;+0100;1845;+0200;0;BD_3349-BD_2952
HAM;1205;+0100;1845;+0200;0;LH_1167-LH_22
HAM;1535;+0100;2215;+0200;0;KL_1694-KL_1789
HAM;0715;+0100;1400;+0200;0;KL_1692-KL_1781
HAM;0755;+0100;1440;+0200;0;SN_6402-SN_2625
HAM;1415;+0100;2100;+0200;0;LH_1791-LH_2082
HAM;1215;+0100;1905;+0200;0;LX_2085-LX_1054
HAM;1450;+0100;2145;+0200;0;LX_4583-LX_3648
HAM;1100;+0100;1805;+0200;0;BA_501-BA_966
HAM;1100;+0100;1805;+0200;0;AA_6575-AA_6749
HAM;1420;+0100;2150;+0200;0;LH_6953-LH_28
HAM;1335;+0100;2110;+0200;0;JL_7732-JL_7727
HAM;1335;+0100;2110;+0200;0;BA_507-BA_972
HAM;0835;+0100;1615;+0200;0;LH_6955-LH_16
HAM;0655;+0100;1440;+0200;0;TP_6707-TP_7672
HAM;0655;+0100;1440;+0200;0;BD_3351-BD_2954
HAM;0655;+0100;1440;+0200;0;LH_1173-LH_14
HAM;0800;+0100;1545;+0200;0;LH_6951-LH_2072
HAM;1205;+0100;1950;+0200;0;LH_1167-LH_24
HAM;0755;+0100;1545;+0200;0;SN_6402-SN_2625
HAM;1205;+0100;1955;+0200;0;LH_1167-LH_24
HAM;1330;+0100;2125;+0200;0;OS_8154-OS_7257
HAM;1145;+0100;1945;+0200;0;LH_3333-LH_2716
HAM;0815;+0100;1620;+0200;0;AA_6402-AA_6611
HAM;0615;+0100;1425;+0200;0;LH_1793-LH_2070
HAM;0615;+0100;1425;+0200;0;TP_6725-TP_7684
HAM;0800;+0100;1620;+0200;0;LX_4581-LX_3646
HAM;0815;+0100;1635;+0200;0;BA_499-BA_974
HAM;0905;+0100;1725;+0200;0;SN_3814-SN_2627
HAM;1245;+0100;2110;+0200;0;SN_6410-SN_2629
HAM;1415;+0100;2240;+0200;0;LH_1791-LH_2084
HAM;1205;+0100;2035;+0200;0;LH_1167-LH_26
HAM;1205;+0100;2035;+0200;0;TP_6701-TP_7680
HAM;0820;+0100;1655;+0200;0;AF_2325-AF_2310
HAM;1235;+0100;2110;+0200;0;BD_5566-BD_5389
HAM;1235;+0100;2110;+0200;0;SN_3816-SN_2629
HAM;1420;+0100;2255;+0200;0;TP_576-TP_7682
HAM;1420;+0100;2255;+0200;0;LH_6953-LH_30
HAM;0835;+0100;1715;+0200;0;TP_572-TP_7674
HAM;0835;+0100;1715;+0200;0;LH_6955-LH_18
HAM;0905;+0100;1745;+0200;0;BD_5564-BD_5387
HAM;0905;+0100;1745;+0200;0;SN_3814-SN_2627
HAM;0800;+0100;1650;+0200;0;LH_6951-LH_2074
HAM;0900;+0100;1750;+0200;0;JK_9448-JK_8861
HAM;1115;+0100;2025;+0200;0;AF_1025-AF_2510
HAM;0655;+0100;1615;+0200;0;LH_1173-LH_16
HAM;0835;+0100;1800;+0200;0;LH_6955-LH_20
HAM;0835;+0100;1800;+0200;0;TP_572-TP_7676
HAM;0615;+0100;1545;+0200;0;LH_1793-LH_2072
HAM;0755;+0100;1725;+0200;0;SN_6402-SN_2627
HAM;0800;+0100;1730;+0200;0;LH_6951-LH_2086
HAM;1215;+0100;2145;+0200;0;LX_2085-LX_3648
HAM;1145;+0100;2120;+0200;0;LH_3333-LH_2718
HAM;1205;+0100;2150;+0200;0;LH_1167-LH_28
HAM;0755;+0100;1745;+0200;0;SN_6402-SN_2627
HAM;0815;+0100;1805;+0200;0;BA_499-BA_966
HAM;0815;+0100;1805;+0200;0;AA_6402-AA_6749
HAM;0910;+0100;1900;+0200;0;LO_5442-LO_393
DUS;1145;+0100;1535;+0200;0;LH_3333
DUS;0800;+0100;1155;+0200;0;TP_542
DUS;1650;+0100;2220;+0200;0;LH_1169-LH_88
DUS;1650;+0100;2220;+0200;0;TP_6703-TP_7760
DUS;0705;+0100;1240;+0200;0;JK_9414-JK_8847
DUS;1635;+0100;2215;+0200;0;IB_3103-IB_3524
DUS;0820;+0100;1405;+0200;0;AF_2325-AF_1906
DUS;1235;+0100;1820;+0200;0;IB_3109-IB_3522
DUS;0800;+0100;1350;+0200;0;LX_4581-LX_1018
DUS;0615;+0100;1210;+0200;0;TP_6725-TP_7770
DUS;0615;+0100;1210;+0200;0;LH_1793-LH_2008
DUS;1415;+0100;2010;+0200;0;LH_1791-LH_2020
DUS;1415;+0100;2010;+0200;0;TP_6721-TP_7774
DUS;1450;+0100;2055;+0200;0;LX_4583-LX_3638
DUS;1420;+0100;2035;+0200;0;TP_576-TP_7758
DUS;1420;+0100;2035;+0200;0;LH_6953-LH_86
DUS;1620;+0100;2235;+0200;0;AB_7613-AB_9865
DUS;0800;+0100;1425;+0200;0;LH_6951-LH_2010
DUS;0800;+0100;1425;+0200;0;TP_558-TP_7772
DUS;1205;+0100;1830;+0200;0;BD_3349-BD_3310
DUS;1205;+0100;1830;+0200;0;LH_1167-LH_84
DUS;1205;+0100;1830;+0200;0;TP_6701-TP_7754
DUS;1415;+0100;2055;+0200;0;LH_1791-LH_2022
DUS;1535;+0100;2215;+0200;0;AF_1625-AF_1106
DUS;0715;+0100;1400;+0200;0;KL_1692-KL_1857
DUS;1215;+0100;1905;+0200;0;LX_2085-LX_1026
DUS;1535;+0100;2225;+0200;0;KL_1694-KL_1863
DUS;0655;+0100;1400;+0200;0;LH_1173-LH_78
DUS;0655;+0100;1400;+0200;0;TP_6707-TP_7750
DUS;0730;+0100;1440;+0200;0;JK_9432-JK_9329
DUS;1450;+0100;2205;+0200;0;LX_4583-LX_1028
DUS;1330;+0100;2050;+0200;0;OS_8154-OS_7249
DUS;1515;+0100;2235;+0200;0;JK_9468-JK_9335
DUS;0840;+0100;1605;+0200;0;JK_9464-JK_8807
DUS;0815;+0100;1550;+0200;0;BA_499-BA_940
DUS;0815;+0100;1550;+0200;0;AA_6402-AA_6514
DUS;1215;+0100;1950;+0200;0;LX_2085-LX_3640
DUS;1430;+0100;2205;+0200;0;JK_9493-JK_8981
DUS;0800;+0100;1545;+0200;0;LH_6951-LH_2012
DUS;1335;+0100;2120;+0200;0;JL_7732-JL_7701
DUS;1335;+0100;2120;+0200;0;BA_507-BA_946
DUS;1415;+0100;2200;+0200;0;LH_1791-LH_2024
DUS;1420;+0100;2220;+0200;0;LH_6953-LH_88
DUS;1420;+0100;2220;+0200;0;TP_576-TP_7760
DUS;0600;+0100;1405;+0200;0;AF_2325-AF_1906
DUS;0615;+0100;1425;+0200;0;TP_6725-TP_7772
DUS;0615;+0100;1425;+0200;0;LH_1793-LH_2010
DUS;1100;+0100;1910;+0200;0;BA_501-BA_944
DUS;1100;+0100;1910;+0200;0;AA_6575-AA_6450
DUS;1330;+0100;2140;+0200;0;OS_8154-OS_7247
DUS;0820;+0100;1635;+0200;0;AF_2325-AF_2206
DUS;0910;+0100;1725;+0200;0;LO_5442-LO_5397
DUS;0840;+0100;1700;+0200;0;JK_9458-JK_9363
DUS;1000;+0100;1820;+0200;0;IB_3111-IB_3522
DUS;1100;+0100;1920;+0200;0;AA_6575-AA_6450
DUS;1115;+0100;1940;+0200;0;AF_1025-AF_2406
DUS;1205;+0100;2035;+0200;0;LH_1167-LH_86
DUS;1205;+0100;2035;+0200;0;TP_6701-TP_7758
DUS;1205;+0100;2035;+0200;0;BD_3349-BD_3314
DUS;1330;+0100;2205;+0200;0;OS_8154-OS_7247
DUS;1415;+0100;2250;+0200;0;LH_1791-LH_2026
DUS;1215;+0100;2055;+0200;0;LX_2085-LX_3638
DUS;0800;+0100;1650;+0200;0;LH_6951-LH_2014
DUS;0835;+0100;1725;+0200;0;LH_6955-LH_82
DUS;0835;+0100;1725;+0200;0;TP_572-TP_7752
DUS;0800;+0100;1655;+0200;0;LX_4581-LX_3636
HEL;1455;+0100;2325;+0300;0;SN_6404-SN_6755
HEL;1450;+0100;2325;+0300;0;LX_4583-LX_4792
HEL;1535;+0100;0015;+0300;1;KL_1694-KL_1171
HEL;1650;+0100;0130;+0300;1;TP_6703-TP_7910
HEL;1650;+0100;0130;+0300;1;LH_1169-LH_854
HEL;0815;+0100;1700;+0300;0;BA_499-BA_794
HEL;1415;+0100;2300;+0300;0;LG_1630-LG_1613
HEL;1415;+0100;2300;+0300;0;TP_6721-TP_7926
HEL;1415;+0100;2300;+0300;0;LH_1791-LH_2466
HEL;1420;+0100;2305;+0300;0;TP_576-TP_7908
HEL;1420;+0100;2305;+0300;0;NH_6736-NH_6173
HEL;1420;+0100;2305;+0300;0;LH_6953-LH_852
HEL;0600;+0100;1450;+0300;0;AF_2325-AF_2298
HEL;0730;+0100;1620;+0300;0;JK_9432-JK_323
HEL;0815;+0100;1705;+0300;0;AA_6402-AA_6538
HEL;0800;+0100;1655;+0300;0;LX_4581-LX_4790
HEL;0800;+0100;1655;+0300;0;TG_7314-TG_7416
HEL;0835;+0100;1800;+0300;0;LH_6955-LH_850
HEL;0835;+0100;1800;+0300;0;TP_572-TP_7906
HEL;1335;+0100;2300;+0300;0;BA_507-BA_6034
HEL;0715;+0100;1710;+0300;0;KL_1692-KL_1169
HEL;1335;+0100;2335;+0300;0;BA_507-BA_798
HEL;1100;+0100;2105;+0300;0;BA_501-BA_6080
HEL;1100;+0100;2105;+0300;0;AA_6575-AA_6054
HEL;0800;+0100;1810;+0300;0;TP_558-TP_7924
HEL;0800;+0100;1810;+0300;0;LH_6951-LH_2464
HEL;1330;+0100;2340;+0300;0;OS_8154-OS_347
HEL;0600;+0100;1615;+0300;0;AF_2325-AF_1498
HEL;0910;+0100;1925;+0300;0;LO_5442-LO_471
HEL;1245;+0100;2325;+0300;0;SN_6410-SN_6755
HEL;0655;+0100;1740;+0300;0;UA_8862-UA_9022
HEL;0650;+0100;1740;+0300;0;UA_8862-UA_9022
HEL;1235;+0100;2325;+0300;0;SN_3816-SN_6755
HEL;0820;+0100;1915;+0300;0;AF_2325-AF_1098
HEL;0820;+0100;1920;+0300;0;AF_2325-AF_1098
HEL;1205;+0100;2305;+0300;0;LH_1167-LH_852
HEL;1205;+0100;2305;+0300;0;TP_6701-TP_7908
HEL;1205;+0100;2305;+0300;0;BD_3349-BD_3122
HEL;0655;+0100;1800;+0300;0;TP_6707-TP_7906
HEL;0655;+0100;1800;+0300;0;UA_8862-UA_9022
HEL;0655;+0100;1800;+0300;0;LH_1173-LH_850
HEL;0650;+0100;1800;+0300;0;UA_8862-UA_9022
HEL;1215;+0100;2325;+0300;0;LX_2085-LX_4792
HEL;1420;+0100;0130;+0300;1;LH_6953-LH_854
HEL;1420;+0100;0130;+0300;1;TP_576-TP_7910
HEL;1115;+0100;2255;+0300;0;AF_1025-AF_1798
HEL;0615;+0100;1810;+0300;0;TP_6725-TP_7924
HEL;0615;+0100;1810;+0300;0;LH_1793-LH_2464
HEL;1100;+0100;2300;+0300;0;BA_501-BA_6034
HEL;1100;+0100;2300;+0300;0;AA_6575-AA_6050
STO;0900;+0100;1420;+0200;0;TP_782
STO;1215;+0100;1855;+0200;0;LX_2085-LX_1254
STO;1245;+0100;1940;+0200;0;SN_6410-SN_2307
STO;1650;+0100;2350;+0200;0;LH_1169-LH_808
STO;0655;+0100;1400;+0200;0;IB_3119-IB_3322
STO;0800;+0100;1505;+0200;0;LX_4581-LX_1250
STO;1235;+0100;1940;+0200;0;SN_3816-SN_2307
STO;0730;+0100;1440;+0200;0;JK_9432-JK_57
STO;1235;+0100;1945;+0200;0;BD_5566-BD_5467
STO;1535;+0100;2245;+0200;0;AF_1625-AF_1462
STO;0800;+0100;1515;+0200;0;LH_6951-LH_2416
STO;0655;+0100;1415;+0200;0;LH_1173-LH_6226
STO;1115;+0100;1835;+0200;0;AF_1025-AF_1062
STO;1415;+0100;2140;+0200;0;LH_1791-LH_2420
STO;1535;+0100;2300;+0200;0;KL_1694-KL_1121
STO;1450;+0100;2220;+0200;0;LX_4583-LX_4708
STO;1420;+0100;2155;+0200;0;LH_6953-LH_6056
STO;1235;+0100;2025;+0200;0;BD_5566-BD_3838
STO;1145;+0100;1940;+0200;0;LH_3333-LH_2924
STO;1205;+0100;2025;+0200;0;LH_1167-LH_6228
STO;0815;+0100;1700;+0200;0;AA_6402-AA_6361
STO;1430;+0100;2315;+0200;0;JK_9493-JK_53
STO;1245;+0100;2135;+0200;0;SN_6410-SN_2309
STO;1330;+0100;2225;+0200;0;OS_8154-OS_317
STO;0615;+0100;1515;+0200;0;UA_8957-UA_9158
STO;0615;+0100;1515;+0200;0;LH_1793-LH_2416
STO;0910;+0100;1810;+0200;0;LO_5442-LO_457
STO;1235;+0100;2135;+0200;0;BD_5566-BD_5469
STO;1235;+0100;2135;+0200;0;SN_3816-SN_2309
STO;0615;+0100;1520;+0200;0;UA_8957-UA_9158
STO;0815;+0100;1720;+0200;0;BA_499-BA_780
STO;0715;+0100;1625;+0200;0;KL_1692-KL_1115
STO;1100;+0100;2010;+0200;0;BA_501-BA_782
STO;1100;+0100;2010;+0200;0;AA_6575-AA_6454
STO;1100;+0100;2025;+0200;0;AA_6575-AA_6454
STO;0800;+0100;1730;+0200;0;LH_6951-LH_2418
STO;1420;+0100;2350;+0200;0;LH_6953-LH_808
STO;1420;+0100;2350;+0200;0;NH_6736-NH_6189
STO;1205;+0100;2155;+0200;0;LH_1167-LH_6056
STO;1145;+0100;2145;+0200;0;LH_3333-LH_6284
STO;0835;+0100;1840;+0200;0;LH_6955-LH_804
STO;1215;+0100;2220;+0200;0;LX_2085-LX_4708
STO;1335;+0100;2340;+0200;0;JL_7732-JL_7717
STO;1335;+0100;2340;+0200;0;BA_507-BA_786
STO;0820;+0100;1835;+0200;0;AF_2325-AF_1062
STO;1250;+0100;2315;+0200;0;JK_9404-JK_53
STO;0905;+0100;1940;+0200;0;SN_3814-SN_2307
STO;0905;+0100;1945;+0200;0;BD_5564-BD_5467
STO;0800;+0100;1855;+0200;0;LX_4581-LX_1254
STO;0615;+0100;1730;+0200;0;LH_1793-LH_2418
STO;0905;+0100;2025;+0200;0;BD_5564-BD_3838
STO;0655;+0100;1820;+0200;0;UA_8862-UA_9070
STO;0650;+0100;1820;+0200;0;UA_8862-UA_9070
STO;1100;+0100;2230;+0200;0;BA_501-BA_8493
STO;1115;+0100;2245;+0200;0;AF_1025-AF_1462
STO;0800;+0100;1935;+0200;0;LH_6951-LH_6188
STO;0655;+0100;1840;+0200;0;UA_8862-UA_9070
STO;0655;+0100;1840;+0200;0;BD_3351-BD_3524
STO;0655;+0100;1840;+0200;0;LH_1173-LH_804
STO;0715;+0100;1900;+0200;0;KL_1692-KL_1117
STO;0755;+0100;1940;+0200;0;SN_6402-SN_2307
STO;1205;+0100;2350;+0200;0;LH_1167-LH_808
STO;1205;+0100;2350;+0200;0;BD_3349-BD_3526
STO;0650;+0100;1840;+0200;0;UA_8862-UA_9070
STO;0835;+0100;2025;+0200;0;LH_6955-LH_6228
STO;0815;+0100;2010;+0200;0;AA_6402-AA_6454
STO;0815;+0100;2010;+0200;0;BA_499-BA_782
STO;0815;+0100;2025;+0200;0;AA_6402-AA_6454
STO;0905;+0100;2135;+0200;0;SN_3814-SN_2309
STO;0905;+0100;2135;+0200;0;BD_5564-BD_5469
BER;1215;+0100;1750;+0200;0;LX_2085-LX_970
BER;1415;+0100;1955;+0200;0;LH_1791-LH_2050
BER;1415;+0100;1955;+0200;0;TP_6721-TP_7724
BER;1235;+0100;1820;+0200;0;BD_5566-BD_5327
BER;1235;+0100;1820;+0200;0;SN_3816-SN_2587
BER;0615;+0100;1210;+0200;0;TP_6725-TP_7720
BER;0615;+0100;1210;+0200;0;LH_1793-LH_2036
BER;1235;+0100;1830;+0200;0;SN_3816-SN_2587
BER;0600;+0100;1200;+0200;0;AF_2325-AF_1734
BER;1635;+0100;2235;+0200;0;IB_3103-IB_3546
BER;1650;+0100;2250;+0200;0;LH_1169-LH_200
BER;1650;+0100;2250;+0200;0;TP_6703-TP_7710
BER;1115;+0100;1720;+0200;0;AF_1025-AF_2334
BER;0800;+0100;1410;+0200;0;LX_4581-LX_966
BER;1235;+0100;1845;+0200;0;IB_3109-IB_3548
BER;0800;+0100;1415;+0200;0;TP_558-TP_7722
BER;0800;+0100;1415;+0200;0;LH_6951-LH_2038
BER;0820;+0100;1435;+0200;0;AF_2325-AF_2034
BER;1205;+0100;1820;+0200;0;BD_3349-BD_3584
BER;1205;+0100;1820;+0200;0;LH_1167-LH_190
BER;1205;+0100;1820;+0200;0;TP_6701-TP_7706
BER;1535;+0100;2150;+0200;0;KL_1694-KL_1835
BER;1620;+0100;2235;+0200;0;AB_7613-AB_9163
BER;1145;+0100;1805;+0200;0;LH_3333-LH_2740
BER;0715;+0100;1340;+0200;0;KL_1692-KL_1825
BER;1415;+0100;2040;+0200;0;LH_1791-LH_2052
BER;1420;+0100;2045;+0200;0;TP_576-TP_7708
BER;1420;+0100;2045;+0200;0;LH_6953-LH_196
BER;1455;+0100;2120;+0200;0;SN_6404-SN_2589
BER;0835;+0100;1520;+0200;0;LH_6955-LH_184
BER;0835;+0100;1520;+0200;0;TP_572-TP_7702
BER;1215;+0100;1905;+0200;0;LX_2085-LX_978
BER;1205;+0100;1900;+0200;0;BD_3349-BD_3562
BER;1205;+0100;1900;+0200;0;LH_1167-LH_192
BER;0655;+0100;1405;+0200;0;LH_1173-LH_182
BER;0655;+0100;1405;+0200;0;BD_3351-BD_3582
BER;0655;+0100;1405;+0200;0;TP_6707-TP_7704
BER;1450;+0100;2205;+0200;0;LX_4583-LX_962
BER;0905;+0100;1630;+0200;0;BD_5564-BD_5325
BER;0905;+0100;1630;+0200;0;SN_3814-SN_2585
BER;1205;+0100;1935;+0200;0;LH_1167-LH_194
BER;1420;+0100;2150;+0200;0;LH_6953-LH_198
BER;1455;+0100;2225;+0200;0;SN_6404-SN_2591
BER;1205;+0100;1940;+0200;0;LH_1167-LH_194
BER;1420;+0100;2155;+0200;0;LH_6953-LH_198
BER;0800;+0100;1540;+0200;0;LH_6951-LH_2040
BER;1415;+0100;2155;+0200;0;LH_1791-LH_2054
BER;0815;+0100;1600;+0200;0;AA_6402-AA_6596
BER;0815;+0100;1600;+0200;0;BA_499-BA_984
BER;1335;+0100;2125;+0200;0;BA_507-BA_988
BER;1335;+0100;2125;+0200;0;JL_7732-JL_7715
BER;0615;+0100;1415;+0200;0;TP_6725-TP_7722
BER;0615;+0100;1415;+0200;0;LH_1793-LH_2038
BER;0835;+0100;1635;+0200;0;LH_6955-LH_186
BER;1100;+0100;1900;+0200;0;BA_501-BA_986
BER;1330;+0100;2130;+0200;0;OS_8154-OS_273
BER;1100;+0100;1915;+0200;0;AA_6575-AA_6473
BER;0800;+0100;1620;+0200;0;LH_6951-LH_2042
BER;0655;+0100;1520;+0200;0;LH_1173-LH_184
BER;0655;+0100;1520;+0200;0;TP_6707-TP_7702
BER;0655;+0100;1520;+0200;0;BD_3351-BD_3568
BER;1145;+0100;2015;+0200;0;LH_3333-LH_2742
BER;1420;+0100;2250;+0200;0;LH_6953-LH_200
BER;1420;+0100;2250;+0200;0;TP_576-TP_7710
BER;0600;+0100;1435;+0200;0;AF_2325-AF_2034
BER;0755;+0100;1630;+0200;0;SN_6402-SN_2585
BER;1245;+0100;2120;+0200;0;SN_6410-SN_2589
BER;1415;+0100;2250;+0200;0;LH_1791-LH_2056
BER;1145;+0100;2025;+0200;0;LH_3333-LH_2742
BER;1205;+0100;2045;+0200;0;TP_6701-TP_7708
BER;1205;+0100;2045;+0200;0;BD_3349-BD_3578
BER;1205;+0100;2045;+0200;0;LH_1167-LH_196
BER;1000;+0100;1845;+0200;0;IB_3111-IB_3548
BER;1235;+0100;2120;+0200;0;SN_3816-SN_2589
BER;1235;+0100;2120;+0200;0;BD_5566-BD_5329
BER;0835;+0100;1730;+0200;0;TP_572-TP_7718
BER;0835;+0100;1730;+0200;0;LH_6955-LH_188
BER;0800;+0100;1700;+0200;0;LH_6951-LH_2046
BER;0820;+0100;1720;+0200;0;AF_2325-AF_2334
BER;1115;+0100;2025;+0200;0;AF_1025-AF_2534
BER;0715;+0100;1630;+0200;0;KL_1692-KL_1829
BER;0905;+0100;1820;+0200;0;BD_5564-BD_5327
BER;0905;+0100;1820;+0200;0;SN_3814-SN_2587
BER;0615;+0100;1540;+0200;0;LH_1793-LH_2040
BER;0905;+0100;1830;+0200;0;SN_3814-SN_2587
BER;0655;+0100;1635;+0200;0;LH_1173-LH_186
BER;0655;+0100;1635;+0200;0;BD_3351-BD_3566
BER;1245;+0100;2225;+0200;0;SN_6410-SN_2591
BER;0835;+0100;1820;+0200;0;TP_572-TP_7706
BER;0835;+0100;1820;+0200;0;LH_6955-LH_190
BER;1205;+0100;2150;+0200;0;LH_1167-LH_198
BER;1205;+0100;2150;+0200;0;BD_3349-BD_3586
BER;0800;+0100;1750;+0200;0;LX_4581-LX_970
BER;0910;+0100;1900;+0200;0;LO_5442-LO_389
BER;1145;+0100;2135;+0200;0;LH_3333-LH_2744
BER;1205;+0100;2155;+0200;0;LH_1167-LH_198
BER;1215;+0100;2205;+0200;0;LX_2085-LX_962
BER;1235;+0100;2225;+0200;0;SN_3816-SN_2591
BER;1235;+0100;2225;+0200;0;BD_5566-BD_5331
BER;1235;+0100;2235;+0200;0;IB_3109-IB_3546
BER;0615;+0100;1620;+0200;0;LH_1793-LH_2042
BER;0830;+0100;1845;+0200;0;IB_3107-IB_3548
BER;0800;+0100;1820;+0200;0;LH_6951-LH_2048
BER;0755;+0100;1820;+0200;0;SN_6402-SN_2587
BER;0835;+0100;1900;+0200;0;LH_6955-LH_192
BER;1100;+0100;2125;+0200;0;BA_501-BA_988
BCN;0730;+0100;1010;+0200;0;TP_1038
BCN;0730;+0100;1010;+0200;0;JK_9432
BCN;1250;+0100;1535;+0200;0;JK_9404
BCN;1250;+0100;1535;+0200;0;TP_1042
BCN;0905;+0100;1155;+0200;0;TP_1040
BCN;0905;+0100;1155;+0200;0;JK_9430
BCN;1430;+0100;1720;+0200;0;JK_9493
BCN;1430;+0100;1720;+0200;0;TP_1044
BCN;1630;+0100;1920;+0200;0;JK_9400
BCN;1630;+0100;1920;+0200;0;TP_1046
BCN;2015;+0100;2305;+0200;0;TP_1048
BCN;1545;+0100;1955;+0200;0;UX_1156-UX_2005
BCN;1235;+0100;1655;+0200;0;IB_3109-IB_6772
BCN;1635;+0100;2055;+0200;0;IB_3103-IB_2764
BCN;0830;+0100;1255;+0200;0;IB_3107-IB_6764
BCN;1515;+0100;1945;+0200;0;JK_9468-JK_444
BCN;1235;+0100;1725;+0200;0;IB_3109-IB_6774
BCN;1805;+0100;2255;+0200;0;TP_1978-TP_1034
BCN;1155;+0100;1715;+0200;0;JK_9416-JK_452
BCN;1235;+0100;1755;+0200;0;IB_3109-IB_6776
BCN;1235;+0100;1755;+0200;0;IB_3109-IB_2762
BCN;0650;+0100;1240;+0200;0;TP_1950-TP_1030
BCN;1635;+0100;2225;+0200;0;IB_3103-IB_2790
BCN;1000;+0100;1555;+0200;0;IB_3111-IB_6754
BCN;0655;+0100;1255;+0200;0;IB_3119-IB_6764
BCN;0800;+0100;1400;+0200;0;LX_4581-LX_1954
BCN;0900;+0100;1500;+0200;0;JK_9448-JK_7555
BCN;1515;+0100;2115;+0200;0;JK_9468-JK_454
BCN;0800;+0100;1405;+0200;0;LX_4585-LX_1942
BCN;1115;+0100;1725;+0200;0;AF_1025-AF_1948
BCN;0820;+0100;1435;+0200;0;AF_2325-AF_1648
BCN;1535;+0100;2200;+0200;0;AF_1625-AF_2348
BCN;1105;+0100;1745;+0200;0;TP_676-TP_1032
BCN;0755;+0100;1440;+0200;0;SN_6402-SN_3703
LYS;1435;+0100;1755;+0200;0;TP_472
LYS;2125;+0100;0045;+0200;1;TP_474
LYS;1705;+0100;2130;+0200;0;AF_5361-AF_7809
LYS;0830;+0100;1340;+0200;0;IB_3107-IB_8710
LYS;1635;+0100;2145;+0200;0;IB_3103-IB_8714
LYS;1235;+0100;1820;+0200;0;SN_3816-SN_3591
LYS;1235;+0100;1820;+0200;0;BD_5566-BD_5361
LYS;1115;+0100;1710;+0200;0;AF_1025-AF_7646
LYS;1215;+0100;1810;+0200;0;LX_2085-LX_536
LYS;0615;+0100;1215;+0200;0;UA_8957-UA_9026
LYS;0800;+0100;1400;+0200;0;LX_4581-LX_532
LYS;0615;+0100;1220;+0200;0;UA_8957-UA_9026
LYS;0615;+0100;1220;+0200;0;LH_1793-LH_2248
LYS;0820;+0100;1425;+0200;0;AF_2325-AF_7644
LYS;1205;+0100;1810;+0200;0;LH_1167-LH_1078
LYS;1205;+0100;1810;+0200;0;BD_3349-BD_3086
LYS;0800;+0100;1420;+0200;0;AZ_7771-AZ_7856
LYS;1455;+0100;2125;+0200;0;SN_6404-SN_3593
LYS;1535;+0100;2210;+0200;0;KL_1694-KL_2029
LYS;1450;+0100;2130;+0200;0;LX_4583-LX_538
LYS;0655;+0100;1340;+0200;0;IB_3119-IB_8710
LYS;1455;+0100;2140;+0200;0;SN_6404-SN_3593
LYS;0800;+0100;1450;+0200;0;AZ_7753-AZ_7830
LYS;0655;+0100;1355;+0200;0;UA_8862-UA_8916
LYS;0650;+0100;1355;+0200;0;UA_8862-UA_8916
LYS;0720;+0100;1425;+0200;0;AZ_7761-AZ_7838
LYS;0905;+0100;1610;+0200;0;BD_5564-BD_5369
LYS;0905;+0100;1610;+0200;0;SN_3814-SN_3589
LYS;1235;+0100;1940;+0200;0;IB_3109-IB_8712
LYS;1535;+0100;2240;+0200;0;AF_1625-AF_7650
LYS;0655;+0100;1415;+0200;0;UA_8862-UA_8916
LYS;0655;+0100;1415;+0200;0;BD_3351-BD_3082
LYS;0655;+0100;1415;+0200;0;LH_1173-LH_1076
LYS;0650;+0100;1415;+0200;0;UA_8862-UA_8916
LYS;1100;+0100;1835;+0200;0;AA_6575-AA_6616
LYS;1100;+0100;1835;+0200;0;BA_501-BA_362
LYS;1420;+0100;2220;+0200;0;LH_6953-LH_1082
LYS;1420;+0100;2220;+0200;0;NH_6736-NH_6131
LYS;0600;+0100;1405;+0200;0;AF_2325-AF_7414
LYS;1145;+0100;1955;+0200;0;LH_3333-LH_3268
LYS;0755;+0100;1610;+0200;0;SN_6402-SN_3589
LYS;0600;+0100;1425;+0200;0;AF_2325-AF_7644
LYS;1415;+0100;2245;+0200;0;LH_1791-LH_2254
LYS;0715;+0100;1550;+0200;0;KL_1692-KL_2031
LYS;0800;+0100;1640;+0200;0;LH_6951-LH_2250
LYS;1245;+0100;2125;+0200;0;SN_6410-SN_3593
LYS;1115;+0100;2000;+0200;0;AF_1025-AF_7416
LYS;0820;+0100;1710;+0200;0;AF_2325-AF_7646
LYS;1235;+0100;2125;+0200;0;BD_5566-BD_5363
LYS;1235;+0100;2125;+0200;0;SN_3816-SN_3593
LYS;1115;+0100;2010;+0200;0;AF_1025-AF_7648
LYS;1245;+0100;2140;+0200;0;SN_6410-SN_3593
LYS;1235;+0100;2140;+0200;0;SN_3816-SN_3593
LYS;1235;+0100;2145;+0200;0;IB_3109-IB_8714
LYS;0905;+0100;1820;+0200;0;SN_3814-SN_3591
LYS;0905;+0100;1820;+0200;0;BD_5564-BD_5361
LYS;1215;+0100;2130;+0200;0;LX_2085-LX_538
LYS;0835;+0100;1810;+0200;0;LH_6955-LH_1078
LYS;1000;+0100;1940;+0200;0;IB_3111-IB_8712
LYS;1335;+0100;2315;+0200;0;BA_507-BA_364
LYS;0930;+0100;1920;+0200;0;AZ_7765-AZ_7840
LYS;1145;+0100;2150;+0200;0;LH_3333-LH_3270
LYS;0800;+0100;1810;+0200;0;LX_4581-LX_536
LYS;1205;+0100;2220;+0200;0;BD_3349-BD_3088
LYS;1205;+0100;2220;+0200;0;LH_1167-LH_1082
VIE;1330;+0100;1750;+0200;0;OS_8154
VIE;1330;+0100;1750;+0200;0;TP_692
VIE;1415;+0100;2020;+0200;0;OS_7488-OS_7238
VIE;1415;+0100;2020;+0200;0;LH_1791-LH_2332
VIE;0615;+0100;1225;+0200;0;LH_1793-LH_2328
VIE;0800;+0100;1410;+0200;0;LX_4581-LX_1578
VIE;1235;+0100;1845;+0200;0;IB_3109-IB_3572
VIE;0820;+0100;1435;+0200;0;AF_2325-AF_1738
VIE;1215;+0100;1830;+0200;0;LX_2085-LX_1582
VIE;1650;+0100;2305;+0200;0;LH_1169-LH_1246
VIE;0820;+0100;1440;+0200;0;AF_2325-AF_1738
VIE;1115;+0100;1735;+0200;0;AF_1025-AF_1438
VIE;1450;+0100;2110;+0200;0;TP_926-TP_8706
VIE;1455;+0100;2115;+0200;0;SN_6404-SN_2909
VIE;1455;+0100;2115;+0200;0;OS_8150-OS_8178
VIE;1520;+0100;2140;+0200;0;TP_944-TP_8748
VIE;1115;+0100;1740;+0200;0;AF_1025-AF_1438
VIE;1450;+0100;2115;+0200;0;TP_926-TP_8706
VIE;1450;+0100;2115;+0200;0;LX_4583-LX_3558
VIE;1450;+0100;2115;+0200;0;OS_8142-OS_566
VIE;1520;+0100;2145;+0200;0;TP_944-TP_8748
VIE;1640;+0100;2305;+0200;0;OS_7396-OS_7210
VIE;1200;+0100;1835;+0200;0;OS_7394-OS_7206
VIE;1205;+0100;1840;+0200;0;BD_3349-BD_2988
VIE;1205;+0100;1840;+0200;0;LH_1167-LH_1242
VIE;1535;+0100;2210;+0200;0;KL_1694-KL_1849
VIE;1620;+0100;2255;+0200;0;AB_7613-AB_3253
VIE;1635;+0100;2310;+0200;0;IB_3103-IB_8476
VIE;1455;+0100;2135;+0200;0;OS_8146-OS_516
VIE;1455;+0100;2135;+0200;0;TP_804-TP_8716
VIE;1535;+0100;2215;+0200;0;AF_1625-AF_1756
VIE;1245;+0100;1935;+0200;0;OS_8148-OS_354
VIE;1245;+0100;1935;+0200;0;SN_6410-SN_6003
VIE;1245;+0100;1935;+0200;0;TP_608-TP_8719
VIE;1455;+0100;2145;+0200;0;OS_8150-OS_356
VIE;1455;+0100;2145;+0200;0;TP_614-TP_8722
VIE;1455;+0100;2145;+0200;0;SN_6404-SN_6005
VIE;1620;+0100;2310;+0200;0;AB_7613-AB_9139
VIE;1100;+0100;1755;+0200;0;AA_6575-AA_6643
VIE;1145;+0100;1840;+0200;0;LH_3333-LH_3094
VIE;1100;+0100;1800;+0200;0;BA_501-BA_704
VIE;1215;+0100;1915;+0200;0;LX_2085-LX_3556
VIE;1235;+0100;1935;+0200;0;SN_3816-SN_6003
VIE;1235;+0100;1935;+0200;0;BD_5566-BD_2834
VIE;0905;+0100;1610;+0200;0;OS_8144-OS_398
VIE;0905;+0100;1610;+0200;0;TP_1040-TP_8708
VIE;0905;+0100;1610;+0200;0;JK_9430-JK_9201
VIE;1205;+0100;1910;+0200;0;LH_1167-LH_6346
VIE;1450;+0100;2155;+0200;0;LX_4583-LX_1584
VIE;1450;+0100;2155;+0200;0;OS_8142-OS_8808
VIE;0655;+0100;1405;+0200;0;UA_8862-UA_8966
VIE;1200;+0100;1910;+0200;0;OS_7394-OS_132
VIE;1420;+0100;2130;+0200;0;TG_7302-TG_7206
VIE;1420;+0100;2130;+0200;0;LH_6953-LH_6338
VIE;0650;+0100;1405;+0200;0;UA_8862-UA_8966
VIE;0655;+0100;1410;+0200;0;BD_3351-BD_2984
VIE;0655;+0100;1410;+0200;0;UA_8862-UA_8966
VIE;0655;+0100;1410;+0200;0;LH_1173-LH_1238
VIE;1420;+0100;2135;+0200;0;TP_576-TP_8744
VIE;1450;+0100;2205;+0200;0;LX_4583-LX_1584
VIE;1450;+0100;2205;+0200;0;OS_8142-OS_8808
VIE;0650;+0100;1410;+0200;0;UA_8862-UA_8966
VIE;0910;+0100;1635;+0200;0;LO_5442-LO_5223
VIE;1245;+0100;2020;+0200;0;SN_6410-SN_2907
VIE;1245;+0100;2020;+0200;0;OS_8148-OS_8176
VIE;1115;+0100;1855;+0200;0;AF_1025-AF_1656
VIE;1145;+0100;1925;+0200;0;LH_3333-LH_3096
VIE;1155;+0100;1935;+0200;0;TP_608-TP_8719
VIE;1205;+0100;1950;+0200;0;LH_1167-LH_6929
VIE;1235;+0100;2020;+0200;0;BD_5566-BD_5487
VIE;1235;+0100;2020;+0200;0;SN_3816-SN_2907
VIE;0930;+0100;1740;+0200;0;AZ_7765-AZ_190
VIE;1115;+0100;1925;+0200;0;AF_1025-AF_2138
VIE;1115;+0100;1925;+0200;0;AF_1025-AF_2038
VIE;0835;+0100;1650;+0200;0;LH_6955-LH_6336
VIE;0835;+0100;1650;+0200;0;TP_572-TP_8742
VIE;1335;+0100;2200;+0200;0;JL_7732-JL_7729
VIE;1335;+0100;2200;+0200;0;BA_507-BA_706
VIE;1415;+0100;2240;+0200;0;LH_1791-LH_6330
VIE;1415;+0100;2240;+0200;0;OS_7488-OS_118
VIE;0800;+0100;1630;+0200;0;LH_6951-LH_2330
VIE;1245;+0100;2115;+0200;0;OS_8148-OS_8178
VIE;1245;+0100;2115;+0200;0;SN_6410-SN_2909
VIE;0600;+0100;1435;+0200;0;AF_2325-AF_1738
VIE;0600;+0100;1440;+0200;0;AF_2325-AF_1738
VIE;0730;+0100;1610;+0200;0;TP_1038-TP_8708
VIE;0730;+0100;1610;+0200;0;JK_9432-JK_9201
VIE;0905;+0100;1745;+0200;0;SN_3814-SN_2905
VIE;1235;+0100;2115;+0200;0;SN_3816-SN_2909
VIE;1235;+0100;2115;+0200;0;BD_5566-BD_5489
VIE;0905;+0100;1750;+0200;0;BD_5564-BD_5493
VIE;1000;+0100;1845;+0200;0;IB_3111-IB_3572
VIE;1420;+0100;2305;+0200;0;LH_6953-LH_1246
VIE;1215;+0100;2110;+0200;0;TP_6763-TP_8706
VIE;1215;+0100;2115;+0200;0;LX_2085-LX_3558
VIE;1215;+0100;2115;+0200;0;TP_6763-TP_8706
VIE;1245;+0100;2145;+0200;0;SN_6410-SN_6005
VIE;1245;+0100;2145;+0200;0;OS_8148-OS_356
VIE;1245;+0100;2145;+0200;0;TP_608-TP_8722
VIE;1235;+0100;2145;+0200;0;BD_5566-BD_2836
VIE;1235;+0100;2145;+0200;0;SN_3816-SN_6005
VIE;0820;+0100;1735;+0200;0;AF_2325-AF_1438
VIE;0835;+0100;1750;+0200;0;LH_6955-LH_1240
BRU;0755;+0100;1135;+0200;0;SN_6402
BRU;1455;+0100;1835;+0200;0;EY_5812
BRU;1455;+0100;1835;+0200;0;SN_6404
BRU;1455;+0100;1835;+0200;0;TP_614
BRU;0710;+0100;1055;+0200;0;TP_606
BRU;0905;+0100;1250;+0200;0;SN_3814
BRU;0905;+0100;1250;+0200;0;BD_5564
BRU;1155;+0100;1540;+0200;0;TP_608
BRU;1235;+0100;1620;+0200;0;SN_3816
BRU;1245;+0100;1630;+0200;0;TP_608
BRU;1245;+0100;1630;+0200;0;SN_6410
BRU;1545;+0100;1930;+0200;0;TP_614
BRU;1940;+0100;2325;+0200;0;SN_3820
BRU;1945;+0100;2330;+0200;0;SN_6406
BRU;1955;+0100;2340;+0200;0;TP_618
BRU;1635;+0100;2200;+0200;0;IB_3103-IB_3208
BRU;1745;+0100;2315;+0200;0;JK_9424-JK_9273
BRU;0830;+0100;1415;+0200;0;IB_3107-IB_3202
BRU;0840;+0100;1425;+0200;0;JK_9464-JK_9286
BRU;0900;+0100;1445;+0200;0;JK_9448-JK_9269
BRU;1235;+0100;1820;+0200;0;IB_3109-IB_3214
BRU;1420;+0100;2005;+0200;0;LH_6953-LH_1020
BRU;0615;+0100;1205;+0200;0;UA_8957-UA_9284
BRU;0615;+0100;1205;+0200;0;LH_1793-LH_2286
BRU;0655;+0100;1245;+0200;0;LH_1173-LH_1010
BRU;0800;+0100;1350;+0200;0;LX_4581-LX_780
BRU;1215;+0100;1805;+0200;0;LX_2085-LX_782
BRU;0600;+0100;1155;+0200;0;AF_2325-AF_7179
BRU;1105;+0100;1700;+0200;0;SN_6411-SN_3812
BRU;0810;+0100;1410;+0200;0;TP_1952-TP_602
BRU;0820;+0100;1423;+0200;0;AF_2325-AF_7183
BRU;1105;+0100;1725;+0200;0;EY_5846-EY_7278
BRU;1415;+0100;2035;+0200;0;LH_1791-LH_2294
BRU;0800;+0100;1425;+0200;0;LH_6951-LH_2288
BRU;0800;+0100;1425;+0200;0;A3_1758-A3_1420
BRU;0800;+0100;1430;+0200;0;A3_1758-A3_1420
BRU;0815;+0100;1445;+0200;0;BA_499-BA_394
BRU;1205;+0100;1835;+0200;0;LH_1167-LH_1018
BRU;1535;+0100;2205;+0200;0;KL_1694-KL_1733
BRU;0815;+0100;1450;+0200;0;AA_6402-AA_6427
BRU;1200;+0100;1835;+0200;0;SN_7076-SN_7010
BRU;1330;+0100;2010;+0200;0;OS_8154-OS_8173
BRU;1630;+0100;2310;+0200;0;JK_9400-JK_9261
BRU;0715;+0100;1400;+0200;0;KL_1692-KL_1725
BRU;1450;+0100;2135;+0200;0;LX_4583-LX_770
BRU;1215;+0100;1910;+0200;0;LX_2085-LX_788
BRU;0655;+0100;1400;+0200;0;UA_8862-UA_9354
BRU;0655;+0100;1400;+0200;0;LH_1173-LH_1012
BRU;0650;+0100;1400;+0200;0;SN_7128-SN_7004
BRU;0650;+0100;1400;+0200;0;UA_8862-UA_9354
BRU;1315;+0100;2030;+0200;0;TP_1960-TP_602
BRU;0650;+0100;1410;+0200;0;TP_1950-TP_602
BRU;0655;+0100;1415;+0200;0;IB_3119-IB_3202
BRU;1335;+0100;2055;+0200;0;BA_507-BA_400
BRU;1115;+0100;1845;+0200;0;AF_1025-AF_7185
BRU;1100;+0100;1835;+0200;0;AA_6575-AA_6457
BRU;1100;+0100;1835;+0200;0;BA_501-BA_398
BRU;0705;+0100;1445;+0200;0;JK_9414-JK_9269
BRU;0905;+0100;1650;+0200;0;JK_9476-JK_9285
BRU;0815;+0100;1605;+0200;0;AA_6402-AA_6456
BRU;0930;+0100;1725;+0200;0;AZ_7765-AZ_160
BRU;1200;+0100;1955;+0200;0;SN_7076-SN_7012
BRU;1420;+0100;2215;+0200;0;LH_6953-LH_1024
BRU;0815;+0100;1615;+0200;0;BA_499-BA_396
BRU;1155;+0100;1955;+0200;0;JK_9416-JK_9271
BRU;1205;+0100;2005;+0200;0;LH_1167-LH_1020
BRU;1515;+0100;2315;+0200;0;JK_9468-JK_9273
BRU;0615;+0100;1425;+0200;0;LH_1793-LH_2288
BRU;0835;+0100;1645;+0200;0;LH_6955-LH_1014
BRU;1000;+0100;1820;+0200;0;IB_3111-IB_3214
BRU;1335;+0100;2155;+0200;0;BA_507-BA_404
BRU;1415;+0100;2235;+0200;0;LH_1791-LH_2296
BRU;0600;+0100;1423;+0200;0;AF_2325-AF_7183
BRU;0905;+0100;1730;+0200;0;JK_9430-JK_9257
BRU;0650;+0100;1520;+0200;0;EY_5844-EY_7278
BRU;0800;+0100;1635;+0200;0;LH_6951-LH_2290
BRU;1430;+0100;2310;+0200;0;JK_9493-JK_9261
MIL;0800;+0100;1140;+0200;0;AZ_7753
MIL;0800;+0100;1140;+0200;0;TP_802
MIL;1455;+0100;1835;+0200;0;TP_804
MIL;0910;+0100;1255;+0200;0;TP_806
MIL;0800;+0100;1315;+0200;0;LX_4581-LX_1628
MIL;1215;+0100;1745;+0200;0;LX_2085-LX_1622
MIL;1235;+0100;1810;+0200;0;IB_3109-IB_3642
MIL;1520;+0100;2055;+0200;0;TP_1972-TP_814
MIL;1635;+0100;2215;+0200;0;IB_3103-IB_3634
MIL;0720;+0100;1310;+0200;0;AZ_7761-AZ_2034
MIL;0830;+0100;1420;+0200;0;IB_3107-IB_3636
MIL;1145;+0100;1735;+0200;0;LH_3333-LH_3182
MIL;1420;+0100;2010;+0200;0;AZ_7767-AZ_2056
MIL;0820;+0100;1415;+0200;0;AF_2325-AF_1714
MIL;1235;+0100;1835;+0200;0;BD_5566-BD_5409
MIL;1415;+0100;2015;+0200;0;LH_1791-LH_1864
MIL;0615;+0100;1220;+0200;0;UA_8957-UA_8992
MIL;0615;+0100;1220;+0200;0;LH_1793-LH_1856
MIL;0615;+0100;1225;+0200;0;UA_8957-UA_8992
MIL;1420;+0100;2030;+0200;0;AZ_7767-AZ_2108
MIL;1650;+0100;2300;+0200;0;LH_1169-LH_258
MIL;0800;+0100;1420;+0200;0;LH_6951-LH_1858
MIL;1215;+0100;1840;+0200;0;LX_2085-LX_1636
MIL;0820;+0100;1450;+0200;0;AF_2325-AF_1712
MIL;1420;+0100;2050;+0200;0;AZ_7767-AZ_2110
MIL;0650;+0100;1325;+0200;0;TP_1950-TP_812
MIL;1205;+0100;1840;+0200;0;LH_1167-LH_276
MIL;1450;+0100;2125;+0200;0;LX_4583-LX_1638
MIL;1535;+0100;2210;+0200;0;AF_1625-AF_9812
MIL;1535;+0100;2210;+0200;0;AZ_2627-AZ_311
MIL;0930;+0100;1610;+0200;0;AZ_7765-AZ_2044
MIL;1535;+0100;2215;+0200;0;KL_1694-KL_1635
MIL;1205;+0100;1850;+0200;0;LH_1167-LH_276
MIL;0655;+0100;1345;+0200;0;UA_8862-UA_9216
MIL;0720;+0100;1410;+0200;0;AZ_7761-AZ_2038
MIL;1420;+0100;2110;+0200;0;AZ_7767-AZ_2114
MIL;0650;+0100;1345;+0200;0;UA_8862-UA_9216
MIL;0655;+0100;1350;+0200;0;LH_1173-LH_252
MIL;0655;+0100;1350;+0200;0;UA_8862-UA_9216
MIL;0715;+0100;1410;+0200;0;KL_1692-KL_3419
MIL;0650;+0100;1350;+0200;0;UA_8862-UA_9216
MIL;1535;+0100;2235;+0200;0;AZ_2627-AZ_7349
MIL;1535;+0100;2235;+0200;0;AF_1625-AF_2514
MIL;1535;+0100;2240;+0200;0;KL_1694-KL_1635
MIL;0720;+0100;1430;+0200;0;AZ_7761-AZ_1026
MIL;0905;+0100;1615;+0200;0;BD_5564-BD_5407
MIL;0905;+0100;1615;+0200;0;SN_3814-SN_3157
MIL;1335;+0100;2045;+0200;0;BA_507-BA_580
MIL;1100;+0100;1815;+0200;0;AA_6575-AA_6312
MIL;1420;+0100;2140;+0200;0;AZ_7767-AZ_2058
MIL;0655;+0100;1420;+0200;0;IB_3119-IB_3636
MIL;0930;+0100;1710;+0200;0;AZ_7765-AZ_2080
MIL;1315;+0100;2055;+0200;0;TP_1960-TP_814
MIL;1455;+0100;2235;+0200;0;SN_6404-SN_3161
MIL;0905;+0100;1650;+0200;0;SN_3814-SN_3157
MIL;0720;+0100;1510;+0200;0;AZ_7761-AZ_2068
MIL;1145;+0100;1935;+0200;0;LH_3333-LH_3184
MIL;1335;+0100;2125;+0200;0;BA_507-BA_570
MIL;1420;+0100;2210;+0200;0;AZ_7767-AZ_2118
MIL;1420;+0100;2215;+0200;0;LH_6953-LH_278
MIL;0930;+0100;1730;+0200;0;AZ_7765-AZ_2046
MIL;0600;+0100;1405;+0200;0;AZ_2899-AZ_7847
MIL;0615;+0100;1420;+0200;0;LH_1793-LH_1858
MIL;1420;+0100;2225;+0200;0;AZ_7767-AZ_2312
MIL;1000;+0100;1810;+0200;0;IB_3111-IB_3642
MIL;0600;+0100;1415;+0200;0;AF_2325-AF_1714
MIL;0600;+0100;1415;+0200;0;AZ_2899-AZ_7353
MIL;0800;+0100;1615;+0200;0;LH_6951-LH_1860
MIL;0835;+0100;1650;+0200;0;LH_6955-LH_274
OSL;0910;+0100;1415;+0200;0;TP_766
OSL;0715;+0100;1330;+0200;0;KL_1692-KL_1217
OSL;1535;+0100;2205;+0200;0;KL_1694-KL_1221
OSL;1215;+0100;1910;+0200;0;LX_2085-LX_1216
OSL;1650;+0100;2345;+0200;0;LH_1169-LH_864
OSL;1535;+0100;2235;+0200;0;KL_1694-KL_1151
OSL;1115;+0100;1820;+0200;0;AF_1025-AF_2374
OSL;1205;+0100;1915;+0200;0;LH_1167-LH_6280
OSL;0800;+0100;1520;+0200;0;LH_6951-LH_6170
OSL;1455;+0100;2215;+0200;0;EY_5812-EY_7207
OSL;1455;+0100;2215;+0200;0;SN_6404-SN_2287
OSL;1415;+0100;2140;+0200;0;LH_1791-LH_2456
OSL;1455;+0100;2220;+0200;0;SN_6404-SN_2287
OSL;1450;+0100;2220;+0200;0;LX_4583-LX_4710
OSL;0905;+0100;1640;+0200;0;JK_9430-JK_9012
OSL;0655;+0100;1435;+0200;0;LH_1173-LH_6230
OSL;0905;+0100;1655;+0200;0;SN_3814-SN_2283
OSL;1420;+0100;2210;+0200;0;LH_6953-LH_6106
OSL;0815;+0100;1610;+0200;0;BA_499-BA_766
OSL;0815;+0100;1620;+0200;0;AA_6402-AA_6629
OSL;1335;+0100;2225;+0200;0;JL_7732-JL_7711
OSL;1335;+0100;2225;+0200;0;BA_507-BA_770
OSL;0715;+0100;1610;+0200;0;KL_1692-KL_1147
OSL;0755;+0100;1655;+0200;0;SN_6402-SN_2283
OSL;0615;+0100;1520;+0200;0;LH_1793-LH_6170
OSL;0730;+0100;1640;+0200;0;JK_9432-JK_9012
OSL;1100;+0100;2010;+0200;0;AA_6575-AA_6406
OSL;1100;+0100;2010;+0200;0;BA_501-BA_768
OSL;1145;+0100;2055;+0200;0;LH_3333-LH_6208
OSL;0800;+0100;1725;+0200;0;LH_6951-LH_2454
OSL;1100;+0100;2025;+0200;0;AA_6575-AA_6406
OSL;1420;+0100;2345;+0200;0;NH_6736-NH_6185
OSL;1420;+0100;2345;+0200;0;LH_6953-LH_864
OSL;1245;+0100;2215;+0200;0;SN_6410-SN_2287
OSL;1330;+0100;2300;+0200;0;OS_8154-OS_331
OSL;1245;+0100;2220;+0200;0;SN_6410-SN_2287
OSL;1235;+0100;2215;+0200;0;SN_3816-SN_2287
OSL;0835;+0100;1820;+0200;0;LH_6955-LH_862
OSL;1235;+0100;2220;+0200;0;SN_3816-SN_2287
OSL;1115;+0100;2110;+0200;0;AF_1025-AF_1274
OSL;0820;+0100;1820;+0200;0;AF_2325-AF_2374
OSL;1205;+0100;2210;+0200;0;LH_1167-LH_6106
OSL;1215;+0100;2220;+0200;0;LX_2085-LX_4710
OSL;0835;+0100;1915;+0200;0;LH_6955-LH_6280
OSL;0615;+0100;1725;+0200;0;LH_1793-LH_2454
OSL;0655;+0100;1805;+0200;0;UA_8862-UA_9536
OSL;0800;+0100;1910;+0200;0;LX_4581-LX_1216
OSL;0650;+0100;1805;+0200;0;UA_8862-UA_9536
OSL;0655;+0100;1820;+0200;0;BD_3351-BD_2932
OSL;0655;+0100;1820;+0200;0;LH_1173-LH_862
OSL;1100;+0100;2225;+0200;0;BA_501-BA_770
OSL;0715;+0100;1850;+0200;0;KL_1692-KL_1149
OSL;1205;+0100;2345;+0200;0;LH_1167-LH_864
OSL;1205;+0100;2345;+0200;0;BD_3349-BD_2928
OSL;0815;+0100;2010;+0200;0;BA_499-BA_768
OSL;0815;+0100;2010;+0200;0;AA_6402-AA_6406
AMS;0715;+0100;1110;+0200;0;KL_1692
AMS;0755;+0100;1150;+0200;0;TP_664
AMS;1310;+0100;1705;+0200;0;UA_9604
AMS;1425;+0100;1820;+0200;0;TP_662
AMS;1535;+0100;1930;+0200;0;KL_1694
AMS;1945;+0100;2340;+0200;0;TP_668
AMS;0600;+0100;1140;+0200;0;AF_2325-AF_8230
AMS;0820;+0100;1400;+0200;0;AF_2325-AF_1740
AMS;1235;+0100;1820;+0200;0;IB_3109-IB_3250
AMS;1535;+0100;2140;+0200;0;AF_1625-AF_8242
AMS;0830;+0100;1440;+0200;0;IB_3107-IB_3246
AMS;0800;+0100;1415;+0200;0;LX_4581-LX_728
AMS;1115;+0100;1735;+0200;0;AF_1025-AF_2040
AMS;1415;+0100;2035;+0200;0;LH_1791-LH_2310
AMS;0615;+0100;1245;+0200;0;LH_1793-LH_2304
AMS;0800;+0100;1430;+0200;0;AZ_7771-AZ_7740
AMS;1335;+0100;2010;+0200;0;BA_507-BA_442
AMS;1215;+0100;1905;+0200;0;LX_2085-LX_734
AMS;0600;+0100;1255;+0200;0;AF_2325-AF_1640
AMS;1545;+0100;2250;+0200;0;UX_1156-UX_3765
AMS;0655;+0100;1405;+0200;0;UA_8862-UA_9163
AMS;1545;+0100;2255;+0200;0;UX_1156-UX_3765
AMS;0650;+0100;1405;+0200;0;UA_8862-UA_9163
AMS;0800;+0100;1515;+0200;0;AZ_7753-AZ_7720
AMS;0815;+0100;1530;+0200;0;BA_499-BA_438
AMS;1100;+0100;1815;+0200;0;AA_6575-AA_6459
AMS;1100;+0100;1815;+0200;0;BA_501-BA_440
AMS;0655;+0100;1415;+0200;0;UA_8862-UA_9163
AMS;0655;+0100;1415;+0200;0;LH_1173-LH_992
AMS;0815;+0100;1535;+0200;0;AA_6402-AA_6398
AMS;1450;+0100;2210;+0200;0;LX_4583-LX_736
AMS;0650;+0100;1415;+0200;0;UA_8862-UA_9163
AMS;1205;+0100;1930;+0200;0;LH_1167-LH_998
AMS;1315;+0100;2040;+0200;0;TP_1960-TP_652
AMS;0820;+0100;1555;+0200;0;AF_2325-AF_8234
AMS;0655;+0100;1440;+0200;0;IB_3119-IB_3246
AMS;0755;+0100;1540;+0200;0;UX_1154-UX_3763
AMS;0755;+0100;1540;+0200;0;AM_6946-AM_6503
AMS;1420;+0100;2215;+0200;0;LH_6953-LH_1002
AMS;0600;+0100;1400;+0200;0;AF_2325-AF_1740
AMS;0740;+0100;1540;+0200;0;AM_6946-AM_6503
AMS;0720;+0100;1525;+0200;0;AZ_7761-AZ_7714
AMS;0930;+0100;1735;+0200;0;AZ_7765-AZ_132
AMS;1415;+0100;2220;+0200;0;LH_1791-LH_2312
AMS;1420;+0100;2235;+0200;0;AZ_7767-AZ_7716
AMS;1000;+0100;1820;+0200;0;IB_3111-IB_3250
AMS;1115;+0100;1940;+0200;0;AF_1025-AF_2240
AMS;1330;+0100;2155;+0200;0;OS_8154-OS_377
AMS;1335;+0100;2210;+0200;0;BA_507-BA_444
AMS;0800;+0100;1645;+0200;0;LH_6951-LH_2306
ZRH;0800;+0100;1140;+0200;0;TP_922
ZRH;0800;+0100;1140;+0200;0;LX_4581
ZRH;1215;+0100;1555;+0200;0;TP_6763
ZRH;1215;+0100;1555;+0200;0;LX_2085
ZRH;1215;+0100;1555;+0200;0;UA_9793
ZRH;1450;+0100;1835;+0200;0;LX_4583
ZRH;1450;+0100;1835;+0200;0;TP_926
ZRH;1855;+0100;2240;+0200;0;TP_928
ZRH;1855;+0100;2240;+0200;0;LX_4591
ZRH;0810;+0100;1335;+0200;0;TP_1952-TP_916
ZRH;1635;+0100;2200;+0200;0;IB_3103-IB_3476
ZRH;1155;+0100;1735;+0200;0;JK_9416-JK_9503
ZRH;1420;+0100;2000;+0200;0;CA_7050-CA_6373
ZRH;1235;+0100;1820;+0200;0;IB_3109-IB_3474
ZRH;1115;+0100;1705;+0200;0;AF_1025-AF_5106
ZRH;0820;+0100;1415;+0200;0;AF_2325-AF_5104
ZRH;0655;+0100;1255;+0200;0;UA_8862-UA_9008
ZRH;0655;+0100;1255;+0200;0;BD_3351-BD_3556
ZRH;0655;+0100;1255;+0200;0;LH_1173-LH_1190
ZRH;0615;+0100;1220;+0200;0;UA_8957-UA_8776
ZRH;0615;+0100;1220;+0200;0;LH_1793-LH_2368
ZRH;0650;+0100;1255;+0200;0;UA_8862-UA_9008
ZRH;0835;+0100;1440;+0200;0;LH_6955-LH_1192
ZRH;0715;+0100;1330;+0200;0;KL_1692-KL_1959
ZRH;1415;+0100;2030;+0200;0;LH_1791-LH_2374
ZRH;1455;+0100;2110;+0200;0;SN_6404-SN_5113
ZRH;1620;+0100;2235;+0200;0;AB_7613-AB_9749
ZRH;1145;+0100;1805;+0200;0;LH_3333-LH_3138
ZRH;1520;+0100;2155;+0200;0;LX_4587-LX_2819
ZRH;1515;+0100;2155;+0200;0;JK_9468-JK_9505
ZRH;0650;+0100;1335;+0200;0;TP_1950-TP_916
ZRH;0800;+0100;1450;+0200;0;LX_4585-LX_2811
ZRH;0835;+0100;1525;+0200;0;LH_6955-LH_5774
ZRH;1330;+0100;2020;+0200;0;OS_8154-OS_8807
ZRH;1535;+0100;2225;+0200;0;KL_1694-KL_1969
ZRH;1205;+0100;1900;+0200;0;LH_1167-LH_5776
ZRH;0800;+0100;1500;+0200;0;LH_6951-LH_5784
ZRH;1245;+0100;1950;+0200;0;SN_6410-SN_5111
ZRH;0905;+0100;1615;+0200;0;SN_3814-SN_5107
ZRH;1330;+0100;2040;+0200;0;OS_8154-OS_8807
ZRH;1430;+0100;2140;+0200;0;JK_9493-JK_9511
ZRH;1205;+0100;1920;+0200;0;BD_3349-BD_3554
ZRH;1205;+0100;1920;+0200;0;LH_1167-LH_1198
ZRH;1235;+0100;1950;+0200;0;SN_3816-SN_5111
ZRH;1420;+0100;2140;+0200;0;LH_6953-LH_5778
ZRH;0905;+0100;1630;+0200;0;JK_9476-JK_9513
ZRH;1145;+0100;1910;+0200;0;LH_3333-LH_3140
ZRH;0905;+0100;1635;+0200;0;JK_9430-JK_9509
ZRH;1415;+0100;2145;+0200;0;LH_1791-LH_5788
ZRH;1115;+0100;1855;+0200;0;AF_1025-AF_5108
ZRH;0655;+0100;1440;+0200;0;UA_8862-UA_9032
ZRH;0655;+0100;1440;+0200;0;LH_1173-LH_1192
ZRH;0655;+0100;1440;+0200;0;BD_3351-BD_3558
ZRH;0650;+0100;1440;+0200;0;UA_8862-UA_9032
ZRH;1100;+0100;1850;+0200;0;AA_6575-AA_6565
ZRH;1100;+0100;1850;+0200;0;BA_501-BA_718
ZRH;0800;+0100;1600;+0200;0;LX_4585-LX_2813
ZRH;0815;+0100;1620;+0200;0;BA_499-BA_716
ZRH;0840;+0100;1645;+0200;0;JK_9458-JK_9529
ZRH;0815;+0100;1625;+0200;0;AA_6402-AA_6354
ZRH;1330;+0100;2140;+0200;0;OS_8154-OS_567
ZRH;0600;+0100;1415;+0200;0;AF_2325-AF_5104
ZRH;1335;+0100;2150;+0200;0;BA_507-BA_720
ZRH;1335;+0100;2150;+0200;0;JL_7732-JL_7731
ZRH;0755;+0100;1615;+0200;0;SN_6402-SN_5107
ZRH;1000;+0100;1820;+0200;0;IB_3111-IB_3474
ZRH;1245;+0100;2110;+0200;0;SN_6410-SN_5113
ZRH;0655;+0100;1525;+0200;0;LH_1173-LH_5774
GVA;0800;+0100;1120;+0200;0;TP_946
GVA;0800;+0100;1120;+0200;0;LX_4585
GVA;1520;+0100;1845;+0200;0;EY_5818
GVA;1520;+0100;1845;+0200;0;TP_944
GVA;1520;+0100;1845;+0200;0;LX_4587
GVA;0705;+0100;1200;+0200;0;JK_9414-JK_9537
GVA;1635;+0100;2135;+0200;0;IB_3103-IB_3482
GVA;1235;+0100;1755;+0200;0;IB_3109-IB_3486
GVA;1215;+0100;1740;+0200;0;LX_2085-LX_2808
GVA;1630;+0100;2155;+0200;0;JK_9400-JK_9525
GVA;1235;+0100;1815;+0200;0;BD_5566-BD_5269
GVA;1235;+0100;1815;+0200;0;SN_3816-SN_2725
GVA;1235;+0100;1820;+0200;0;SN_3816-SN_2725
GVA;0820;+0100;1410;+0200;0;AF_2325-AF_2142
GVA;1205;+0100;1755;+0200;0;BD_3349-BD_3118
GVA;1205;+0100;1755;+0200;0;LH_1167-LH_1222
GVA;1115;+0100;1710;+0200;0;AF_1025-AF_2442
GVA;0655;+0100;1255;+0200;0;UA_8862-UA_9018
GVA;0800;+0100;1400;+0200;0;LX_4581-LX_2806
GVA;1115;+0100;1715;+0200;0;AF_1025-AF_2442
GVA;1315;+0100;1915;+0200;0;TP_1960-TP_936
GVA;1415;+0100;2015;+0200;0;LH_1791-LH_2388
GVA;0615;+0100;1220;+0200;0;LH_1793-LH_2382
GVA;0650;+0100;1255;+0200;0;UA_8862-UA_9018
GVA;0655;+0100;1300;+0200;0;UA_8862-UA_9018
GVA;0655;+0100;1300;+0200;0;LH_1173-LH_1216
GVA;0655;+0100;1300;+0200;0;BD_3351-BD_3096
GVA;0650;+0100;1300;+0200;0;UA_8862-UA_9018
GVA;0830;+0100;1440;+0200;0;IB_3107-IB_3490
GVA;1215;+0100;1825;+0200;0;LX_2085-LX_2810
GVA;1535;+0100;2145;+0200;0;AF_1625-AF_1242
GVA;1535;+0100;2145;+0200;0;KL_1694-KL_1937
GVA;0650;+0100;1305;+0200;0;TP_1950-TP_938
GVA;0715;+0100;1330;+0200;0;KL_1692-KL_1929
GVA;1450;+0100;2125;+0200;0;LX_4583-LX_2816
GVA;1100;+0100;1755;+0200;0;BA_501-BA_734
GVA;1100;+0100;1800;+0200;0;AA_6575-AA_6344
GVA;1515;+0100;2215;+0200;0;JK_9468-JK_9539
GVA;1335;+0100;2040;+0200;0;BA_507-BA_736
GVA;0600;+0100;1310;+0200;0;AF_2325-AF_2042
GVA;0905;+0100;1615;+0200;0;JK_9430-JK_9541
GVA;0655;+0100;1410;+0200;0;UA_8862-UA_9020
GVA;0650;+0100;1410;+0200;0;UA_8862-UA_9020
GVA;1205;+0100;1925;+0200;0;LH_1167-LH_1226
GVA;1205;+0100;1925;+0200;0;BD_3349-BD_3104
GVA;1455;+0100;2215;+0200;0;SN_6404-SN_2723
GVA;0655;+0100;1420;+0200;0;LH_1173-LH_1218
GVA;0655;+0100;1420;+0200;0;BD_3351-BD_3106
GVA;0655;+0100;1420;+0200;0;UA_8862-UA_9020
GVA;1145;+0100;1910;+0200;0;LH_3333-LH_3164
GVA;1205;+0100;1930;+0200;0;BD_3349-BD_3120
GVA;1205;+0100;1930;+0200;0;LH_1167-LH_1224
GVA;1430;+0100;2155;+0200;0;JK_9493-JK_9525
GVA;0650;+0100;1420;+0200;0;UA_8862-UA_9020
GVA;0905;+0100;1645;+0200;0;BD_5564-BD_5279
GVA;0905;+0100;1645;+0200;0;SN_3814-SN_2719
GVA;1245;+0100;2025;+0200;0;SN_6410-SN_2721
GVA;0655;+0100;1440;+0200;0;IB_3119-IB_3490
GVA;1245;+0100;2030;+0200;0;SN_6410-SN_2721
GVA;0820;+0100;1610;+0200;0;AF_2325-AF_2342
GVA;1235;+0100;2025;+0200;0;SN_3816-SN_2721
GVA;1000;+0100;1755;+0200;0;IB_3111-IB_3486
GVA;1235;+0100;2030;+0200;0;BD_5566-BD_5281
GVA;1235;+0100;2030;+0200;0;SN_3816-SN_2721
GVA;1420;+0100;2220;+0200;0;CA_7050-CA_6335
GVA;0600;+0100;1410;+0200;0;AF_2325-AF_2142
GVA;1105;+0100;1915;+0200;0;TP_676-TP_936
GVA;1105;+0100;1915;+0200;0;EY_5846-EY_5866
GVA;1420;+0100;2230;+0200;0;LH_6953-LH_1228
GVA;1415;+0100;2230;+0200;0;LH_1791-LH_2390
GVA;0930;+0100;1750;+0200;0;AZ_7765-AZ_578
GVA;0800;+0100;1625;+0200;0;LH_6951-LH_2384
GVA;0815;+0100;1640;+0200;0;BA_499-BA_732
GVA;0815;+0100;1640;+0200;0;AA_6402-AA_6342
GVA;1115;+0100;1940;+0200;0;AF_1025-AF_1042
GVA;1450;+0100;2320;+0200;0;LX_4583-LX_2818
ROM;0720;+0100;1105;+0200;0;AZ_7761
ROM;0720;+0100;1105;+0200;0;TP_834
ROM;0930;+0100;1325;+0200;0;TP_838
ROM;0930;+0100;1325;+0200;0;AZ_7765
ROM;1420;+0100;1815;+0200;0;AZ_7767
ROM;1420;+0100;1815;+0200;0;TP_842
ROM;1855;+0100;2250;+0200;0;TP_836
ROM;1855;+0100;2250;+0200;0;AZ_7763
ROM;1635;+0100;2205;+0200;0;IB_3103-IB_3618
ROM;0830;+0100;1410;+0200;0;IB_3107-IB_3608
ROM;1000;+0100;1540;+0200;0;IB_3111-IB_3674
ROM;1235;+0100;1830;+0200;0;IB_3109-IB_3678
ROM;0800;+0100;1405;+0200;0;LX_4581-LX_1736
ROM;0820;+0100;1440;+0200;0;AF_2325-AF_9846
ROM;0905;+0100;1550;+0200;0;SN_3814-SN_3181
ROM;1535;+0100;2220;+0200;0;AF_1625-AF_9842
ROM;0615;+0100;1305;+0200;0;UA_8957-UA_9212
ROM;0615;+0100;1305;+0200;0;LH_1793-LH_1844
ROM;0905;+0100;1555;+0200;0;BD_5564-BD_5353
ROM;0905;+0100;1555;+0200;0;SN_3814-SN_3181
ROM;1215;+0100;1905;+0200;0;LX_2085-LX_1732
ROM;1415;+0100;2105;+0200;0;LH_1791-LH_1850
ROM;1535;+0100;2230;+0200;0;KL_1694-KL_1609
ROM;0650;+0100;1355;+0200;0;TP_1950-TP_852
ROM;0800;+0100;1505;+0200;0;AZ_7775-AZ_1470
ROM;1650;+0100;2355;+0200;0;LH_1169-LH_242
ROM;0655;+0100;1405;+0200;0;LH_1173-LH_234
ROM;0655;+0100;1405;+0200;0;BD_3351-BD_3598
ROM;0655;+0100;1405;+0200;0;UA_8862-UA_8746
ROM;0830;+0100;1540;+0200;0;IB_3107-IB_3674
ROM;0650;+0100;1405;+0200;0;UA_8862-UA_8746
ROM;0655;+0100;1410;+0200;0;IB_3119-IB_3608
ROM;1450;+0100;2210;+0200;0;LX_4583-LX_1734
ROM;1115;+0100;1845;+0200;0;AF_1025-AF_2204
ROM;1115;+0100;1845;+0200;0;AZ_2597-AZ_7305
ROM;1245;+0100;2015;+0200;0;SN_6410-SN_3183
ROM;1115;+0100;1850;+0200;0;AF_1025-AF_2204
ROM;1235;+0100;2015;+0200;0;BD_5566-BD_5355
ROM;1235;+0100;2015;+0200;0;SN_3816-SN_3183
ROM;0820;+0100;1610;+0200;0;AF_2325-AF_1904
ROM;0715;+0100;1510;+0200;0;KL_1692-KL_3401
ROM;0755;+0100;1550;+0200;0;SN_6402-SN_3181
ROM;0815;+0100;1610;+0200;0;AA_6402-AA_6519
ROM;1455;+0100;2250;+0200;0;SN_6404-SN_3187
ROM;0755;+0100;1555;+0200;0;SN_6402-SN_3181
ROM;0815;+0100;1615;+0200;0;BA_499-BA_560
ROM;0800;+0100;1605;+0200;0;AZ_7775-AZ_1462
ROM;0800;+0100;1605;+0200;0;AZ_7771-AZ_1318
ROM;0800;+0100;1610;+0200;0;AZ_7753-AZ_2071
ROM;1100;+0100;1910;+0200;0;BA_501-BA_554
ROM;1335;+0100;2155;+0200;0;BA_507-BA_558
ROM;0800;+0100;1630;+0200;0;AZ_7753-AZ_1027
ROM;0800;+0100;1630;+0200;0;LH_6951-LH_1846
ROM;1000;+0100;1830;+0200;0;IB_3111-IB_3678
ROM;1115;+0100;1945;+0200;0;AZ_2597-AZ_325
ROM;1115;+0100;1945;+0200;0;AF_1025-AF_9838
ROM;0600;+0100;1440;+0200;0;AF_2325-AF_9846
ROM;0600;+0100;1440;+0200;0;AZ_2899-AZ_333
ROM;0800;+0100;1640;+0200;0;AZ_7753-AZ_2083
ROM;0655;+0100;1540;+0200;0;IB_3119-IB_3674
ROM;0800;+0100;1655;+0200;0;AZ_7775-AZ_1476
ROM;0755;+0100;1655;+0200;0;UX_1154-UX_1047
ROM;0755;+0100;1655;+0200;0;AM_6946-AM_6927
ROM;0835;+0100;1735;+0200;0;LH_6955-LH_236
ROM;0755;+0100;1700;+0200;0;AM_6946-AM_6927
ROM;0715;+0100;1625;+0200;0;KL_1692-KL_1603
ROM;0800;+0100;1710;+0200;0;AZ_7753-AZ_2059
ROM;0815;+0100;1725;+0200;0;BA_499-BA_2540
ROM;0820;+0100;1730;+0200;0;AF_2325-AF_2104
ROM;0740;+0100;1655;+0200;0;AM_6946-AM_6927
ROM;0740;+0100;1700;+0200;0;AM_6946-AM_6927
ROM;1115;+0100;2040;+0200;0;AZ_2597-AZ_327
ROM;1115;+0100;2040;+0200;0;AF_1025-AF_9840
ROM;0815;+0100;1745;+0200;0;AA_6402-AA_6455
ROM;1235;+0100;2205;+0200;0;IB_3109-IB_3618
TLS;0910;+0100;1210;+0200;0;TP_492
TLS;1635;+0100;2215;+0200;0;IB_3103-IB_8772
TLS;1235;+0100;1830;+0200;0;IB_3109-IB_8770
TLS;1115;+0100;1715;+0200;0;AF_1025-AF_7786
TLS;0820;+0100;1435;+0200;0;AF_2325-AF_7794
TLS;1000;+0100;1625;+0200;0;IB_3111-IB_8776
TLS;1415;+0100;2050;+0200;0;LH_1791-LH_2220
TLS;1535;+0100;2220;+0200;0;KL_1694-KL_1313
TLS;0655;+0100;1345;+0200;0;UA_8862-UA_9162
TLS;0800;+0100;1450;+0200;0;LH_6951-LH_2216
TLS;0650;+0100;1345;+0200;0;UA_8862-UA_9162
TLS;1650;+0100;2345;+0200;0;LH_1169-LH_1100
TLS;1535;+0100;2235;+0200;0;AF_1625-AF_7792
TLS;0655;+0100;1410;+0200;0;LH_1173-LH_1096
TLS;0655;+0100;1410;+0200;0;BD_3351-BD_2936
TLS;0905;+0100;1630;+0200;0;SN_3814-SN_3669
TLS;0905;+0100;1630;+0200;0;BD_5564-BD_5423
TLS;0820;+0100;1600;+0200;0;AF_2325-AF_6126
TLS;1115;+0100;1900;+0200;0;AF_1025-AF_6136
TLS;0830;+0100;1625;+0200;0;IB_3107-IB_8776
TLS;1455;+0100;2250;+0200;0;SN_6404-SN_3675
TLS;0930;+0100;1730;+0200;0;AZ_7765-AZ_366
TLS;0820;+0100;1630;+0200;0;AF_2325-AF_6154
TLS;1115;+0100;1930;+0200;0;AF_1025-AF_6138
TLS;0820;+0100;1645;+0200;0;AF_2325-AF_6128
TLS;0600;+0100;1430;+0200;0;AF_2325-AF_6166
TLS;1000;+0100;1830;+0200;0;IB_3111-IB_8770
TLS;0600;+0100;1435;+0200;0;AF_2325-AF_7794
TLS;0615;+0100;1450;+0200;0;LH_1793-LH_2216
TLS;0755;+0100;1630;+0200;0;SN_6402-SN_3669
TLS;1115;+0100;1950;+0200;0;AF_1025-AF_7788
TLS;1415;+0100;2250;+0200;0;LH_1791-LH_2222
TLS;1115;+0100;2000;+0200;0;AF_1025-AF_6140
TLS;1335;+0100;2225;+0200;0;BA_507-BA_376
TLS;0820;+0100;1715;+0200;0;AF_2325-AF_6156
TLS;0820;+0100;1715;+0200;0;AF_2325-AF_7786
TLS;0600;+0100;1500;+0200;0;AF_2325-AF_6122
TLS;0815;+0100;1715;+0200;0;BA_499-BA_374
TLS;0815;+0100;1715;+0200;0;AA_6402-AA_6271
TLS;0715;+0100;1625;+0200;0;KL_1692-KL_1311
TLS;0820;+0100;1730;+0200;0;AF_2325-AF_6130
TLS;0835;+0100;1745;+0200;0;LH_6955-LH_1098
TLS;1115;+0100;2030;+0200;0;AF_1025-AF_6142
MAN;1330;+0100;1610;+0100;0;TP_324
MAN;1235;+0100;1730;+0100;0;SN_3816-SN_2177
MAN;1235;+0100;1730;+0100;0;BD_5566-BD_5377
MAN;0820;+0100;1325;+0100;0;AF_2325-AF_2268
MAN;0715;+0100;1225;+0100;0;KL_1692-KL_1083
MAN;0820;+0100;1340;+0100;0;AF_2325-AF_2268
MAN;0655;+0100;1220;+0100;0;BD_3351-BD_3352
MAN;0655;+0100;1220;+0100;0;LH_1173-LH_942
MAN;1205;+0100;1735;+0100;0;BD_3349-BD_3366
MAN;1205;+0100;1735;+0100;0;LH_1167-LH_946
MAN;1550;+0100;2125;+0100;0;TP_364-TP_8954
MAN;1550;+0100;2125;+0100;0;EY_5824-EY_7365
MAN;1100;+0100;1640;+0100;0;BA_501-BA_1396
MAN;1215;+0100;1810;+0100;0;LX_2085-LX_380
MAN;1650;+0100;2245;+0100;0;LH_1169-LH_948
MAN;1535;+0100;2135;+0100;0;KL_1694-KL_1097
MAN;1455;+0100;2100;+0100;0;SN_6404-SN_2183
MAN;0815;+0100;1435;+0100;0;BA_499-BA_1394
MAN;0905;+0100;1525;+0100;0;SN_3814-SN_2175
MAN;1450;+0100;2125;+0100;0;EY_5822-EY_7365
MAN;1450;+0100;2125;+0100;0;TP_356-TP_8954
MAN;1000;+0100;1700;+0100;0;IB_3111-IB_8502
MAN;1000;+0100;1705;+0100;0;TP_352-TP_8952
MAN;1550;+0100;2305;+0100;0;EY_5824-EY_7365
MAN;0600;+0100;1325;+0100;0;AF_2325-AF_2268
MAN;0755;+0100;1525;+0100;0;SN_6402-SN_2175
MAN;1145;+0100;1915;+0100;0;LH_3333-LH_3434
MAN;0600;+0100;1340;+0100;0;AF_2325-AF_2268
MAN;1100;+0100;1840;+0100;0;BA_501-BA_1402
MAN;1115;+0100;1855;+0100;0;AF_1025-AF_1168
MAN;0715;+0100;1505;+0100;0;KL_1692-KL_1087
MAN;1245;+0100;2100;+0100;0;SN_6410-SN_2183
MAN;1450;+0100;2305;+0100;0;EY_5822-EY_7365
MAN;1415;+0100;2235;+0100;0;LH_1791-LH_2504
MAN;0815;+0100;1640;+0100;0;BA_499-BA_1396
MAN;0905;+0100;1730;+0100;0;SN_3814-SN_2177
MAN;0905;+0100;1730;+0100;0;BD_5564-BD_5377
MAN;1235;+0100;2100;+0100;0;BD_5566-BD_5383
MAN;1235;+0100;2100;+0100;0;SN_3816-SN_2183
MAN;1335;+0100;2200;+0100;0;BA_507-BA_1404
MAN;1420;+0100;2245;+0100;0;LH_6953-LH_948
MAN;0800;+0100;1630;+0100;0;LH_6951-LH_2502
MAN;0830;+0100;1700;+0100;0;IB_3107-IB_8502
MAN;1335;+0100;2205;+0100;0;BA_507-BA_2914
MAN;0815;+0100;1655;+0100;0;BA_499-BA_2908
MAN;1245;+0100;2125;+0100;0;TP_342-TP_8954
MAN;0810;+0100;1705;+0100;0;EY_5810-EY_7373
MAN;0810;+0100;1705;+0100;0;TP_354-TP_8952
MAN;0835;+0100;1735;+0100;0;LH_6955-LH_946
MAN;0810;+0100;1540;+0100;0;EY_5810-EY_7327-EY_7351
MAN;0655;+0100;1435;+0100;0;IB_3119-IB_7442-IB_7676
MAN;0835;+0100;1705;+0100;0;LH_6955-LH_908-LH_6564
MAN;1415;+0100;2245;+0100;0;LH_1791-LH_121-LH_948
MAN;1415;+0100;2245;+0100;0;LH_1791-LH_123-LH_948
MAN;1000;+0100;1840;+0100;0;IB_3111-IB_7444-IB_7682
MAN;1000;+0100;1840;+0100;0;AA_5713-AA_5495-AA_6479
MAN;1000;+0100;1840;+0100;0;IB_3111-IB_3176-IB_7682
MAN;1000;+0100;1840;+0100;0;IB_3111-IB_3164-IB_7682
MAN;1205;+0100;2125;+0100;0;BD_3349-BD_3190-BD_592
MAN;1205;+0100;2125;+0100;0;LH_1167-LH_916-LH_6566
MAN;1205;+0100;2125;+0100;0;LH_1167-LH_918-LH_6566
MAN;1205;+0100;2125;+0100;0;BD_3349-BD_3234-BD_592
MAN;0810;+0100;1735;+0100;0;EY_5810-EY_7327-EY_7349
MAN;1235;+0100;2200;+0100;0;IB_3109-IB_7446-IB_7684
MAN;1235;+0100;2200;+0100;0;IB_3109-IB_3166-IB_7684
MAN;1235;+0100;2200;+0100;0;IB_3109-IB_7448-IB_7684
NCE;1525;+0100;1850;+0200;0;TP_484
NCE;0905;+0100;1410;+0200;0;JK_9430-JK_104
NCE;1235;+0100;1800;+0200;0;IB_3109-IB_8752
NCE;1635;+0100;2225;+0200;0;IB_3103-IB_8756
NCE;0615;+0100;1210;+0200;0;LH_1793-LH_2272
NCE;0615;+0100;1210;+0200;0;UA_8957-UA_8908
NCE;1215;+0100;1810;+0200;0;LX_2085-LX_560
NCE;0800;+0100;1405;+0200;0;LX_4581-LX_568
NCE;1115;+0100;1720;+0200;0;AF_1025-AF_7706
NCE;1535;+0100;2140;+0200;0;AF_1625-AF_7712
NCE;0820;+0100;1430;+0200;0;AF_2325-AF_7714
NCE;1115;+0100;1725;+0200;0;AF_1025-AF_7706
NCE;0905;+0100;1520;+0200;0;BD_5564-BD_5445
NCE;0905;+0100;1520;+0200;0;SN_3814-SN_3621
NCE;1635;+0100;2250;+0200;0;IB_3103-IB_8756
NCE;1455;+0100;2115;+0200;0;SN_6404-SN_3623
NCE;1415;+0100;2040;+0200;0;LH_1791-LH_2276
NCE;0905;+0100;1535;+0200;0;SN_3814-SN_3621
NCE;1705;+0100;1955;+0200;0;AF_5361
NCE;2025;+0100;2335;+0200;0;AF_5361-AF_7899
NCE;0730;+0100;1410;+0200;0;JK_9432-JK_104
NCE;1535;+0100;2225;+0200;0;KL_1694-KL_1273
NCE;1650;+0100;2350;+0200;0;LH_1169-LH_1068
NCE;1535;+0100;2245;+0200;0;AF_1625-AF_7712
NCE;0655;+0100;1415;+0200;0;UA_8862-UA_9202
NCE;1100;+0100;1820;+0200;0;BA_501-BA_348
NCE;0650;+0100;1415;+0200;0;UA_8862-UA_9202
NCE;0755;+0100;1520;+0200;0;SN_6402-SN_3621
NCE;0655;+0100;1430;+0200;0;LH_1173-LH_1060
NCE;0655;+0100;1430;+0200;0;UA_8862-UA_9202
NCE;0650;+0100;1430;+0200;0;UA_8862-UA_9202
NCE;0755;+0100;1535;+0200;0;SN_6402-SN_3621
NCE;0600;+0100;1350;+0200;0;AF_2325-AF_6244
NCE;1450;+0100;2240;+0200;0;LX_4583-LX_564
NCE;0820;+0100;1620;+0200;0;AF_2325-AF_6218
NCE;1000;+0100;1800;+0200;0;IB_3111-IB_8752
NCE;1115;+0100;1920;+0200;0;AF_1025-AF_6236
NCE;1415;+0100;2230;+0200;0;LH_1791-LH_2278
NCE;0600;+0100;1430;+0200;0;AF_2325-AF_7714
NCE;1115;+0100;1945;+0200;0;AF_1025-AF_7708
NCE;1245;+0100;2115;+0200;0;SN_6410-SN_3623
NCE;0800;+0100;1640;+0200;0;LH_6951-LH_2274
NCE;1235;+0100;2115;+0200;0;BD_5566-BD_5447
NCE;1235;+0100;2115;+0200;0;SN_3816-SN_3623
NCE;0600;+0100;1450;+0200;0;AF_2325-AF_6216
NCE;1115;+0100;2010;+0200;0;AF_1025-AF_7708
NCE;0820;+0100;1720;+0200;0;AF_2325-AF_7706
NCE;0930;+0100;1830;+0200;0;AZ_7765-AZ_354
NCE;1330;+0100;2230;+0200;0;OS_8154-OS_423
NCE;0815;+0100;1720;+0200;0;BA_499-BA_354
NCE;0820;+0100;1725;+0200;0;AF_2325-AF_7706
NCE;1115;+0100;2020;+0200;0;AF_1025-AF_6238
NCE;0815;+0100;1725;+0200;0;AA_6402-AA_6586
NCE;1100;+0100;2010;+0200;0;BA_501-BA_356
NCE;1100;+0100;2010;+0200;0;AA_6575-AA_6391
NCE;0600;+0100;1520;+0200;0;AF_2325-AF_6228
NCE;0835;+0100;1800;+0200;0;LH_6955-LH_1064
NCE;0820;+0100;1750;+0200;0;AF_2325-AF_6222
NCE;0830;+0100;1800;+0200;0;IB_3107-IB_8752
NCE;1420;+0100;2350;+0200;0;LH_6953-LH_1068
NCE;1420;+0100;2350;+0200;0;NH_6736-NH_6135
NCE;0715;+0100;1650;+0200;0;KL_1692-KL_1267
NCE;1235;+0100;2225;+0200;0;IB_3109-IB_8756
NTE;0820;+0100;1340;+0200;0;AF_2325-AF_7724
NTE;1635;+0100;2235;+0200;0;IB_3103-IB_8544
NTE;1115;+0100;1720;+0200;0;AF_1025-AF_7730
NTE;1535;+0100;2145;+0200;0;AF_1625-AF_7728
NTE;1535;+0100;2215;+0200;0;KL_1694-KL_2035
NTE;0800;+0100;1525;+0200;0;AZ_7753-AZ_7382
NTE;0600;+0100;1340;+0200;0;AF_2325-AF_7724
NTE;0600;+0100;1445;+0200;0;AF_2325-AF_7386
NTE;0715;+0100;1600;+0200;0;KL_1692-KL_2049
NTE;0820;+0100;1720;+0200;0;AF_2325-AF_7730
NTE;1235;+0100;2235;+0200;0;IB_3109-IB_8544
NTE;1115;+0100;2145;+0200;0;AF_1025-AF_7728
NTE;1115;+0100;2225;+0200;0;AF_1025-AF_7388
NTE;0600;+0100;1720;+0200;0;AF_2325-AF_7730
NTE;0600;+0100;1325;+0200;0;AF_2325-AF_7622-AF_3203
NTE;1115;+0100;1940;+0200;0;AF_1025-AF_7634-AF_3207
NTE;0830;+0100;1735;+0200;0;IB_3107-IB_6764-IB_8560
NTE;0830;+0100;1755;+0200;0;IB_3107-IB_6764-IB_8560
NTE;0820;+0100;1805;+0200;0;AF_2325-AF_7664-AF_5762
NTE;0820;+0100;1815;+0200;0;AF_2325-AF_7794-AF_5650
NTE;0820;+0100;1815;+0200;0;AF_2325-AF_6126-AF_5650
NTE;0820;+0100;1815;+0200;0;AF_2325-AF_6128-AF_5650
NTE;0820;+0100;1815;+0200;0;AF_2325-AF_6154-AF_5650
NTE;1115;+0100;2110;+0200;0;AF_1025-AF_7666-AF_7612
NTE;1115;+0100;2130;+0200;0;AF_1025-AF_6136-AF_5652
NTE;1115;+0100;2130;+0200;0;AF_1025-AF_7788-AF_5652
NTE;1115;+0100;2130;+0200;0;AF_1025-AF_6140-AF_5652
NTE;1115;+0100;2130;+0200;0;AF_1025-AF_6138-AF_5652
NTE;1115;+0100;2130;+0200;0;AF_1025-AF_7786-AF_5652
NTE;0655;+0100;1735;+0200;0;IB_3119-IB_6764-IB_8560
NTE;0600;+0100;1645;+0200;0;AF_2325-AF_6020-AF_7610
NTE;0600;+0100;1645;+0200;0;AF_2325-AF_7662-AF_7610
NTE;1115;+0100;2205;+0200;0;AF_1025-AF_6140-AF_7862
NTE;1115;+0100;2205;+0200;0;AF_1025-AF_6138-AF_7862
NTE;1115;+0100;2205;+0200;0;AF_1025-AF_6142-AF_7862
NTE;1115;+0100;2205;+0200;0;AF_1025-AF_6136-AF_7862
NTE;1115;+0100;2205;+0200;0;AF_1025-AF_7788-AF_7862
NTE;1115;+0100;2205;+0200;0;AF_1025-AF_7786-AF_7862
NTE;1115;+0100;2210;+0200;0;AF_1025-AF_6038-AF_5764
NTE;1115;+0100;2210;+0200;0;AF_1025-AF_7666-AF_5764
NTE;0655;+0100;1755;+0200;0;IB_3119-IB_6764-IB_8560
NTE;0820;+0100;1940;+0200;0;AF_2325-AF_6264-AF_3207
NTE;0820;+0100;1940;+0200;0;AF_2325-AF_6266-AF_3207
NTE;0820;+0100;1940;+0200;0;AF_2325-AF_6262-AF_3207
NTE;0820;+0100;1940;+0200;0;AF_2325-AF_7624-AF_3207
NTE;0820;+0100;1940;+0200;0;AF_2325-AF_7634-AF_3207
NTE;0600;+0100;1805;+0200;0;AF_2325-AF_7662-AF_5762
NTE;0600;+0100;1805;+0200;0;AF_2325-AF_6020-AF_5762
NTE;0600;+0100;1805;+0200;0;AF_2325-AF_7664-AF_5762
NTE;0600;+0100;1815;+0200;0;AF_2325-AF_6166-AF_5650
NTE;0600;+0100;1815;+0200;0;AF_2325-AF_6126-AF_5650
NTE;0600;+0100;1815;+0200;0;AF_2325-AF_6124-AF_5650
NTE;0600;+0100;1815;+0200;0;AF_2325-AF_6154-AF_5650
NTE;0600;+0100;1815;+0200;0;AF_2325-AF_6128-AF_5650
NTE;0600;+0100;1815;+0200;0;AF_2325-AF_6122-AF_5650
NTE;0600;+0100;1815;+0200;0;AF_2325-AF_7794-AF_5650
VCE;0800;+0100;1200;+0200;0;AZ_7775
VCE;0800;+0100;1200;+0200;0;TP_878
VCE;1635;+0100;2200;+0200;0;IB_3103-IB_3632
VCE;1235;+0100;1825;+0200;0;IB_3109-IB_3630
VCE;0615;+0100;1210;+0200;0;LH_1793-LH_1908
VCE;0615;+0100;1210;+0200;0;UA_8957-UA_9267
VCE;0730;+0100;1325;+0200;0;JK_9432-JK_81
VCE;0820;+0100;1415;+0200;0;AF_2325-AF_1726
VCE;1115;+0100;1710;+0200;0;AF_1025-AF_2026
VCE;0720;+0100;1320;+0200;0;AZ_7761-AZ_1469
VCE;0800;+0100;1400;+0200;0;LX_4581-LX_1662
VCE;1455;+0100;2110;+0200;0;SN_6404-SN_3205
VCE;0655;+0100;1325;+0200;0;UA_8862-UA_9086
VCE;0655;+0100;1325;+0200;0;BD_3351-BD_3406
VCE;0655;+0100;1325;+0200;0;LH_1173-LH_326
VCE;1215;+0100;1845;+0200;0;LX_2085-LX_1664
VCE;0650;+0100;1325;+0200;0;UA_8862-UA_9086
VCE;1535;+0100;2210;+0200;0;KL_1694-KL_1659
VCE;1420;+0100;2100;+0200;0;AZ_7767-AZ_1481
VCE;0655;+0100;1345;+0200;0;UA_8862-UA_9086
VCE;1650;+0100;2340;+0200;0;LH_1169-LH_332
VCE;0650;+0100;1345;+0200;0;UA_8862-UA_9086
VCE;0720;+0100;1420;+0200;0;AZ_7761-AZ_1475
VCE;1205;+0100;1925;+0200;0;BD_3349-BD_3410
VCE;1205;+0100;1925;+0200;0;LH_1167-LH_330
VCE;1535;+0100;2300;+0200;0;AF_1625-AF_2526
VCE;1535;+0100;2300;+0200;0;AZ_2627-AZ_7335
VCE;0930;+0100;1705;+0200;0;AZ_7765-AZ_1479
VCE;1420;+0100;2210;+0200;0;AZ_7767-AZ_1483
VCE;0615;+0100;1425;+0200;0;UA_8957-UA_9273
VCE;1415;+0100;2225;+0200;0;LH_1791-LH_1914
VCE;0600;+0100;1415;+0200;0;AZ_2899-AZ_7329
VCE;0600;+0100;1415;+0200;0;AF_2325-AF_1726
VCE;1235;+0100;2050;+0200;0;BD_5566-BD_5555
VCE;0800;+0100;1620;+0200;0;LH_6951-LH_1910
VCE;1330;+0100;2150;+0200;0;OS_8154-OS_527
VCE;1000;+0100;1825;+0200;0;IB_3111-IB_3630
VCE;1245;+0100;2110;+0200;0;SN_6410-SN_3205
VCE;1420;+0100;2245;+0200;0;AZ_7767-AZ_1473
VCE;1235;+0100;2110;+0200;0;SN_3816-SN_3205
VCE;1115;+0100;1955;+0200;0;AZ_2597-AZ_7333
VCE;1115;+0100;1955;+0200;0;AF_1025-AF_2226
VCE;0820;+0100;1710;+0200;0;AF_2325-AF_2026
VCE;0930;+0100;1820;+0200;0;AZ_7765-AZ_1467
VCE;1335;+0100;2225;+0200;0;BA_507-BA_2588
VCE;0835;+0100;1745;+0200;0;LH_6955-LH_328
VCE;0715;+0100;1635;+0200;0;KL_1692-KL_1655
VCE;1420;+0100;2340;+0200;0;LH_6953-LH_332
VCE;1235;+0100;2200;+0200;0;IB_3109-IB_3632
VCE;0720;+0100;1705;+0200;0;AZ_7761-AZ_1479
PRG;1355;+0100;1815;+0200;0;TP_528
PRG;1535;+0100;2130;+0200;0;AF_1625-AF_2386
PRG;0615;+0100;1215;+0200;0;UA_8957-UA_9111
PRG;0655;+0100;1255;+0200;0;LH_1173-LH_1396
PRG;0655;+0100;1255;+0200;0;UA_8862-UA_8733
PRG;0655;+0100;1255;+0200;0;TP_6707-TP_7928
PRG;1415;+0100;2015;+0200;0;TP_6721-TP_7948
PRG;1415;+0100;2015;+0200;0;LH_1791-LH_1696
PRG;0615;+0100;1220;+0200;0;TP_6725-TP_7942
PRG;0615;+0100;1220;+0200;0;UA_8957-UA_9111
PRG;0615;+0100;1220;+0200;0;LH_1793-LH_1690
PRG;0650;+0100;1255;+0200;0;UA_8862-UA_8733
PRG;0820;+0100;1425;+0200;0;AF_2325-AF_1982
PRG;1535;+0100;2140;+0200;0;AF_1625-AF_1082
PRG;0655;+0100;1310;+0200;0;UA_8862-UA_8733
PRG;0655;+0100;1310;+0200;0;BD_3351-BD_2990
PRG;0800;+0100;1415;+0200;0;LX_4581-LX_1486
PRG;0650;+0100;1310;+0200;0;UA_8862-UA_8733
PRG;1205;+0100;1825;+0200;0;UA_8868-UA_9062
PRG;0820;+0100;1445;+0200;0;AF_2325-AF_1982
PRG;1200;+0100;1825;+0200;0;UA_8868-UA_9062
PRG;1650;+0100;2315;+0200;0;TP_6703-TP_7934
PRG;1650;+0100;2315;+0200;0;LH_1169-LH_1402
PRG;1215;+0100;1845;+0200;0;LX_2085-LX_1498
PRG;0600;+0100;1240;+0200;0;AF_2325-AF_1782
PRG;1205;+0100;1845;+0200;0;TP_6701-TP_7932
PRG;1205;+0100;1845;+0200;0;UA_8868-UA_9062
PRG;1205;+0100;1845;+0200;0;LH_1167-LH_1400
PRG;1205;+0100;1845;+0200;0;BD_3349-BD_2994
PRG;1200;+0100;1845;+0200;0;UA_8868-UA_9062
PRG;0815;+0100;1505;+0200;0;AA_6402-AA_6481
PRG;1330;+0100;2035;+0200;0;OS_8154-OS_711
PRG;0905;+0100;1640;+0200;0;SN_3814-SN_2811
PRG;0905;+0100;1640;+0200;0;BD_5564-BD_5481
PRG;1000;+0100;1735;+0200;0;IB_3111-IB_7884
PRG;1455;+0100;2230;+0200;0;SN_6404-SN_2815
PRG;1145;+0100;1925;+0200;0;LH_3333-LH_3054
PRG;1455;+0100;2235;+0200;0;SN_6404-SN_2815
PRG;1245;+0100;2030;+0200;0;SN_6410-SN_2813
PRG;1100;+0100;1850;+0200;0;AA_6575-AA_6635
PRG;1100;+0100;1850;+0200;0;BA_501-BA_856
PRG;1235;+0100;2030;+0200;0;SN_3816-SN_2813
PRG;1235;+0100;2030;+0200;0;BD_5566-BD_5483
PRG;0800;+0100;1620;+0200;0;TP_558-TP_7944
PRG;0800;+0100;1620;+0200;0;LH_6951-LH_1692
PRG;0905;+0100;1725;+0200;0;SN_3814-SN_2811
PRG;0600;+0100;1425;+0200;0;AF_2325-AF_1982
PRG;1115;+0100;1950;+0200;0;AF_1025-AF_2482
PRG;1335;+0100;2215;+0200;0;BA_507-BA_858
PRG;1335;+0100;2215;+0200;0;JL_7732-JL_7723
PRG;0600;+0100;1445;+0200;0;AF_2325-AF_1982
PRG;0755;+0100;1640;+0200;0;SN_6402-SN_2811
PRG;0835;+0100;1725;+0200;0;TP_572-TP_7930
PRG;0835;+0100;1725;+0200;0;LH_6955-LH_1398
PRG;1420;+0100;2315;+0200;0;TP_576-TP_7934
PRG;1420;+0100;2315;+0200;0;LH_6953-LH_1402
PRG;0830;+0100;1735;+0200;0;IB_3107-IB_7884
PRG;0755;+0100;1725;+0200;0;SN_6402-SN_2811
PRG;1245;+0100;2230;+0200;0;SN_6410-SN_2815
PRG;1245;+0100;2235;+0200;0;SN_6410-SN_2815
PRG;1235;+0100;2230;+0200;0;SN_3816-SN_2815
PRG;1235;+0100;2235;+0200;0;SN_3816-SN_2815
PRG;0615;+0100;1620;+0200;0;LH_1793-LH_1692
PRG;0615;+0100;1620;+0200;0;TP_6725-TP_7944
PRG;0655;+0100;1705;+0200;0;UA_8862-UA_9398
PRG;0835;+0100;1845;+0200;0;TP_572-TP_7932
PRG;0835;+0100;1845;+0200;0;LH_6955-LH_1400
PRG;0650;+0100;1705;+0200;0;UA_8862-UA_9398
PRG;0910;+0100;1925;+0200;0;LO_5442-LO_525
PRG;1115;+0100;2130;+0200;0;AF_1025-AF_2386
PRG;1115;+0100;2140;+0200;0;AF_1025-AF_1082
PRG;0655;+0100;1725;+0200;0;BD_3351-BD_2992
PRG;0655;+0100;1725;+0200;0;LH_1173-LH_1398
PRG;0655;+0100;1725;+0200;0;TP_6707-TP_7930
PRG;0815;+0100;1850;+0200;0;BA_499-BA_856
PRG;0815;+0100;1850;+0200;0;AA_6402-AA_6635
PRG;0655;+0100;1735;+0200;0;IB_3119-IB_7884
PRG;0715;+0100;1800;+0200;0;KL_1692-KL_3125
PRG;0800;+0100;1845;+0200;0;LX_4581-LX_1498
DUB;1450;+0100;1955;+0100;0;EY_5822-EY_7367
DUB;1450;+0100;1955;+0100;0;TP_356-TP_8887
DUB;0600;+0100;1115;+0100;0;AF_2325-AF_5004
DUB;0830;+0100;1350;+0100;0;IB_3107-IB_8070
DUB;1115;+0100;1645;+0100;0;AF_1025-AF_5014
DUB;0815;+0100;1355;+0100;0;BA_499-BA_5959
DUB;0820;+0100;1400;+0100;0;AF_2325-AF_5006
DUB;0810;+0100;1355;+0100;0;TP_354-TP_8888
DUB;1535;+0100;2120;+0100;0;KL_1694-KL_3161
DUB;1335;+0100;1925;+0100;0;BA_507-BA_5975
DUB;1650;+0100;2240;+0100;0;LH_1169-LH_982
DUB;1100;+0100;1710;+0100;0;BA_501-BA_5967
DUB;0715;+0100;1340;+0100;0;KL_1692-KL_3155
DUB;1535;+0100;2215;+0100;0;AF_1625-AF_5008
DUB;1335;+0100;2025;+0100;0;BA_507-BA_5977
DUB;0655;+0100;1350;+0100;0;IB_3119-IB_8070
DUB;1100;+0100;1810;+0100;0;BA_501-BA_5969
DUB;0815;+0100;1535;+0100;0;BA_499-BA_5965
DUB;0815;+0100;1600;+0100;0;BA_499-BA_5843
DUB;1335;+0100;2125;+0100;0;BA_507-BA_5979
DUB;0600;+0100;1400;+0100;0;AF_2325-AF_5006
DUB;1420;+0100;2240;+0100;0;LH_6953-LH_982
DUB;0715;+0100;1540;+0100;0;KL_1692-KL_3157
DUB;0820;+0100;1645;+0100;0;AF_2325-AF_5014
DUB;1100;+0100;1925;+0100;0;BA_501-BA_5975
DUB;1115;+0100;1945;+0100;0;AF_1025-AF_5010
DUB;0835;+0100;1725;+0100;0;LH_6955-LH_980
DUB;1335;+0100;2225;+0100;0;BA_507-BA_5983
DUB;0815;+0100;1710;+0100;0;BA_499-BA_5967
DUB;1100;+0100;1955;+0100;0;BA_501-BA_5847
DUB;1100;+0100;2025;+0100;0;BA_501-BA_5977
DUB;1145;+0100;1955;+0100;0;LH_3333-LH_3384-LH_6505
DUB;1205;+0100;2040;+0100;0;BD_3349-BD_3234-BD_131
DUB;0755;+0100;1645;+0100;0;UX_1154-UX_3437-UX_3575
DUB;1115;+0100;2040;+0100;0;AF_1025-AF_5026-AF_5121
DUB;0835;+0100;1820;+0100;0;LH_6955-LH_908-LH_6483
SXB;1705;+0100;1955;+0200;0;AF_5361
SXB;2025;+0100;2150;+0200;0;AF_5361
SXB;1235;+0100;1805;+0200;0;SN_3816-SN_3661
SXB;0820;+0100;1410;+0200;0;AF_2325-AF_7762
SXB;1535;+0100;2125;+0200;0;KL_1694-KL_2047
SXB;1535;+0100;2155;+0200;0;AF_1625-AF_7770
SXB;1245;+0100;1910;+0200;0;SN_6410-SN_3661
SXB;1235;+0100;1910;+0200;0;BD_5566-BD_5561
SXB;1235;+0100;1910;+0200;0;SN_3816-SN_3661
SXB;1115;+0100;1800;+0200;0;AF_1025-AF_7766
SXB;1000;+0100;1730;+0200;0;IB_3111-IB_8654
SXB;1000;+0100;1735;+0200;0;IB_3111-IB_8654
SXB;1115;+0100;1850;+0200;0;AF_1025-AF_7310
SXB;0600;+0100;1350;+0200;0;AF_2325-AF_7306
SXB;1205;+0100;2000;+0200;0;LH_1167-LH_392
SXB;0600;+0100;1410;+0200;0;AF_2325-AF_7762
SXB;0820;+0100;1655;+0200;0;AF_2325-AF_7308
SXB;1420;+0100;2300;+0200;0;LH_6953-LH_394
SXB;0830;+0100;1730;+0200;0;IB_3107-IB_8654
SXB;0905;+0100;1805;+0200;0;SN_3814-SN_3661
SXB;0655;+0100;1600;+0200;0;LH_1173-LH_390
SXB;0830;+0100;1735;+0200;0;IB_3107-IB_8654
SXB;1115;+0100;2050;+0200;0;AF_1025-AF_7312
SXB;0820;+0100;1800;+0200;0;AF_2325-AF_7766
SXB;1420;+0100;0015;+0200;1;LH_6953-LH_396
SXB;0905;+0100;1910;+0200;0;SN_3814-SN_3661
SXB;0905;+0100;1910;+0200;0;BD_5564-BD_5561
SXB;0755;+0100;1805;+0200;0;SN_6402-SN_3661
SXB;0715;+0100;1740;+0200;0;KL_1692-KL_2045
SXB;0820;+0100;1850;+0200;0;AF_2325-AF_7310
SXB;0655;+0100;1730;+0200;0;IB_3119-IB_8654
SXB;0655;+0100;1735;+0200;0;IB_3119-IB_8654
SXB;1115;+0100;2155;+0200;0;AF_1025-AF_7770
SXB;1115;+0100;1920;+0200;0;AF_1025-AF_7706-AF_7897
SXB;0820;+0100;1650;+0200;0;AF_2325-AF_7644-AF_5780
SXB;0820;+0100;1745;+0200;0;AF_2325-AF_7664-AF_5467
SXB;0820;+0100;1755;+0200;0;AF_2325-AF_7624-AF_5477
SXB;1115;+0100;2100;+0200;0;AF_1025-AF_7646-AF_5782
SXB;1115;+0100;2145;+0200;0;AF_1025-AF_7706-AF_7898
SXB;1115;+0100;2145;+0200;0;AF_1025-AF_6236-AF_7898
SXB;1115;+0100;2145;+0200;0;AF_1025-AF_7708-AF_7898
SXB;1115;+0100;2150;+0200;0;AF_1025-AF_7666-AF_5469
SXB;1115;+0100;2150;+0200;0;AF_1025-AF_6268-AF_5361
SXB;1115;+0100;2150;+0200;0;AF_1025-AF_7634-AF_5361
SXB;1115;+0100;2150;+0200;0;AF_1025-AF_7626-AF_5361