PAR;0930;+0100;1200;+0200;0;AF_1669
PAR;0940;+0100;1210;+0200;0;AF_1669
PAR;1505;+0100;1735;+0200;0;AF_2269
PAR;1945;+0100;2215;+0200;0;AF_1169
PAR;1255;+0100;1700;+0200;0;LH_3433-LH_3222
PAR;0635;+0100;1045;+0200;0;SN_2184-SN_3633
PAR;0635;+0100;1045;+0200;0;9W_6084-9W_6031
PAR;1600;+0100;2010;+0200;0;KL_1088-KL_2017
PAR;0750;+0100;1210;+0200;0;LH_3429-LH_3220
PAR;1740;+0100;2200;+0200;0;KL_1094-KL_2023
PAR;1530;+0100;2000;+0200;0;BA_1399-BA_322
PAR;1705;+0100;2135;+0200;0;LH_3431-LH_3226
PAR;1720;+0100;2155;+0200;0;BA_1403-BA_338
PAR;0635;+0100;1115;+0200;0;UA_9908-UA_9965
PAR;0635;+0100;1115;+0200;0;SN_2184-SN_3633
PAR;0905;+0100;1345;+0200;0;KL_1074-KL_1233
PAR;0600;+0100;1045;+0200;0;KL_1072-KL_2003
PAR;0815;+0100;1300;+0200;0;BA_1387-BA_308
PAR;1325;+0100;1810;+0200;0;KL_1084-KL_1243
PAR;1105;+0100;1600;+0200;0;BA_1391-BA_314
PAR;0630;+0100;1130;+0200;0;6X_4083-6X_306
PAR;0630;+0100;1130;+0200;0;6X_1083-6X_306
PAR;0630;+0100;1130;+0200;0;6X_1383-6X_306
PAR;0635;+0100;1135;+0200;0;9W_6084-9W_6150
PAR;1315;+0100;1815;+0200;0;LH_943-LH_1042
PAR;0840;+0100;1350;+0200;0;LX_391-LX_638
PAR;1325;+0100;1835;+0200;0;BA_1395-BA_336
PAR;1720;+0100;2230;+0200;0;BA_1403-BA_326
PAR;0655;+0100;1215;+0200;0;LH_2505-LH_2230
PAR;0815;+0100;1335;+0200;0;BA_1387-BA_334
PAR;1100;+0100;1620;+0200;0;LH_2501-LH_2232
PAR;1715;+0100;2235;+0200;0;LH_2503-LH_2240
PAR;1005;+0100;1530;+0200;0;AF_6547-AF_7727
PAR;1110;+0100;1635;+0200;0;KL_1082-KL_2013
PAR;1530;+0100;2110;+0200;0;BA_1399-BA_324
PAR;0715;+0100;1300;+0200;0;BA_1385-BA_308
PAR;1345;+0100;1930;+0200;0;LX_395-LX_644
BCN;0940;+0100;1435;+0200;0;AF_1669-AF_1648
BCN;0930;+0100;1435;+0200;0;AF_1669-AF_1648
BCN;1740;+0100;2245;+0200;0;KL_1094-KL_1681
BCN;1800;+0100;2305;+0200;0;SN_2178-SN_3707
BCN;1800;+0100;2305;+0200;0;BD_5378-BD_5307
BCN;0635;+0100;1155;+0200;0;SN_2184-SN_3701
BCN;0840;+0100;1400;+0200;0;LX_391-LX_1954
BCN;1345;+0100;1905;+0200;0;LX_395-LX_1956
BCN;1040;+0100;1610;+0200;0;SN_2174-SN_3703
BCN;1035;+0100;1610;+0200;0;SN_2174-SN_3703
BCN;1505;+0100;2045;+0200;0;AF_2269-AF_2148
BCN;1505;+0100;2045;+0200;0;UX_3508-UX_3478
BCN;0635;+0100;1230;+0200;0;UA_9908-UA_9971
BCN;1110;+0100;1705;+0200;0;KL_1082-KL_1675
BCN;1325;+0100;1920;+0200;0;BA_1395-BA_470
BCN;1530;+0100;2125;+0200;0;IB_7685-IB_7455
BCN;1530;+0100;2125;+0200;0;BA_1399-BA_482
BCN;0905;+0100;1505;+0200;0;KL_1074-KL_1673
BCN;1325;+0100;1925;+0200;0;KL_1084-KL_1677
BCN;0815;+0100;1420;+0200;0;BA_1387-BA_474
BCN;0815;+0100;1420;+0200;0;IB_7675-IB_7459
BCN;1715;+0100;2325;+0200;0;BD_3335-BD_3542
BCN;1715;+0100;2325;+0200;0;LH_2503-LH_1818
BCN;0600;+0100;1215;+0200;0;KL_1072-KL_1671
BCN;1100;+0100;1720;+0200;0;BD_3331-BD_3540
BCN;1100;+0100;1720;+0200;0;LH_2501-LH_1814
BCN;1255;+0100;1915;+0200;0;LH_3433-LH_3304
BCN;1315;+0100;1935;+0200;0;LH_943-LH_1134
BCN;0655;+0100;1320;+0200;0;BD_3339-BD_3538
BCN;0655;+0100;1320;+0200;0;LH_2505-LH_1812
BCN;0850;+0100;1515;+0200;0;LH_941-LH_1128
BCN;1005;+0100;1630;+0200;0;AF_6547-AF_3206-AF_3206
BCN;1325;+0100;1950;+0200;0;IB_7683-IB_7461
BCN;1325;+0100;1950;+0200;0;BA_1395-BA_486
BCN;1355;+0100;2025;+0200;0;SN_2176-SN_3705
BCN;1355;+0100;2025;+0200;0;BD_5376-BD_5305
BCN;1355;+0100;2035;+0200;0;SN_2176-SN_3705
BCN;1600;+0100;2245;+0200;0;KL_1088-KL_1681
BCN;1505;+0100;2200;+0200;0;UX_3508-UX_3348
BCN;1505;+0100;2200;+0200;0;AF_2269-AF_2348
BCN;0715;+0100;1420;+0200;0;IB_7673-IB_7459
BCN;0715;+0100;1420;+0200;0;BA_1385-BA_474
BCN;0815;+0100;1530;+0200;0;LH_3437-LH_6774
BCN;1015;+0100;1730;+0200;0;SK_540-SK_9974
BCN;1200;+0100;1920;+0200;0;BA_2907-BA_470
BCN;0655;+0100;1420;+0200;0;BA_2901-BA_474
BCN;1105;+0100;1830;+0200;0;BA_1391-BA_480
BCN;1105;+0100;1830;+0200;0;IB_7679-IB_7453
BCN;0940;+0100;1725;+0200;0;AF_1669-AF_1948
BCN;0940;+0100;1725;+0200;0;UX_3504-UX_3948
BCN;1200;+0100;1950;+0200;0;BA_2907-BA_486
BCN;0930;+0100;1725;+0200;0;AF_1669-AF_1948
BCN;0905;+0100;1705;+0200;0;KL_1074-KL_1675
BCN;1325;+0100;2125;+0200;0;IB_7683-IB_7455
BCN;1325;+0100;2125;+0200;0;BA_1395-BA_482
BCN;0635;+0100;1440;+0200;0;BD_5384-BD_5303
BCN;0635;+0100;1440;+0200;0;UA_9908-UA_9971
BCN;0635;+0100;1440;+0200;0;SN_2184-SN_3703
BCN;0710;+0100;1515;+0200;0;UA_9043-UA_8719
BCN;0710;+0100;1515;+0200;0;LH_949-LH_1128
BCN;0700;+0100;1515;+0200;0;UA_9043-UA_8719
BCN;1105;+0100;1920;+0200;0;BA_1391-BA_470
BCN;1110;+0100;1925;+0200;0;KL_1082-KL_1677
BCN;0655;+0100;1515;+0200;0;LH_2505-LH_6722
BCN;1000;+0100;1830;+0200;0;BA_1389-BA_480
BCN;1000;+0100;1830;+0200;0;IB_7677-IB_7453
BCN;1005;+0100;1850;+0200;0;SK_2548-SK_9918
BCN;1105;+0100;1950;+0200;0;IB_7679-IB_7461
BCN;1105;+0100;1950;+0200;0;BA_1391-BA_486
BCN;1345;+0100;2230;+0200;0;LX_395-LX_1950
BCN;0940;+0100;1835;+0200;0;AF_1669-AF_1330
ROM;1040;+0100;1550;+0200;0;SN_2174-SN_3181
ROM;0850;+0100;1405;+0200;0;BD_3361-BD_3598
ROM;0850;+0100;1405;+0200;0;LH_941-LH_234
ROM;1035;+0100;1550;+0200;0;SN_2174-SN_3181
ROM;1040;+0100;1555;+0200;0;BD_5374-BD_5353
ROM;1040;+0100;1555;+0200;0;SN_2174-SN_3181
ROM;1110;+0100;1625;+0200;0;KL_1082-KL_1603
ROM;1315;+0100;1830;+0200;0;BD_3353-BD_3594
ROM;1315;+0100;1830;+0200;0;LH_943-LH_238
ROM;0710;+0100;1230;+0200;0;LH_949-LH_232
ROM;0710;+0100;1230;+0200;0;BD_3369-BD_3590
ROM;1035;+0100;1555;+0200;0;SN_2174-SN_3181
ROM;1035;+0100;1555;+0200;0;BD_5374-BD_5353
ROM;1345;+0100;1905;+0200;0;LX_395-LX_1732
ROM;0840;+0100;1405;+0200;0;LX_391-LX_1736
ROM;1200;+0100;1725;+0200;0;BA_2907-BA_2540
ROM;1100;+0100;1630;+0200;0;LH_2501-LH_1846
ROM;1825;+0100;2355;+0200;0;LH_947-LH_242
ROM;1825;+0100;2355;+0200;0;BD_3357-BD_3592
ROM;1325;+0100;1900;+0200;0;KL_1084-KL_1607
ROM;1505;+0100;2040;+0200;0;AZ_3539-AZ_327
ROM;1505;+0100;2040;+0200;0;AF_2269-AF_9840
ROM;1325;+0100;1910;+0200;0;BA_1395-BA_554
ROM;0600;+0100;1155;+0200;0;KL_1072-KL_1601
ROM;0820;+0100;1420;+0200;0;QF_3539-QF_3423
ROM;1325;+0100;1925;+0200;0;KL_1084-KL_3403
ROM;0750;+0100;1355;+0200;0;LH_3429-LH_3200
ROM;0815;+0100;1420;+0200;0;QF_3539-QF_3423
ROM;0815;+0100;1420;+0200;0;BA_1387-BA_546
ROM;0905;+0100;1510;+0200;0;KL_1074-KL_3401
ROM;0655;+0100;1305;+0200;0;LH_2505-LH_1844
ROM;0655;+0100;1305;+0200;0;UA_8753-UA_9212
ROM;1000;+0100;1615;+0200;0;BA_1389-BA_560
ROM;1355;+0100;2015;+0200;0;SN_2176-SN_3183
ROM;1355;+0100;2015;+0200;0;BD_5376-BD_5355
ROM;1530;+0100;2155;+0200;0;BA_1399-BA_558
ROM;0940;+0100;1610;+0200;0;AF_1669-AF_1904
ROM;1600;+0100;2230;+0200;0;KL_1088-KL_1609
ROM;1505;+0100;2140;+0200;0;AZ_3539-AZ_7311
ROM;1505;+0100;2140;+0200;0;AF_2269-AF_2304
ROM;0930;+0100;1610;+0200;0;AZ_3537-AZ_7301
ROM;0930;+0100;1610;+0200;0;AF_1669-AF_1904
ROM;1105;+0100;1750;+0200;0;BA_1391-BA_556
ROM;0710;+0100;1405;+0200;0;BD_3369-BD_3598
ROM;0710;+0100;1405;+0200;0;UA_9043-UA_8746
ROM;0710;+0100;1405;+0200;0;LH_949-LH_234
ROM;0700;+0100;1405;+0200;0;UA_9043-UA_8746
ROM;0715;+0100;1420;+0200;0;QF_3534-QF_3423
ROM;0715;+0100;1420;+0200;0;BA_1385-BA_546
ROM;1100;+0100;1815;+0200;0;LH_2501-LH_1848
ROM;1325;+0100;2040;+0200;0;KL_1084-KL_3405
ROM;1505;+0100;2220;+0200;0;AF_2269-AF_9842
ROM;1505;+0100;2220;+0200;0;AZ_3539-AZ_329
ROM;0905;+0100;1625;+0200;0;KL_1074-KL_1603
ROM;1000;+0100;1725;+0200;0;BA_1389-BA_2540
ROM;0845;+0100;1615;+0200;0;BA_2903-BA_560
ROM;0940;+0100;1730;+0200;0;AF_1669-AF_2104
ROM;1000;+0100;1750;+0200;0;BA_1389-BA_556
ROM;1110;+0100;1900;+0200;0;KL_1082-KL_1607
ROM;0815;+0100;1615;+0200;0;BA_1387-BA_560
ROM;0930;+0100;1730;+0200;0;AZ_3537-AZ_7307
ROM;0930;+0100;1730;+0200;0;AF_1669-AF_2104
ROM;1105;+0100;1910;+0200;0;BA_1391-BA_554
ROM;1110;+0100;1925;+0200;0;KL_1082-KL_3403
ROM;1025;+0100;1845;+0200;0;AY_934-AY_783
ROM;1345;+0100;2210;+0200;0;LX_395-LX_1734
ROM;1325;+0100;2155;+0200;0;BA_1395-BA_558
ROM;0845;+0100;1725;+0200;0;BA_2903-BA_2540
ROM;0850;+0100;1735;+0200;0;BD_3361-BD_3596
ROM;0850;+0100;1735;+0200;0;LH_941-LH_236
ROM;1400;+0100;2250;+0200;0;TP_321-TP_836
ROM;1355;+0100;2250;+0200;0;BD_5376-BD_5357
ROM;1355;+0100;2250;+0200;0;SN_2176-SN_3187
ROM;0715;+0100;1615;+0200;0;BA_1385-BA_560
ROM;0845;+0100;1750;+0200;0;BA_2903-BA_556
ROM;0940;+0100;1845;+0200;0;AF_1669-AF_2204
ROM;1325;+0100;2230;+0200;0;KL_1084-KL_1609
ROM;0600;+0100;1510;+0200;0;KL_1072-KL_3401
ROM;0815;+0100;1725;+0200;0;BA_1387-BA_2540
ROM;0940;+0100;1850;+0200;0;AF_1669-AF_2204
ROM;1000;+0100;1910;+0200;0;BA_1389-BA_554
ROM;0635;+0100;1550;+0200;0;SN_2184-SN_3181
ROM;0635;+0100;1550;+0200;0;UA_9908-UA_9953
ROM;0930;+0100;1845;+0200;0;AZ_3537-AZ_7305
ROM;0930;+0100;1845;+0200;0;AF_1669-AF_2204
ROM;0635;+0100;1555;+0200;0;UA_9908-UA_9953
ROM;0635;+0100;1555;+0200;0;SN_2184-SN_3181
ROM;0635;+0100;1555;+0200;0;BD_5384-BD_5353
ROM;0655;+0100;1615;+0200;0;BA_2901-BA_560
ROM;0930;+0100;1850;+0200;0;AF_1669-AF_2204
ROM;1110;+0100;2040;+0200;0;KL_1082-KL_3405
AMS;1600;+0100;1815;+0200;0;KL_1088
AMS;1740;+0100;1955;+0200;0;KL_1094
AMS;1110;+0100;1330;+0200;0;KL_1082
AMS;1325;+0100;1545;+0200;0;KL_1084
AMS;0600;+0100;0825;+0200;0;KL_1072
AMS;0905;+0100;1130;+0200;0;KL_1074
AMS;1105;+0100;1530;+0200;0;BA_1391-BA_438
AMS;0930;+0100;1400;+0200;0;AF_1669-AF_1740
AMS;1315;+0100;1750;+0200;0;LH_943-LH_996
AMS;1505;+0100;1940;+0200;0;AF_2269-AF_2240
AMS;0655;+0100;1135;+0200;0;BA_2901-BA_2760
AMS;1530;+0100;2010;+0200;0;BA_1399-BA_442
AMS;1325;+0100;1815;+0200;0;BA_1395-BA_440
AMS;1720;+0100;2210;+0200;0;BA_1403-BA_444
AMS;1445;+0100;1940;+0200;0;LH_3441-LH_3338
AMS;1715;+0100;2220;+0200;0;LH_2503-LH_2312
AMS;1505;+0100;2020;+0200;0;AF_2269-AF_8240
AMS;1345;+0100;1905;+0200;0;LX_395-LX_734
AMS;0710;+0100;1235;+0200;0;UA_9043-UA_9553
AMS;0710;+0100;1235;+0200;0;LH_949-LH_990
AMS;0850;+0100;1415;+0200;0;LH_941-LH_992
AMS;1200;+0100;1725;+0200;0;BA_2907-BA_2762
AMS;1000;+0100;1530;+0200;0;BA_1389-BA_438
AMS;0700;+0100;1235;+0200;0;UA_9043-UA_9553
AMS;0840;+0100;1415;+0200;0;LX_391-LX_728
AMS;1100;+0100;1645;+0200;0;LH_2501-LH_2306
AMS;0655;+0100;1245;+0200;0;LH_2505-LH_2304
AMS;0815;+0100;1410;+0200;0;BA_1387-BA_434
LON;1415;+0100;1510;+0100;0;6X_1095
LON;1415;+0100;1510;+0100;0;6X_1395
LON;0630;+0100;0730;+0100;0;6X_4083
LON;0630;+0100;0730;+0100;0;6X_1383
LON;0630;+0100;0730;+0100;0;6X_1083
LON;0845;+0100;0945;+0100;0;BA_2903
LON;0910;+0100;1010;+0100;0;AI_7795
LON;0930;+0100;1030;+0100;0;LH_6557
LON;0930;+0100;1030;+0100;0;UA_7737
LON;0930;+0100;1030;+0100;0;BD_585
LON;1000;+0100;1100;+0100;0;6X_2909
LON;1000;+0100;1100;+0100;0;6X_2905
LON;1200;+0100;1300;+0100;0;BA_2907
LON;1325;+0100;1425;+0100;0;AA_6622
LON;1530;+0100;1630;+0100;0;JL_7740
LON;1530;+0100;1630;+0100;0;AA_6626
LON;1530;+0100;1630;+0100;0;BA_1399
LON;1705;+0100;1805;+0100;0;BD_573
LON;1705;+0100;1805;+0100;0;LH_6689
LON;1720;+0100;1820;+0100;0;QF_3402
LON;1720;+0100;1820;+0100;0;BA_1403
LON;1730;+0100;1830;+0100;0;BA_2909
LON;1740;+0100;1840;+0100;0;AI_7799
LON;1740;+0100;1840;+0100;0;WY_5593
LON;1740;+0100;1840;+0100;0;BD_593
LON;1740;+0100;1840;+0100;0;LH_6563
LON;1740;+0100;1840;+0100;0;UA_7745
LON;1925;+0100;2025;+0100;0;QF_3407
LON;1925;+0100;2025;+0100;0;BA_1407
LON;0615;+0100;0720;+0100;0;BD_571
LON;0730;+0100;0835;+0100;0;UL_2581
LON;0810;+0100;0915;+0100;0;UA_7735
LON;0810;+0100;0915;+0100;0;BD_581
LON;0810;+0100;0915;+0100;0;AI_7793
LON;0810;+0100;0915;+0100;0;LH_6555
LON;0820;+0100;0925;+0100;0;AA_6244
LON;0820;+0100;0925;+0100;0;QF_3539
LON;0820;+0100;0925;+0100;0;AA_6365
LON;0910;+0100;1015;+0100;0;LH_6555
LON;1000;+0100;1105;+0100;0;AA_6620
LON;1000;+0100;1105;+0100;0;BA_1389
LON;1100;+0100;1205;+0100;0;UA_7706
LON;1110;+0100;1215;+0100;0;AA_6488
LON;1325;+0100;1430;+0100;0;BA_1395
LON;1640;+0100;1745;+0100;0;AI_7797
LON;1830;+0100;1935;+0100;0;6X_1405
LON;1830;+0100;1935;+0100;0;6X_1406
LON;1830;+0100;1935;+0100;0;7X_3406
LON;1830;+0100;1935;+0100;0;7X_4405
LON;1830;+0100;1935;+0100;0;6X_9405
LON;1830;+0100;1935;+0100;0;6X_4405
LON;1830;+0100;1935;+0100;0;7X_3405
LON;1855;+0100;2000;+0100;0;UL_2593
LON;0655;+0100;0805;+0100;0;BA_2901
LON;0715;+0100;0825;+0100;0;BA_1385
LON;0715;+0100;0825;+0100;0;AA_6618
LON;0715;+0100;0825;+0100;0;QF_3534
LON;0815;+0100;0925;+0100;0;BA_1387
LON;0815;+0100;0925;+0100;0;QF_3539
LON;1105;+0100;1215;+0100;0;BA_1391
LON;1350;+0100;1500;+0100;0;UA_7706
LON;1350;+0100;1500;+0100;0;LH_6523
LON;1350;+0100;1500;+0100;0;NH_6852
LON;1350;+0100;1500;+0100;0;BD_589
LON;1350;+0100;1500;+0100;0;NZ_4429
LON;1355;+0100;1655;+0100;0;BD_5376-BD_5435
DUB;1540;+0100;1635;+0100;0;EI_207
DUB;1955;+0100;2050;+0100;0;EI_215
DUB;0800;+0100;0900;+0100;0;EI_203
DUB;1705;+0100;2040;+0100;0;BD_573-BD_131
DUB;1740;+0100;2120;+0100;0;KL_1094-KL_3161
DUB;0600;+0100;1010;+0100;0;KL_1072-KL_3153
DUB;1325;+0100;1735;+0100;0;KL_1084-KL_3159
DUB;0810;+0100;1225;+0100;0;BD_581-BD_123
DUB;0940;+0100;1400;+0100;0;AF_1669-AF_5006
DUB;0930;+0100;1355;+0100;0;LH_6557-LH_6633
DUB;0930;+0100;1355;+0100;0;TG_7029-TG_7008
DUB;0930;+0100;1400;+0100;0;AF_1669-AF_5006
DUB;1110;+0100;1540;+0100;0;KL_1082-KL_3157
DUB;1350;+0100;1820;+0100;0;LH_6523-LH_6483
DUB;1350;+0100;1820;+0100;0;BD_589-BD_125
DUB;0905;+0100;1340;+0100;0;KL_1074-KL_3155
DUB;1505;+0100;1945;+0100;0;UX_3508-UX_3577
DUB;1505;+0100;1945;+0100;0;AF_2269-AF_5010
DUB;0910;+0100;1355;+0100;0;LH_6555-LH_6633
DUB;1350;+0100;1850;+0100;0;LH_6523-LH_6503
DUB;1350;+0100;1850;+0100;0;BD_589-BD_129
MAD;0630;+0100;1150;+0200;0;6X_4083-6X_7125
MAD;0630;+0100;1150;+0200;0;6X_4083-6X_7135
MAD;0630;+0100;1150;+0200;0;6X_1383-6X_7133
MAD;0630;+0100;1150;+0200;0;6X_1383-6X_7132
MAD;0630;+0100;1150;+0200;0;6X_4083-6X_7113
MAD;0630;+0100;1150;+0200;0;6X_1383-6X_7135
MAD;0630;+0100;1150;+0200;0;6X_1083-6X_3808
MAD;0630;+0100;1150;+0200;0;6X_1083-6X_7125
MAD;0630;+0100;1150;+0200;0;6X_4083-6X_7112
MAD;0630;+0100;1150;+0200;0;6X_1383-6X_7123
MAD;0630;+0100;1150;+0200;0;6X_4083-6X_7123
MAD;0630;+0100;1150;+0200;0;6X_1383-6X_7134
MAD;0630;+0100;1150;+0200;0;6X_1383-6X_7126
MAD;0630;+0100;1150;+0200;0;6X_4083-6X_7122
MAD;0630;+0100;1150;+0200;0;6X_4083-6X_7132
MAD;0630;+0100;1150;+0200;0;6X_1083-6X_7127
MAD;0630;+0100;1150;+0200;0;6X_1383-6X_7128
MAD;0630;+0100;1150;+0200;0;6X_4083-6X_7128
MAD;0630;+0100;1150;+0200;0;6X_4083-6X_7103
MAD;0630;+0100;1150;+0200;0;6X_4083-6X_7133
MAD;0630;+0100;1150;+0200;0;6X_4083-6X_7106
MAD;0630;+0100;1150;+0200;0;6X_4083-6X_7102
MAD;0630;+0100;1150;+0200;0;6X_4083-6X_7126
MAD;0630;+0100;1150;+0200;0;6X_4083-6X_7130
MAD;0630;+0100;1150;+0200;0;6X_1083-6X_7131
MAD;0630;+0100;1150;+0200;0;6X_1383-6X_7120
MAD;0630;+0100;1150;+0200;0;6X_1083-6X_7124
MAD;0630;+0100;1150;+0200;0;6X_4083-6X_3808
MAD;0630;+0100;1150;+0200;0;6X_1083-6X_7122
MAD;0630;+0100;1150;+0200;0;6X_1383-6X_3808
MAD;0630;+0100;1150;+0200;0;6X_1083-6X_7130
MAD;0630;+0100;1150;+0200;0;6X_4083-6X_7111
MAD;0630;+0100;1150;+0200;0;6X_1383-6X_7129
MAD;0630;+0100;1150;+0200;0;6X_4083-6X_7110
MAD;0630;+0100;1150;+0200;0;6X_4083-6X_461
MAD;0630;+0100;1150;+0200;0;6X_1083-6X_7120
MAD;0630;+0100;1150;+0200;0;6X_4083-6X_7115
MAD;0630;+0100;1150;+0200;0;6X_1383-6X_7124
MAD;0630;+0100;1150;+0200;0;6X_1383-6X_7130
MAD;0630;+0100;1150;+0200;0;6X_1083-6X_7135
MAD;0630;+0100;1150;+0200;0;6X_1083-6X_7129
MAD;0630;+0100;1150;+0200;0;6X_4083-6X_460
MAD;0630;+0100;1150;+0200;0;6X_4083-6X_7105
MAD;0630;+0100;1150;+0200;0;6X_1383-6X_7127
MAD;0630;+0100;1150;+0200;0;6X_1083-6X_7134
MAD;0630;+0100;1150;+0200;0;6X_4083-6X_7109
MAD;0630;+0100;1150;+0200;0;6X_1383-6X_7131
MAD;0630;+0100;1150;+0200;0;6X_4083-6X_7108
MAD;0630;+0100;1150;+0200;0;6X_1083-6X_7133
MAD;0630;+0100;1150;+0200;0;6X_1083-6X_7126
MAD;0630;+0100;1150;+0200;0;6X_4083-6X_7129
MAD;0630;+0100;1150;+0200;0;6X_1083-6X_461
MAD;0630;+0100;1150;+0200;0;6X_1383-6X_7121
MAD;0630;+0100;1150;+0200;0;6X_4083-6X_7107
MAD;0630;+0100;1150;+0200;0;6X_4083-6X_7131
MAD;0630;+0100;1150;+0200;0;6X_4083-6X_7127
MAD;0630;+0100;1150;+0200;0;6X_1083-6X_7121
MAD;0630;+0100;1150;+0200;0;6X_4083-6X_7114
MAD;0630;+0100;1150;+0200;0;6X_1383-6X_7122
MAD;0630;+0100;1150;+0200;0;6X_4083-6X_7100
MAD;0630;+0100;1150;+0200;0;6X_4083-6X_7101
MAD;0630;+0100;1150;+0200;0;6X_4083-6X_7124
MAD;0630;+0100;1150;+0200;0;6X_4083-6X_7121
MAD;0630;+0100;1150;+0200;0;6X_4083-6X_7120
MAD;0630;+0100;1150;+0200;0;6X_1083-6X_7123
MAD;0630;+0100;1150;+0200;0;6X_1083-6X_7128
MAD;0630;+0100;1150;+0200;0;6X_1083-6X_7132
MAD;0630;+0100;1150;+0200;0;6X_4083-6X_7104
MAD;0630;+0100;1150;+0200;0;6X_1383-6X_7125
MAD;0630;+0100;1150;+0200;0;6X_1383-6X_461
MAD;0630;+0100;1150;+0200;0;6X_4083-6X_7134
MAD;1740;+0100;2310;+0200;0;KL_1094-KL_1707
MAD;1705;+0100;2255;+0200;0;LH_3431-LH_3294
MAD;1345;+0100;1940;+0200;0;LX_395-LX_2032
MAD;1000;+0100;1600;+0200;0;IB_7677-IB_7445
MAD;1325;+0100;1925;+0200;0;IB_7683-IB_3177
MAD;1400;+0100;2000;+0200;0;TP_321-TP_1018
MAD;0600;+0100;1205;+0200;0;KL_1072-KL_1701
MAD;0840;+0100;1445;+0200;0;LX_391-LX_2026
MAD;0820;+0100;1430;+0200;0;AA_6365-AA_5615
MAD;0905;+0100;1515;+0200;0;KL_1074-KL_1703
MAD;1040;+0100;1650;+0200;0;BD_5374-BD_5313
MAD;1040;+0100;1650;+0200;0;SN_2174-SN_3727
MAD;0715;+0100;1330;+0200;0;IB_7673-IB_7443
MAD;0715;+0100;1330;+0200;0;BA_1385-BA_458
MAD;1035;+0100;1650;+0200;0;SN_2174-SN_3727
MAD;1035;+0100;1650;+0200;0;BD_5374-BD_5313
MAD;1100;+0100;1720;+0200;0;LH_2501-LH_1804
MAD;1105;+0100;1725;+0200;0;BA_1391-BA_464
MAD;1110;+0100;1730;+0200;0;KL_1082-KL_1705
MAD;1355;+0100;2015;+0200;0;SN_2176-SN_3729
MAD;1355;+0100;2015;+0200;0;BD_5376-BD_5315
MAD;1105;+0100;1730;+0200;0;BA_1391-BA_460
MAD;1105;+0100;1730;+0200;0;IB_7679-IB_7449
MAD;1105;+0100;1730;+0200;0;BA_1391-BA_464
MAD;1255;+0100;1920;+0200;0;LH_3433-LH_3292
MAD;1325;+0100;1950;+0200;0;KL_1084-KL_1709
MAD;1325;+0100;1950;+0200;0;BA_1395-BA_7065
MAD;1325;+0100;1950;+0200;0;IB_7683-IB_3177
MAD;0940;+0100;1610;+0200;0;AF_1669-AF_1700
MAD;0940;+0100;1610;+0200;0;UX_3504-UX_3436
MAD;1530;+0100;2200;+0200;0;BA_1399-BA_7057
MAD;0930;+0100;1610;+0200;0;AF_1669-AF_1700
MAD;1505;+0100;2145;+0200;0;AF_2269-AF_2100
MAD;1505;+0100;2145;+0200;0;UX_3508-UX_3442
MAD;1530;+0100;2210;+0200;0;IB_7685-IB_3167
MAD;1315;+0100;2025;+0200;0;LH_943-LH_6802
MAD;1600;+0100;2310;+0200;0;KL_1088-KL_1707
MAD;0710;+0100;1425;+0200;0;UA_9043-UA_9229
MAD;0710;+0100;1425;+0200;0;LH_949-LH_1114
MAD;0710;+0100;1425;+0200;0;BD_3369-BD_2918
MAD;0715;+0100;1430;+0200;0;AA_6618-AA_5615
MAD;0655;+0100;1415;+0200;0;LH_2505-LH_1802
MAD;0815;+0100;1535;+0200;0;BA_1387-BA_7061
MAD;0815;+0100;1535;+0200;0;IB_7675-IB_3175
MAD;0700;+0100;1425;+0200;0;UA_9043-UA_9229
MAD;0710;+0100;1435;+0200;0;UA_9043-UA_9229
MAD;0850;+0100;1615;+0200;0;LH_941-LH_6800
MAD;1000;+0100;1725;+0200;0;BA_1389-BA_464
MAD;1105;+0100;1830;+0200;0;IB_7679-IB_3179
MAD;1000;+0100;1730;+0200;0;BA_1389-BA_460
MAD;1000;+0100;1730;+0200;0;BA_1389-BA_464
MAD;1000;+0100;1730;+0200;0;IB_7677-IB_7449
MAD;1325;+0100;2055;+0200;0;IB_7683-IB_3171
MAD;1325;+0100;2055;+0200;0;BA_1395-BA_7059
MAD;0700;+0100;1435;+0200;0;UA_9043-UA_9229
MAD;1105;+0100;1840;+0200;0;IB_7679-IB_7447
MAD;1105;+0100;1840;+0200;0;BA_1391-BA_462
MAD;1505;+0100;2240;+0200;0;UX_3508-UX_1026
MAD;1505;+0100;2240;+0200;0;AF_2269-AF_1730
MAD;1105;+0100;1845;+0200;0;IB_7679-IB_3179
MAD;0815;+0100;1600;+0200;0;IB_7675-IB_7445
MAD;0940;+0100;1730;+0200;0;UX_3504-UX_3438
MAD;0940;+0100;1730;+0200;0;AF_1669-AF_1800
MAD;1105;+0100;1855;+0200;0;BA_1391-BA_7063
MAD;1200;+0100;1950;+0200;0;BA_2907-BA_7065
MAD;0930;+0100;1730;+0200;0;AF_1669-AF_1800
MAD;1415;+0100;2215;+0200;0;6X_1095-6X_462
MAD;1415;+0100;2215;+0200;0;6X_1395-6X_462
MAD;0715;+0100;1535;+0200;0;IB_7673-IB_3175
MAD;0715;+0100;1535;+0200;0;BA_1385-BA_7061
MAD;1105;+0100;1925;+0200;0;IB_7679-IB_3177
MAD;0905;+0100;1730;+0200;0;KL_1074-KL_1705
MAD;1000;+0100;1830;+0200;0;IB_7677-IB_3179
MAD;1015;+0100;1850;+0200;0;SK_540-SK_9926
MAD;1325;+0100;2200;+0200;0;IB_7683-IB_7465
MAD;1325;+0100;2200;+0200;0;BA_1395-BA_7057
MAD;1325;+0100;2200;+0200;0;BA_1395-BA_8755
MAD;0655;+0100;1535;+0200;0;BA_2901-BA_7061
MAD;0845;+0100;1725;+0200;0;BA_2903-BA_464
MAD;1000;+0100;1840;+0200;0;IB_7677-IB_7447
MAD;1000;+0100;1840;+0200;0;BA_1389-BA_462
MAD;1110;+0100;1950;+0200;0;KL_1082-KL_1709
MAD;0715;+0100;1600;+0200;0;IB_7673-IB_7445
MAD;0845;+0100;1730;+0200;0;BA_2903-BA_464
MAD;0845;+0100;1730;+0200;0;BA_2903-BA_460
MAD;1000;+0100;1845;+0200;0;IB_7677-IB_3179
MAD;1105;+0100;1950;+0200;0;IB_7679-IB_3177
MAD;1105;+0100;1950;+0200;0;BA_1391-BA_7065
MAD;1325;+0100;2210;+0200;0;IB_7683-IB_3167
MAD;1415;+0100;2300;+0200;0;6X_1095-6X_9508
MAD;1415;+0100;2300;+0200;0;6X_1395-6X_9508
MAD;1355;+0100;2245;+0200;0;SN_2176-SN_3731
MAD;1355;+0100;2245;+0200;0;BD_5376-BD_5317
MAD;0940;+0100;1835;+0200;0;UX_3504-UX_1024
MAD;0940;+0100;1835;+0200;0;AF_1669-AF_1630
MAD;1000;+0100;1855;+0200;0;BA_1389-BA_7063
MAD;1200;+0100;2055;+0200;0;BA_2907-BA_7059
MAD;0710;+0100;1615;+0200;0;LH_949-LH_6800
MAD;0930;+0100;1835;+0200;0;AF_1669-AF_1630
MAD;0940;+0100;1845;+0200;0;AF_1669-AF_1900
MAD;0940;+0100;1845;+0200;0;UX_3504-UX_3440
MAD;0815;+0100;1725;+0200;0;BA_1387-BA_464
MAD;1400;+0100;2310;+0200;0;TP_321-TP_1022
MAD;0600;+0100;1515;+0200;0;KL_1072-KL_1703
MAD;0815;+0100;1730;+0200;0;BA_1387-BA_460
MAD;0815;+0100;1730;+0200;0;IB_7675-IB_7449
MAD;0815;+0100;1730;+0200;0;BA_1387-BA_464
MAD;0930;+0100;1845;+0200;0;AF_1669-AF_1900
MAD;0850;+0100;1815;+0200;0;LH_941-LH_1116
MAD;0850;+0100;1815;+0200;0;BD_3361-BD_2916
MAD;1000;+0100;1925;+0200;0;IB_7677-IB_3177
MIL;1355;+0100;1820;+0200;0;SN_2176-SN_3159
MIL;1145;+0100;1615;+0200;0;LH_3427-LH_3196
MIL;1800;+0100;2230;+0200;0;BD_5378-BD_5401
MIL;0840;+0100;1315;+0200;0;LX_391-LX_1628
MIL;1740;+0100;2215;+0200;0;KL_1094-KL_1635
MIL;1800;+0100;2235;+0200;0;SN_2178-SN_3161
MIL;1825;+0100;2300;+0200;0;LH_947-LH_258
MIL;1255;+0100;1735;+0200;0;LH_3433-LH_3182
MIL;1355;+0100;1835;+0200;0;BD_5376-BD_5409
MIL;0635;+0100;1120;+0200;0;SN_2184-SN_3147
MIL;0930;+0100;1415;+0200;0;AF_1669-AF_1714
MIL;0930;+0100;1415;+0200;0;AZ_3537-AZ_7353
MIL;1705;+0100;2155;+0200;0;LH_3431-LH_3186
MIL;1345;+0100;1840;+0200;0;LX_395-LX_1636
MIL;1505;+0100;2000;+0200;0;AF_2269-AF_2214
MIL;1505;+0100;2000;+0200;0;AZ_3539-AZ_7357
MIL;0850;+0100;1350;+0200;0;LH_941-LH_252
MIL;1740;+0100;2240;+0200;0;KL_1094-KL_1635
MIL;0710;+0100;1215;+0200;0;LH_949-LH_272
MIL;0710;+0100;1215;+0200;0;BD_3369-BD_2922
MIL;0710;+0100;1215;+0200;0;UA_9043-UA_8768
MIL;0905;+0100;1410;+0200;0;KL_1074-KL_3419
MIL;0940;+0100;1450;+0200;0;AF_1669-AF_1712
MIL;0700;+0100;1215;+0200;0;UA_9043-UA_8768
MIL;1100;+0100;1615;+0200;0;LH_2501-LH_1860
MIL;1325;+0100;1840;+0200;0;KL_1084-KL_1621
MIL;1530;+0100;2045;+0200;0;BA_1399-BA_580
MIL;0930;+0100;1450;+0200;0;AF_1669-AF_1712
MIL;1715;+0100;2235;+0200;0;LH_2503-LH_1866
MIL;0600;+0100;1125;+0200;0;KL_1072-KL_3623
MIL;0635;+0100;1200;+0200;0;BD_5384-BD_5265
MIL;0635;+0100;1200;+0200;0;SN_2184-SN_3147
MIL;0655;+0100;1220;+0200;0;LH_2505-LH_1856
MIL;0655;+0100;1220;+0200;0;UA_8753-UA_8992
MIL;1315;+0100;1840;+0200;0;LH_943-LH_276
MIL;0655;+0100;1225;+0200;0;UA_8753-UA_8992
MIL;1040;+0100;1615;+0200;0;SN_2174-SN_3157
MIL;1040;+0100;1615;+0200;0;BD_5374-BD_5407
MIL;1315;+0100;1850;+0200;0;LH_943-LH_276
MIL;1035;+0100;1615;+0200;0;BD_5374-BD_5407
MIL;1035;+0100;1615;+0200;0;SN_2174-SN_3157
MIL;1110;+0100;1655;+0200;0;KL_1082-KL_1627
MIL;0600;+0100;1150;+0200;0;KL_1072-KL_1623
MIL;1600;+0100;2150;+0200;0;KL_1088-KL_3417
MIL;0930;+0100;1525;+0200;0;AZ_3537-AZ_7817
MIL;1505;+0100;2100;+0200;0;AF_2269-AF_9702
MIL;1505;+0100;2100;+0200;0;AZ_3539-AZ_7903
MIL;1505;+0100;2100;+0200;0;AZ_3539-AZ_7849
MIL;1530;+0100;2125;+0200;0;BA_1399-BA_570
MIL;1005;+0100;1605;+0200;0;AF_6547-AF_3280
MIL;0600;+0100;1205;+0200;0;KL_1072-KL_1623
MIL;1040;+0100;1650;+0200;0;SN_2174-SN_3157
MIL;1035;+0100;1650;+0200;0;SN_2174-SN_3157
MIL;1600;+0100;2215;+0200;0;KL_1088-KL_1635
MIL;0710;+0100;1345;+0200;0;UA_9043-UA_9216
MIL;0815;+0100;1450;+0200;0;LH_3437-LH_3190
MIL;0710;+0100;1350;+0200;0;UA_9043-UA_9216
MIL;0710;+0100;1350;+0200;0;LH_949-LH_252
MIL;1255;+0100;1935;+0200;0;LH_3433-LH_3184
MIL;1600;+0100;2240;+0200;0;KL_1088-KL_1635
MIL;0700;+0100;1345;+0200;0;UA_9043-UA_9216
MIL;0815;+0100;1500;+0200;0;BA_1387-BA_562
MIL;1105;+0100;1750;+0200;0;BA_1391-BA_566
MIL;0700;+0100;1350;+0200;0;UA_9043-UA_9216
MIL;1105;+0100;1805;+0200;0;BA_1391-BA_568
MIL;1505;+0100;2210;+0200;0;AZ_3539-AZ_311
MIL;1505;+0100;2210;+0200;0;AF_2269-AF_9812
MIL;0940;+0100;1655;+0200;0;AF_1669-AF_9700
MIL;1040;+0100;1755;+0200;0;SN_2174-SN_3149
MIL;1040;+0100;1755;+0200;0;BD_5374-BD_5267
MIL;1035;+0100;1755;+0200;0;SN_2174-SN_3149
MIL;1035;+0100;1755;+0200;0;BD_5374-BD_5267
MIL;1325;+0100;2045;+0200;0;BA_1395-BA_580
MIL;0655;+0100;1420;+0200;0;LH_2505-LH_1858
MIL;0930;+0100;1655;+0200;0;AZ_3537-AZ_7907
MIL;0930;+0100;1655;+0200;0;AF_1669-AF_9700
MIL;1100;+0100;1830;+0200;0;LH_2501-LH_1862
MIL;1110;+0100;1840;+0200;0;KL_1082-KL_1621
MIL;1505;+0100;2235;+0200;0;AF_2269-AF_2514
MIL;1505;+0100;2235;+0200;0;AZ_3539-AZ_7349
MIL;1025;+0100;1805;+0200;0;AY_934-AY_795
MIL;1040;+0100;1820;+0200;0;SN_2174-SN_3159
MIL;1345;+0100;2125;+0200;0;LX_395-LX_1638
MIL;0715;+0100;1500;+0200;0;BA_1385-BA_562
MIL;1035;+0100;1820;+0200;0;SN_2174-SN_3159
MIL;0905;+0100;1655;+0200;0;KL_1074-KL_1627
MIL;1000;+0100;1750;+0200;0;BA_1389-BA_566
MIL;1145;+0100;1935;+0200;0;LH_3427-LH_3198
MIL;1040;+0100;1835;+0200;0;BD_5374-BD_5409
MIL;0850;+0100;1650;+0200;0;LH_941-LH_274
MIL;0850;+0100;1650;+0200;0;BD_3361-BD_2924
MIL;1035;+0100;1835;+0200;0;BD_5374-BD_5409
MIL;1325;+0100;2125;+0200;0;BA_1395-BA_570
MIL;0655;+0100;1500;+0200;0;BA_2901-BA_562
MIL;1000;+0100;1805;+0200;0;BA_1389-BA_568
MIL;0600;+0100;1410;+0200;0;KL_1072-KL_3419
MIL;1350;+0100;2210;+0200;0;BD_589-BD_3455
MIL;1325;+0100;2150;+0200;0;KL_1084-KL_3417
PRG;1800;+0100;2230;+0200;0;SN_2178-SN_2815
PRG;0710;+0100;1145;+0200;0;BD_3369-BD_3000
PRG;0710;+0100;1145;+0200;0;LH_949-LH_1394
PRG;1325;+0100;1800;+0200;0;KL_1084-KL_3125
PRG;1800;+0100;2235;+0200;0;SN_2178-SN_2815
PRG;0600;+0100;1050;+0200;0;KL_1072-KL_3121
PRG;1600;+0100;2050;+0200;0;KL_1088-KL_3123
PRG;1825;+0100;2315;+0200;0;LH_947-LH_1402
PRG;1825;+0100;2315;+0200;0;BD_3357-BD_2996
PRG;0930;+0100;1425;+0200;0;AF_1669-AF_1982
PRG;1345;+0100;1845;+0200;0;LX_395-LX_1498
PRG;1600;+0100;2100;+0200;0;KL_1088-KL_3123
PRG;0940;+0100;1445;+0200;0;AF_1669-AF_1982
PRG;0930;+0100;1445;+0200;0;AF_1669-AF_1982
PRG;1325;+0100;1840;+0200;0;KL_1084-KL_1357
PRG;0655;+0100;1215;+0200;0;UA_8753-UA_9111
PRG;1100;+0100;1620;+0200;0;LH_2501-LH_1692
PRG;0655;+0100;1220;+0200;0;LH_2505-LH_1690
PRG;0655;+0100;1220;+0200;0;UA_8753-UA_9111
PRG;1325;+0100;1850;+0200;0;BA_1395-BA_856
PRG;1315;+0100;1845;+0200;0;BD_3353-BD_2994
PRG;1315;+0100;1845;+0200;0;LH_943-LH_1400
PRG;0840;+0100;1415;+0200;0;LX_391-LX_1486
PRG;0710;+0100;1255;+0200;0;UA_9043-UA_8733
PRG;0710;+0100;1255;+0200;0;LH_949-LH_1396
PRG;0700;+0100;1255;+0200;0;UA_9043-UA_8733
PRG;0710;+0100;1310;+0200;0;BD_3369-BD_2990
PRG;0710;+0100;1310;+0200;0;UA_9043-UA_8733
PRG;0815;+0100;1415;+0200;0;BA_1387-BA_860
PRG;1040;+0100;1640;+0200;0;SN_2174-SN_2811
PRG;1040;+0100;1640;+0200;0;BD_5374-BD_5481
PRG;1035;+0100;1640;+0200;0;BD_5374-BD_5481
PRG;1035;+0100;1640;+0200;0;SN_2174-SN_2811
PRG;0700;+0100;1310;+0200;0;UA_9043-UA_8733
PRG;1505;+0100;2130;+0200;0;AF_2269-AF_2386
PRG;1255;+0100;1925;+0200;0;LH_3433-LH_3054
PRG;1355;+0100;2030;+0200;0;SN_2176-SN_2813
PRG;1355;+0100;2030;+0200;0;BD_5376-BD_5483
PRG;1505;+0100;2140;+0200;0;AF_2269-AF_1082
PRG;1040;+0100;1725;+0200;0;SN_2174-SN_2811
PRG;1530;+0100;2215;+0200;0;BA_1399-BA_858
PRG;1035;+0100;1725;+0200;0;SN_2174-SN_2811
PRG;1110;+0100;1800;+0200;0;KL_1082-KL_3125
PRG;0715;+0100;1415;+0200;0;BA_1385-BA_860
PRG;0600;+0100;1315;+0200;0;KL_1072-KL_1355
PRG;0655;+0100;1415;+0200;0;BA_2901-BA_860
PRG;1325;+0100;2050;+0200;0;KL_1084-KL_3123
PRG;1110;+0100;1840;+0200;0;KL_1082-KL_1357
PRG;1325;+0100;2100;+0200;0;KL_1084-KL_3123
PRG;1105;+0100;1850;+0200;0;BA_1391-BA_856
PRG;0750;+0100;1545;+0200;0;LH_3429-LH_3052
PRG;1025;+0100;1845;+0200;0;AY_934-AY_717
BRU;1035;+0100;1250;+0200;0;BD_5374
BRU;1035;+0100;1250;+0200;0;SN_2174
BRU;1355;+0100;1610;+0200;0;SN_2176
BRU;1355;+0100;1610;+0200;0;BD_5376
BRU;1800;+0100;2015;+0200;0;BD_5378
BRU;1800;+0100;2015;+0200;0;SN_2178
BRU;0635;+0100;0855;+0200;0;SN_2184
BRU;0635;+0100;0855;+0200;0;UA_9908
BRU;0635;+0100;0855;+0200;0;BD_5384
BRU;1040;+0100;1300;+0200;0;SN_2174
BRU;1040;+0100;1300;+0200;0;BD_5374
BRU;1800;+0100;2020;+0200;0;SN_2178
BRU;1850;+0100;2110;+0200;0;6X_1622
BRU;0815;+0100;1230;+0200;0;BD_3371-BD_5394
BRU;0815;+0100;1230;+0200;0;LH_3437-LH_5582
BRU;1325;+0100;1745;+0200;0;KL_1084-KL_1731
BRU;1145;+0100;1610;+0200;0;LH_3427-LH_3358
BRU;1315;+0100;1740;+0200;0;LH_943-LH_1016
BRU;1740;+0100;2205;+0200;0;KL_1094-KL_1733
BRU;0815;+0100;1245;+0200;0;LH_3437-LH_5582
BRU;1445;+0100;1915;+0200;0;LH_3441-LH_5580
BRU;1720;+0100;2155;+0200;0;BA_1403-BA_404
BRU;0940;+0100;1423;+0200;0;AF_1669-AF_7183
BRU;0600;+0100;1045;+0200;0;KL_1072-KL_1723
BRU;1000;+0100;1445;+0200;0;BA_1389-BA_394
BRU;1445;+0100;1930;+0200;0;BD_3373-BD_5388
BRU;1445;+0100;1930;+0200;0;LH_3441-LH_5580
BRU;0930;+0100;1423;+0200;0;AF_1669-AF_7183
BRU;0905;+0100;1400;+0200;0;KL_1074-KL_1725
BRU;0855;+0100;1400;+0200;0;BA_8246-BA_8227
BRU;1720;+0100;2225;+0200;0;BA_1403-BA_404
BRU;0655;+0100;1205;+0200;0;LH_2505-LH_2286
BRU;0655;+0100;1205;+0200;0;UA_8753-UA_9284
BRU;0810;+0100;1320;+0200;0;BD_581-BD_5434
BRU;0810;+0100;1320;+0200;0;LH_6555-LH_5595
BRU;0840;+0100;1350;+0200;0;LX_391-LX_780
BRU;0850;+0100;1400;+0200;0;LH_941-LH_1012
BRU;1105;+0100;1615;+0200;0;BA_1391-BA_396
BRU;1325;+0100;1835;+0200;0;BA_1395-BA_398
BRU;1315;+0100;1835;+0200;0;LH_943-LH_1018
BRU;1715;+0100;2235;+0200;0;LH_2503-LH_2296
BRU;0820;+0100;1345;+0200;0;LH_6651-LH_6575
BRU;0820;+0100;1345;+0200;0;BD_1583-BD_1629
BRU;1345;+0100;1910;+0200;0;LX_395-LX_788
BRU;1530;+0100;2055;+0200;0;BA_1399-BA_400
BRU;0710;+0100;1245;+0200;0;LH_949-LH_1010
BRU;0710;+0100;1245;+0200;0;UA_9043-UA_9225
BRU;1100;+0100;1635;+0200;0;LH_2501-LH_2290
BRU;1505;+0100;2043;+0200;0;AF_2269-AF_7187
BRU;0700;+0100;1245;+0200;0;UA_9043-UA_9225
BRU;1600;+0100;2205;+0200;0;KL_1088-KL_1733
BRU;1000;+0100;1615;+0200;0;BA_1389-BA_396
VCE;1200;+0100;1655;+0200;0;BA_2907-BA_2584
VCE;1730;+0100;2225;+0200;0;BA_2909-BA_2588
VCE;1345;+0100;1845;+0200;0;LX_395-LX_1664
VCE;1715;+0100;2225;+0200;0;LH_2503-LH_1914
VCE;0655;+0100;1210;+0200;0;UA_8753-UA_9267
VCE;0655;+0100;1210;+0200;0;LH_2505-LH_1908
VCE;0750;+0100;1305;+0200;0;LH_3429-LH_3212
VCE;1825;+0100;2340;+0200;0;LH_947-LH_332
VCE;1825;+0100;2340;+0200;0;BD_3357-BD_3402
VCE;0840;+0100;1400;+0200;0;LX_391-LX_1662
VCE;1100;+0100;1620;+0200;0;LH_2501-LH_1910
VCE;1110;+0100;1635;+0200;0;KL_1082-KL_1655
VCE;0715;+0100;1250;+0200;0;BA_1385-BA_578
VCE;0600;+0100;1145;+0200;0;KL_1072-KL_1653
VCE;0750;+0100;1340;+0200;0;LH_3429-LH_3212
VCE;1315;+0100;1925;+0200;0;BD_3353-BD_3410
VCE;1315;+0100;1925;+0200;0;LH_943-LH_330
VCE;1600;+0100;2210;+0200;0;KL_1088-KL_1659
VCE;0710;+0100;1325;+0200;0;LH_949-LH_326
VCE;0710;+0100;1325;+0200;0;BD_3369-BD_3406
VCE;0710;+0100;1325;+0200;0;UA_9043-UA_9086
VCE;0700;+0100;1325;+0200;0;UA_9043-UA_9086
VCE;0710;+0100;1345;+0200;0;UA_9043-UA_9086
VCE;0700;+0100;1345;+0200;0;UA_9043-UA_9086
VCE;1355;+0100;2050;+0200;0;BD_5376-BD_5555
VCE;1355;+0100;2110;+0200;0;SN_2176-SN_3205
VCE;0655;+0100;1425;+0200;0;UA_8753-UA_9273
VCE;0905;+0100;1635;+0200;0;KL_1074-KL_1655
VCE;0940;+0100;1710;+0200;0;AF_1669-AF_2026
VCE;0930;+0100;1710;+0200;0;AF_1669-AF_2026
VCE;0930;+0100;1710;+0200;0;AZ_3537-AZ_7331
VCE;1505;+0100;2300;+0200;0;AZ_3539-AZ_7335
VCE;1505;+0100;2300;+0200;0;AF_2269-AF_2526
VCE;0845;+0100;1655;+0200;0;BA_2903-BA_2584
VCE;0815;+0100;1655;+0200;0;BA_1387-BA_2584
VCE;1325;+0100;2210;+0200;0;KL_1084-KL_1659
VCE;0850;+0100;1745;+0200;0;LH_941-LH_328
VCE;0850;+0100;1745;+0200;0;BD_3361-BD_3408
VCE;1325;+0100;2225;+0200;0;BA_1395-BA_2588
VCE;0655;+0100;1620;+0200;0;UA_8753-UA_9273
VCE;0655;+0100;1620;+0200;0;LH_2505-LH_1910
VCE;0715;+0100;1655;+0200;0;BA_1385-BA_2584
VCE;0850;+0100;1620;+0200;0;LH_941-LH_110-LH_1910
VCE;1610;+0100;2340;+0200;0;BD_1591-BD_3483-BD_3402
VCE;1610;+0100;2340;+0200;0;LH_6655-LH_965-LH_332
VCE;0810;+0100;1620;+0200;0;LH_6555-LH_2473-LH_1910
VCE;0930;+0100;1745;+0200;0;LH_6557-LH_905-LH_328
VCE;0930;+0100;1745;+0200;0;BD_585-BD_3197-BD_3408
VCE;0750;+0100;1620;+0200;0;LH_3429-LH_2009-LH_1910
VCE;0750;+0100;1620;+0200;0;LH_3429-LH_2005-LH_1910
VCE;0910;+0100;1745;+0200;0;LH_6555-LH_905-LH_328
VCE;1350;+0100;2225;+0200;0;LH_6523-LH_2479-LH_1914
VCE;1500;+0100;2340;+0200;0;LH_6647-LH_965-LH_332
VCE;1500;+0100;2340;+0200;0;BD_1589-BD_3483-BD_3402
VCE;1445;+0100;2340;+0200;0;LH_3441-LH_25-LH_332
VCE;1445;+0100;2340;+0200;0;LH_3441-LH_23-LH_332
VCE;1445;+0100;2340;+0200;0;BD_3373-BD_2959-BD_3402
VCE;1445;+0100;2340;+0200;0;LH_3441-LH_27-LH_332
VCE;0710;+0100;1620;+0200;0;LH_949-LH_110-LH_1910
VCE;0710;+0100;1620;+0200;0;LH_949-LH_108-LH_1910
VCE;1315;+0100;2225;+0200;0;LH_943-LH_120-LH_1914
VCE;1315;+0100;2225;+0200;0;LH_943-LH_116-LH_1914
VCE;1315;+0100;2225;+0200;0;LH_943-LH_118-LH_1914
VCE;0815;+0100;1745;+0200;0;BD_3371-BD_2967-BD_3408
VCE;0815;+0100;1745;+0200;0;LH_3437-LH_15-LH_328
VCE;0815;+0100;1745;+0200;0;LH_3437-LH_17-LH_328
VCE;1255;+0100;2225;+0200;0;LH_3433-LH_2013-LH_1914
VCE;1255;+0100;2225;+0200;0;LH_3433-LH_2017-LH_1914
VCE;1255;+0100;2225;+0200;0;LH_3433-LH_2015-LH_1914
VCE;0810;+0100;1745;+0200;0;BD_581-BD_3197-BD_3408
VCE;0810;+0100;1745;+0200;0;LH_6555-LH_905-LH_328
LIS;1400;+0100;1640;+0100;0;TP_321
LIS;0930;+0100;1430;+0100;0;TP_8943-TP_363
LIS;1720;+0100;2225;+0100;0;BA_1403-BA_504
LIS;0940;+0100;1450;+0100;0;AF_1669-AF_1624
LIS;1355;+0100;1905;+0100;0;SN_2176-SN_6409
LIS;1355;+0100;1905;+0100;0;BD_5376-BD_5567
LIS;1355;+0100;1905;+0100;0;SN_2176-SN_3819
LIS;1740;+0100;2250;+0100;0;KL_1094-KL_1697
LIS;0635;+0100;1155;+0100;0;SN_2184-SN_3815
LIS;0635;+0100;1155;+0100;0;BD_5384-BD_5565
LIS;0930;+0100;1450;+0100;0;AF_1669-AF_1624
LIS;0840;+0100;1410;+0100;0;LX_391-LX_4580
LIS;0905;+0100;1435;+0100;0;KL_1074-KL_1693
LIS;0715;+0100;1250;+0100;0;BA_1385-BA_506
LIS;0810;+0100;1430;+0100;0;TP_8948-TP_363
LIS;0655;+0100;1325;+0100;0;LH_2505-LH_1790
LIS;0655;+0100;1325;+0100;0;UA_8753-UA_8938
LIS;1105;+0100;1735;+0100;0;BA_1391-BA_502
LIS;0850;+0100;1530;+0100;0;LH_941-LH_6994
LIS;1505;+0100;2150;+0100;0;AF_2269-AF_2324
LIS;0930;+0100;1620;+0100;0;TP_8943-TP_359
LIS;1600;+0100;2250;+0100;0;KL_1088-KL_1697
LIS;1530;+0100;2225;+0100;0;BA_1399-BA_504
LIS;0850;+0100;1555;+0100;0;LH_941-LH_1168
LIS;1355;+0100;2105;+0100;0;SN_2176-SN_6405
LIS;1350;+0100;2105;+0100;0;TP_8946-TP_357
LIS;1345;+0100;2105;+0100;0;LX_395-LX_4582
LIS;0635;+0100;1410;+0100;0;SN_2184-SN_6403
LIS;1000;+0100;1735;+0100;0;BA_1389-BA_502
LIS;0940;+0100;1735;+0100;0;AF_1669-AF_1924
LIS;0930;+0100;1735;+0100;0;AF_1669-AF_1924
LIS;1315;+0100;2120;+0100;0;LH_943-LH_6956
LIS;0655;+0100;1505;+0100;0;LH_2505-LH_6950
LIS;0810;+0100;1620;+0100;0;TP_8948-TP_359
LIS;0710;+0100;1530;+0100;0;LH_949-LH_6994
LIS;1350;+0100;2210;+0100;0;TP_8946-TP_367
LIS;1040;+0100;1905;+0100;0;SN_2174-SN_6409
LIS;1040;+0100;1905;+0100;0;SN_2174-SN_3819
LIS;1040;+0100;1905;+0100;0;BD_5374-BD_5567
LIS;1035;+0100;1905;+0100;0;BD_5374-BD_5567
LIS;1035;+0100;1905;+0100;0;SN_2174-SN_6409
LIS;1035;+0100;1905;+0100;0;SN_2174-SN_3819
LIS;0600;+0100;1435;+0100;0;KL_1072-KL_1693
LIS;0710;+0100;1545;+0100;0;UA_9043-UA_8896
LIS;0700;+0100;1545;+0100;0;UA_9043-UA_8896
LIS;0710;+0100;1555;+0100;0;LH_949-LH_1168
LIS;0710;+0100;1555;+0100;0;UA_9043-UA_8896
LIS;0845;+0100;1735;+0100;0;BA_2903-BA_502
LIS;0700;+0100;1555;+0100;0;UA_9043-UA_8896
LIS;1325;+0100;2225;+0100;0;BA_1395-BA_504
LIS;0815;+0100;1735;+0100;0;BA_1387-BA_502
LIS;1325;+0100;2250;+0100;0;KL_1084-KL_1697
LIS;0930;+0100;1900;+0100;0;TP_8943-TP_341
LIS;0940;+0100;1630;+0100;0;AF_1669-AF_7624-AF_5360
LIS;0930;+0100;1630;+0100;0;AF_1669-AF_7624-AF_5360
LIS;0820;+0100;1550;+0100;0;AA_6365-AA_5615-AA_5516
LIS;0715;+0100;1550;+0100;0;AA_6618-AA_5615-AA_5516
LIS;0715;+0100;1550;+0100;0;IB_7673-IB_7443-IB_3102
LIS;1105;+0100;2000;+0100;0;IB_7679-IB_3179-IB_3106
LIS;1105;+0100;2000;+0100;0;IB_7679-IB_7449-IB_3106
LIS;0940;+0100;1850;+0100;0;UX_3504-UX_3436-UX_1157
LIS;0940;+0100;1850;+0100;0;UX_3504-UX_3438-UX_1157
LIS;1325;+0100;2255;+0100;0;IB_7683-IB_3171-IB_3118
LIS;1325;+0100;2255;+0100;0;IB_7683-IB_3177-IB_3118
LIS;0810;+0100;1755;+0100;0;TP_8948-TP_331-TP_1975
LIS;1350;+0100;2340;+0100;0;BD_589-BD_3233-BD_3350
LIS;1350;+0100;2340;+0100;0;LH_6523-LH_911-LH_1172
LIS;1350;+0100;2340;+0100;0;BD_589-BD_3235-BD_3350
LIS;1350;+0100;2340;+0100;0;LH_6523-LH_899-LH_1172
LIS;1350;+0100;2340;+0100;0;LH_6523-LH_915-LH_1172
LIS;1000;+0100;2000;+0100;0;IB_7677-IB_7449-IB_3106
LIS;1000;+0100;2000;+0100;0;IB_7677-IB_3179-IB_3106
LIS;1000;+0100;2000;+0100;0;IB_7677-IB_7445-IB_3106
BER;1255;+0100;1655;+0200;0;LH_3433-LH_2738
BER;1255;+0100;1655;+0200;0;BD_3695-BD_3488
BER;1740;+0100;2150;+0200;0;KL_1094-KL_1835
BER;1355;+0100;1820;+0200;0;BD_5376-BD_5327
BER;1355;+0100;1820;+0200;0;SN_2176-SN_2587
BER;1800;+0100;2225;+0200;0;BD_5378-BD_5331
BER;1800;+0100;2225;+0200;0;SN_2178-SN_2591
BER;1705;+0100;2135;+0200;0;BD_3693-BD_3494
BER;1705;+0100;2135;+0200;0;LH_3431-LH_2744
BER;0905;+0100;1340;+0200;0;KL_1074-KL_1825
BER;1355;+0100;1830;+0200;0;SN_2176-SN_2587
BER;0635;+0100;1115;+0200;0;SN_2184-SN_2581
BER;0635;+0100;1115;+0200;0;BD_5384-BD_5321
BER;0635;+0100;1115;+0200;0;9W_6084-9W_6081
BER;1100;+0100;1540;+0200;0;LH_2501-LH_2040
BER;1715;+0100;2155;+0200;0;LH_2503-LH_2054
BER;1740;+0100;2230;+0200;0;BD_593-BD_849
BER;0940;+0100;1435;+0200;0;AF_1669-AF_2034
BER;1015;+0100;1510;+0200;0;SK_540-SK_679
BER;1105;+0100;1600;+0200;0;BA_1391-BA_984
BER;0930;+0100;1435;+0200;0;AF_1669-AF_2034
BER;1255;+0100;1800;+0200;0;BD_3695-BD_3488
BER;1315;+0100;1820;+0200;0;LH_943-LH_190
BER;1315;+0100;1820;+0200;0;BD_3353-BD_3584
BER;1325;+0100;1830;+0200;0;KL_1084-KL_1833
BER;0750;+0100;1300;+0200;0;LH_3429-LH_2734
BER;0750;+0100;1300;+0200;0;BD_3691-BD_3484
BER;1255;+0100;1805;+0200;0;LH_3433-LH_2740
BER;0655;+0100;1210;+0200;0;LH_2505-LH_2036
BER;0850;+0100;1405;+0200;0;LH_941-LH_182
BER;0850;+0100;1405;+0200;0;BD_3361-BD_3582
BER;0600;+0100;1120;+0200;0;KL_1072-KL_1823
BER;1100;+0100;1620;+0200;0;LH_2501-LH_2042
BER;1110;+0100;1630;+0200;0;KL_1082-KL_1829
BER;1345;+0100;1905;+0200;0;LX_395-LX_978
BER;1505;+0100;2025;+0200;0;AF_2269-AF_2534
BER;1015;+0100;1540;+0200;0;SK_540-SK_679
BER;1705;+0100;2230;+0200;0;BD_573-BD_849
BER;1705;+0100;2230;+0200;0;LH_6689-LH_6495
BER;0710;+0100;1240;+0200;0;LH_949-LH_180
BER;0710;+0100;1240;+0200;0;BD_3369-BD_3580
BER;0815;+0100;1345;+0200;0;BA_1387-BA_992
BER;0840;+0100;1410;+0200;0;LX_391-LX_966
BER;1325;+0100;1900;+0200;0;BA_1395-BA_986
BER;1715;+0100;2250;+0200;0;LH_2503-LH_2056
BER;0615;+0100;1200;+0200;0;BD_571-BD_843
BER;0750;+0100;1335;+0200;0;LH_3429-LH_2736
BER;1315;+0100;1900;+0200;0;LH_943-LH_192
BER;1315;+0100;1900;+0200;0;BD_3353-BD_3562
BER;1040;+0100;1630;+0200;0;BD_5374-BD_5325
BER;1040;+0100;1630;+0200;0;SN_2174-SN_2585
BER;1600;+0100;2150;+0200;0;KL_1088-KL_1835
BER;1035;+0100;1630;+0200;0;SN_2174-SN_2585
BER;1035;+0100;1630;+0200;0;BD_5374-BD_5325
BER;1530;+0100;2125;+0200;0;BA_1399-BA_988
BER;1000;+0100;1600;+0200;0;BA_1389-BA_984
BER;1100;+0100;1700;+0200;0;LH_2501-LH_2046
BER;1315;+0100;1935;+0200;0;LH_943-LH_194
BER;1315;+0100;1940;+0200;0;LH_943-LH_194
BER;0715;+0100;1345;+0200;0;BA_1385-BA_992
BER;0850;+0100;1520;+0200;0;BD_3361-BD_3568
BER;0850;+0100;1520;+0200;0;LH_941-LH_184
BER;1350;+0100;2025;+0200;0;BD_589-BD_847
BER;1350;+0100;2025;+0200;0;LH_6523-LH_6493
BER;1145;+0100;1825;+0200;0;LH_3427-LH_2850
BER;0635;+0100;1320;+0200;0;BD_5384-BD_5333
BER;0635;+0100;1320;+0200;0;SN_2184-SN_2583
BER;0710;+0100;1405;+0200;0;LH_949-LH_182
BER;0710;+0100;1405;+0200;0;BD_3369-BD_3582
BER;1200;+0100;1900;+0200;0;BA_2907-BA_986
BER;0635;+0100;1340;+0200;0;SN_2184-SN_2583
BER;0845;+0100;1600;+0200;0;BA_2903-BA_984
BER;0655;+0100;1415;+0200;0;LH_2505-LH_2038
BER;1100;+0100;1820;+0200;0;LH_2501-LH_2048
BER;1110;+0100;1830;+0200;0;KL_1082-KL_1833
BER;1255;+0100;2015;+0200;0;LH_3433-LH_2742
BER;1255;+0100;2015;+0200;0;BD_3695-BD_3492
BER;0905;+0100;1630;+0200;0;KL_1074-KL_1829
BER;1355;+0100;2120;+0200;0;BD_5376-BD_5329
BER;1355;+0100;2120;+0200;0;SN_2176-SN_2589
BER;1025;+0100;1755;+0200;0;AY_934-AY_917
BER;1255;+0100;2025;+0200;0;LH_3433-LH_2742
BER;1315;+0100;2045;+0200;0;BD_3353-BD_3578
BER;1315;+0100;2045;+0200;0;LH_943-LH_196
BER;0600;+0100;1340;+0200;0;KL_1072-KL_1825
BER;0940;+0100;1720;+0200;0;AF_1669-AF_2334
BER;1040;+0100;1820;+0200;0;BD_5374-BD_5327
BER;1040;+0100;1820;+0200;0;SN_2174-SN_2587
BER;0815;+0100;1600;+0200;0;BA_1387-BA_984
BER;0850;+0100;1635;+0200;0;BD_3361-BD_3566
BER;0850;+0100;1635;+0200;0;LH_941-LH_186
BER;1035;+0100;1820;+0200;0;SN_2174-SN_2587
BER;1035;+0100;1820;+0200;0;BD_5374-BD_5327
BER;0930;+0100;1720;+0200;0;AF_1669-AF_2334
BER;1040;+0100;1830;+0200;0;SN_2174-SN_2587
BER;1035;+0100;1830;+0200;0;SN_2174-SN_2587
BER;1105;+0100;1900;+0200;0;BA_1391-BA_986
BER;0930;+0100;1730;+0200;0;LH_6557-LH_6491
BER;0930;+0100;1730;+0200;0;BD_585-BD_845
BER;1325;+0100;2125;+0200;0;BA_1395-BA_988
GVA;1800;+0100;2215;+0200;0;SN_2178-SN_2723
GVA;1355;+0100;1815;+0200;0;BD_5376-BD_5269
GVA;1355;+0100;1815;+0200;0;SN_2176-SN_2725
GVA;1355;+0100;1820;+0200;0;SN_2176-SN_2725
GVA;0940;+0100;1410;+0200;0;AF_1669-AF_2142
GVA;1850;+0100;2320;+0200;0;LX_381-LX_2818
GVA;1505;+0100;1940;+0200;0;AF_2269-AF_1042
GVA;0930;+0100;1410;+0200;0;AF_1669-AF_2142
GVA;1315;+0100;1755;+0200;0;BD_3353-BD_3118
GVA;1315;+0100;1755;+0200;0;LH_943-LH_1222
GVA;1345;+0100;1825;+0200;0;LX_395-LX_2810
GVA;1445;+0100;1925;+0200;0;LH_3441-LH_3168
GVA;0930;+0100;1425;+0200;0;BD_585-BD_6771
GVA;0600;+0100;1100;+0200;0;KL_1072-KL_1927
GVA;1705;+0100;2205;+0200;0;BD_573-BD_6777
GVA;1110;+0100;1620;+0200;0;KL_1082-KL_1931
GVA;1325;+0100;1835;+0200;0;KL_1084-KL_1933
GVA;1530;+0100;2040;+0200;0;BA_1399-BA_736
GVA;1715;+0100;2230;+0200;0;LH_2503-LH_2390
GVA;0615;+0100;1135;+0200;0;BD_571-BD_6773
GVA;0840;+0100;1400;+0200;0;LX_391-LX_2806
GVA;1720;+0100;2240;+0200;0;BA_1403-BA_738
GVA;0655;+0100;1220;+0200;0;LH_2505-LH_2382
GVA;1100;+0100;1625;+0200;0;LH_2501-LH_2384
GVA;0850;+0100;1420;+0200;0;BD_3361-BD_3106
GVA;0850;+0100;1420;+0200;0;LH_941-LH_1218
GVA;1105;+0100;1640;+0200;0;BA_1391-BA_732
GVA;0635;+0100;1215;+0200;0;UA_9908-UA_9935
GVA;0635;+0100;1215;+0200;0;SN_2184-SN_2715
GVA;0635;+0100;1215;+0200;0;BD_5384-BD_5275
GVA;0715;+0100;1255;+0200;0;BA_1385-BA_728
GVA;0710;+0100;1255;+0200;0;UA_9043-UA_9018
GVA;1600;+0100;2145;+0200;0;KL_1088-KL_1937
GVA;0710;+0100;1300;+0200;0;LH_949-LH_1216
GVA;0710;+0100;1300;+0200;0;UA_9043-UA_9018
GVA;0710;+0100;1300;+0200;0;BD_3369-BD_3096
GVA;0635;+0100;1230;+0200;0;UA_9908-UA_9935
GVA;0635;+0100;1230;+0200;0;SN_2184-SN_2715
GVA;0700;+0100;1255;+0200;0;UA_9043-UA_9018
GVA;0700;+0100;1300;+0200;0;UA_9043-UA_9018
GVA;0815;+0100;1420;+0200;0;BA_1387-BA_730
GVA;1040;+0100;1645;+0200;0;SN_2174-SN_2719
GVA;1040;+0100;1645;+0200;0;BD_5374-BD_5279
GVA;1350;+0100;1955;+0200;0;BD_589-BD_6769
GVA;1035;+0100;1645;+0200;0;BD_5374-BD_5279
GVA;1035;+0100;1645;+0200;0;SN_2174-SN_2719
GVA;1315;+0100;1925;+0200;0;BD_3353-BD_3104
GVA;1315;+0100;1925;+0200;0;LH_943-LH_1226
GVA;0810;+0100;1425;+0200;0;BD_581-BD_6771
GVA;1255;+0100;1910;+0200;0;LH_3433-LH_3164
GVA;1315;+0100;1930;+0200;0;BD_3353-BD_3120
GVA;1315;+0100;1930;+0200;0;LH_943-LH_1224
GVA;0940;+0100;1610;+0200;0;AF_1669-AF_2342
GVA;0940;+0100;1610;+0200;0;UX_3504-UX_3587
GVA;1355;+0100;2025;+0200;0;SN_2176-SN_2721
GVA;1355;+0100;2030;+0200;0;BD_5376-BD_5281
GVA;1355;+0100;2030;+0200;0;SN_2176-SN_2721
GVA;0930;+0100;1610;+0200;0;AF_1669-AF_2342
GVA;1000;+0100;1640;+0200;0;BA_1389-BA_732
GVA;1505;+0100;2145;+0200;0;UX_3508-UX_3595
GVA;1505;+0100;2145;+0200;0;AF_2269-AF_1242
GVA;1105;+0100;1755;+0200;0;BA_1391-BA_734
GVA;0710;+0100;1410;+0200;0;UA_9043-UA_9020
GVA;0715;+0100;1420;+0200;0;BA_1385-BA_730
GVA;0700;+0100;1410;+0200;0;UA_9043-UA_9020
GVA;0710;+0100;1420;+0200;0;UA_9043-UA_9020
GVA;0710;+0100;1420;+0200;0;LH_949-LH_1218
GVA;0710;+0100;1420;+0200;0;BD_3369-BD_3106
GVA;0930;+0100;1640;+0200;0;BD_585-BD_6775
GVA;1530;+0100;2240;+0200;0;BA_1399-BA_738
GVA;0905;+0100;1620;+0200;0;KL_1074-KL_1931
GVA;1325;+0100;2040;+0200;0;BA_1395-BA_736
GVA;1355;+0100;2110;+0200;0;BD_5376-BD_5283
GVA;0700;+0100;1420;+0200;0;UA_9043-UA_9020
GVA;0655;+0100;1420;+0200;0;BA_2901-BA_730
GVA;0750;+0100;1515;+0200;0;LH_3429-LH_3162
GVA;1100;+0100;1825;+0200;0;LH_2501-LH_2386
GVA;1110;+0100;1835;+0200;0;KL_1082-KL_1933
GVA;0600;+0100;1330;+0200;0;KL_1072-KL_1929
GVA;0940;+0100;1710;+0200;0;UX_3504-UX_3589
GVA;0940;+0100;1710;+0200;0;AF_1669-AF_2442
GVA;0940;+0100;1715;+0200;0;AF_1669-AF_2442
GVA;1040;+0100;1815;+0200;0;SN_2174-SN_2725
GVA;1040;+0100;1815;+0200;0;BD_5374-BD_5269
GVA;1350;+0100;2125;+0200;0;BD_589-BD_6847
GVA;0930;+0100;1710;+0200;0;AF_1669-AF_2442
GVA;1035;+0100;1815;+0200;0;SN_2174-SN_2725
GVA;1035;+0100;1815;+0200;0;BD_5374-BD_5269
GVA;1040;+0100;1820;+0200;0;SN_2174-SN_2725
GVA;1345;+0100;2125;+0200;0;LX_395-LX_2816
GVA;0930;+0100;1715;+0200;0;AF_1669-AF_2442
GVA;1025;+0100;1810;+0200;0;AY_934-AY_869
GVA;1035;+0100;1820;+0200;0;SN_2174-SN_2725
GVA;0845;+0100;1640;+0200;0;BA_2903-BA_732
GVA;1000;+0100;1755;+0200;0;BA_1389-BA_734
FRA;1315;+0100;1555;+0200;0;LH_943
FRA;1315;+0100;1555;+0200;0;BD_3353
FRA;1825;+0100;2105;+0200;0;BD_3357
FRA;1825;+0100;2105;+0200;0;LH_947
FRA;0710;+0100;0955;+0200;0;BD_3369
FRA;0710;+0100;0955;+0200;0;LH_949
FRA;0710;+0100;0955;+0200;0;UA_9043
FRA;0850;+0100;1135;+0200;0;LH_941
FRA;0850;+0100;1135;+0200;0;BD_3361
FRA;0700;+0100;0950;+0200;0;UA_9043
FRA;1740;+0100;2200;+0200;0;KL_1094-KL_1775
FRA;1325;+0100;1750;+0200;0;KL_1084-KL_1773
FRA;1445;+0100;1915;+0200;0;LH_3441-LH_23
FRA;1505;+0100;1945;+0200;0;AF_2269-AF_2418
FRA;0930;+0100;1415;+0200;0;LH_6557-LH_905
FRA;0930;+0100;1415;+0200;0;BD_585-BD_3197
FRA;1325;+0100;1810;+0200;0;BA_1395-BA_910
FRA;1415;+0100;1900;+0200;0;6X_1095-6X_405
FRA;1415;+0100;1900;+0200;0;6X_1395-6X_405
FRA;0840;+0100;1330;+0200;0;LX_391-LX_1072
FRA;1610;+0100;2100;+0200;0;BD_1591-BD_3483
FRA;1610;+0100;2100;+0200;0;LH_6655-LH_965
FRA;1715;+0100;2205;+0200;0;LH_2503-LH_125
FRA;1740;+0100;2230;+0200;0;BD_593-BD_3191
FRA;1740;+0100;2230;+0200;0;LH_6563-LH_919
FRA;0940;+0100;1435;+0200;0;AF_1669-AF_1918
FRA;1040;+0100;1535;+0200;0;A3_3013-A3_1435
FRA;0655;+0100;1155;+0200;0;LH_2505-LH_109
FRA;1035;+0100;1535;+0200;0;A3_3013-A3_1435
FRA;1705;+0100;2205;+0200;0;LH_3431-LH_89
FRA;0750;+0100;1255;+0200;0;BD_3691-BD_3319
FRA;0750;+0100;1255;+0200;0;LH_3429-LH_79
FRA;0815;+0100;1320;+0200;0;BA_1387-BA_904
FRA;0910;+0100;1415;+0200;0;LH_6555-LH_905
FRA;0930;+0100;1435;+0200;0;AF_1669-AF_1918
FRA;1040;+0100;1545;+0200;0;A3_3013-A3_1435
FRA;1040;+0100;1545;+0200;0;SN_2174-SN_7005
FRA;1705;+0100;2210;+0200;0;LH_3431-LH_89
FRA;1720;+0100;2225;+0200;0;BA_1403-BA_916
FRA;1035;+0100;1545;+0200;0;A3_3013-A3_1435
FRA;1035;+0100;1545;+0200;0;SN_2174-SN_7005
FRA;1100;+0100;1610;+0200;0;LH_2501-LH_115
FRA;1445;+0100;1955;+0200;0;LH_3441-LH_25
FRA;0815;+0100;1330;+0200;0;LH_3437-LH_15
FRA;0815;+0100;1335;+0200;0;LH_3437-LH_15
FRA;0900;+0100;1420;+0200;0;SK_8676-SK_3641
FRA;1345;+0100;1910;+0200;0;BD_6805-BD_3551
FRA;1345;+0100;1910;+0200;0;LX_395-LX_3608
FRA;1705;+0100;2230;+0200;0;BD_573-BD_3191
FRA;1705;+0100;2230;+0200;0;LH_6689-LH_919
FRA;0615;+0100;1145;+0200;0;BD_571-BD_3211
FRA;0635;+0100;1205;+0200;0;SN_2184-SN_7003
FRA;1105;+0100;1635;+0200;0;BA_1391-BA_908
FRA;1020;+0100;1555;+0200;0;SK_4608-SK_3609
FRA;1355;+0100;1930;+0200;0;SN_2176-SN_7009
FRA;1015;+0100;1555;+0200;0;SK_4608-SK_3609
FRA;1015;+0100;1555;+0200;0;BD_3932-BD_2931
FRA;1110;+0100;1650;+0200;0;KL_1082-KL_1771
FRA;1110;+0100;1655;+0200;0;KL_1082-KL_1771
FRA;1350;+0100;1935;+0200;0;BD_589-BD_3233
FRA;1350;+0100;1935;+0200;0;LH_6523-LH_911
FRA;1530;+0100;2115;+0200;0;BA_1399-BA_914
FRA;0655;+0100;1245;+0200;0;LH_2505-LH_111
FRA;1445;+0100;2035;+0200;0;BD_3373-BD_2959
FRA;1445;+0100;2035;+0200;0;LH_3441-LH_27
FRA;1325;+0100;1920;+0200;0;BA_1395-BA_912
FRA;1350;+0100;1945;+0200;0;LH_6523-LH_911
FRA;1445;+0100;2040;+0200;0;LH_3441-LH_27
FRA;0840;+0100;1440;+0200;0;LX_391-LX_3604
FRA;0840;+0100;1440;+0200;0;BD_6803-BD_3557
FRA;0905;+0100;1505;+0200;0;KL_1074-KL_1767
FRA;1255;+0100;1855;+0200;0;LH_3433-LH_85
FRA;1255;+0100;1855;+0200;0;BD_3695-BD_3315
FRA;1500;+0100;2100;+0200;0;BD_1589-BD_3483
FRA;1500;+0100;2100;+0200;0;LH_6647-LH_965
FRA;1600;+0100;2200;+0200;0;KL_1088-KL_1775
FRA;0715;+0100;1320;+0200;0;BA_1385-BA_904
FRA;0810;+0100;1415;+0200;0;BD_581-BD_3197
FRA;0810;+0100;1415;+0200;0;LH_6555-LH_905
FRA;1015;+0100;1620;+0200;0;SK_540-SK_675
FRA;1020;+0100;1625;+0200;0;SK_4608-SK_4755
FRA;0615;+0100;1225;+0200;0;BD_571-BD_3205
FRA;1010;+0100;1620;+0200;0;BD_1343-BD_3083
FRA;1015;+0100;1625;+0200;0;SK_4608-SK_4755
FRA;1345;+0100;2005;+0200;0;LX_395-LX_1076
FRA;1215;+0100;1840;+0200;0;LX_4431-LX_3916
FRA;1350;+0100;2015;+0200;0;LH_6523-LH_899
FRA;1355;+0100;2020;+0200;0;SN_2176-SN_7011
FRA;1505;+0100;2135;+0200;0;AF_2269-AF_1018
CPH;1910;+0100;2200;+0200;0;BD_3896
CPH;1910;+0100;2200;+0200;0;SK_542
CPH;1015;+0100;1315;+0200;0;SK_540
CPH;1015;+0100;1315;+0200;0;TG_6217
CPH;1015;+0100;1315;+0200;0;BD_3892
CPH;0900;+0100;1325;+0200;0;SK_8676-SK_437
CPH;0905;+0100;1335;+0200;0;KL_1074-KL_1129
CPH;1255;+0100;1725;+0200;0;LH_3433-LH_6212
CPH;1020;+0100;1455;+0200;0;SK_4608-SK_1469
CPH;1355;+0100;1830;+0200;0;SN_2176-SN_2263
CPH;1015;+0100;1455;+0200;0;SK_4608-SK_1469
CPH;1355;+0100;1840;+0200;0;BD_5376-BD_5463
CPH;1825;+0100;2315;+0200;0;LH_947-LH_832
CPH;1825;+0100;2315;+0200;0;BD_3357-BD_3422
CPH;0600;+0100;1055;+0200;0;KL_1072-KL_1127
CPH;1315;+0100;1810;+0200;0;BD_3353-BD_3420
CPH;1740;+0100;2235;+0200;0;KL_1094-KL_1139
CPH;1315;+0100;1815;+0200;0;LH_943-LH_830
CPH;1355;+0100;1900;+0200;0;BD_5376-BD_3724
CPH;1325;+0100;1835;+0200;0;KL_1084-KL_1133
CPH;1100;+0100;1615;+0200;0;LH_2501-LH_2444
CPH;0655;+0100;1215;+0200;0;LH_2505-LH_2442
CPH;0850;+0100;1410;+0200;0;LH_941-LH_6222
CPH;0840;+0100;1405;+0200;0;LX_391-LX_1270
CPH;1110;+0100;1635;+0200;0;KL_1082-KL_1131
CPH;1740;+0100;2305;+0200;0;BD_593-BD_3710
CPH;1740;+0100;2305;+0200;0;SK_9794-SK_1508
CPH;1345;+0100;1915;+0200;0;LX_395-LX_1272
CPH;1445;+0100;2015;+0200;0;LH_3441-LH_6240
CPH;0635;+0100;1210;+0200;0;BD_5384-BD_3734
CPH;0710;+0100;1245;+0200;0;BD_3369-BD_3418
CPH;0710;+0100;1245;+0200;0;UA_9043-UA_9568
CPH;0715;+0100;1250;+0200;0;BA_1385-BA_814
CPH;1325;+0100;1900;+0200;0;BA_1395-BA_820
CPH;0700;+0100;1245;+0200;0;UA_9043-UA_9568
CPH;0700;+0100;1245;+0200;0;BD_1581-BD_1603
CPH;1000;+0100;1545;+0200;0;BA_1389-BA_816
CPH;1040;+0100;1630;+0200;0;BD_5374-BD_5459
CPH;1040;+0100;1630;+0200;0;SN_2174-SN_2259
CPH;1035;+0100;1630;+0200;0;SN_2174-SN_2259
CPH;1035;+0100;1630;+0200;0;BD_5374-BD_5459
CPH;1315;+0100;1910;+0200;0;LH_943-LH_6032
CPH;1350;+0100;1945;+0200;0;BD_589-BD_3706
CPH;1350;+0100;1945;+0200;0;SK_9740-SK_506
CPH;1705;+0100;2305;+0200;0;BD_573-BD_3710
CPH;0635;+0100;1240;+0200;0;UA_9908-UA_9911
CPH;0635;+0100;1240;+0200;0;SN_2184-SN_2257
CPH;0815;+0100;1425;+0200;0;LH_3437-LH_6054
CPH;1715;+0100;2325;+0200;0;LH_2503-LH_6258
CPH;1020;+0100;1635;+0200;0;SK_4608-SK_459
CPH;1015;+0100;1635;+0200;0;SK_4608-SK_459
CPH;1105;+0100;1725;+0200;0;BA_1391-BA_818
CPH;0635;+0100;1300;+0200;0;SN_2184-SN_2257
CPH;0635;+0100;1300;+0200;0;BD_5384-BD_5457
CPH;0635;+0100;1300;+0200;0;UA_9908-UA_9911
CPH;1530;+0100;2155;+0200;0;BA_1399-BA_822
CPH;0615;+0100;1245;+0200;0;BD_571-BD_3702
CPH;1505;+0100;2140;+0200;0;AF_2269-AF_1350
CPH;1600;+0100;2235;+0200;0;KL_1088-KL_1139
CPH;0750;+0100;1445;+0200;0;LH_3429-LH_6042
CPH;0710;+0100;1410;+0200;0;LH_949-LH_6222
CPH;0845;+0100;1545;+0200;0;BA_2903-BA_816
CPH;1020;+0100;1720;+0200;0;SK_4608-SK_1471
CPH;1200;+0100;1900;+0200;0;BA_2907-BA_820
CPH;1015;+0100;1720;+0200;0;SK_4608-SK_1471
CPH;1015;+0100;1720;+0200;0;BD_3932-BD_3867
CPH;1350;+0100;2055;+0200;0;BD_589-BD_3708
CPH;1350;+0100;2055;+0200;0;SK_9740-SK_1516
CPH;0900;+0100;1615;+0200;0;SK_8676-SK_439
CPH;0850;+0100;1610;+0200;0;LH_941-LH_828
CPH;0850;+0100;1610;+0200;0;BD_3361-BD_3416
CPH;1005;+0100;1725;+0200;0;BD_3948-BD_3743
CPH;1005;+0100;1725;+0200;0;SK_2548-SK_1425
CPH;1255;+0100;2015;+0200;0;LH_3433-LH_6214
CPH;0930;+0100;1655;+0200;0;BD_585-BD_3704
CPH;0930;+0100;1655;+0200;0;SK_9785-SK_504
CPH;1000;+0100;1725;+0200;0;BA_1389-BA_818
CPH;1110;+0100;1835;+0200;0;KL_1082-KL_1133
CPH;1325;+0100;2050;+0200;0;BA_1395-BA_8467
CPH;0815;+0100;1545;+0200;0;BA_1387-BA_816
CPH;0905;+0100;1635;+0200;0;KL_1074-KL_1131
CPH;0600;+0100;1335;+0200;0;KL_1072-KL_1129
CPH;0940;+0100;1715;+0200;0;AF_1669-AF_1050
CPH;1100;+0100;1835;+0200;0;LH_2501-LH_6256
CPH;0940;+0100;1720;+0200;0;AF_1669-AF_1050
CPH;0930;+0100;1715;+0200;0;AF_1669-AF_1050
MUC;0655;+0100;0950;+0200;0;UA_8753
MUC;0655;+0100;0950;+0200;0;LH_2505
MUC;0655;+0100;0950;+0200;0;BD_3339
MUC;1100;+0100;1355;+0200;0;LH_2501
MUC;1100;+0100;1355;+0200;0;BD_3331
MUC;1715;+0100;2010;+0200;0;BD_3335
MUC;1715;+0100;2010;+0200;0;LH_2503
MUC;0945;+0100;1250;+0200;0;SQ_327
MUC;0750;+0100;1155;+0200;0;LH_3429-LH_2005
MUC;1705;+0100;2125;+0200;0;LH_3431-LH_2019
MUC;1740;+0100;2215;+0200;0;KL_1094-KL_1801
MUC;1800;+0100;2235;+0200;0;SN_2178-SN_7063
MUC;1345;+0100;1825;+0200;0;LX_395-LX_3622
MUC;1355;+0100;1835;+0200;0;SN_2176-SN_7059
MUC;0940;+0100;1425;+0200;0;AF_1669-AF_2022
MUC;1255;+0100;1740;+0200;0;LH_3433-LH_2013
MUC;0940;+0100;1430;+0200;0;AF_1669-AF_2022
MUC;0600;+0100;1055;+0200;0;KL_1072-KL_1793
MUC;0930;+0100;1425;+0200;0;AF_1669-AF_2022
MUC;1315;+0100;1810;+0200;0;LH_943-LH_116
MUC;0930;+0100;1430;+0200;0;AF_1669-AF_2022
MUC;1705;+0100;2205;+0200;0;LH_3431-LH_2021
MUC;1445;+0100;1955;+0200;0;LH_3441-LH_2085
MUC;1215;+0100;1730;+0200;0;LX_4431-LX_3928
MUC;1740;+0100;2255;+0200;0;BD_593-BD_3263
MUC;1740;+0100;2255;+0200;0;LH_6563-LH_2481
MUC;1110;+0100;1640;+0200;0;KL_1082-KL_1797
MUC;1720;+0100;2250;+0200;0;BA_1403-BA_958
MUC;0815;+0100;1350;+0200;0;LH_3437-LH_2067
MUC;0850;+0100;1430;+0200;0;LH_941-LH_110
MUC;1000;+0100;1540;+0200;0;BA_1389-BA_952
MUC;1040;+0100;1620;+0200;0;A3_3013-A3_1425
MUC;1445;+0100;2025;+0200;0;LH_3441-LH_2077
MUC;0810;+0100;1355;+0200;0;LH_6555-LH_2473
MUC;0810;+0100;1355;+0200;0;BD_581-BD_3273
MUC;0840;+0100;1425;+0200;0;LX_391-LX_3620
MUC;1035;+0100;1620;+0200;0;A3_3013-A3_1425
MUC;1040;+0100;1625;+0200;0;SN_2174-SN_7057
MUC;1105;+0100;1650;+0200;0;BA_1391-BA_954
MUC;1035;+0100;1625;+0200;0;SN_2174-SN_7057
MUC;1255;+0100;1845;+0200;0;LH_3433-LH_2015
MUC;1325;+0100;1915;+0200;0;KL_1084-KL_1799
MUC;1705;+0100;2255;+0200;0;BD_573-BD_3263
MUC;1705;+0100;2255;+0200;0;LH_6689-LH_2481
MUC;0635;+0100;1230;+0200;0;SN_2184-SN_7053
MUC;0710;+0100;1310;+0200;0;LH_949-LH_108
MUC;1015;+0100;1615;+0200;0;SK_540-SK_2657
MUC;1315;+0100;1915;+0200;0;BD_3353-BD_3034
MUC;1315;+0100;1915;+0200;0;LH_943-LH_118
MUC;0615;+0100;1225;+0200;0;BD_571-BD_3271
MUC;0750;+0100;1400;+0200;0;LH_3429-LH_2009
MUC;1145;+0100;1755;+0200;0;LH_3427-LH_2149
MUC;1350;+0100;2000;+0200;0;LH_6523-LH_2479
MUC;1350;+0100;2000;+0200;0;BD_589-BD_3279
MUC;1005;+0100;1620;+0200;0;SK_2548-SK_2661
MUC;1350;+0100;2005;+0200;0;LH_6523-LH_2479
MUC;1600;+0100;2215;+0200;0;KL_1088-KL_1801
MUC;1345;+0100;2005;+0200;0;LX_395-LX_1110
MUC;1355;+0100;2020;+0200;0;SN_2176-SN_7061
MUC;1445;+0100;2110;+0200;0;LH_3441-LH_2079
MUC;0815;+0100;1445;+0200;0;LH_3437-LH_2069
MUC;0930;+0100;1605;+0200;0;BD_585-BD_3275
MUC;0930;+0100;1605;+0200;0;LH_6557-LH_2475
MUC;1000;+0100;1650;+0200;0;BA_1389-BA_954
MUC;1325;+0100;2015;+0200;0;BA_1395-BA_956
MUC;0845;+0100;1540;+0200;0;BA_2903-BA_952
MUC;0910;+0100;1605;+0200;0;LH_6555-LH_2475
MUC;1105;+0100;1800;+0200;0;BA_1391-BA_960
MUC;1315;+0100;2015;+0200;0;LH_943-LH_120
MUC;1505;+0100;2210;+0200;0;AF_2269-AF_1122
MUC;0850;+0100;1600;+0200;0;LH_941-LH_112
MUC;1255;+0100;2010;+0200;0;LH_3433-LH_2017
MUC;1345;+0100;2100;+0200;0;LX_395-LX_3624
MUC;0600;+0100;1320;+0200;0;KL_1072-KL_1795
MUC;0710;+0100;1430;+0200;0;LH_949-LH_110
MUC;1530;+0100;2250;+0200;0;BA_1399-BA_958
MUC;0635;+0100;1400;+0200;0;SN_2184-SN_7055
MUC;0815;+0100;1540;+0200;0;BA_1387-BA_952
MUC;1025;+0100;1750;+0200;0;AY_934-AY_807
MUC;1445;+0100;2215;+0200;0;LH_3441-LH_2081
MUC;0905;+0100;1640;+0200;0;KL_1074-KL_1797
MUC;0615;+0100;1355;+0200;0;BD_571-BD_3273
MUC;0940;+0100;1725;+0200;0;AF_1669-AF_2322
OSL;1015;+0100;1310;+0200;0;BD_3932
OSL;1015;+0100;1310;+0200;0;SK_4608
OSL;1020;+0100;1315;+0200;0;SK_4608
OSL;1105;+0100;1415;+0200;0;DY_1349
OSL;1740;+0100;2205;+0200;0;KL_1094-KL_1221
OSL;1445;+0100;1930;+0200;0;LH_3441-LH_2960
OSL;1910;+0100;2355;+0200;0;SK_542-SK_1474
OSL;1740;+0100;2235;+0200;0;KL_1094-KL_1151
OSL;1110;+0100;1610;+0200;0;KL_1082-KL_1147
OSL;0600;+0100;1105;+0200;0;KL_1072-KL_1143
OSL;0635;+0100;1145;+0200;0;SN_2184-SN_2281
OSL;1015;+0100;1525;+0200;0;SK_540-SK_1458
OSL;1015;+0100;1525;+0200;0;BD_3892-BD_3876
OSL;1825;+0100;2345;+0200;0;BD_3357-BD_2928
OSL;1825;+0100;2345;+0200;0;LH_947-LH_864
OSL;1005;+0100;1530;+0200;0;SK_2548-SK_867
OSL;1015;+0100;1540;+0200;0;SK_540-SK_3174
OSL;1325;+0100;1850;+0200;0;KL_1084-KL_1149
OSL;0850;+0100;1435;+0200;0;LH_941-LH_6230
OSL;0710;+0100;1300;+0200;0;UA_9043-UA_9146
OSL;0710;+0100;1305;+0200;0;BD_3369-BD_2930
OSL;0710;+0100;1305;+0200;0;UA_9043-UA_9146
OSL;0710;+0100;1305;+0200;0;LH_949-LH_860
OSL;0700;+0100;1300;+0200;0;UA_9043-UA_9146
OSL;1025;+0100;1625;+0200;0;AY_934-AY_659
OSL;1025;+0100;1625;+0200;0;BA_6004-BA_6069
OSL;1315;+0100;1915;+0200;0;LH_943-LH_6280
OSL;0700;+0100;1305;+0200;0;UA_9043-UA_9146
OSL;1505;+0100;2110;+0200;0;AF_2269-AF_1274
OSL;1505;+0100;2110;+0200;0;UX_3508-UX_3553
OSL;1600;+0100;2205;+0200;0;KL_1088-KL_1221
OSL;1000;+0100;1610;+0200;0;BA_1389-BA_766
OSL;1040;+0100;1655;+0200;0;SN_2174-SN_2283
OSL;1035;+0100;1655;+0200;0;SN_2174-SN_2283
OSL;0635;+0100;1300;+0200;0;BD_5384-BD_3794
OSL;1100;+0100;1725;+0200;0;LH_2501-LH_2454
OSL;1005;+0100;1635;+0200;0;SK_2548-SK_875
OSL;1015;+0100;1645;+0200;0;BD_3892-BD_3870
OSL;1015;+0100;1645;+0200;0;SK_540-SK_460
OSL;1600;+0100;2235;+0200;0;KL_1088-KL_1151
OSL;1325;+0100;2010;+0200;0;BA_1395-BA_768
OSL;0930;+0100;1620;+0200;0;BD_585-BD_3786
OSL;0930;+0100;1620;+0200;0;SK_9785-SK_806
OSL;1350;+0100;2040;+0200;0;BD_589-BD_3790
OSL;1350;+0100;2040;+0200;0;SK_9740-SK_810
OSL;0900;+0100;1555;+0200;0;SK_8676-SK_3091
OSL;1530;+0100;2225;+0200;0;BA_1399-BA_770
OSL;1015;+0100;1715;+0200;0;SK_540-SK_1460
OSL;0905;+0100;1610;+0200;0;KL_1074-KL_1147
OSL;0615;+0100;1330;+0200;0;BD_571-BD_3784
OSL;0815;+0100;1530;+0200;0;LH_3437-LH_2958
OSL;0600;+0100;1325;+0200;0;KL_1072-KL_1145
OSL;0710;+0100;1435;+0200;0;LH_949-LH_6230
OSL;0845;+0100;1610;+0200;0;BA_2903-BA_766
OSL;0600;+0100;1330;+0200;0;KL_1072-KL_1217
OSL;1005;+0100;1745;+0200;0;SK_2548-SK_499
OSL;1110;+0100;1850;+0200;0;KL_1082-KL_1149
OSL;0815;+0100;1610;+0200;0;BA_1387-BA_766
OSL;1025;+0100;1825;+0200;0;BA_6004-BA_6077
OSL;1025;+0100;1825;+0200;0;AY_934-AY_657
OSL;1255;+0100;2055;+0200;0;LH_3433-LH_6208
OSL;0810;+0100;1620;+0200;0;SK_9782-SK_806
OSL;0810;+0100;1620;+0200;0;BD_581-BD_3786
OSL;1200;+0100;2010;+0200;0;BA_2907-BA_768
OSL;1355;+0100;2215;+0200;0;SN_2176-SN_2287
OSL;0655;+0100;1520;+0200;0;LH_2505-LH_6170
OSL;1005;+0100;1830;+0200;0;SK_2548-SK_885
OSL;1015;+0100;1840;+0200;0;SK_540-SK_462
OSL;1015;+0100;1840;+0200;0;BD_3892-BD_3874
OSL;1015;+0100;1840;+0200;0;SK_540-SK_3052
OSL;1355;+0100;2220;+0200;0;SN_2176-SN_2287
OSL;1345;+0100;2220;+0200;0;LX_395-LX_4710
OSL;0940;+0100;1820;+0200;0;AF_1669-AF_2374
OSL;0940;+0100;1820;+0200;0;UX_3504-UX_3551
OSL;1325;+0100;2205;+0200;0;KL_1084-KL_1221
STO;1835;+0100;2150;+0200;0;SK_2550
STO;1005;+0100;1325;+0200;0;BD_3948
STO;1005;+0100;1325;+0200;0;SK_2548
STO;1005;+0100;1325;+0200;0;TG_6227
STO;1735;+0100;2055;+0200;0;6X_6008
STO;1835;+0100;2155;+0200;0;SK_2550
STO;1835;+0100;2155;+0200;0;BD_3950
STO;1020;+0100;1500;+0200;0;SK_4608-SK_874
STO;0900;+0100;1345;+0200;0;SK_8676-SK_158
STO;1015;+0100;1500;+0200;0;SK_4608-SK_874
STO;1445;+0100;1930;+0200;0;LH_3441-LH_2930
STO;1910;+0100;2355;+0200;0;BD_3896-BD_3744
STO;1910;+0100;2355;+0200;0;SK_542-SK_1428
STO;1020;+0100;1510;+0200;0;SK_4608-SK_874
STO;1015;+0100;1510;+0200;0;SK_4608-SK_874
STO;1105;+0100;1600;+0200;0;DY_1349-DY_816
STO;1015;+0100;1525;+0200;0;SK_540-SK_1422
STO;1015;+0100;1525;+0200;0;BD_3892-BD_3738
STO;1110;+0100;1625;+0200;0;KL_1082-KL_1115
STO;1740;+0100;2300;+0200;0;KL_1094-KL_1121
STO;1315;+0100;1840;+0200;0;BD_3353-BD_3524
STO;1315;+0100;1840;+0200;0;LH_943-LH_804
STO;1825;+0100;2350;+0200;0;LH_947-LH_808
STO;1825;+0100;2350;+0200;0;BD_3357-BD_3526
STO;1025;+0100;1555;+0200;0;AY_934-AY_637
STO;0635;+0100;1210;+0200;0;BD_5384-BD_3830
STO;1325;+0100;1900;+0200;0;KL_1084-KL_1117
STO;1415;+0100;1950;+0200;0;6X_1095-6X_782
STO;1415;+0100;1950;+0200;0;6X_1395-6X_782
STO;1355;+0100;1940;+0200;0;SN_2176-SN_2307
STO;1020;+0100;1610;+0200;0;SK_4608-SK_496
STO;1355;+0100;1945;+0200;0;BD_5376-BD_5467
STO;1015;+0100;1610;+0200;0;SK_4608-SK_496
STO;0750;+0100;1400;+0200;0;LH_3429-LH_2922
STO;0600;+0100;1215;+0200;0;KL_1072-KL_1109
STO;1105;+0100;1720;+0200;0;BA_1391-BA_780
STO;1350;+0100;2005;+0200;0;BD_589-BD_3848
STO;1015;+0100;1635;+0200;0;SK_540-SK_408
STO;1015;+0100;1635;+0200;0;BD_3892-BD_3746
STO;1415;+0100;2035;+0200;0;6X_1095-6X_3632
STO;1415;+0100;2035;+0200;0;6X_1095-6X_3611
STO;1415;+0100;2035;+0200;0;6X_1395-6X_3632
STO;1415;+0100;2035;+0200;0;6X_1395-6X_3611
STO;1720;+0100;2340;+0200;0;BA_1403-BA_786
STO;0840;+0100;1505;+0200;0;LX_391-LX_1250
STO;1025;+0100;1650;+0200;0;AY_934-AY_645
STO;1100;+0100;1730;+0200;0;LH_2501-LH_2418
STO;1355;+0100;2025;+0200;0;BD_5376-BD_3838
STO;1025;+0100;1700;+0200;0;AY_934-AY_983
STO;1025;+0100;1700;+0200;0;BA_6004-BA_6053
STO;1020;+0100;1700;+0200;0;SK_4608-SK_882
STO;0815;+0100;1500;+0200;0;BA_1387-BA_778
STO;1015;+0100;1700;+0200;0;SK_4608-SK_882
STO;1255;+0100;1940;+0200;0;LH_3433-LH_2924
STO;1325;+0100;2010;+0200;0;BA_1395-BA_782
STO;0635;+0100;1325;+0200;0;SN_2184-SN_2305
STO;0635;+0100;1325;+0200;0;BD_5384-BD_5473
STO;1740;+0100;0030;+0200;1;BD_593-BD_3850
STO;1740;+0100;0030;+0200;1;SK_9794-SK_534
STO;0815;+0100;1515;+0200;0;LH_3437-LH_2928
STO;1600;+0100;2300;+0200;0;KL_1088-KL_1121
STO;0710;+0100;1415;+0200;0;LH_949-LH_6226
STO;1000;+0100;1710;+0200;0;6X_2905-6X_7820
STO;1000;+0100;1710;+0200;0;6X_2909-6X_7820
STO;1015;+0100;1725;+0200;0;SK_540-SK_1424
STO;1015;+0100;1725;+0200;0;BD_3892-BD_3742
STO;1315;+0100;2025;+0200;0;LH_943-LH_6228
STO;0905;+0100;1625;+0200;0;KL_1074-KL_1115
STO;1000;+0100;1720;+0200;0;BA_1389-BA_780
STO;1705;+0100;0030;+0200;1;BD_573-BD_3850
STO;1350;+0100;2125;+0200;0;BD_589-BD_3846
STO;1350;+0100;2125;+0200;0;SK_9740-SK_528
STO;1355;+0100;2135;+0200;0;BD_5376-BD_5469
STO;1355;+0100;2135;+0200;0;SN_2176-SN_2309
STO;1505;+0100;2245;+0200;0;AF_2269-AF_1462
STO;0715;+0100;1500;+0200;0;BA_1385-BA_778
STO;1000;+0100;1745;+0200;0;6X_2905-6X_780
STO;1000;+0100;1745;+0200;0;6X_2909-6X_780
STO;1020;+0100;1805;+0200;0;SK_4608-SK_890
STO;1025;+0100;1810;+0200;0;AY_934-AY_647
STO;0615;+0100;1405;+0200;0;BD_571-BD_3842
STO;0930;+0100;1720;+0200;0;BD_585-BD_3844
STO;0930;+0100;1720;+0200;0;SK_9785-SK_532
STO;1015;+0100;1805;+0200;0;SK_4608-SK_890
STO;1110;+0100;1900;+0200;0;KL_1082-KL_1117
STO;1105;+0100;1900;+0200;0;DY_1349-DY_822
STO;0655;+0100;1500;+0200;0;BA_2901-BA_778
STO;1015;+0100;1820;+0200;0;SK_540-SK_410
STO;1200;+0100;2010;+0200;0;BA_2907-BA_782
STO;1530;+0100;2340;+0200;0;BA_1399-BA_786
STO;0900;+0100;1715;+0200;0;SK_8676-SK_162
STO;0655;+0100;1515;+0200;0;UA_8753-UA_9158
STO;0655;+0100;1515;+0200;0;LH_2505-LH_2416
STO;0900;+0100;1720;+0200;0;SK_8676-SK_162
STO;0655;+0100;1520;+0200;0;UA_8753-UA_9158
STO;0630;+0100;1500;+0200;0;6X_4083-6X_7895
STO;0630;+0100;1500;+0200;0;6X_1383-6X_7895
STO;0630;+0100;1500;+0200;0;6X_1083-6X_7895
STO;0845;+0100;1720;+0200;0;BA_2903-BA_780
STO;1100;+0100;1935;+0200;0;LH_2501-LH_6188
STO;1345;+0100;2220;+0200;0;LX_395-LX_4708
STO;1315;+0100;2155;+0200;0;LH_943-LH_6056
STO;1350;+0100;2230;+0200;0;SK_9740-SK_1524
STO;1350;+0100;2230;+0200;0;BD_589-BD_3852
DUS;0750;+0100;1010;+0200;0;BD_3691
DUS;0750;+0100;1010;+0200;0;LH_3429
DUS;1255;+0100;1515;+0200;0;BD_3695
DUS;1255;+0100;1515;+0200;0;LH_3433
DUS;1705;+0100;1925;+0200;0;LH_3431
DUS;1705;+0100;1925;+0200;0;BD_3693
DUS;1950;+0100;2210;+0200;0;BD_3697
DUS;1950;+0100;2210;+0200;0;LH_3435
DUS;0815;+0100;1215;+0200;0;LH_3437-LH_2709
DUS;1315;+0100;1725;+0200;0;LH_943-LH_82
DUS;1315;+0100;1725;+0200;0;BD_3353-BD_3312
DUS;1325;+0100;1740;+0200;0;KL_1084-KL_1861
DUS;0940;+0100;1405;+0200;0;AF_1669-AF_1906
DUS;0930;+0100;1405;+0200;0;AF_1669-AF_1906
DUS;1505;+0100;1940;+0200;0;AF_2269-AF_2406
DUS;1100;+0100;1545;+0200;0;LH_2501-LH_2012
DUS;1105;+0100;1550;+0200;0;BA_1391-BA_940
DUS;1715;+0100;2200;+0200;0;LH_2503-LH_2024
DUS;1740;+0100;2225;+0200;0;KL_1094-KL_1863
DUS;0715;+0100;1205;+0200;0;BA_1385-BA_938
DUS;1705;+0100;2155;+0200;0;LH_6689-LH_3387
DUS;1705;+0100;2155;+0200;0;BD_573-BD_3249
DUS;0815;+0100;1310;+0200;0;LH_3437-LH_2711
DUS;0815;+0100;1310;+0200;0;BD_3371-BD_2979
DUS;0905;+0100;1400;+0200;0;KL_1074-KL_1857
DUS;0930;+0100;1435;+0200;0;LH_6557-LH_3383
DUS;0930;+0100;1435;+0200;0;BD_585-BD_3243
DUS;1445;+0100;1950;+0200;0;LH_3441-LH_2717
DUS;0840;+0100;1350;+0200;0;LX_391-LX_1018
DUS;0850;+0100;1400;+0200;0;LH_941-LH_78
DUS;1015;+0100;1525;+0200;0;SK_540-SK_1621
DUS;0655;+0100;1210;+0200;0;LH_2505-LH_2008
DUS;1315;+0100;1830;+0200;0;LH_943-LH_84
DUS;1315;+0100;1830;+0200;0;BD_3353-BD_3310
DUS;1345;+0100;1905;+0200;0;LX_395-LX_1026
DUS;0910;+0100;1435;+0200;0;LH_6555-LH_3383
DUS;1715;+0100;2250;+0200;0;LH_2503-LH_2026
DUS;0600;+0100;1145;+0200;0;KL_1072-KL_1855
DUS;1325;+0100;1910;+0200;0;BA_1395-BA_944
DUS;1000;+0100;1550;+0200;0;BA_1389-BA_940
DUS;1100;+0100;1650;+0200;0;LH_2501-LH_2014
DUS;1530;+0100;2120;+0200;0;BA_1399-BA_946
DUS;1345;+0100;1950;+0200;0;LX_395-LX_3640
DUS;1350;+0100;2000;+0200;0;LH_6523-LH_3385
DUS;1350;+0100;2000;+0200;0;BD_589-BD_3253
DUS;1105;+0100;1720;+0200;0;BA_1391-BA_942
ZRH;1345;+0100;1640;+0200;0;LX_395
ZRH;1345;+0100;1640;+0200;0;BD_6805
ZRH;1850;+0100;2145;+0200;0;LX_381
ZRH;1850;+0100;2145;+0200;0;BD_6801
ZRH;0840;+0100;1140;+0200;0;LX_391
ZRH;0840;+0100;1140;+0200;0;BD_6803
ZRH;1315;+0100;1730;+0200;0;LH_943-LH_1196
ZRH;1315;+0100;1730;+0200;0;BD_3353-BD_3552
ZRH;1145;+0100;1610;+0200;0;LH_3427-LH_5828
ZRH;0635;+0100;1105;+0200;0;SN_2184-SN_5103
ZRH;1715;+0100;2145;+0200;0;LH_2503-LH_5788
ZRH;0930;+0100;1415;+0200;0;AF_1669-AF_5104
ZRH;1740;+0100;2225;+0200;0;KL_1094-KL_1969
ZRH;1000;+0100;1450;+0200;0;BA_1389-BA_714
ZRH;1445;+0100;1940;+0200;0;LH_3441-LH_3146
ZRH;0600;+0100;1105;+0200;0;KL_1072-KL_1957
ZRH;1740;+0100;2245;+0200;0;BD_593-BD_6789
ZRH;1255;+0100;1805;+0200;0;LH_3433-LH_3138
ZRH;1325;+0100;1835;+0200;0;KL_1084-KL_1963
ZRH;1105;+0100;1620;+0200;0;BA_1391-BA_716
ZRH;1505;+0100;2020;+0200;0;AF_2269-AF_5110
ZRH;0615;+0100;1135;+0200;0;BD_571-BD_6791
ZRH;0655;+0100;1220;+0200;0;LH_2505-LH_2368
ZRH;0655;+0100;1220;+0200;0;UA_8753-UA_8776
ZRH;1110;+0100;1635;+0200;0;KL_1082-KL_1961
ZRH;1325;+0100;1850;+0200;0;BA_1395-BA_718
ZRH;0715;+0100;1245;+0200;0;BA_1385-BA_712
ZRH;1040;+0100;1615;+0200;0;SN_2174-SN_5107
ZRH;0635;+0100;1215;+0200;0;SN_2184-SN_5105
ZRH;1035;+0100;1615;+0200;0;SN_2174-SN_5107
ZRH;1100;+0100;1640;+0200;0;LH_2501-LH_2370
ZRH;1705;+0100;2245;+0200;0;BD_573-BD_6789
ZRH;0710;+0100;1255;+0200;0;BD_3369-BD_3556
ZRH;0710;+0100;1255;+0200;0;LH_949-LH_1190
ZRH;0710;+0100;1255;+0200;0;UA_9043-UA_9008
ZRH;1315;+0100;1900;+0200;0;LH_943-LH_5776
ZRH;0850;+0100;1440;+0200;0;LH_941-LH_1192
ZRH;0850;+0100;1440;+0200;0;BD_3361-BD_3558
ZRH;0700;+0100;1255;+0200;0;UA_9043-UA_9008
ZRH;1350;+0100;1945;+0200;0;BD_589-BD_6781
ZRH;1355;+0100;1950;+0200;0;SN_2176-SN_5111
ZRH;0815;+0100;1420;+0200;0;LH_3437-LH_3144
ZRH;1315;+0100;1920;+0200;0;LH_943-LH_1198
ZRH;1315;+0100;1920;+0200;0;BD_3353-BD_3554
ZRH;0700;+0100;1310;+0200;0;BD_1581-BD_1607
ZRH;1015;+0100;1630;+0200;0;SK_540-SK_3505
ZRH;1255;+0100;1910;+0200;0;LH_3433-LH_3140
ZRH;1000;+0100;1620;+0200;0;BA_1389-BA_716
ZRH;1530;+0100;2150;+0200;0;BA_1399-BA_720
ZRH;1600;+0100;2225;+0200;0;KL_1088-KL_1969
ZRH;0815;+0100;1450;+0200;0;BA_1387-BA_714
ZRH;0850;+0100;1525;+0200;0;LH_941-LH_5774
ZRH;1445;+0100;2120;+0200;0;LH_3441-LH_5848
ZRH;1200;+0100;1850;+0200;0;BA_2907-BA_718
ZRH;0750;+0100;1445;+0200;0;LH_3429-LH_3136
ZRH;1100;+0100;1800;+0200;0;LH_2501-LH_5786
ZRH;0930;+0100;1635;+0200;0;BD_585-BD_6783
ZRH;0810;+0100;1520;+0200;0;BD_581-BD_6857
ZRH;1355;+0100;2110;+0200;0;SN_2176-SN_5113
NCE;1040;+0100;1520;+0200;0;SN_2174-SN_3621
NCE;1040;+0100;1520;+0200;0;BD_5374-BD_5445
NCE;0635;+0100;1120;+0200;0;SN_2184-SN_3617
NCE;1035;+0100;1520;+0200;0;SN_2174-SN_3621
NCE;1035;+0100;1520;+0200;0;BD_5374-BD_5445
NCE;0940;+0100;1430;+0200;0;AF_1669-AF_7714
NCE;1040;+0100;1535;+0200;0;SN_2174-SN_3621
NCE;1040;+0100;1535;+0200;0;A3_3013-A3_3016
NCE;0930;+0100;1430;+0200;0;AF_1669-AF_7714
NCE;1035;+0100;1535;+0200;0;SN_2174-SN_3621
NCE;1035;+0100;1535;+0200;0;A3_3013-A3_3016
NCE;1505;+0100;2010;+0200;0;AF_2269-AF_7708
NCE;1830;+0100;2335;+0200;0;6X_1406-6X_7714
NCE;1830;+0100;2335;+0200;0;6X_1406-6X_7705
NCE;1830;+0100;2335;+0200;0;6X_4405-6X_7710
NCE;1830;+0100;2335;+0200;0;6X_1405-6X_7708
NCE;1830;+0100;2335;+0200;0;6X_4405-6X_7704
NCE;1830;+0100;2335;+0200;0;6X_1406-6X_7701
NCE;1830;+0100;2335;+0200;0;6X_1406-6X_7708
NCE;1830;+0100;2335;+0200;0;6X_9405-6X_7701
NCE;1830;+0100;2335;+0200;0;6X_4405-6X_7712
NCE;1830;+0100;2335;+0200;0;6X_9405-6X_7703
NCE;1830;+0100;2335;+0200;0;6X_9405-6X_7710
NCE;1830;+0100;2335;+0200;0;6X_9405-6X_7708
NCE;1830;+0100;2335;+0200;0;6X_1406-6X_7706
NCE;1830;+0100;2335;+0200;0;6X_1405-6X_7700
NCE;1830;+0100;2335;+0200;0;6X_9405-6X_7709
NCE;1830;+0100;2335;+0200;0;6X_1405-6X_7703
NCE;1830;+0100;2335;+0200;0;6X_9405-6X_7705
NCE;1830;+0100;2335;+0200;0;6X_1406-6X_7700
NCE;1830;+0100;2335;+0200;0;6X_1406-6X_7709
NCE;1830;+0100;2335;+0200;0;6X_9405-6X_7702
NCE;1830;+0100;2335;+0200;0;6X_4405-6X_7711
NCE;1830;+0100;2335;+0200;0;6X_1406-6X_7702
NCE;1830;+0100;2335;+0200;0;6X_9405-6X_7707
NCE;1830;+0100;2335;+0200;0;6X_4405-6X_7715
NCE;1830;+0100;2335;+0200;0;6X_1405-6X_7706
NCE;1830;+0100;2335;+0200;0;6X_1405-6X_7712
NCE;1830;+0100;2335;+0200;0;6X_1406-6X_7711
NCE;1830;+0100;2335;+0200;0;6X_1405-6X_7705
NCE;1830;+0100;2335;+0200;0;6X_1406-6X_7707
NCE;1830;+0100;2335;+0200;0;6X_9405-6X_7700
NCE;1830;+0100;2335;+0200;0;6X_1406-6X_7712
NCE;1830;+0100;2335;+0200;0;6X_1405-6X_7709
NCE;1830;+0100;2335;+0200;0;6X_1405-6X_7710
NCE;1830;+0100;2335;+0200;0;6X_1405-6X_7713
NCE;1830;+0100;2335;+0200;0;6X_9405-6X_7711
NCE;1830;+0100;2335;+0200;0;6X_9405-6X_7714
NCE;1830;+0100;2335;+0200;0;6X_1406-6X_7704
NCE;1830;+0100;2335;+0200;0;6X_1405-6X_7701
NCE;1830;+0100;2335;+0200;0;6X_4405-6X_7702
NCE;1830;+0100;2335;+0200;0;6X_1406-6X_7703
NCE;1830;+0100;2335;+0200;0;6X_1406-6X_7713
NCE;1830;+0100;2335;+0200;0;6X_4405-6X_7714
NCE;1830;+0100;2335;+0200;0;6X_4405-6X_7701
NCE;1830;+0100;2335;+0200;0;6X_1405-6X_7702
NCE;1830;+0100;2335;+0200;0;6X_9405-6X_7704
NCE;1830;+0100;2335;+0200;0;6X_1405-6X_7704
NCE;1830;+0100;2335;+0200;0;6X_4405-6X_7708
NCE;1830;+0100;2335;+0200;0;6X_4405-6X_7706
NCE;1830;+0100;2335;+0200;0;6X_9405-6X_7715
NCE;1830;+0100;2335;+0200;0;6X_4405-6X_7700
NCE;1830;+0100;2335;+0200;0;6X_1406-6X_7710
NCE;1830;+0100;2335;+0200;0;6X_4405-6X_7705
NCE;1830;+0100;2335;+0200;0;6X_4405-6X_7703
NCE;1830;+0100;2335;+0200;0;6X_9405-6X_7712
NCE;1830;+0100;2335;+0200;0;6X_4405-6X_7709
NCE;1830;+0100;2335;+0200;0;6X_1405-6X_7714
NCE;1830;+0100;2335;+0200;0;6X_1405-6X_7707
NCE;1830;+0100;2335;+0200;0;6X_1405-6X_7715
NCE;1830;+0100;2335;+0200;0;6X_9405-6X_7706
NCE;1830;+0100;2335;+0200;0;6X_9405-6X_7713
NCE;1830;+0100;2335;+0200;0;6X_4405-6X_7713
NCE;1830;+0100;2335;+0200;0;6X_1406-6X_7715
NCE;1830;+0100;2335;+0200;0;6X_1405-6X_7711
NCE;1830;+0100;2335;+0200;0;6X_4405-6X_7707
NCE;0635;+0100;1145;+0200;0;BD_5384-BD_5441
NCE;0635;+0100;1145;+0200;0;SN_2184-SN_3617
NCE;0655;+0100;1205;+0200;0;UA_8753-UA_8908
NCE;0655;+0100;1210;+0200;0;UA_8753-UA_8908
NCE;0655;+0100;1210;+0200;0;LH_2505-LH_2272
NCE;1715;+0100;2230;+0200;0;LH_2503-LH_2278
NCE;1555;+0100;2115;+0200;0;A3_3015-A3_3018
NCE;0840;+0100;1405;+0200;0;LX_391-LX_568
NCE;1825;+0100;2350;+0200;0;BD_3357-BD_3238
NCE;1825;+0100;2350;+0200;0;LH_947-LH_1068
NCE;0600;+0100;1140;+0200;0;KL_1072-KL_1263
NCE;0850;+0100;1430;+0200;0;LH_941-LH_1060
NCE;1100;+0100;1640;+0200;0;LH_2501-LH_2274
NCE;1110;+0100;1650;+0200;0;KL_1082-KL_1267
NCE;0750;+0100;1355;+0200;0;LH_3429-LH_3272
NCE;1105;+0100;1720;+0200;0;BA_1391-BA_354
NCE;1720;+0100;2340;+0200;0;BA_1403-BA_352
NCE;0630;+0100;1255;+0200;0;6X_4083-6X_9149
NCE;0630;+0100;1255;+0200;0;6X_1083-6X_9149
NCE;0630;+0100;1255;+0200;0;6X_1383-6X_9149
NCE;0815;+0100;1440;+0200;0;BA_1387-BA_344
NCE;1600;+0100;2225;+0200;0;KL_1088-KL_1273
NCE;0630;+0100;1300;+0200;0;6X_1083-6X_3025
NCE;0630;+0100;1300;+0200;0;6X_4083-6X_3025
NCE;0630;+0100;1300;+0200;0;6X_1383-6X_3025
NCE;0630;+0100;1305;+0200;0;6X_1383-6X_3075
NCE;0630;+0100;1305;+0200;0;6X_4083-6X_3075
NCE;0630;+0100;1305;+0200;0;6X_1083-6X_3075
NCE;1505;+0100;2140;+0200;0;AF_2269-AF_7712
NCE;0630;+0100;1310;+0200;0;6X_1083-6X_3125
NCE;0630;+0100;1310;+0200;0;6X_1383-6X_3125
NCE;0630;+0100;1310;+0200;0;6X_4083-6X_3125
NCE;0635;+0100;1315;+0200;0;SN_2184-SN_3619
NCE;0630;+0100;1315;+0200;0;6X_1083-6X_3175
NCE;0630;+0100;1315;+0200;0;6X_4083-6X_3175
NCE;0630;+0100;1315;+0200;0;6X_1383-6X_3175
NCE;0635;+0100;1320;+0200;0;SN_2184-SN_3619
NCE;0635;+0100;1320;+0200;0;BD_5384-BD_5443
NCE;1325;+0100;2010;+0200;0;BA_1395-BA_356
NCE;0630;+0100;1320;+0200;0;6X_1083-6X_3225
NCE;0630;+0100;1320;+0200;0;6X_1383-6X_3225
NCE;0630;+0100;1320;+0200;0;6X_4083-6X_3225
NCE;0930;+0100;1620;+0200;0;AF_1669-AF_6218
NCE;0630;+0100;1325;+0200;0;6X_4083-6X_3275
NCE;0630;+0100;1325;+0200;0;6X_1083-6X_3275
NCE;0630;+0100;1325;+0200;0;6X_1383-6X_3275
NCE;0630;+0100;1330;+0200;0;6X_1083-6X_3325
NCE;0630;+0100;1330;+0200;0;6X_1383-6X_3325
NCE;0630;+0100;1330;+0200;0;6X_4083-6X_3325
NCE;1000;+0100;1700;+0200;0;6X_2909-6X_403
NCE;1000;+0100;1700;+0200;0;6X_2905-6X_403
NCE;0630;+0100;1335;+0200;0;6X_1383-6X_3801
NCE;0630;+0100;1335;+0200;0;6X_4083-6X_3801
NCE;0630;+0100;1335;+0200;0;6X_1383-6X_3375
NCE;0630;+0100;1335;+0200;0;6X_4083-6X_3375
NCE;0630;+0100;1335;+0200;0;6X_1083-6X_3801
NCE;0630;+0100;1335;+0200;0;6X_1083-6X_3375
NCE;0710;+0100;1415;+0200;0;UA_9043-UA_9202
NCE;0630;+0100;1340;+0200;0;6X_1383-6X_3425
NCE;0630;+0100;1340;+0200;0;6X_1083-6X_3425
NCE;0630;+0100;1340;+0200;0;6X_4083-6X_3425
NCE;0630;+0100;1345;+0200;0;6X_1083-6X_3475
NCE;0630;+0100;1345;+0200;0;6X_4083-6X_3475
NCE;0630;+0100;1345;+0200;0;6X_1383-6X_3475
NCE;0700;+0100;1415;+0200;0;UA_9043-UA_9202
NCE;1105;+0100;1820;+0200;0;BA_1391-BA_348
NCE;1505;+0100;2220;+0200;0;AF_2269-AF_6232
NCE;0630;+0100;1350;+0200;0;6X_1383-6X_3525
NCE;0630;+0100;1350;+0200;0;6X_4083-6X_3525
NCE;0630;+0100;1350;+0200;0;6X_1083-6X_3525
NCE;0710;+0100;1430;+0200;0;UA_9043-UA_9202
NCE;0710;+0100;1430;+0200;0;LH_949-LH_1060
NCE;1000;+0100;1720;+0200;0;BA_1389-BA_354
NCE;1355;+0100;2115;+0200;0;SN_2176-SN_3623
NCE;1355;+0100;2115;+0200;0;BD_5376-BD_5447
NCE;0630;+0100;1355;+0200;0;6X_1383-6X_3575
NCE;0630;+0100;1355;+0200;0;6X_1083-6X_3575
NCE;0630;+0100;1355;+0200;0;6X_4083-6X_3575
NCE;0715;+0100;1440;+0200;0;BA_1385-BA_344
NCE;0700;+0100;1430;+0200;0;UA_9043-UA_9202
NCE;0940;+0100;1720;+0200;0;AF_1669-AF_7706
NCE;1415;+0100;2155;+0200;0;6X_1395-6X_7899
NCE;1415;+0100;2155;+0200;0;6X_1095-6X_7899
NCE;1505;+0100;2245;+0200;0;AF_2269-AF_7712
NCE;0655;+0100;1440;+0200;0;BA_2901-BA_344
NCE;0905;+0100;1650;+0200;0;KL_1074-KL_1267
NCE;0940;+0100;1725;+0200;0;AF_1669-AF_7706
NCE;1415;+0100;2200;+0200;0;6X_1095-6X_7849
NCE;1415;+0100;2200;+0200;0;6X_1395-6X_7849
NCE;1505;+0100;2250;+0200;0;AF_2269-AF_6246
NCE;0930;+0100;1720;+0200;0;AF_1669-AF_7706
NCE;0930;+0100;1725;+0200;0;AF_1669-AF_7706
NCE;1000;+0100;1800;+0200;0;6X_2905-6X_404
NCE;1000;+0100;1800;+0200;0;6X_2909-6X_404
NCE;0940;+0100;1750;+0200;0;AF_1669-AF_6222
NCE;1200;+0100;2010;+0200;0;BA_2907-BA_356
NCE;1530;+0100;2340;+0200;0;BA_1399-BA_352
NCE;1505;+0100;2320;+0200;0;AF_2269-AF_6242
NCE;0930;+0100;1750;+0200;0;AF_1669-AF_6222
NCE;1000;+0100;1820;+0200;0;BA_1389-BA_348
NCE;0845;+0100;1720;+0200;0;BA_2903-BA_354
NCE;0635;+0100;1520;+0200;0;SN_2184-SN_3621
NCE;0635;+0100;1520;+0200;0;BD_5384-BD_5445
NCE;0635;+0100;1520;+0200;0;A3_3011-A3_3016
NCE;1345;+0100;2240;+0200;0;LX_395-LX_564
NCE;0635;+0100;1535;+0200;0;A3_3011-A3_3016
NCE;0635;+0100;1535;+0200;0;SN_2184-SN_3621
NCE;1325;+0100;2225;+0200;0;KL_1084-KL_1273
NCE;0815;+0100;1720;+0200;0;BA_1387-BA_354
NCE;1105;+0100;2010;+0200;0;BA_1391-BA_356
NCE;0850;+0100;1800;+0200;0;BD_3361-BD_3236
NCE;0850;+0100;1800;+0200;0;LH_941-LH_1064
NCE;0940;+0100;1850;+0200;0;AF_1669-AF_6226
VIE;1705;+0100;2145;+0200;0;LH_3431-LH_6356
VIE;0710;+0100;1205;+0200;0;LH_949-LH_6334
VIE;0850;+0100;1410;+0200;0;BD_3361-BD_2984
VIE;0850;+0100;1410;+0200;0;LH_941-LH_1238
VIE;0635;+0100;1200;+0200;0;BD_5384-BD_2832
VIE;0635;+0100;1200;+0200;0;SN_2184-SN_6001
VIE;1315;+0100;1840;+0200;0;LH_943-LH_1242
VIE;1315;+0100;1840;+0200;0;BD_3353-BD_2988
VIE;1715;+0100;2240;+0200;0;LH_2503-LH_6330
VIE;0655;+0100;1225;+0200;0;LH_2505-LH_2328
VIE;0655;+0100;1225;+0200;0;BD_3339-BD_3624
VIE;0840;+0100;1410;+0200;0;LX_391-LX_1578
VIE;1100;+0100;1630;+0200;0;LH_2501-LH_2330
VIE;1100;+0100;1630;+0200;0;BD_3331-BD_3628
VIE;1345;+0100;1915;+0200;0;LX_395-LX_3556
VIE;1355;+0100;1935;+0200;0;BD_5376-BD_2834
VIE;1355;+0100;1935;+0200;0;SN_2176-SN_6003
VIE;1255;+0100;1840;+0200;0;LH_3433-LH_3094
VIE;1325;+0100;1910;+0200;0;KL_1084-KL_1847
VIE;1705;+0100;2250;+0200;0;LH_6689-LH_6403
VIE;1705;+0100;2250;+0200;0;BD_573-BD_2806
VIE;0615;+0100;1210;+0200;0;BD_571-BD_2802
VIE;1315;+0100;1910;+0200;0;LH_943-LH_6346
VIE;1600;+0100;2210;+0200;0;KL_1088-KL_1849
VIE;0630;+0100;1245;+0200;0;6X_4083-6X_9502
VIE;0630;+0100;1245;+0200;0;6X_1083-6X_9502
VIE;0630;+0100;1245;+0200;0;6X_1383-6X_9502
VIE;1355;+0100;2020;+0200;0;SN_2176-SN_2907
VIE;1355;+0100;2020;+0200;0;BD_5376-BD_5487
VIE;1255;+0100;1925;+0200;0;LH_3433-LH_3096
VIE;1530;+0100;2200;+0200;0;BA_1399-BA_706
VIE;0750;+0100;1425;+0200;0;LH_3429-LH_3092
VIE;0815;+0100;1450;+0200;0;LH_3437-LH_3100
VIE;1315;+0100;1950;+0200;0;LH_943-LH_6929
VIE;1445;+0100;2125;+0200;0;LH_3441-LH_6362
VIE;0710;+0100;1405;+0200;0;UA_9043-UA_8966
VIE;1105;+0100;1800;+0200;0;BA_1391-BA_704
VIE;0710;+0100;1410;+0200;0;LH_949-LH_1238
VIE;0710;+0100;1410;+0200;0;BD_3369-BD_2984
VIE;0710;+0100;1410;+0200;0;UA_9043-UA_8966
VIE;0700;+0100;1405;+0200;0;UA_9043-UA_8966
VIE;1040;+0100;1745;+0200;0;SN_2174-SN_2905
VIE;0700;+0100;1410;+0200;0;UA_9043-UA_8966
VIE;1035;+0100;1745;+0200;0;SN_2174-SN_2905
VIE;1040;+0100;1750;+0200;0;BD_5374-BD_5493
VIE;1505;+0100;2215;+0200;0;AF_2269-AF_1756
VIE;1035;+0100;1750;+0200;0;BD_5374-BD_5493
VIE;1355;+0100;2115;+0200;0;BD_5376-BD_5489
VIE;1355;+0100;2115;+0200;0;SN_2176-SN_2909
VIE;0600;+0100;1330;+0200;0;KL_1072-KL_1845
VIE;1345;+0100;2115;+0200;0;LX_395-LX_3558
VIE;0930;+0100;1720;+0200;0;LH_6557-LH_6586
VIE;0930;+0100;1720;+0200;0;OS_8984-OS_8930
VIE;0930;+0100;1720;+0200;0;BD_585-BD_427
VIE;1355;+0100;2145;+0200;0;BD_5376-BD_2836
VIE;1355;+0100;2145;+0200;0;SN_2176-SN_6005
VIE;0940;+0100;1735;+0200;0;AF_1669-AF_1438
VIE;0850;+0100;1650;+0200;0;LH_941-LH_6336
VIE;0940;+0100;1740;+0200;0;AF_1669-AF_1438
VIE;1000;+0100;1800;+0200;0;BA_1389-BA_704
VIE;1110;+0100;1910;+0200;0;KL_1082-KL_1847
VIE;0930;+0100;1735;+0200;0;AF_1669-AF_1438
VIE;0910;+0100;1720;+0200;0;LH_6555-LH_6586
VIE;0930;+0100;1740;+0200;0;AF_1669-AF_1438
VIE;1025;+0100;1835;+0200;0;AY_934-AY_767
VIE;1345;+0100;2155;+0200;0;LX_395-LX_1584
VIE;1315;+0100;2130;+0200;0;LH_943-LH_6338
VIE;1345;+0100;2205;+0200;0;LX_395-LX_1584
VIE;1325;+0100;2200;+0200;0;BA_1395-BA_706
VIE;1100;+0100;1945;+0200;0;LH_2501-LH_6328
VIE;1325;+0100;2210;+0200;0;KL_1084-KL_1849
HAM;0815;+0100;1045;+0200;0;LH_3437
HAM;0815;+0100;1045;+0200;0;BD_3371
HAM;1445;+0100;1715;+0200;0;LH_3441
HAM;1445;+0100;1715;+0200;0;BD_3373
HAM;1925;+0100;2155;+0200;0;BD_3375
HAM;1925;+0100;2155;+0200;0;LH_3439
HAM;0750;+0100;1140;+0200;0;BD_3691-BD_2976
HAM;0750;+0100;1140;+0200;0;LH_3429-LH_2708
HAM;1035;+0100;1440;+0200;0;SN_2174-SN_2625
HAM;0635;+0100;1050;+0200;0;SN_2184-SN_2623
HAM;1325;+0100;1740;+0200;0;KL_1084-KL_1783
HAM;1705;+0100;2120;+0200;0;LH_3431-LH_2718
HAM;0635;+0100;1100;+0200;0;SN_2184-SN_2623
HAM;1825;+0100;2255;+0200;0;BD_3357-BD_2968
HAM;1825;+0100;2255;+0200;0;LH_947-LH_30
HAM;0900;+0100;1335;+0200;0;SK_8676-SK_3625
HAM;1740;+0100;2215;+0200;0;KL_1094-KL_1789
HAM;1100;+0100;1545;+0200;0;LH_2501-LH_2072
HAM;1315;+0100;1800;+0200;0;LH_943-LH_20
HAM;0815;+0100;1305;+0200;0;BA_1387-BA_962
HAM;1015;+0100;1505;+0200;0;SK_540-SK_649
HAM;1705;+0100;2155;+0200;0;LH_6689-LH_3395
HAM;1705;+0100;2155;+0200;0;BD_573-BD_3295
HAM;0905;+0100;1400;+0200;0;KL_1074-KL_1781
HAM;0655;+0100;1155;+0200;0;LH_2505-LH_2066
HAM;1040;+0100;1545;+0200;0;SN_2174-SN_2625
HAM;1040;+0100;1545;+0200;0;BD_5374-BD_5395
HAM;0615;+0100;1125;+0200;0;BD_571-BD_3301
HAM;1035;+0100;1545;+0200;0;SN_2174-SN_2625
HAM;1035;+0100;1545;+0200;0;BD_5374-BD_5395
HAM;0600;+0100;1115;+0200;0;KL_1072-KL_1779
HAM;0840;+0100;1400;+0200;0;LX_391-LX_1056
HAM;1345;+0100;1905;+0200;0;LX_395-LX_1054
HAM;1505;+0100;2025;+0200;0;AF_2269-AF_2510
HAM;1255;+0100;1820;+0200;0;LH_3433-LH_2714
HAM;1715;+0100;2240;+0200;0;LH_2503-LH_2084
HAM;1105;+0100;1635;+0200;0;BA_1391-BA_974
HAM;1315;+0100;1845;+0200;0;BD_3353-BD_2952
HAM;1315;+0100;1845;+0200;0;LH_943-LH_22
HAM;1530;+0100;2110;+0200;0;BA_1399-BA_972
HAM;0715;+0100;1305;+0200;0;BA_1385-BA_962
HAM;0850;+0100;1440;+0200;0;BD_3361-BD_2954
HAM;0850;+0100;1440;+0200;0;LH_941-LH_14
HAM;1100;+0100;1650;+0200;0;LH_2501-LH_2074
HAM;0655;+0100;1255;+0200;0;LH_2505-LH_2068
HAM;0710;+0100;1310;+0200;0;LH_949-LH_12
HAM;1600;+0100;2215;+0200;0;KL_1088-KL_1789
HAM;1100;+0100;1730;+0200;0;LH_2501-LH_2086
HAM;1110;+0100;1740;+0200;0;KL_1082-KL_1783
HAM;1000;+0100;1635;+0200;0;BA_1389-BA_974
HAM;1315;+0100;1950;+0200;0;LH_943-LH_24
HAM;1315;+0100;1955;+0200;0;LH_943-LH_24
HAM;1040;+0100;1725;+0200;0;SN_2174-SN_2627
HAM;1035;+0100;1725;+0200;0;SN_2174-SN_2627
HAM;1255;+0100;1945;+0200;0;LH_3433-LH_2716
HAM;1255;+0100;1945;+0200;0;BD_3695-BD_2974
HAM;1105;+0100;1805;+0200;0;BA_1391-BA_966
HAM;0750;+0100;1455;+0200;0;LH_3429-LH_2710
HAM;1040;+0100;1745;+0200;0;BD_5374-BD_5387
HAM;1040;+0100;1745;+0200;0;SN_2174-SN_2627
HAM;1020;+0100;1730;+0200;0;SK_4608-SK_3661
HAM;1035;+0100;1745;+0200;0;SN_2174-SN_2627
HAM;1035;+0100;1745;+0200;0;BD_5374-BD_5387
HAM;0940;+0100;1655;+0200;0;AF_1669-AF_2310
HAM;1005;+0100;1720;+0200;0;SK_2548-SK_3637
HAM;1015;+0100;1730;+0200;0;SK_4608-SK_3661
HAM;1355;+0100;2110;+0200;0;BD_5376-BD_5389
HAM;1355;+0100;2110;+0200;0;SN_2176-SN_2629
HAM;1100;+0100;1820;+0200;0;LH_2501-LH_2076
HAM;1315;+0100;2035;+0200;0;LH_943-LH_26
HAM;0850;+0100;1615;+0200;0;LH_941-LH_16
HAM;0930;+0100;1655;+0200;0;AF_1669-AF_2310
HAM;0655;+0100;1425;+0200;0;LH_2505-LH_2070
HAM;0710;+0100;1440;+0200;0;LH_949-LH_14
HAM;0710;+0100;1440;+0200;0;BD_3369-BD_2954
HAM;0840;+0100;1620;+0200;0;LX_391-LX_3646
HAM;1325;+0100;2110;+0200;0;BA_1395-BA_972
HEL;1750;+0100;2230;+0300;0;AY_938
HEL;1750;+0100;2230;+0300;0;BA_6008
HEL;1025;+0100;1515;+0300;0;AY_934
HEL;1025;+0100;1515;+0300;0;AA_6061
HEL;1025;+0100;1515;+0300;0;BA_6004
HEL;1735;+0100;2055;+0300;0;6X_6008
HEL;2125;+0100;2320;+0300;0;6X_6008
HEL;1910;+0100;0120;+0300;1;SK_542-SK_6544
HEL;1015;+0100;1650;+0300;0;SK_540-SK_6694
HEL;1740;+0100;0015;+0300;1;KL_1094-KL_1171
HEL;1415;+0100;2105;+0300;0;6X_1395-6X_3619
HEL;1415;+0100;2105;+0300;0;6X_1095-6X_3619
HEL;0710;+0100;1405;+0300;0;LH_949-LH_848
HEL;1825;+0100;0130;+0300;1;BD_3357-BD_3124
HEL;1825;+0100;0130;+0300;1;LH_947-LH_854
HEL;0600;+0100;1310;+0300;0;KL_1072-KL_1167
HEL;1100;+0100;1810;+0300;0;LH_2501-LH_2464
HEL;1530;+0100;2300;+0300;0;BA_1399-BA_6034
HEL;1015;+0100;1750;+0300;0;BD_3892-BD_3884
HEL;1015;+0100;1750;+0300;0;SK_540-SK_712
HEL;1325;+0100;2105;+0300;0;BA_1395-BA_6080
HEL;1505;+0100;2255;+0300;0;AF_2269-AF_1798
HEL;0715;+0100;1515;+0300;0;BA_1385-BA_6032
HEL;0905;+0100;1710;+0300;0;KL_1074-KL_1169
HEL;1530;+0100;2335;+0300;0;BA_1399-BA_798
HEL;0840;+0100;1655;+0300;0;LX_391-LX_4790
HEL;1600;+0100;0015;+0300;1;KL_1088-KL_1171
HEL;1000;+0100;1830;+0300;0;6X_2909-6X_7818
HEL;1000;+0100;1830;+0300;0;6X_2905-6X_7818
HEL;1015;+0100;1850;+0300;0;SK_540-SK_1710
HEL;0630;+0100;1515;+0300;0;6X_4083-6X_3615
HEL;0630;+0100;1515;+0300;0;6X_1083-6X_3615
HEL;0630;+0100;1515;+0300;0;6X_1383-6X_3615
HEL;0815;+0100;1700;+0300;0;BA_1387-BA_794
HEL;1005;+0100;1905;+0300;0;SK_2548-SK_708
HEL;1200;+0100;2105;+0300;0;BA_2907-BA_6080
HEL;0850;+0100;1800;+0300;0;LH_941-LH_850
HEL;1000;+0100;1930;+0300;0;6X_2909-6X_798
HEL;1000;+0100;1930;+0300;0;6X_2905-6X_798
HEL;1355;+0100;2325;+0300;0;SN_2176-SN_6755
HEL;0940;+0100;1915;+0300;0;AF_1669-AF_1098
HEL;1325;+0100;2300;+0300;0;BA_1395-BA_6034
HEL;0940;+0100;1920;+0300;0;AF_1669-AF_1098
HEL;1345;+0100;2325;+0300;0;LX_395-LX_4792
HEL;0715;+0100;1700;+0300;0;BA_1385-BA_794
HEL;0930;+0100;1915;+0300;0;AF_1669-AF_1098
HEL;0930;+0100;1920;+0300;0;AF_1669-AF_1098
HEL;1315;+0100;2305;+0300;0;BD_3353-BD_3122
HEL;1315;+0100;2305;+0300;0;LH_943-LH_852
HEL;1015;+0100;2010;+0300;0;SK_540-SK_6541
HEL;1005;+0100;2005;+0300;0;SK_2548-SK_6424
HEL;1105;+0100;2105;+0300;0;BA_1391-BA_6080
HEL;0655;+0100;1700;+0300;0;BA_2901-BA_794
HEL;1325;+0100;2335;+0300;0;BA_1395-BA_798
LYS;1010;+0100;1305;+0200;0;BD_1343
LYS;1355;+0100;1820;+0200;0;BD_5376-BD_5361
LYS;1355;+0100;1820;+0200;0;SN_2176-SN_3591
LYS;1110;+0100;1550;+0200;0;KL_1082-KL_2031
LYS;0940;+0100;1425;+0200;0;AF_1669-AF_7644
LYS;1705;+0100;2150;+0200;0;LH_3431-LH_3270
LYS;0930;+0100;1425;+0200;0;AF_1669-AF_7644
LYS;1315;+0100;1810;+0200;0;BD_3353-BD_3086
LYS;1315;+0100;1810;+0200;0;LH_943-LH_1078
LYS;1505;+0100;2010;+0200;0;AF_2269-AF_7648
LYS;1325;+0100;1835;+0200;0;BA_1395-BA_362
LYS;0600;+0100;1120;+0200;0;KL_1072-KL_2025
LYS;0655;+0100;1215;+0200;0;UA_8753-UA_9026
LYS;0840;+0100;1400;+0200;0;LX_391-LX_532
LYS;0655;+0100;1220;+0200;0;UA_8753-UA_9026
LYS;0655;+0100;1220;+0200;0;LH_2505-LH_2248
LYS;0850;+0100;1415;+0200;0;LH_941-LH_1076
LYS;0850;+0100;1415;+0200;0;BD_3361-BD_3082
LYS;1040;+0100;1610;+0200;0;SN_2174-SN_3589
LYS;1040;+0100;1610;+0200;0;BD_5374-BD_5369
LYS;1715;+0100;2245;+0200;0;LH_2503-LH_2254
LYS;1035;+0100;1610;+0200;0;BD_5374-BD_5369
LYS;1035;+0100;1610;+0200;0;SN_2174-SN_3589
LYS;1100;+0100;1640;+0200;0;LH_2501-LH_2250
LYS;1720;+0100;2315;+0200;0;BA_1403-BA_364
LYS;1600;+0100;2210;+0200;0;KL_1088-KL_2029
LYS;0710;+0100;1355;+0200;0;UA_9043-UA_8916
LYS;0905;+0100;1550;+0200;0;KL_1074-KL_2031
LYS;0700;+0100;1355;+0200;0;UA_9043-UA_8916
LYS;1255;+0100;1955;+0200;0;LH_3433-LH_3268
LYS;0710;+0100;1415;+0200;0;LH_949-LH_1076
LYS;0710;+0100;1415;+0200;0;BD_3369-BD_3082
LYS;0710;+0100;1415;+0200;0;UA_9043-UA_8916
LYS;0700;+0100;1415;+0200;0;UA_9043-UA_8916
LYS;1015;+0100;1740;+0200;0;SK_540-SK_1793
LYS;0940;+0100;1710;+0200;0;AF_1669-AF_7646
LYS;1100;+0100;1830;+0200;0;LH_2501-LH_2252
LYS;1105;+0100;1835;+0200;0;BA_1391-BA_362
LYS;1355;+0100;2125;+0200;0;BD_5376-BD_5363
LYS;1355;+0100;2125;+0200;0;SN_2176-SN_3593
LYS;1505;+0100;2240;+0200;0;AF_2269-AF_7650
LYS;0930;+0100;1710;+0200;0;AF_1669-AF_7646
LYS;1040;+0100;1820;+0200;0;SN_2174-SN_3591
LYS;1040;+0100;1820;+0200;0;BD_5374-BD_5361
LYS;1025;+0100;1810;+0200;0;AY_934-AY_925
LYS;1035;+0100;1820;+0200;0;SN_2174-SN_3591
LYS;1035;+0100;1820;+0200;0;BD_5374-BD_5361
LYS;1345;+0100;2130;+0200;0;LX_395-LX_538
LYS;1355;+0100;2140;+0200;0;SN_2176-SN_3593
LYS;1530;+0100;2315;+0200;0;BA_1399-BA_364
LYS;1005;+0100;1820;+0200;0;AF_6547-AF_5864
LYS;1000;+0100;1835;+0200;0;BA_1389-BA_362
LYS;1325;+0100;2210;+0200;0;KL_1084-KL_2029
LYS;0820;+0100;1610;+0200;0;BD_1583-BD_1629-BD_5369
LYS;0615;+0100;1415;+0200;0;BD_571-BD_3211-BD_3082
LYS;0810;+0100;1610;+0200;0;BD_581-BD_5434-BD_5369
LYS;0810;+0100;1640;+0200;0;LH_6555-LH_2473-LH_2250
LYS;1350;+0100;2220;+0200;0;BD_589-BD_3233-BD_3088
LYS;1350;+0100;2220;+0200;0;LH_6523-LH_911-LH_1082
LYS;1350;+0100;2220;+0200;0;LH_6523-LH_899-LH_1082
LYS;0930;+0100;1810;+0200;0;LH_6557-LH_905-LH_1078
LYS;0930;+0100;1810;+0200;0;BD_585-BD_3197-BD_3086
TLS;1800;+0100;2240;+0200;0;BD_5378-BD_5425
TLS;1505;+0100;1950;+0200;0;AF_2269-AF_7788
TLS;0635;+0100;1125;+0200;0;SN_2184-SN_3667
TLS;0635;+0100;1125;+0200;0;BD_5384-BD_5427
TLS;1800;+0100;2250;+0200;0;SN_2178-SN_3675
TLS;0940;+0100;1435;+0200;0;AF_1669-AF_7794
TLS;0930;+0100;1435;+0200;0;AF_1669-AF_7794
TLS;1720;+0100;2225;+0200;0;BA_1403-BA_376
TLS;1110;+0100;1625;+0200;0;KL_1082-KL_1311
TLS;0850;+0100;1410;+0200;0;BD_3361-BD_2936
TLS;0850;+0100;1410;+0200;0;LH_941-LH_1096
TLS;1825;+0100;2345;+0200;0;BD_3357-BD_2934
TLS;1825;+0100;2345;+0200;0;LH_947-LH_1100
TLS;1715;+0100;2250;+0200;0;LH_2503-LH_2222
TLS;1720;+0100;2300;+0200;0;BA_1403-BA_376
TLS;0600;+0100;1150;+0200;0;KL_1072-KL_1303
TLS;1040;+0100;1630;+0200;0;BD_5374-BD_5423
TLS;1040;+0100;1630;+0200;0;SN_2174-SN_3669
TLS;1035;+0100;1630;+0200;0;SN_2174-SN_3669
TLS;1035;+0100;1630;+0200;0;BD_5374-BD_5423
TLS;1105;+0100;1715;+0200;0;BA_1391-BA_374
TLS;1600;+0100;2220;+0200;0;KL_1088-KL_1313
TLS;1100;+0100;1725;+0200;0;LH_2501-LH_2218
TLS;0710;+0100;1345;+0200;0;UA_9043-UA_9162
TLS;1005;+0100;1640;+0200;0;AF_6547-AF_5651
TLS;0700;+0100;1345;+0200;0;UA_9043-UA_9162
TLS;0940;+0100;1630;+0200;0;AF_1669-AF_6154
TLS;1505;+0100;2200;+0200;0;AF_2269-AF_6148
TLS;1530;+0100;2225;+0200;0;BA_1399-BA_376
TLS;0710;+0100;1410;+0200;0;LH_949-LH_1096
TLS;0710;+0100;1410;+0200;0;BD_3369-BD_2936
TLS;0930;+0100;1630;+0200;0;AF_1669-AF_6154
TLS;0940;+0100;1645;+0200;0;AF_1669-AF_6128
TLS;0930;+0100;1645;+0200;0;AF_1669-AF_6128
TLS;1000;+0100;1715;+0200;0;BA_1389-BA_374
TLS;0905;+0100;1625;+0200;0;KL_1074-KL_1311
TLS;1505;+0100;2235;+0200;0;AF_2269-AF_7792
TLS;1530;+0100;2300;+0200;0;BA_1399-BA_376
TLS;0940;+0100;1715;+0200;0;AF_1669-AF_6156
TLS;0940;+0100;1715;+0200;0;AF_1669-AF_7786
TLS;0930;+0100;1715;+0200;0;AF_1669-AF_6156
TLS;0930;+0100;1715;+0200;0;AF_1669-AF_7786
TLS;0940;+0100;1730;+0200;0;AF_1669-AF_6130
TLS;0655;+0100;1450;+0200;0;LH_2505-LH_2216
TLS;0930;+0100;1730;+0200;0;AF_1669-AF_6130
TLS;0940;+0100;1800;+0200;0;AF_1669-AF_6132
TLS;0845;+0100;1715;+0200;0;BA_2903-BA_374
TLS;0930;+0100;1800;+0200;0;AF_1669-AF_6132
TLS;1355;+0100;2240;+0200;0;BD_5376-BD_5425
TLS;0940;+0100;1830;+0200;0;AF_1669-AF_6134
TLS;0850;+0100;1745;+0200;0;LH_941-LH_1098
TLS;1325;+0100;2220;+0200;0;KL_1084-KL_1313
TLS;1355;+0100;2250;+0200;0;SN_2176-SN_3675
TLS;0815;+0100;1715;+0200;0;BA_1387-BA_374
TLS;0930;+0100;1830;+0200;0;AF_1669-AF_6134
TLS;1325;+0100;2225;+0200;0;BA_1395-BA_376
TLS;0940;+0100;1845;+0200;0;AF_1669-AF_6146
TLS;0850;+0100;1805;+0200;0;LH_941-LH_1098
TLS;0850;+0100;1805;+0200;0;BD_3361-BD_2938
TLS;0930;+0100;1845;+0200;0;AF_1669-AF_6146
TLS;0940;+0100;1900;+0200;0;AF_1669-AF_6136
TLS;0930;+0100;1900;+0200;0;AF_1669-AF_6136
TLS;0940;+0100;1615;+0200;0;AF_1669-AF_7644-AF_7850
TLS;0930;+0100;1615;+0200;0;AF_1669-AF_7644-AF_7850
TLS;0930;+0100;1745;+0200;0;LH_6557-LH_905-LH_1098
TLS;0810;+0100;1630;+0200;0;BD_581-BD_5434-BD_5423
TLS;0940;+0100;1805;+0200;0;AF_1669-AF_7664-AF_5595
TLS;1505;+0100;2335;+0200;0;AF_2269-AF_7728-AF_7863
TLS;0910;+0100;1745;+0200;0;LH_6555-LH_905-LH_1098
TLS;0930;+0100;1805;+0200;0;AF_1669-AF_7664-AF_5595
TLS;0930;+0100;1805;+0200;0;LH_6557-LH_905-LH_1098
TLS;0930;+0100;1805;+0200;0;BD_585-BD_3197-BD_2938
TLS;1325;+0100;2215;+0200;0;IB_7683-IB_3177-IB_8772
TLS;0910;+0100;1805;+0200;0;LH_6555-LH_905-LH_1098
TLS;1350;+0100;2250;+0200;0;LH_6523-LH_2479-LH_2222
TLS;0715;+0100;1625;+0200;0;IB_7673-IB_7443-IB_8776
TLS;0810;+0100;1725;+0200;0;LH_6555-LH_2473-LH_2218
NTE;1005;+0100;1245;+0200;0;AF_6547
NTE;1740;+0100;2215;+0200;0;KL_1094-KL_2035
NTE;0600;+0100;1045;+0200;0;KL_1072-KL_2033
NTE;1110;+0100;1600;+0200;0;KL_1082-KL_2049
NTE;1600;+0100;2215;+0200;0;KL_1088-KL_2035
NTE;1505;+0100;2145;+0200;0;AF_2269-AF_7728
NTE;0905;+0100;1600;+0200;0;KL_1074-KL_2049
NTE;1505;+0100;2225;+0200;0;AF_2269-AF_7388
NTE;0940;+0100;1720;+0200;0;AF_1669-AF_7730
NTE;0930;+0100;1720;+0200;0;AF_1669-AF_7730
NTE;1325;+0100;2215;+0200;0;KL_1084-KL_2035
NTE;0600;+0100;1600;+0200;0;KL_1072-KL_2049
NTE;1505;+0100;2130;+0200;0;AF_2269-AF_7788-AF_5652
NTE;1505;+0100;2205;+0200;0;AF_2269-AF_7788-AF_7862
NTE;0600;+0100;1340;+0200;0;KL_1072-KL_2003-KL_2310
NTE;0905;+0100;1720;+0200;0;KL_1074-KL_2009-KL_2312
NTE;0905;+0100;1720;+0200;0;KL_1074-KL_1233-KL_2312
NTE;1325;+0100;2145;+0200;0;KL_1084-KL_1245-KL_2314
NTE;1325;+0100;2145;+0200;0;KL_1084-KL_1243-KL_2314
NTE;0940;+0100;1805;+0200;0;AF_1669-AF_7664-AF_5762
NTE;0930;+0100;1805;+0200;0;AF_1669-AF_7664-AF_5762
NTE;0940;+0100;1815;+0200;0;AF_1669-AF_7794-AF_5650
NTE;0940;+0100;1815;+0200;0;AF_1669-AF_6128-AF_5650
NTE;0940;+0100;1815;+0200;0;AF_1669-AF_6154-AF_5650
NTE;0930;+0100;1815;+0200;0;AF_1669-AF_6128-AF_5650
NTE;0930;+0100;1815;+0200;0;AF_1669-AF_7794-AF_5650
NTE;0930;+0100;1815;+0200;0;AF_1669-AF_6154-AF_5650
NTE;1325;+0100;2235;+0200;0;IB_7683-IB_3177-IB_8544
NTE;0940;+0100;1940;+0200;0;AF_1669-AF_7634-AF_3207
NTE;0940;+0100;1940;+0200;0;AF_1669-AF_6264-AF_3207
NTE;0940;+0100;1940;+0200;0;AF_1669-AF_6262-AF_3207
NTE;0940;+0100;1940;+0200;0;AF_1669-AF_7624-AF_3207
NTE;0940;+0100;1940;+0200;0;AF_1669-AF_6266-AF_3207
NTE;0930;+0100;1940;+0200;0;AF_1669-AF_6266-AF_3207
NTE;0930;+0100;1940;+0200;0;AF_1669-AF_7634-AF_3207
NTE;0930;+0100;1940;+0200;0;AF_1669-AF_6262-AF_3207
NTE;0930;+0100;1940;+0200;0;AF_1669-AF_7624-AF_3207
NTE;0930;+0100;1940;+0200;0;AF_1669-AF_6264-AF_3207
NTE;1110;+0100;2145;+0200;0;KL_1082-KL_1245-KL_2314
NTE;1110;+0100;2145;+0200;0;KL_1082-KL_1243-KL_2314
NTE;1110;+0100;2145;+0200;0;KL_1082-KL_2013-KL_2314
SXB;0635;+0100;1030;+0200;0;BD_5384-BD_5559
SXB;0635;+0100;1035;+0200;0;SN_2184-SN_3653
SXB;1355;+0100;1805;+0200;0;SN_2176-SN_3661
SXB;1325;+0100;1740;+0200;0;KL_1084-KL_2045
SXB;0940;+0100;1410;+0200;0;AF_1669-AF_7762
SXB;0600;+0100;1035;+0200;0;KL_1072-KL_2043
SXB;0930;+0100;1410;+0200;0;AF_1669-AF_7762
SXB;1355;+0100;1910;+0200;0;BD_5376-BD_5561
SXB;1355;+0100;1910;+0200;0;SN_2176-SN_3661
SXB;1600;+0100;2125;+0200;0;KL_1088-KL_2047
SXB;1005;+0100;1610;+0200;0;AF_6547-AF_5769
SXB;0710;+0100;1330;+0200;0;LH_949-LH_388
SXB;1110;+0100;1740;+0200;0;KL_1082-KL_2045
SXB;1315;+0100;2000;+0200;0;LH_943-LH_392
SXB;1505;+0100;2155;+0200;0;AF_2269-AF_7770
SXB;0850;+0100;1600;+0200;0;LH_941-LH_390
SXB;0940;+0100;1655;+0200;0;AF_1669-AF_7308
SXB;0930;+0100;1655;+0200;0;AF_1669-AF_7308
SXB;1040;+0100;1805;+0200;0;SN_2174-SN_3661
SXB;1035;+0100;1805;+0200;0;SN_2174-SN_3661
SXB;1325;+0100;2125;+0200;0;KL_1084-KL_2047
SXB;0940;+0100;1800;+0200;0;AF_1669-AF_7766
SXB;0930;+0100;1800;+0200;0;AF_1669-AF_7766
SXB;1040;+0100;1910;+0200;0;BD_5374-BD_5561
SXB;1040;+0100;1910;+0200;0;SN_2174-SN_3661
SXB;0905;+0100;1740;+0200;0;KL_1074-KL_2045
SXB;1035;+0100;1910;+0200;0;BD_5374-BD_5561
SXB;1035;+0100;1910;+0200;0;SN_2174-SN_3661
SXB;0710;+0100;1600;+0200;0;LH_949-LH_390
SXB;0940;+0100;1850;+0200;0;AF_1669-AF_7310
SXB;0930;+0100;1850;+0200;0;AF_1669-AF_7310
SXB;1315;+0100;2300;+0200;0;LH_943-LH_394
SXB;1005;+0100;2015;+0200;0;AF_6547-AF_5773
SXB;1110;+0100;2125;+0200;0;KL_1082-KL_2047
SXB;1005;+0100;1800;+0200;0;AF_6547-AF_7727-AF_7766
SXB;1445;+0100;2300;+0200;0;LH_3441-LH_23-LH_394
SXB;1445;+0100;0015;+0200;1;LH_3441-LH_25-LH_396
SXB;1445;+0100;0015;+0200;1;LH_3441-LH_27-LH_396
SXB;1445;+0100;0015;+0200;1;LH_3441-LH_23-LH_396
SXB;1255;+0100;2300;+0200;0;LH_3433-LH_85-LH_394