BCN;1645;+0200;1810;+0200;0;VY_2973
BCN;1140;+0200;1310;+0200;0;IB_8559
BCN;1200;+0200;1330;+0200;0;IB_8559
BCN;0755;+0200;0840;+0200;0;AF_3202
BCN;0910;+0200;1015;+0200;0;AF_3202
BCN;1410;+0200;1455;+0200;0;AF_3206
BCN;1525;+0200;1630;+0200;0;AF_3206
BCN;0650;+0200;0955;+0200;0;AF_5858-AF_5906
BCN;1810;+0200;2125;+0200;0;AF_5866-AF_5894
BCN;1305;+0200;1655;+0200;0;AF_5862-AF_5898
BCN;0720;+0200;1115;+0200;0;AF_7721-AF_1348
BCN;1800;+0200;2200;+0200;0;AF_7731-AF_2348
BCN;1710;+0200;2125;+0200;0;AF_5864-AF_5894
BCN;1805;+0200;2225;+0200;0;IB_8547-IB_2790
BCN;1005;+0200;1505;+0200;0;KL_2048-KL_1673
BCN;1425;+0200;1930;+0200;0;AF_7727-AF_2048
BCN;0655;+0200;1215;+0200;0;KL_2032-KL_1671
BCN;0735;+0200;1255;+0200;0;IB_8545-IB_6764
BCN;1805;+0200;2340;+0200;0;IB_8547-IB_2728
BCN;1125;+0200;1725;+0200;0;AF_7725-AF_1948
BCN;1110;+0200;1725;+0200;0;AF_7383-AF_1948
BCN;0725;+0200;1345;+0200;0;AF_7381-AF_1230
BCN;1425;+0200;2045;+0200;0;AF_7727-AF_2148
BCN;0720;+0200;1345;+0200;0;AF_7721-AF_1230
BCN;1005;+0200;1705;+0200;0;KL_2048-KL_1675
BCN;0725;+0200;1435;+0200;0;AF_7381-AF_1648
BCN;1125;+0200;1835;+0200;0;AF_7725-AF_1330
BCN;0720;+0200;1435;+0200;0;AF_7721-AF_1648
BCN;1110;+0200;1835;+0200;0;AF_7383-AF_1330
BCN;1425;+0200;2200;+0200;0;AF_7727-AF_2348
BCN;1125;+0200;1930;+0200;0;AF_7725-AF_2048
BCN;0655;+0200;1505;+0200;0;KL_2032-KL_1673
BCN;0840;+0200;1655;+0200;0;AF_5860-AF_5898
BCN;0735;+0200;1555;+0200;0;IB_8545-IB_6754
BCN;1110;+0200;1930;+0200;0;AF_7383-AF_2048
BCN;1305;+0200;2125;+0200;0;AF_5862-AF_5894
BCN;0755;+0200;1630;+0200;0;AF_3202-AF_3206
BCN;1715;+0200;2125;+0200;0;AF_3265-AF_3215-AF_5894
BCN;1110;+0200;1630;+0200;0;AF_7383-AF_6260-AF_3206
BCN;1125;+0200;1655;+0200;0;AF_7725-AF_7644-AF_5898
BCN;0755;+0200;1345;+0200;0;AF_3202-AF_6259-AF_1230
BCN;0755;+0200;1345;+0200;0;AF_3202-AF_6281-AF_1230
BCN;0840;+0200;1435;+0200;0;AF_5860-AF_7641-AF_1648
BCN;1410;+0200;2045;+0200;0;AF_3206-AF_7629-AF_2148
BCN;0755;+0200;1435;+0200;0;AF_3202-AF_7625-AF_1648
BCN;1305;+0200;2045;+0200;0;AF_5862-AF_7645-AF_2148
BCN;0650;+0200;1435;+0200;0;AF_5858-AF_7641-AF_1648
BCN;0650;+0200;1435;+0200;0;AF_5858-AF_7653-AF_1648
BCN;1410;+0200;2200;+0200;0;AF_3206-AF_7629-AF_2348
BCN;1410;+0200;2200;+0200;0;AF_3206-AF_6267-AF_2348
BCN;1410;+0200;2200;+0200;0;AF_3206-AF_7637-AF_2348
BCN;0840;+0200;1725;+0200;0;AF_5860-AF_7417-AF_1948
BCN;0840;+0200;1725;+0200;0;AF_5860-AF_7641-AF_1948
BCN;0840;+0200;1725;+0200;0;AF_5860-AF_7643-AF_1948
LON;1100;+0200;1135;+0100;0;AF_5206
LON;1550;+0200;1625;+0100;0;AF_5208
LON;1125;+0200;1345;+0100;0;AF_7725-AF_2280
LON;1800;+0200;2030;+0100;0;AF_7731-AF_1380
LON;0720;+0200;1025;+0100;0;AF_7721-AF_1980
LON;0720;+0200;1030;+0100;0;AF_7721-AF_1980
LON;1005;+0200;1350;+0100;0;KL_2048-KL_1017
LON;0655;+0200;1045;+0100;0;KL_2032-KL_1009
LON;1425;+0200;1815;+0100;0;AF_7727-AF_1080
LON;1425;+0200;1825;+0100;0;AF_7727-AF_1080
LON;1805;+0200;2210;+0100;0;IB_8547-IB_3168
LON;0655;+0200;1105;+0100;0;AF_5364-AF_5186
LON;0735;+0200;1205;+0100;0;AA_5467-AA_6277
LON;0735;+0200;1210;+0100;0;IB_8545-IB_7442
LON;1200;+0200;1635;+0100;0;AA_5319-AA_6262
LON;1140;+0200;1635;+0100;0;AA_5319-AA_6262
LON;1425;+0200;1920;+0100;0;AF_7727-AF_1180
LON;1125;+0200;1625;+0100;0;AF_7725-AF_2580
LON;1005;+0200;1515;+0100;0;KL_2048-KL_1019
LON;1110;+0200;1625;+0100;0;AF_7383-AF_2580
LON;1005;+0200;1535;+0100;0;AF_5366-AF_5192
LON;1425;+0200;2000;+0100;0;AF_7727-AF_5028
LON;0725;+0200;1310;+0100;0;AF_7381-AF_5022
LON;0720;+0200;1310;+0100;0;AF_7721-AF_5022
LON;1200;+0200;1750;+0100;0;AA_5319-AA_6288
LON;1200;+0200;1755;+0100;0;IB_8559-IB_7458
LON;1540;+0200;2000;+0100;0;AF_5651-AF_6137-AF_5028
LON;1540;+0200;2000;+0100;0;AF_5651-AF_6135-AF_5028
LON;0840;+0200;1310;+0100;0;AF_5860-AF_7417-AF_5022
LON;1410;+0200;1850;+0100;0;AF_3206-AF_6267-AF_5026
LON;1425;+0200;1915;+0100;0;AF_7727-AF_2040-AF_5198
LON;1425;+0200;1925;+0100;0;KL_2313-KL_2016-KL_1027
LON;0840;+0200;1345;+0100;0;AF_5860-AF_7641-AF_2280
LON;1120;+0200;1625;+0100;0;AF_7861-AF_7785-AF_2580
LON;1410;+0200;1920;+0100;0;AF_3206-AF_7629-AF_1180
LON;1450;+0200;2000;+0100;0;AF_5769-AF_7315-AF_5028
LON;0755;+0200;1310;+0100;0;AF_3202-AF_6259-AF_5022
LON;0755;+0200;1310;+0100;0;AF_3202-AF_6281-AF_5022
LON;0740;+0200;1310;+0100;0;AF_5333-AF_6209-AF_5022
LON;0740;+0200;1310;+0100;0;AF_5333-AF_6207-AF_5022
LON;1255;+0200;1825;+0100;0;AF_7611-AF_7667-AF_1080
LON;1040;+0200;1625;+0100;0;AF_5767-AF_7665-AF_2580
LON;1125;+0200;1710;+0100;0;KL_2311-KL_1234-KL_1029
LON;0755;+0200;1345;+0100;0;AF_3202-AF_7625-AF_2280
LON;0755;+0200;1345;+0100;0;AF_7609-AF_7663-AF_2280
LON;0755;+0200;1345;+0100;0;AF_3202-AF_6259-AF_2280
LON;1410;+0200;2000;+0100;0;AF_3206-AF_6267-AF_5028
LON;1410;+0200;2000;+0100;0;AF_3206-AF_6269-AF_5028
LON;0715;+0200;1310;+0100;0;AF_3259-AF_7431-AF_5022
LON;0715;+0200;1310;+0100;0;AF_3259-AF_7435-AF_5022
LON;1125;+0200;1720;+0100;0;AF_7725-AF_8234-AF_5194
LYS;0650;+0200;0800;+0200;0;AF_5858
LYS;0840;+0200;0950;+0200;0;AF_5860
LYS;1305;+0200;1415;+0200;0;AF_5862
LYS;1710;+0200;1820;+0200;0;AF_5864
LYS;1810;+0200;1920;+0200;0;AF_5866
LYS;2050;+0200;2200;+0200;0;AF_5868
LYS;1715;+0200;1920;+0200;0;AF_3265-AF_3215
LYS;0640;+0200;0935;+0200;0;AF_5657-AF_7847
LYS;1125;+0200;1425;+0200;0;AF_7725-AF_7644
LYS;1850;+0200;2150;+0200;0;AF_5653-AF_7845
LYS;0720;+0200;1045;+0200;0;AF_7721-AF_7652
LYS;1120;+0200;1445;+0200;0;AF_7861-AF_7849
LYS;1410;+0200;1745;+0200;0;AF_3206-AF_7811
LYS;1540;+0200;1920;+0200;0;AF_5651-AF_7851
LYS;1040;+0200;1440;+0200;0;AF_5767-AF_7823
LYS;1450;+0200;1855;+0200;0;AF_3272-AF_5804
LYS;1450;+0200;1900;+0200;0;AF_5769-AF_5783
LYS;1440;+0200;1855;+0200;0;AF_5763-AF_7827
LYS;0655;+0200;1120;+0200;0;KL_2032-KL_2025
LYS;0655;+0200;1120;+0200;0;AF_5364-AF_1157
LYS;1800;+0200;2240;+0200;0;AF_7731-AF_7650
LYS;1430;+0200;1915;+0200;0;AF_3280-AF_3297
LYS;1410;+0200;1455;+0200;0;AF_3206
LYS;1525;+0200;1900;+0200;0;AF_3206-AF_5907
LYS;1410;+0200;1910;+0200;0;AF_3206-AF_7807
LYS;0915;+0200;1450;+0200;0;AF_7889-AF_7837
LYS;0915;+0200;1450;+0200;0;AF_7889-AF_7836
LYS;1425;+0200;2000;+0200;0;AF_7727-AF_7416
LYS;1005;+0200;1550;+0200;0;AF_5366-AF_1257
LYS;1005;+0200;1550;+0200;0;KL_2048-KL_2031
LYS;1125;+0200;1710;+0200;0;AF_7725-AF_7646
LYS;1425;+0200;2010;+0200;0;AF_7727-AF_7648
LYS;1110;+0200;1710;+0200;0;AF_7383-AF_7646
LYS;1255;+0200;1855;+0200;0;AF_7611-AF_7827
LYS;0735;+0200;1340;+0200;0;IB_8545-IB_8710
LYS;0840;+0200;1450;+0200;0;AF_3141-AF_7816
LYS;1540;+0200;2150;+0200;0;AF_5651-AF_7845
LYS;0755;+0200;0840;+0200;0;AF_3202
LYS;0910;+0200;1420;+0200;0;AF_3202-AF_5899
LYS;1120;+0200;1750;+0200;0;AF_7861-AF_7843
LYS;0755;+0200;1430;+0200;0;AF_3202-AF_7805
LYS;0725;+0200;1405;+0200;0;AF_7381-AF_7414
LYS;0720;+0200;1405;+0200;0;AF_7721-AF_7414
LYS;0755;+0200;1440;+0200;0;AF_7609-AF_7823
LYS;1120;+0200;1710;+0200;0;AF_7861-AF_7785-AF_7646
LYS;1410;+0200;2000;+0200;0;AF_3206-AF_6267-AF_7416
LYS;1410;+0200;2000;+0200;0;AF_3206-AF_6269-AF_7416
LYS;1410;+0200;2010;+0200;0;AF_3206-AF_7629-AF_7648
LYS;0755;+0200;1405;+0200;0;AF_3202-AF_6261-AF_7414
LYS;0755;+0200;1405;+0200;0;AF_3202-AF_6281-AF_7414
LYS;0755;+0200;1405;+0200;0;AF_3202-AF_6259-AF_7414
LYS;0740;+0200;1405;+0200;0;AF_5333-AF_6207-AF_7414
LYS;0740;+0200;1405;+0200;0;AF_5333-AF_6209-AF_7414
LYS;1125;+0200;1750;+0200;0;AF_7725-AF_7794-AF_7843
LYS;0755;+0200;1425;+0200;0;AF_3202-AF_6259-AF_7644
LYS;0755;+0200;1425;+0200;0;AF_7609-AF_7663-AF_7644
LYS;0755;+0200;1425;+0200;0;AF_3202-AF_7625-AF_7644
LYS;1040;+0200;1710;+0200;0;AF_5767-AF_7665-AF_7646
LYS;1110;+0200;1745;+0200;0;AF_7383-AF_6276-AF_7811
LYS;1110;+0200;1745;+0200;0;AF_7383-AF_6260-AF_7811
LYS;1110;+0200;1745;+0200;0;AF_7383-AF_6262-AF_7811
LYS;1110;+0200;1750;+0200;0;AF_7383-AF_6122-AF_7843
LYS;1110;+0200;1750;+0200;0;AF_7383-AF_6124-AF_7843
LYS;1110;+0200;1750;+0200;0;AF_7383-AF_6154-AF_7843
LYS;1110;+0200;1750;+0200;0;AF_7383-AF_6126-AF_7843
LYS;1110;+0200;1750;+0200;0;AF_7383-AF_6166-AF_7843
LYS;0740;+0200;1425;+0200;0;AF_5333-AF_7701-AF_7644
MAD;0735;+0200;0910;+0200;0;IB_8545
MAD;1805;+0200;1940;+0200;0;IB_8547
MAD;1200;+0200;1600;+0200;0;IB_8559-IB_2761
MAD;0720;+0200;1140;+0200;0;AF_7721-AF_1300
MAD;1140;+0200;1600;+0200;0;IB_8559-IB_2761
MAD;1425;+0200;1845;+0200;0;AF_7727-AF_1900
MAD;1125;+0200;1610;+0200;0;AF_7725-AF_1700
MAD;1740;+0200;2240;+0200;0;AF_7385-AF_1730
MAD;0655;+0200;1205;+0200;0;KL_2032-KL_1701
MAD;1005;+0200;1515;+0200;0;KL_2048-KL_1703
MAD;0725;+0200;1240;+0200;0;AF_7381-AF_1530
MAD;1425;+0200;2020;+0200;0;AF_7727-AF_2000
MAD;1200;+0200;1800;+0200;0;IB_8559-IB_2705
MAD;1125;+0200;1730;+0200;0;AF_7725-AF_1800
MAD;0725;+0200;1340;+0200;0;AF_7381-AF_1430
MAD;0720;+0200;1340;+0200;0;AF_7721-AF_1430
MAD;1110;+0200;1730;+0200;0;AF_7383-AF_1800
MAD;1140;+0200;1800;+0200;0;IB_8559-IB_2705
MAD;1200;+0200;1855;+0200;0;IB_8559-IB_2789
MAD;1125;+0200;1835;+0200;0;AF_7725-AF_1630
MAD;0725;+0200;1440;+0200;0;AF_7381-AF_1600
MAD;1140;+0200;1855;+0200;0;IB_8559-IB_2789
MAD;0720;+0200;1440;+0200;0;AF_7721-AF_1600
MAD;1125;+0200;1845;+0200;0;AF_7725-AF_1900
MAD;1425;+0200;2145;+0200;0;AF_7727-AF_2100
MAD;1005;+0200;1730;+0200;0;KL_2048-KL_1705
MAD;1110;+0200;1835;+0200;0;AF_7383-AF_1630
MAD;1200;+0200;1930;+0200;0;IB_8559-IB_2763
MAD;1110;+0200;1845;+0200;0;AF_7383-AF_1900
MAD;1140;+0200;1930;+0200;0;IB_8559-IB_2763
MAD;1200;+0200;2005;+0200;0;IB_8559-IB_2791
MAD;1425;+0200;2240;+0200;0;AF_7727-AF_1730
MAD;1140;+0200;1640;+0200;0;IB_8559-IB_8082-IB_439
MAD;0755;+0200;1340;+0200;0;AF_3202-AF_6259-AF_1430
MAD;0640;+0200;1240;+0200;0;AF_5657-AF_6153-AF_1530
MAD;1120;+0200;1730;+0200;0;AF_7861-AF_7785-AF_1800
MAD;1410;+0200;2020;+0200;0;AF_3206-AF_7629-AF_2000
MAD;1200;+0200;1840;+0200;0;IB_8559-IB_8084-IB_449
MAD;1140;+0200;1835;+0200;0;AF_7691-AF_6029-AF_1630
MAD;0640;+0200;1340;+0200;0;AF_5657-AF_6111-AF_1430
MAD;0640;+0200;1340;+0200;0;AF_5657-AF_6115-AF_1430
MAD;0640;+0200;1340;+0200;0;AF_5657-AF_6153-AF_1430
MAD;1140;+0200;1840;+0200;0;IB_8559-IB_8084-IB_449
MAD;1140;+0200;1840;+0200;0;IB_8559-IB_8082-IB_449
MAD;1540;+0200;2240;+0200;0;AF_5651-AF_6157-AF_1730
MAD;1540;+0200;2240;+0200;0;AF_5651-AF_6139-AF_1730
MAD;1540;+0200;2240;+0200;0;AF_5651-AF_6135-AF_1730
MAD;1540;+0200;2240;+0200;0;AF_5651-AF_6137-AF_1730
MAD;1120;+0200;1835;+0200;0;AF_7861-AF_6121-AF_1630
MAD;1120;+0200;1835;+0200;0;AF_7861-AF_6123-AF_1630
MAD;1120;+0200;1845;+0200;0;AF_7861-AF_7785-AF_1900
MAD;1255;+0200;2020;+0200;0;AF_7611-AF_7667-AF_2000
MAD;0840;+0200;1610;+0200;0;AF_5860-AF_7641-AF_1700
MAD;1410;+0200;2145;+0200;0;AF_3206-AF_7629-AF_2100
MAD;0650;+0200;1440;+0200;0;AF_5858-AF_7653-AF_1600
MAD;1040;+0200;1835;+0200;0;AF_5767-AF_6029-AF_1630
MAD;0640;+0200;1440;+0200;0;AF_5657-AF_6153-AF_1600
MAD;1440;+0200;2240;+0200;0;AF_5763-AF_6045-AF_1730
MAD;1440;+0200;2240;+0200;0;AF_5763-AF_6043-AF_1730
MAD;1040;+0200;1845;+0200;0;AF_5767-AF_7665-AF_1900
MAD;0755;+0200;1610;+0200;0;AF_7609-AF_7663-AF_1700
MAD;0755;+0200;1610;+0200;0;AF_3202-AF_7625-AF_1700
MAD;0755;+0200;1610;+0200;0;AF_3202-AF_6259-AF_1700
NCE;0740;+0200;0905;+0200;0;AF_5333
NCE;0915;+0200;1040;+0200;0;AF_7889
NCE;2150;+0200;2315;+0200;0;AF_7891
NCE;0650;+0200;0925;+0200;0;AF_5858-AF_7833
NCE;0650;+0200;0940;+0200;0;AF_5858-AF_7830
NCE;1810;+0200;2105;+0200;0;AF_5866-AF_7834
NCE;1410;+0200;1720;+0200;0;AF_3206-AF_7874
NCE;0725;+0200;1050;+0200;0;AF_7381-AF_6206
NCE;0715;+0200;1045;+0200;0;AF_3259-AF_3256
NCE;1305;+0200;1635;+0200;0;AF_5862-AF_7839
NCE;1640;+0200;2010;+0200;0;AF_3145-AF_7884
NCE;1110;+0200;1450;+0200;0;AF_7383-AF_6216
NCE;1740;+0200;2120;+0200;0;AF_7385-AF_6230
NCE;1800;+0200;2140;+0200;0;AF_7731-AF_7712
NCE;0720;+0200;1105;+0200;0;AF_7721-AF_7702
NCE;0725;+0200;1120;+0200;0;AF_7381-AF_6200
NCE;1710;+0200;2105;+0200;0;AF_5864-AF_7834
NCE;1110;+0200;1520;+0200;0;AF_7383-AF_6228
NCE;1805;+0200;2225;+0200;0;IB_8547-IB_8756
NCE;0725;+0200;1150;+0200;0;AF_7381-AF_6208
NCE;0840;+0200;1305;+0200;0;AF_3141-AF_7886
NCE;0700;+0200;1130;+0200;0;AF_5771-AF_7894
NCE;1740;+0200;2220;+0200;0;AF_7385-AF_6232
NCE;1850;+0200;2330;+0200;0;AF_5653-AF_7881
NCE;1855;+0200;2335;+0200;0;AF_5773-AF_7899
NCE;0655;+0200;1140;+0200;0;AF_5364-AF_8271
NCE;0655;+0200;1140;+0200;0;KL_2032-KL_1263
NCE;1800;+0200;2245;+0200;0;AF_7731-AF_7712
NCE;1805;+0200;2250;+0200;0;IB_8547-IB_8756
NCE;1810;+0200;2255;+0200;0;AF_5866-AF_7829
NCE;0725;+0200;1220;+0200;0;AF_7381-AF_6210
NCE;1110;+0200;1620;+0200;0;AF_7383-AF_6218
NCE;1740;+0200;2250;+0200;0;AF_7385-AF_6246
NCE;1425;+0200;1945;+0200;0;AF_7727-AF_7708
NCE;0725;+0200;1250;+0200;0;AF_7381-AF_6234
NCE;0720;+0200;1250;+0200;0;AF_7721-AF_6234
NCE;1740;+0200;2320;+0200;0;AF_7385-AF_6242
NCE;1425;+0200;2010;+0200;0;AF_7727-AF_7708
NCE;1710;+0200;2255;+0200;0;AF_5864-AF_7829
NCE;0725;+0200;1320;+0200;0;AF_7381-AF_6212
NCE;1125;+0200;1720;+0200;0;AF_7725-AF_7706
NCE;1425;+0200;2020;+0200;0;AF_7727-AF_6238
NCE;0720;+0200;1320;+0200;0;AF_7721-AF_6212
NCE;1125;+0200;1725;+0200;0;AF_7725-AF_7706
NCE;0700;+0200;1310;+0200;0;AF_5771-AF_7893
NCE;1110;+0200;1720;+0200;0;AF_7383-AF_7706
NCE;1110;+0200;1725;+0200;0;AF_7383-AF_7706
NCE;0725;+0200;1350;+0200;0;AF_7381-AF_6244
NCE;1125;+0200;1750;+0200;0;AF_7725-AF_6222
NCE;0720;+0200;1350;+0200;0;AF_7721-AF_6244
NCE;1450;+0200;2125;+0200;0;AF_5769-AF_7896
NCE;1110;+0200;1750;+0200;0;AF_7383-AF_6222
NCE;1005;+0200;1650;+0200;0;AF_5366-AF_8231
NCE;1005;+0200;1650;+0200;0;KL_2048-KL_1267
NCE;1425;+0200;2120;+0200;0;AF_7727-AF_6230
NCE;0725;+0200;1430;+0200;0;AF_7381-AF_7714
NCE;0720;+0200;1430;+0200;0;AF_7721-AF_7714
NCE;1425;+0200;2140;+0200;0;AF_7727-AF_7712
NCE;0725;+0200;1450;+0200;0;AF_7381-AF_6216
NCE;1125;+0200;1850;+0200;0;AF_7725-AF_6226
NCE;0720;+0200;1450;+0200;0;AF_7721-AF_6216
NCE;1715;+0200;2105;+0200;0;AF_3265-AF_3215-AF_7834
NCE;0650;+0200;1045;+0200;0;AF_5858-AF_3212-AF_3256
NCE;0755;+0200;1220;+0200;0;AF_3202-AF_6259-AF_6210
NCE;0640;+0200;1110;+0200;0;AF_5761-AF_4718-AF_4755
NCE;0715;+0200;1150;+0200;0;AF_3259-AF_7431-AF_6208
NCE;0755;+0200;1250;+0200;0;AF_3202-AF_6259-AF_6234
NCE;1120;+0200;1620;+0200;0;AF_7861-AF_6121-AF_6218
NCE;0715;+0200;1220;+0200;0;AF_3259-AF_7431-AF_6210
NCE;1715;+0200;2220;+0200;0;AF_3265-AF_7439-AF_6232
NCE;0640;+0200;1150;+0200;0;AF_5657-AF_6153-AF_6208
NCE;0840;+0200;1350;+0200;0;AF_5860-AF_7417-AF_6244
NCE;1125;+0200;1635;+0200;0;AF_7725-AF_7644-AF_7839
NCE;1410;+0200;1920;+0200;0;AF_3206-AF_6267-AF_6236
NCE;0755;+0200;1320;+0200;0;AF_3202-AF_6281-AF_6212
NCE;0755;+0200;1320;+0200;0;AF_3202-AF_6259-AF_6212
NCE;0715;+0200;1250;+0200;0;AF_3259-AF_7431-AF_6234
NCE;1410;+0200;1945;+0200;0;AF_3206-AF_7629-AF_7708
NCE;1715;+0200;2250;+0200;0;AF_3265-AF_7439-AF_6246
NCE;1800;+0200;2335;+0200;0;AF_7731-AF_7770-AF_7899
NCE;0640;+0200;1220;+0200;0;AF_5657-AF_6153-AF_6210
NCE;0640;+0200;1220;+0200;0;AF_5657-AF_6111-AF_6210
NCE;1540;+0200;2120;+0200;0;AF_5651-AF_6157-AF_6230
NCE;1540;+0200;2120;+0200;0;AF_5651-AF_6135-AF_6230
NCE;1540;+0200;2120;+0200;0;AF_5651-AF_6137-AF_6230
NCE;1715;+0200;2255;+0200;0;AF_3265-AF_3215-AF_7829
NCE;0720;+0200;1310;+0200;0;AF_7721-AF_7760-AF_7893
NCE;0840;+0200;1430;+0200;0;AF_5860-AF_7641-AF_7714
NCE;1740;+0200;2330;+0200;0;AF_7385-AF_6144-AF_7881
NCE;1740;+0200;2330;+0200;0;AF_7385-AF_6162-AF_7881
NCE;1740;+0200;2330;+0200;0;AF_7385-AF_6148-AF_7881
NCE;0755;+0200;1350;+0200;0;AF_3202-AF_6259-AF_6244
NCE;0755;+0200;1350;+0200;0;AF_3202-AF_6281-AF_6244
NCE;1740;+0200;2335;+0200;0;AF_7385-AF_7312-AF_7899
NCE;1120;+0200;1720;+0200;0;AF_7861-AF_7785-AF_7706
NCE;1410;+0200;2010;+0200;0;AF_3206-AF_7629-AF_7708
NCE;0715;+0200;1320;+0200;0;AF_3259-AF_7431-AF_6212
NCE;1120;+0200;1725;+0200;0;AF_7861-AF_7785-AF_7706
NCE;1715;+0200;2320;+0200;0;AF_3265-AF_7439-AF_6242
NCE;0640;+0200;1250;+0200;0;AF_5657-AF_6111-AF_6234
NCE;0640;+0200;1250;+0200;0;AF_5657-AF_6153-AF_6234
NCE;0640;+0200;1250;+0200;0;AF_5657-AF_6115-AF_6234
NCE;0840;+0200;1450;+0200;0;AF_5860-AF_7417-AF_6216
NCE;1110;+0200;1720;+0200;0;AF_7383-AF_6276-AF_7874
NCE;1110;+0200;1720;+0200;0;AF_7383-AF_6260-AF_7874
NCE;1140;+0200;1750;+0200;0;AF_7691-AF_6029-AF_6222
NCE;1410;+0200;2020;+0200;0;AF_3206-AF_6269-AF_6238
NCE;1410;+0200;2020;+0200;0;AF_3206-AF_6267-AF_6238
NCE;1120;+0200;1750;+0200;0;AF_7861-AF_6121-AF_6222
NCE;1120;+0200;1750;+0200;0;AF_7861-AF_6123-AF_6222
NCE;0715;+0200;1350;+0200;0;AF_3259-AF_7435-AF_6244
NCE;0715;+0200;1350;+0200;0;AF_3259-AF_7431-AF_6244
NCE;0755;+0200;1430;+0200;0;AF_3202-AF_7625-AF_7714
NCE;0640;+0200;1320;+0200;0;AF_5657-AF_6109-AF_6212
NCE;0640;+0200;1320;+0200;0;AF_5657-AF_6153-AF_6212
NCE;0640;+0200;1320;+0200;0;AF_5657-AF_6111-AF_6212
NCE;0640;+0200;1320;+0200;0;AF_5657-AF_6115-AF_6212
NCE;0840;+0200;1520;+0200;0;AF_5860-AF_7417-AF_6228
NCE;1040;+0200;1720;+0200;0;AF_5767-AF_7665-AF_7706
NCE;1440;+0200;2120;+0200;0;AF_5763-AF_6043-AF_6230
NCE;1540;+0200;2220;+0200;0;AF_5651-AF_6141-AF_6232
NCE;1540;+0200;2220;+0200;0;AF_5651-AF_6139-AF_6232
NCE;1540;+0200;2220;+0200;0;AF_5651-AF_6135-AF_6232
NCE;1540;+0200;2220;+0200;0;AF_5651-AF_6137-AF_6232
NCE;1540;+0200;2220;+0200;0;AF_5651-AF_6157-AF_6232
NCE;1040;+0200;1725;+0200;0;AF_5767-AF_7665-AF_7706
NCE;1255;+0200;1945;+0200;0;AF_7611-AF_7667-AF_7708
NCE;0755;+0200;1450;+0200;0;AF_3202-AF_6281-AF_6216
NCE;0755;+0200;1450;+0200;0;AF_3202-AF_6261-AF_6216
NCE;0755;+0200;1450;+0200;0;AF_3202-AF_6259-AF_6216
NCE;0650;+0200;1350;+0200;0;AF_5858-AF_7417-AF_6244
NCE;1425;+0200;2125;+0200;0;AF_7727-AF_7766-AF_7896
NCE;1550;+0200;2250;+0200;0;AF_5208-AF_5027-AF_6246
NCE;1125;+0200;1830;+0200;0;AZ_3665-AZ_7301-AZ_354
NCE;1125;+0200;1830;+0200;0;AF_7725-AF_1904-AF_9885
NCE;1540;+0200;2245;+0200;0;AF_5651-AF_7789-AF_7712
NCE;0640;+0200;1350;+0200;0;AF_5657-AF_6115-AF_6244
NCE;0640;+0200;1350;+0200;0;AF_5657-AF_6153-AF_6244
NCE;0640;+0200;1350;+0200;0;AF_5657-AF_6113-AF_6244
NCE;0640;+0200;1350;+0200;0;AF_5657-AF_6109-AF_6244
NCE;0640;+0200;1350;+0200;0;AF_5761-AF_6019-AF_6244
NCE;0640;+0200;1350;+0200;0;AF_5657-AF_6111-AF_6244
NCE;1040;+0200;1750;+0200;0;AF_5767-AF_6029-AF_6222
NCE;1140;+0200;1850;+0200;0;AF_7691-AF_6029-AF_6226
NCE;1140;+0200;1850;+0200;0;AF_7691-AF_6033-AF_6226
NCE;1410;+0200;2120;+0200;0;AF_3206-AF_6269-AF_6230
NCE;1410;+0200;2120;+0200;0;AF_3206-AF_6267-AF_6230
NCE;1410;+0200;2120;+0200;0;AF_3206-AF_6271-AF_6230
NCE;1540;+0200;2250;+0200;0;AF_5651-AF_6137-AF_6246
NCE;1540;+0200;2250;+0200;0;AF_5651-AF_6135-AF_6246
NCE;1540;+0200;2250;+0200;0;AF_5651-AF_6141-AF_6246
NCE;1540;+0200;2250;+0200;0;AF_5651-AF_6143-AF_6246
NCE;1540;+0200;2250;+0200;0;AF_5651-AF_6139-AF_6246
NCE;1540;+0200;2250;+0200;0;AF_5651-AF_6147-AF_6246
NCE;1540;+0200;2250;+0200;0;AF_5651-AF_6157-AF_6246
NCE;0715;+0200;1430;+0200;0;AF_3259-AF_7431-AF_7714
NCE;1255;+0200;2010;+0200;0;AF_7611-AF_7667-AF_7708
NCE;1305;+0200;2020;+0200;0;AF_5862-AF_7415-AF_6238
NCE;0755;+0200;1520;+0200;0;AF_3202-AF_6281-AF_6228
NCE;0755;+0200;1520;+0200;0;AF_3202-AF_6261-AF_6228
NCE;0755;+0200;1520;+0200;0;AF_3202-AF_6259-AF_6228
NCE;1255;+0200;2020;+0200;0;AF_7611-AF_6037-AF_6238
NCE;1255;+0200;2020;+0200;0;AF_7611-AF_6039-AF_6238
NCE;1120;+0200;1850;+0200;0;AF_7861-AF_6123-AF_6226
NCE;1120;+0200;1850;+0200;0;AF_7861-AF_7785-AF_6226
NCE;1120;+0200;1850;+0200;0;AF_7861-AF_6167-AF_6226
NCE;1120;+0200;1850;+0200;0;AF_7861-AF_6121-AF_6226
NCE;1410;+0200;2140;+0200;0;AF_3206-AF_6267-AF_7712
NCE;1410;+0200;2140;+0200;0;AF_3206-AF_7637-AF_7712
NCE;1410;+0200;2140;+0200;0;AF_3206-AF_7629-AF_7712
NCE;1550;+0200;2320;+0200;0;AF_5208-AF_5027-AF_6242
ROM;0650;+0200;1015;+0200;0;AF_5858-AF_5823
ROM;1305;+0200;1650;+0200;0;AF_5862-AF_5821
ROM;1645;+0200;2100;+0200;0;VY_2973-VY_6114
ROM;0755;+0200;1215;+0200;0;AF_3202-AF_3128
ROM;1425;+0200;1845;+0200;0;AF_7727-AF_2204
ROM;1540;+0200;2000;+0200;0;AF_5651-AF_9890
ROM;1800;+0200;2220;+0200;0;AF_7731-AF_9842
ROM;1425;+0200;1850;+0200;0;AF_7727-AF_2204
ROM;0720;+0200;1150;+0200;0;AF_7721-AF_1504
ROM;0740;+0200;1220;+0200;0;AF_5333-AF_9884
ROM;1600;+0200;2040;+0200;0;AZ_7383-AZ_1023
ROM;1125;+0200;1610;+0200;0;AZ_3665-AZ_7301
ROM;1125;+0200;1610;+0200;0;AF_7725-AF_1904
ROM;0720;+0200;1215;+0200;0;AZ_3663-AZ_319
ROM;0720;+0200;1215;+0200;0;AF_7721-AF_9832
ROM;0655;+0200;1155;+0200;0;KL_2032-KL_1601
ROM;1150;+0200;1650;+0200;0;AZ_3675-AZ_7839
ROM;1005;+0200;1510;+0200;0;KL_2048-KL_3401
ROM;0640;+0200;1155;+0200;0;AF_5657-AF_4342
ROM;1425;+0200;1945;+0200;0;AF_7727-AF_9838
ROM;1425;+0200;1945;+0200;0;AZ_3667-AZ_325
ROM;0640;+0200;1215;+0200;0;AF_5657-AF_3248
ROM;1125;+0200;1730;+0200;0;AF_7725-AF_2104
ROM;1125;+0200;1730;+0200;0;AZ_3665-AZ_7307
ROM;1440;+0200;2045;+0200;0;AF_5763-AF_4330
ROM;1425;+0200;2040;+0200;0;AZ_3667-AZ_327
ROM;1425;+0200;2040;+0200;0;AF_7727-AF_9840
ROM;1005;+0200;1625;+0200;0;KL_2048-KL_1603
ROM;1110;+0200;1730;+0200;0;AF_7383-AF_2104
ROM;0735;+0200;1410;+0200;0;IB_8545-IB_3608
ROM;1600;+0200;2240;+0200;0;AZ_7383-AZ_2077
ROM;0725;+0200;1440;+0200;0;AF_7381-AF_9846
ROM;1425;+0200;2140;+0200;0;AZ_3667-AZ_7311
ROM;1425;+0200;2140;+0200;0;AF_7727-AF_2304
ROM;0720;+0200;1440;+0200;0;AZ_3663-AZ_333
ROM;0720;+0200;1440;+0200;0;AF_7721-AF_9846
ROM;1125;+0200;1845;+0200;0;AF_7725-AF_2204
ROM;1125;+0200;1845;+0200;0;AZ_3665-AZ_7305
ROM;1125;+0200;1850;+0200;0;AF_7725-AF_2204
ROM;1110;+0200;1845;+0200;0;AF_7383-AF_2204
ROM;1110;+0200;1850;+0200;0;AF_7383-AF_2204
ROM;1255;+0200;2045;+0200;0;AF_7611-AF_4330
ROM;1425;+0200;2220;+0200;0;AF_7727-AF_9842
ROM;1425;+0200;2220;+0200;0;AZ_3667-AZ_329
ROM;0850;+0200;1650;+0200;0;AZ_3673-AZ_7839
ROM;0735;+0200;1540;+0200;0;IB_8545-IB_3674
ROM;0840;+0200;1650;+0200;0;AF_5860-AF_5821
ROM;0655;+0200;1510;+0200;0;KL_2032-KL_3401
ROM;1125;+0200;1945;+0200;0;AF_7725-AF_9838
ROM;1125;+0200;1945;+0200;0;AZ_3665-AZ_325
ROM;1125;+0200;1650;+0200;0;AF_7725-AF_7644-AF_5821
ROM;0650;+0200;1220;+0200;0;AF_5858-AF_7830-AF_9884
ROM;0650;+0200;1220;+0200;0;AF_5858-AF_7833-AF_9884
ROM;0650;+0200;1230;+0200;0;AZ_3671-AZ_7829-AZ_1019
ROM;1410;+0200;2030;+0200;0;AF_3206-AF_7874-AF_9886
ROM;1410;+0200;2040;+0200;0;AF_3206-AF_7629-AF_9840
ROM;1425;+0200;2140;+0200;0;AZ_3667-AZ_7299-AZ_2121
ROM;0650;+0200;1410;+0200;0;AZ_3671-AZ_7829-AZ_2055
ROM;1305;+0200;2030;+0200;0;AF_5862-AF_7839-AF_9886
ROM;1410;+0200;2140;+0200;0;AF_3206-AF_7629-AF_2304
ROM;1125;+0200;1910;+0200;0;AZ_3665-AZ_7907-AZ_2097
ROM;1125;+0200;1915;+0200;0;AZ_3665-AZ_7823-AZ_1390
ROM;1125;+0200;1925;+0200;0;AZ_3665-AZ_7907-AZ_2099
ROM;1125;+0200;1925;+0200;0;AZ_3665-AZ_7377-AZ_1424
ROM;1410;+0200;2220;+0200;0;AF_3206-AF_6267-AF_9842
ROM;1410;+0200;2220;+0200;0;AF_3206-AF_7637-AF_9842
ROM;1410;+0200;2220;+0200;0;AF_3206-AF_7629-AF_9842
ROM;0755;+0200;1610;+0200;0;AF_3202-AF_6259-AF_1904
ROM;0755;+0200;1610;+0200;0;AF_3202-AF_7625-AF_1904
ROM;1125;+0200;1940;+0200;0;AZ_3665-AZ_7907-AZ_2067
ROM;1425;+0200;2240;+0200;0;AZ_3667-AZ_7299-AZ_2077
ROM;0650;+0200;1510;+0200;0;AZ_3671-AZ_7829-AZ_2049
ROM;1125;+0200;1955;+0200;0;AZ_3665-AZ_7907-AZ_2107
VCE;1810;+0200;2110;+0200;0;AF_5866-AF_5566
VCE;1750;+0200;2110;+0200;0;AZ_3679-AZ_7363
VCE;0650;+0200;1020;+0200;0;AF_5858-AF_5562
VCE;0650;+0200;1020;+0200;0;AZ_3671-AZ_7851
VCE;1305;+0200;1650;+0200;0;AF_5862-AF_5564
VCE;1710;+0200;2110;+0200;0;AF_5864-AF_5566
VCE;0720;+0200;1130;+0200;0;AF_7721-AF_1426
VCE;0655;+0200;1145;+0200;0;KL_2032-KL_1653
VCE;0755;+0200;1245;+0200;0;AF_7609-AF_4332
VCE;1150;+0200;1650;+0200;0;AZ_3675-AZ_7361
VCE;1800;+0200;2300;+0200;0;AZ_3669-AZ_7335
VCE;1800;+0200;2300;+0200;0;AF_7731-AF_2526
VCE;1425;+0200;1955;+0200;0;AZ_3667-AZ_7333
VCE;1425;+0200;1955;+0200;0;AF_7727-AF_2226
VCE;1125;+0200;1710;+0200;0;AF_7725-AF_2026
VCE;1125;+0200;1710;+0200;0;AZ_3665-AZ_7331
VCE;1110;+0200;1710;+0200;0;AF_7383-AF_2026
VCE;0640;+0200;1245;+0200;0;AF_5761-AF_4332
VCE;1005;+0200;1635;+0200;0;KL_2048-KL_1655
VCE;0725;+0200;1415;+0200;0;AF_7381-AF_1726
VCE;0720;+0200;1415;+0200;0;AZ_3663-AZ_7329
VCE;0720;+0200;1415;+0200;0;AF_7721-AF_1726
VCE;0850;+0200;1650;+0200;0;AZ_3673-AZ_7361
VCE;1305;+0200;2110;+0200;0;AF_5862-AF_5566
VCE;0840;+0200;1650;+0200;0;AF_5860-AF_5564
VCE;1125;+0200;1955;+0200;0;AZ_3665-AZ_7333
VCE;1125;+0200;1955;+0200;0;AF_7725-AF_2226
VCE;1425;+0200;2300;+0200;0;AF_7727-AF_2526
VCE;1425;+0200;2300;+0200;0;AZ_3667-AZ_7335
VCE;1110;+0200;1955;+0200;0;AF_7383-AF_2226
VCE;0915;+0200;1805;+0200;0;AF_7889-AF_4386
VCE;1150;+0200;2110;+0200;0;AZ_3675-AZ_7363
VCE;0655;+0200;1635;+0200;0;KL_2032-KL_1655
VCE;0725;+0200;1710;+0200;0;AF_7381-AF_2026
VCE;1715;+0200;2110;+0200;0;AF_3265-AF_3215-AF_5566
VCE;1125;+0200;1650;+0200;0;AF_7725-AF_7644-AF_5564
VCE;1410;+0200;1955;+0200;0;AF_3206-AF_7629-AF_2226
VCE;1120;+0200;1710;+0200;0;AF_7861-AF_7785-AF_2026
VCE;1600;+0200;2245;+0200;0;AZ_7383-AZ_1023-AZ_1473
VCE;1110;+0200;1805;+0200;0;AF_7383-AF_6228-AF_4386
VCE;1110;+0200;1805;+0200;0;AF_7383-AF_6216-AF_4386
VCE;1125;+0200;1820;+0200;0;AZ_3665-AZ_7301-AZ_1467
VCE;0720;+0200;1420;+0200;0;AZ_3663-AZ_319-AZ_1475
VCE;1255;+0200;1955;+0200;0;AF_7611-AF_7667-AF_2226
VCE;1540;+0200;2300;+0200;0;AF_5651-AF_7789-AF_2526
VCE;0650;+0200;1415;+0200;0;AF_5858-AF_7653-AF_1726
VCE;0640;+0200;1415;+0200;0;AF_5657-AF_6153-AF_1726
VCE;1425;+0200;2210;+0200;0;AZ_3667-AZ_325-AZ_1483
VCE;1425;+0200;2210;+0200;0;KL_2313-KL_2022-KL_1659
VCE;1425;+0200;2210;+0200;0;KL_2313-KL_2016-KL_1659
VCE;1140;+0200;1955;+0200;0;AF_7691-AF_7667-AF_2226
VCE;1425;+0200;2245;+0200;0;AZ_3667-AZ_327-AZ_1473
VCE;1425;+0200;2245;+0200;0;AZ_3667-AZ_325-AZ_1473
VCE;0840;+0200;1710;+0200;0;AF_5860-AF_7417-AF_2026
VCE;0840;+0200;1710;+0200;0;AF_5860-AF_7641-AF_2026
VCE;1120;+0200;1955;+0200;0;AF_7861-AF_7785-AF_2226
VCE;1120;+0200;1955;+0200;0;AF_7861-AF_6121-AF_2226
VCE;1120;+0200;1955;+0200;0;AF_7861-AF_6123-AF_2226
VCE;1410;+0200;2300;+0200;0;AF_3206-AF_6267-AF_2526
VCE;1410;+0200;2300;+0200;0;AF_3206-AF_7637-AF_2526
VCE;1410;+0200;2300;+0200;0;AF_3206-AF_6269-AF_2526
VCE;1410;+0200;2300;+0200;0;AF_3206-AF_7629-AF_2526
VCE;1150;+0200;2100;+0200;0;AZ_3675-AZ_7839-AZ_1481
VCE;0720;+0200;1635;+0200;0;KL_2309-KL_2012-KL_1655
VCE;0720;+0200;1635;+0200;0;KL_2309-KL_2008-KL_1655
VCE;0720;+0200;1635;+0200;0;KL_2309-KL_1230-KL_1655
VCE;0720;+0200;1635;+0200;0;KL_2309-KL_1228-KL_1655
VCE;0755;+0200;1710;+0200;0;AF_7609-AF_7663-AF_2026
VCE;0755;+0200;1710;+0200;0;AF_3202-AF_7625-AF_2026
VCE;0755;+0200;1710;+0200;0;AF_3202-AF_6259-AF_2026
VCE;0755;+0200;1710;+0200;0;AF_3202-AF_6281-AF_2026
VCE;0755;+0200;1710;+0200;0;AF_3202-AF_6261-AF_2026
VCE;1040;+0200;1955;+0200;0;AF_5767-AF_7667-AF_2226
VCE;1040;+0200;1955;+0200;0;AF_5767-AF_7665-AF_2226
VCE;0725;+0200;1650;+0200;0;AF_7381-AF_7414-AF_5564
VCE;0725;+0200;1650;+0200;0;AF_7381-AF_7644-AF_5564
VCE;0720;+0200;1650;+0200;0;AF_7721-AF_7652-AF_5564
VCE;0720;+0200;1650;+0200;0;AF_7721-AF_7414-AF_5564
VCE;0720;+0200;1650;+0200;0;AF_7721-AF_7644-AF_5564
VCE;0740;+0200;1710;+0200;0;AF_5333-AF_6209-AF_2026
VCE;0740;+0200;1710;+0200;0;AF_5333-AF_7701-AF_2026
VCE;0740;+0200;1710;+0200;0;AF_5333-AF_6207-AF_2026
VCE;1125;+0200;2100;+0200;0;AZ_3665-AZ_7307-AZ_1481
VCE;1125;+0200;2100;+0200;0;AZ_3665-AZ_7301-AZ_1481
VCE;1125;+0200;2100;+0200;0;AZ_3665-AZ_7305-AZ_1481
VCE;0720;+0200;1705;+0200;0;AZ_3663-AZ_319-AZ_1479
VCE;0720;+0200;1705;+0200;0;AZ_3663-AZ_333-AZ_1479
VCE;1125;+0200;2110;+0200;0;AF_7725-AF_7644-AF_5566
VCE;1125;+0200;2110;+0200;0;AF_7725-AF_7646-AF_5566
TLS;0640;+0200;0740;+0200;0;AF_5657
TLS;1120;+0200;1220;+0200;0;AF_7861
TLS;1540;+0200;1640;+0200;0;AF_5651
TLS;1850;+0200;1950;+0200;0;AF_5653
TLS;2235;+0200;2335;+0200;0;AF_7863
TLS;1710;+0200;1945;+0200;0;AF_5864-AF_7848
TLS;0650;+0200;0930;+0200;0;AF_5858-AF_7840
TLS;1810;+0200;2100;+0200;0;AF_5866-AF_7844
TLS;1640;+0200;1935;+0200;0;AF_3145-AF_5510
TLS;0700;+0200;1005;+0200;0;AF_5771-AF_5540
TLS;1125;+0200;1435;+0200;0;AF_7725-AF_7794
TLS;1305;+0200;1615;+0200;0;AF_5862-AF_7850
TLS;1110;+0200;1430;+0200;0;AF_7383-AF_6166
TLS;1740;+0200;2105;+0200;0;AF_7385-AF_6144
TLS;0720;+0200;1055;+0200;0;AF_7721-AF_7782
TLS;0725;+0200;1100;+0200;0;AF_7381-AF_6112
TLS;1110;+0200;1500;+0200;0;AF_7383-AF_6122
TLS;1600;+0200;1950;+0200;0;AZ_7383-AZ_7342
TLS;1710;+0200;2100;+0200;0;AF_5864-AF_7844
TLS;1740;+0200;2130;+0200;0;AF_7385-AF_6162
TLS;1720;+0200;2125;+0200;0;AF_7611-AF_7654
TLS;1805;+0200;2215;+0200;0;IB_8547-IB_8772
TLS;1320;+0200;1735;+0200;0;T3_7303-T3_7217
TLS;1110;+0200;1530;+0200;0;AF_7383-AF_6124
TLS;1740;+0200;2200;+0200;0;AF_7385-AF_6148
TLS;1720;+0200;2150;+0200;0;AF_7611-AF_5597
TLS;0725;+0200;1200;+0200;0;AF_7381-AF_6114
TLS;1800;+0200;2235;+0200;0;AF_7731-AF_7792
TLS;1855;+0200;2330;+0200;0;AF_5773-AF_7871
TLS;1110;+0200;1600;+0200;0;AF_7383-AF_6126
TLS;0655;+0200;1150;+0200;0;KL_2032-KL_1303
TLS;1255;+0200;1805;+0200;0;AF_7611-AF_5595
TLS;1110;+0200;1630;+0200;0;AF_7383-AF_6154
TLS;1125;+0200;1645;+0200;0;AF_7725-AF_6128
TLS;1425;+0200;1950;+0200;0;AF_7727-AF_7788
TLS;0725;+0200;1300;+0200;0;AF_7381-AF_6118
TLS;1110;+0200;1645;+0200;0;AF_7383-AF_6128
TLS;1425;+0200;2000;+0200;0;AF_7727-AF_6140
TLS;0720;+0200;1300;+0200;0;AF_7721-AF_6118
TLS;1125;+0200;1715;+0200;0;AF_7725-AF_7786
TLS;1125;+0200;1715;+0200;0;AF_7725-AF_6156
TLS;0840;+0200;1445;+0200;0;AF_3141-AF_5508
TLS;1110;+0200;1715;+0200;0;AF_7383-AF_6156
TLS;1110;+0200;1715;+0200;0;AF_7383-AF_7786
TLS;1125;+0200;1730;+0200;0;AF_7725-AF_6130
TLS;1425;+0200;2030;+0200;0;AF_7727-AF_6142
TLS;1305;+0200;1920;+0200;0;AF_5862-AF_7842
TLS;1005;+0200;1625;+0200;0;AF_5366-AF_8263
TLS;1005;+0200;1625;+0200;0;KL_2048-KL_1311
TLS;1110;+0200;1730;+0200;0;AF_7383-AF_6130
TLS;0655;+0200;1320;+0200;0;AF_5364-AF_8261
TLS;1140;+0200;1805;+0200;0;AF_7691-AF_5595
TLS;1125;+0200;1800;+0200;0;AF_7725-AF_6132
TLS;1305;+0200;1945;+0200;0;AF_5862-AF_7848
TLS;1425;+0200;2105;+0200;0;AF_7727-AF_6144
TLS;1440;+0200;2125;+0200;0;AF_5763-AF_7654
TLS;1110;+0200;1800;+0200;0;AF_7383-AF_6132
TLS;0725;+0200;1430;+0200;0;AF_7381-AF_6166
TLS;1125;+0200;1830;+0200;0;AF_7725-AF_6134
TLS;1425;+0200;2130;+0200;0;AF_7727-AF_6162
TLS;0720;+0200;1430;+0200;0;AF_7721-AF_6166
TLS;0725;+0200;1435;+0200;0;AF_7381-AF_7794
TLS;1440;+0200;2150;+0200;0;AF_5763-AF_5597
TLS;0720;+0200;1435;+0200;0;AF_7721-AF_7794
TLS;1715;+0200;2100;+0200;0;AF_3265-AF_3215-AF_7844
TLS;0755;+0200;1200;+0200;0;AF_3202-AF_6259-AF_6114
TLS;0715;+0200;1200;+0200;0;AF_3259-AF_7431-AF_6114
TLS;1125;+0200;1610;+0200;0;AF_7725-AF_5721-AF_5742
TLS;1715;+0200;2200;+0200;0;AF_3265-AF_7439-AF_6148
TLS;1125;+0200;1615;+0200;0;AF_7725-AF_7644-AF_7850
TLS;1410;+0200;1900;+0200;0;AF_3206-AF_6267-AF_6136
TLS;0700;+0200;1200;+0200;0;AF_5771-AF_7305-AF_6114
TLS;0755;+0200;1300;+0200;0;AF_3202-AF_6259-AF_6118
TLS;0755;+0200;1300;+0200;0;AF_3202-AF_6281-AF_6118
TLS;0640;+0200;1200;+0200;0;AF_3270-AF_7543-AF_6114
TLS;1410;+0200;1930;+0200;0;AF_3206-AF_6267-AF_6138
TLS;1410;+0200;1950;+0200;0;AF_3206-AF_7629-AF_7788
TLS;1450;+0200;2030;+0200;0;AF_5769-AF_7315-AF_6142
TLS;0715;+0200;1300;+0200;0;AF_3259-AF_7431-AF_6118
TLS;0915;+0200;1500;+0200;0;AF_7889-AF_6211-AF_6122
TLS;0840;+0200;1430;+0200;0;AF_5860-AF_7417-AF_6166
TLS;1140;+0200;1730;+0200;0;AF_7691-AF_6029-AF_6130
TLS;1410;+0200;2000;+0200;0;AF_3206-AF_6267-AF_6140
TLS;1410;+0200;2000;+0200;0;AF_3206-AF_6269-AF_6140
TLS;1740;+0200;2330;+0200;0;AF_7385-AF_7312-AF_7871
TLS;0840;+0200;1435;+0200;0;AF_5860-AF_7641-AF_7794
TLS;0700;+0200;1300;+0200;0;AF_5771-AF_7305-AF_6118
TLS;0915;+0200;1530;+0200;0;AF_7889-AF_6215-AF_6124
TLS;0915;+0200;1530;+0200;0;AF_7889-AF_6211-AF_6124
TLS;1450;+0200;2105;+0200;0;AF_5769-AF_7315-AF_6144
TLS;1450;+0200;2105;+0200;0;AF_3272-AF_7551-AF_6144
TLS;0640;+0200;1300;+0200;0;AF_3270-AF_7543-AF_6118
TLS;0840;+0200;1500;+0200;0;AF_5860-AF_7417-AF_6122
TLS;1140;+0200;1800;+0200;0;AF_7691-AF_6029-AF_6132
TLS;1410;+0200;2030;+0200;0;AF_3206-AF_6269-AF_6142
TLS;1410;+0200;2030;+0200;0;AF_3206-AF_6267-AF_6142
TLS;1440;+0200;2105;+0200;0;AF_5763-AF_6043-AF_6144
TLS;0755;+0200;1430;+0200;0;AF_3202-AF_6261-AF_6166
TLS;0755;+0200;1430;+0200;0;AF_3202-AF_6259-AF_6166
TLS;0755;+0200;1430;+0200;0;AF_3202-AF_6281-AF_6166
TLS;1040;+0200;1715;+0200;0;AF_5767-AF_7665-AF_7786
TLS;1255;+0200;1930;+0200;0;AF_7611-AF_6037-AF_6138
TLS;0755;+0200;1435;+0200;0;AF_3202-AF_6259-AF_7794
TLS;0755;+0200;1435;+0200;0;AF_3202-AF_7625-AF_7794
TLS;0755;+0200;1435;+0200;0;AF_7609-AF_7663-AF_7794
TLS;1450;+0200;2130;+0200;0;AF_5769-AF_7315-AF_6162
TLS;1450;+0200;2130;+0200;0;AF_3272-AF_7551-AF_6162
TLS;0915;+0200;1600;+0200;0;AF_7889-AF_6215-AF_6126
TLS;0915;+0200;1600;+0200;0;AF_7889-AF_6213-AF_6126
TLS;0915;+0200;1600;+0200;0;AF_7889-AF_6211-AF_6126
TLS;0740;+0200;1430;+0200;0;AF_5333-AF_6209-AF_6166
TLS;0740;+0200;1430;+0200;0;AF_5333-AF_6207-AF_6166
TLS;0840;+0200;1530;+0200;0;AF_5860-AF_7417-AF_6124
TLS;1040;+0200;1730;+0200;0;AF_5767-AF_6029-AF_6130
TLS;1140;+0200;1830;+0200;0;AF_7691-AF_6029-AF_6134
TLS;1140;+0200;1830;+0200;0;AF_7691-AF_6033-AF_6134
TLS;1440;+0200;2130;+0200;0;AF_5763-AF_6043-AF_6162
TLS;1440;+0200;2130;+0200;0;AF_5763-AF_6045-AF_6162
TLS;0740;+0200;1435;+0200;0;AF_5333-AF_7701-AF_7794
TLS;1255;+0200;1950;+0200;0;AF_7611-AF_7667-AF_7788
TLS;1305;+0200;2000;+0200;0;AF_5862-AF_7415-AF_6140
TLS;1410;+0200;2105;+0200;0;AF_3206-AF_6269-AF_6144
TLS;1410;+0200;2105;+0200;0;AF_3206-AF_6271-AF_6144
TLS;1410;+0200;2105;+0200;0;AF_3206-AF_6267-AF_6144
TLS;0755;+0200;1500;+0200;0;AF_3202-AF_6261-AF_6122
TLS;0755;+0200;1500;+0200;0;AF_3202-AF_6259-AF_6122
TLS;0755;+0200;1500;+0200;0;AF_3202-AF_6281-AF_6122
TLS;1140;+0200;1845;+0200;0;AF_7691-AF_6029-AF_6146
TLS;1140;+0200;1845;+0200;0;AF_7691-AF_6033-AF_6146
TLS;1255;+0200;2000;+0200;0;AF_7611-AF_6039-AF_6140
TLS;1255;+0200;2000;+0200;0;AF_7611-AF_6037-AF_6140
TLS;1005;+0200;1715;+0200;0;AF_5366-AF_1641-AF_7786
TLS;1005;+0200;1715;+0200;0;AF_5366-AF_8233-AF_7786
TLS;1450;+0200;2200;+0200;0;AF_5769-AF_7315-AF_6148
TLS;1450;+0200;2200;+0200;0;AF_3272-AF_7551-AF_6148
TLS;0715;+0200;1430;+0200;0;AF_3259-AF_7431-AF_6166
TLS;0715;+0200;1430;+0200;0;AF_3259-AF_7435-AF_6166
TLS;0915;+0200;1630;+0200;0;AF_7889-AF_6213-AF_6154
TLS;0915;+0200;1630;+0200;0;AF_7889-AF_6225-AF_6154
TLS;0915;+0200;1630;+0200;0;AF_7889-AF_6211-AF_6154
TLS;0915;+0200;1630;+0200;0;AF_7889-AF_6215-AF_6154
TLS;1410;+0200;2125;+0200;0;AF_3206-AF_5454-AF_7654
PAR;0720;+0200;0825;+0200;0;AF_7721
PAR;1125;+0200;1230;+0200;0;AF_7725
PAR;1425;+0200;1530;+0200;0;AF_7727
PAR;1800;+0200;1905;+0200;0;AF_7731
PAR;0725;+0200;0840;+0200;0;AF_7381
PAR;1110;+0200;1225;+0200;0;AF_7383
PAR;1740;+0200;1855;+0200;0;AF_7385
PAR;0908;+0200;1122;+0200;0;TX_5426
PAR;1408;+0200;1711;+0200;0;WY_4035
PAR;0605;+0200;0911;+0200;0;WY_4034
PAR;0755;+0200;1010;+0200;0;AF_3202-AF_6259
PAR;0715;+0200;0950;+0200;0;AF_3259-AF_7431
PAR;1120;+0200;1405;+0200;0;AF_7861-AF_6121
PAR;1850;+0200;2135;+0200;0;AF_5653-AF_6163
PAR;0640;+0200;0935;+0200;0;AF_5657-AF_6153
PAR;1540;+0200;1835;+0200;0;AF_5651-AF_6135
PAR;1715;+0200;2010;+0200;0;AF_3265-AF_7439
PAR;1410;+0200;1710;+0200;0;AF_3206-AF_6267
PAR;1120;+0200;1425;+0200;0;AF_7861-AF_7785
PAR;1540;+0200;1850;+0200;0;AF_5651-AF_6137
PAR;1900;+0200;2210;+0200;0;AF_3274-AF_7685
PAR;0700;+0200;1015;+0200;0;AF_5771-AF_7305
PAR;0840;+0200;1155;+0200;0;AF_5860-AF_7417
PAR;0840;+0200;1155;+0200;0;AF_5860-AF_7641
PAR;1850;+0200;2205;+0200;0;AF_5653-AF_6149
PAR;0755;+0200;1115;+0200;0;AF_3202-AF_6281
PAR;1410;+0200;1730;+0200;0;AF_3206-AF_7629
PAR;0640;+0200;1005;+0200;0;AF_5657-AF_6111
PAR;1830;+0200;2200;+0200;0;AF_5368-AF_2241
PAR;1830;+0200;2200;+0200;0;KL_2034-KL_2023
PAR;1850;+0200;2220;+0200;0;AF_5653-AF_7791
PAR;0640;+0200;1020;+0200;0;AF_3270-AF_7543
PAR;1005;+0200;1345;+0200;0;KL_2048-KL_1233
PAR;1005;+0200;1345;+0200;0;AF_5366-AF_8233
PAR;1540;+0200;1920;+0200;0;AF_5651-AF_6157
PAR;0650;+0200;1035;+0200;0;AF_5858-AF_7653
PAR;0915;+0200;1300;+0200;0;AF_7889-AF_6211
PAR;1120;+0200;1505;+0200;0;AF_7861-AF_6123
PAR;0655;+0200;1045;+0200;0;KL_2032-KL_2003
PAR;0655;+0200;1045;+0200;0;AF_5364-AF_1241
PAR;0740;+0200;1130;+0200;0;AF_5333-AF_6207
PAR;1540;+0200;1930;+0200;0;AF_5651-AF_7789
PAR;0640;+0200;1035;+0200;0;AF_5657-AF_6115
PAR;1450;+0200;1845;+0200;0;AF_5769-AF_7315
PAR;1540;+0200;1935;+0200;0;AF_5651-AF_6139
PAR;1410;+0200;1810;+0200;0;AF_3206-AF_6269
PAR;1810;+0200;2210;+0200;0;AF_5866-AF_7649
PAR;0755;+0200;1200;+0200;0;AF_3202-AF_7625
PAR;1140;+0200;1550;+0200;0;AF_7691-AF_6029
PAR;0755;+0200;1210;+0200;0;AF_3202-AF_6261
PAR;0915;+0200;1330;+0200;0;AF_7889-AF_6215
PAR;0740;+0200;1200;+0200;0;AF_5333-AF_6209
PAR;1040;+0200;1500;+0200;0;AF_5767-AF_7665
PAR;1450;+0200;1910;+0200;0;AF_3272-AF_7551
PAR;0640;+0200;1105;+0200;0;AF_5657-AF_6109
PAR;0755;+0200;1220;+0200;0;AF_7609-AF_7663
PAR;1255;+0200;1720;+0200;0;AF_7611-AF_7667
PAR;1540;+0200;2005;+0200;0;AF_5651-AF_6141
PAR;0740;+0200;1210;+0200;0;AF_5333-AF_7701
PAR;1720;+0200;2150;+0200;0;AF_7611-AF_6053
PAR;0715;+0200;1155;+0200;0;AF_3259-AF_7435
PAR;1440;+0200;1920;+0200;0;AF_5763-AF_6043
PAR;0700;+0200;1145;+0200;0;AF_5771-AF_7307
PAR;0915;+0200;1400;+0200;0;AF_7889-AF_6213
PAR;0650;+0200;1115;+0200;0;AF_5858-AF_5412-AF_5412-AF_7337
PAR;1305;+0200;1730;+0200;0;AF_5862-AF_7812-AF_7629
PAR;1710;+0200;2135;+0200;0;AF_5864-AF_7848-AF_6163
PAR;0650;+0200;1130;+0200;0;AF_5858-AF_7833-AF_6207
PAR;0650;+0200;1135;+0200;0;AF_5858-AF_7840-AF_6113
LIS;1410;+0200;1630;+0100;0;AF_3206-AF_5360
LIS;1125;+0200;1450;+0100;0;AF_7725-AF_1624
LIS;1800;+0200;2150;+0100;0;AF_7731-AF_2324
LIS;0735;+0200;1150;+0100;0;IB_8545-IB_3110
LIS;1830;+0200;2250;+0100;0;KL_2034-KL_1697
LIS;1005;+0200;1435;+0100;0;KL_2048-KL_1693
LIS;1805;+0200;2255;+0100;0;IB_8547-IB_3118
LIS;1125;+0200;1735;+0100;0;AF_7725-AF_1924
LIS;1110;+0200;1735;+0100;0;AF_7383-AF_1924
LIS;0725;+0200;1450;+0100;0;AF_7381-AF_1624
LIS;1425;+0200;2150;+0100;0;AF_7727-AF_2324
LIS;0720;+0200;1450;+0100;0;AF_7721-AF_1624
LIS;0655;+0200;1435;+0100;0;KL_2032-KL_1693
LIS;0735;+0200;1550;+0100;0;IB_8545-IB_3102
LIS;0755;+0200;1630;+0100;0;AF_3202-AF_5360
LIS;0700;+0200;1630;+0100;0;AF_5771-AF_5360-AF_5360
LIS;1110;+0200;1630;+0100;0;AF_7383-AF_6260-AF_5360
LIS;1110;+0200;1630;+0100;0;AF_7383-AF_6276-AF_5360
LIS;0840;+0200;1450;+0100;0;AF_5860-AF_7641-AF_1624
LIS;1540;+0200;2150;+0100;0;AF_5651-AF_7789-AF_2324
LIS;1120;+0200;1735;+0100;0;AF_7861-AF_7785-AF_1924
LIS;0755;+0200;1450;+0100;0;AF_3202-AF_6259-AF_1624
LIS;0755;+0200;1450;+0100;0;AF_3202-AF_7625-AF_1624
LIS;0755;+0200;1450;+0100;0;AF_7609-AF_7663-AF_1624
LIS;1040;+0200;1735;+0100;0;AF_5767-AF_7665-AF_1924
LIS;1410;+0200;2150;+0100;0;AF_3206-AF_7629-AF_2324
LIS;1410;+0200;2150;+0100;0;AF_3206-AF_6267-AF_2324
LIS;1410;+0200;2150;+0100;0;AF_3206-AF_7637-AF_2324
LIS;0650;+0200;1450;+0100;0;AF_5858-AF_7641-AF_1624
LIS;0650;+0200;1450;+0100;0;AF_5858-AF_7653-AF_1624
LIS;1200;+0200;2000;+0100;0;IB_8559-IB_2761-IB_3106
LIS;1200;+0200;2000;+0100;0;IB_8559-IB_2705-IB_3106
LIS;1200;+0200;2000;+0100;0;IB_8559-IB_2789-IB_3106
LIS;0640;+0200;1450;+0100;0;AF_5761-AF_7663-AF_1624
LIS;0640;+0200;1450;+0100;0;AF_5657-AF_6153-AF_1624
LIS;0640;+0200;1450;+0100;0;AF_5657-AF_7795-AF_1624
LIS;0640;+0200;1450;+0100;0;AF_5657-AF_6111-AF_1624
LIS;1140;+0200;2000;+0100;0;IB_8559-IB_2761-IB_3106
LIS;1140;+0200;2000;+0100;0;IB_8559-IB_2789-IB_3106
LIS;1140;+0200;2000;+0100;0;IB_8559-IB_2705-IB_3106
LIS;1305;+0200;2150;+0100;0;AF_5862-AF_7645-AF_2324
LIS;0840;+0200;1735;+0100;0;AF_5860-AF_7641-AF_1924
LIS;0840;+0200;1735;+0100;0;AF_5860-AF_7643-AF_1924
LIS;0840;+0200;1735;+0100;0;AF_5860-AF_7417-AF_1924
LIS;1255;+0200;2150;+0100;0;AF_7611-AF_7667-AF_2324
LIS;0725;+0200;1630;+0100;0;AF_7381-AF_6260-AF_5360
LIS;0725;+0200;1630;+0100;0;AF_7381-AF_6258-AF_5360
LIS;0725;+0200;1630;+0100;0;AF_7381-AF_6276-AF_5360
LIS;0725;+0200;1630;+0100;0;AF_7381-AF_6256-AF_5360
LIS;0725;+0200;1630;+0100;0;AF_7381-AF_7624-AF_5360
LIS;0720;+0200;1630;+0100;0;AF_7721-AF_6276-AF_5360
LIS;0720;+0200;1630;+0100;0;AF_7721-AF_7622-AF_5360
LIS;0720;+0200;1630;+0100;0;AF_7721-AF_6260-AF_5360
LIS;0720;+0200;1630;+0100;0;AF_7721-AF_7624-AF_5360
GVA;1800;+0200;2145;+0200;0;AF_7731-AF_1242
GVA;0720;+0200;1110;+0200;0;AF_7721-AF_1842
GVA;0720;+0200;1115;+0200;0;AF_7721-AF_1842
GVA;0655;+0200;1100;+0200;0;KL_2032-KL_1927
GVA;0640;+0200;1105;+0200;0;AF_5657-AF_4358
GVA;1125;+0200;1610;+0200;0;AF_7725-AF_2342
GVA;1425;+0200;1940;+0200;0;AF_7727-AF_1042
GVA;0725;+0200;1310;+0200;0;AF_7381-AF_2042
GVA;1125;+0200;1710;+0200;0;AF_7725-AF_2442
GVA;0720;+0200;1310;+0200;0;AF_7721-AF_2042
GVA;1125;+0200;1715;+0200;0;AF_7725-AF_2442
GVA;1110;+0200;1710;+0200;0;AF_7383-AF_2442
GVA;1110;+0200;1715;+0200;0;AF_7383-AF_2442
GVA;1005;+0200;1620;+0200;0;KL_2048-KL_1931
GVA;0655;+0200;1330;+0200;0;KL_2032-KL_1929
GVA;0725;+0200;1410;+0200;0;AF_7381-AF_2142
GVA;0720;+0200;1410;+0200;0;AF_7721-AF_2142
GVA;0735;+0200;1440;+0200;0;IB_8545-IB_3490
GVA;1425;+0200;2145;+0200;0;AF_7727-AF_1242
GVA;1125;+0200;1940;+0200;0;AF_7725-AF_1042
GVA;0840;+0200;1410;+0200;0;AF_5860-AF_7641-AF_2142
GVA;1410;+0200;1940;+0200;0;AF_3206-AF_7629-AF_1042
GVA;1120;+0200;1710;+0200;0;AF_7861-AF_7785-AF_2442
GVA;1120;+0200;1715;+0200;0;AF_7861-AF_7785-AF_2442
GVA;1005;+0200;1610;+0200;0;AF_5366-AF_8233-AF_2342
GVA;1540;+0200;2145;+0200;0;AF_5651-AF_7789-AF_1242
GVA;0720;+0200;1330;+0200;0;KL_2309-KL_1228-KL_1929
GVA;0655;+0200;1310;+0200;0;AF_5364-AF_1241-AF_2042
GVA;0755;+0200;1410;+0200;0;AF_3202-AF_7625-AF_2142
GVA;0650;+0200;1310;+0200;0;AF_5858-AF_7653-AF_2042
GVA;0740;+0200;1410;+0200;0;AF_5333-AF_7701-AF_2142
GVA;1040;+0200;1710;+0200;0;AF_5767-AF_7665-AF_2442
GVA;1040;+0200;1715;+0200;0;AF_5767-AF_7665-AF_2442
GVA;1255;+0200;1940;+0200;0;AF_7611-AF_7667-AF_1042
GVA;0715;+0200;1410;+0200;0;AF_3259-AF_7431-AF_2142
GVA;1005;+0200;1710;+0200;0;AF_5366-AF_1641-AF_2442
GVA;1005;+0200;1710;+0200;0;AF_5366-AF_8233-AF_2442
GVA;1005;+0200;1715;+0200;0;AF_5366-AF_8233-AF_2442
GVA;1005;+0200;1715;+0200;0;AF_5366-AF_1641-AF_2442
GVA;1125;+0200;1835;+0200;0;KL_2311-KL_1234-KL_1933
GVA;0655;+0200;1410;+0200;0;AF_5364-AF_1341-AF_2142
GVA;0655;+0200;1410;+0200;0;AF_5364-AF_1241-AF_2142
GVA;0650;+0200;1410;+0200;0;AF_5858-AF_7641-AF_2142
GVA;0650;+0200;1410;+0200;0;AF_5858-AF_7653-AF_2142
GVA;1425;+0200;2145;+0200;0;KL_2313-KL_2016-KL_1937
GVA;1425;+0200;2145;+0200;0;KL_2313-KL_2022-KL_1937
GVA;0640;+0200;1410;+0200;0;AF_5657-AF_6153-AF_2142
GVA;0640;+0200;1410;+0200;0;AF_3270-AF_7689-AF_2142
GVA;0840;+0200;1610;+0200;0;AF_5860-AF_7641-AF_2342
GVA;0840;+0200;1610;+0200;0;AF_5860-AF_7417-AF_2342
GVA;1410;+0200;2145;+0200;0;AF_3206-AF_6267-AF_1242
GVA;1410;+0200;2145;+0200;0;AF_3206-AF_7629-AF_1242
GVA;1410;+0200;2145;+0200;0;AF_3206-AF_7637-AF_1242
GVA;0915;+0200;1710;+0200;0;AF_7889-AF_7703-AF_2442
GVA;0915;+0200;1710;+0200;0;AF_7889-AF_6211-AF_2442
GVA;0915;+0200;1715;+0200;0;AF_7889-AF_7703-AF_2442
GVA;0915;+0200;1715;+0200;0;AF_7889-AF_6211-AF_2442
GVA;1140;+0200;1940;+0200;0;AF_7691-AF_7667-AF_1042
GVA;0755;+0200;1610;+0200;0;AF_3202-AF_6259-AF_2342
GVA;0755;+0200;1610;+0200;0;AF_3202-AF_7625-AF_2342
GVA;0755;+0200;1610;+0200;0;AF_3202-AF_6281-AF_2342
GVA;0755;+0200;1610;+0200;0;AF_7609-AF_7663-AF_2342
DUB;1830;+0200;2120;+0100;0;KL_2034-KL_3161
DUB;1550;+0200;1850;+0100;0;AF_5208-AF_5119
DUB;0655;+0200;1010;+0100;0;KL_2032-KL_3153
DUB;1005;+0200;1340;+0100;0;KL_2048-KL_3155
DUB;0720;+0200;1115;+0100;0;AF_7721-AF_5004
DUB;1800;+0200;2215;+0100;0;AF_7731-AF_5008
DUB;1550;+0200;2040;+0100;0;AF_5208-AF_5121
DUB;1125;+0200;1645;+0100;0;AF_7725-AF_5014
DUB;1425;+0200;1945;+0100;0;AF_7727-AF_5010
DUB;1005;+0200;1540;+0100;0;KL_2048-KL_3157
DUB;1110;+0200;1645;+0100;0;AF_7383-AF_5014
DUB;1100;+0200;1640;+0100;0;AF_5206-AF_5125
DUB;0735;+0200;1350;+0100;0;IB_8545-IB_8070
DUB;0725;+0200;1400;+0100;0;AF_7381-AF_5006
DUB;0720;+0200;1400;+0100;0;AF_7721-AF_5006
DUB;0655;+0200;1340;+0100;0;KL_2032-KL_3155
DUB;1005;+0200;1735;+0100;0;KL_2048-KL_3159
DUB;1100;+0200;1850;+0100;0;AF_5206-AF_5119
DUB;1425;+0200;2215;+0100;0;AF_7727-AF_5008
DUB;1125;+0200;1945;+0100;0;AF_7725-AF_5010
DUB;1110;+0200;1945;+0100;0;AF_7383-AF_5010
DUB;0655;+0200;1540;+0100;0;KL_2032-KL_3157
DUB;0725;+0200;1645;+0100;0;AF_7381-AF_5014
DUB;0720;+0200;1645;+0100;0;AF_7721-AF_5014
DUB;1100;+0200;2040;+0100;0;AF_5206-AF_5121
DUB;0655;+0200;1735;+0100;0;KL_2032-KL_3159
DUB;1125;+0200;2215;+0100;0;AF_7725-AF_5008
DUB;0840;+0200;1400;+0100;0;AF_5860-AF_7641-AF_5006
DUB;1120;+0200;1645;+0100;0;AF_7861-AF_7785-AF_5014
DUB;1410;+0200;1945;+0100;0;AF_3206-AF_7629-AF_5010
DUB;0755;+0200;1400;+0100;0;AF_3202-AF_7625-AF_5006
DUB;1125;+0200;1735;+0100;0;KL_2311-KL_1234-KL_3159
DUB;0720;+0200;1340;+0100;0;KL_2309-KL_1228-KL_3155
DUB;0720;+0200;1340;+0100;0;KL_2309-KL_1230-KL_3155
DUB;1540;+0200;2215;+0100;0;AF_5651-AF_7789-AF_5008
DUB;1255;+0200;1945;+0100;0;AF_7611-AF_7667-AF_5010
DUB;1425;+0200;2120;+0100;0;KL_2313-KL_2022-KL_3161
DUB;1425;+0200;2120;+0100;0;KL_2313-KL_2016-KL_3161
DUB;0650;+0200;1400;+0100;0;AF_5858-AF_7641-AF_5006
DUB;0650;+0200;1400;+0100;0;AF_5858-AF_7653-AF_5006
DUB;0640;+0200;1400;+0100;0;AF_5657-AF_6153-AF_5006
DUB;1125;+0200;1850;+0100;0;AF_7725-AF_2280-AF_5119
DUB;0840;+0200;1645;+0100;0;AF_5860-AF_7641-AF_5014
DUB;0840;+0200;1645;+0100;0;AF_5860-AF_7417-AF_5014
DUB;1140;+0200;1945;+0100;0;AF_7691-AF_7667-AF_5010
DUB;1410;+0200;2215;+0100;0;AF_3206-AF_7637-AF_5008
DUB;1410;+0200;2215;+0100;0;AF_3206-AF_7629-AF_5008
DUB;1410;+0200;2215;+0100;0;AF_3206-AF_6267-AF_5008
DUB;1410;+0200;2215;+0100;0;AF_3206-AF_6269-AF_5008
DUB;0720;+0200;1540;+0100;0;KL_2309-KL_2012-KL_3157
DUB;0720;+0200;1540;+0100;0;KL_2309-KL_2008-KL_3157
DUB;0720;+0200;1540;+0100;0;KL_2309-KL_1228-KL_3157
DUB;0720;+0200;1540;+0100;0;KL_2309-KL_1230-KL_3157
DUB;1120;+0200;1945;+0100;0;AF_7861-AF_7787-AF_5010
DUB;1120;+0200;1945;+0100;0;AF_7861-AF_6123-AF_5010
DUB;1120;+0200;1945;+0100;0;AF_7861-AF_6121-AF_5010
DUB;1120;+0200;1945;+0100;0;AF_7861-AF_7785-AF_5010
DUB;1005;+0200;1850;+0100;0;AF_5366-AF_5192-AF_5119
DUB;0755;+0200;1645;+0100;0;AF_3202-AF_6261-AF_5014
DUB;0755;+0200;1645;+0100;0;AF_3202-AF_7625-AF_5014
DUB;0755;+0200;1645;+0100;0;AF_3202-AF_6259-AF_5014
DUB;0755;+0200;1645;+0100;0;AF_7609-AF_7663-AF_5014
DUB;0755;+0200;1645;+0100;0;AF_3202-AF_7627-AF_5014
DUB;0755;+0200;1645;+0100;0;AF_3202-AF_6281-AF_5014
DUB;1040;+0200;1945;+0100;0;AF_5767-AF_7665-AF_5010
DUB;1040;+0200;1945;+0100;0;AF_5767-AF_7667-AF_5010
DUB;1305;+0200;2215;+0100;0;AF_5862-AF_7415-AF_5008
DUB;1305;+0200;2215;+0100;0;AF_5862-AF_7645-AF_5008
DUB;0725;+0200;1640;+0100;0;AF_7381-AF_5022-AF_5125
DUB;1125;+0200;2040;+0100;0;AF_7725-AF_5024-AF_5121
DUB;1125;+0200;2040;+0100;0;AF_7725-AF_2280-AF_5121
DUB;1125;+0200;2040;+0100;0;AF_7725-AF_5026-AF_5121
DUB;0720;+0200;1640;+0100;0;AF_7721-AF_5022-AF_5125
DUB;0720;+0200;1640;+0100;0;AF_7721-AF_1980-AF_5125
DUB;1255;+0200;2215;+0100;0;AF_7611-AF_7667-AF_5008
DUB;1255;+0200;2215;+0100;0;AF_7611-AF_6037-AF_5008
DUB;1110;+0200;2040;+0100;0;AF_7383-AF_5026-AF_5121
DUB;1110;+0200;2040;+0100;0;AF_7383-AF_5024-AF_5121
DUB;0655;+0200;1640;+0100;0;AF_5364-AF_5186-AF_5125
DUB;0650;+0200;1645;+0100;0;AF_5858-AF_7653-AF_5014
DUB;0650;+0200;1645;+0100;0;AF_5858-AF_7641-AF_5014
DUB;0650;+0200;1645;+0100;0;AF_5858-AF_7417-AF_5014
DUB;1125;+0200;2120;+0100;0;KL_2311-KL_2022-KL_3161
DUB;1125;+0200;2120;+0100;0;KL_2311-KL_1234-KL_3161
DUB;1125;+0200;2120;+0100;0;KL_2311-KL_2016-KL_3161
DUB;0640;+0200;1645;+0100;0;AF_5657-AF_6115-AF_5014
DUB;0640;+0200;1645;+0100;0;AF_5657-AF_6109-AF_5014
DUB;0640;+0200;1645;+0100;0;AF_5761-AF_7663-AF_5014
DUB;0640;+0200;1645;+0100;0;AF_5657-AF_7785-AF_5014
DUB;0640;+0200;1645;+0100;0;AF_5761-AF_6019-AF_5014
DUB;0640;+0200;1645;+0100;0;AF_5657-AF_6117-AF_5014
DUB;0640;+0200;1645;+0100;0;AF_5657-AF_6111-AF_5014
DUB;0640;+0200;1645;+0100;0;AF_5657-AF_7795-AF_5014
DUB;0640;+0200;1645;+0100;0;AF_5657-AF_6153-AF_5014
DUB;0640;+0200;1645;+0100;0;AF_5657-AF_6113-AF_5014
DUB;0720;+0200;1735;+0100;0;KL_2309-KL_2012-KL_3159
DUB;0720;+0200;1735;+0100;0;KL_2309-KL_1234-KL_3159
DUB;0720;+0200;1735;+0100;0;KL_2309-KL_1230-KL_3159
DUB;0720;+0200;1735;+0100;0;KL_2309-KL_2008-KL_3159
DUB;0720;+0200;1735;+0100;0;KL_2309-KL_1228-KL_3159
DUB;1005;+0200;2040;+0100;0;AF_5366-AF_5192-AF_5121
DUB;1005;+0200;2040;+0100;0;AF_5366-AF_5194-AF_5121
DUB;1140;+0200;2215;+0100;0;AF_7691-AF_7667-AF_5008
DUB;1140;+0200;2215;+0100;0;AF_7691-AF_6033-AF_5008
DUB;1140;+0200;2215;+0100;0;AF_7691-AF_6037-AF_5008
DUB;1140;+0200;2215;+0100;0;AF_7691-AF_6029-AF_5008
DUB;1120;+0200;2215;+0100;0;AF_7861-AF_6131-AF_5008
DUB;1120;+0200;2215;+0100;0;AF_7861-AF_6121-AF_5008
DUB;1120;+0200;2215;+0100;0;AF_7861-AF_6129-AF_5008
DUB;1120;+0200;2215;+0100;0;AF_7861-AF_6133-AF_5008
DUB;1120;+0200;2215;+0100;0;AF_7861-AF_6167-AF_5008
DUB;1120;+0200;2215;+0100;0;AF_7861-AF_7789-AF_5008
DUB;1120;+0200;2215;+0100;0;AF_7861-AF_7785-AF_5008
DUB;1120;+0200;2215;+0100;0;AF_7861-AF_7787-AF_5008
DUB;1120;+0200;2215;+0100;0;AF_7861-AF_6123-AF_5008
AMS;0655;+0200;0825;+0200;0;AF_5364
AMS;0655;+0200;0825;+0200;0;KL_2032
AMS;1005;+0200;1135;+0200;0;AF_5366
AMS;1005;+0200;1135;+0200;0;KL_2048
AMS;1830;+0200;2000;+0200;0;KL_2034
AMS;1830;+0200;2000;+0200;0;AF_5368
AMS;1425;+0200;1735;+0200;0;KL_2313-KL_2016
AMS;1425;+0200;1735;+0200;0;AF_7727-AF_2040
AMS;0720;+0200;1100;+0200;0;KL_2309-KL_1228
AMS;0720;+0200;1100;+0200;0;AF_7721-AF_8228
AMS;1800;+0200;2140;+0200;0;KL_2315-KL_1246
AMS;1800;+0200;2140;+0200;0;AF_7731-AF_8242
AMS;0700;+0200;1115;+0200;0;AF_5771-AF_5484
AMS;1550;+0200;2005;+0200;0;AF_5208-AF_5195
AMS;0720;+0200;1140;+0200;0;KL_2309-KL_1230
AMS;0720;+0200;1140;+0200;0;AF_7721-AF_8230
AMS;0915;+0200;1340;+0200;0;AF_7889-AF_8442
AMS;1410;+0200;1835;+0200;0;AF_3206-AF_8340
AMS;1125;+0200;1555;+0200;0;AF_7725-AF_8234
AMS;1125;+0200;1555;+0200;0;KL_2311-KL_1234
AMS;1120;+0200;1555;+0200;0;AF_7861-AF_8262
AMS;1450;+0200;1935;+0200;0;AF_5769-AF_5486
AMS;0840;+0200;1335;+0200;0;AF_5860-AF_1256
AMS;1440;+0200;1945;+0200;0;AF_5763-AF_8282
AMS;1425;+0200;1940;+0200;0;AF_7727-AF_2240
AMS;1425;+0200;1940;+0200;0;KL_2313-KL_2022
AMS;1550;+0200;2105;+0200;0;AF_5208-AF_5197
AMS;0915;+0200;1440;+0200;0;AF_7889-AF_8272
AMS;0725;+0200;1255;+0200;0;AF_7381-AF_1640
AMS;0720;+0200;1255;+0200;0;KL_2309-KL_2008
AMS;0720;+0200;1255;+0200;0;AF_7721-AF_1640
AMS;1425;+0200;2020;+0200;0;AF_7727-AF_8240
AMS;1425;+0200;2020;+0200;0;KL_2313-KL_1244
AMS;0740;+0200;1340;+0200;0;AF_5333-AF_8442
AMS;1125;+0200;1735;+0200;0;AF_7725-AF_2040
AMS;1125;+0200;1735;+0200;0;KL_2311-KL_2016
AMS;1550;+0200;2205;+0200;0;AF_5208-AF_5199
AMS;1110;+0200;1735;+0200;0;AF_7383-AF_2040
AMS;1305;+0200;1930;+0200;0;AF_5862-AF_1356
AMS;0755;+0200;1425;+0200;0;AF_3202-AF_8302
AMS;0725;+0200;1400;+0200;0;AF_7381-AF_1740
AMS;0720;+0200;1400;+0200;0;KL_2309-KL_2012
AMS;0720;+0200;1400;+0200;0;AF_7721-AF_1740
AMS;0650;+0200;1335;+0200;0;AF_5858-AF_1256
AMS;1255;+0200;1945;+0200;0;AF_7611-AF_8282
AMS;0740;+0200;1440;+0200;0;AF_5333-AF_8272
AMS;0735;+0200;1440;+0200;0;IB_8545-IB_3246
AMS;0755;+0200;1510;+0200;0;AF_7609-AF_8280
AMS;1425;+0200;2140;+0200;0;KL_2313-KL_1246
AMS;1425;+0200;2140;+0200;0;AF_7727-AF_8242
AMS;1100;+0200;1820;+0200;0;AF_5206-AF_5193
AMS;1440;+0200;2210;+0200;0;AF_5763-AF_8288
AMS;1425;+0200;1935;+0200;0;AF_7727-AF_7766-AF_5486
AMS;0840;+0200;1400;+0200;0;AF_5860-AF_7641-AF_1740
AMS;1410;+0200;1940;+0200;0;AF_3206-AF_7629-AF_2240
AMS;1540;+0200;2140;+0200;0;AF_5651-AF_7789-AF_8242
AMS;0650;+0200;1255;+0200;0;AF_5858-AF_7653-AF_1640
AMS;0755;+0200;1400;+0200;0;AF_3202-AF_7625-AF_1740
AMS;1410;+0200;2020;+0200;0;AF_3206-AF_7629-AF_8240
AMS;0720;+0200;1335;+0200;0;AF_7721-AF_3284-AF_8420
AMS;0720;+0200;1335;+0200;0;AF_7721-AF_7652-AF_1256
AMS;1120;+0200;1735;+0200;0;AF_7861-AF_7785-AF_2040
AMS;1255;+0200;1940;+0200;0;AF_7611-AF_7667-AF_2240
AMS;1040;+0200;1735;+0200;0;AF_5767-AF_7665-AF_2040
AMS;0725;+0200;1425;+0200;0;AF_7381-AF_6258-AF_8302
AMS;0725;+0200;1425;+0200;0;AF_7381-AF_6256-AF_8302
AMS;0720;+0200;1425;+0200;0;AF_7721-AF_7622-AF_8302
AMS;0650;+0200;1400;+0200;0;AF_5858-AF_7653-AF_1740
AMS;0650;+0200;1400;+0200;0;AF_5858-AF_7641-AF_1740
AMS;0725;+0200;1440;+0200;0;AF_7381-AF_6200-AF_8272
AMS;0725;+0200;1440;+0200;0;AF_7381-AF_6206-AF_8272
AMS;0840;+0200;1555;+0200;0;AF_5860-AF_7641-AF_8234
AMS;1305;+0200;2020;+0200;0;AF_5862-AF_7645-AF_8240
AMS;0640;+0200;1400;+0200;0;AF_5657-AF_6153-AF_1740
AMS;0720;+0200;1440;+0200;0;AF_7721-AF_7702-AF_8272
AMS;1110;+0200;1835;+0200;0;AF_7383-AF_6276-AF_8340
AMS;1110;+0200;1835;+0200;0;AF_7383-AF_6262-AF_8340
AMS;1110;+0200;1835;+0200;0;AF_7383-AF_6260-AF_8340
AMS;1255;+0200;2020;+0200;0;AF_7611-AF_7667-AF_8240
AMS;1410;+0200;2140;+0200;0;AF_3206-AF_7637-AF_8242
AMS;1410;+0200;2140;+0200;0;AF_3206-AF_7629-AF_8242
AMS;1410;+0200;2140;+0200;0;AF_3206-AF_6267-AF_8242
AMS;1125;+0200;1910;+0200;0;AF_7725-AF_7794-AF_8264
SXB;0700;+0200;0820;+0200;0;AF_5771
SXB;1450;+0200;1610;+0200;0;AF_5769
SXB;1855;+0200;2015;+0200;0;AF_5773
SXB;0755;+0200;1030;+0200;0;AF_3202-AF_5473
SXB;0650;+0200;0930;+0200;0;AF_5858-AF_5784
SXB;1810;+0200;2100;+0200;0;AF_5866-AF_5782
SXB;1740;+0200;2050;+0200;0;AF_7385-AF_7312
SXB;0720;+0200;1040;+0200;0;AF_7721-AF_7760
SXB;0740;+0200;1115;+0200;0;AF_5333-AF_7892
SXB;1425;+0200;1800;+0200;0;AF_7727-AF_7766
SXB;0655;+0200;1035;+0200;0;AF_5364-AF_5483
SXB;0655;+0200;1035;+0200;0;KL_2032-KL_2043
SXB;1305;+0200;1650;+0200;0;AF_5862-AF_5780
SXB;1410;+0200;1755;+0200;0;AF_3206-AF_5477
SXB;1710;+0200;2100;+0200;0;AF_5864-AF_5782
SXB;1800;+0200;2155;+0200;0;AF_7731-AF_7770
SXB;0915;+0200;1325;+0200;0;AF_7889-AF_7895
SXB;1720;+0200;2150;+0200;0;AF_7611-AF_5469
SXB;1640;+0200;2120;+0200;0;AF_3145-AF_5357
SXB;1255;+0200;1745;+0200;0;AF_7611-AF_5467
SXB;1125;+0200;1655;+0200;0;AF_7725-AF_7308
SXB;0740;+0200;1325;+0200;0;AF_5333-AF_7895
SXB;1110;+0200;1655;+0200;0;AF_7383-AF_7308
SXB;1540;+0200;2130;+0200;0;AF_5651-AF_7870
SXB;1140;+0200;1745;+0200;0;AF_7691-AF_5467
SXB;0725;+0200;1350;+0200;0;AF_7381-AF_7306
SXB;1425;+0200;2050;+0200;0;AF_7727-AF_7312
SXB;0720;+0200;1350;+0200;0;AF_7721-AF_7306
SXB;1125;+0200;1800;+0200;0;AF_7725-AF_7766
SXB;0725;+0200;1410;+0200;0;AF_7381-AF_7762
SXB;0720;+0200;1410;+0200;0;AF_7721-AF_7762
SXB;1110;+0200;1800;+0200;0;AF_7383-AF_7766
SXB;1040;+0200;1745;+0200;0;AF_5767-AF_5467
SXB;1440;+0200;2150;+0200;0;AF_5763-AF_5469
SXB;0840;+0200;1555;+0200;0;AF_3141-AF_5355
SXB;1125;+0200;1850;+0200;0;AF_7725-AF_7310
SXB;1425;+0200;2155;+0200;0;AF_7727-AF_7770
SXB;1005;+0200;1740;+0200;0;AF_5366-AF_5485
SXB;1005;+0200;1740;+0200;0;KL_2048-KL_2045
SXB;1110;+0200;1850;+0200;0;AF_7383-AF_7310
SXB;1410;+0200;2150;+0200;0;AF_3206-AF_5361
SXB;1305;+0200;2100;+0200;0;AF_5862-AF_5782
SXB;1715;+0200;2100;+0200;0;AF_3265-AF_3215-AF_5782
SXB;1410;+0200;1850;+0200;0;AF_3206-AF_6267-AF_7310
SXB;0840;+0200;1350;+0200;0;AF_5860-AF_7417-AF_7306
SXB;1540;+0200;2050;+0200;0;AF_5651-AF_6137-AF_7312
SXB;1540;+0200;2050;+0200;0;AF_5651-AF_6135-AF_7312
SXB;1540;+0200;2050;+0200;0;AF_5651-AF_6157-AF_7312
SXB;1125;+0200;1650;+0200;0;AF_7725-AF_7644-AF_5780
SXB;0840;+0200;1410;+0200;0;AF_5860-AF_7641-AF_7762
SXB;1120;+0200;1655;+0200;0;AF_7861-AF_6123-AF_7308
SXB;1120;+0200;1655;+0200;0;AF_7861-AF_6121-AF_7308
SXB;0755;+0200;1350;+0200;0;AF_3202-AF_6259-AF_7306
SXB;0755;+0200;1350;+0200;0;AF_3202-AF_6261-AF_7306
SXB;0755;+0200;1350;+0200;0;AF_3202-AF_6281-AF_7306
SXB;0725;+0200;1325;+0200;0;AF_7381-AF_6206-AF_7895
SXB;0725;+0200;1325;+0200;0;AF_7381-AF_6200-AF_7895
SXB;1450;+0200;2050;+0200;0;AF_3272-AF_7551-AF_7312
SXB;0720;+0200;1325;+0200;0;AF_7721-AF_7702-AF_7895
SXB;0740;+0200;1350;+0200;0;AF_5333-AF_6207-AF_7306
SXB;0740;+0200;1350;+0200;0;AF_5333-AF_6209-AF_7306
SXB;1040;+0200;1650;+0200;0;AF_5767-AF_7823-AF_5780
SXB;1440;+0200;2050;+0200;0;AF_5763-AF_6043-AF_7312
SXB;0755;+0200;1410;+0200;0;AF_7609-AF_7663-AF_7762
SXB;0755;+0200;1410;+0200;0;AF_3202-AF_7625-AF_7762
SXB;1540;+0200;2155;+0200;0;AF_5651-AF_7789-AF_7770
SXB;1440;+0200;2100;+0200;0;AF_5763-AF_7827-AF_5782
SXB;0740;+0200;1410;+0200;0;AF_5333-AF_7701-AF_7762
SXB;0715;+0200;1350;+0200;0;AF_3259-AF_7435-AF_7306
SXB;0715;+0200;1350;+0200;0;AF_3259-AF_7431-AF_7306
SXB;1120;+0200;1800;+0200;0;AF_7861-AF_7785-AF_7766
SXB;1410;+0200;2050;+0200;0;AF_3206-AF_6269-AF_7312
SXB;1410;+0200;2050;+0200;0;AF_3206-AF_6271-AF_7312
SXB;1410;+0200;2050;+0200;0;AF_3206-AF_6267-AF_7312
SXB;1110;+0200;1755;+0200;0;AF_7383-AF_6276-AF_5477
SXB;1110;+0200;1755;+0200;0;AF_7383-AF_6260-AF_5477
SXB;1410;+0200;2100;+0200;0;AF_3206-AF_7807-AF_5782
SXB;1410;+0200;2100;+0200;0;AF_3206-AF_7811-AF_5782
SXB;0715;+0200;1410;+0200;0;AF_3259-AF_7431-AF_7762
SXB;0715;+0200;1410;+0200;0;AF_3259-AF_5303-AF_7762
SXB;0650;+0200;1350;+0200;0;AF_5858-AF_7417-AF_7306
SXB;1425;+0200;2125;+0200;0;AF_7727-AF_2040-AF_5487
SXB;1425;+0200;2125;+0200;0;KL_2313-KL_2016-KL_2047
SXB;0640;+0200;1350;+0200;0;AF_5657-AF_6111-AF_7306
SXB;0640;+0200;1350;+0200;0;AF_3270-AF_7543-AF_7306
SXB;0640;+0200;1350;+0200;0;AF_3270-AF_7545-AF_7306
SXB;0640;+0200;1350;+0200;0;AF_5761-AF_6019-AF_7306
SXB;0640;+0200;1350;+0200;0;AF_5657-AF_6113-AF_7306
SXB;0640;+0200;1350;+0200;0;AF_5657-AF_6115-AF_7306
SXB;0640;+0200;1350;+0200;0;AF_5657-AF_6109-AF_7306
SXB;0640;+0200;1350;+0200;0;AF_5657-AF_6153-AF_7306
SXB;0640;+0200;1350;+0200;0;AF_5657-AF_6117-AF_7306
SXB;1140;+0200;1850;+0200;0;AF_7691-AF_6033-AF_7310
SXB;1140;+0200;1850;+0200;0;AF_7691-AF_6029-AF_7310
SXB;0655;+0200;1410;+0200;0;AF_5364-AF_1241-AF_7762
SXB;0655;+0200;1410;+0200;0;AF_5364-AF_1341-AF_7762
SXB;0650;+0200;1410;+0200;0;AF_5858-AF_7641-AF_7762
SXB;0650;+0200;1410;+0200;0;AF_5858-AF_7653-AF_7762
SXB;1040;+0200;1800;+0200;0;AF_5767-AF_7665-AF_7766
SXB;1425;+0200;2145;+0200;0;AF_7727-AF_7708-AF_7898
SXB;1425;+0200;2150;+0200;0;AF_7727-AF_6268-AF_5361
SXB;1425;+0200;2150;+0200;0;AF_7727-AF_7626-AF_5361
SXB;0640;+0200;1410;+0200;0;AF_5761-AF_7663-AF_7762
SXB;0640;+0200;1410;+0200;0;AF_5657-AF_6153-AF_7762
SXB;0640;+0200;1410;+0200;0;AF_5657-AF_6111-AF_7762
SXB;0640;+0200;1410;+0200;0;AF_3270-AF_7689-AF_7762
SXB;0640;+0200;1410;+0200;0;AF_5657-AF_7795-AF_7762
SXB;1120;+0200;1850;+0200;0;AF_7861-AF_6121-AF_7310
SXB;1120;+0200;1850;+0200;0;AF_7861-AF_6123-AF_7310
SXB;1120;+0200;1850;+0200;0;AF_7861-AF_7785-AF_7310
SXB;1120;+0200;1850;+0200;0;AF_7861-AF_6167-AF_7310
SXB;1120;+0200;1850;+0200;0;AF_7861-AF_6129-AF_7310
SXB;0915;+0200;1655;+0200;0;AF_7889-AF_6223-AF_7308
SXB;0915;+0200;1655;+0200;0;AF_7889-AF_6215-AF_7308
SXB;0915;+0200;1655;+0200;0;AF_7889-AF_6213-AF_7308
SXB;0915;+0200;1655;+0200;0;AF_7889-AF_6211-AF_7308
SXB;0915;+0200;1655;+0200;0;AF_7889-AF_6225-AF_7308
SXB;1305;+0200;2050;+0200;0;AF_5862-AF_7415-AF_7312
SXB;1410;+0200;2155;+0200;0;AF_3206-AF_7629-AF_7770
SXB;1410;+0200;2155;+0200;0;AF_3206-AF_6267-AF_7770
SXB;1410;+0200;2155;+0200;0;AF_3206-AF_7637-AF_7770
SXB;1100;+0200;1850;+0200;0;AF_5206-AF_5023-AF_7310
SXB;1005;+0200;1800;+0200;0;AF_5366-AF_1641-AF_7766
SXB;1005;+0200;1800;+0200;0;AF_5366-AF_8233-AF_7766
SXB;1125;+0200;1920;+0200;0;AF_7725-AF_7706-AF_7897
SXB;1255;+0200;2050;+0200;0;AF_7611-AF_6039-AF_7312
SXB;1255;+0200;2050;+0200;0;AF_7611-AF_6037-AF_7312
SXB;1255;+0200;2050;+0200;0;AF_7611-AF_6043-AF_7312
PRG;1800;+0200;2130;+0200;0;AF_7731-AF_2386
PRG;1800;+0200;2140;+0200;0;AF_7731-AF_1082
PRG;0650;+0200;1040;+0200;0;AF_5858-AF_5901
PRG;1305;+0200;1655;+0200;0;AF_5862-AF_5903
PRG;0655;+0200;1050;+0200;0;KL_2032-KL_3121
PRG;0720;+0200;1240;+0200;0;AF_7721-AF_1782
PRG;1425;+0200;1950;+0200;0;AF_7727-AF_2482
PRG;0640;+0200;1255;+0200;0;AF_5657-AF_4346
PRG;0655;+0200;1315;+0200;0;KL_2032-KL_1355
PRG;0725;+0200;1425;+0200;0;AF_7381-AF_1982
PRG;0720;+0200;1425;+0200;0;AF_7721-AF_1982
PRG;1425;+0200;2130;+0200;0;AF_7727-AF_2386
PRG;1425;+0200;2140;+0200;0;AF_7727-AF_1082
PRG;0725;+0200;1445;+0200;0;AF_7381-AF_1982
PRG;0720;+0200;1445;+0200;0;AF_7721-AF_1982
PRG;1005;+0200;1800;+0200;0;KL_2048-KL_3125
PRG;0840;+0200;1655;+0200;0;AF_5860-AF_5903
PRG;1125;+0200;1950;+0200;0;AF_7725-AF_2482
PRG;1005;+0200;1840;+0200;0;KL_2048-KL_1357
PRG;1110;+0200;1950;+0200;0;AF_7383-AF_2482
PRG;0735;+0200;1735;+0200;0;IB_8545-IB_7884
PRG;0650;+0200;1655;+0200;0;AF_5858-AF_5903
PRG;1125;+0200;2130;+0200;0;AF_7725-AF_2386
PRG;1125;+0200;2140;+0200;0;AF_7725-AF_1082
PRG;1125;+0200;1655;+0200;0;AF_7725-AF_7644-AF_5903
PRG;1410;+0200;1950;+0200;0;AF_3206-AF_7629-AF_2482
PRG;0840;+0200;1425;+0200;0;AF_5860-AF_7641-AF_1982
PRG;0720;+0200;1315;+0200;0;KL_2309-KL_1228-KL_1355
PRG;0840;+0200;1445;+0200;0;AF_5860-AF_7641-AF_1982
PRG;1425;+0200;2050;+0200;0;KL_2313-KL_2016-KL_3123
PRG;0755;+0200;1425;+0200;0;AF_3202-AF_7625-AF_1982
PRG;1425;+0200;2100;+0200;0;KL_2313-KL_2016-KL_3123
PRG;0755;+0200;1445;+0200;0;AF_3202-AF_6259-AF_1982
PRG;0755;+0200;1445;+0200;0;AF_3202-AF_7625-AF_1982
PRG;0755;+0200;1445;+0200;0;AF_7609-AF_7663-AF_1982
PRG;1255;+0200;1950;+0200;0;AF_7611-AF_7667-AF_2482
PRG;1125;+0200;1840;+0200;0;KL_2311-KL_1234-KL_1357
PRG;1410;+0200;2130;+0200;0;AF_3206-AF_7629-AF_2386
PRG;1410;+0200;2140;+0200;0;AF_3206-AF_7637-AF_1082
PRG;1410;+0200;2140;+0200;0;AF_3206-AF_7629-AF_1082
PRG;0650;+0200;1425;+0200;0;AF_5858-AF_7641-AF_1982
PRG;0650;+0200;1425;+0200;0;AF_5858-AF_7653-AF_1982
PRG;0640;+0200;1425;+0200;0;AF_5657-AF_6153-AF_1982
PRG;0650;+0200;1445;+0200;0;AF_5858-AF_7653-AF_1982
PRG;0650;+0200;1445;+0200;0;AF_5858-AF_7641-AF_1982
PRG;0640;+0200;1445;+0200;0;AF_5761-AF_7663-AF_1982
PRG;0640;+0200;1445;+0200;0;AF_5657-AF_6153-AF_1982
PRG;0640;+0200;1445;+0200;0;AF_5657-AF_7795-AF_1982
PRG;0640;+0200;1445;+0200;0;AF_5657-AF_6111-AF_1982
PRG;1140;+0200;1950;+0200;0;AF_7691-AF_7667-AF_2482
PRG;1305;+0200;2130;+0200;0;AF_5862-AF_7645-AF_2386
PRG;1120;+0200;1950;+0200;0;AF_7861-AF_6123-AF_2482
PRG;1120;+0200;1950;+0200;0;AF_7861-AF_7785-AF_2482
PRG;1120;+0200;1950;+0200;0;AF_7861-AF_6121-AF_2482
PRG;1255;+0200;2130;+0200;0;AF_7611-AF_7667-AF_2386
PRG;1305;+0200;2140;+0200;0;AF_5862-AF_7645-AF_1082
PRG;1255;+0200;2140;+0200;0;AF_7611-AF_7667-AF_1082
PRG;1040;+0200;1950;+0200;0;AF_5767-AF_7667-AF_2482
PRG;1040;+0200;1950;+0200;0;AF_5767-AF_7665-AF_2482
PRG;1125;+0200;2050;+0200;0;KL_2311-KL_2016-KL_3123
PRG;1125;+0200;2050;+0200;0;KL_2311-KL_1234-KL_3123
PRG;0725;+0200;1655;+0200;0;AF_7381-AF_7644-AF_5903
PRG;0725;+0200;1655;+0200;0;AF_7381-AF_7414-AF_5903
PRG;0720;+0200;1655;+0200;0;AF_7721-AF_7644-AF_5903
PRG;0720;+0200;1655;+0200;0;AF_7721-AF_7414-AF_5903
PRG;0720;+0200;1655;+0200;0;AF_7721-AF_7652-AF_5903
PRG;1125;+0200;2100;+0200;0;KL_2311-KL_1234-KL_3123
PRG;1125;+0200;2100;+0200;0;KL_2311-KL_2016-KL_3123
PRG;1140;+0200;2130;+0200;0;AF_7691-AF_7667-AF_2386
PRG;1140;+0200;2130;+0200;0;AF_7691-AF_6029-AF_2386
PRG;1140;+0200;2130;+0200;0;AF_7691-AF_6033-AF_2386
PRG;1140;+0200;2140;+0200;0;AF_7691-AF_6033-AF_1082
PRG;1140;+0200;2140;+0200;0;AF_7691-AF_7667-AF_1082
PRG;1140;+0200;2140;+0200;0;AF_7691-AF_6029-AF_1082
PRG;1120;+0200;2130;+0200;0;AF_7861-AF_6123-AF_2386
PRG;1120;+0200;2130;+0200;0;AF_7861-AF_7785-AF_2386
PRG;1120;+0200;2130;+0200;0;AF_7861-AF_7787-AF_2386
PRG;1120;+0200;2130;+0200;0;AF_7861-AF_6121-AF_2386
PRG;1120;+0200;2130;+0200;0;AF_7861-AF_6167-AF_2386
BRU;1810;+0200;2110;+0200;0;AF_5866-AF_5406
BRU;1830;+0200;2205;+0200;0;KL_2034-KL_1733
BRU;0655;+0200;1045;+0200;0;KL_2032-KL_1723
BRU;1005;+0200;1400;+0200;0;KL_2048-KL_1725
BRU;1710;+0200;2110;+0200;0;AF_5864-AF_5406
BRU;1305;+0200;1715;+0200;0;AF_5862-AF_5404
BRU;1425;+0200;1845;+0200;0;AF_7727-AF_7185
BRU;0720;+0200;1155;+0200;0;AF_7721-AF_7179
BRU;0640;+0200;1235;+0200;0;AF_5657-AF_4344
BRU;1425;+0200;2043;+0200;0;AF_7727-AF_7187
BRU;0735;+0200;1415;+0200;0;IB_8545-IB_3202
BRU;0725;+0200;1423;+0200;0;AF_7381-AF_7183
BRU;0720;+0200;1423;+0200;0;AF_7721-AF_7183
BRU;0655;+0200;1400;+0200;0;KL_2032-KL_1725
BRU;1125;+0200;1845;+0200;0;AF_7725-AF_7185
BRU;1110;+0200;1845;+0200;0;AF_7383-AF_7185
BRU;1005;+0200;1745;+0200;0;KL_2048-KL_1731
BRU;1305;+0200;2110;+0200;0;AF_5862-AF_5406
BRU;0840;+0200;1423;+0200;0;AF_5860-AF_7641-AF_7183
BRU;1125;+0200;1715;+0200;0;AF_7725-AF_7644-AF_5404
BRU;1125;+0200;1745;+0200;0;KL_2311-KL_1234-KL_1731
BRU;0755;+0200;1423;+0200;0;AF_3202-AF_6259-AF_7183
BRU;0755;+0200;1423;+0200;0;AF_3202-AF_7625-AF_7183
BRU;1410;+0200;2043;+0200;0;AF_3206-AF_7629-AF_7187
BRU;0720;+0200;1400;+0200;0;KL_2309-KL_1228-KL_1725
BRU;0720;+0200;1400;+0200;0;KL_2309-KL_1230-KL_1725
BRU;0740;+0200;1423;+0200;0;AF_5333-AF_7701-AF_7183
BRU;0715;+0200;1423;+0200;0;AF_3259-AF_7431-AF_7183
BRU;1120;+0200;1845;+0200;0;AF_7861-AF_7785-AF_7185
BRU;1120;+0200;1845;+0200;0;AF_7861-AF_6121-AF_7185
BRU;0650;+0200;1423;+0200;0;AF_5858-AF_7653-AF_7183
BRU;0650;+0200;1423;+0200;0;AF_5858-AF_7641-AF_7183
BRU;1425;+0200;2205;+0200;0;KL_2313-KL_1244-KL_1733
BRU;1425;+0200;2205;+0200;0;KL_2313-KL_2016-KL_1733
BRU;1425;+0200;2205;+0200;0;KL_2313-KL_2022-KL_1733
BRU;0640;+0200;1423;+0200;0;AF_5657-AF_6153-AF_7183
BRU;0640;+0200;1423;+0200;0;AF_5657-AF_6111-AF_7183
BRU;1255;+0200;2043;+0200;0;AF_7611-AF_7667-AF_7187
BRU;1040;+0200;1845;+0200;0;AF_5767-AF_7665-AF_7185
MIL;1430;+0200;1605;+0200;0;AF_3280
MIL;1600;+0200;1735;+0200;0;AZ_7383
MIL;0650;+0200;0935;+0200;0;AZ_3671-AZ_7829
MIL;0650;+0200;0935;+0200;0;AF_5858-AF_3292
MIL;1810;+0200;2115;+0200;0;AF_5866-AF_3298
MIL;1125;+0200;1450;+0200;0;AF_7725-AF_1712
MIL;1750;+0200;2115;+0200;0;AZ_3679-AZ_7833
MIL;1305;+0200;1640;+0200;0;AF_5862-AF_3296
MIL;0720;+0200;1105;+0200;0;AF_7721-AF_9802
MIL;1005;+0200;1410;+0200;0;KL_2048-KL_3419
MIL;1710;+0200;2115;+0200;0;AF_5864-AF_3298
MIL;1720;+0200;2130;+0200;0;AF_7611-AF_4304
MIL;1800;+0200;2210;+0200;0;AF_7731-AF_9812
MIL;1800;+0200;2210;+0200;0;AZ_3669-AZ_311
MIL;1830;+0200;2240;+0200;0;KL_2034-KL_1635
MIL;0655;+0200;1125;+0200;0;KL_2032-KL_3623
MIL;1800;+0200;2235;+0200;0;AF_7731-AF_2514
MIL;1800;+0200;2235;+0200;0;AZ_3669-AZ_7349
MIL;0725;+0200;1210;+0200;0;AF_7381-AF_9710
MIL;1550;+0200;2035;+0200;0;AF_5208-AF_3703
MIL;1150;+0200;1640;+0200;0;AZ_3675-AZ_7831
MIL;0655;+0200;1150;+0200;0;KL_2032-KL_1623
MIL;1255;+0200;1750;+0200;0;AF_7611-AF_4304
MIL;0655;+0200;1205;+0200;0;KL_2032-KL_1623
MIL;1425;+0200;1945;+0200;0;AF_7727-AF_2112
MIL;1425;+0200;1945;+0200;0;AZ_3667-AZ_7299
MIL;1125;+0200;1655;+0200;0;AF_7725-AF_9700
MIL;1125;+0200;1655;+0200;0;AZ_3665-AZ_7907
MIL;1425;+0200;2000;+0200;0;AZ_3667-AZ_7357
MIL;1425;+0200;2000;+0200;0;AF_7727-AF_2214
MIL;1110;+0200;1655;+0200;0;AF_7383-AF_9700
MIL;1540;+0200;2135;+0200;0;AF_5651-AF_4352
MIL;1140;+0200;1750;+0200;0;AF_7691-AF_4304
MIL;1425;+0200;2100;+0200;0;AZ_3667-AZ_7089
MIL;1425;+0200;2100;+0200;0;AZ_3667-AZ_7903
MIL;1425;+0200;2100;+0200;0;AZ_3667-AZ_7849
MIL;1425;+0200;2100;+0200;0;AF_7727-AF_9712
MIL;1425;+0200;2100;+0200;0;AF_7727-AF_9702
MIL;0720;+0200;1405;+0200;0;AZ_3663-AZ_7847
MIL;0735;+0200;1420;+0200;0;IB_8545-IB_3636
MIL;0725;+0200;1415;+0200;0;AF_7381-AF_1714
MIL;1005;+0200;1655;+0200;0;KL_2048-KL_1627
MIL;1440;+0200;2130;+0200;0;AF_5763-AF_4304
MIL;0720;+0200;1415;+0200;0;AF_7721-AF_1714
MIL;0720;+0200;1415;+0200;0;AZ_3663-AZ_7353
MIL;1040;+0200;1750;+0200;0;AF_5767-AF_4304
MIL;0655;+0200;1410;+0200;0;KL_2032-KL_3419
MIL;0725;+0200;1450;+0200;0;AF_7381-AF_1712
MIL;0720;+0200;1450;+0200;0;AF_7721-AF_1712
MIL;1425;+0200;2210;+0200;0;AF_7727-AF_9812
MIL;1425;+0200;2210;+0200;0;AZ_3667-AZ_311
MIL;1715;+0200;2115;+0200;0;AF_3265-AF_3215-AF_3298
MIL;1125;+0200;1640;+0200;0;AF_7725-AF_7644-AF_3296
MIL;1540;+0200;2100;+0200;0;AF_5651-AF_6135-AF_9712
MIL;1540;+0200;2100;+0200;0;AF_5651-AF_6137-AF_9712
MIL;0640;+0200;1210;+0200;0;AF_5657-AF_6153-AF_9710
MIL;0840;+0200;1415;+0200;0;AF_5860-AF_7641-AF_1714
MIL;1120;+0200;1655;+0200;0;AF_7861-AF_7785-AF_9700
MIL;1410;+0200;1945;+0200;0;AF_3206-AF_7629-AF_2112
MIL;1410;+0200;2000;+0200;0;AF_3206-AF_7629-AF_2214
MIL;1040;+0200;1640;+0200;0;AF_5767-AF_7823-AF_3296
MIL;0840;+0200;1450;+0200;0;AF_5860-AF_7641-AF_1712
MIL;0755;+0200;1415;+0200;0;AF_3202-AF_7625-AF_1714
MIL;1540;+0200;2210;+0200;0;AF_5651-AF_7789-AF_9812
MIL;1440;+0200;2115;+0200;0;AF_5763-AF_7827-AF_3298
MIL;1125;+0200;1810;+0200;0;AZ_3665-AZ_7301-AZ_2092
MIL;0720;+0200;1410;+0200;0;KL_2309-KL_1230-KL_3419
MIL;0720;+0200;1410;+0200;0;KL_2309-KL_1228-KL_3419
MIL;0720;+0200;1410;+0200;0;AZ_3663-AZ_319-AZ_2038
MIL;1255;+0200;1945;+0200;0;AF_7611-AF_7667-AF_2112
MIL;1410;+0200;2100;+0200;0;AF_3206-AF_6267-AF_9712
MIL;1410;+0200;2100;+0200;0;AF_3206-AF_7629-AF_9702
MIL;1410;+0200;2100;+0200;0;AF_3206-AF_6269-AF_9712
MIL;0755;+0200;1450;+0200;0;AF_3202-AF_7625-AF_1712
MIL;0755;+0200;1450;+0200;0;AF_7609-AF_7663-AF_1712
MIL;0755;+0200;1450;+0200;0;AF_3202-AF_6259-AF_1712
MIL;1540;+0200;2235;+0200;0;AF_5651-AF_7789-AF_2514
MIL;1125;+0200;1825;+0200;0;AZ_3665-AZ_7301-AZ_2290
MIL;1150;+0200;1850;+0200;0;AZ_3675-AZ_7839-AZ_2096
MIL;1125;+0200;1830;+0200;0;AZ_3665-AZ_7301-AZ_2088
MIL;1255;+0200;2000;+0200;0;AF_7611-AF_7667-AF_2214
MIL;1410;+0200;2115;+0200;0;AF_3206-AF_7811-AF_3298
MIL;1410;+0200;2115;+0200;0;AF_3206-AF_7807-AF_3298
MIL;0720;+0200;1430;+0200;0;AZ_3663-AZ_319-AZ_1026
MIL;1125;+0200;1835;+0200;0;AZ_3665-AZ_7301-AZ_1028
MIL;1125;+0200;1840;+0200;0;KL_2311-KL_1234-KL_1621
MIL;1425;+0200;2140;+0200;0;AZ_3667-AZ_325-AZ_2058
MIL;1150;+0200;1910;+0200;0;AZ_3675-AZ_7839-AZ_2050
MIL;0650;+0200;1415;+0200;0;AF_5858-AF_7641-AF_1714
MIL;0650;+0200;1415;+0200;0;AF_5858-AF_7653-AF_1714
MIL;1125;+0200;1850;+0200;0;AZ_3665-AZ_7301-AZ_2096
MIL;1425;+0200;2150;+0200;0;KL_2313-KL_2016-KL_3417
MIL;0640;+0200;1415;+0200;0;AF_5657-AF_6153-AF_1714
MIL;1150;+0200;1925;+0200;0;AZ_3675-AZ_7839-AZ_2112
MIL;1125;+0200;1910;+0200;0;AZ_3665-AZ_7301-AZ_2050
MIL;1425;+0200;2210;+0200;0;AZ_3667-AZ_325-AZ_2118
BER;1005;+0200;1340;+0200;0;KL_2048-KL_1825
BER;0655;+0200;1120;+0200;0;KL_2032-KL_1823
BER;0720;+0200;1200;+0200;0;AF_7721-AF_1734
BER;0640;+0200;1210;+0200;0;AF_5657-AF_4356
BER;1125;+0200;1720;+0200;0;AF_7725-AF_2334
BER;1425;+0200;2025;+0200;0;AF_7727-AF_2534
BER;1110;+0200;1720;+0200;0;AF_7383-AF_2334
BER;1005;+0200;1630;+0200;0;KL_2048-KL_1829
BER;0655;+0200;1340;+0200;0;KL_2032-KL_1825
BER;0725;+0200;1435;+0200;0;AF_7381-AF_2034
BER;0720;+0200;1435;+0200;0;AF_7721-AF_2034
BER;1005;+0200;1830;+0200;0;KL_2048-KL_1833
BER;1125;+0200;2025;+0200;0;AF_7725-AF_2534
BER;1110;+0200;2025;+0200;0;AF_7383-AF_2534
BER;0655;+0200;1630;+0200;0;KL_2032-KL_1829
BER;2235;+0200;0815;+0200;1;AF_7863-AF_4356
BER;0725;+0200;1720;+0200;0;AF_7381-AF_2334
BER;0720;+0200;1720;+0200;0;AF_7721-AF_2334
BER;1410;+0200;2025;+0200;0;AF_3206-AF_7629-AF_2534
BER;0720;+0200;1340;+0200;0;KL_2309-KL_1230-KL_1825
BER;0720;+0200;1340;+0200;0;KL_2309-KL_1228-KL_1825
BER;0755;+0200;1435;+0200;0;AF_3202-AF_7625-AF_2034
BER;1125;+0200;1830;+0200;0;KL_2311-KL_1234-KL_1833
BER;1425;+0200;2150;+0200;0;KL_2313-KL_2022-KL_1835
BER;1425;+0200;2150;+0200;0;KL_2313-KL_2016-KL_1835
BER;0720;+0200;1630;+0200;0;KL_2309-KL_1230-KL_1829
BER;0720;+0200;1630;+0200;0;KL_2309-KL_2008-KL_1829
BER;0720;+0200;1630;+0200;0;KL_2309-KL_1228-KL_1829
BER;0720;+0200;1630;+0200;0;KL_2309-KL_2012-KL_1829
BER;0755;+0200;1720;+0200;0;AF_3202-AF_6261-AF_2334
BER;0755;+0200;1720;+0200;0;AF_3202-AF_6259-AF_2334
BER;0755;+0200;1720;+0200;0;AF_3202-AF_6281-AF_2334
BER;0755;+0200;1720;+0200;0;AF_3202-AF_7627-AF_2334
BER;0755;+0200;1720;+0200;0;AF_3202-AF_7625-AF_2334
BER;1125;+0200;2150;+0200;0;KL_2311-KL_2016-KL_1835
BER;1125;+0200;2150;+0200;0;KL_2311-KL_1234-KL_1835
BER;1125;+0200;2150;+0200;0;KL_2311-KL_2022-KL_1835
DUS;0650;+0200;1000;+0200;0;AF_5858-AF_5876
DUS;1810;+0200;2120;+0200;0;AF_5866-AF_5878
DUS;0720;+0200;1100;+0200;0;AF_7721-AF_1606
DUS;1305;+0200;1650;+0200;0;AF_5862-AF_5874
DUS;1005;+0200;1400;+0200;0;KL_2048-KL_1857
DUS;1830;+0200;2225;+0200;0;KL_2034-KL_1863
DUS;1710;+0200;2120;+0200;0;AF_5864-AF_5878
DUS;1800;+0200;2215;+0200;0;AF_7731-AF_1106
DUS;0655;+0200;1145;+0200;0;KL_2032-KL_1855
DUS;0755;+0200;1245;+0200;0;AF_7609-AF_4310
DUS;0755;+0200;1250;+0200;0;AF_7609-AF_4310
DUS;1125;+0200;1635;+0200;0;AF_7725-AF_2206
DUS;1425;+0200;1940;+0200;0;AF_7727-AF_2406
DUS;1110;+0200;1635;+0200;0;AF_7383-AF_2206
DUS;1120;+0200;1650;+0200;0;AF_7861-AF_3252
DUS;0640;+0200;1245;+0200;0;AF_5761-AF_4310
DUS;0640;+0200;1250;+0200;0;AF_5761-AF_4310
DUS;0725;+0200;1405;+0200;0;AF_7381-AF_1906
DUS;0720;+0200;1405;+0200;0;AF_7721-AF_1906
DUS;0655;+0200;1400;+0200;0;KL_2032-KL_1857
DUS;1005;+0200;1740;+0200;0;KL_2048-KL_1861
DUS;1425;+0200;2215;+0200;0;AF_7727-AF_1106
DUS;0840;+0200;1650;+0200;0;AF_5860-AF_5874
DUS;1125;+0200;1940;+0200;0;AF_7725-AF_2406
DUS;1305;+0200;2120;+0200;0;AF_5862-AF_5878
DUS;1110;+0200;1940;+0200;0;AF_7383-AF_2406
DUS;1120;+0200;1635;+0200;0;AF_7861-AF_7785-AF_2206
DUS;0840;+0200;1405;+0200;0;AF_5860-AF_7641-AF_1906
DUS;1125;+0200;1650;+0200;0;AF_7725-AF_7644-AF_5874
DUS;1410;+0200;1940;+0200;0;AF_3206-AF_7629-AF_2406
DUS;0755;+0200;1405;+0200;0;AF_3202-AF_7625-AF_1906
DUS;1125;+0200;1740;+0200;0;KL_2311-KL_1234-KL_1861
DUS;1540;+0200;2215;+0200;0;AF_5651-AF_7789-AF_1106
DUS;0720;+0200;1400;+0200;0;KL_2309-KL_1230-KL_1857
DUS;0720;+0200;1400;+0200;0;KL_2309-KL_1228-KL_1857
DUS;1255;+0200;1940;+0200;0;AF_7611-AF_7667-AF_2406
DUS;0650;+0200;1405;+0200;0;AF_5858-AF_7653-AF_1906
DUS;0650;+0200;1405;+0200;0;AF_5858-AF_7641-AF_1906
DUS;0640;+0200;1405;+0200;0;AF_5657-AF_6153-AF_1906
DUS;0840;+0200;1635;+0200;0;AF_5860-AF_7641-AF_2206
DUS;0840;+0200;1635;+0200;0;AF_5860-AF_7417-AF_2206
DUS;1140;+0200;1940;+0200;0;AF_7691-AF_7667-AF_2406
DUS;1425;+0200;2225;+0200;0;KL_2313-KL_1244-KL_1863
DUS;1425;+0200;2225;+0200;0;KL_2313-KL_2016-KL_1863
DUS;1425;+0200;2225;+0200;0;KL_2313-KL_2022-KL_1863
DUS;1410;+0200;2215;+0200;0;AF_3206-AF_7629-AF_1106
DUS;1410;+0200;2215;+0200;0;AF_3206-AF_6267-AF_1106
DUS;1410;+0200;2215;+0200;0;AF_3206-AF_7637-AF_1106
DUS;1120;+0200;1940;+0200;0;AF_7861-AF_7787-AF_2406
DUS;1120;+0200;1940;+0200;0;AF_7861-AF_7785-AF_2406
DUS;1120;+0200;1940;+0200;0;AF_7861-AF_6123-AF_2406
DUS;1120;+0200;1940;+0200;0;AF_7861-AF_6121-AF_2406
DUS;0755;+0200;1635;+0200;0;AF_3202-AF_6281-AF_2206
DUS;0755;+0200;1635;+0200;0;AF_7609-AF_7663-AF_2206
DUS;0755;+0200;1635;+0200;0;AF_3202-AF_6261-AF_2206
DUS;0755;+0200;1635;+0200;0;AF_3202-AF_6259-AF_2206
DUS;0755;+0200;1635;+0200;0;AF_3202-AF_7625-AF_2206
DUS;1040;+0200;1940;+0200;0;AF_5767-AF_7667-AF_2406
DUS;1040;+0200;1940;+0200;0;AF_5767-AF_7665-AF_2406
MAN;1830;+0200;2135;+0100;0;KL_2034-KL_1097
MAN;0655;+0200;1020;+0100;0;KL_2032-KL_1081
MAN;1425;+0200;1855;+0100;0;AF_7727-AF_1168
MAN;1005;+0200;1505;+0100;0;KL_2048-KL_1087
MAN;0655;+0200;1225;+0100;0;KL_2032-KL_1083
MAN;0725;+0200;1325;+0100;0;AF_7381-AF_2268
MAN;0720;+0200;1325;+0100;0;AF_7721-AF_2268
MAN;0725;+0200;1340;+0100;0;AF_7381-AF_2268
MAN;0720;+0200;1340;+0100;0;AF_7721-AF_2268
MAN;1005;+0200;1655;+0100;0;KL_2048-KL_1093
MAN;1125;+0200;1855;+0100;0;AF_7725-AF_1168
MAN;1110;+0200;1855;+0100;0;AF_7383-AF_1168
MAN;0655;+0200;1505;+0100;0;KL_2032-KL_1087
MAN;0840;+0200;1325;+0100;0;AF_5860-AF_7641-AF_2268
MAN;1410;+0200;1855;+0100;0;AF_3206-AF_7629-AF_1168
MAN;0840;+0200;1340;+0100;0;AF_5860-AF_7641-AF_2268
MAN;0720;+0200;1225;+0100;0;KL_2309-KL_1228-KL_1083
MAN;0755;+0200;1325;+0100;0;AF_3202-AF_7625-AF_2268
MAN;1125;+0200;1655;+0100;0;KL_2311-KL_1234-KL_1093
MAN;0755;+0200;1340;+0100;0;AF_3202-AF_6259-AF_2268
MAN;0755;+0200;1340;+0100;0;AF_7609-AF_7663-AF_2268
MAN;0755;+0200;1340;+0100;0;AF_3202-AF_7625-AF_2268
MAN;1255;+0200;1855;+0100;0;AF_7611-AF_7667-AF_1168
MAN;0650;+0200;1325;+0100;0;AF_5858-AF_7641-AF_2268
MAN;0650;+0200;1325;+0100;0;AF_5858-AF_7653-AF_2268
MAN;0650;+0200;1340;+0100;0;AF_5858-AF_7641-AF_2268
MAN;0650;+0200;1340;+0100;0;AF_5858-AF_7653-AF_2268
MAN;0640;+0200;1340;+0100;0;AF_5761-AF_7663-AF_2268
MAN;1425;+0200;2135;+0100;0;KL_2313-KL_1244-KL_1097
MAN;1425;+0200;2135;+0100;0;KL_2313-KL_2016-KL_1097
MAN;1425;+0200;2135;+0100;0;KL_2313-KL_2022-KL_1097
MAN;1140;+0200;1855;+0100;0;AF_7691-AF_7667-AF_1168
MAN;0720;+0200;1505;+0100;0;KL_2309-KL_1228-KL_1087
MAN;0720;+0200;1505;+0100;0;KL_2309-KL_2012-KL_1087
MAN;0720;+0200;1505;+0100;0;KL_2309-KL_2008-KL_1087
MAN;0720;+0200;1505;+0100;0;KL_2309-KL_1230-KL_1087
MAN;1040;+0200;1855;+0100;0;AF_5767-AF_7667-AF_1168
MAN;1040;+0200;1855;+0100;0;AF_5767-AF_7665-AF_1168
VIE;1800;+0200;2215;+0200;0;AF_7731-AF_1756
VIE;1425;+0200;1855;+0200;0;AF_7727-AF_1656
VIE;1710;+0200;2140;+0200;0;AF_5864-AF_1956
VIE;0720;+0200;1205;+0200;0;AF_7721-AF_1556
VIE;1425;+0200;1925;+0200;0;AF_7727-AF_2038
VIE;1425;+0200;1925;+0200;0;AF_7727-AF_2138
VIE;0650;+0200;1155;+0200;0;AF_5858-AF_2056
VIE;1540;+0200;2105;+0200;0;AF_5651-AF_4372
VIE;1125;+0200;1735;+0200;0;AF_7725-AF_1438
VIE;1125;+0200;1740;+0200;0;AF_7725-AF_1438
VIE;1110;+0200;1735;+0200;0;AF_7383-AF_1438
VIE;1110;+0200;1740;+0200;0;AF_7383-AF_1438
VIE;0655;+0200;1330;+0200;0;KL_2032-KL_1845
VIE;1200;+0200;1840;+0200;0;AA_5319-AA_8093
VIE;1140;+0200;1840;+0200;0;AA_5319-AA_8093
VIE;0725;+0200;1435;+0200;0;AF_7381-AF_1738
VIE;0720;+0200;1435;+0200;0;AF_7721-AF_1738
VIE;0725;+0200;1440;+0200;0;AF_7381-AF_1738
VIE;0720;+0200;1440;+0200;0;AF_7721-AF_1738
VIE;1125;+0200;1855;+0200;0;AF_7725-AF_1656
VIE;1110;+0200;1855;+0200;0;AF_7383-AF_1656
VIE;1425;+0200;2215;+0200;0;AF_7727-AF_1756
VIE;1125;+0200;1925;+0200;0;AF_7725-AF_2138
VIE;1125;+0200;1925;+0200;0;AF_7725-AF_2038
VIE;1110;+0200;1925;+0200;0;AF_7383-AF_2038
VIE;1110;+0200;1925;+0200;0;AF_7383-AF_2138
VIE;1305;+0200;2140;+0200;0;AF_5862-AF_1956
VIE;1005;+0200;1910;+0200;0;KL_2048-KL_1847
VIE;0720;+0200;1330;+0200;0;KL_2309-KL_1228-KL_1845
VIE;1125;+0200;1910;+0200;0;KL_2311-KL_1234-KL_1847
VIE;1425;+0200;2210;+0200;0;KL_2313-KL_2022-KL_1849
VIE;1425;+0200;2210;+0200;0;KL_2313-KL_2016-KL_1849
VIE;1410;+0200;2215;+0200;0;AF_3206-AF_7629-AF_1756
VIE;1410;+0200;2215;+0200;0;AF_3206-AF_7637-AF_1756
VIE;1410;+0200;2215;+0200;0;AF_3206-AF_6267-AF_1756
MUC;1830;+0200;2215;+0200;0;KL_2034-KL_1801
MUC;0655;+0200;1055;+0200;0;KL_2032-KL_1793
MUC;1800;+0200;2210;+0200;0;AF_7731-AF_1122
MUC;0720;+0200;1150;+0200;0;AF_7721-AF_1722
MUC;1425;+0200;1945;+0200;0;AF_7727-AF_2522
MUC;1125;+0200;1725;+0200;0;AF_7725-AF_2322
MUC;1125;+0200;1730;+0200;0;AF_7725-AF_2322
MUC;1110;+0200;1725;+0200;0;AF_7383-AF_2322
MUC;1110;+0200;1730;+0200;0;AF_7383-AF_2322
MUC;0655;+0200;1320;+0200;0;KL_2032-KL_1795
MUC;1005;+0200;1640;+0200;0;KL_2048-KL_1797
MUC;0725;+0200;1425;+0200;0;AF_7381-AF_2022
MUC;0720;+0200;1425;+0200;0;AF_7721-AF_2022
MUC;0725;+0200;1430;+0200;0;AF_7381-AF_2022
MUC;0720;+0200;1430;+0200;0;AF_7721-AF_2022
MUC;0735;+0200;1455;+0200;0;IB_8545-IB_3536
MUC;1425;+0200;2210;+0200;0;AF_7727-AF_1122
MUC;1125;+0200;1945;+0200;0;AF_7725-AF_2522
MUC;1410;+0200;1945;+0200;0;AF_3206-AF_7629-AF_2522
MUC;0840;+0200;1425;+0200;0;AF_5860-AF_7641-AF_2022
MUC;0840;+0200;1430;+0200;0;AF_5860-AF_7641-AF_2022
MUC;0720;+0200;1320;+0200;0;KL_2309-KL_1228-KL_1795
MUC;1120;+0200;1725;+0200;0;AF_7861-AF_7785-AF_2322
MUC;1120;+0200;1730;+0200;0;AF_7861-AF_7785-AF_2322
MUC;0755;+0200;1425;+0200;0;AF_3202-AF_7625-AF_2022
MUC;1540;+0200;2210;+0200;0;AF_5651-AF_7789-AF_1122
MUC;0755;+0200;1430;+0200;0;AF_3202-AF_7625-AF_2022
MUC;1040;+0200;1725;+0200;0;AF_5767-AF_7665-AF_2322
MUC;1040;+0200;1730;+0200;0;AF_5767-AF_7665-AF_2322
MUC;1255;+0200;1945;+0200;0;AF_7611-AF_7667-AF_2522
MUC;0650;+0200;1425;+0200;0;AF_5858-AF_7653-AF_2022
MUC;0650;+0200;1425;+0200;0;AF_5858-AF_7641-AF_2022
MUC;0650;+0200;1430;+0200;0;AF_5858-AF_7641-AF_2022
MUC;0650;+0200;1430;+0200;0;AF_5858-AF_7653-AF_2022
MUC;0640;+0200;1425;+0200;0;AF_5657-AF_6153-AF_2022
MUC;0640;+0200;1430;+0200;0;AF_5657-AF_6153-AF_2022
MUC;1125;+0200;1915;+0200;0;KL_2311-KL_1234-KL_1799
MUC;1425;+0200;2215;+0200;0;KL_2313-KL_2016-KL_1801
MUC;1425;+0200;2215;+0200;0;KL_2313-KL_2022-KL_1801
MUC;1410;+0200;2210;+0200;0;AF_3206-AF_7637-AF_1122
MUC;1410;+0200;2210;+0200;0;AF_3206-AF_7629-AF_1122
MUC;1410;+0200;2210;+0200;0;AF_3206-AF_6267-AF_1122
MUC;1140;+0200;1945;+0200;0;AF_7691-AF_7667-AF_2522
MUC;1120;+0200;1945;+0200;0;AF_7861-AF_6121-AF_2522
MUC;1120;+0200;1945;+0200;0;AF_7861-AF_6123-AF_2522
MUC;1120;+0200;1945;+0200;0;AF_7861-AF_7785-AF_2522
OSL;1830;+0200;2235;+0200;0;KL_2034-KL_1151
OSL;0655;+0200;1105;+0200;0;KL_2032-KL_1143
OSL;0720;+0200;1205;+0200;0;AF_7721-AF_2074
OSL;1005;+0200;1610;+0200;0;KL_2048-KL_1147
OSL;0655;+0200;1325;+0200;0;KL_2032-KL_1145
OSL;0655;+0200;1330;+0200;0;KL_2032-KL_1217
OSL;0655;+0200;1335;+0200;0;AF_5364-AF_8311
OSL;1425;+0200;2110;+0200;0;AF_7727-AF_1274
OSL;1125;+0200;1820;+0200;0;AF_7725-AF_2374
OSL;1110;+0200;1820;+0200;0;AF_7383-AF_2374
OSL;1005;+0200;1850;+0200;0;KL_2048-KL_1149
OSL;0655;+0200;1610;+0200;0;KL_2032-KL_1147
OSL;1125;+0200;2110;+0200;0;AF_7725-AF_1274
OSL;1110;+0200;2110;+0200;0;AF_7383-AF_1274
OSL;0720;+0200;1325;+0200;0;KL_2309-KL_1228-KL_1145
OSL;0720;+0200;1330;+0200;0;KL_2309-KL_1228-KL_1217
OSL;0720;+0200;1335;+0200;0;AF_7721-AF_8228-AF_8311
OSL;1410;+0200;2110;+0200;0;AF_3206-AF_7629-AF_1274
OSL;1125;+0200;1850;+0200;0;KL_2311-KL_1234-KL_1149
OSL;1425;+0200;2205;+0200;0;KL_2313-KL_2022-KL_1221
OSL;1425;+0200;2205;+0200;0;AF_7727-AF_2040-AF_8315
OSL;1425;+0200;2205;+0200;0;KL_2313-KL_2016-KL_1221
OSL;1425;+0200;2205;+0200;0;AF_7727-AF_2240-AF_8315
OSL;1425;+0200;2235;+0200;0;KL_2313-KL_2022-KL_1151
OSL;1425;+0200;2235;+0200;0;KL_2313-KL_2016-KL_1151
OSL;0720;+0200;1610;+0200;0;KL_2309-KL_1230-KL_1147
OSL;0720;+0200;1610;+0200;0;KL_2309-KL_2008-KL_1147
OSL;0720;+0200;1610;+0200;0;KL_2309-KL_1228-KL_1147
OSL;0755;+0200;1820;+0200;0;AF_3202-AF_6261-AF_2374
OSL;0755;+0200;1820;+0200;0;AF_3202-AF_7627-AF_2374
OSL;0755;+0200;1820;+0200;0;AF_3202-AF_6259-AF_2374
OSL;0755;+0200;1820;+0200;0;AF_3202-AF_6281-AF_2374
OSL;0755;+0200;1820;+0200;0;AF_3202-AF_7625-AF_2374
OSL;1125;+0200;2205;+0200;0;AF_7725-AF_2040-AF_8315
OSL;1125;+0200;2205;+0200;0;KL_2311-KL_1234-KL_1221
OSL;1125;+0200;2205;+0200;0;AF_7725-AF_8234-AF_8315
OSL;1125;+0200;2205;+0200;0;KL_2311-KL_2022-KL_1221
OSL;1125;+0200;2205;+0200;0;KL_2311-KL_2016-KL_1221
OSL;1125;+0200;2205;+0200;0;AF_7725-AF_2240-AF_8315
STO;1830;+0200;2300;+0200;0;KL_2034-KL_1121
STO;0720;+0200;1205;+0200;0;AF_7721-AF_2062
STO;1800;+0200;2245;+0200;0;AF_7731-AF_1462
STO;0655;+0200;1215;+0200;0;KL_2032-KL_1109
STO;1005;+0200;1625;+0200;0;KL_2048-KL_1115
STO;0735;+0200;1400;+0200;0;IB_8545-IB_3322
STO;1125;+0200;1835;+0200;0;AF_7725-AF_1062
STO;1110;+0200;1835;+0200;0;AF_7383-AF_1062
STO;1425;+0200;2245;+0200;0;AF_7727-AF_1462
STO;1005;+0200;1900;+0200;0;KL_2048-KL_1117
STO;0655;+0200;1625;+0200;0;KL_2032-KL_1115
STO;0725;+0200;1835;+0200;0;AF_7381-AF_1062
STO;0720;+0200;1835;+0200;0;AF_7721-AF_1062
STO;1125;+0200;2245;+0200;0;AF_7725-AF_1462
STO;1110;+0200;2245;+0200;0;AF_7383-AF_1462
STO;1125;+0200;1900;+0200;0;KL_2311-KL_1234-KL_1117
STO;1410;+0200;2245;+0200;0;AF_3206-AF_7629-AF_1462
STO;1410;+0200;2245;+0200;0;AF_3206-AF_7637-AF_1462
STO;1410;+0200;2245;+0200;0;AF_3206-AF_6267-AF_1462
STO;1425;+0200;2300;+0200;0;KL_2313-KL_2016-KL_1121
STO;1425;+0200;2300;+0200;0;KL_2313-KL_2022-KL_1121
STO;1425;+0200;2300;+0200;0;KL_2313-KL_1244-KL_1121
STO;0720;+0200;1625;+0200;0;KL_2309-KL_1228-KL_1115
STO;0720;+0200;1625;+0200;0;KL_2309-KL_2008-KL_1115
STO;0720;+0200;1625;+0200;0;KL_2309-KL_1230-KL_1115
STO;0755;+0200;1835;+0200;0;AF_3202-AF_7625-AF_1062
STO;0755;+0200;1835;+0200;0;AF_3202-AF_6259-AF_1062
STO;0755;+0200;1835;+0200;0;AF_3202-AF_6281-AF_1062
STO;0755;+0200;1835;+0200;0;AF_3202-AF_7627-AF_1062
STO;0755;+0200;1835;+0200;0;AF_3202-AF_6261-AF_1062
STO;1125;+0200;2300;+0200;0;KL_2311-KL_1244-KL_1121
STO;1125;+0200;2300;+0200;0;KL_2311-KL_1234-KL_1121
STO;1125;+0200;2300;+0200;0;KL_2311-KL_2022-KL_1121
STO;1125;+0200;2300;+0200;0;KL_2311-KL_2016-KL_1121
STO;0720;+0200;1900;+0200;0;KL_2309-KL_2008-KL_1117
STO;0720;+0200;1900;+0200;0;KL_2309-KL_2012-KL_1117
STO;0720;+0200;1900;+0200;0;KL_2309-KL_1228-KL_1117
STO;0720;+0200;1900;+0200;0;KL_2309-KL_1234-KL_1117
STO;0720;+0200;1900;+0200;0;KL_2309-KL_1230-KL_1117
HAM;1830;+0200;2215;+0200;0;KL_2034-KL_1789
HAM;1005;+0200;1400;+0200;0;KL_2048-KL_1781
HAM;0650;+0200;1050;+0200;0;AF_5858-AF_5971
HAM;0720;+0200;1125;+0200;0;AF_7721-AF_1710
HAM;1305;+0200;1710;+0200;0;AF_5862-AF_5973
HAM;0655;+0200;1115;+0200;0;KL_2032-KL_1779
HAM;1125;+0200;1655;+0200;0;AF_7725-AF_2310
HAM;1110;+0200;1655;+0200;0;AF_7383-AF_2310
HAM;1425;+0200;2025;+0200;0;AF_7727-AF_2510
HAM;1120;+0200;1750;+0200;0;AF_7861-AF_4340
HAM;0655;+0200;1400;+0200;0;KL_2032-KL_1781
HAM;1005;+0200;1740;+0200;0;KL_2048-KL_1783
HAM;0840;+0200;1710;+0200;0;AF_5860-AF_5973
HAM;1125;+0200;2025;+0200;0;AF_7725-AF_2510
HAM;1110;+0200;2025;+0200;0;AF_7383-AF_2510
HAM;0725;+0200;1655;+0200;0;AF_7381-AF_2310
HAM;0720;+0200;1655;+0200;0;AF_7721-AF_2310
HAM;2235;+0200;0825;+0200;1;AF_7863-AF_4340
HAM;1125;+0200;1710;+0200;0;AF_7725-AF_7644-AF_5973
HAM;1125;+0200;1740;+0200;0;KL_2311-KL_1234-KL_1783
HAM;1410;+0200;2025;+0200;0;AF_3206-AF_7629-AF_2510
HAM;0720;+0200;1400;+0200;0;KL_2309-KL_1228-KL_1781
HAM;0720;+0200;1400;+0200;0;KL_2309-KL_1230-KL_1781
HAM;1425;+0200;2215;+0200;0;KL_2313-KL_1244-KL_1789
HAM;1425;+0200;2215;+0200;0;KL_2313-KL_2016-KL_1789
HAM;1425;+0200;2215;+0200;0;KL_2313-KL_2022-KL_1789
HAM;0755;+0200;1655;+0200;0;AF_3202-AF_7625-AF_2310
HAM;0755;+0200;1655;+0200;0;AF_3202-AF_6281-AF_2310
HAM;0755;+0200;1655;+0200;0;AF_3202-AF_6259-AF_2310
HAM;0755;+0200;1655;+0200;0;AF_3202-AF_6261-AF_2310
HAM;0725;+0200;1710;+0200;0;AF_7381-AF_7644-AF_5973
HAM;0725;+0200;1710;+0200;0;AF_7381-AF_7414-AF_5973
HAM;0720;+0200;1710;+0200;0;AF_7721-AF_7644-AF_5973
HAM;0720;+0200;1710;+0200;0;AF_7721-AF_7414-AF_5973
HAM;0720;+0200;1710;+0200;0;AF_7721-AF_7652-AF_5973
FRA;1125;+0200;1435;+0200;0;AF_7725-AF_1918
FRA;1830;+0200;2200;+0200;0;KL_2034-KL_1775
FRA;1800;+0200;2135;+0200;0;AF_7731-AF_1018
FRA;0720;+0200;1110;+0200;0;AF_7721-AF_1618
FRA;1425;+0200;1815;+0200;0;AF_7727-AF_2318
FRA;1005;+0200;1505;+0200;0;KL_2048-KL_1767
FRA;1425;+0200;1945;+0200;0;AF_7727-AF_2418
FRA;1125;+0200;1650;+0200;0;AF_7725-AF_2118
FRA;1110;+0200;1650;+0200;0;AF_7383-AF_2118
FRA;1005;+0200;1650;+0200;0;KL_2048-KL_1771
FRA;1005;+0200;1655;+0200;0;KL_2048-KL_1771
FRA;1125;+0200;1815;+0200;0;AF_7725-AF_2318
FRA;0735;+0200;1430;+0200;0;IB_8545-IB_3514
FRA;1110;+0200;1815;+0200;0;AF_7383-AF_2318
FRA;0725;+0200;1435;+0200;0;AF_7381-AF_1918
FRA;1425;+0200;2135;+0200;0;AF_7727-AF_1018
FRA;0720;+0200;1435;+0200;0;AF_7721-AF_1918
FRA;1005;+0200;1750;+0200;0;KL_2048-KL_1773
FRA;0655;+0200;1505;+0200;0;KL_2032-KL_1767
FRA;1125;+0200;1945;+0200;0;AF_7725-AF_2418
FRA;1120;+0200;1650;+0200;0;AF_7861-AF_7785-AF_2118
FRA;1410;+0200;1945;+0200;0;AF_3206-AF_7629-AF_2418
FRA;0840;+0200;1435;+0200;0;AF_5860-AF_7641-AF_1918
FRA;1540;+0200;2135;+0200;0;AF_5651-AF_7789-AF_1018
FRA;1125;+0200;1750;+0200;0;KL_2311-KL_1234-KL_1773
FRA;0755;+0200;1435;+0200;0;AF_3202-AF_7625-AF_1918
FRA;0755;+0200;1435;+0200;0;AF_7609-AF_7663-AF_1918
FRA;0755;+0200;1435;+0200;0;AF_3202-AF_6259-AF_1918
FRA;1255;+0200;1945;+0200;0;AF_7611-AF_7667-AF_2418
FRA;0740;+0200;1435;+0200;0;AF_5333-AF_7701-AF_1918
FRA;1120;+0200;1815;+0200;0;AF_7861-AF_7785-AF_2318
FRA;0715;+0200;1435;+0200;0;AF_3259-AF_5303-AF_1918
FRA;0715;+0200;1435;+0200;0;AF_3259-AF_7431-AF_1918
FRA;1410;+0200;2135;+0200;0;AF_3206-AF_6267-AF_1018
FRA;1410;+0200;2135;+0200;0;AF_3206-AF_7637-AF_1018
FRA;1410;+0200;2135;+0200;0;AF_3206-AF_7629-AF_1018
FRA;1040;+0200;1815;+0200;0;AF_5767-AF_7665-AF_2318
FRA;1425;+0200;2200;+0200;0;KL_2313-KL_2022-KL_1775
FRA;1425;+0200;2200;+0200;0;KL_2313-KL_2016-KL_1775
FRA;0650;+0200;1435;+0200;0;AF_5858-AF_7653-AF_1918
FRA;0650;+0200;1435;+0200;0;AF_5858-AF_7641-AF_1918
FRA;0720;+0200;1505;+0200;0;KL_2309-KL_2008-KL_1767
FRA;0720;+0200;1505;+0200;0;KL_2309-KL_1228-KL_1767
FRA;0720;+0200;1505;+0200;0;KL_2309-KL_1230-KL_1767
FRA;0640;+0200;1435;+0200;0;AF_5657-AF_6153-AF_1918
FRA;0640;+0200;1435;+0200;0;AF_5657-AF_6111-AF_1918
FRA;0640;+0200;1435;+0200;0;AF_5761-AF_7663-AF_1918
FRA;0640;+0200;1435;+0200;0;AF_5657-AF_7795-AF_1918
FRA;1140;+0200;1945;+0200;0;AF_7691-AF_7667-AF_2418
FRA;0840;+0200;1650;+0200;0;AF_5860-AF_7417-AF_2118
FRA;0840;+0200;1650;+0200;0;AF_5860-AF_7641-AF_2118
FRA;1120;+0200;1945;+0200;0;AF_7861-AF_6123-AF_2418
FRA;1120;+0200;1945;+0200;0;AF_7861-AF_6121-AF_2418
FRA;1120;+0200;1945;+0200;0;AF_7861-AF_7785-AF_2418
FRA;1305;+0200;2135;+0200;0;AF_5862-AF_7645-AF_1018
CPH;1005;+0200;1335;+0200;0;KL_2048-KL_1129
CPH;1800;+0200;2140;+0200;0;AF_7731-AF_1350
CPH;0655;+0200;1055;+0200;0;KL_2032-KL_1127
CPH;1830;+0200;2235;+0200;0;KL_2034-KL_1139
CPH;0720;+0200;1140;+0200;0;AF_7721-AF_2050
CPH;0720;+0200;1200;+0200;0;AF_7721-AF_2050
CPH;1125;+0200;1715;+0200;0;AF_7725-AF_1050
CPH;1125;+0200;1720;+0200;0;AF_7725-AF_1050
CPH;1110;+0200;1715;+0200;0;AF_7383-AF_1050
CPH;1110;+0200;1720;+0200;0;AF_7383-AF_1050
CPH;1005;+0200;1635;+0200;0;KL_2048-KL_1131
CPH;0655;+0200;1335;+0200;0;KL_2032-KL_1129
CPH;0725;+0200;1425;+0200;0;AF_7381-AF_2350
CPH;0720;+0200;1425;+0200;0;AF_7721-AF_2350
CPH;0725;+0200;1430;+0200;0;AF_7381-AF_2350
CPH;0720;+0200;1430;+0200;0;AF_7721-AF_2350
CPH;1425;+0200;2140;+0200;0;AF_7727-AF_1350
CPH;0735;+0200;1500;+0200;0;IB_8545-IB_3304
CPH;1005;+0200;1835;+0200;0;KL_2048-KL_1133
CPH;0655;+0200;1635;+0200;0;KL_2032-KL_1131
CPH;0725;+0200;1715;+0200;0;AF_7381-AF_1050
CPH;0720;+0200;1715;+0200;0;AF_7721-AF_1050
CPH;0725;+0200;1720;+0200;0;AF_7381-AF_1050
CPH;0720;+0200;1720;+0200;0;AF_7721-AF_1050
CPH;1125;+0200;2140;+0200;0;AF_7725-AF_1350
CPH;1110;+0200;2140;+0200;0;AF_7383-AF_1350
CPH;0840;+0200;1430;+0200;0;AF_5860-AF_7641-AF_2350
CPH;0720;+0200;1335;+0200;0;KL_2309-KL_1228-KL_1129
CPH;1125;+0200;1835;+0200;0;KL_2311-KL_1234-KL_1133
CPH;1410;+0200;2140;+0200;0;AF_3206-AF_7629-AF_1350
CPH;0650;+0200;1425;+0200;0;AF_5858-AF_7653-AF_2350
CPH;0650;+0200;1430;+0200;0;AF_5858-AF_7653-AF_2350
CPH;0650;+0200;1430;+0200;0;AF_5858-AF_7641-AF_2350
CPH;1425;+0200;2235;+0200;0;KL_2313-KL_2022-KL_1139
CPH;1425;+0200;2235;+0200;0;KL_2313-KL_2016-KL_1139
CPH;1425;+0200;2235;+0200;0;KL_2313-KL_1244-KL_1139
CPH;0840;+0200;1715;+0200;0;AF_5860-AF_7417-AF_1050
CPH;0840;+0200;1715;+0200;0;AF_5860-AF_7641-AF_1050
CPH;1305;+0200;2140;+0200;0;AF_5862-AF_7645-AF_1350
CPH;0840;+0200;1720;+0200;0;AF_5860-AF_7641-AF_1050
CPH;0840;+0200;1720;+0200;0;AF_5860-AF_7417-AF_1050
CPH;0720;+0200;1635;+0200;0;KL_2309-KL_1230-KL_1131
CPH;0720;+0200;1635;+0200;0;KL_2309-KL_2008-KL_1131
CPH;0720;+0200;1635;+0200;0;KL_2309-KL_2012-KL_1131
CPH;0720;+0200;1635;+0200;0;KL_2309-KL_1228-KL_1131
CPH;0755;+0200;1715;+0200;0;AF_3202-AF_6281-AF_1050
CPH;0755;+0200;1715;+0200;0;AF_3202-AF_7625-AF_1050
CPH;0755;+0200;1715;+0200;0;AF_3202-AF_6261-AF_1050
CPH;0755;+0200;1715;+0200;0;AF_3202-AF_6259-AF_1050
CPH;0755;+0200;1720;+0200;0;AF_3202-AF_6281-AF_1050
CPH;0755;+0200;1720;+0200;0;AF_3202-AF_6259-AF_1050
CPH;0755;+0200;1720;+0200;0;AF_3202-AF_6261-AF_1050
CPH;0755;+0200;1720;+0200;0;AF_3202-AF_7625-AF_1050
CPH;0650;+0200;1715;+0200;0;AF_5858-AF_7653-AF_1050
CPH;0650;+0200;1715;+0200;0;AF_5858-AF_7641-AF_1050
CPH;0650;+0200;1715;+0200;0;AF_5858-AF_7417-AF_1050
CPH;0650;+0200;1720;+0200;0;AF_5858-AF_7417-AF_1050
CPH;0650;+0200;1720;+0200;0;AF_5858-AF_7653-AF_1050
CPH;0650;+0200;1720;+0200;0;AF_5858-AF_7641-AF_1050
ZRH;1830;+0200;2225;+0200;0;KL_2034-KL_1969
ZRH;0720;+0200;1125;+0200;0;AF_7721-AF_5102
ZRH;0655;+0200;1105;+0200;0;KL_2032-KL_1957
ZRH;1425;+0200;1855;+0200;0;AF_7727-AF_5108
ZRH;1125;+0200;1705;+0200;0;AF_7725-AF_5106
ZRH;1110;+0200;1705;+0200;0;AF_7383-AF_5106
ZRH;1425;+0200;2020;+0200;0;AF_7727-AF_5110
ZRH;1005;+0200;1635;+0200;0;KL_2048-KL_1961
ZRH;0655;+0200;1330;+0200;0;KL_2032-KL_1959
ZRH;0725;+0200;1415;+0200;0;AF_7381-AF_5104
ZRH;0720;+0200;1415;+0200;0;AF_7721-AF_5104
ZRH;1125;+0200;1855;+0200;0;AF_7725-AF_5108
ZRH;1110;+0200;1855;+0200;0;AF_7383-AF_5108
ZRH;0840;+0200;1415;+0200;0;AF_5860-AF_7641-AF_5104
ZRH;1120;+0200;1705;+0200;0;AF_7861-AF_7785-AF_5106
ZRH;0720;+0200;1330;+0200;0;KL_2309-KL_1228-KL_1959
ZRH;1410;+0200;2020;+0200;0;AF_3206-AF_7629-AF_5110
ZRH;0755;+0200;1415;+0200;0;AF_3202-AF_7625-AF_5104
ZRH;1040;+0200;1705;+0200;0;AF_5767-AF_7665-AF_5106
ZRH;1125;+0200;1835;+0200;0;KL_2311-KL_1234-KL_1963
ZRH;1305;+0200;2020;+0200;0;AF_5862-AF_7645-AF_5110
ZRH;0650;+0200;1415;+0200;0;AF_5858-AF_7641-AF_5104
ZRH;0650;+0200;1415;+0200;0;AF_5858-AF_7653-AF_5104
ZRH;1255;+0200;2020;+0200;0;AF_7611-AF_7667-AF_5110
ZRH;0640;+0200;1415;+0200;0;AF_5657-AF_6153-AF_5104
ZRH;1120;+0200;1855;+0200;0;AF_7861-AF_7785-AF_5108
ZRH;1120;+0200;1855;+0200;0;AF_7861-AF_6121-AF_5108
ZRH;1425;+0200;2225;+0200;0;KL_2313-KL_2016-KL_1969
ZRH;1425;+0200;2225;+0200;0;KL_2313-KL_1244-KL_1969
ZRH;1425;+0200;2225;+0200;0;KL_2313-KL_2022-KL_1969
ZRH;1040;+0200;1855;+0200;0;AF_5767-AF_7665-AF_5108
HEL;1830;+0200;0015;+0300;1;KL_2034-KL_1171
HEL;0655;+0200;1310;+0300;0;KL_2032-KL_1167
HEL;1005;+0200;1710;+0300;0;KL_2048-KL_1169
HEL;0720;+0200;1450;+0300;0;AF_7721-AF_2298
HEL;1125;+0200;1915;+0300;0;AF_7725-AF_1098
HEL;1125;+0200;1920;+0300;0;AF_7725-AF_1098
HEL;1110;+0200;1915;+0300;0;AF_7383-AF_1098
HEL;1110;+0200;1920;+0300;0;AF_7383-AF_1098
HEL;1425;+0200;2255;+0300;0;AF_7727-AF_1798
HEL;0725;+0200;1615;+0300;0;AF_7381-AF_1498
HEL;0720;+0200;1615;+0300;0;AF_7721-AF_1498
HEL;0655;+0200;1710;+0300;0;KL_2032-KL_1169
HEL;1125;+0200;2255;+0300;0;AF_7725-AF_1798
HEL;1110;+0200;2255;+0300;0;AF_7383-AF_1798
HEL;0725;+0200;1915;+0300;0;AF_7381-AF_1098
HEL;0720;+0200;1915;+0300;0;AF_7721-AF_1098
HEL;0725;+0200;1920;+0300;0;AF_7381-AF_1098
HEL;0720;+0200;1920;+0300;0;AF_7721-AF_1098
HEL;0720;+0200;1710;+0300;0;KL_2309-KL_2008-KL_1169
HEL;0720;+0200;1710;+0300;0;KL_2309-KL_1230-KL_1169
HEL;0720;+0200;1710;+0300;0;KL_2309-KL_1228-KL_1169
HEL;1425;+0200;0015;+0300;1;KL_2313-KL_2016-KL_1171
HEL;1425;+0200;0015;+0300;1;KL_2313-KL_2022-KL_1171