PAR;0725;+0200;0910;+0200;0;AF_1083
PAR;1005;+0200;1150;+0200;0;AF_1383
PAR;1015;+0200;1200;+0200;0;AF_1383
PAR;1535;+0200;1720;+0200;0;AF_1983
PAR;1540;+0200;1725;+0200;0;AF_1983
PAR;1540;+0200;1725;+0200;0;JL_5316
PAR;1655;+0200;1840;+0200;0;OK_766
PAR;1715;+0200;1900;+0200;0;AF_1987
PAR;1745;+0200;1930;+0200;0;AF_1783
PAR;2035;+0200;2220;+0200;0;AF_2483
PAR;0715;+0200;0905;+0200;0;OK_758
PAR;1305;+0200;1455;+0200;0;OK_760
PAR;2045;+0200;2235;+0200;0;OK_764
PAR;0710;+0200;1025;+0200;0;LH_1697-LH_2228
PAR;1345;+0200;1700;+0200;0;LH_1397-LH_1040
PAR;1930;+0200;2245;+0200;0;LH_1401-LH_1052
PAR;0955;+0200;1315;+0200;0;LH_1393-LH_1034
PAR;1720;+0200;2040;+0200;0;LH_1693-LH_2238
PAR;1820;+0200;2140;+0200;0;LH_1399-LH_1050
PAR;1250;+0200;1620;+0200;0;LH_1691-LH_2232
PAR;1125;+0200;1500;+0200;0;OS_706-OS_415
PAR;1010;+0200;1350;+0200;0;LX_1485-LX_638
PAR;1840;+0200;2220;+0200;0;OS_710-OS_7117
PAR;0700;+0200;1045;+0200;0;KL_3120-KL_2003
PAR;1225;+0200;1610;+0200;0;LX_1473-LX_4608
PAR;0600;+0200;0955;+0200;0;LH_1403-LH_1028
PAR;1415;+0200;1810;+0200;0;KL_3124-KL_1243
PAR;0645;+0200;1045;+0200;0;SN_2816-SN_3633
PAR;0810;+0200;1210;+0200;0;OS_704-OS_7111
PAR;1330;+0200;1735;+0200;0;AF_4347-AF_6131
PAR;1400;+0200;1810;+0200;0;KL_1356-KL_1243
PAR;1510;+0200;1920;+0200;0;OS_708-OS_417
PAR;1330;+0200;1745;+0200;0;AF_4347-AF_7787
PAR;0925;+0200;1345;+0200;0;KL_1352-KL_1233
PAR;1235;+0200;1700;+0200;0;LH_1395-LH_1040
PAR;1250;+0200;1715;+0200;0;LH_1691-LH_2234
PAR;1820;+0200;2245;+0200;0;LH_1399-LH_1052
PAR;0645;+0200;1115;+0200;0;SN_2816-SN_3633
PAR;1005;+0200;1435;+0200;0;MA_821-MA_532
PAR;1345;+0200;1815;+0200;0;LH_1397-LH_1042
PAR;1330;+0200;1805;+0200;0;AF_4347-AF_6133
PAR;1450;+0200;1930;+0200;0;LX_1487-LX_644
PAR;1730;+0200;2210;+0200;0;AF_5904-AF_7649
PAR;0815;+0200;1300;+0200;0;QF_3416-QF_3413
PAR;0815;+0200;1300;+0200;0;BA_853-BA_308
PAR;1715;+0200;2200;+0200;0;KL_3122-KL_2023
PAR;1215;+0200;1705;+0200;0;BA_855-BA_316
PAR;0600;+0200;1055;+0200;0;LH_1403-LH_1030
PAR;0955;+0200;1450;+0200;0;LH_1393-LH_1036
PAR;1400;+0200;1855;+0200;0;AA_6742-AA_6509
PAR;1705;+0200;2200;+0200;0;KL_3122-KL_2023
PAR;0700;+0200;1200;+0200;0;KL_3120-KL_2007
PAR;1415;+0200;1915;+0200;0;KL_3124-KL_1245
PAR;0710;+0200;1215;+0200;0;LH_1697-LH_2230
PAR;1330;+0200;1835;+0200;0;AF_4347-AF_6135
PAR;1605;+0200;2110;+0200;0;BA_861-BA_324
PAR;1605;+0200;2110;+0200;0;AA_6506-AA_6357
PAR;1225;+0200;1735;+0200;0;LX_1473-LX_4610
PAR;1625;+0200;2135;+0200;0;LH_3053-LH_3226
PAR;1400;+0200;1915;+0200;0;KL_1356-KL_1245
PAR;1555;+0200;2110;+0200;0;AA_6506-AA_6357
PAR;1720;+0200;2235;+0200;0;LH_1693-LH_2240
PAR;0815;+0200;1335;+0200;0;BA_853-BA_334
PAR;0815;+0200;1335;+0200;0;QF_3416-QF_3397
PAR;1330;+0200;1850;+0200;0;AF_4347-AF_6137
PAR;1245;+0200;1810;+0200;0;AF_5902-AF_7645
PAR;1245;+0200;1810;+0200;0;AF_5902-AF_7415
PAR;1510;+0200;2040;+0200;0;OS_708-OS_7113
PAR;1605;+0200;2135;+0200;0;AA_6506-AA_6231
PAR;1605;+0200;2135;+0200;0;BA_861-BA_338
LON;1930;+0200;2030;+0100;0;QF_3418
LON;1930;+0200;2030;+0100;0;BA_857
LON;0815;+0200;0925;+0100;0;BA_853
LON;0815;+0200;0925;+0100;0;QF_3416
LON;0825;+0200;0935;+0100;0;AA_6632
LON;1400;+0200;1510;+0100;0;AA_6742
LON;1555;+0200;1705;+0100;0;AA_6506
LON;1605;+0200;1715;+0100;0;JL_7722
LON;1605;+0200;1715;+0100;0;BA_861
LON;1605;+0200;1715;+0100;0;AA_6506
LON;1215;+0200;1330;+0100;0;AA_6634
LON;1215;+0200;1330;+0100;0;BA_855
LON;0925;+0200;1135;+0100;0;LH_3051-LH_3382
LON;0645;+0200;0915;+0100;0;SN_2816-SN_2093
LON;1625;+0200;1855;+0100;0;LH_3053-LH_3386
LON;0600;+0200;0835;+0100;0;BD_2997-BD_3472
LON;0600;+0200;0835;+0100;0;UA_8734-UA_9549
LON;0600;+0200;0835;+0100;0;LH_1403-LH_928
LON;1345;+0200;1620;+0100;0;BD_2991-BD_3468
LON;1345;+0200;1620;+0100;0;LH_1397-LH_934
LON;1840;+0200;2120;+0100;0;OS_710-OS_8929
LON;1930;+0200;2210;+0100;0;LH_1401-LH_922
LON;1930;+0200;2210;+0100;0;BD_2995-BD_3194
LON;1540;+0200;1825;+0100;0;AF_1983-AF_1080
LON;1535;+0200;1825;+0100;0;AF_1983-AF_1080
LON;1720;+0200;2010;+0100;0;LH_1693-LH_2482
LON;1415;+0200;1710;+0100;0;KL_3124-KL_1029
LON;0600;+0200;0900;+0100;0;LH_1403-LH_902
LON;0600;+0200;0900;+0100;0;BD_2997-BD_3214
LON;0600;+0200;0900;+0100;0;UA_8734-UA_8856
LON;0725;+0200;1025;+0100;0;AF_1083-AF_1980
LON;0925;+0200;1225;+0100;0;LH_1689-LH_2474
LON;1450;+0200;1750;+0100;0;LX_1487-LX_326
LON;1450;+0200;1750;+0100;0;LX_1487-LX_466
LON;0710;+0200;1015;+0100;0;LH_1697-LH_2472
LON;0725;+0200;1030;+0100;0;AF_1083-AF_1980
LON;1345;+0200;1650;+0100;0;LH_1397-LH_898
LON;0600;+0200;0910;+0100;0;LH_1403-LH_896
LON;0915;+0200;1225;+0100;0;LH_1689-LH_2474
LON;1125;+0200;1435;+0100;0;OS_706-OS_461
LON;1345;+0200;1655;+0100;0;BD_2991-BD_3220
LON;1345;+0200;1655;+0100;0;LH_1397-LH_914
LON;1400;+0200;1710;+0100;0;KL_1356-KL_1029
LON;0715;+0200;1030;+0100;0;AM_7000-AM_6019
LON;1235;+0200;1550;+0100;0;LH_1395-LH_910
LON;1715;+0200;2030;+0100;0;AF_1987-AF_1380
LON;1415;+0200;1735;+0100;0;KL_3124-KL_1023
LON;0645;+0200;1015;+0100;0;SN_2816-SN_2093
LON;1015;+0200;1345;+0100;0;AF_1383-AF_2280
LON;1510;+0200;1840;+0100;0;OS_708-OS_455
LON;0955;+0200;1330;+0100;0;LH_1393-LH_906
LON;0955;+0200;1330;+0100;0;UA_9061-UA_8815
LON;0955;+0200;1330;+0100;0;BD_2993-BD_3218
LON;1250;+0200;1625;+0100;0;LH_1691-LH_2478
LON;1400;+0200;1735;+0100;0;KL_1356-KL_1023
LON;1715;+0200;2050;+0100;0;KL_3122-KL_1033
LON;1005;+0200;1345;+0100;0;AF_1383-AF_2280
LON;1225;+0200;1605;+0100;0;LX_1473-LX_348
LON;1540;+0200;1920;+0100;0;AF_1983-AF_1180
LON;1755;+0200;2135;+0100;0;SN_2812-SN_2103
LON;0700;+0200;1045;+0100;0;KL_3120-KL_1009
LON;1235;+0200;1620;+0100;0;LH_1395-LH_934
LON;1535;+0200;1920;+0100;0;AF_1983-AF_1180
LON;1705;+0200;2050;+0100;0;KL_3122-KL_1033
LON;1820;+0200;2210;+0100;0;LH_1399-LH_922
LON;1345;+0200;1750;+0100;0;BD_2991-BD_3234
LON;1345;+0200;1750;+0100;0;LH_1397-LH_916
LON;1235;+0200;1650;+0100;0;LX_1461-LX_4426
LON;1235;+0200;1650;+0100;0;LH_1395-LH_898
LON;1235;+0200;1655;+0100;0;LH_1395-LH_914
LON;0925;+0200;1350;+0100;0;KL_1352-KL_1017
LON;0955;+0200;1420;+0100;0;BD_2993-BD_3208
LON;0955;+0200;1420;+0100;0;LH_1393-LH_908
LON;1450;+0200;1915;+0100;0;LX_1487-LX_454
LON;1710;+0200;2135;+0100;0;BD_5482-BD_5437
LON;1710;+0200;2135;+0100;0;SN_2812-SN_2103
LON;0600;+0200;1035;+0100;0;UA_8734-UA_8811
LON;1450;+0200;1925;+0100;0;LX_1487-LX_338
LON;0600;+0200;1040;+0100;0;BD_2997-BD_3216
LON;0600;+0200;1040;+0100;0;UA_8734-UA_8811
LON;0600;+0200;1040;+0100;0;LH_1403-LH_904
MAD;1110;+0200;1400;+0200;0;IB_7885
MAD;1110;+0200;1400;+0200;0;OK_700
MAD;2005;+0200;2255;+0200;0;OK_702
MAD;2005;+0200;2255;+0200;0;KE_7685
MAD;2005;+0200;2255;+0200;0;IB_7889
MAD;2005;+0200;2300;+0200;0;KE_7685
MAD;0710;+0200;1135;+0200;0;LH_1697-LH_1800
MAD;0955;+0200;1425;+0200;0;LH_1393-LH_1114
MAD;0955;+0200;1425;+0200;0;BD_2993-BD_2918
MAD;0955;+0200;1425;+0200;0;JK_8961-JK_8982
MAD;1250;+0200;1720;+0200;0;LH_1691-LH_1804
MAD;1345;+0200;1815;+0200;0;LH_1397-LH_1116
MAD;1345;+0200;1815;+0200;0;BD_2991-BD_2916
MAD;1345;+0200;1815;+0200;0;JK_8960-JK_8904
MAD;1005;+0200;1440;+0200;0;AF_1383-AF_1600
MAD;1010;+0200;1445;+0200;0;LX_1485-LX_2026
MAD;1720;+0200;2155;+0200;0;LH_1693-LH_1806
MAD;1720;+0200;2155;+0200;0;NH_6068-NH_6097
MAD;0645;+0200;1125;+0200;0;SN_2816-SN_3721
MAD;1540;+0200;2020;+0200;0;AF_1983-AF_2000
MAD;1535;+0200;2020;+0200;0;AF_1983-AF_2000
MAD;0925;+0200;1415;+0200;0;LH_1689-LH_1802
MAD;1450;+0200;1940;+0200;0;LX_1487-LX_2032
MAD;1755;+0200;2245;+0200;0;SN_2812-SN_3731
MAD;0915;+0200;1415;+0200;0;JK_8817-JK_8874
MAD;0915;+0200;1415;+0200;0;LH_1689-LH_1802
MAD;0700;+0200;1205;+0200;0;KL_3120-KL_1701
MAD;1040;+0200;1600;+0200;0;IB_7887-IB_2761
MAD;1820;+0200;2350;+0200;0;LH_1399-LH_1120
MAD;1820;+0200;2350;+0200;0;NH_6198-NH_6141
MAD;1415;+0200;1950;+0200;0;KL_3124-KL_1709
MAD;1710;+0200;2245;+0200;0;SN_2812-SN_3731
MAD;1710;+0200;2245;+0200;0;BD_5482-BD_5317
MAD;0600;+0200;1140;+0200;0;LH_1403-LH_1112
MAD;1235;+0200;1815;+0200;0;LH_1395-LH_1116
MAD;0925;+0200;1515;+0200;0;KL_1352-KL_1703
MAD;1400;+0200;1950;+0200;0;KL_1356-KL_1709
MAD;0935;+0200;1530;+0200;0;LO_524-LO_433
MAD;1015;+0200;1610;+0200;0;AF_1383-AF_1700
MAD;1715;+0200;2310;+0200;0;KL_3122-KL_1707
MAD;0825;+0200;1430;+0200;0;AA_6632-AA_5615
MAD;1005;+0200;1610;+0200;0;AF_1383-AF_1700
MAD;1540;+0200;2145;+0200;0;AF_1983-AF_2100
MAD;1705;+0200;2310;+0200;0;KL_3122-KL_1707
MAD;1535;+0200;2145;+0200;0;AF_1983-AF_2100
MAD;0955;+0200;1615;+0200;0;LH_1393-LH_6800
MAD;0955;+0200;1615;+0200;0;JK_8961-JK_126
MAD;1215;+0200;1840;+0200;0;BA_855-BA_462
MAD;1215;+0200;1840;+0200;0;AA_6634-AA_6282
MAD;1625;+0200;2255;+0200;0;LH_3053-LH_3294
MAD;1225;+0200;1900;+0200;0;LX_1473-LX_2048
MAD;1215;+0200;1855;+0200;0;BA_855-BA_7063
MAD;1345;+0200;2025;+0200;0;JK_8960-JK_118
MAD;1345;+0200;2025;+0200;0;LH_1397-LH_6802
MAD;1605;+0200;2300;+0200;0;JL_7722-JL_7703
MAD;1540;+0200;2240;+0200;0;AF_1983-AF_1730
MAD;0710;+0200;1415;+0200;0;LH_1697-LH_1802
MAD;1535;+0200;2240;+0200;0;AF_1983-AF_1730
MAD;0725;+0200;1440;+0200;0;AF_1083-AF_1600
MAD;1015;+0200;1730;+0200;0;AF_1383-AF_1800
CPH;0700;+0200;0820;+0200;0;OK_504
CPH;1700;+0200;1820;+0200;0;OK_508
CPH;1945;+0200;2120;+0200;0;QI_158
CPH;1840;+0200;2200;+0200;0;OS_710-OS_307
CPH;1250;+0200;1615;+0200;0;LH_1691-LH_2444
CPH;1720;+0200;2045;+0200;0;LH_1693-LH_2446
CPH;0710;+0200;1040;+0200;0;LH_1697-LH_6260
CPH;1235;+0200;1610;+0200;0;LH_1395-LH_828
CPH;1930;+0200;2315;+0200;0;BD_2995-BD_3422
CPH;1930;+0200;2315;+0200;0;LH_1401-LH_832
CPH;1625;+0200;2015;+0200;0;LH_3053-LH_6214
CPH;1755;+0200;2145;+0200;0;SN_2812-SN_2265
CPH;0700;+0200;1055;+0200;0;KL_3120-KL_1127
CPH;1010;+0200;1405;+0200;0;LX_1485-LX_1270
CPH;0840;+0200;1240;+0200;0;SN_2808-SN_2257
CPH;1510;+0200;1915;+0200;0;OS_708-OS_305
CPH;0925;+0200;1335;+0200;0;KL_1352-KL_1129
CPH;0845;+0200;1300;+0200;0;BD_5478-BD_5457
CPH;0845;+0200;1300;+0200;0;UA_9926-UA_9911
CPH;0955;+0200;1410;+0200;0;LH_1393-LH_6222
CPH;1235;+0200;1650;+0200;0;LX_1461-LX_1290
CPH;1355;+0200;1810;+0200;0;UA_9316-UA_9074
CPH;0840;+0200;1300;+0200;0;UA_9926-UA_9911
CPH;0840;+0200;1300;+0200;0;SN_2808-SN_2257
CPH;1005;+0200;1425;+0200;0;AF_1383-AF_2350
CPH;1355;+0200;1815;+0200;0;UA_9316-UA_9074
CPH;1415;+0200;1835;+0200;0;KL_3124-KL_1133
CPH;1005;+0200;1430;+0200;0;AF_1383-AF_2350
CPH;1345;+0200;1810;+0200;0;UA_9316-UA_9074
CPH;1345;+0200;1810;+0200;0;BD_2991-BD_3420
CPH;1450;+0200;1915;+0200;0;LX_1487-LX_1272
CPH;1715;+0200;2140;+0200;0;AF_1987-AF_1350
CPH;1345;+0200;1815;+0200;0;LH_1397-LH_830
CPH;1345;+0200;1815;+0200;0;UA_9316-UA_9074
CPH;1430;+0200;1900;+0200;0;LO_528-LO_5453
CPH;0725;+0200;1200;+0200;0;AF_1083-AF_2050
CPH;1400;+0200;1835;+0200;0;KL_1356-KL_1133
CPH;1710;+0200;2145;+0200;0;BD_5482-BD_5465
CPH;1710;+0200;2145;+0200;0;SN_2812-SN_2265
CPH;1720;+0200;2155;+0200;0;LH_1693-LH_6262
CPH;1130;+0200;1615;+0200;0;AY_716-AY_663
CPH;1710;+0200;2200;+0200;0;BD_5482-BD_3730
CPH;0600;+0200;1055;+0200;0;LH_1403-LH_6070
CPH;1820;+0200;2315;+0200;0;LH_1399-LH_832
CPH;1820;+0200;2315;+0200;0;NH_6198-NH_6181
CPH;0710;+0200;1215;+0200;0;LH_1697-LH_2442
CPH;1215;+0200;1725;+0200;0;BA_855-BA_818
CPH;1430;+0200;1940;+0200;0;LO_528-LO_461
CPH;0925;+0200;1445;+0200;0;LH_3051-LH_6042
CPH;0925;+0200;1445;+0200;0;LH_1689-LH_6052
CPH;1715;+0200;2235;+0200;0;KL_3122-KL_1139
CPH;1345;+0200;1910;+0200;0;LH_1397-LH_6032
CPH;0915;+0200;1445;+0200;0;LH_1689-LH_6052
CPH;1705;+0200;2235;+0200;0;KL_3122-KL_1139
HEL;1130;+0200;1440;+0300;0;AY_716
HEL;1250;+0200;1600;+0300;0;OK_480
HEL;1940;+0200;2250;+0300;0;AY_718
HEL;1430;+0200;1925;+0300;0;LO_528-LO_471
HEL;1840;+0200;2340;+0300;0;OS_710-OS_347
HEL;0710;+0200;1220;+0300;0;LH_1697-LH_2462
HEL;1250;+0200;1810;+0300;0;LH_1691-LH_2464
HEL;1235;+0200;1800;+0300;0;LH_1395-LH_850
HEL;1235;+0200;1800;+0300;0;TP_7931-TP_7906
HEL;0810;+0200;1350;+0300;0;OS_704-OS_345
HEL;0810;+0200;1350;+0300;0;OU_5541-OU_5546
HEL;1720;+0200;2300;+0300;0;TP_7943-TP_7926
HEL;1720;+0200;2300;+0300;0;LH_1693-LH_2466
HEL;1930;+0200;0130;+0300;1;LH_1401-LH_854
HEL;1930;+0200;0130;+0300;1;BD_2995-BD_3124
HEL;1930;+0200;0130;+0300;1;TP_7935-TP_7910
HEL;0700;+0200;1310;+0300;0;KL_3120-KL_1167
HEL;0600;+0200;1215;+0300;0;LH_1403-LH_846
HEL;1710;+0200;2325;+0300;0;SN_2812-SN_6755
HEL;1230;+0200;1855;+0300;0;FV_222-FV_229
HEL;0645;+0200;1320;+0300;0;SN_2816-SN_6751
HEL;1010;+0200;1655;+0300;0;LX_1485-LX_4790
HEL;1715;+0200;0015;+0300;1;KL_3122-KL_1171
HEL;1705;+0200;0015;+0300;1;KL_3122-KL_1171
HEL;1820;+0200;0130;+0300;1;LH_1399-LH_854
HEL;0600;+0200;1315;+0300;0;UA_8734-UA_8735
HEL;1540;+0200;2255;+0300;0;AF_1983-AF_1798
HEL;1535;+0200;2255;+0300;0;AF_1983-AF_1798
HEL;0725;+0200;1450;+0300;0;AF_1083-AF_2298
HEL;1555;+0200;2335;+0300;0;AA_6506-AA_6463
HEL;0925;+0200;1710;+0300;0;KL_1352-KL_1169
HEL;0955;+0200;1740;+0300;0;UA_9061-UA_9022
HEL;1015;+0200;1800;+0300;0;SU_2011-SU_2200
STO;1155;+0200;1355;+0200;0;OK_490
STO;2000;+0200;2200;+0200;0;OK_494
STO;1840;+0200;2225;+0200;0;OS_710-OS_317
STO;1125;+0200;1515;+0200;0;OS_706-OS_313
STO;0710;+0200;1110;+0200;0;LH_1697-LH_2414
STO;0955;+0200;1415;+0200;0;LH_1393-LH_6226
STO;1720;+0200;2140;+0200;0;LH_1693-LH_2420
STO;1930;+0200;2350;+0200;0;BD_2995-BD_3526
STO;1930;+0200;2350;+0200;0;LH_1401-LH_808
STO;1130;+0200;1555;+0200;0;AY_716-AY_637
STO;1710;+0200;2135;+0200;0;SN_2812-SN_2309
STO;1710;+0200;2135;+0200;0;BD_5482-BD_5469
STO;1510;+0200;1940;+0200;0;OS_708-OS_315
STO;0925;+0200;1400;+0200;0;LH_3051-LH_2922
STO;0645;+0200;1125;+0200;0;SN_2816-SN_2303
STO;0845;+0200;1325;+0200;0;BD_5478-BD_5473
STO;1250;+0200;1730;+0200;0;LH_1691-LH_2418
STO;0840;+0200;1325;+0200;0;SN_2808-SN_2305
STO;1415;+0200;1900;+0200;0;KL_3124-KL_1117
STO;1010;+0200;1505;+0200;0;LX_1485-LX_1250
STO;1345;+0200;1840;+0200;0;LH_1397-LH_804
STO;1345;+0200;1840;+0200;0;BD_2991-BD_3524
STO;1400;+0200;1900;+0200;0;KL_1356-KL_1117
STO;1745;+0200;2245;+0200;0;AF_1783-AF_1462
STO;0700;+0200;1215;+0200;0;KL_3120-KL_1109
STO;1145;+0200;1700;+0200;0;B2_564-B2_855
STO;1130;+0200;1650;+0200;0;AY_716-AY_645
STO;1625;+0200;2145;+0200;0;LH_3053-LH_6284
STO;1130;+0200;1700;+0200;0;AY_716-AY_983
STO;1715;+0200;2245;+0200;0;AF_1987-AF_1462
STO;1820;+0200;2350;+0200;0;LH_1399-LH_808
STO;1820;+0200;2350;+0200;0;NH_6198-NH_6189
STO;1715;+0200;2300;+0200;0;KL_3122-KL_1121
STO;0600;+0200;1150;+0200;0;BD_2997-BD_3522
STO;0600;+0200;1150;+0200;0;LH_1403-LH_802
STO;0925;+0200;1515;+0200;0;LH_1689-LH_2416
STO;1705;+0200;2300;+0200;0;KL_3122-KL_1121
STO;0915;+0200;1515;+0200;0;LH_1689-LH_2416
STO;1235;+0200;1840;+0200;0;LH_1395-LH_804
STO;1400;+0200;2010;+0200;0;AA_6742-AA_6454
STO;0845;+0200;1505;+0200;0;VV_212-VV_215
STO;1400;+0200;2025;+0200;0;AA_6742-AA_6454
STO;0825;+0200;1500;+0200;0;AA_6632-AA_6529
STO;0645;+0200;1325;+0200;0;SN_2816-SN_2305
STO;1130;+0200;1810;+0200;0;AY_716-AY_647
STO;1345;+0200;2025;+0200;0;LH_1397-LH_6228
STO;0815;+0200;1500;+0200;0;QF_3416-QF_3353
STO;0815;+0200;1500;+0200;0;BA_853-BA_778
STO;1250;+0200;1935;+0200;0;LH_1691-LH_6188
STO;0925;+0200;1625;+0200;0;KL_1352-KL_1115
STO;0810;+0200;1515;+0200;0;OS_704-OS_313
STO;0810;+0200;1515;+0200;0;OU_5541-OU_5560
STO;1540;+0200;2245;+0200;0;AF_1983-AF_1462
STO;1540;+0200;2245;+0200;0;JL_5316-JL_5311
STO;0810;+0200;1520;+0200;0;OU_5541-OU_5560
STO;1535;+0200;2245;+0200;0;AF_1983-AF_1462
STO;1430;+0200;2145;+0200;0;LO_528-LO_455
STO;1510;+0200;2225;+0200;0;OS_708-OS_317
STO;1510;+0200;2225;+0200;0;OU_5543-OU_5558
STO;1450;+0200;2220;+0200;0;LX_1487-LX_4708
MIL;0700;+0200;0830;+0200;0;OK_718
MIL;1705;+0200;1835;+0200;0;OK_722
MIL;0925;+0200;1220;+0200;0;LH_1689-LH_1856
MIL;1450;+0200;1745;+0200;0;LX_1487-LX_1622
MIL;1720;+0200;2015;+0200;0;NH_6068-NH_6055
MIL;1720;+0200;2015;+0200;0;LH_1693-LH_1864
MIL;0710;+0200;1015;+0200;0;LH_1697-LH_1854
MIL;0915;+0200;1220;+0200;0;LH_1689-LH_1856
MIL;1010;+0200;1315;+0200;0;LX_1485-LX_1628
MIL;1345;+0200;1650;+0200;0;LH_1397-LH_274
MIL;1345;+0200;1650;+0200;0;BD_2991-BD_2924
MIL;1625;+0200;1935;+0200;0;LH_3053-LH_3184
MIL;1840;+0200;2150;+0200;0;OS_710-OS_517
MIL;1250;+0200;1615;+0200;0;LH_1691-LH_1860
MIL;1930;+0200;2300;+0200;0;LH_1401-LH_258
MIL;1840;+0200;2220;+0200;0;OS_710-OS_539
MIL;1730;+0200;2115;+0200;0;AF_5904-AF_3298
MIL;1345;+0200;1735;+0200;0;LH_1397-LH_254
MIL;1450;+0200;1840;+0200;0;LX_1487-LX_1636
MIL;0600;+0200;0955;+0200;0;LH_1403-LH_270
MIL;0955;+0200;1350;+0200;0;LH_1393-LH_252
MIL;1245;+0200;1640;+0200;0;AF_5902-AF_3296
MIL;1820;+0200;2215;+0200;0;LH_1399-LH_278
MIL;1015;+0200;1415;+0200;0;AF_1383-AF_1714
MIL;0645;+0200;1050;+0200;0;SN_2816-SN_3155
MIL;1510;+0200;1915;+0200;0;OS_708-OS_515
MIL;1540;+0200;1945;+0200;0;AF_1983-AF_2112
MIL;1005;+0200;1415;+0200;0;AF_1383-AF_1714
MIL;1535;+0200;1945;+0200;0;AF_1983-AF_2112
MIL;1235;+0200;1650;+0200;0;LH_1395-LH_274
MIL;1540;+0200;2000;+0200;0;AF_1983-AF_2214
MIL;0700;+0200;1125;+0200;0;KL_3120-KL_3623
MIL;1415;+0200;1840;+0200;0;KL_3124-KL_1621
MIL;1535;+0200;2000;+0200;0;AF_1983-AF_2214
MIL;1745;+0200;2210;+0200;0;AF_1783-AF_9812
MIL;0600;+0200;1035;+0200;0;LH_1403-LH_248
MIL;0645;+0200;1120;+0200;0;SN_2816-SN_3147
MIL;1015;+0200;1450;+0200;0;AF_1383-AF_1712
MIL;1715;+0200;2150;+0200;0;KL_3122-KL_3417
MIL;1400;+0200;1840;+0200;0;KL_1356-KL_1621
MIL;1755;+0200;2235;+0200;0;SN_2812-SN_3161
MIL;1820;+0200;2300;+0200;0;LH_1399-LH_258
MIL;1820;+0200;2300;+0200;0;NH_6198-NH_6125
MIL;0925;+0200;1410;+0200;0;KL_1352-KL_3419
MIL;1005;+0200;1450;+0200;0;AF_1383-AF_1712
MIL;1705;+0200;2150;+0200;0;KL_3122-KL_3417
MIL;0700;+0200;1150;+0200;0;KL_3120-KL_1623
MIL;1745;+0200;2235;+0200;0;AF_1783-AF_2514
MIL;0925;+0200;1420;+0200;0;LH_1689-LH_1858
MIL;1345;+0200;1840;+0200;0;LH_1397-LH_276
MIL;1715;+0200;2210;+0200;0;AF_1987-AF_9812
MIL;1235;+0200;1735;+0200;0;LH_1395-LH_254
MIL;1715;+0200;2215;+0200;0;KL_3122-KL_1635
MIL;0700;+0200;1205;+0200;0;KL_3120-KL_1623
MIL;0915;+0200;1420;+0200;0;LH_1689-LH_1858
MIL;1345;+0200;1850;+0200;0;LH_1397-LH_276
MIL;1605;+0200;2110;+0200;0;AA_6506-AA_6383
MIL;0710;+0200;1220;+0200;0;LH_1697-LH_1856
MIL;1705;+0200;2215;+0200;0;KL_3122-KL_1635
MIL;0645;+0200;1200;+0200;0;SN_2816-SN_3147
MIL;1720;+0200;2235;+0200;0;LH_1693-LH_1866
ROM;2015;+0200;2200;+0200;0;OK_726
ROM;1150;+0200;1340;+0200;0;OK_724
ROM;0925;+0200;1305;+0200;0;LH_1689-LH_1844
ROM;1235;+0200;1615;+0200;0;LX_1461-LX_1714
ROM;1250;+0200;1630;+0200;0;LH_1691-LH_1846
ROM;1720;+0200;2105;+0200;0;NH_6068-NH_6095
ROM;1720;+0200;2105;+0200;0;LH_1693-LH_1850
ROM;0915;+0200;1305;+0200;0;LH_1689-LH_1844
ROM;1345;+0200;1735;+0200;0;BD_2991-BD_3596
ROM;1345;+0200;1735;+0200;0;LH_1397-LH_236
ROM;0710;+0200;1105;+0200;0;LH_1697-LH_1842
ROM;1010;+0200;1405;+0200;0;LX_1485-LX_1736
ROM;1510;+0200;1910;+0200;0;OS_708-OS_503
ROM;1245;+0200;1650;+0200;0;AF_5902-AF_5821
ROM;0955;+0200;1405;+0200;0;LH_1393-LH_234
ROM;0955;+0200;1405;+0200;0;BD_2993-BD_3598
ROM;1450;+0200;1905;+0200;0;LX_1487-LX_1732
ROM;1930;+0200;2355;+0200;0;LH_1401-LH_242
ROM;1930;+0200;2355;+0200;0;BD_2995-BD_3592
ROM;0925;+0200;1355;+0200;0;LH_3051-LH_3200
ROM;1005;+0200;1440;+0200;0;AF_1383-AF_9846
ROM;1745;+0200;2220;+0200;0;AF_1783-AF_9842
ROM;1345;+0200;1830;+0200;0;BD_2991-BD_3594
ROM;1345;+0200;1830;+0200;0;LH_1397-LH_238
ROM;1415;+0200;1900;+0200;0;KL_3124-KL_1607
ROM;0725;+0200;1215;+0200;0;AF_1083-AF_9832
ROM;0700;+0200;1155;+0200;0;KL_3120-KL_1601
ROM;1755;+0200;2250;+0200;0;SN_2812-SN_3187
ROM;0715;+0200;1215;+0200;0;AM_7000-AM_6655
ROM;1235;+0200;1735;+0200;0;LH_1395-LH_236
ROM;1400;+0200;1900;+0200;0;KL_1356-KL_1607
ROM;1540;+0200;2040;+0200;0;AF_1983-AF_9840
ROM;1535;+0200;2040;+0200;0;AF_1983-AF_9840
ROM;1715;+0200;2220;+0200;0;AF_1987-AF_9842
ROM;1415;+0200;1925;+0200;0;KL_3124-KL_3403
ROM;1715;+0200;2230;+0200;0;KL_3122-KL_1609
ROM;1250;+0200;1815;+0200;0;LH_1691-LH_1848
ROM;1400;+0200;1925;+0200;0;KL_1356-KL_3403
ROM;1705;+0200;2230;+0200;0;KL_3122-KL_1609
ROM;1820;+0200;2355;+0200;0;LH_1399-LH_242
ROM;1820;+0200;2355;+0200;0;NH_6198-NH_6121
ROM;1710;+0200;2250;+0200;0;BD_5482-BD_5357
ROM;1710;+0200;2250;+0200;0;SN_2812-SN_3187
ROM;0925;+0200;1510;+0200;0;KL_1352-KL_3401
ROM;1605;+0200;2155;+0200;0;BA_861-BA_558
ROM;1605;+0200;2155;+0200;0;AA_6506-AA_6460
ROM;0710;+0200;1305;+0200;0;LH_1697-LH_1844
ROM;1015;+0200;1610;+0200;0;AF_1383-AF_1904
ROM;1235;+0200;1830;+0200;0;LH_1395-LH_238
ROM;1505;+0200;2100;+0200;0;VY_8655-VY_6114
ROM;1540;+0200;2140;+0200;0;AF_1983-AF_2304
ROM;0815;+0200;1420;+0200;0;QF_3416-QF_3423
ROM;0815;+0200;1420;+0200;0;BA_853-BA_546
ROM;1005;+0200;1610;+0200;0;AF_1383-AF_1904
ROM;1535;+0200;2140;+0200;0;AF_1983-AF_2304
BCN;1040;+0200;1300;+0200;0;IB_7887
BCN;1040;+0200;1300;+0200;0;OK_688
BCN;1505;+0200;1725;+0200;0;VY_8655
BCN;2055;+0200;2320;+0200;0;IB_7881
BCN;2055;+0200;2320;+0200;0;OK_690
BCN;1010;+0200;1400;+0200;0;LX_1485-LX_1954
BCN;0600;+0200;0955;+0200;0;LH_1403-LH_1124
BCN;0925;+0200;1320;+0200;0;LH_1689-LH_1812
BCN;1730;+0200;2125;+0200;0;AF_5904-AF_5894
BCN;1720;+0200;2120;+0200;0;NH_6068-NH_6077
BCN;1720;+0200;2120;+0200;0;LH_1693-LH_1816
BCN;1840;+0200;2240;+0200;0;OS_710-OS_395
BCN;0710;+0200;1115;+0200;0;LH_1697-LH_1810
BCN;0915;+0200;1320;+0200;0;JK_8817-JK_8842
BCN;0915;+0200;1320;+0200;0;LH_1689-LH_1812
BCN;1245;+0200;1655;+0200;0;AF_5902-AF_5898
BCN;1450;+0200;1905;+0200;0;LX_1487-LX_1956
BCN;1745;+0200;2200;+0200;0;AF_1783-AF_2348
BCN;1015;+0200;1435;+0200;0;AF_1383-AF_1648
BCN;1345;+0200;1805;+0200;0;JK_8960-JK_8834
BCN;1345;+0200;1805;+0200;0;BD_2991-BD_3452
BCN;1345;+0200;1805;+0200;0;LH_1397-LH_1132
BCN;1005;+0200;1435;+0200;0;AF_1383-AF_1648
BCN;1250;+0200;1720;+0200;0;LH_1691-LH_1814
BCN;0810;+0200;1250;+0200;0;OS_704-OS_397
BCN;1715;+0200;2200;+0200;0;AF_1987-AF_2348
BCN;1820;+0200;2305;+0200;0;LH_1399-LH_1138
BCN;1540;+0200;2045;+0200;0;JL_5316-JL_5317
BCN;1540;+0200;2045;+0200;0;AF_1983-AF_2148
BCN;0645;+0200;1155;+0200;0;SN_2816-SN_3701
BCN;1415;+0200;1925;+0200;0;KL_3124-KL_1677
BCN;1535;+0200;2045;+0200;0;AF_1983-AF_2148
BCN;1755;+0200;2305;+0200;0;SN_2812-SN_3707
BCN;0700;+0200;1215;+0200;0;KL_3120-KL_1671
BCN;0955;+0200;1515;+0200;0;LH_1393-LH_1128
BCN;0955;+0200;1515;+0200;0;JK_8961-JK_8832
BCN;1400;+0200;1925;+0200;0;KL_1356-KL_1677
BCN;1605;+0200;2130;+0200;0;AA_6506-AA_6294
BCN;1235;+0200;1805;+0200;0;LH_1395-LH_1132
BCN;1715;+0200;2245;+0200;0;KL_3122-KL_1681
BCN;0600;+0200;1140;+0200;0;LH_1403-LH_1126
BCN;0925;+0200;1505;+0200;0;KL_1352-KL_1673
BCN;1705;+0200;2245;+0200;0;KL_3122-KL_1681
BCN;0600;+0200;1145;+0200;0;LH_1403-LH_1126
BCN;0600;+0200;1145;+0200;0;BD_2997-BD_3450
BCN;1110;+0200;1655;+0200;0;IB_7885-IB_6772
BCN;0925;+0200;1515;+0200;0;LH_1689-LH_6722
BCN;1345;+0200;1935;+0200;0;LH_1397-LH_1134
BCN;1345;+0200;1935;+0200;0;JK_8960-JK_9372
BCN;0845;+0200;1440;+0200;0;UA_9926-UA_9971
BCN;0845;+0200;1440;+0200;0;BD_5478-BD_5303
BCN;1400;+0200;1955;+0200;0;AA_6742-AA_6748
BCN;1710;+0200;2305;+0200;0;BD_5482-BD_5307
BCN;1710;+0200;2305;+0200;0;SN_2812-SN_3707
BCN;0825;+0200;1425;+0200;0;AA_6632-AA_6287
BCN;0840;+0200;1440;+0200;0;UA_9926-UA_9971
BCN;0840;+0200;1440;+0200;0;SN_2808-SN_3703
BCN;0915;+0200;1515;+0200;0;JK_8817-JK_132
BCN;0915;+0200;1515;+0200;0;LH_1689-LH_6722
BCN;0815;+0200;1420;+0200;0;BA_853-BA_474
BCN;1720;+0200;2325;+0200;0;LH_1693-LH_1818
BCN;0710;+0200;1320;+0200;0;LH_1697-LH_1812
BCN;1110;+0200;1725;+0200;0;IB_7885-IB_6774
BCN;1215;+0200;1830;+0200;0;BA_855-BA_480
BCN;1215;+0200;1830;+0200;0;AA_6634-AA_6292
BCN;1540;+0200;2200;+0200;0;AF_1983-AF_2348
BCN;1535;+0200;2200;+0200;0;AF_1983-AF_2348
BCN;1110;+0200;1755;+0200;0;IB_7885-IB_2762
BCN;1110;+0200;1755;+0200;0;IB_7885-IB_6776
OSL;0920;+0200;1120;+0200;0;OK_446
OSL;2000;+0200;2200;+0200;0;OK_448
OSL;1820;+0200;2210;+0200;0;LH_1399-LH_6106
OSL;0710;+0200;1110;+0200;0;LH_1697-LH_2450
OSL;0925;+0200;1325;+0200;0;KL_1352-KL_1145
OSL;0700;+0200;1105;+0200;0;KL_3120-KL_1143
OSL;0925;+0200;1330;+0200;0;KL_1352-KL_1217
OSL;1355;+0200;1805;+0200;0;UA_9316-UA_9536
OSL;0845;+0200;1300;+0200;0;BD_5478-BD_3794
OSL;1930;+0200;2345;+0200;0;BD_2995-BD_2928
OSL;1930;+0200;2345;+0200;0;LH_1401-LH_864
OSL;1345;+0200;1805;+0200;0;UA_9316-UA_9536
OSL;1450;+0200;1910;+0200;0;LX_1487-LX_1216
OSL;1720;+0200;2140;+0200;0;LH_1693-LH_2456
OSL;1755;+0200;2215;+0200;0;SN_2812-SN_2287
OSL;1840;+0200;2300;+0200;0;OS_710-OS_331
OSL;1755;+0200;2220;+0200;0;SN_2812-SN_2287
OSL;1625;+0200;2055;+0200;0;LH_3053-LH_6208
OSL;1250;+0200;1725;+0200;0;LH_1691-LH_2454
OSL;1345;+0200;1820;+0200;0;LH_1397-LH_862
OSL;1345;+0200;1820;+0200;0;BD_2991-BD_2932
OSL;1415;+0200;1850;+0200;0;KL_3124-KL_1149
OSL;0955;+0200;1435;+0200;0;LH_1393-LH_6230
OSL;0810;+0200;1255;+0200;0;OS_704-OS_335
OSL;0810;+0200;1255;+0200;0;OU_5541-OU_5550
OSL;1400;+0200;1850;+0200;0;KL_1356-KL_1149
OSL;1715;+0200;2205;+0200;0;KL_3122-KL_1221
OSL;1130;+0200;1625;+0200;0;AY_716-AY_659
OSL;0645;+0200;1145;+0200;0;SN_2816-SN_2281
OSL;1705;+0200;2205;+0200;0;KL_3122-KL_1221
OSL;1710;+0200;2215;+0200;0;SN_2812-SN_2287
OSL;1710;+0200;2220;+0200;0;SN_2812-SN_2287
OSL;1715;+0200;2235;+0200;0;KL_3122-KL_1151
OSL;1820;+0200;2345;+0200;0;NH_6198-NH_6185
OSL;1820;+0200;2345;+0200;0;LH_1399-LH_864
OSL;1345;+0200;1915;+0200;0;LH_1397-LH_6280
OSL;1540;+0200;2110;+0200;0;AF_1983-AF_1274
OSL;1705;+0200;2235;+0200;0;KL_3122-KL_1151
OSL;1535;+0200;2110;+0200;0;AF_1983-AF_1274
OSL;1235;+0200;1820;+0200;0;LH_1395-LH_862
OSL;0925;+0200;1520;+0200;0;LH_1689-LH_6170
OSL;0915;+0200;1520;+0200;0;LH_1689-LH_6170
OSL;1400;+0200;2010;+0200;0;AA_6742-AA_6406
OSL;1605;+0200;2225;+0200;0;JL_7722-JL_7711
OSL;1605;+0200;2225;+0200;0;BA_861-BA_770
OSL;0700;+0200;1325;+0200;0;KL_3120-KL_1145
OSL;1300;+0200;1925;+0200;0;SU_2013-SU_2232
OSL;1400;+0200;2025;+0200;0;AA_6742-AA_6406
OSL;0700;+0200;1330;+0200;0;KL_3120-KL_1217
OSL;1235;+0200;1915;+0200;0;LH_1395-LH_6280
OSL;0925;+0200;1610;+0200;0;KL_1352-KL_1147
OSL;1130;+0200;1825;+0200;0;AY_716-AY_657
OSL;0600;+0200;1300;+0200;0;UA_8734-UA_9146
OSL;0600;+0200;1305;+0200;0;LH_1403-LH_860
OSL;0600;+0200;1305;+0200;0;BD_2997-BD_2930
OSL;0600;+0200;1305;+0200;0;UA_8734-UA_9146
DUS;0925;+0200;1035;+0200;0;LH_3051
DUS;1625;+0200;1735;+0200;0;LH_3053
DUS;2005;+0200;2115;+0200;0;LH_3055
DUS;1715;+0200;1830;+0200;0;OK_526
DUS;0700;+0200;0820;+0200;0;OK_522
DUS;0925;+0200;1210;+0200;0;LH_1689-LH_2008
DUS;1720;+0200;2010;+0200;0;LH_1693-LH_2020
DUS;1930;+0200;2220;+0200;0;LH_1401-LH_88
DUS;0915;+0200;1210;+0200;0;LH_1689-LH_2008
DUS;1250;+0200;1545;+0200;0;LH_1691-LH_2012
DUS;1840;+0200;2140;+0200;0;OS_710-OS_7247
DUS;0710;+0200;1015;+0200;0;LH_1697-LH_2004
DUS;1920;+0200;2225;+0200;0;KL_1358-KL_1863
DUS;1415;+0200;1740;+0200;0;KL_3124-KL_1861
DUS;1840;+0200;2205;+0200;0;OS_710-OS_7247
DUS;0600;+0200;0935;+0200;0;LH_1403-LH_74
DUS;1720;+0200;2055;+0200;0;LH_1693-LH_2022
DUS;1010;+0200;1350;+0200;0;LX_1485-LX_1018
DUS;1345;+0200;1725;+0200;0;LH_1397-LH_82
DUS;1400;+0200;1740;+0200;0;KL_1356-KL_1861
DUS;1015;+0200;1405;+0200;0;AF_1383-AF_1906
DUS;1730;+0200;2120;+0200;0;AF_5904-AF_5878
DUS;1005;+0200;1405;+0200;0;AF_1383-AF_1906
DUS;1250;+0200;1650;+0200;0;LH_1691-LH_2014
DUS;1540;+0200;1940;+0200;0;AF_1983-AF_2406
DUS;1820;+0200;2220;+0200;0;LH_1399-LH_88
DUS;0955;+0200;1400;+0200;0;LH_1393-LH_78
DUS;1245;+0200;1650;+0200;0;AF_5902-AF_5874
DUS;1510;+0200;1915;+0200;0;OS_708-OS_155
DUS;1535;+0200;1940;+0200;0;AF_1983-AF_2406
DUS;1450;+0200;1905;+0200;0;LX_1487-LX_1026
DUS;0810;+0200;1230;+0200;0;OS_704-OS_7243
DUS;1430;+0200;1900;+0200;0;LO_528-LO_407
DUS;1745;+0200;2215;+0200;0;AF_1783-AF_1106
DUS;0925;+0200;1400;+0200;0;KL_1352-KL_1857
DUS;1720;+0200;2200;+0200;0;LH_1693-LH_2024
DUS;0700;+0200;1145;+0200;0;KL_3120-KL_1855
DUS;1345;+0200;1830;+0200;0;LH_1397-LH_84
DUS;1235;+0200;1725;+0200;0;LH_1395-LH_82
DUS;0710;+0200;1210;+0200;0;LH_1697-LH_2008
DUS;0925;+0200;1425;+0200;0;LH_1689-LH_2010
DUS;1450;+0200;1950;+0200;0;LX_1487-LX_3640
DUS;1715;+0200;2215;+0200;0;AF_1987-AF_1106
FRA;1235;+0200;1340;+0200;0;LH_1395
FRA;1345;+0200;1450;+0200;0;BD_2991
FRA;1345;+0200;1450;+0200;0;LH_1397
FRA;1820;+0200;1925;+0200;0;LH_1399
FRA;1820;+0200;1925;+0200;0;NH_6198
FRA;1930;+0200;2035;+0200;0;BD_2995
FRA;1930;+0200;2035;+0200;0;LH_1401
FRA;0600;+0200;0710;+0200;0;BD_2997
FRA;0600;+0200;0710;+0200;0;LH_1403
FRA;0955;+0200;1105;+0200;0;LH_1393
FRA;0955;+0200;1105;+0200;0;BD_2993
FRA;1710;+0200;1820;+0200;0;OK_536
FRA;0720;+0200;0835;+0200;0;CI_9062
FRA;0720;+0200;0835;+0200;0;OK_534
FRA;0925;+0200;1155;+0200;0;LH_1689-LH_109
FRA;1720;+0200;1955;+0200;0;LH_1693-LH_121
FRA;1840;+0200;2130;+0200;0;OS_710-OS_127
FRA;1235;+0200;1530;+0200;0;LX_1461-LX_3914
FRA;0710;+0200;1020;+0200;0;LH_1697-LH_105
FRA;1125;+0200;1440;+0200;0;OS_706-OS_123
FRA;0925;+0200;1245;+0200;0;LH_1689-LH_111
FRA;1010;+0200;1330;+0200;0;LX_1485-LX_1072
FRA;1250;+0200;1610;+0200;0;LH_1691-LH_115
FRA;0915;+0200;1245;+0200;0;LH_1689-LH_111
FRA;0925;+0200;1255;+0200;0;LH_3051-LH_79
FRA;1415;+0200;1750;+0200;0;KL_3124-KL_1773
FRA;1625;+0200;2000;+0200;0;LH_3053-LH_87
FRA;1755;+0200;2135;+0200;0;SN_2812-SN_7013
FRA;0645;+0200;1030;+0200;0;SN_2816-SN_7001
FRA;0935;+0200;1320;+0200;0;LO_524-LO_377
FRA;1720;+0200;2105;+0200;0;LH_1693-LH_123
FRA;1400;+0200;1750;+0200;0;KL_1356-KL_1773
FRA;1720;+0200;2110;+0200;0;LH_1693-LH_123
FRA;1745;+0200;2135;+0200;0;AF_1783-AF_1018
FRA;0710;+0200;1105;+0200;0;LH_1697-LH_107
FRA;1225;+0200;1625;+0200;0;LX_1473-LX_3668
FRA;1510;+0200;1910;+0200;0;OS_708-OS_125
FRA;1540;+0200;1945;+0200;0;AF_1983-AF_2418
FRA;1430;+0200;1840;+0200;0;LO_528-LO_5357
FRA;1535;+0200;1945;+0200;0;AF_1983-AF_2418
FRA;0810;+0200;1225;+0200;0;OS_704-OS_7203
FRA;1015;+0200;1435;+0200;0;AF_1383-AF_1918
FRA;1450;+0200;1910;+0200;0;LX_1487-LX_3608
FRA;1715;+0200;2135;+0200;0;AF_1987-AF_1018
FRA;1710;+0200;2135;+0200;0;SN_2812-SN_7013
FRA;1005;+0200;1435;+0200;0;AF_1383-AF_1918
FRA;1010;+0200;1440;+0200;0;LX_1485-LX_3604
FRA;0710;+0200;1155;+0200;0;LH_1697-LH_109
FRA;1510;+0200;1955;+0200;0;OS_708-OS_7209
FRA;1715;+0200;2200;+0200;0;KL_3122-KL_1775
FRA;1720;+0200;2205;+0200;0;LH_1693-LH_125
FRA;1125;+0200;1615;+0200;0;OS_706-OS_7205
FRA;1250;+0200;1745;+0200;0;LH_1691-LH_117
FRA;1705;+0200;2200;+0200;0;KL_3122-KL_1775
ZRH;1915;+0200;2025;+0200;0;OK_588
ZRH;1915;+0200;2030;+0200;0;LX_1499
ZRH;1010;+0200;1130;+0200;0;LX_1485
ZRH;1450;+0200;1610;+0200;0;LX_1487
ZRH;1235;+0200;1525;+0200;0;LH_1395-LH_5774
ZRH;0925;+0200;1220;+0200;0;LH_1689-LH_2368
ZRH;0955;+0200;1255;+0200;0;LH_1393-LH_1190
ZRH;0955;+0200;1255;+0200;0;BD_2993-BD_3556
ZRH;1840;+0200;2140;+0200;0;OS_710-OS_567
ZRH;0915;+0200;1220;+0200;0;LH_1689-LH_2368
ZRH;1720;+0200;2030;+0200;0;LH_1693-LH_2374
ZRH;0810;+0200;1125;+0200;0;OS_704-OS_8803
ZRH;1820;+0200;2140;+0200;0;LH_1399-LH_5778
ZRH;0710;+0200;1040;+0200;0;LH_1697-LH_5782
ZRH;0600;+0200;0935;+0200;0;LH_1403-LH_1186
ZRH;1225;+0200;1600;+0200;0;LX_1473-LX_2813
ZRH;1345;+0200;1730;+0200;0;BD_2991-BD_3552
ZRH;1345;+0200;1730;+0200;0;LH_1397-LH_1196
ZRH;0600;+0200;0950;+0200;0;LH_1403-LH_5770
ZRH;1250;+0200;1640;+0200;0;LH_1691-LH_2370
ZRH;1510;+0200;1905;+0200;0;OS_708-OS_565
ZRH;0725;+0200;1125;+0200;0;AF_1083-AF_5102
ZRH;1015;+0200;1415;+0200;0;AF_1383-AF_5104
ZRH;1710;+0200;2110;+0200;0;SN_2812-SN_5113
ZRH;0700;+0200;1105;+0200;0;KL_3120-KL_1957
ZRH;0925;+0200;1330;+0200;0;KL_1352-KL_1959
ZRH;1005;+0200;1415;+0200;0;AF_1383-AF_5104
ZRH;0645;+0200;1105;+0200;0;SN_2816-SN_5103
ZRH;1415;+0200;1835;+0200;0;KL_3124-KL_1963
ZRH;1720;+0200;2145;+0200;0;LH_1693-LH_5788
ZRH;1400;+0200;1835;+0200;0;KL_1356-KL_1963
ZRH;1430;+0200;1905;+0200;0;LO_528-LO_419
ZRH;1625;+0200;2100;+0200;0;LH_3053-LH_5798
ZRH;1540;+0200;2020;+0200;0;AF_1983-AF_5110
ZRH;0955;+0200;1440;+0200;0;LH_1393-LH_1192
ZRH;0955;+0200;1440;+0200;0;BD_2993-BD_3558
ZRH;1125;+0200;1610;+0200;0;OS_706-OS_8805
ZRH;1535;+0200;2020;+0200;0;AF_1983-AF_5110
ZRH;1235;+0200;1730;+0200;0;LH_1395-LH_1196
LYS;1245;+0200;1425;+0200;0;AF_5902
LYS;1730;+0200;1920;+0200;0;AF_5904
LYS;0925;+0200;1220;+0200;0;LH_1689-LH_2248
LYS;0915;+0200;1220;+0200;0;LH_1689-LH_2248
LYS;1450;+0200;1810;+0200;0;LX_1487-LX_536
LYS;1625;+0200;1955;+0200;0;LH_3053-LH_3268
LYS;0645;+0200;1025;+0200;0;SN_2816-SN_3587
LYS;1755;+0200;2140;+0200;0;SN_2812-SN_3593
LYS;0600;+0200;0950;+0200;0;LH_1403-LH_1074
LYS;1010;+0200;1400;+0200;0;LX_1485-LX_532
LYS;1250;+0200;1640;+0200;0;LH_1691-LH_2250
LYS;1510;+0200;1910;+0200;0;OS_708-OS_407
LYS;1820;+0200;2220;+0200;0;NH_6198-NH_6131
LYS;1820;+0200;2220;+0200;0;LH_1399-LH_1082
LYS;1015;+0200;1425;+0200;0;AF_1383-AF_7644
LYS;1710;+0200;2125;+0200;0;SN_2812-SN_3593
LYS;1710;+0200;2125;+0200;0;BD_5482-BD_5363
LYS;0700;+0200;1120;+0200;0;KL_3120-KL_2025
LYS;0955;+0200;1415;+0200;0;LH_1393-LH_1076
LYS;0955;+0200;1415;+0200;0;BD_2993-BD_3082
LYS;1005;+0200;1425;+0200;0;AF_1383-AF_7644
LYS;1330;+0200;1750;+0200;0;AF_4347-AF_7843
LYS;1345;+0200;1810;+0200;0;LH_1397-LH_1078
LYS;1345;+0200;1810;+0200;0;BD_2991-BD_3086
LYS;1540;+0200;2010;+0200;0;AF_1983-AF_7648
LYS;1710;+0200;2140;+0200;0;SN_2812-SN_3593
LYS;1535;+0200;2010;+0200;0;AF_1983-AF_7648
LYS;1715;+0200;2210;+0200;0;KL_3122-KL_2029
LYS;1745;+0200;2240;+0200;0;AF_1783-AF_7650
LYS;1705;+0200;2210;+0200;0;KL_3122-KL_2029
LYS;0710;+0200;1220;+0200;0;LH_1697-LH_2248
LYS;1625;+0200;2150;+0200;0;LH_3053-LH_3270
LYS;1715;+0200;2240;+0200;0;AF_1987-AF_7650
LYS;1720;+0200;2245;+0200;0;NH_6068-NH_6045
LYS;1720;+0200;2245;+0200;0;LH_1693-LH_2254
LYS;1235;+0200;1810;+0200;0;LH_1395-LH_1078
LYS;1250;+0200;1830;+0200;0;LH_1691-LH_2252
LYS;1330;+0200;1920;+0200;0;AF_4347-AF_7851
LYS;1215;+0200;1835;+0200;0;AA_6634-AA_6616
LYS;1215;+0200;1835;+0200;0;BA_855-BA_362
LYS;0925;+0200;1550;+0200;0;KL_1352-KL_2031
LYS;0725;+0200;1405;+0200;0;AF_1083-AF_7414
LYS;1130;+0200;1810;+0200;0;AY_716-AY_925
LYS;1450;+0200;2130;+0200;0;LX_1487-LX_538
MAN;1415;+0200;1655;+0100;0;KL_3124-KL_1093
MAN;1625;+0200;1915;+0100;0;LH_3053-LH_3434
MAN;0925;+0200;1220;+0100;0;LH_3051-LH_3432
MAN;1010;+0200;1305;+0100;0;LX_1485-LX_394
MAN;1400;+0200;1655;+0100;0;KL_1356-KL_1093
MAN;0925;+0200;1225;+0100;0;KL_1352-KL_1083
MAN;1755;+0200;2100;+0100;0;SN_2812-SN_2183
MAN;0710;+0200;1020;+0100;0;LH_1697-LH_2500
MAN;1015;+0200;1325;+0100;0;AF_1383-AF_2268
MAN;1540;+0200;1855;+0100;0;AF_1983-AF_1168
MAN;1930;+0200;2245;+0100;0;LH_1401-LH_948
MAN;1930;+0200;2245;+0100;0;BD_2995-BD_3368
MAN;0645;+0200;1005;+0100;0;SN_2816-SN_2173
MAN;0700;+0200;1020;+0100;0;KL_3120-KL_1081
MAN;1005;+0200;1325;+0100;0;AF_1383-AF_2268
MAN;1450;+0200;1810;+0100;0;LX_1487-LX_380
MAN;1535;+0200;1855;+0100;0;AF_1983-AF_1168
MAN;1015;+0200;1340;+0100;0;AF_1383-AF_2268
MAN;1005;+0200;1340;+0100;0;AF_1383-AF_2268
MAN;1250;+0200;1630;+0100;0;LH_1691-LH_2502
MAN;1345;+0200;1735;+0100;0;LH_1397-LH_946
MAN;1345;+0200;1735;+0100;0;BD_2991-BD_3366
MAN;1710;+0200;2100;+0100;0;BD_5482-BD_5383
MAN;1710;+0200;2100;+0100;0;SN_2812-SN_2183
MAN;0815;+0200;1210;+0100;0;BA_853-BA_1388
MAN;1715;+0200;2135;+0100;0;KL_3122-KL_1097
MAN;1215;+0200;1640;+0100;0;BA_855-BA_1396
MAN;1820;+0200;2245;+0100;0;LH_1399-LH_948
MAN;1705;+0200;2135;+0100;0;KL_3122-KL_1097
MAN;0845;+0200;1325;+0100;0;BD_5478-BD_5375
MAN;1235;+0200;1735;+0100;0;LH_1395-LH_946
MAN;1720;+0200;2235;+0100;0;LH_1693-LH_2504
MAN;0700;+0200;1225;+0100;0;KL_3120-KL_1083
MAN;1130;+0200;1655;+0100;0;AY_716-AY_937
MAN;0600;+0200;1130;+0100;0;UA_8734-UA_9042
MAN;0925;+0200;1505;+0100;0;KL_1352-KL_1087
MAN;1110;+0200;1700;+0100;0;IB_7885-IB_8502
MAN;1605;+0200;2200;+0100;0;BA_861-BA_1404
MAN;0725;+0200;1325;+0100;0;AF_1083-AF_2268
MAN;1605;+0200;2205;+0100;0;BA_861-BA_2914
MAN;0725;+0200;1340;+0100;0;AF_1083-AF_2268
BRU;0645;+0200;0810;+0200;0;SN_2816
BRU;0700;+0200;0825;+0200;0;OK_630
BRU;2100;+0200;2225;+0200;0;SN_2814
BRU;0645;+0200;0815;+0200;0;SN_2816
BRU;0845;+0200;1015;+0200;0;UA_9926
BRU;1700;+0200;1830;+0200;0;OK_632
BRU;1710;+0200;1840;+0200;0;SN_2812
BRU;1900;+0200;2030;+0200;0;OK_634
BRU;0840;+0200;1015;+0200;0;SN_2808
BRU;0840;+0200;1015;+0200;0;UA_9926
BRU;1755;+0200;1930;+0200;0;SN_2812
BRU;1930;+0200;2215;+0200;0;LH_1401-LH_1024
BRU;0600;+0200;0850;+0200;0;LH_1403-LH_1006
BRU;0955;+0200;1245;+0200;0;LH_1393-LH_1010
BRU;1345;+0200;1645;+0200;0;LH_1397-LH_1014
BRU;1910;+0200;2215;+0200;0;SN_7122-SN_7014
BRU;0710;+0200;1025;+0200;0;LH_1697-LH_2284
BRU;1450;+0200;1805;+0200;0;LX_1487-LX_782
BRU;1720;+0200;2035;+0200;0;NH_6068-NH_6085
BRU;1720;+0200;2035;+0200;0;LH_1693-LH_2294
BRU;0810;+0200;1130;+0200;0;OS_704-OS_8171
BRU;1415;+0200;1745;+0200;0;KL_3124-KL_1731
BRU;1010;+0200;1350;+0200;0;LX_1485-LX_780
BRU;1730;+0200;2110;+0200;0;AF_5904-AF_5406
BRU;0700;+0200;1045;+0200;0;KL_3120-KL_1723
BRU;1250;+0200;1635;+0200;0;LH_1691-LH_2290
BRU;1400;+0200;1745;+0200;0;KL_1356-KL_1731
BRU;1345;+0200;1740;+0200;0;LH_1397-LH_1016
BRU;1355;+0200;1750;+0200;0;SN_7088-SN_7008
BRU;1820;+0200;2215;+0200;0;LH_1399-LH_1024
BRU;1430;+0200;1830;+0200;0;LO_528-LO_233
BRU;1510;+0200;1910;+0200;0;OS_708-OS_355
BRU;0955;+0200;1400;+0200;0;SN_7124-SN_7004
BRU;0955;+0200;1400;+0200;0;LH_1393-LH_1012
BRU;1015;+0200;1423;+0200;0;AF_1383-AF_7183
BRU;1235;+0200;1645;+0200;0;LH_1395-LH_1014
BRU;1005;+0200;1423;+0200;0;AF_1383-AF_7183
BRU;0600;+0200;1020;+0200;0;SN_7090-SN_7002
BRU;0600;+0200;1020;+0200;0;LH_1403-LH_1008
BRU;1450;+0200;1910;+0200;0;LX_1487-LX_788
BRU;0725;+0200;1155;+0200;0;AF_1083-AF_7179
BRU;1245;+0200;1715;+0200;0;AF_5902-AF_5404
BRU;1840;+0200;2310;+0200;0;OS_710-OS_8175
BRU;0925;+0200;1400;+0200;0;KL_1352-KL_1725
BRU;1355;+0200;1835;+0200;0;SN_7088-SN_7010
BRU;1345;+0200;1835;+0200;0;LH_1397-LH_1018
BRU;1605;+0200;2055;+0200;0;BA_861-BA_400
BRU;1715;+0200;2205;+0200;0;KL_3122-KL_1733
BRU;0710;+0200;1205;+0200;0;LH_1697-LH_2286
BRU;0925;+0200;1425;+0200;0;LH_1689-LH_2288
BRU;1510;+0200;2010;+0200;0;OS_708-OS_8173
BRU;1705;+0200;2205;+0200;0;KL_3122-KL_1733
BRU;1540;+0200;2043;+0200;0;AF_1983-AF_7187
BRU;1235;+0200;1740;+0200;0;LH_1395-LH_1016
BRU;1535;+0200;2043;+0200;0;AF_1983-AF_7187
BRU;0915;+0200;1425;+0200;0;LH_1689-LH_2288
BRU;1720;+0200;2235;+0200;0;LH_1693-LH_2296
BRU;1430;+0200;1955;+0200;0;LO_528-LO_5235
BRU;1125;+0200;1655;+0200;0;OS_706-OS_353
BRU;1430;+0200;2000;+0200;0;LO_528-LO_5235
HAM;0705;+0200;0815;+0200;0;OK_542
HAM;1710;+0200;1820;+0200;0;OK_544
HAM;1250;+0200;1545;+0200;0;LH_1691-LH_2072
HAM;1720;+0200;2020;+0200;0;LH_1693-LH_2080
HAM;0955;+0200;1310;+0200;0;LH_1393-LH_12
HAM;0710;+0200;1030;+0200;0;LH_1697-LH_2064
HAM;1625;+0200;1945;+0200;0;LH_3053-LH_2716
HAM;1415;+0200;1740;+0200;0;KL_3124-KL_1783
HAM;1930;+0200;2255;+0200;0;LH_1401-LH_30
HAM;0600;+0200;0930;+0200;0;LH_1403-LH_6
HAM;0925;+0200;1255;+0200;0;LH_1689-LH_2068
HAM;1345;+0200;1715;+0200;0;LH_1397-LH_18
HAM;1820;+0200;2150;+0200;0;LH_1399-LH_28
HAM;0915;+0200;1255;+0200;0;LH_1689-LH_2068
HAM;1235;+0200;1615;+0200;0;LH_1395-LH_16
HAM;1400;+0200;1740;+0200;0;KL_1356-KL_1783
HAM;1720;+0200;2100;+0200;0;LH_1693-LH_2082
HAM;1010;+0200;1400;+0200;0;LX_1485-LX_1056
HAM;0725;+0200;1125;+0200;0;AF_1083-AF_1710
HAM;1250;+0200;1650;+0200;0;LH_1691-LH_2074
HAM;1510;+0200;1910;+0200;0;OS_708-OS_171
HAM;1710;+0200;2110;+0200;0;SN_2812-SN_2629
HAM;1710;+0200;2110;+0200;0;BD_5482-BD_5389
HAM;0645;+0200;1050;+0200;0;SN_2816-SN_2623
HAM;0645;+0200;1100;+0200;0;SN_2816-SN_2623
HAM;0700;+0200;1115;+0200;0;KL_3120-KL_1779
HAM;1345;+0200;1800;+0200;0;LH_1397-LH_20
HAM;1450;+0200;1905;+0200;0;LX_1487-LX_1054
HAM;0600;+0200;1020;+0200;0;LH_1403-LH_8
HAM;1245;+0200;1710;+0200;0;AF_5902-AF_5973
HAM;1430;+0200;1900;+0200;0;LO_528-LO_393
HAM;0925;+0200;1400;+0200;0;KL_1352-KL_1781
HAM;1820;+0200;2255;+0200;0;LH_1399-LH_30
HAM;1235;+0200;1715;+0200;0;LH_1395-LH_18
HAM;1250;+0200;1730;+0200;0;LH_1691-LH_2086
HAM;0710;+0200;1155;+0200;0;LH_1697-LH_2066
HAM;0955;+0200;1440;+0200;0;LH_1393-LH_14
HAM;1540;+0200;2025;+0200;0;JL_5316-JL_5305
HAM;1540;+0200;2025;+0200;0;AF_1983-AF_2510
HAM;0815;+0200;1305;+0200;0;QF_3416-QF_3523
HAM;0815;+0200;1305;+0200;0;BA_853-BA_962
HAM;1535;+0200;2025;+0200;0;AF_1983-AF_2510
HAM;1625;+0200;2120;+0200;0;LH_3053-LH_2718
HAM;0925;+0200;1425;+0200;0;LH_1689-LH_2070
HAM;1345;+0200;1845;+0200;0;LH_1397-LH_22
HAM;1715;+0200;2215;+0200;0;KL_3122-KL_1789
HAM;1605;+0200;2110;+0200;0;JL_7722-JL_7727
HAM;1605;+0200;2110;+0200;0;BA_861-BA_972
HAM;0915;+0200;1425;+0200;0;LH_1689-LH_2070
HAM;1705;+0200;2215;+0200;0;KL_3122-KL_1789
AMS;1415;+0200;1545;+0200;0;OK_622
AMS;1415;+0200;1545;+0200;0;KL_3124
AMS;0925;+0200;1100;+0200;0;KL_1352
AMS;0925;+0200;1100;+0200;0;OK_4626
AMS;1400;+0200;1535;+0200;0;KL_1356
AMS;1400;+0200;1535;+0200;0;OK_4628
AMS;1705;+0200;1840;+0200;0;KL_3122
AMS;1705;+0200;1840;+0200;0;OK_618
AMS;1715;+0200;1850;+0200;0;KL_3122
AMS;1920;+0200;2055;+0200;0;KL_1358
AMS;1920;+0200;2055;+0200;0;OK_4624
AMS;0700;+0200;0840;+0200;0;KL_3120
AMS;0700;+0200;0840;+0200;0;OK_616
AMS;0600;+0200;0900;+0200;0;LH_1403-LH_986
AMS;1720;+0200;2035;+0200;0;LH_1693-LH_2310
AMS;1840;+0200;2155;+0200;0;OS_710-OS_377
AMS;0710;+0200;1030;+0200;0;LH_1697-LH_2302
AMS;0925;+0200;1245;+0200;0;LH_1689-LH_2304
AMS;0915;+0200;1245;+0200;0;LH_1689-LH_2304
AMS;1015;+0200;1400;+0200;0;AF_1383-AF_1740
AMS;1005;+0200;1400;+0200;0;AF_1383-AF_1740
AMS;1250;+0200;1645;+0200;0;LH_1691-LH_2306
AMS;1745;+0200;2140;+0200;0;AF_1783-AF_8242
AMS;1820;+0200;2215;+0200;0;LH_1399-LH_1002
AMS;0600;+0200;1000;+0200;0;UA_8734-UA_9161
AMS;1540;+0200;1940;+0200;0;AF_1983-AF_2240
AMS;1010;+0200;1415;+0200;0;LX_1485-LX_728
AMS;1345;+0200;1750;+0200;0;LH_1397-LH_996
AMS;1510;+0200;1915;+0200;0;OS_708-OS_375
AMS;1535;+0200;1940;+0200;0;AF_1983-AF_2240
AMS;0600;+0200;1010;+0200;0;UA_8734-UA_9161
AMS;0600;+0200;1010;+0200;0;LH_1403-LH_988
AMS;0955;+0200;1405;+0200;0;UA_9061-UA_9163
AMS;0725;+0200;1140;+0200;0;AF_1083-AF_8230
AMS;1450;+0200;1905;+0200;0;LX_1487-LX_734
AMS;0955;+0200;1415;+0200;0;LH_1393-LH_992
AMS;0955;+0200;1415;+0200;0;UA_9061-UA_9163
AMS;0715;+0200;1140;+0200;0;AM_7000-AM_6507
AMS;1430;+0200;1855;+0200;0;LO_528-LO_267
AMS;1715;+0200;2140;+0200;0;AF_1987-AF_8242
AMS;1540;+0200;2020;+0200;0;AF_1983-AF_8240
AMS;1535;+0200;2020;+0200;0;AF_1983-AF_8240
AMS;0720;+0200;1215;+0200;0;VN_3033-VN_3151
AMS;1720;+0200;2220;+0200;0;LH_1693-LH_2312
AMS;1235;+0200;1750;+0200;0;LH_1395-LH_996
AMS;0725;+0200;1255;+0200;0;AF_1083-AF_1640
AMS;0710;+0200;1245;+0200;0;LH_1697-LH_2304
AMS;1125;+0200;1700;+0200;0;OS_706-OS_373
AMS;0825;+0200;1405;+0200;0;AA_6632-AA_6504
AMS;1015;+0200;1555;+0200;0;AF_1383-AF_8234
AMS;1250;+0200;1830;+0200;0;LH_1691-LH_2308
AMS;1330;+0200;1910;+0200;0;AF_4347-AF_8264
AMS;1345;+0200;1930;+0200;0;LH_1397-LH_998
TLS;1330;+0200;1535;+0200;0;AF_4347
TLS;1245;+0200;1615;+0200;0;AF_5902-AF_7850
TLS;1720;+0200;2050;+0200;0;LH_1693-LH_2220
TLS;1730;+0200;2100;+0200;0;AF_5904-AF_7844
TLS;0600;+0200;0940;+0200;0;LH_1403-LH_1094
TLS;0710;+0200;1050;+0200;0;LH_1697-LH_2214
TLS;1345;+0200;1745;+0200;0;LH_1397-LH_1098
TLS;1540;+0200;1950;+0200;0;AF_1983-AF_7788
TLS;0955;+0200;1410;+0200;0;LH_1393-LH_1096
TLS;0955;+0200;1410;+0200;0;BD_2993-BD_2936
TLS;0955;+0200;1410;+0200;0;SQ_2085-SQ_2088
TLS;1535;+0200;1950;+0200;0;AF_1983-AF_7788
TLS;1930;+0200;2345;+0200;0;LH_1401-LH_1100
TLS;1930;+0200;2345;+0200;0;BD_2995-BD_2934
TLS;1015;+0200;1435;+0200;0;AF_1383-AF_7794
TLS;1345;+0200;1805;+0200;0;BD_2991-BD_2938
TLS;1345;+0200;1805;+0200;0;LH_1397-LH_1098
TLS;1005;+0200;1435;+0200;0;AF_1383-AF_7794
TLS;1250;+0200;1725;+0200;0;LH_1691-LH_2218
TLS;0645;+0200;1125;+0200;0;SN_2816-SN_3667
TLS;0700;+0200;1150;+0200;0;KL_3120-KL_1303
TLS;1745;+0200;2235;+0200;0;AF_1783-AF_7792
TLS;1755;+0200;2250;+0200;0;SN_2812-SN_3675
TLS;1715;+0200;2220;+0200;0;KL_3122-KL_1313
TLS;1235;+0200;1745;+0200;0;LH_1395-LH_1098
TLS;1705;+0200;2220;+0200;0;KL_3122-KL_1313
TLS;1715;+0200;2235;+0200;0;AF_1987-AF_7792
TLS;0925;+0200;1450;+0200;0;LH_1689-LH_2216
TLS;1820;+0200;2345;+0200;0;LH_1399-LH_1100
TLS;1820;+0200;2345;+0200;0;NH_6198-NH_6133
TLS;1235;+0200;1805;+0200;0;LH_1395-LH_1098
TLS;1710;+0200;2240;+0200;0;BD_5482-BD_5425
TLS;1720;+0200;2250;+0200;0;LH_1693-LH_2222
TLS;0915;+0200;1450;+0200;0;LH_1689-LH_2216
TLS;1710;+0200;2250;+0200;0;SN_2812-SN_3675
TLS;1005;+0200;1600;+0200;0;AF_1383-AF_6126
TLS;1535;+0200;2130;+0200;0;AF_1983-AF_6162
TLS;1015;+0200;1630;+0200;0;AF_1383-AF_6154
TLS;1540;+0200;2200;+0200;0;AF_1983-AF_6148
TLS;1605;+0200;2225;+0200;0;BA_861-BA_376
TLS;1005;+0200;1630;+0200;0;AF_1383-AF_6154
TLS;1535;+0200;2200;+0200;0;AF_1983-AF_6148
TLS;1015;+0200;1645;+0200;0;AF_1383-AF_6128
TLS;1245;+0200;1920;+0200;0;AF_5902-AF_7842
TLS;1005;+0200;1645;+0200;0;AF_1383-AF_6128
TLS;1540;+0200;2235;+0200;0;AF_1983-AF_7792
TLS;1605;+0200;2300;+0200;0;BA_861-BA_376
TLS;1605;+0200;2300;+0200;0;AA_6506-AA_6273
TLS;0925;+0200;1625;+0200;0;KL_1352-KL_1311
TLS;1015;+0200;1715;+0200;0;AF_1383-AF_7786
TLS;1015;+0200;1715;+0200;0;AF_1383-AF_6156
TLS;1245;+0200;1945;+0200;0;AF_5902-AF_7848
TLS;1535;+0200;2235;+0200;0;AF_1983-AF_7792
TLS;0725;+0200;1430;+0200;0;AF_1083-AF_6166
TLS;1555;+0200;2300;+0200;0;AA_6506-AA_6273
TLS;0725;+0200;1435;+0200;0;AF_1083-AF_7794
TLS;1005;+0200;1715;+0200;0;AF_1383-AF_7786
TLS;1005;+0200;1715;+0200;0;AF_1383-AF_6156
TLS;1015;+0200;1730;+0200;0;AF_1383-AF_6130
TLS;1110;+0200;1830;+0200;0;IB_7885-IB_8770
TLS;1005;+0200;1730;+0200;0;AF_1383-AF_6130
TLS;0725;+0200;1500;+0200;0;AF_1083-AF_6122
TLS;0710;+0200;1450;+0200;0;LH_1697-LH_2216
TLS;0845;+0200;1630;+0200;0;BD_5478-BD_5423
TLS;1015;+0200;1800;+0200;0;AF_1383-AF_6132
TLS;1745;+0200;2335;+0200;0;AF_1783-AF_7728-AF_7863
TLS;1015;+0200;1615;+0200;0;AF_1383-AF_7644-AF_7850
TLS;1005;+0200;1615;+0200;0;AF_1383-AF_7644-AF_7850
TLS;1540;+0200;2150;+0200;0;AF_1983-AF_7708-AF_7880
TLS;1535;+0200;2150;+0200;0;AF_1983-AF_7708-AF_7880
TLS;1715;+0200;2335;+0200;0;AF_1987-AF_7728-AF_7863
TLS;1720;+0200;2345;+0200;0;LH_1693-LH_121-LH_1100
TLS;1720;+0200;2345;+0200;0;LH_1693-LH_123-LH_1100
TLS;1005;+0200;1640;+0200;0;AF_1383-AF_7724-AF_5651
TLS;0710;+0200;1410;+0200;0;LH_1697-LH_107-LH_1096
TLS;0710;+0200;1410;+0200;0;LH_1697-LH_105-LH_1096
TLS;1345;+0200;2050;+0200;0;LH_1397-LH_114-LH_2220
TLS;1345;+0200;2050;+0200;0;LH_1397-LH_116-LH_2220
TLS;1245;+0200;2000;+0200;0;AF_5902-AF_7415-AF_6140
TLS;0955;+0200;1725;+0200;0;LH_1393-LH_110-LH_2218
TLS;0955;+0200;1725;+0200;0;LH_1393-LH_108-LH_2218
TLS;1245;+0200;2030;+0200;0;AF_5902-AF_7415-AF_6142
GVA;1225;+0200;1405;+0200;0;LX_1473
GVA;1640;+0200;1820;+0200;0;CQ_320
GVA;1450;+0200;1740;+0200;0;LX_1487-LX_2808
GVA;0925;+0200;1220;+0200;0;LH_1689-LH_2382
GVA;1010;+0200;1305;+0200;0;LX_1485-LX_2824
GVA;1720;+0200;2015;+0200;0;NH_6068-NH_6103
GVA;1720;+0200;2015;+0200;0;LH_1693-LH_2388
GVA;1930;+0200;2230;+0200;0;LH_1401-LH_1228
GVA;1930;+0200;2230;+0200;0;BD_2995-BD_3114
GVA;0915;+0200;1220;+0200;0;LH_1689-LH_2382
GVA;0955;+0200;1300;+0200;0;LH_1393-LH_1216
GVA;0955;+0200;1300;+0200;0;BD_2993-BD_3096
GVA;0645;+0200;1000;+0200;0;SN_2816-SN_2713
GVA;0645;+0200;1005;+0200;0;SN_2816-SN_2713
GVA;1345;+0200;1710;+0200;0;LH_1397-LH_1222
GVA;1345;+0200;1710;+0200;0;BD_2991-BD_3118
GVA;1345;+0200;1710;+0200;0;BD_2991-BD_3102
GVA;1345;+0200;1710;+0200;0;LH_1397-LH_1220
GVA;0845;+0200;1215;+0200;0;BD_5478-BD_5275
GVA;0840;+0200;1215;+0200;0;SN_2808-SN_2715
GVA;1250;+0200;1625;+0200;0;LH_1691-LH_2384
GVA;1450;+0200;1825;+0200;0;LX_1487-LX_2810
GVA;1840;+0200;2220;+0200;0;OS_710-OS_577
GVA;0725;+0200;1110;+0200;0;AF_1083-AF_1842
GVA;0725;+0200;1115;+0200;0;AF_1083-AF_1842
GVA;0840;+0200;1230;+0200;0;SN_2808-SN_2715
GVA;1010;+0200;1400;+0200;0;LX_1485-LX_2806
GVA;1015;+0200;1410;+0200;0;AF_1383-AF_2142
GVA;0700;+0200;1100;+0200;0;KL_3120-KL_1927
GVA;1540;+0200;1940;+0200;0;AF_1983-AF_1042
GVA;1710;+0200;2110;+0200;0;BD_5482-BD_5283
GVA;1745;+0200;2145;+0200;0;AF_1783-AF_1242
GVA;0925;+0200;1330;+0200;0;KL_1352-KL_1929
GVA;1005;+0200;1410;+0200;0;AF_1383-AF_2142
GVA;1535;+0200;1940;+0200;0;AF_1983-AF_1042
GVA;1915;+0200;2320;+0200;0;LX_1499-LX_2818
GVA;1345;+0200;1755;+0200;0;LH_1397-LH_1222
GVA;1345;+0200;1755;+0200;0;BD_2991-BD_3118
GVA;1510;+0200;1920;+0200;0;OS_708-OS_575
GVA;1820;+0200;2230;+0200;0;LH_1399-LH_1228
GVA;0600;+0200;1015;+0200;0;LH_1403-LH_1214
GVA;1430;+0200;1845;+0200;0;LO_528-LO_415
GVA;1415;+0200;1835;+0200;0;KL_3124-KL_1933
GVA;1755;+0200;2215;+0200;0;SN_2812-SN_2723
GVA;0955;+0200;1420;+0200;0;BD_2993-BD_3106
GVA;0955;+0200;1420;+0200;0;LH_1393-LH_1218
GVA;1715;+0200;2145;+0200;0;KL_3122-KL_1937
GVA;1715;+0200;2145;+0200;0;AF_1987-AF_1242
GVA;1235;+0200;1710;+0200;0;LH_1395-LH_1222
GVA;1235;+0200;1710;+0200;0;LH_1395-LH_1220
GVA;1400;+0200;1835;+0200;0;KL_1356-KL_1933
GVA;1705;+0200;2145;+0200;0;KL_3122-KL_1937
GVA;1710;+0200;2215;+0200;0;SN_2812-SN_2723
GVA;0710;+0200;1220;+0200;0;LH_1697-LH_2382
GVA;1720;+0200;2230;+0200;0;LH_1693-LH_2390
GVA;1235;+0200;1755;+0200;0;LH_1395-LH_1222
GVA;0645;+0200;1215;+0200;0;SN_2816-SN_2715
GVA;1125;+0200;1655;+0200;0;OS_706-OS_581
BER;0730;+0200;0830;+0200;0;OK_516
BER;1810;+0200;1910;+0200;0;OK_518
BER;1720;+0200;1955;+0200;0;LH_1693-LH_2050
BER;0925;+0200;1210;+0200;0;LH_1689-LH_2036
BER;1125;+0200;1410;+0200;0;OS_706-OS_291
BER;1250;+0200;1540;+0200;0;LH_1691-LH_2040
BER;1840;+0200;2130;+0200;0;OS_710-OS_273
BER;0915;+0200;1210;+0200;0;LH_1689-LH_2036
BER;0710;+0200;1015;+0200;0;LH_1697-LH_2034
BER;0600;+0200;0910;+0200;0;LH_1403-LH_174
BER;1720;+0200;2040;+0200;0;LH_1693-LH_2052
BER;1930;+0200;2250;+0200;0;LH_1401-LH_200
BER;1250;+0200;1620;+0200;0;LH_1691-LH_2042
BER;1820;+0200;2150;+0200;0;LH_1399-LH_198
BER;0925;+0200;1300;+0200;0;LH_3051-LH_2734
BER;1820;+0200;2155;+0200;0;LH_1399-LH_198
BER;1345;+0200;1730;+0200;0;LH_1397-LH_188
BER;1625;+0200;2015;+0200;0;LH_3053-LH_2742
BER;1510;+0200;1905;+0200;0;OS_708-OS_275
BER;1010;+0200;1410;+0200;0;LX_1485-LX_966
BER;1235;+0200;1635;+0200;0;LH_1395-LH_186
BER;1625;+0200;2025;+0200;0;LH_3053-LH_2742
BER;0600;+0200;1005;+0200;0;LH_1403-LH_176
BER;0925;+0200;1335;+0200;0;LH_3051-LH_2736
BER;0955;+0200;1405;+0200;0;LH_1393-LH_182
BER;1250;+0200;1700;+0200;0;LH_1691-LH_2046
BER;1710;+0200;2120;+0200;0;SN_2812-SN_2589
BER;1710;+0200;2120;+0200;0;BD_5482-BD_5329
BER;0925;+0200;1340;+0200;0;KL_1352-KL_1825
BER;1415;+0200;1830;+0200;0;KL_3124-KL_1833
BER;1450;+0200;1905;+0200;0;LX_1487-LX_978
BER;0700;+0200;1120;+0200;0;KL_3120-KL_1823
BER;1015;+0200;1435;+0200;0;AF_1383-AF_2034
BER;0645;+0200;1115;+0200;0;SN_2816-SN_2581
BER;1005;+0200;1435;+0200;0;AF_1383-AF_2034
BER;1400;+0200;1830;+0200;0;KL_1356-KL_1833
BER;1430;+0200;1900;+0200;0;LO_528-LO_389
BER;1755;+0200;2225;+0200;0;SN_2812-SN_2591
BER;1820;+0200;2250;+0200;0;LH_1399-LH_200
BER;0725;+0200;1200;+0200;0;AF_1083-AF_1734
BER;0845;+0200;1320;+0200;0;BD_5478-BD_5333
BER;1345;+0200;1820;+0200;0;LH_1397-LH_190
BER;1715;+0200;2150;+0200;0;KL_3122-KL_1835
BER;1720;+0200;2155;+0200;0;LH_1693-LH_2054
BER;0840;+0200;1320;+0200;0;SN_2808-SN_2583
BER;1540;+0200;2025;+0200;0;AF_1983-AF_2534
BER;1705;+0200;2150;+0200;0;KL_3122-KL_1835
BER;0925;+0200;1415;+0200;0;LH_1689-LH_2038
BER;1535;+0200;2025;+0200;0;AF_1983-AF_2534
BER;1235;+0200;1730;+0200;0;LH_1395-LH_188
BER;0710;+0200;1210;+0200;0;LH_1697-LH_2036
BER;0840;+0200;1340;+0200;0;SN_2808-SN_2583
BER;0915;+0200;1415;+0200;0;LH_1689-LH_2038
MUC;0710;+0200;0800;+0200;0;LH_1697
MUC;0925;+0200;1015;+0200;0;LH_1689
MUC;1250;+0200;1340;+0200;0;LH_1691
MUC;1720;+0200;1810;+0200;0;NH_6068
MUC;1720;+0200;1810;+0200;0;LH_1693
MUC;0915;+0200;1015;+0200;0;LH_1689
MUC;1125;+0200;1355;+0200;0;OS_706-OS_7233
MUC;1510;+0200;1750;+0200;0;OS_708-OS_115
MUC;1820;+0200;2115;+0200;0;LH_1399-LH_122
MUC;1930;+0200;2225;+0200;0;LH_1401-LH_124
MUC;1010;+0200;1310;+0200;0;LX_1485-LX_1104
MUC;0600;+0200;0910;+0200;0;LH_1403-LH_102
MUC;0955;+0200;1310;+0200;0;LH_1393-LH_108
MUC;1345;+0200;1705;+0200;0;LH_1397-LH_114
MUC;1840;+0200;2200;+0200;0;OS_710-OS_7237
MUC;1235;+0200;1600;+0200;0;LH_1395-LH_112
MUC;1450;+0200;1825;+0200;0;LX_1487-LX_3622
MUC;1510;+0200;1845;+0200;0;OS_708-OS_7235
MUC;0810;+0200;1155;+0200;0;OS_704-OS_7239
MUC;1625;+0200;2010;+0200;0;LH_3053-LH_2017
MUC;0840;+0200;1230;+0200;0;SN_2808-SN_7053
MUC;0700;+0200;1055;+0200;0;KL_3120-KL_1793
MUC;0925;+0200;1320;+0200;0;KL_1352-KL_1795
MUC;0600;+0200;1000;+0200;0;LH_1403-LH_104
MUC;1430;+0200;1830;+0200;0;LO_528-LO_5351
MUC;1540;+0200;1945;+0200;0;AF_1983-AF_2522
MUC;1820;+0200;2225;+0200;0;LH_1399-LH_124
MUC;1015;+0200;1425;+0200;0;AF_1383-AF_2022
MUC;1535;+0200;1945;+0200;0;AF_1983-AF_2522
MUC;1010;+0200;1425;+0200;0;LX_1485-LX_3620
MUC;1015;+0200;1430;+0200;0;AF_1383-AF_2022
MUC;1005;+0200;1425;+0200;0;AF_1383-AF_2022
MUC;0725;+0200;1150;+0200;0;AF_1083-AF_1722
MUC;1005;+0200;1430;+0200;0;AF_1383-AF_2022
MUC;1345;+0200;1810;+0200;0;LH_1397-LH_116
MUC;1745;+0200;2210;+0200;0;AF_1783-AF_1122
MUC;1235;+0200;1705;+0200;0;LH_1395-LH_114
VCE;0925;+0200;1210;+0200;0;LH_1689-LH_1908
VCE;0915;+0200;1210;+0200;0;LH_1689-LH_1908
VCE;1840;+0200;2150;+0200;0;OS_710-OS_527
VCE;0600;+0200;0925;+0200;0;LH_1403-LH_324
VCE;0955;+0200;1325;+0200;0;BD_2993-BD_3406
VCE;0955;+0200;1325;+0200;0;LH_1393-LH_326
VCE;1250;+0200;1620;+0200;0;LH_1691-LH_1910
VCE;1510;+0200;1840;+0200;0;OS_708-OS_529
VCE;0925;+0200;1305;+0200;0;LH_3051-LH_3212
VCE;1730;+0200;2110;+0200;0;AF_5904-AF_5566
VCE;1010;+0200;1400;+0200;0;LX_1485-LX_1662
VCE;1450;+0200;1845;+0200;0;LX_1487-LX_1664
VCE;1345;+0200;1745;+0200;0;BD_2991-BD_3408
VCE;1345;+0200;1745;+0200;0;LH_1397-LH_328
VCE;1710;+0200;2110;+0200;0;SN_2812-SN_3205
VCE;1245;+0200;1650;+0200;0;AF_5902-AF_5564
VCE;1005;+0200;1415;+0200;0;AF_1383-AF_1726
VCE;1930;+0200;2340;+0200;0;BD_2995-BD_3402
VCE;1930;+0200;2340;+0200;0;LH_1401-LH_332
VCE;0925;+0200;1340;+0200;0;LH_3051-LH_3212
VCE;1540;+0200;1955;+0200;0;AF_1983-AF_2226
VCE;1535;+0200;1955;+0200;0;AF_1983-AF_2226
VCE;0700;+0200;1145;+0200;0;KL_3120-KL_1653
VCE;1715;+0200;2210;+0200;0;KL_3122-KL_1659
VCE;0710;+0200;1210;+0200;0;LH_1697-LH_1908
VCE;1705;+0200;2210;+0200;0;KL_3122-KL_1659
VCE;1720;+0200;2225;+0200;0;LH_1693-LH_1914
VCE;1235;+0200;1745;+0200;0;LH_1395-LH_328
VCE;1745;+0200;2300;+0200;0;AF_1783-AF_2526
VCE;1820;+0200;2340;+0200;0;LH_1399-LH_332
VCE;1345;+0200;1925;+0200;0;BD_2991-BD_3410
VCE;1345;+0200;1925;+0200;0;LH_1397-LH_330
VCE;1715;+0200;2300;+0200;0;AF_1987-AF_2526
NCE;1450;+0200;1810;+0200;0;LX_1487-LX_560
NCE;1720;+0200;2040;+0200;0;LH_1693-LH_2276
NCE;1720;+0200;2040;+0200;0;NH_6068-NH_6051
NCE;1915;+0200;2240;+0200;0;LX_1499-LX_564
NCE;1730;+0200;2105;+0200;0;AF_5904-AF_7834
NCE;1245;+0200;1635;+0200;0;AF_5902-AF_7839
NCE;1250;+0200;1640;+0200;0;LH_1691-LH_2274
NCE;1840;+0200;2230;+0200;0;OS_710-OS_423
NCE;1010;+0200;1405;+0200;0;LX_1485-LX_568
NCE;1510;+0200;1915;+0200;0;OS_708-OS_421
NCE;1540;+0200;1945;+0200;0;AF_1983-AF_7708
NCE;1710;+0200;2115;+0200;0;SN_2812-SN_3623
NCE;1710;+0200;2115;+0200;0;BD_5482-BD_5447
NCE;1535;+0200;1945;+0200;0;AF_1983-AF_7708
NCE;1015;+0200;1430;+0200;0;AF_1383-AF_7714
NCE;1345;+0200;1800;+0200;0;LH_1397-LH_1064
NCE;1345;+0200;1800;+0200;0;BD_2991-BD_3236
NCE;0600;+0200;1020;+0200;0;LH_1403-LH_1058
NCE;1930;+0200;2350;+0200;0;BD_2995-BD_3238
NCE;1930;+0200;2350;+0200;0;LH_1401-LH_1068
NCE;1005;+0200;1430;+0200;0;AF_1383-AF_7714
NCE;1715;+0200;2140;+0200;0;AF_1987-AF_7712
NCE;0925;+0200;1355;+0200;0;LH_3051-LH_3272
NCE;1540;+0200;2010;+0200;0;AF_1983-AF_7708
NCE;0645;+0200;1120;+0200;0;SN_2816-SN_3617
NCE;0840;+0200;1315;+0200;0;SN_2808-SN_3619
NCE;0845;+0200;1320;+0200;0;BD_5478-BD_5443
NCE;0955;+0200;1430;+0200;0;LH_1393-LH_1060
NCE;1535;+0200;2010;+0200;0;AF_1983-AF_7708
NCE;0700;+0200;1140;+0200;0;KL_3120-KL_1263
NCE;0840;+0200;1320;+0200;0;SN_2808-SN_3619
NCE;0935;+0200;1425;+0200;0;LO_524-LO_341
NCE;0645;+0200;1145;+0200;0;SN_2816-SN_3617
NCE;0710;+0200;1210;+0200;0;LH_1697-LH_2272
NCE;1745;+0200;2245;+0200;0;AF_1783-AF_7712
NCE;1715;+0200;2225;+0200;0;KL_3122-KL_1273
NCE;1720;+0200;2230;+0200;0;LH_1693-LH_2278
NCE;1705;+0200;2225;+0200;0;KL_3122-KL_1273
NCE;1235;+0200;1800;+0200;0;LH_1395-LH_1064
NCE;1730;+0200;2255;+0200;0;AF_5904-AF_7829
NCE;1715;+0200;2245;+0200;0;AF_1987-AF_7712
NCE;1820;+0200;2350;+0200;0;NH_6198-NH_6135
NCE;1820;+0200;2350;+0200;0;LH_1399-LH_1068
NCE;1540;+0200;2140;+0200;0;AF_1983-AF_7712
NCE;1015;+0200;1620;+0200;0;AF_1383-AF_6218
NCE;1215;+0200;1820;+0200;0;BA_855-BA_348
NCE;1535;+0200;2140;+0200;0;AF_1983-AF_7712
NCE;1715;+0200;2320;+0200;0;AF_1987-AF_6242
NCE;1400;+0200;2010;+0200;0;AA_6742-AA_6391
NCE;0825;+0200;1440;+0200;0;AA_6632-AA_6588
NCE;1005;+0200;1620;+0200;0;AF_1383-AF_6218
NCE;0725;+0200;1350;+0200;0;AF_1083-AF_6244
NCE;0815;+0200;1440;+0200;0;BA_853-BA_344
NCE;0645;+0200;1315;+0200;0;SN_2816-SN_3619
NCE;0645;+0200;1320;+0200;0;SN_2816-SN_3619
NCE;0845;+0200;1520;+0200;0;BD_5478-BD_5445
NCE;0840;+0200;1520;+0200;0;SN_2808-SN_3621
NCE;1540;+0200;2220;+0200;0;AF_1983-AF_6232
NCE;1535;+0200;2220;+0200;0;AF_1983-AF_6232
NCE;1110;+0200;1800;+0200;0;IB_7885-IB_8752
NCE;0840;+0200;1535;+0200;0;SN_2808-SN_3621
NCE;0725;+0200;1430;+0200;0;AF_1083-AF_7714
NCE;1015;+0200;1720;+0200;0;AF_1383-AF_7706
NCE;1540;+0200;2245;+0200;0;AF_1983-AF_7712
NCE;1015;+0200;1725;+0200;0;AF_1383-AF_7706
NCE;1535;+0200;2245;+0200;0;AF_1983-AF_7712
NCE;1540;+0200;2250;+0200;0;AF_1983-AF_6246
NCE;0925;+0200;1640;+0200;0;LH_1689-LH_2274
NCE;1005;+0200;1720;+0200;0;AF_1383-AF_7706
NCE;1535;+0200;2250;+0200;0;AF_1983-AF_6246
NCE;1005;+0200;1725;+0200;0;AF_1383-AF_7706
NCE;1510;+0200;2230;+0200;0;OS_708-OS_423
NCE;0725;+0200;1450;+0200;0;AF_1083-AF_6216
NCE;0915;+0200;1640;+0200;0;LH_1689-LH_2274
NCE;0925;+0200;1650;+0200;0;KL_1352-KL_1267
NCE;1605;+0200;2335;+0200;0;AA_6506-AA_6391
LIS;1900;+0200;2135;+0100;0;TP_529
LIS;0925;+0200;1325;+0100;0;LH_1689-LH_1790
LIS;1010;+0200;1410;+0100;0;LX_1485-LX_4580
LIS;1745;+0200;2150;+0100;0;AF_1783-AF_2324
LIS;0915;+0200;1325;+0100;0;TP_7941-TP_6720
LIS;0915;+0200;1325;+0100;0;LH_1689-LH_1790
LIS;1930;+0200;2340;+0100;0;TP_7935-TP_6706
LIS;1930;+0200;2340;+0100;0;LH_1401-LH_1172
LIS;1930;+0200;2340;+0100;0;BD_2995-BD_3350
LIS;1720;+0200;2145;+0100;0;LH_1693-LH_1792
LIS;1720;+0200;2145;+0100;0;TP_7943-TP_6724
LIS;1015;+0200;1450;+0100;0;AF_1383-AF_1624
LIS;1715;+0200;2150;+0100;0;AF_1987-AF_2324
LIS;1110;+0200;1550;+0100;0;IB_7885-IB_3102
LIS;1005;+0200;1450;+0100;0;AF_1383-AF_1624
LIS;0600;+0200;1110;+0100;0;UA_8734-UA_8846
LIS;0645;+0200;1155;+0100;0;SN_2816-SN_3815
LIS;0925;+0200;1435;+0100;0;KL_1352-KL_1693
LIS;0600;+0200;1115;+0100;0;UA_8734-UA_8846
LIS;0600;+0200;1115;+0100;0;LH_1403-LH_1166
LIS;0600;+0200;1115;+0100;0;BD_2997-BD_3348
LIS;0600;+0200;1115;+0100;0;TP_7929-TP_6700
LIS;1215;+0200;1730;+0100;0;AA_6634-AA_6359
LIS;1215;+0200;1735;+0100;0;AA_6634-AA_6359
LIS;1820;+0200;2340;+0100;0;LH_1399-LH_1172
LIS;0840;+0200;1410;+0100;0;SN_2808-SN_6403
LIS;0955;+0200;1530;+0100;0;LH_1393-LH_6994
LIS;0955;+0200;1530;+0100;0;TP_7933-TP_573
LIS;1715;+0200;2250;+0100;0;KL_3122-KL_1697
LIS;0925;+0200;1505;+0100;0;LH_1689-LH_6950
LIS;1705;+0200;2250;+0100;0;KL_3122-KL_1697
LIS;0915;+0200;1505;+0100;0;TP_7941-TP_557
LIS;0915;+0200;1505;+0100;0;LH_1689-LH_6950
LIS;0955;+0200;1545;+0100;0;UA_9061-UA_8896
LIS;0955;+0200;1555;+0100;0;LH_1393-LH_1168
LIS;0955;+0200;1555;+0100;0;UA_9061-UA_8896
LIS;0955;+0200;1555;+0100;0;TP_7933-TP_6702
LIS;1510;+0200;2110;+0100;0;OS_708-OS_8153
LIS;1540;+0200;2150;+0100;0;AF_1983-AF_2324
LIS;0710;+0200;1325;+0100;0;LH_1697-LH_1790
LIS;1450;+0200;2105;+0100;0;LX_1487-LX_4582
LIS;1535;+0200;2150;+0100;0;AF_1983-AF_2324
LIS;1605;+0200;2225;+0100;0;BA_861-BA_504
LIS;1605;+0200;2225;+0100;0;JL_7722-JL_7733
LIS;1605;+0200;2245;+0100;0;AA_6506-AA_6466
LIS;1555;+0200;2245;+0100;0;AA_6506-AA_6466
LIS;1015;+0200;1735;+0100;0;AF_1383-AF_1924
LIS;0645;+0200;1410;+0100;0;SN_2816-SN_6403
LIS;0725;+0200;1450;+0100;0;AF_1083-AF_1624
LIS;1005;+0200;1735;+0100;0;AF_1383-AF_1924
LIS;0700;+0200;1435;+0100;0;KL_3120-KL_1693
LIS;1345;+0200;2120;+0100;0;LH_1397-LH_6956
LIS;0710;+0200;1505;+0100;0;LH_1697-LH_6950
LIS;0935;+0200;1750;+0100;0;LO_524-LO_5441
LIS;1225;+0200;2100;+0100;0;LX_1473-LX_4586
LIS;1415;+0200;2250;+0100;0;KL_3124-KL_1697
LIS;1235;+0200;2120;+0100;0;LH_1395-LH_6956
LIS;1235;+0200;2120;+0100;0;TP_7931-TP_579
LIS;1400;+0200;2245;+0100;0;AA_6742-AA_6466
LIS;1110;+0200;2000;+0100;0;IB_7885-IB_3106
LIS;1400;+0200;2250;+0100;0;KL_1356-KL_1697
LIS;1250;+0200;2145;+0100;0;LH_1691-LH_1792
NTE;1005;+0200;1340;+0200;0;AF_1383-AF_7724
NTE;1245;+0200;1630;+0200;0;AF_5902-AF_5863
NTE;1730;+0200;2125;+0200;0;AF_5904-AF_5869
NTE;1745;+0200;2145;+0200;0;AF_1783-AF_7728
NTE;1715;+0200;2145;+0200;0;AF_1987-AF_7728
NTE;1330;+0200;1815;+0200;0;AF_4347-AF_5650
NTE;1715;+0200;2215;+0200;0;KL_3122-KL_2035
NTE;1705;+0200;2215;+0200;0;KL_3122-KL_2035
NTE;1245;+0200;1800;+0200;0;AF_5902-AF_5865
NTE;1540;+0200;2145;+0200;0;AF_1983-AF_7728
NTE;1535;+0200;2145;+0200;0;AF_1983-AF_7728
NTE;0725;+0200;1340;+0200;0;AF_1083-AF_7724
NTE;0925;+0200;1600;+0200;0;KL_1352-KL_2049
NTE;1540;+0200;2225;+0200;0;AF_1983-AF_7388
NTE;1535;+0200;2225;+0200;0;AF_1983-AF_7388
NTE;1040;+0200;1735;+0200;0;IB_7887-IB_8560
NTE;1015;+0200;1720;+0200;0;AF_1383-AF_7730
NTE;1005;+0200;1720;+0200;0;AF_1383-AF_7730
NTE;1040;+0200;1755;+0200;0;IB_7887-IB_8560
NTE;0725;+0200;1445;+0200;0;AF_1083-AF_7386
NTE;1245;+0200;2010;+0200;0;AF_5902-AF_5867
NTE;1330;+0200;2130;+0200;0;AF_4347-AF_5652
NTE;1415;+0200;2215;+0200;0;KL_3124-KL_2035
NTE;1400;+0200;2215;+0200;0;KL_1356-KL_2035
NTE;1330;+0200;2205;+0200;0;AF_4347-AF_7862
NTE;1245;+0200;2125;+0200;0;AF_5902-AF_5869
NTE;0700;+0200;1600;+0200;0;KL_3120-KL_2049
NTE;0725;+0200;1720;+0200;0;AF_1083-AF_7730
NTE;1540;+0200;2130;+0200;0;AF_1983-AF_7788-AF_5652
NTE;1535;+0200;2130;+0200;0;AF_1983-AF_7788-AF_5652
NTE;0725;+0200;1325;+0200;0;AF_1083-AF_7622-AF_3203
NTE;1015;+0200;1630;+0200;0;AF_1383-AF_7644-AF_5863
NTE;1005;+0200;1630;+0200;0;AF_1383-AF_7644-AF_5863
NTE;1540;+0200;2205;+0200;0;AF_1983-AF_7788-AF_7862
NTE;1535;+0200;2205;+0200;0;AF_1983-AF_7788-AF_7862
NTE;0700;+0200;1340;+0200;0;KL_3120-KL_2003-KL_2310
NTE;1415;+0200;2145;+0200;0;KL_3124-KL_1243-KL_2314
NTE;1415;+0200;2145;+0200;0;KL_3124-KL_1245-KL_2314
NTE;1015;+0200;1800;+0200;0;AF_1383-AF_7644-AF_5865
NTE;1400;+0200;2145;+0200;0;KL_1356-KL_1243-KL_2314
NTE;1400;+0200;2145;+0200;0;KL_1356-KL_1245-KL_2314
NTE;0925;+0200;1720;+0200;0;KL_1352-KL_1233-KL_2312
NTE;0925;+0200;1720;+0200;0;KL_1352-KL_2009-KL_2312
NTE;1005;+0200;1800;+0200;0;AF_1383-AF_7644-AF_5865
NTE;1015;+0200;1815;+0200;0;AF_1383-AF_6154-AF_5650
NTE;1015;+0200;1815;+0200;0;AF_1383-AF_7794-AF_5650
NTE;1015;+0200;1815;+0200;0;AF_1383-AF_6128-AF_5650
NTE;1005;+0200;1815;+0200;0;AF_1383-AF_6128-AF_5650
NTE;1005;+0200;1815;+0200;0;AF_1383-AF_6154-AF_5650
NTE;1005;+0200;1815;+0200;0;AF_1383-AF_7794-AF_5650
NTE;1005;+0200;1815;+0200;0;AF_1383-AF_6126-AF_5650
NTE;1245;+0200;2145;+0200;0;AF_5902-AF_7645-AF_7728
NTE;0725;+0200;1630;+0200;0;AF_1083-AF_7644-AF_5863
NTE;0725;+0200;1630;+0200;0;AF_1083-AF_7414-AF_5863
NTE;1015;+0200;1940;+0200;0;AF_1383-AF_6266-AF_3207
NTE;1015;+0200;1940;+0200;0;AF_1383-AF_6264-AF_3207
NTE;1015;+0200;1940;+0200;0;AF_1383-AF_7624-AF_3207
NTE;1015;+0200;1940;+0200;0;AF_1383-AF_7634-AF_3207
NTE;1015;+0200;1940;+0200;0;AF_1383-AF_6262-AF_3207
NTE;1005;+0200;1940;+0200;0;AF_1383-AF_7634-AF_3207
NTE;1005;+0200;1940;+0200;0;AF_1383-AF_6264-AF_3207
NTE;1005;+0200;1940;+0200;0;AF_1383-AF_6262-AF_3207
NTE;1005;+0200;1940;+0200;0;AF_1383-AF_6266-AF_3207
NTE;1005;+0200;1940;+0200;0;AF_1383-AF_7624-AF_3207
NTE;1245;+0200;2225;+0200;0;AF_5902-AF_7645-AF_7388
NTE;1245;+0200;2225;+0200;0;AF_5902-AF_7415-AF_7388
NTE;1015;+0200;2010;+0200;0;AF_1383-AF_7646-AF_5867
NTE;1015;+0200;2010;+0200;0;AF_1383-AF_7644-AF_5867
DUB;0700;+0200;1010;+0100;0;KL_3120-KL_3153
DUB;1930;+0200;2240;+0100;0;LH_1401-LH_982
DUB;1415;+0200;1735;+0100;0;KL_3124-KL_3159
DUB;1400;+0200;1735;+0100;0;KL_1356-KL_3159
DUB;1345;+0200;1725;+0100;0;LH_1397-LH_980
DUB;1015;+0200;1400;+0100;0;AF_1383-AF_5006
DUB;0725;+0200;1115;+0100;0;AF_1083-AF_5004
DUB;1005;+0200;1400;+0100;0;AF_1383-AF_5006
DUB;1540;+0200;1945;+0100;0;AF_1983-AF_5010
DUB;1715;+0200;2120;+0100;0;KL_3122-KL_3161
DUB;0815;+0200;1225;+0100;0;BA_853-BA_5957
DUB;1535;+0200;1945;+0100;0;AF_1983-AF_5010
DUB;0925;+0200;1340;+0100;0;KL_1352-KL_3155
DUB;1705;+0200;2120;+0100;0;KL_3122-KL_3161
DUB;1605;+0200;2025;+0100;0;BA_861-BA_5977
DUB;1820;+0200;2240;+0100;0;LH_1399-LH_982
DUB;1745;+0200;2215;+0100;0;AF_1783-AF_5008
DUB;1235;+0200;1725;+0100;0;LH_1395-LH_980
DUB;1215;+0200;1710;+0100;0;BA_855-BA_5967
DUB;1715;+0200;2215;+0100;0;AF_1987-AF_5008
DUB;0600;+0200;1105;+0100;0;LH_1403-LH_978
DUB;1605;+0200;2125;+0100;0;BA_861-BA_5979
DUB;0815;+0200;1355;+0100;0;BA_853-BA_5959
DUB;1215;+0200;1810;+0100;0;BA_855-BA_5969
DUB;0925;+0200;1540;+0100;0;KL_1352-KL_3157
DUB;1720;+0200;2240;+0100;0;LH_1693-LH_121-LH_982
DUB;1345;+0200;1955;+0100;0;LH_1397-LH_914-LH_6505
DUB;1235;+0200;1850;+0100;0;LH_1395-LH_910-LH_6503
VIE;1125;+0200;1220;+0200;0;OS_706
VIE;1510;+0200;1605;+0200;0;OS_708
VIE;1840;+0200;1935;+0200;0;OS_710
VIE;2125;+0200;2220;+0200;0;OS_712
VIE;0810;+0200;0910;+0200;0;OS_704
VIE;0925;+0200;1225;+0200;0;LH_1689-LH_2328
VIE;1720;+0200;2020;+0200;0;LH_1693-LH_2332
VIE;0915;+0200;1225;+0200;0;LH_1689-LH_2328
VIE;1820;+0200;2130;+0200;0;LH_1399-LH_6338
VIE;0710;+0200;1025;+0200;0;LH_1697-LH_2326
VIE;1930;+0200;2305;+0200;0;LH_1401-LH_1246
VIE;1930;+0200;2305;+0200;0;BD_2995-BD_2982
VIE;1250;+0200;1630;+0200;0;LH_1691-LH_2330
VIE;1450;+0200;1830;+0200;0;LX_1487-LX_1582
VIE;1355;+0200;1750;+0200;0;UA_9316-UA_9076
VIE;1010;+0200;1410;+0200;0;LX_1485-LX_1578
VIE;0600;+0200;1005;+0200;0;LH_1403-LH_1234
VIE;0600;+0200;1005;+0200;0;UA_8734-UA_8964
VIE;0925;+0200;1330;+0200;0;KL_1352-KL_1845
VIE;1345;+0200;1750;+0200;0;LH_1397-LH_1240
VIE;1345;+0200;1750;+0200;0;BD_2991-BD_2986
VIE;1345;+0200;1750;+0200;0;UA_9316-UA_9076
VIE;1710;+0200;2115;+0200;0;SN_2812-SN_2909
VIE;1710;+0200;2115;+0200;0;BD_5482-BD_5489
VIE;0955;+0200;1405;+0200;0;UA_9061-UA_8966
VIE;0955;+0200;1410;+0200;0;BD_2993-BD_2984
VIE;0955;+0200;1410;+0200;0;LH_1393-LH_1238
VIE;0955;+0200;1410;+0200;0;UA_9061-UA_8966
VIE;1235;+0200;1650;+0200;0;LH_1395-LH_6336
VIE;1235;+0200;1650;+0200;0;TP_7931-TP_8742
VIE;1430;+0200;1845;+0200;0;LO_528-LO_225
VIE;1450;+0200;1915;+0200;0;LX_1487-LX_3556
VIE;1005;+0200;1435;+0200;0;AF_1383-AF_1738
VIE;1745;+0200;2215;+0200;0;AF_1783-AF_1756
SXB;0715;+0200;0845;+0200;0;OK_740
SXB;1700;+0200;1835;+0200;0;OK_742
SXB;1415;+0200;1740;+0200;0;KL_3124-KL_2045
SXB;1730;+0200;2100;+0200;0;AF_5904-AF_5782
SXB;0700;+0200;1035;+0200;0;KL_3120-KL_2043
SXB;1400;+0200;1740;+0200;0;KL_1356-KL_2045
SXB;0645;+0200;1035;+0200;0;SN_2816-SN_3653
SXB;1015;+0200;1410;+0200;0;AF_1383-AF_7762
SXB;1005;+0200;1410;+0200;0;AF_1383-AF_7762
SXB;1245;+0200;1650;+0200;0;AF_5902-AF_5780
SXB;1715;+0200;2125;+0200;0;KL_3122-KL_2047
SXB;1745;+0200;2155;+0200;0;AF_1783-AF_7770
SXB;1705;+0200;2125;+0200;0;KL_3122-KL_2047
SXB;1715;+0200;2155;+0200;0;AF_1987-AF_7770
SXB;1820;+0200;2300;+0200;0;LH_1399-LH_394
SXB;1930;+0200;0015;+0200;1;LH_1401-LH_396
SXB;0600;+0200;1100;+0200;0;LH_1403-LH_386
SXB;1820;+0200;0015;+0200;1;LH_1399-LH_396
SXB;0955;+0200;1600;+0200;0;LH_1393-LH_390
SXB;1345;+0200;2000;+0200;0;LH_1397-LH_392
SXB;1540;+0200;2155;+0200;0;AF_1983-AF_7770
SXB;1110;+0200;1730;+0200;0;IB_7885-IB_8654
SXB;1535;+0200;2155;+0200;0;AF_1983-AF_7770
SXB;0725;+0200;1350;+0200;0;AF_1083-AF_7306
SXB;1110;+0200;1735;+0200;0;IB_7885-IB_8654
SXB;1015;+0200;1655;+0200;0;AF_1383-AF_7308
SXB;0725;+0200;1410;+0200;0;AF_1083-AF_7762
SXB;1005;+0200;1655;+0200;0;AF_1383-AF_7308
SXB;0925;+0200;1600;+0200;0;LH_1689-LH_109-LH_390
SXB;1720;+0200;0015;+0200;1;LH_1693-LH_121-LH_396