PAR;1025;+0200;1230;+0200;0;VY_6251
PAR;1025;+0200;1230;+0200;0;IB_5719
PAR;1525;+0200;1730;+0200;0;VY_6255
PAR;1525;+0200;1730;+0200;0;IB_5961
PAR;1825;+0200;2030;+0200;0;IB_5721
PAR;1825;+0200;2030;+0200;0;VY_6253
PAR;0700;+0200;0910;+0200;0;AZ_316
PAR;0700;+0200;0910;+0200;0;AF_9831
PAR;0720;+0200;0930;+0200;0;AF_2305
PAR;0720;+0200;0930;+0200;0;AZ_7310
PAR;0855;+0200;1105;+0200;0;AZ_318
PAR;0855;+0200;1105;+0200;0;AF_9833
PAR;1020;+0200;1230;+0200;0;AZ_7300
PAR;1020;+0200;1230;+0200;0;AF_1205
PAR;1300;+0200;1510;+0200;0;AZ_7302
PAR;1300;+0200;1510;+0200;0;AF_1505
PAR;1430;+0200;1640;+0200;0;AF_9839
PAR;1430;+0200;1640;+0200;0;AZ_324
PAR;1535;+0200;1745;+0200;0;AF_9845
PAR;1535;+0200;1745;+0200;0;AZ_330
PAR;1705;+0200;1915;+0200;0;AF_9841
PAR;1705;+0200;1915;+0200;0;AZ_326
PAR;1800;+0200;2010;+0200;0;AF_1905
PAR;1800;+0200;2010;+0200;0;AZ_7308
PAR;1855;+0200;2105;+0200;0;AF_2105
PAR;1855;+0200;2105;+0200;0;AZ_7306
PAR;1955;+0200;2205;+0200;0;AZ_7304
PAR;1955;+0200;2205;+0200;0;AF_2205
PAR;2115;+0200;2325;+0200;0;AZ_332
PAR;2115;+0200;2325;+0200;0;AF_9847
PAR;1815;+0200;2135;+0200;0;AZ_2112-AZ_356
PAR;0630;+0200;0955;+0200;0;AZ_2008-AZ_7086
PAR;0815;+0200;1140;+0200;0;AZ_2020-AZ_7296
PAR;1610;+0200;1935;+0200;0;AZ_1425-AZ_7378
PAR;0650;+0200;1020;+0200;0;LX_1735-LX_634
PAR;0820;+0200;1150;+0200;0;AZ_1421-AZ_7372
PAR;0900;+0200;1230;+0200;0;AZ_2028-AZ_7846
PAR;1400;+0200;1730;+0200;0;AZ_2068-AZ_7848
PAR;1500;+0200;1830;+0200;0;AZ_2044-AZ_7816
PAR;1610;+0200;1940;+0200;0;KL_2783-KL_2109
PAR;1100;+0200;1435;+0200;0;AZ_2032-AZ_7900
PAR;1800;+0200;2135;+0200;0;AZ_2050-AZ_356
PAR;1830;+0200;2205;+0200;0;AZ_2100-AZ_7298
PAR;0800;+0200;1140;+0200;0;AZ_2016-AZ_7296
PAR;0845;+0200;1230;+0200;0;AZ_2022-AZ_7846
PAR;1315;+0200;1700;+0200;0;AZ_1475-AZ_7328
PAR;1500;+0200;1845;+0200;0;AZ_2044-AZ_7088
PAR;1600;+0200;1945;+0200;0;AZ_2080-AZ_358
PAR;1715;+0200;2100;+0200;0;AF_9885-AF_6247
PAR;1600;+0200;1950;+0200;0;AZ_1479-AZ_7330
PAR;1815;+0200;2205;+0200;0;AZ_2112-AZ_7298
PAR;0745;+0200;1140;+0200;0;AZ_2014-AZ_7296
PAR;0905;+0200;1300;+0200;0;AF_9881-AF_6211
PAR;1740;+0200;2135;+0200;0;AZ_2096-AZ_356
PAR;0645;+0200;1045;+0200;0;SN_3188-SN_3633
PAR;0830;+0200;1230;+0200;0;AZ_2026-AZ_7846
PAR;1235;+0200;1635;+0200;0;AF_4343-AF_6167
PAR;1305;+0200;1705;+0200;0;AF_3249-AF_6129
PAR;1535;+0200;1935;+0200;0;AF_9891-AF_6139
PAR;1030;+0200;1435;+0200;0;KL_2791-KL_2105
PAR;1030;+0200;1435;+0200;0;AZ_1429-AZ_7374
PAR;1325;+0200;1730;+0200;0;AZ_1417-AZ_7376
PAR;1325;+0200;1730;+0200;0;KL_2777-KL_2107
PAR;1330;+0200;1735;+0200;0;LG_6554-LG_8019
PAR;1800;+0200;2205;+0200;0;AZ_2050-AZ_7298
PAR;0730;+0200;1140;+0200;0;AZ_2018-AZ_7296
PAR;1000;+0200;1410;+0200;0;AZ_1465-AZ_7326
PAR;1210;+0200;1620;+0200;0;LH_1843-LH_2232
PAR;1400;+0200;1810;+0200;0;AZ_2068-AZ_7906
PAR;1420;+0200;1830;+0200;0;LH_1845-LH_2236
PAR;0815;+0200;1230;+0200;0;AZ_2020-AZ_7846
PAR;0935;+0200;1350;+0200;0;LX_1727-LX_638
PAR;1255;+0200;1710;+0200;0;AF_3129-AF_6267
PAR;1425;+0200;1840;+0200;0;OK_725-OK_766
PAR;1715;+0200;2130;+0200;0;AF_9885-AF_6231
PAR;1720;+0200;2135;+0200;0;AZ_2088-AZ_356
PAR;1825;+0200;2245;+0200;0;LH_237-LH_1052
PAR;0620;+0200;1045;+0200;0;KL_1596-KL_2003
PAR;0715;+0200;1140;+0200;0;AZ_2012-AZ_7296
PAR;0905;+0200;1330;+0200;0;AF_9881-AF_6215
PAR;1740;+0200;2205;+0200;0;AZ_2096-AZ_7298
PAR;0645;+0200;1115;+0200;0;UA_9938-UA_9965
PAR;0645;+0200;1115;+0200;0;SN_3188-SN_3633
PAR;0800;+0200;1230;+0200;0;AZ_2016-AZ_7846
PAR;1030;+0200;1500;+0200;0;OS_506-OS_415
PAR;1235;+0200;1705;+0200;0;AF_4343-AF_6129
PAR;1300;+0200;1730;+0200;0;AZ_2038-AZ_7848
PAR;1305;+0200;1735;+0200;0;AF_3249-AF_6131
PAR;1320;+0200;1750;+0200;0;AZ_1319-AZ_7316
PAR;1400;+0200;1830;+0200;0;AZ_2068-AZ_7816
PAR;1440;+0200;1910;+0200;0;LH_3201-LH_3224
PAR;1505;+0200;1935;+0200;0;AZ_1435-AZ_7378
PAR;1535;+0200;2005;+0200;0;AF_9891-AF_6141
PAR;1740;+0200;2210;+0200;0;AF_5820-AF_7649
PAR;1745;+0200;2215;+0200;0;AZ_7364-AZ_3651
PAR;0620;+0200;1055;+0200;0;LH_243-LH_1030
PAR;1000;+0200;1435;+0200;0;AZ_2036-AZ_7900
PAR;1255;+0200;1730;+0200;0;AF_3129-AF_7629
PAR;1700;+0200;2135;+0200;0;AZ_2092-AZ_356
PAR;1725;+0200;2200;+0200;0;KL_1604-KL_2023
PAR;0700;+0200;1140;+0200;0;AZ_2010-AZ_7296
PAR;0935;+0200;1415;+0200;0;AZ_1311-AZ_7314
PAR;1010;+0200;1450;+0200;0;LH_231-LH_1036
PAR;1030;+0200;1510;+0200;0;KL_1598-KL_2009
PAR;1305;+0200;1745;+0200;0;AF_3249-AF_7787
PAR;1450;+0200;1930;+0200;0;LX_1737-LX_644
PAR;0745;+0200;1230;+0200;0;AZ_2014-AZ_7846
PAR;1215;+0200;1700;+0200;0;AZ_1469-AZ_7328
PAR;1315;+0200;1800;+0200;0;AZ_1026-AZ_7352
PAR;1400;+0200;1845;+0200;0;AZ_2068-AZ_7088
PAR;1455;+0200;1940;+0200;0;LH_235-LH_1046
PAR;1500;+0200;1945;+0200;0;AZ_2044-AZ_358
PAR;1720;+0200;2205;+0200;0;AZ_2088-AZ_7298
PAR;0855;+0200;1345;+0200;0;KL_3400-KL_1233
PAR;0900;+0200;1350;+0200;0;AF_4329-AF_6025
PAR;0920;+0200;1410;+0200;0;AZ_1463-AZ_7326
PAR;0905;+0200;1400;+0200;0;AF_9881-AF_6213
PAR;1320;+0200;1815;+0200;0;LH_233-LH_1042
PAR;1640;+0200;2135;+0200;0;AZ_2090-AZ_356
PAR;0730;+0200;1230;+0200;0;AZ_2018-AZ_7846
PAR;1235;+0200;1735;+0200;0;AF_4343-AF_6131
PAR;1305;+0200;1805;+0200;0;AF_3249-AF_6133
PAR;1335;+0200;1835;+0200;0;AA_6511-AA_6509
PAR;1335;+0200;1835;+0200;0;BA_549-BA_336
PAR;1535;+0200;2035;+0200;0;AF_9891-AF_6143
PAR;0930;+0200;1435;+0200;0;AZ_2030-AZ_7900
PAR;1210;+0200;1715;+0200;0;LH_1843-LH_2234
PAR;1700;+0200;2205;+0200;0;AZ_2092-AZ_7298
PAR;1715;+0200;2220;+0200;0;AZ_1028-AZ_7356
PAR;0630;+0200;1140;+0200;0;AZ_2008-AZ_7296
PAR;0950;+0200;1500;+0200;0;AZ_1663-AZ_7392
PAR;0950;+0200;1500;+0200;0;AZ_1383-AZ_7822
PAR;1140;+0200;1650;+0200;0;HG_8467-HG_8726
PAR;1140;+0200;1650;+0200;0;AB_8467-AB_8726
PAR;1235;+0200;1745;+0200;0;AF_4343-AF_7787
PAR;1300;+0200;1810;+0200;0;AZ_2038-AZ_7906
PAR;1500;+0200;2010;+0200;0;KL_3404-KL_2017
PAR;0715;+0200;1230;+0200;0;AZ_2012-AZ_7846
PAR;0920;+0200;1435;+0200;0;AZ_1413-AZ_7374
PAR;0920;+0200;1435;+0200;0;AZ_2310-AZ_7900
PAR;0945;+0200;1500;+0200;0;AZ_1675-AZ_7804
PAR;1030;+0200;1545;+0200;0;AM_6926-AM_6935
PAR;1255;+0200;1810;+0200;0;AF_3129-AF_6269
PAR;1255;+0200;1810;+0200;0;AF_5822-AF_7415
PAR;1255;+0200;1810;+0200;0;KL_1602-KL_1243
PAR;1255;+0200;1810;+0200;0;AF_5822-AF_7645
PAR;1535;+0200;2050;+0200;0;AF_9891-AF_6147
PAR;1535;+0200;2050;+0200;0;AZ_366-AZ_2981
PAR;1620;+0200;2135;+0200;0;AZ_2046-AZ_356
PAR;1715;+0200;2230;+0200;0;AZ_1467-AZ_7332
PAR;1715;+0200;2230;+0200;0;BA_559-BA_326
PAR;1715;+0200;2230;+0200;0;AF_9885-AF_6241
PAR;1720;+0200;2235;+0200;0;LH_1847-LH_2240
PAR;0815;+0200;1335;+0200;0;QF_3422-QF_3397
PAR;0815;+0200;1335;+0200;0;BA_551-BA_334
PAR;1145;+0200;1705;+0200;0;BA_553-BA_316
PAR;1145;+0200;1705;+0200;0;AA_6516-AA_6390
PAR;1335;+0200;1855;+0200;0;AA_6511-AA_6509
PAR;0810;+0200;1335;+0200;0;BA_551-BA_334
PAR;0810;+0200;1335;+0200;0;QF_3422-QF_3397
PAR;0905;+0200;1430;+0200;0;AF_9881-AF_6225
PAR;0945;+0200;1510;+0200;0;AZ_1263-AZ_7338
PAR;0945;+0200;1510;+0200;0;AF_9763-AF_2379
PAR;1030;+0200;1555;+0200;0;UX_1042-UX_1023
PAR;1640;+0200;2205;+0200;0;AZ_2090-AZ_7298
PAR;0645;+0200;1215;+0200;0;LH_1851-LH_2230
PAR;0700;+0200;1230;+0200;0;AZ_2010-AZ_7846
PAR;1200;+0200;1730;+0200;0;AZ_2034-AZ_7848
PAR;1235;+0200;1805;+0200;0;AF_4343-AF_6133
PAR;1300;+0200;1830;+0200;0;AZ_2038-AZ_7816
PAR;1305;+0200;1835;+0200;0;AF_3249-AF_6135
PAR;1535;+0200;2105;+0200;0;AF_9891-AF_6145
LON;1125;+0200;1300;+0100;0;BA_2543
LON;1810;+0200;1945;+0100;0;BA_2541
LON;2025;+0200;2200;+0100;0;BA_555
LON;1335;+0200;1515;+0100;0;BA_549
LON;1845;+0200;2025;+0100;0;BA_557
LON;0810;+0200;0955;+0100;0;AA_6512
LON;0810;+0200;0955;+0100;0;BA_551
LON;0815;+0200;1000;+0100;0;BA_551
LON;1145;+0200;1330;+0100;0;BA_553
LON;1145;+0200;1330;+0100;0;AA_6516
LON;1335;+0200;1520;+0100;0;AA_6511
LON;1520;+0200;1705;+0100;0;BA_547
LON;1520;+0200;1705;+0100;0;AA_6516
LON;1715;+0200;1900;+0100;0;BA_559
LON;1335;+0200;1525;+0100;0;AZ_204
LON;1720;+0200;1910;+0100;0;AZ_208
LON;1955;+0200;2145;+0100;0;AZ_206
LON;2115;+0200;2305;+0100;0;AZ_210
LON;0930;+0200;1125;+0100;0;AZ_202
LON;1450;+0200;1750;+0100;0;LX_1737-LX_466
LON;1400;+0200;1705;+0100;0;AZ_2068-AZ_7052
LON;1600;+0200;1905;+0100;0;AZ_2080-AZ_238
LON;1740;+0200;2050;+0100;0;AZ_2096-AZ_7898
LON;0700;+0200;1025;+0100;0;AF_9831-AF_1980
LON;0935;+0200;1300;+0100;0;LX_1727-LX_332
LON;1020;+0200;1345;+0100;0;AF_1205-AF_2280
LON;1300;+0200;1625;+0100;0;AF_1505-AF_2580
LON;1705;+0200;2030;+0100;0;AF_9841-AF_1380
LON;0645;+0200;1015;+0100;0;SN_3188-SN_2093
LON;0645;+0200;1015;+0100;0;LH_1851-LH_2472
LON;0645;+0200;1015;+0100;0;BD_5358-BD_5433
LON;0700;+0200;1030;+0100;0;AF_9831-AF_1980
LON;1320;+0200;1650;+0100;0;LH_233-LH_898
LON;1720;+0200;2050;+0100;0;AZ_2088-AZ_7898
LON;1320;+0200;1655;+0100;0;BD_3593-BD_3220
LON;1320;+0200;1655;+0100;0;LH_233-LH_914
LON;0840;+0200;1225;+0100;0;LH_1841-LH_2474
LON;1300;+0200;1645;+0100;0;AZ_2038-AZ_230
LON;1430;+0200;1815;+0100;0;AF_9839-AF_1080
LON;1455;+0200;1840;+0100;0;LH_235-LH_936
LON;1455;+0200;1840;+0100;0;BD_3607-BD_3462
LON;1535;+0200;1920;+0100;0;AF_9845-AF_1180
LON;1825;+0200;2210;+0100;0;BD_3597-BD_3194
LON;1825;+0200;2210;+0100;0;LH_237-LH_922
LON;1700;+0200;2050;+0100;0;AZ_2092-AZ_7898
LON;1430;+0200;1825;+0100;0;AF_9839-AF_1080
LON;1455;+0200;1850;+0100;0;LH_235-LH_918
LON;1455;+0200;1850;+0100;0;BD_3607-BD_3190
LON;1335;+0200;1735;+0100;0;KL_3402-KL_1023
LON;1400;+0200;1800;+0100;0;AZ_2068-AZ_7912
LON;0630;+0200;1035;+0100;0;UA_8805-UA_8811
LON;1030;+0200;1435;+0100;0;OS_506-OS_461
LON;1300;+0200;1705;+0100;0;AZ_2038-AZ_7052
LON;1500;+0200;1905;+0100;0;AZ_2044-AZ_238
LON;0630;+0200;1040;+0100;0;UA_8805-UA_8811
LON;1010;+0200;1420;+0100;0;BD_3599-BD_3208
LON;1010;+0200;1420;+0100;0;LH_231-LH_908
LON;1640;+0200;2050;+0100;0;AZ_2090-AZ_7898
LON;0620;+0200;1035;+0100;0;UA_8805-UA_8811
LON;1210;+0200;1625;+0100;0;LH_1843-LH_2478
LON;1255;+0200;1710;+0100;0;KL_1602-KL_1029
LON;1440;+0200;1855;+0100;0;LH_3201-LH_3386
LON;1645;+0200;2100;+0100;0;LX_1715-LX_4428
LON;0620;+0200;1040;+0100;0;LH_243-LH_904
LON;0620;+0200;1040;+0100;0;BD_3591-BD_3216
LON;0620;+0200;1040;+0100;0;UA_8805-UA_8811
LON;1450;+0200;1910;+0100;0;SK_682-SK_1507
LON;0620;+0200;1045;+0100;0;KL_1596-KL_1009
LON;1220;+0200;1645;+0100;0;TU_753-TU_790
LON;1450;+0200;1915;+0100;0;LX_1737-LX_454
LON;1500;+0200;1925;+0100;0;KL_3404-KL_1027
LON;1320;+0200;1750;+0100;0;BD_3593-BD_3234
LON;1320;+0200;1750;+0100;0;LH_233-LH_916
LON;1620;+0200;2050;+0100;0;AZ_2046-AZ_7898
LON;1450;+0200;1925;+0100;0;LX_1737-LX_338
LON;1255;+0200;1735;+0100;0;KL_1602-KL_1023
LON;1030;+0200;1515;+0100;0;KL_1598-KL_1019
LON;1200;+0200;1645;+0100;0;AZ_2034-AZ_230
LON;0855;+0200;1345;+0100;0;AF_9833-AF_2280
LON;1420;+0200;1910;+0100;0;LH_1845-LH_2496
LON;1430;+0200;1920;+0100;0;AF_9839-AF_1180
LON;1430;+0200;1920;+0100;0;AB_8841-AB_8342
LON;1600;+0200;2050;+0100;0;AZ_2080-AZ_7898
LON;1625;+0200;2115;+0100;0;IB_3675-IB_3178
LON;0855;+0200;1350;+0100;0;KL_3400-KL_1017
LON;1535;+0200;2030;+0100;0;AF_9845-AF_1380
LON;1300;+0200;1800;+0100;0;AZ_2038-AZ_7912
LON;1420;+0200;1920;+0100;0;LH_1845-LH_2480
LON;1635;+0200;2135;+0100;0;BD_5354-BD_5437
LON;1635;+0200;2135;+0100;0;SN_3182-SN_2103
LON;1200;+0200;1705;+0100;0;AZ_2034-AZ_7052
LON;1400;+0200;1905;+0100;0;AZ_2068-AZ_238
LON;1430;+0200;1940;+0100;0;AB_8841-AB_8342
LON;1300;+0200;1815;+0100;0;AF_1505-AF_1080
LON;0650;+0200;1210;+0100;0;LX_1735-LX_456
LON;1015;+0200;1535;+0100;0;AA_5669-AA_6279
LON;1320;+0200;1840;+0100;0;LH_233-LH_936
LON;1320;+0200;1840;+0100;0;BD_3593-BD_3462
LON;1300;+0200;1825;+0100;0;AF_1505-AF_1080
LON;0845;+0200;1415;+0100;0;UA_9211-UA_9175
LON;1320;+0200;1850;+0100;0;BD_3593-BD_3190
LON;1320;+0200;1850;+0100;0;LH_233-LH_918
LON;1455;+0200;2025;+0100;0;LH_235-LH_920
LON;1455;+0200;2025;+0100;0;BD_3607-BD_3192
MAD;0800;+0200;1025;+0200;0;IB_3609
MAD;1030;+0200;1255;+0200;0;IB_3677
MAD;1500;+0200;1725;+0200;0;IB_3679
MAD;1625;+0200;1850;+0200;0;IB_3675
MAD;1920;+0200;2145;+0200;0;IB_3607
MAD;1030;+0200;1300;+0200;0;UX_1042
MAD;0855;+0200;1130;+0200;0;AZ_58
MAD;1215;+0200;1450;+0200;0;IB_3613
MAD;1425;+0200;1700;+0200;0;AZ_60
MAD;1755;+0200;2030;+0200;0;UX_1048
MAD;2115;+0200;2350;+0200;0;AZ_64
MAD;0930;+0200;1340;+0200;0;AZ_2030-AZ_48
MAD;1500;+0200;1910;+0200;0;AZ_2044-AZ_7100
MAD;0900;+0200;1340;+0200;0;AZ_2028-AZ_48
MAD;1450;+0200;1940;+0200;0;LX_1737-LX_2032
MAD;0845;+0200;1340;+0200;0;AZ_2022-AZ_48
MAD;0830;+0200;1340;+0200;0;AZ_2026-AZ_48
MAD;0935;+0200;1445;+0200;0;LX_1727-LX_2026
MAD;1210;+0200;1720;+0200;0;LH_1843-LH_1804
MAD;1400;+0200;1910;+0200;0;AZ_2068-AZ_7100
MAD;0815;+0200;1340;+0200;0;AZ_2020-AZ_48
MAD;1825;+0200;2350;+0200;0;BD_3597-BD_2920
MAD;1825;+0200;2350;+0200;0;LH_237-LH_1120
MAD;1455;+0200;2025;+0200;0;LH_235-LH_6802
MAD;1455;+0200;2025;+0200;0;JK_8902-JK_118
MAD;0840;+0200;1415;+0200;0;LH_1841-LH_1802
MAD;0800;+0200;1340;+0200;0;AZ_2016-AZ_48
MAD;1150;+0200;1730;+0200;0;TP_841-TP_1016
MAD;0620;+0200;1205;+0200;0;KL_1596-KL_1701
MAD;0855;+0200;1440;+0200;0;AF_9833-AF_1600
MAD;1300;+0200;1845;+0200;0;AF_1505-AF_1900
MAD;1725;+0200;2310;+0200;0;KL_1604-KL_1707
MAD;1020;+0200;1610;+0200;0;AF_1205-AF_1700
MAD;1410;+0200;2000;+0200;0;TP_839-TP_1018
MAD;1430;+0200;2020;+0200;0;AF_9839-AF_2000
MAD;0745;+0200;1340;+0200;0;AZ_2014-AZ_48
MAD;1010;+0200;1615;+0200;0;LH_231-LH_6800
MAD;1010;+0200;1615;+0200;0;JK_8900-JK_126
MAD;1220;+0200;1825;+0200;0;TU_753-TU_606
MAD;0730;+0200;1340;+0200;0;AZ_2018-AZ_48
MAD;1300;+0200;1910;+0200;0;AZ_2038-AZ_7100
MAD;1330;+0200;1940;+0200;0;LG_6554-LG_3837
MAD;1535;+0200;2145;+0200;0;AF_9845-AF_2100
MAD;1635;+0200;2245;+0200;0;BD_5354-BD_5317
MAD;1635;+0200;2245;+0200;0;SN_3182-SN_3731
MAD;0745;+0200;1400;+0200;0;OK_727-OK_700
MAD;1335;+0200;1950;+0200;0;KL_3402-KL_1709
MAD;0855;+0200;1515;+0200;0;KL_3400-KL_1703
MAD;0715;+0200;1340;+0200;0;AZ_2012-AZ_48
MAD;1020;+0200;1650;+0200;0;BD_5352-BD_5313
MAD;1020;+0200;1650;+0200;0;SN_3176-SN_3727
CPH;1450;+0200;1720;+0200;0;SK_682
CPH;1915;+0200;2155;+0200;0;QI_364
CPH;0645;+0200;1040;+0200;0;LH_1851-LH_6260
CPH;1425;+0200;1820;+0200;0;OK_725-OK_508
CPH;1210;+0200;1615;+0200;0;LH_1843-LH_2444
CPH;1420;+0200;1835;+0200;0;LH_1845-LH_6256
CPH;1455;+0200;1910;+0200;0;LH_235-LH_6032
CPH;1450;+0200;1915;+0200;0;LX_1737-LX_1272
CPH;1810;+0200;2235;+0200;0;AB_8271-AB_8950
CPH;0935;+0200;1405;+0200;0;LX_1727-LX_1270
CPH;1855;+0200;2325;+0200;0;LH_1849-LH_6258
CPH;0620;+0200;1055;+0200;0;LH_243-LH_6070
CPH;0620;+0200;1055;+0200;0;KL_1596-KL_1127
CPH;1720;+0200;2155;+0200;0;LH_1847-LH_6262
CPH;1320;+0200;1810;+0200;0;BD_3593-BD_3420
CPH;1320;+0200;1810;+0200;0;UA_8925-UA_9074
CPH;1825;+0200;2315;+0200;0;BD_3597-BD_3422
CPH;1825;+0200;2315;+0200;0;LH_237-LH_832
CPH;1320;+0200;1815;+0200;0;UA_8925-UA_9074
CPH;1320;+0200;1815;+0200;0;LH_233-LH_830
CPH;0700;+0200;1200;+0200;0;AF_9831-AF_2050
CPH;1335;+0200;1835;+0200;0;KL_3402-KL_1133
CPH;1335;+0200;1835;+0200;0;AZ_110-AZ_2916
CPH;1635;+0200;2145;+0200;0;SN_3182-SN_2265
CPH;1635;+0200;2145;+0200;0;BD_5354-BD_5465
CPH;1725;+0200;2235;+0200;0;KL_1604-KL_1139
CPH;1725;+0200;2235;+0200;0;AZ_7728-AZ_2918
CPH;1345;+0200;1905;+0200;0;BT_632-BT_139
CPH;0645;+0200;1210;+0200;0;BD_5358-BD_3734
CPH;0650;+0200;1215;+0200;0;LX_1735-LX_4700
CPH;1635;+0200;2200;+0200;0;BD_5354-BD_3730
CPH;0645;+0200;1215;+0200;0;LH_1851-LH_2442
CPH;0855;+0200;1425;+0200;0;AF_9833-AF_2350
CPH;0855;+0200;1425;+0200;0;AZ_318-AZ_3616
CPH;0855;+0200;1430;+0200;0;AF_9833-AF_2350
CPH;1440;+0200;2015;+0200;0;LH_3201-LH_6214
CPH;1145;+0200;1725;+0200;0;BA_553-BA_818
CPH;1255;+0200;1835;+0200;0;KL_1602-KL_1133
CPH;1255;+0200;1835;+0200;0;AZ_7714-AZ_2916
CPH;1010;+0200;1600;+0200;0;UA_8801-UA_9330
CPH;1320;+0200;1910;+0200;0;LH_233-LH_6032
CPH;0645;+0200;1240;+0200;0;HU_8090-HU_8093
CPH;0645;+0200;1240;+0200;0;UA_9938-UA_9911
CPH;0645;+0200;1240;+0200;0;SN_3188-SN_2257
CPH;1430;+0200;2025;+0200;0;AB_8841-AB_8230
CPH;1010;+0200;1610;+0200;0;LH_231-LH_828
CPH;1010;+0200;1610;+0200;0;BD_3599-BD_3416
CPH;0840;+0200;1445;+0200;0;LH_1841-LH_6052
CPH;1030;+0200;1635;+0200;0;AZ_7712-AZ_2914
CPH;1030;+0200;1635;+0200;0;KL_1598-KL_1131
CPH;1535;+0200;2140;+0200;0;AF_9845-AF_1350
CPH;1535;+0200;2140;+0200;0;AZ_330-AZ_3630
CPH;1720;+0200;2325;+0200;0;LH_1847-LH_6258
CPH;1020;+0200;1630;+0200;0;SN_3176-SN_2259
CPH;1020;+0200;1630;+0200;0;BD_5352-BD_5459
CPH;1345;+0200;1955;+0200;0;BT_632-BT_139
CPH;0630;+0200;1245;+0200;0;UA_8805-UA_9568
CPH;0645;+0200;1300;+0200;0;BD_5358-BD_5457
CPH;0645;+0200;1300;+0200;0;SN_3188-SN_2257
CPH;0645;+0200;1300;+0200;0;HU_8090-HU_8093
CPH;0645;+0200;1300;+0200;0;UA_9938-UA_9911
CPH;0620;+0200;1245;+0200;0;UA_8805-UA_9568
CPH;0620;+0200;1245;+0200;0;BD_3591-BD_3418
CPH;1210;+0200;1835;+0200;0;LH_1843-LH_6256
CPH;1420;+0200;2045;+0200;0;LH_1845-LH_2446
CPH;1030;+0200;1700;+0200;0;OS_506-OS_303
CPH;1455;+0200;2130;+0200;0;LH_235-LH_6224
CPH;1520;+0200;2155;+0200;0;BA_547-BA_822
CPH;0650;+0200;1330;+0200;0;SK_8951-SK_1421
CPH;1335;+0200;2025;+0200;0;AB_8841-AB_8230
CPH;0920;+0200;1615;+0200;0;JU_405-JU_372
CPH;1020;+0200;1715;+0200;0;AF_1205-AF_1050
CPH;0800;+0200;1500;+0200;0;IB_3609-IB_3304
CPH;1020;+0200;1720;+0200;0;AZ_7300-AZ_3628
CPH;1020;+0200;1720;+0200;0;AF_1205-AF_1050
CPH;0720;+0200;1425;+0200;0;AF_2305-AF_2350
CPH;0720;+0200;1425;+0200;0;AZ_7310-AZ_3616
CPH;1120;+0200;1825;+0200;0;AY_782-AY_667
CPH;1450;+0200;2155;+0200;0;LX_1737-LX_4704
CPH;0720;+0200;1430;+0200;0;AF_2305-AF_2350
CPH;1430;+0200;2140;+0200;0;AZ_324-AZ_3630
CPH;1430;+0200;2140;+0200;0;AF_9839-AF_1350
CPH;0620;+0200;1335;+0200;0;AZ_7710-AZ_3894
CPH;0620;+0200;1335;+0200;0;KL_1596-KL_1129
CPH;0650;+0200;1405;+0200;0;LX_1735-LX_1270
CPH;1145;+0200;1900;+0200;0;BA_553-BA_820
CPH;1145;+0200;1900;+0200;0;AA_6516-AA_6471
CPH;0700;+0200;1420;+0200;0;IB_5899-IB_5624
CPH;0700;+0200;1420;+0200;0;VY_6193-VY_1871
CPH;0700;+0200;1425;+0200;0;AZ_316-AZ_3616
CPH;0700;+0200;1425;+0200;0;AF_9831-AF_2350
CPH;0700;+0200;1430;+0200;0;AF_9831-AF_2350
CPH;0815;+0200;1545;+0200;0;BA_551-BA_816
CPH;0810;+0200;1545;+0200;0;AA_6512-AA_6536
CPH;0810;+0200;1545;+0200;0;BA_551-BA_816
CPH;0840;+0200;1615;+0200;0;LH_1841-LH_2444
CPH;1125;+0200;1900;+0200;0;BA_2543-BA_820
CPH;1420;+0200;2155;+0200;0;LH_1845-LH_6262
CPH;1500;+0200;2235;+0200;0;KL_3404-KL_1139
CPH;1500;+0200;2235;+0200;0;AZ_132-AZ_2918
CPH;0855;+0200;1635;+0200;0;AZ_108-AZ_2914
CPH;0855;+0200;1635;+0200;0;KL_3400-KL_1131
CPH;0620;+0200;1410;+0200;0;LH_243-LH_6222
CPH;1410;+0200;2200;+0200;0;TP_839-TP_752
CPH;1140;+0200;1935;+0200;0;HG_8467-HG_8012
CPH;1140;+0200;1935;+0200;0;AB_8467-AB_8012
CPH;0645;+0200;1445;+0200;0;LH_1851-LH_6052
CPH;1010;+0200;1810;+0200;0;UA_8801-UA_9074
CPH;1010;+0200;1810;+0200;0;BD_3599-BD_3420
STO;0650;+0200;1000;+0200;0;SK_8951
STO;0650;+0200;1000;+0200;0;ET_702
STO;1720;+0200;2140;+0200;0;LH_1847-LH_2420
STO;0645;+0200;1110;+0200;0;LH_1851-LH_2414
STO;1450;+0200;1920;+0200;0;SK_682-SK_1426
STO;1030;+0200;1515;+0200;0;OS_506-OS_313
STO;1810;+0200;2300;+0200;0;AB_8271-AB_8100
STO;1440;+0200;1940;+0200;0;LH_3201-LH_2924
STO;1635;+0200;2135;+0200;0;BD_5354-BD_5469
STO;1420;+0200;1935;+0200;0;LH_1845-LH_6188
STO;0650;+0200;1210;+0200;0;UA_9799-UA_6964
STO;1210;+0200;1730;+0200;0;LH_1843-LH_2418
STO;1320;+0200;1840;+0200;0;LH_233-LH_804
STO;1320;+0200;1840;+0200;0;BD_3593-BD_3524
STO;0645;+0200;1210;+0200;0;BD_5358-BD_3830
STO;0650;+0200;1215;+0200;0;UA_9799-UA_6964
STO;0650;+0200;1215;+0200;0;LX_1735-LX_4706
STO;1335;+0200;1900;+0200;0;KL_3402-KL_1117
STO;1825;+0200;2350;+0200;0;LH_237-LH_808
STO;1825;+0200;2350;+0200;0;BD_3597-BD_3526
STO;0620;+0200;1150;+0200;0;BD_3591-BD_3522
STO;0620;+0200;1150;+0200;0;LH_243-LH_802
STO;0935;+0200;1505;+0200;0;LX_1727-LX_1250
STO;1120;+0200;1650;+0200;0;AY_782-AY_645
STO;1455;+0200;2025;+0200;0;LH_235-LH_6228
STO;1300;+0200;1835;+0200;0;AF_1505-AF_1062
STO;1725;+0200;2300;+0200;0;AZ_7728-AZ_2908
STO;1725;+0200;2300;+0200;0;KL_1604-KL_1121
STO;1120;+0200;1700;+0200;0;AY_782-AY_983
STO;1705;+0200;2245;+0200;0;AF_9841-AF_1462
STO;0620;+0200;1215;+0200;0;AZ_7710-AZ_2900
STO;0620;+0200;1215;+0200;0;KL_1596-KL_1109
STO;1030;+0200;1625;+0200;0;KL_1598-KL_1115
STO;1030;+0200;1625;+0200;0;AZ_7712-AZ_2904
STO;1255;+0200;1900;+0200;0;KL_1602-KL_1117
STO;0745;+0200;1355;+0200;0;OK_727-OK_490
STO;1345;+0200;1955;+0200;0;BT_632-BT_109
STO;1715;+0200;2340;+0200;0;BA_559-BA_786
STO;0840;+0200;1515;+0200;0;LH_1841-LH_2416
STO;1335;+0200;2010;+0200;0;BA_549-BA_782
STO;1335;+0200;2010;+0200;0;AA_6511-AA_6454
STO;1450;+0200;2125;+0200;0;SK_682-SK_1430
STO;0645;+0200;1325;+0200;0;SN_3188-SN_2305
STO;0645;+0200;1325;+0200;0;BD_5358-BD_5473
STO;0815;+0200;1500;+0200;0;QF_3422-QF_3353
STO;0815;+0200;1500;+0200;0;BA_551-BA_778
STO;0810;+0200;1500;+0200;0;AA_6512-AA_6529
STO;0810;+0200;1500;+0200;0;QF_3422-QF_3353
STO;0810;+0200;1500;+0200;0;BA_551-BA_778
STO;1120;+0200;1810;+0200;0;AY_782-AY_647
STO;1335;+0200;2025;+0200;0;AA_6511-AA_6454
STO;0700;+0200;1400;+0200;0;IB_5899-IB_5668
STO;0700;+0200;1400;+0200;0;VY_6193-VY_1263
STO;1455;+0200;2155;+0200;0;LH_235-LH_6056
STO;1320;+0200;2025;+0200;0;LH_233-LH_6228
STO;1440;+0200;2145;+0200;0;LH_3201-LH_6284
STO;1535;+0200;2245;+0200;0;AZ_330-AZ_3638
STO;1535;+0200;2245;+0200;0;AF_9845-AF_1462
STO;1420;+0200;2140;+0200;0;LH_1845-LH_2420
STO;1450;+0200;2210;+0200;0;SK_682-SK_414
STO;1210;+0200;1935;+0200;0;LH_1843-LH_6188
STO;0855;+0200;1625;+0200;0;KL_3400-KL_1115
STO;0855;+0200;1625;+0200;0;AZ_108-AZ_2904
STO;1450;+0200;2220;+0200;0;LX_1737-LX_4708
STO;1425;+0200;2200;+0200;0;OK_725-OK_494
STO;0620;+0200;1415;+0200;0;LH_243-LH_6226
STO;1500;+0200;2300;+0200;0;AZ_132-AZ_2908
STO;1500;+0200;2300;+0200;0;KL_3404-KL_1121
STO;0650;+0200;1505;+0200;0;LX_1735-LX_1250
STO;1020;+0200;1835;+0200;0;AF_1205-AF_1062
STO;1020;+0200;1835;+0200;0;AZ_7300-AZ_3636
STO;1430;+0200;2245;+0200;0;AZ_324-AZ_3638
STO;1430;+0200;2245;+0200;0;AF_9839-AF_1462
STO;1520;+0200;2340;+0200;0;BA_547-BA_786
STO;1145;+0200;2010;+0200;0;AA_6516-AA_6454
STO;1145;+0200;2010;+0200;0;BA_553-BA_782
STO;0645;+0200;1515;+0200;0;LH_1851-LH_2416
STO;1010;+0200;1840;+0200;0;BD_3599-BD_3524
STO;1010;+0200;1840;+0200;0;LH_231-LH_804
STO;1030;+0200;1900;+0200;0;KL_1598-KL_1117
STO;1320;+0200;2155;+0200;0;LH_233-LH_6056
STO;1120;+0200;2000;+0200;0;AY_782-AY_985
STO;1145;+0200;2025;+0200;0;AA_6516-AA_6454
STO;1120;+0200;2005;+0200;0;AY_782-AY_649
STO;1125;+0200;2010;+0200;0;BA_2543-BA_782
STO;0810;+0200;1700;+0200;0;AA_6512-AA_6361
STO;0840;+0200;1730;+0200;0;LH_1841-LH_2418
STO;0920;+0200;1815;+0200;0;JU_405-JU_372-JU_372
STO;1335;+0200;2230;+0200;0;BA_549-BA_8493
STO;1455;+0200;2350;+0200;0;LH_235-LH_808
STO;1455;+0200;2350;+0200;0;NH_6122-NH_6189
STO;1455;+0200;2350;+0200;0;BD_3607-BD_3526
STO;0815;+0200;1720;+0200;0;BA_551-BA_780
STO;1450;+0200;2355;+0200;0;SK_682-SK_1428
STO;0810;+0200;1720;+0200;0;BA_551-BA_780
STO;1030;+0200;1940;+0200;0;OS_506-OS_315
STO;0935;+0200;1855;+0200;0;LX_1727-LX_1254
STO;1020;+0200;1940;+0200;0;SN_3176-SN_2307
STO;1020;+0200;1945;+0200;0;BD_5352-BD_5467
STO;1335;+0200;2300;+0200;0;KL_3402-KL_1121
STO;1335;+0200;2300;+0200;0;AZ_110-AZ_2908
STO;1210;+0200;2140;+0200;0;LH_1843-LH_2420
FRA;1320;+0200;1515;+0200;0;BD_3593
FRA;1320;+0200;1515;+0200;0;LH_233
FRA;1455;+0200;1650;+0200;0;NH_6122
FRA;1455;+0200;1650;+0200;0;LH_235
FRA;1455;+0200;1650;+0200;0;BD_3607
FRA;1825;+0200;2020;+0200;0;BD_3597
FRA;1825;+0200;2020;+0200;0;LH_237
FRA;1920;+0200;2115;+0200;0;BD_3609
FRA;1920;+0200;2115;+0200;0;LH_239
FRA;0620;+0200;0825;+0200;0;BD_3591
FRA;0620;+0200;0825;+0200;0;LH_243
FRA;0905;+0200;1110;+0200;0;AZ_400
FRA;0905;+0200;1110;+0200;0;AF_9749
FRA;1010;+0200;1215;+0200;0;LH_231
FRA;1010;+0200;1215;+0200;0;BD_3599
FRA;1550;+0200;1755;+0200;0;AZ_404
FRA;1550;+0200;1755;+0200;0;AF_9753
FRA;0650;+0200;1015;+0200;0;LX_1735-LX_3600
FRA;1420;+0200;1745;+0200;0;LH_1845-LH_117
FRA;0645;+0200;1020;+0200;0;LH_1851-LH_105
FRA;1720;+0200;2105;+0200;0;LH_1847-LH_123
FRA;1500;+0200;1850;+0200;0;AZ_2044-AZ_410
FRA;1720;+0200;2110;+0200;0;LH_1847-LH_123
FRA;0935;+0200;1330;+0200;0;LX_1727-LX_1072
FRA;1425;+0200;1820;+0200;0;OK_725-OK_536
FRA;1210;+0200;1610;+0200;0;LH_1843-LH_115
FRA;0840;+0200;1245;+0200;0;LH_1841-LH_111
FRA;1030;+0200;1440;+0200;0;OS_506-OS_123
FRA;1020;+0200;1435;+0200;0;AF_1205-AF_1918
FRA;1440;+0200;1855;+0200;0;LH_3201-LH_85
FRA;0645;+0200;1105;+0200;0;LH_1851-LH_107
FRA;1450;+0200;1910;+0200;0;LX_1737-LX_3608
FRA;0650;+0200;1115;+0200;0;LX_1735-LX_3602
FRA;1130;+0200;1555;+0200;0;OU_383-OU_5404
FRA;1450;+0200;1920;+0200;0;SK_682-SK_1635
FRA;1705;+0200;2135;+0200;0;AF_9841-AF_1018
FRA;1030;+0200;1505;+0200;0;KL_1598-KL_1767
FRA;1420;+0200;1855;+0200;0;LH_1845-LH_119
FRA;1725;+0200;2200;+0200;0;KL_1604-KL_1775
FRA;0920;+0200;1400;+0200;0;JU_405-JU_350
FRA;1720;+0200;2205;+0200;0;LH_1847-LH_125
FRA;1400;+0200;1850;+0200;0;AZ_2068-AZ_410
FRA;1255;+0200;1750;+0200;0;KL_1602-KL_1773
FRA;1140;+0200;1640;+0200;0;HG_8467-HG_8774
FRA;1140;+0200;1640;+0200;0;AB_8467-AB_8774
FRA;1635;+0200;2135;+0200;0;SN_3182-SN_7013
FRA;0935;+0200;1440;+0200;0;LX_1727-LX_3604
FRA;0645;+0200;1155;+0200;0;LH_1851-LH_109
FRA;1300;+0200;1810;+0200;0;AB_8271-AB_6559
FRA;1300;+0200;1810;+0200;0;AB_8271-AB_6563
FRA;1300;+0200;1815;+0200;0;AF_1505-AF_2318
FRA;1430;+0200;1945;+0200;0;AF_9839-AF_2418
FRA;1450;+0200;2005;+0200;0;LX_1737-LX_1076
FRA;1645;+0200;2200;+0200;0;LX_1715-LX_3910
FRA;0645;+0200;1205;+0200;0;SN_3188-SN_7003
FRA;1440;+0200;2000;+0200;0;LH_3201-LH_87
FRA;1020;+0200;1545;+0200;0;SN_3176-SN_7005
MUC;0915;+0200;1050;+0200;0;AZ_432
MUC;0915;+0200;1050;+0200;0;AF_9817
MUC;1210;+0200;1345;+0200;0;LH_1843
MUC;1540;+0200;1715;+0200;0;AZ_436
MUC;1540;+0200;1715;+0200;0;AF_9825
MUC;1720;+0200;1855;+0200;0;LH_1847
MUC;1720;+0200;1855;+0200;0;NH_6094
MUC;0645;+0200;0825;+0200;0;LH_1851
MUC;0840;+0200;1020;+0200;0;LH_1841
MUC;1420;+0200;1600;+0200;0;LH_1845
MUC;1855;+0200;2035;+0200;0;LH_1849
MUC;0650;+0200;1005;+0200;0;LX_1735-LX_3618
MUC;1030;+0200;1355;+0200;0;OS_506-OS_7233
MUC;0935;+0200;1310;+0200;0;LX_1727-LX_1104
MUC;1450;+0200;1825;+0200;0;LX_1737-LX_3622
MUC;1320;+0200;1705;+0200;0;LH_233-LH_114
MUC;1810;+0200;2200;+0200;0;AB_8271-AB_6205
MUC;1645;+0200;2040;+0200;0;LX_1715-LX_3920
MUC;1825;+0200;2225;+0200;0;LH_237-LH_124
MUC;1440;+0200;1845;+0200;0;LH_3201-LH_2015
MUC;1810;+0200;2220;+0200;0;AB_8271-AB_6205
MUC;1010;+0200;1430;+0200;0;LH_231-LH_110
MUC;1455;+0200;1915;+0200;0;LH_235-LH_118
MUC;1300;+0200;1725;+0200;0;AF_1505-AF_2322
MUC;0720;+0200;1150;+0200;0;AF_2305-AF_1722
MUC;1300;+0200;1730;+0200;0;AF_1505-AF_2322
MUC;0620;+0200;1055;+0200;0;KL_1596-KL_1793
MUC;0620;+0200;1100;+0200;0;LH_243-LH_106
MUC;1335;+0200;1815;+0200;0;AB_8841-AB_6037
MUC;0700;+0200;1150;+0200;0;AF_9831-AF_1722
MUC;0935;+0200;1425;+0200;0;LX_1727-LX_3620
MUC;1220;+0200;1710;+0200;0;TU_753-TU_542
MUC;1320;+0200;1810;+0200;0;LH_233-LH_116
MUC;1430;+0200;1920;+0200;0;AB_8841-AB_6021
MUC;1450;+0200;1940;+0200;0;SK_682-SK_663
MUC;1725;+0200;2215;+0200;0;KL_1604-KL_1801
MUC;1140;+0200;1635;+0200;0;HG_8467-HG_8388
MUC;1140;+0200;1635;+0200;0;AB_8467-AB_8388
MUC;1705;+0200;2210;+0200;0;AF_9841-AF_1122
MUC;1300;+0200;1810;+0200;0;AB_8271-AB_6201
MUC;0920;+0200;1435;+0200;0;JU_405-JU_8342
MUC;1430;+0200;1945;+0200;0;AF_9839-AF_2522
MUC;1450;+0200;2005;+0200;0;LX_1737-LX_1110
MUC;1455;+0200;2015;+0200;0;LH_235-LH_120
MUC;1645;+0200;2205;+0200;0;LX_1715-LX_3918
MUC;1330;+0200;1855;+0200;0;LG_6554-LG_9737
MUC;0855;+0200;1425;+0200;0;AF_9833-AF_2022
MUC;1440;+0200;2010;+0200;0;LH_3201-LH_2017
BCN;2145;+0200;2330;+0200;0;IB_5911
BCN;2145;+0200;2330;+0200;0;VY_6115
BCN;0700;+0200;0850;+0200;0;IB_5899
BCN;0700;+0200;0850;+0200;0;VY_6193
BCN;0905;+0200;1055;+0200;0;AZ_74
BCN;0940;+0200;1130;+0200;0;IB_5820
BCN;0940;+0200;1130;+0200;0;VY_6167
BCN;1430;+0200;1620;+0200;0;VY_6113
BCN;1430;+0200;1620;+0200;0;IB_5663
BCN;1605;+0200;1755;+0200;0;AZ_76
BCN;1645;+0200;1835;+0200;0;VY_6105
BCN;1645;+0200;1835;+0200;0;IB_5709
BCN;1915;+0200;2105;+0200;0;VY_6107
BCN;1915;+0200;2105;+0200;0;IB_5711
BCN;2130;+0200;2320;+0200;0;AZ_78
BCN;1255;+0200;1630;+0200;0;AF_3129-AF_3206
BCN;1740;+0200;2125;+0200;0;AF_5820-AF_5894
BCN;0630;+0200;1020;+0200;0;AZ_2008-AZ_7894
BCN;1000;+0200;1355;+0200;0;AZ_2036-AZ_7098
BCN;1255;+0200;1655;+0200;0;AF_5822-AF_5898
BCN;1500;+0200;1910;+0200;0;AZ_2044-AZ_80
BCN;1450;+0200;1905;+0200;0;LX_1737-LX_1956
BCN;0930;+0200;1355;+0200;0;AZ_2030-AZ_7098
BCN;0935;+0200;1400;+0200;0;LX_1727-LX_1954
BCN;0645;+0200;1115;+0200;0;LH_1851-LH_1810
BCN;1030;+0200;1500;+0200;0;UX_1042-UX_2004
BCN;1625;+0200;2055;+0200;0;IB_3675-IB_2764
BCN;1855;+0200;2325;+0200;0;LH_1849-LH_1818
BCN;0840;+0200;1320;+0200;0;LH_1841-LH_1812
BCN;1215;+0200;1655;+0200;0;IB_3613-IB_6772
BCN;1455;+0200;1935;+0200;0;JK_8902-JK_9372
BCN;1455;+0200;1935;+0200;0;LH_235-LH_1134
BCN;1825;+0200;2305;+0200;0;LH_237-LH_1138
BCN;1825;+0200;2305;+0200;0;BD_3597-BD_3448
BCN;1320;+0200;1805;+0200;0;LH_233-LH_1132
BCN;1320;+0200;1805;+0200;0;BD_3593-BD_3452
BCN;0800;+0200;1255;+0200;0;IB_3609-IB_6764
BCN;0900;+0200;1355;+0200;0;AZ_2028-AZ_7098
BCN;1500;+0200;1955;+0200;0;IB_3679-IB_2738
BCN;1705;+0200;2200;+0200;0;AF_9841-AF_2348
BCN;1430;+0200;1930;+0200;0;AF_9839-AF_2048
BCN;1010;+0200;1515;+0200;0;JK_8900-JK_8832
BCN;1010;+0200;1515;+0200;0;LH_231-LH_1128
BCN;1430;+0200;1935;+0200;0;AB_8841-AB_8564
BCN;0645;+0200;1155;+0200;0;SN_3188-SN_3701
BCN;0845;+0200;1355;+0200;0;AZ_2022-AZ_7098
BCN;1210;+0200;1720;+0200;0;LH_1843-LH_1814
BCN;1215;+0200;1725;+0200;0;IB_3613-IB_6774
BCN;1400;+0200;1910;+0200;0;AZ_2068-AZ_80
BCN;1535;+0200;2045;+0200;0;AF_9845-AF_2148
BCN;0745;+0200;1300;+0200;0;OK_727-OK_688
BCN;0620;+0200;1140;+0200;0;LH_243-LH_1126
BCN;1725;+0200;2245;+0200;0;KL_1604-KL_1681
BCN;0620;+0200;1145;+0200;0;BD_3591-BD_3450
BCN;0620;+0200;1145;+0200;0;LH_243-LH_1126
BCN;0830;+0200;1355;+0200;0;AZ_2026-AZ_7098
BCN;1030;+0200;1555;+0200;0;UX_1042-UX_2006
BCN;1030;+0200;1555;+0200;0;IB_3677-IB_6754
BCN;0815;+0200;1355;+0200;0;AZ_2020-AZ_7098
BCN;0855;+0200;1435;+0200;0;AF_9833-AF_1648
BCN;1215;+0200;1755;+0200;0;IB_3613-IB_6776
BCN;1215;+0200;1755;+0200;0;IB_3613-IB_2762
BCN;0645;+0200;1230;+0200;0;UA_9938-UA_9971
BCN;1020;+0200;1610;+0200;0;SN_3176-SN_3703
BCN;1335;+0200;1925;+0200;0;KL_3402-KL_1677
BCN;0620;+0200;1215;+0200;0;KL_1596-KL_1671
BCN;0800;+0200;1355;+0200;0;AZ_2016-AZ_7098
BCN;1500;+0200;2055;+0200;0;IB_3679-IB_2764
BCN;1335;+0200;1935;+0200;0;AB_8841-AB_8564
BCN;1625;+0200;2225;+0200;0;IB_3675-IB_2790
BCN;1720;+0200;2325;+0200;0;LH_1847-LH_1818
BCN;0745;+0200;1355;+0200;0;AZ_2014-AZ_7098
BCN;0855;+0200;1505;+0200;0;KL_3400-KL_1673
BCN;0900;+0200;1510;+0200;0;AB_8731-AB_8166
BCN;1300;+0200;1910;+0200;0;AZ_2038-AZ_80
BCN;1520;+0200;2130;+0200;0;AA_6516-AA_6294
BCN;0810;+0200;1425;+0200;0;AA_6512-AA_6287
BCN;1320;+0200;1935;+0200;0;LH_233-LH_1134
BCN;1335;+0200;1950;+0200;0;BA_549-BA_486
BCN;1430;+0200;2045;+0200;0;AF_9839-AF_2148
BCN;1335;+0200;1955;+0200;0;AA_6511-AA_6748
BCN;0730;+0200;1355;+0200;0;AZ_2018-AZ_7098
BCN;1030;+0200;1655;+0200;0;IB_3677-IB_6772
BCN;1535;+0200;2200;+0200;0;AF_9845-AF_2348
BCN;1255;+0200;1925;+0200;0;KL_1602-KL_1677
BCN;1300;+0200;1930;+0200;0;AF_1505-AF_2048
BCN;1635;+0200;2305;+0200;0;SN_3182-SN_3707
BCN;1635;+0200;2305;+0200;0;BD_5354-BD_5307
DUS;1440;+0200;1645;+0200;0;LH_3201
DUS;1430;+0200;1640;+0200;0;AB_8841
DUS;1335;+0200;1550;+0200;0;AB_8841
DUS;0645;+0200;1015;+0200;0;LH_1851-LH_2004
DUS;0650;+0200;1020;+0200;0;LX_1735-LX_3634
DUS;0840;+0200;1210;+0200;0;LH_1841-LH_2008
DUS;1210;+0200;1545;+0200;0;LH_1843-LH_2012
DUS;1455;+0200;1830;+0200;0;LH_235-LH_84
DUS;1720;+0200;2055;+0200;0;LH_1847-LH_2022
DUS;1740;+0200;2120;+0200;0;AF_5820-AF_5878
DUS;1010;+0200;1400;+0200;0;LH_231-LH_78
DUS;1810;+0200;2200;+0200;0;AB_8271-AB_6451
DUS;1255;+0200;1650;+0200;0;AF_5822-AF_5874
DUS;1825;+0200;2220;+0200;0;LH_237-LH_88
DUS;1855;+0200;2250;+0200;0;LH_1849-LH_2026
DUS;1420;+0200;1820;+0200;0;LH_1845-LH_2016
DUS;1140;+0200;1545;+0200;0;AB_8467-AB_8517
DUS;1320;+0200;1725;+0200;0;LH_233-LH_82
DUS;1425;+0200;1830;+0200;0;OK_725-OK_526
DUS;1535;+0200;1940;+0200;0;AF_9845-AF_2406
DUS;0935;+0200;1350;+0200;0;LX_1727-LX_1018
DUS;1450;+0200;1905;+0200;0;LX_1737-LX_1026
DUS;1645;+0200;2100;+0200;0;LX_1715-LX_3902
DUS;1800;+0200;2215;+0200;0;AF_1905-AF_1106
DUS;1810;+0200;2225;+0200;0;AB_8271-AB_6451
DUS;1140;+0200;1620;+0200;0;AB_8467-AB_8517
DUS;1210;+0200;1650;+0200;0;LH_1843-LH_2014
DUS;1720;+0200;2200;+0200;0;LH_1847-LH_2024
DUS;1255;+0200;1740;+0200;0;AZ_7714-AZ_2948
DUS;1255;+0200;1740;+0200;0;KL_1602-KL_1861
DUS;0620;+0200;1110;+0200;0;LH_243-LH_76
DUS;1450;+0200;1950;+0200;0;LX_1737-LX_3640
DUS;1725;+0200;2225;+0200;0;KL_1604-KL_1863
DUS;1725;+0200;2225;+0200;0;AZ_7728-AZ_2906
DUS;0855;+0200;1400;+0200;0;AZ_108-AZ_2946
DUS;0855;+0200;1400;+0200;0;KL_3400-KL_1857
DUS;0855;+0200;1405;+0200;0;AZ_318-AZ_2882
DUS;0855;+0200;1405;+0200;0;AF_9833-AF_1906
DUS;1320;+0200;1830;+0200;0;LH_233-LH_84
DUS;1430;+0200;1940;+0200;0;AZ_324-AZ_2886
DUS;1430;+0200;1940;+0200;0;AF_9839-AF_2406
DUS;1705;+0200;2215;+0200;0;AZ_326-AZ_2888
DUS;1705;+0200;2215;+0200;0;AF_9841-AF_1106
DUS;1420;+0200;1935;+0200;0;LH_1845-LH_2018
DUS;1300;+0200;1820;+0200;0;AB_8271-AB_6447
DUS;0620;+0200;1145;+0200;0;KL_1596-KL_1855
DUS;0620;+0200;1145;+0200;0;AZ_7710-AZ_2944
DUS;0645;+0200;1210;+0200;0;LH_1851-LH_2008
DUS;1720;+0200;2250;+0200;0;LH_1847-LH_2026
DUS;1145;+0200;1720;+0200;0;BA_553-BA_942
DUS;1145;+0200;1720;+0200;0;AA_6516-AA_6422
DUS;1335;+0200;1910;+0200;0;AA_6511-AA_6450
DUS;1335;+0200;1910;+0200;0;BA_549-BA_944
DUS;1455;+0200;2035;+0200;0;LH_235-LH_86
DUS;0840;+0200;1425;+0200;0;LH_1841-LH_2010
DUS;1335;+0200;1920;+0200;0;AA_6511-AA_6450
HEL;1945;+0200;0005;+0300;1;AY_784
HEL;1120;+0200;1545;+0300;0;AY_782
HEL;1720;+0200;2300;+0300;0;LH_1847-LH_2466
HEL;1345;+0200;1930;+0300;0;BT_632-BT_339
HEL;1345;+0200;1940;+0300;0;BT_632-BT_325
HEL;1210;+0200;1810;+0300;0;LH_1843-LH_2464
HEL;1810;+0200;0015;+0300;1;AB_8271-AB_8310
HEL;1920;+0200;0130;+0300;1;BD_3609-BD_3124
HEL;1920;+0200;0130;+0300;1;LH_239-LH_854
HEL;0630;+0200;1315;+0300;0;UA_8805-UA_8735
HEL;0620;+0200;1310;+0300;0;AZ_7710-AZ_3808
HEL;0620;+0200;1310;+0300;0;KL_1596-KL_1167
HEL;1635;+0200;2325;+0300;0;KF_5724-KF_34
HEL;1635;+0200;2325;+0300;0;SN_3182-SN_6755
HEL;1725;+0200;0015;+0300;1;KL_1604-KL_1171
HEL;1725;+0200;0015;+0300;1;AZ_7728-AZ_3896
HEL;0620;+0200;1315;+0300;0;UA_8805-UA_8735
HEL;1345;+0200;2040;+0300;0;BT_632-BT_327
HEL;0650;+0200;1355;+0300;0;SK_8951-SK_6428
HEL;1825;+0200;0130;+0300;1;LH_237-LH_854
HEL;1825;+0200;0130;+0300;1;BD_3597-BD_3124
HEL;0855;+0200;1615;+0300;0;AF_9833-AF_1498
HEL;0935;+0200;1655;+0300;0;LX_1727-LX_4790
HEL;1535;+0200;2255;+0300;0;AF_9845-AF_1798
HEL;0720;+0200;1450;+0300;0;AF_2305-AF_2298
HEL;1010;+0200;1740;+0300;0;UA_8801-UA_9022
HEL;0630;+0200;1405;+0300;0;UA_8805-UA_8735
HEL;0620;+0200;1405;+0300;0;UA_8805-UA_8735
HEL;0620;+0200;1405;+0300;0;LH_243-LH_848
HEL;0700;+0200;1450;+0300;0;AF_9831-AF_2298
HEL;1010;+0200;1800;+0300;0;LH_231-LH_850
HEL;1010;+0200;1800;+0300;0;UA_8801-UA_9022
HEL;1450;+0200;2245;+0300;0;SK_682-SK_714
HEL;1455;+0200;2305;+0300;0;LH_235-LH_852
HEL;1455;+0200;2305;+0300;0;BD_3607-BD_3122
HEL;1455;+0200;2305;+0300;0;NH_6122-NH_6173
HEL;0745;+0200;1600;+0300;0;OK_727-OK_480
HEL;0855;+0200;1710;+0300;0;AZ_108-AZ_3810
HEL;0855;+0200;1710;+0300;0;KL_3400-KL_1169
HEL;1520;+0200;2335;+0300;0;BA_547-BA_798
HEL;1520;+0200;2335;+0300;0;AA_6516-AA_6463
HEL;1430;+0200;2255;+0300;0;AF_9839-AF_1798
HEL;1450;+0200;2325;+0300;0;LX_1737-LX_4792
HEL;1420;+0200;2300;+0300;0;LH_1845-LH_2466
HEL;0815;+0200;1700;+0300;0;BA_551-BA_794
HEL;0810;+0200;1700;+0300;0;BA_551-BA_794
HEL;0650;+0200;1545;+0300;0;SK_8951-SK_704
HEL;0720;+0200;1615;+0300;0;AF_2305-AF_1498
HEL;0810;+0200;1705;+0300;0;AA_6512-AA_6538
HEL;1020;+0200;1915;+0300;0;AF_1205-AF_1098
HEL;1020;+0200;1920;+0300;0;AF_1205-AF_1098
HEL;0700;+0200;1615;+0300;0;AF_9831-AF_1498
HEL;1500;+0200;0015;+0300;1;AZ_132-AZ_3896
HEL;1500;+0200;0015;+0300;1;KL_3404-KL_1171
HEL;1145;+0200;2105;+0300;0;BA_553-BA_6080
HEL;1145;+0200;2105;+0300;0;AA_6516-AA_6054
HEL;1335;+0200;2300;+0300;0;BA_549-BA_6034
HEL;1335;+0200;2300;+0300;0;AA_6511-AA_6050
HEL;0840;+0200;1810;+0300;0;LH_1841-LH_2464
HEL;1125;+0200;2105;+0300;0;BA_2543-BA_6080
HEL;1320;+0200;2305;+0300;0;BD_3593-BD_3122
HEL;1320;+0200;2305;+0300;0;LH_233-LH_852
HEL;1300;+0200;2255;+0300;0;AF_1505-AF_1798
HEL;1335;+0200;2335;+0300;0;AA_6511-AA_6463
HEL;1335;+0200;2335;+0300;0;BA_549-BA_798
HEL;0650;+0200;1655;+0300;0;LX_1735-LX_4790
HEL;0855;+0200;1915;+0300;0;AF_9833-AF_1098
HEL;0855;+0200;1920;+0300;0;AF_9833-AF_1098
HEL;1450;+0200;0120;+0300;1;SK_682-SK_6544
HEL;1000;+0200;2035;+0300;0;MA_401-MA_748
HEL;1455;+0200;0130;+0300;1;BD_3607-BD_3124
HEL;1455;+0200;0130;+0300;1;LH_235-LH_854
HEL;1335;+0200;0015;+0300;1;KL_3402-KL_1171
HEL;1335;+0200;0015;+0300;1;AZ_110-AZ_3896
MIL;0630;+0200;0740;+0200;0;AZ_2008
MIL;0700;+0200;0810;+0200;0;AZ_2010
MIL;0715;+0200;0825;+0200;0;AZ_2012
MIL;0730;+0200;0840;+0200;0;AZ_2018
MIL;0745;+0200;0855;+0200;0;AZ_2014
MIL;0800;+0200;0910;+0200;0;AZ_2016
MIL;0815;+0200;0925;+0200;0;AZ_2020
MIL;0830;+0200;0940;+0200;0;AZ_2026
MIL;0845;+0200;0955;+0200;0;AZ_2022
MIL;0900;+0200;1010;+0200;0;AZ_2028
MIL;0920;+0200;1030;+0200;0;AZ_2310
MIL;0930;+0200;1040;+0200;0;AZ_2030
MIL;1000;+0200;1110;+0200;0;AZ_2036
MIL;1100;+0200;1210;+0200;0;AZ_2032
MIL;1200;+0200;1310;+0200;0;AZ_2034
MIL;1300;+0200;1410;+0200;0;AZ_2038
MIL;1400;+0200;1510;+0200;0;AZ_2068
MIL;1500;+0200;1610;+0200;0;AZ_2044
MIL;1600;+0200;1710;+0200;0;AZ_2080
MIL;1620;+0200;1730;+0200;0;AZ_2046
MIL;1640;+0200;1750;+0200;0;AZ_2090
MIL;1700;+0200;1810;+0200;0;AZ_2092
MIL;1715;+0200;1825;+0200;0;AZ_2290
MIL;1720;+0200;1830;+0200;0;AZ_2088
MIL;1740;+0200;1850;+0200;0;AZ_2096
MIL;1800;+0200;1910;+0200;0;AZ_2050
MIL;1815;+0200;1925;+0200;0;AZ_2112
MIL;1830;+0200;1940;+0200;0;AZ_2100
MIL;1845;+0200;1955;+0200;0;AZ_2102
MIL;1900;+0200;2010;+0200;0;AZ_2056
MIL;1920;+0200;2030;+0200;0;AZ_2108
MIL;1940;+0200;2050;+0200;0;AZ_2110
MIL;2000;+0200;2110;+0200;0;AZ_2114
MIL;2030;+0200;2140;+0200;0;AZ_2058
MIL;2100;+0200;2210;+0200;0;AZ_2118
MIL;2115;+0200;2225;+0200;0;AZ_2312
MIL;2130;+0200;2240;+0200;0;AZ_2130
MIL;1315;+0200;1430;+0200;0;AZ_1026
MIL;0910;+0200;1030;+0200;0;AZ_1024
MIL;1020;+0200;1140;+0200;0;AZ_1016
MIL;1715;+0200;1835;+0200;0;AZ_1028
MIL;2130;+0200;2250;+0200;0;AZ_1030
MIL;1325;+0200;1635;+0200;0;AZ_7584-AZ_7151
MIL;1730;+0200;2045;+0200;0;AZ_7566-AZ_7573
MIL;0930;+0200;1250;+0200;0;AZ_7580-AZ_7149
MIL;1740;+0200;2100;+0200;0;AZ_1271-AZ_7910
MIL;1315;+0200;1640;+0200;0;AZ_1269-AZ_1294
MIL;0645;+0200;1015;+0200;0;LH_1851-LH_1854
MIL;2005;+0200;2335;+0200;0;AZ_1163-AZ_7106
MIL;0945;+0200;1320;+0200;0;AZ_1263-AZ_7006
MIL;1740;+0200;2115;+0200;0;AZ_7840-AZ_7833
MIL;1740;+0200;2115;+0200;0;AF_5820-AF_3298
MIL;0840;+0200;1220;+0200;0;LH_1841-LH_1856
MIL;0935;+0200;1315;+0200;0;LX_1727-LX_1628
MIL;1855;+0200;2235;+0200;0;LH_1849-LH_1866
MIL;0650;+0200;1035;+0200;0;LX_1735-LX_1616
MIL;1255;+0200;1640;+0200;0;AZ_7838-AZ_7831
MIL;1255;+0200;1640;+0200;0;AF_5822-AF_3296
MIL;1315;+0200;1700;+0200;0;AZ_1613-AZ_7044
MIL;1350;+0200;1735;+0200;0;AZ_1741-AZ_7110
MIL;0830;+0200;1220;+0200;0;AZ_1731-AZ_7246
MIL;1220;+0200;1610;+0200;0;TU_753-TU_756
MIL;1450;+0200;1840;+0200;0;LX_1737-LX_1636
MIL;1825;+0200;2215;+0200;0;BD_3597-BD_2926
MIL;1825;+0200;2215;+0200;0;LH_237-LH_278
MIL;1455;+0200;1850;+0200;0;LH_235-LH_276
MIL;1530;+0200;1925;+0200;0;AZ_1753-AZ_7101
MIL;0845;+0200;1250;+0200;0;AZ_7582-AZ_7149
MIL;1210;+0200;1615;+0200;0;LH_1843-LH_1860
MIL;1905;+0200;2310;+0200;0;AZ_1755-AZ_1718
MIL;1420;+0200;1830;+0200;0;LH_1845-LH_1862
MIL;1425;+0200;1835;+0200;0;OK_725-OK_722
MIL;0620;+0200;1035;+0200;0;LH_243-LH_248
MIL;1320;+0200;1735;+0200;0;LH_233-LH_254
MIL;1315;+0200;1735;+0200;0;AZ_1269-AZ_7975
MIL;1535;+0200;2000;+0200;0;AF_9845-AF_2214
MIL;0930;+0200;1400;+0200;0;AZ_1181-AZ_1184
MIL;1020;+0200;1450;+0200;0;AF_1205-AF_1712
MIL;1450;+0200;1920;+0200;0;AZ_7152-AZ_7577
MIL;0645;+0200;1120;+0200;0;SN_3188-SN_3147
MIL;1400;+0200;1835;+0200;0;AZ_1787-AZ_7046
MIL;1800;+0200;2235;+0200;0;AF_1905-AF_2514
MIL;1825;+0200;2300;+0200;0;LH_237-LH_258
MIL;1010;+0200;1450;+0200;0;AZ_1617-AZ_7042
MIL;1140;+0200;1620;+0200;0;HG_8467-HG_8828
MIL;1140;+0200;1620;+0200;0;AB_8467-AB_8828
MIL;1255;+0200;1735;+0200;0;AZ_1749-AZ_7110
MIL;1315;+0200;1755;+0200;0;AZ_1165-AZ_7998
MIL;1740;+0200;2220;+0200;0;AZ_1271-AZ_7467
OSL;1720;+0200;2140;+0200;0;LH_1847-LH_2456
OSL;0645;+0200;1110;+0200;0;LH_1851-LH_2450
OSL;1450;+0200;1920;+0200;0;SK_682-SK_1470
OSL;1725;+0200;2205;+0200;0;AZ_7728-AZ_3806
OSL;1725;+0200;2205;+0200;0;KL_1604-KL_1221
OSL;1320;+0200;1805;+0200;0;UA_8925-UA_9536
OSL;1810;+0200;2300;+0200;0;AB_8271-AB_8244
OSL;0645;+0200;1145;+0200;0;SN_3188-SN_2281
OSL;1320;+0200;1820;+0200;0;BD_3593-BD_2932
OSL;1320;+0200;1820;+0200;0;LH_233-LH_862
OSL;1725;+0200;2235;+0200;0;KL_1604-KL_1151
OSL;1210;+0200;1725;+0200;0;LH_1843-LH_2454
OSL;1335;+0200;1850;+0200;0;KL_3402-KL_1149
OSL;1300;+0200;1820;+0200;0;AF_1505-AF_2374
OSL;1825;+0200;2345;+0200;0;BD_3597-BD_2928
OSL;1825;+0200;2345;+0200;0;LH_237-LH_864
OSL;1535;+0200;2110;+0200;0;AF_9845-AF_1274
OSL;1030;+0200;1610;+0200;0;KL_1598-KL_1147
OSL;1635;+0200;2215;+0200;0;SN_3182-SN_2287
OSL;1635;+0200;2220;+0200;0;SN_3182-SN_2287
OSL;1255;+0200;1850;+0200;0;KL_1602-KL_1149
OSL;1320;+0200;1915;+0200;0;LH_233-LH_6280
OSL;0645;+0200;1300;+0200;0;BD_5358-BD_3794
OSL;1440;+0200;2055;+0200;0;LH_3201-LH_6208
OSL;1450;+0200;2115;+0200;0;SK_682-SK_1478
OSL;0630;+0200;1300;+0200;0;UA_8805-UA_9146
OSL;1345;+0200;2015;+0200;0;BT_632-BT_153
OSL;0630;+0200;1305;+0200;0;UA_8805-UA_9146
OSL;1020;+0200;1655;+0200;0;SN_3176-SN_2283
OSL;1335;+0200;2010;+0200;0;AA_6511-AA_6406
OSL;1335;+0200;2010;+0200;0;BA_549-BA_768
OSL;0620;+0200;1300;+0200;0;UA_8805-UA_9146
OSL;0650;+0200;1330;+0200;0;SK_8951-SK_861
OSL;0840;+0200;1520;+0200;0;LH_1841-LH_6170
OSL;1430;+0200;2110;+0200;0;AF_9839-AF_1274
OSL;1430;+0200;2110;+0200;0;AZ_324-AZ_3564
OSL;0620;+0200;1305;+0200;0;UA_8805-UA_9146
OSL;0620;+0200;1305;+0200;0;LH_243-LH_860
OSL;0620;+0200;1305;+0200;0;BD_3591-BD_2930
OSL;1335;+0200;2025;+0200;0;AA_6511-AA_6406
OSL;0620;+0200;1325;+0200;0;KL_1596-KL_1145
OSL;1120;+0200;1825;+0200;0;AY_782-AY_657
OSL;1500;+0200;2205;+0200;0;KL_3404-KL_1221
OSL;1500;+0200;2205;+0200;0;AZ_132-AZ_3806
OSL;1520;+0200;2225;+0200;0;BA_547-BA_770
OSL;0620;+0200;1330;+0200;0;AZ_7710-AZ_3804
OSL;0620;+0200;1330;+0200;0;KL_1596-KL_1217
OSL;0855;+0200;1610;+0200;0;KL_3400-KL_1147
OSL;1450;+0200;2205;+0200;0;SK_682-SK_3036
OSL;1455;+0200;2210;+0200;0;LH_235-LH_6106
OSL;1420;+0200;2140;+0200;0;LH_1845-LH_2456
OSL;1450;+0200;2220;+0200;0;LX_1737-LX_4710
OSL;1425;+0200;2200;+0200;0;OK_725-OK_448
OSL;1500;+0200;2235;+0200;0;KL_3404-KL_1151
OSL;0650;+0200;1435;+0200;0;SK_8951-SK_495
OSL;0815;+0200;1610;+0200;0;BA_551-BA_766
OSL;0815;+0200;1610;+0200;0;QF_3422-QF_3593
OSL;1010;+0200;1805;+0200;0;UA_8801-UA_9536
OSL;0810;+0200;1610;+0200;0;QF_3422-QF_3593
OSL;0810;+0200;1610;+0200;0;BA_551-BA_766
OSL;1020;+0200;1820;+0200;0;AF_1205-AF_2374
OSL;1020;+0200;1820;+0200;0;AZ_7300-AZ_3562
OSL;0810;+0200;1620;+0200;0;AA_6512-AA_6629
OSL;1010;+0200;1820;+0200;0;LH_231-LH_862
OSL;1010;+0200;1820;+0200;0;BD_3599-BD_2932
OSL;1300;+0200;2110;+0200;0;AZ_7302-AZ_3564
OSL;1300;+0200;2110;+0200;0;AF_1505-AF_1274
OSL;0620;+0200;1435;+0200;0;LH_243-LH_6230
OSL;1030;+0200;1850;+0200;0;KL_1598-KL_1149
OSL;1145;+0200;2010;+0200;0;BA_553-BA_768
OSL;1145;+0200;2010;+0200;0;AA_6516-AA_6406
OSL;1335;+0200;2205;+0200;0;KL_3402-KL_1221
OSL;1335;+0200;2205;+0200;0;AZ_110-AZ_3806
OSL;0645;+0200;1520;+0200;0;LH_1851-LH_6170
OSL;0650;+0200;1530;+0200;0;SK_8951-SK_867
OSL;1145;+0200;2025;+0200;0;AA_6516-AA_6406
OSL;0840;+0200;1725;+0200;0;LH_1841-LH_2454
OSL;1125;+0200;2010;+0200;0;BA_2543-BA_768
OSL;1320;+0200;2210;+0200;0;LH_233-LH_6106
OSL;1335;+0200;2225;+0200;0;BA_549-BA_770
OSL;1455;+0200;2345;+0200;0;NH_6122-NH_6185
OSL;1455;+0200;2345;+0200;0;LH_235-LH_864
OSL;1455;+0200;2345;+0200;0;BD_3607-BD_2928
OSL;1335;+0200;2235;+0200;0;KL_3402-KL_1151
OSL;1010;+0200;1915;+0200;0;LH_231-LH_6280
OSL;1450;+0200;2355;+0200;0;SK_682-SK_1474
OSL;1255;+0200;2205;+0200;0;AZ_7714-AZ_3806
OSL;1255;+0200;2205;+0200;0;KL_1602-KL_1221
BER;1810;+0200;2020;+0200;0;AB_8271
BER;1300;+0200;1610;+0200;0;AB_8271
BER;1720;+0200;2040;+0200;0;LH_1847-LH_2052
BER;0645;+0200;1015;+0200;0;LH_1851-LH_2034
BER;0840;+0200;1210;+0200;0;LH_1841-LH_2036
BER;1210;+0200;1540;+0200;0;LH_1843-LH_2040
BER;1030;+0200;1410;+0200;0;OS_506-OS_291
BER;1010;+0200;1405;+0200;0;LH_231-LH_182
BER;1855;+0200;2250;+0200;0;LH_1849-LH_2056
BER;1420;+0200;1820;+0200;0;LH_1845-LH_2048
BER;1455;+0200;1900;+0200;0;LH_235-LH_192
BER;1210;+0200;1620;+0200;0;LH_1843-LH_2042
BER;1320;+0200;1730;+0200;0;LH_233-LH_188
BER;1450;+0200;1905;+0200;0;LX_1737-LX_978
BER;1335;+0200;1755;+0200;0;AB_8841-AB_6446
BER;1725;+0200;2150;+0200;0;KL_1604-KL_1835
BER;1725;+0200;2150;+0200;0;AZ_7728-AZ_3836
BER;1825;+0200;2250;+0200;0;LH_237-LH_200
BER;0645;+0200;1115;+0200;0;BD_5358-BD_5321
BER;0645;+0200;1115;+0200;0;SN_3188-SN_2581
BER;1140;+0200;1610;+0200;0;AB_8467-AB_8359
BER;0935;+0200;1410;+0200;0;LX_1727-LX_966
BER;1720;+0200;2155;+0200;0;LH_1847-LH_2054
BER;0720;+0200;1200;+0200;0;AF_2305-AF_1734
BER;1455;+0200;1935;+0200;0;LH_235-LH_194
BER;0855;+0200;1340;+0200;0;KL_3400-KL_1825
BER;0855;+0200;1340;+0200;0;AZ_108-AZ_5105
BER;1425;+0200;1910;+0200;0;OK_725-OK_518
BER;1455;+0200;1940;+0200;0;LH_235-LH_194
BER;1635;+0200;2120;+0200;0;BD_5354-BD_5329
BER;1635;+0200;2120;+0200;0;SN_3182-SN_2589
BER;1210;+0200;1700;+0200;0;LH_1843-LH_2046
BER;1535;+0200;2025;+0200;0;AF_9845-AF_2534
BER;1335;+0200;1830;+0200;0;AZ_110-AZ_3834
BER;1335;+0200;1830;+0200;0;KL_3402-KL_1833
BER;0620;+0200;1120;+0200;0;KL_1596-KL_1823
BER;0620;+0200;1120;+0200;0;LH_243-LH_178
BER;0620;+0200;1120;+0200;0;AZ_7710-AZ_3812
BER;0700;+0200;1200;+0200;0;AF_9831-AF_1734
BER;1320;+0200;1820;+0200;0;LH_233-LH_190
BER;1010;+0200;1520;+0200;0;LH_231-LH_184
BER;0645;+0200;1210;+0200;0;LH_1851-LH_2036
BER;1345;+0200;1910;+0200;0;BT_632-BT_213
BER;0815;+0200;1345;+0200;0;BA_551-BA_992
BER;1430;+0200;2000;+0200;0;AB_8841-AB_6448
BER;1720;+0200;2250;+0200;0;LH_1847-LH_2056
BER;0810;+0200;1345;+0200;0;AA_6512-AA_6382
BER;0810;+0200;1345;+0200;0;BA_551-BA_992
BER;0840;+0200;1415;+0200;0;LH_1841-LH_2038
BER;1255;+0200;1830;+0200;0;KL_1602-KL_1833
BER;1255;+0200;1830;+0200;0;AZ_7714-AZ_3834
BER;1420;+0200;1955;+0200;0;LH_1845-LH_2050
BER;1440;+0200;2015;+0200;0;LH_3201-LH_2742
BER;1450;+0200;2025;+0200;0;SK_682-SK_1677
BER;0855;+0200;1435;+0200;0;AF_9833-AF_2034
BER;0855;+0200;1435;+0200;0;AZ_318-AZ_2672
BER;1320;+0200;1900;+0200;0;LH_233-LH_192
BER;1335;+0200;1915;+0200;0;AA_6511-AA_6473
BER;1440;+0200;2025;+0200;0;LH_3201-LH_2742
BER;1330;+0200;1920;+0200;0;LG_6554-LG_9473
BER;1455;+0200;2045;+0200;0;LH_235-LH_196
BER;1635;+0200;2225;+0200;0;SN_3182-SN_2591
BER;1635;+0200;2225;+0200;0;BD_5354-BD_5331
BER;1430;+0200;2025;+0200;0;AZ_324-AZ_2616
BER;1430;+0200;2025;+0200;0;AF_9839-AF_2534
BER;1030;+0200;1630;+0200;0;KL_1598-KL_1829
BER;1030;+0200;1630;+0200;0;AZ_7712-AZ_3822
BER;1520;+0200;2125;+0200;0;BA_547-BA_988
BER;1020;+0200;1630;+0200;0;BD_5352-BD_5325
BER;1020;+0200;1630;+0200;0;SN_3176-SN_2585
BER;1210;+0200;1820;+0200;0;LH_1843-LH_2048
BER;1625;+0200;2235;+0200;0;IB_3675-IB_3546
BER;1320;+0200;1935;+0200;0;LH_233-LH_194
BER;0620;+0200;1240;+0200;0;LH_243-LH_180
BER;1320;+0200;1940;+0200;0;LH_233-LH_194
BER;1420;+0200;2040;+0200;0;LH_1845-LH_2052
BER;1010;+0200;1635;+0200;0;LH_231-LH_186
BER;1335;+0200;2000;+0200;0;AB_8841-AB_6448
BER;1140;+0200;1810;+0200;0;AB_8467-AB_8273
BER;1215;+0200;1845;+0200;0;IB_3613-IB_3548
BER;0645;+0200;1320;+0200;0;SN_3188-SN_2583
BER;0645;+0200;1320;+0200;0;BD_5358-BD_5333
BER;1120;+0200;1755;+0200;0;AY_782-AY_917
BER;1500;+0200;2150;+0200;0;AZ_132-AZ_3836
BER;1500;+0200;2150;+0200;0;KL_3404-KL_1835
BER;0645;+0200;1340;+0200;0;SN_3188-SN_2583
BER;1440;+0200;2135;+0200;0;LH_3201-LH_2744
BER;1455;+0200;2150;+0200;0;LH_235-LH_198
BER;0840;+0200;1540;+0200;0;LH_1841-LH_2040
BER;1020;+0200;1720;+0200;0;AZ_7300-AZ_2614
BER;1020;+0200;1720;+0200;0;AF_1205-AF_2334
BER;1455;+0200;2155;+0200;0;LH_235-LH_198
AMS;2010;+0200;2235;+0200;0;KL_1608
AMS;2010;+0200;2235;+0200;0;AZ_7716
AMS;0620;+0200;0850;+0200;0;KL_1596
AMS;0620;+0200;0850;+0200;0;AZ_7710
AMS;1255;+0200;1525;+0200;0;KL_1602
AMS;1255;+0200;1525;+0200;0;AZ_7714
AMS;1725;+0200;1955;+0200;0;KL_1604
AMS;1725;+0200;1955;+0200;0;AZ_7728
AMS;0855;+0200;1130;+0200;0;AZ_108
AMS;0855;+0200;1130;+0200;0;KL_3400
AMS;1030;+0200;1305;+0200;0;AZ_7712
AMS;1030;+0200;1305;+0200;0;KL_1598
AMS;1335;+0200;1610;+0200;0;AZ_110
AMS;1335;+0200;1610;+0200;0;KL_3402
AMS;1500;+0200;1735;+0200;0;AZ_132
AMS;1500;+0200;1735;+0200;0;KL_3404
AMS;0645;+0200;1030;+0200;0;LH_1851-LH_2302
AMS;0845;+0200;1235;+0200;0;AZ_2022-AZ_7726
AMS;1825;+0200;2215;+0200;0;LH_237-LH_1002
AMS;1740;+0200;2135;+0200;0;AZ_2096-AZ_7746
AMS;0730;+0200;1130;+0200;0;AZ_2018-AZ_120
AMS;0830;+0200;1235;+0200;0;AZ_2026-AZ_7726
AMS;0840;+0200;1245;+0200;0;LH_1841-LH_2304
AMS;1010;+0200;1415;+0200;0;LH_231-LH_992
AMS;1420;+0200;1830;+0200;0;LH_1845-LH_2308
AMS;0715;+0200;1130;+0200;0;AZ_2012-AZ_120
AMS;1425;+0200;1840;+0200;0;OK_725-OK_618
AMS;1450;+0200;1905;+0200;0;LX_1737-LX_734
AMS;1505;+0200;1920;+0200;0;AZ_1435-AZ_122
AMS;1720;+0200;2135;+0200;0;AZ_2088-AZ_7746
AMS;0720;+0200;1140;+0200;0;AF_2305-AF_8230
AMS;0815;+0200;1235;+0200;0;AZ_2020-AZ_7726
AMS;0700;+0200;1130;+0200;0;AZ_2010-AZ_120
AMS;1320;+0200;1750;+0200;0;LH_233-LH_996
AMS;0800;+0200;1235;+0200;0;AZ_2016-AZ_7726
AMS;0905;+0200;1340;+0200;0;AF_9881-AF_8442
AMS;1000;+0200;1435;+0200;0;KL_3436-KL_1654
AMS;1000;+0200;1435;+0200;0;AZ_1465-AZ_7734
AMS;1210;+0200;1645;+0200;0;LH_1843-LH_2306
AMS;1300;+0200;1735;+0200;0;AF_1505-AF_2040
AMS;1400;+0200;1835;+0200;0;AZ_2068-AZ_112
AMS;1455;+0200;1930;+0200;0;LH_235-LH_998
AMS;1455;+0200;1930;+0200;0;NH_6122-NH_6175
AMS;1700;+0200;2135;+0200;0;AZ_2092-AZ_7746
AMS;1705;+0200;2140;+0200;0;AF_9841-AF_8242
AMS;0700;+0200;1140;+0200;0;AF_9831-AF_8230
AMS;0935;+0200;1415;+0200;0;LX_1727-LX_728
AMS;1450;+0200;1935;+0200;0;SK_682-SK_553
AMS;1535;+0200;2020;+0200;0;AF_9845-AF_8240
AMS;0745;+0200;1235;+0200;0;AZ_2014-AZ_7726
AMS;0935;+0200;1430;+0200;0;AZ_1311-AZ_7740
AMS;0935;+0200;1430;+0200;0;KL_3461-KL_1584
AMS;1020;+0200;1515;+0200;0;AZ_1016-AZ_7720
AMS;1640;+0200;2135;+0200;0;AZ_2090-AZ_7746
AMS;1715;+0200;2210;+0200;0;BA_559-BA_444
AMS;0630;+0200;1130;+0200;0;AZ_2008-AZ_120
AMS;1720;+0200;2220;+0200;0;LH_1847-LH_2312
AMS;0730;+0200;1235;+0200;0;AZ_2018-AZ_7726
AMS;0855;+0200;1400;+0200;0;AF_9833-AF_1740
AMS;1430;+0200;1940;+0200;0;AF_9839-AF_2240
AMS;0920;+0200;1435;+0200;0;AZ_1463-AZ_7734
AMS;1620;+0200;2135;+0200;0;AZ_2046-AZ_7746
AMS;0715;+0200;1235;+0200;0;AZ_2012-AZ_7726
AMS;0700;+0200;1235;+0200;0;AZ_2010-AZ_7726
AMS;0720;+0200;1255;+0200;0;AF_2305-AF_1640
AMS;0905;+0200;1440;+0200;0;AF_9881-AF_8272
AMS;1020;+0200;1555;+0200;0;AF_1205-AF_8234
AMS;1300;+0200;1835;+0200;0;AZ_2038-AZ_112
AMS;1600;+0200;2135;+0200;0;AZ_2080-AZ_7746
AMS;1255;+0200;1835;+0200;0;AF_3129-AF_8340
AMS;1430;+0200;2020;+0200;0;AF_9839-AF_8240
AMS;0700;+0200;1255;+0200;0;AF_9831-AF_1640
AMS;0810;+0200;1405;+0200;0;AA_6512-AA_6504
AMS;0815;+0200;1410;+0200;0;BA_551-BA_434
AMS;1325;+0200;1920;+0200;0;AZ_1417-AZ_122
AMS;1325;+0200;1920;+0200;0;KL_2777-KL_3410
AMS;0645;+0200;1245;+0200;0;LH_1851-LH_2304
AMS;0810;+0200;1410;+0200;0;BA_551-BA_434
AMS;1125;+0200;1725;+0200;0;BA_2543-BA_2762
AMS;0630;+0200;1235;+0200;0;UA_8805-UA_9553
AMS;0630;+0200;1235;+0200;0;AZ_2008-AZ_7726
AMS;0830;+0200;1435;+0200;0;AZ_1471-AZ_7734
AMS;0910;+0200;1515;+0200;0;AZ_1024-AZ_7720
AMS;1215;+0200;1820;+0200;0;IB_3613-IB_3250
AMS;1305;+0200;1910;+0200;0;AF_3249-AF_8264
AMS;1535;+0200;2140;+0200;0;AF_9845-AF_8242
AMS;0900;+0200;1510;+0200;0;AF_4329-AF_8280
AMS;1320;+0200;1930;+0200;0;LH_233-LH_998
AMS;0620;+0200;1235;+0200;0;UA_8805-UA_9553
AMS;0620;+0200;1235;+0200;0;LH_243-LH_990
AMS;0900;+0200;1515;+0200;0;AZ_2028-AZ_7720
AMS;1315;+0200;1930;+0200;0;AZ_1475-AZ_7736
AMS;1315;+0200;1930;+0200;0;KL_3505-KL_1656
AMS;1420;+0200;2035;+0200;0;LH_1845-LH_2310
AMS;1210;+0200;1830;+0200;0;LH_1843-LH_2308
AMS;1320;+0200;1945;+0200;0;AZ_1319-AZ_7742
AMS;1320;+0200;1945;+0200;0;KL_3517-KL_1592
AMS;0845;+0200;1515;+0200;0;AZ_2022-AZ_7720
AMS;1030;+0200;1700;+0200;0;OS_506-OS_373
AMS;1030;+0200;1700;+0200;0;AM_6926-AM_6843
AMS;1145;+0200;1815;+0200;0;BA_553-BA_440
AMS;1145;+0200;1815;+0200;0;AA_6516-AA_6459
AMS;1425;+0200;2055;+0200;0;OK_725-OK_4624
VIE;1140;+0200;1305;+0200;0;HG_8467
VIE;1140;+0200;1305;+0200;0;AB_8467
VIE;1925;+0200;2055;+0200;0;AB_8471
VIE;2150;+0200;2320;+0200;0;AB_8471
VIE;2150;+0200;2320;+0200;0;HG_8471
VIE;1000;+0200;1140;+0200;0;AZ_188
VIE;1600;+0200;1740;+0200;0;AZ_190
VIE;1030;+0200;1220;+0200;0;OS_506
VIE;1955;+0200;2145;+0200;0;OS_504
VIE;0645;+0200;1025;+0200;0;LH_1851-LH_2326
VIE;1450;+0200;1830;+0200;0;LX_1737-LX_1582
VIE;0840;+0200;1225;+0200;0;LH_1841-LH_2328
VIE;1855;+0200;2240;+0200;0;LH_1849-LH_6330
VIE;1455;+0200;1910;+0200;0;LH_235-LH_6346
VIE;1455;+0200;1910;+0200;0;NH_6122-NH_6331
VIE;1210;+0200;1630;+0200;0;LH_1843-LH_2330
VIE;1335;+0200;1755;+0200;0;AB_8841-AB_8516
VIE;1450;+0200;1915;+0200;0;LX_1737-LX_3556
VIE;1810;+0200;2235;+0200;0;AB_8271-AB_8752
VIE;1320;+0200;1750;+0200;0;UA_8925-UA_9076
VIE;1320;+0200;1750;+0200;0;LH_233-LH_1240
VIE;1320;+0200;1750;+0200;0;BD_3593-BD_2986
VIE;0935;+0200;1410;+0200;0;LX_1727-LX_1578
VIE;1130;+0200;1605;+0200;0;OU_383-OU_5440
VIE;1635;+0200;2115;+0200;0;BD_5354-BD_5489
VIE;1635;+0200;2115;+0200;0;SN_3182-SN_2909
VIE;1825;+0200;2305;+0200;0;BD_3597-BD_2982
VIE;1825;+0200;2305;+0200;0;LH_237-LH_1246
VIE;1440;+0200;1925;+0200;0;LH_3201-LH_3096
VIE;0650;+0200;1140;+0200;0;LX_1735-LX_3552
VIE;1645;+0200;2135;+0200;0;LX_1715-LX_3584
VIE;1335;+0200;1830;+0200;0;AB_8841-AB_8516
VIE;1430;+0200;1925;+0200;0;AF_9839-AF_2038
VIE;1430;+0200;1925;+0200;0;AF_9839-AF_2138
VIE;1455;+0200;1950;+0200;0;LH_235-LH_6929
VIE;0700;+0200;1205;+0200;0;AF_9831-AF_1556
VIE;1635;+0200;2145;+0200;0;BD_5354-BD_2836
VIE;1635;+0200;2145;+0200;0;SN_3182-SN_6005
VIE;1705;+0200;2215;+0200;0;AF_9841-AF_1756
VIE;0645;+0200;1200;+0200;0;BD_5358-BD_2832
VIE;0645;+0200;1200;+0200;0;SN_3188-SN_6001
VIE;1320;+0200;1840;+0200;0;LH_233-LH_1242
VIE;1320;+0200;1840;+0200;0;BD_3593-BD_2988
VIE;1720;+0200;2240;+0200;0;LH_1847-LH_6330
VIE;1420;+0200;1945;+0200;0;LH_1845-LH_6328
VIE;1535;+0200;2105;+0200;0;AF_9891-AF_4372
VIE;1050;+0200;1625;+0200;0;PS_330-PS_9834
VIE;1300;+0200;1835;+0200;0;AB_8271-AB_8358
VIE;1335;+0200;1910;+0200;0;KL_3402-KL_1847
VIE;0645;+0200;1225;+0200;0;LH_1851-LH_2328
VIE;0855;+0200;1435;+0200;0;AF_9833-AF_1738
VIE;1430;+0200;2010;+0200;0;AB_8841-AB_8644
VIE;0620;+0200;1205;+0200;0;LH_243-LH_6334
VIE;0855;+0200;1440;+0200;0;AF_9833-AF_1738
VIE;1140;+0200;1730;+0200;0;TK_1862-TK_1887
VIE;1220;+0200;1810;+0200;0;KM_613-KM_512
VIE;1320;+0200;1910;+0200;0;LH_233-LH_6346
VIE;1330;+0200;1920;+0200;0;LG_6554-LG_8857
VIE;1255;+0200;1850;+0200;0;PS_306-PS_847
VIE;1300;+0200;1855;+0200;0;AF_1505-AF_1656
VIE;1420;+0200;2020;+0200;0;LH_1845-LH_2332
HAM;0900;+0200;1120;+0200;0;AB_8731
HAM;1600;+0200;1820;+0200;0;AB_8731
HAM;1210;+0200;1545;+0200;0;LH_1843-LH_2072
HAM;1440;+0200;1820;+0200;0;LH_3201-LH_2714
HAM;1720;+0200;2100;+0200;0;LH_1847-LH_2082
HAM;0645;+0200;1030;+0200;0;LH_1851-LH_2064
HAM;1855;+0200;2240;+0200;0;LH_1849-LH_2084
HAM;0650;+0200;1040;+0200;0;LX_1735-LX_3644
HAM;1455;+0200;1845;+0200;0;LH_235-LH_22
HAM;1320;+0200;1715;+0200;0;LH_233-LH_18
HAM;1425;+0200;1820;+0200;0;OK_725-OK_544
HAM;1645;+0200;2040;+0200;0;LX_1715-LX_1038
HAM;0620;+0200;1020;+0200;0;LH_243-LH_8
HAM;1420;+0200;1820;+0200;0;LH_1845-LH_2076
HAM;1450;+0200;1850;+0200;0;SK_682-SK_651
HAM;0645;+0200;1050;+0200;0;SN_3188-SN_2623
HAM;1335;+0200;1745;+0200;0;AB_8841-AB_6752
HAM;0645;+0200;1100;+0200;0;SN_3188-SN_2623
HAM;0840;+0200;1255;+0200;0;LH_1841-LH_2068
HAM;1255;+0200;1710;+0200;0;AF_5822-AF_5973
HAM;1450;+0200;1905;+0200;0;LX_1737-LX_1054
HAM;1020;+0200;1440;+0200;0;SN_3176-SN_2625
HAM;0700;+0200;1125;+0200;0;AF_9831-AF_1710
HAM;0935;+0200;1400;+0200;0;LX_1727-LX_1056
HAM;1335;+0200;1800;+0200;0;AB_8841-AB_6752
HAM;1010;+0200;1440;+0200;0;LH_231-LH_14
HAM;1825;+0200;2255;+0200;0;LH_237-LH_30
HAM;1635;+0200;2110;+0200;0;SN_3182-SN_2629
HAM;1635;+0200;2110;+0200;0;BD_5354-BD_5389
HAM;1210;+0200;1650;+0200;0;LH_1843-LH_2074
HAM;1320;+0200;1800;+0200;0;LH_233-LH_20
HAM;1255;+0200;1740;+0200;0;KL_1602-KL_1783
HAM;1305;+0200;1750;+0200;0;AF_3249-AF_4340
HAM;1725;+0200;2210;+0200;0;AZ_7728-AZ_3738
HAM;1255;+0200;1745;+0200;0;AZ_7714-AZ_3752
HAM;1535;+0200;2025;+0200;0;AF_9845-AF_2510
HAM;1725;+0200;2215;+0200;0;KL_1604-KL_1789
HAM;0620;+0200;1115;+0200;0;AZ_7710-AZ_3840
HAM;0620;+0200;1115;+0200;0;KL_1596-KL_1779
HAM;1455;+0200;1950;+0200;0;LH_235-LH_24
HAM;1420;+0200;1920;+0200;0;LH_1845-LH_2078
HAM;1455;+0200;1955;+0200;0;LH_235-LH_24
HAM;0855;+0200;1400;+0200;0;AZ_108-AZ_3842
HAM;0855;+0200;1400;+0200;0;KL_3400-KL_1781
HAM;1440;+0200;1945;+0200;0;LH_3201-LH_2716
HAM;0645;+0200;1155;+0200;0;LH_1851-LH_2066
HAM;0620;+0200;1135;+0200;0;LH_243-LH_10
HAM;1235;+0200;1750;+0200;0;AF_4343-AF_4340
HAM;1210;+0200;1730;+0200;0;LH_1843-LH_2086
HAM;1720;+0200;2240;+0200;0;LH_1847-LH_2084
HAM;1020;+0200;1545;+0200;0;SN_3176-SN_2625
HAM;1020;+0200;1545;+0200;0;BD_5352-BD_5395
HAM;1320;+0200;1845;+0200;0;LH_233-LH_22
HAM;1455;+0200;2035;+0200;0;LH_235-LH_26
HAM;0840;+0200;1425;+0200;0;LH_1841-LH_2070
HAM;1330;+0200;1920;+0200;0;LG_6554-LG_9563-LG_9563
HAM;1520;+0200;2110;+0200;0;BA_547-BA_972
HAM;1430;+0200;2025;+0200;0;AZ_324-AZ_3694
HAM;1430;+0200;2025;+0200;0;AF_9839-AF_2510
HAM;1420;+0200;2020;+0200;0;LH_1845-LH_2080
HAM;1010;+0200;1615;+0200;0;LH_231-LH_16
HAM;0645;+0200;1255;+0200;0;LH_1851-LH_2068
HAM;1210;+0200;1820;+0200;0;LH_1843-LH_2076
HAM;1145;+0200;1805;+0200;0;AA_6516-AA_6749
HAM;1145;+0200;1805;+0200;0;BA_553-BA_966
HAM;1030;+0200;1655;+0200;0;OS_506-OS_7255
HAM;1140;+0200;1805;+0200;0;AB_8467-AB_8331
HAM;1320;+0200;1950;+0200;0;LH_233-LH_24
MAN;0645;+0200;1005;+0100;0;SN_3188-SN_2173
MAN;0645;+0200;1005;+0100;0;BD_5358-BD_5373
MAN;1450;+0200;1810;+0100;0;LX_1737-LX_380
MAN;0645;+0200;1010;+0100;0;BD_5358-BD_5373
MAN;1920;+0200;2245;+0100;0;LH_239-LH_948
MAN;1920;+0200;2245;+0100;0;BD_3609-BD_3368
MAN;0935;+0200;1305;+0100;0;LX_1727-LX_394
MAN;0645;+0200;1020;+0100;0;LH_1851-LH_2500
MAN;1855;+0200;2235;+0100;0;LH_1849-LH_2504
MAN;0815;+0200;1210;+0100;0;QF_3422-QF_3388
MAN;0815;+0200;1210;+0100;0;BA_551-BA_1388
MAN;1810;+0200;2205;+0100;0;BA_2541-BA_2914
MAN;0620;+0200;1020;+0100;0;KL_1596-KL_1081
MAN;0810;+0200;1210;+0100;0;BA_551-BA_1388
MAN;0810;+0200;1210;+0100;0;QF_3422-QF_3388
MAN;1255;+0200;1655;+0100;0;KL_1602-KL_1093
MAN;1725;+0200;2135;+0100;0;KL_1604-KL_1097
MAN;1320;+0200;1735;+0100;0;LH_233-LH_946
MAN;1320;+0200;1735;+0100;0;BD_3593-BD_3366
MAN;1210;+0200;1630;+0100;0;LH_1843-LH_2502
MAN;1825;+0200;2245;+0100;0;LH_237-LH_948
MAN;1825;+0200;2245;+0100;0;BD_3597-BD_3368
MAN;1430;+0200;1855;+0100;0;AF_9839-AF_1168
MAN;1430;+0200;1855;+0100;0;AZ_324-AZ_3534
MAN;1635;+0200;2100;+0100;0;SN_3182-SN_2183
MAN;1635;+0200;2100;+0100;0;BD_5354-BD_5383
MAN;0855;+0200;1325;+0100;0;AF_9833-AF_2268
MAN;1030;+0200;1505;+0100;0;KL_1598-KL_1087
MAN;1440;+0200;1915;+0100;0;LH_3201-LH_3434
MAN;0855;+0200;1340;+0100;0;AZ_318-AZ_3538
MAN;0855;+0200;1340;+0100;0;AF_9833-AF_2268
MAN;1715;+0200;2200;+0100;0;BA_559-BA_1404
MAN;1145;+0200;1640;+0100;0;BA_553-BA_1396
MAN;0630;+0200;1130;+0100;0;UA_8805-UA_9042
MAN;1020;+0200;1525;+0100;0;SN_3176-SN_2175
MAN;1335;+0200;1840;+0100;0;BA_549-BA_1402
MAN;0620;+0200;1130;+0100;0;UA_8805-UA_9042
MAN;1720;+0200;2235;+0100;0;LH_1847-LH_2504
MAN;1125;+0200;1655;+0100;0;BA_2543-BA_2908
MAN;0630;+0200;1220;+0100;0;UA_8805-UA_9042
MAN;1300;+0200;1855;+0100;0;AF_1505-AF_1168
MAN;1300;+0200;1855;+0100;0;AZ_7302-AZ_3534
MAN;0620;+0200;1220;+0100;0;BD_3591-BD_3352
MAN;0620;+0200;1220;+0100;0;LH_243-LH_942
MAN;0620;+0200;1220;+0100;0;UA_8805-UA_9042
MAN;0620;+0200;1225;+0100;0;KL_1596-KL_1083
MAN;0720;+0200;1325;+0100;0;AF_2305-AF_2268
MAN;0855;+0200;1505;+0100;0;KL_3400-KL_1087
MAN;0650;+0200;1305;+0100;0;LX_1735-LX_394
MAN;0720;+0200;1340;+0100;0;AZ_7310-AZ_3538
MAN;0720;+0200;1340;+0100;0;AF_2305-AF_2268
MAN;0815;+0200;1435;+0100;0;BA_551-BA_1394
MAN;0700;+0200;1325;+0100;0;AF_9831-AF_2268
MAN;0810;+0200;1435;+0100;0;BA_551-BA_1394
MAN;1030;+0200;1655;+0100;0;KL_1598-KL_1093
MAN;1030;+0200;1700;+0100;0;IB_3677-IB_8502
MAN;1500;+0200;2135;+0100;0;KL_3404-KL_1097
MAN;0645;+0200;1325;+0100;0;BD_5358-BD_5375
MAN;0700;+0200;1340;+0100;0;AF_9831-AF_2268
MAN;0700;+0200;1340;+0100;0;AZ_316-AZ_3538
MAN;1520;+0200;2200;+0100;0;BA_547-BA_1404
MAN;1520;+0200;2205;+0100;0;BA_547-BA_2914
MAN;1145;+0200;1840;+0100;0;BA_553-BA_1402
MAN;1020;+0200;1730;+0100;0;BD_5352-BD_5377
MAN;1020;+0200;1730;+0100;0;SN_3176-SN_2177
MAN;1125;+0200;1840;+0100;0;BA_2543-BA_1402
MAN;1010;+0200;1735;+0100;0;LH_231-LH_946
MAN;1010;+0200;1735;+0100;0;BD_3599-BD_3366
LYS;1255;+0200;1425;+0200;0;AF_5822
LYS;1255;+0200;1425;+0200;0;AZ_7838
LYS;1740;+0200;1920;+0200;0;AZ_7840
LYS;1740;+0200;1920;+0200;0;AF_5820
LYS;0650;+0200;1005;+0200;0;LX_1735-LX_530
LYS;1450;+0200;1810;+0200;0;LX_1737-LX_536
LYS;1600;+0200;1920;+0200;0;AZ_1479-AZ_7362
LYS;0840;+0200;1220;+0200;0;LH_1841-LH_2248
LYS;1535;+0200;1920;+0200;0;AF_9891-AF_7851
LYS;1535;+0200;1920;+0200;0;AZ_366-AZ_2709
LYS;1745;+0200;2130;+0200;0;AZ_7364-AZ_3659
LYS;1855;+0200;2245;+0200;0;LH_1849-LH_2254
LYS;1825;+0200;2220;+0200;0;BD_3597-BD_3088
LYS;1825;+0200;2220;+0200;0;LH_237-LH_1082
LYS;1010;+0200;1415;+0200;0;BD_3599-BD_3082
LYS;1010;+0200;1415;+0200;0;LH_231-LH_1076
LYS;1020;+0200;1425;+0200;0;AF_1205-AF_7644
LYS;1715;+0200;2121;+0200;0;AF_9885-AF_7828
LYS;1300;+0200;1710;+0200;0;AF_1505-AF_7646
LYS;1420;+0200;1830;+0200;0;LH_1845-LH_2252
LYS;1000;+0200;1415;+0200;0;AZ_1465-AZ_7852
LYS;0935;+0200;1400;+0200;0;LX_1727-LX_532
LYS;1020;+0200;1450;+0200;0;AZ_1016-AZ_7830
LYS;1210;+0200;1640;+0200;0;LH_1843-LH_2250
LYS;1220;+0200;1650;+0200;0;TU_753-TU_750
LYS;1535;+0200;2010;+0200;0;AF_9845-AF_7648
LYS;1800;+0200;2240;+0200;0;AF_1905-AF_7650
LYS;0935;+0200;1420;+0200;0;AZ_1311-AZ_7856
LYS;1305;+0200;1750;+0200;0;AF_3249-AF_7843
LYS;1255;+0200;1745;+0200;0;AF_3129-AF_7811
LYS;1320;+0200;1810;+0200;0;BD_3593-BD_3086
LYS;1320;+0200;1810;+0200;0;LH_233-LH_1078
LYS;1635;+0200;2125;+0200;0;BD_5354-BD_5363
LYS;1635;+0200;2125;+0200;0;SN_3182-SN_3593
LYS;0920;+0200;1415;+0200;0;AZ_1463-AZ_7852
LYS;0620;+0200;1120;+0200;0;KL_1596-KL_2025
LYS;1635;+0200;2140;+0200;0;SN_3182-SN_3593
LYS;1235;+0200;1750;+0200;0;AF_4343-AF_7843
LYS;1440;+0200;1955;+0200;0;LH_3201-LH_3268
LYS;1030;+0200;1550;+0200;0;KL_1598-KL_2031
LYS;1625;+0200;2145;+0200;0;IB_3675-IB_8714
LYS;1645;+0200;2210;+0200;0;VY_6105-VY_1220
LYS;1645;+0200;2210;+0200;0;IB_5709-IB_5976
LYS;1720;+0200;2245;+0200;0;NH_6094-NH_6045
LYS;1720;+0200;2245;+0200;0;LH_1847-LH_2254
LYS;0855;+0200;1425;+0200;0;AF_9833-AF_7644
LYS;0920;+0200;1450;+0200;0;AZ_2310-AZ_7830
LYS;1320;+0200;1850;+0200;0;AZ_1319-AZ_7858
LYS;0645;+0200;1220;+0200;0;LH_1851-LH_2248
LYS;1705;+0200;2240;+0200;0;AF_9841-AF_7650
LYS;0800;+0200;1340;+0200;0;IB_3609-IB_8710
LYS;0900;+0200;1440;+0200;0;AF_4329-AF_7823
LYS;0910;+0200;1450;+0200;0;AZ_1024-AZ_7830
LYS;1430;+0200;2010;+0200;0;AF_9839-AF_7648
LYS;0830;+0200;1415;+0200;0;AZ_1471-AZ_7852
LYS;0905;+0200;1450;+0200;0;AF_9881-AF_7837
LYS;0905;+0200;1450;+0200;0;AF_9881-AF_7836
LYS;0900;+0200;1450;+0200;0;AZ_2028-AZ_7830
LYS;1020;+0200;1610;+0200;0;BD_5352-BD_5369
LYS;1020;+0200;1610;+0200;0;SN_3176-SN_3589
LYS;1315;+0200;1915;+0200;0;AZ_1026-AZ_7832
LYS;1715;+0200;2315;+0200;0;BA_559-BA_364
LYS;0845;+0200;1450;+0200;0;AZ_2022-AZ_7830
LYS;1315;+0200;1920;+0200;0;AZ_1475-AZ_7362
LYS;1255;+0200;1910;+0200;0;AF_3129-AF_7807
LYS;1300;+0200;1915;+0200;0;AZ_2038-AZ_7832
LYS;1305;+0200;1920;+0200;0;AF_3249-AF_7851
LYS;1535;+0200;2150;+0200;0;AF_9891-AF_7845
LYS;0830;+0200;1450;+0200;0;AZ_2026-AZ_7830
LYS;1210;+0200;1830;+0200;0;LH_1843-LH_2252
LYS;0815;+0200;1450;+0200;0;AZ_2020-AZ_7830
LYS;1450;+0200;2130;+0200;0;LX_1737-LX_538
LYS;0720;+0200;1405;+0200;0;AF_2305-AF_7414
LYS;1235;+0200;1920;+0200;0;AF_4343-AF_7851
LYS;1500;+0200;2145;+0200;0;IB_3679-IB_8714
LYS;0800;+0200;1450;+0200;0;AZ_2016-AZ_7830
LYS;1020;+0200;1710;+0200;0;AF_1205-AF_7646
LYS;1145;+0200;1835;+0200;0;BA_553-BA_362
LYS;1145;+0200;1835;+0200;0;AA_6516-AA_6616
LYS;0855;+0200;1550;+0200;0;KL_3400-KL_2031
LYS;1300;+0200;2000;+0200;0;AF_1505-AF_7416
LYS;0700;+0200;1405;+0200;0;AF_9831-AF_7414
LYS;0720;+0200;1425;+0200;0;AF_2305-AF_7644
LYS;0745;+0200;1450;+0200;0;AZ_2014-AZ_7830
LYS;1215;+0200;1920;+0200;0;AZ_1469-AZ_7362
LYS;1535;+0200;2240;+0200;0;AF_9845-AF_7650
LYS;0650;+0200;1400;+0200;0;LX_1735-LX_532
LYS;1300;+0200;2010;+0200;0;AF_1505-AF_7648
LYS;1440;+0200;2150;+0200;0;LH_3201-LH_3270
LYS;1500;+0200;2210;+0200;0;KL_3404-KL_2029
LYS;1200;+0200;1915;+0200;0;AZ_2034-AZ_7832
PRG;1425;+0200;1620;+0200;0;OK_725
PRG;0745;+0200;0945;+0200;0;OK_727
PRG;0840;+0200;1220;+0200;0;LH_1841-LH_1690
PRG;1030;+0200;1410;+0200;0;OS_506-OS_707
PRG;1455;+0200;1845;+0200;0;LH_235-LH_1400
PRG;1455;+0200;1845;+0200;0;BD_3607-BD_2994
PRG;1455;+0200;1845;+0200;0;NH_6122-NH_6199
PRG;1450;+0200;1845;+0200;0;LX_1737-LX_1498
PRG;1920;+0200;2315;+0200;0;LH_239-LH_1402
PRG;1920;+0200;2315;+0200;0;BD_3609-BD_2996
PRG;1255;+0200;1655;+0200;0;AF_5822-AF_5903
PRG;1320;+0200;1725;+0200;0;BD_3593-BD_2992
PRG;1320;+0200;1725;+0200;0;LH_233-LH_1398
PRG;1525;+0200;1930;+0200;0;OK_209-OK_967
PRG;1210;+0200;1620;+0200;0;LH_1843-LH_1692
PRG;1705;+0200;2140;+0200;0;AF_9841-AF_1082
PRG;0935;+0200;1415;+0200;0;LX_1727-LX_1486
PRG;1440;+0200;1925;+0200;0;LH_3201-LH_3054
PRG;1825;+0200;2315;+0200;0;BD_3597-BD_2996
PRG;1825;+0200;2315;+0200;0;LH_237-LH_1402
PRG;1255;+0200;1800;+0200;0;KL_1602-KL_3125
PRG;1335;+0200;1840;+0200;0;KL_3402-KL_1357
PRG;0720;+0200;1240;+0200;0;AF_2305-AF_1782
PRG;1430;+0200;1950;+0200;0;AF_9839-AF_2482
PRG;0620;+0200;1145;+0200;0;BD_3591-BD_3000
PRG;0620;+0200;1145;+0200;0;LH_243-LH_1394
PRG;1320;+0200;1845;+0200;0;BD_3593-BD_2994
PRG;1320;+0200;1845;+0200;0;LH_233-LH_1400
PRG;0855;+0200;1425;+0200;0;AF_9833-AF_1982
PRG;0645;+0200;1220;+0200;0;LH_1851-LH_1690
PRG;0700;+0200;1240;+0200;0;AF_9831-AF_1782
PRG;1255;+0200;1840;+0200;0;KL_1602-KL_1357
PRG;0855;+0200;1445;+0200;0;AF_9833-AF_1982
PRG;1500;+0200;2050;+0200;0;KL_3404-KL_3123
PRG;1420;+0200;2015;+0200;0;LH_1845-LH_1696
PRG;1535;+0200;2130;+0200;0;AF_9845-AF_2386
PRG;1635;+0200;2230;+0200;0;SN_3182-SN_2815
PRG;0815;+0200;1415;+0200;0;BA_551-BA_860
PRG;1500;+0200;2100;+0200;0;KL_3404-KL_3123
PRG;1635;+0200;2235;+0200;0;SN_3182-SN_2815
PRG;0810;+0200;1415;+0200;0;AA_6512-AA_6481
PRG;0810;+0200;1415;+0200;0;BA_551-BA_860
PRG;1535;+0200;2140;+0200;0;AF_9845-AF_1082
PRG;1020;+0200;1640;+0200;0;BD_5352-BD_5481
PRG;1020;+0200;1640;+0200;0;SN_3176-SN_2811
PRG;0620;+0200;1255;+0200;0;LH_243-LH_1396
BRU;0645;+0200;0900;+0200;0;UA_9938
BRU;0645;+0200;0900;+0200;0;HU_8090
BRU;0645;+0200;0900;+0200;0;SN_3188
BRU;0855;+0200;1110;+0200;0;AZ_156
BRU;0855;+0200;1110;+0200;0;AF_3793
BRU;1020;+0200;1235;+0200;0;SN_3176
BRU;1510;+0200;1725;+0200;0;AF_3795
BRU;1510;+0200;1725;+0200;0;AZ_160
BRU;1635;+0200;1850;+0200;0;SN_3182
BRU;2055;+0200;2310;+0200;0;SN_3184
BRU;2115;+0200;2330;+0200;0;AZ_164
BRU;2115;+0200;2330;+0200;0;AF_3797
BRU;1020;+0200;1240;+0200;0;SN_3176
BRU;1500;+0200;1830;+0200;0;AZ_2044-AZ_7096
BRU;1740;+0200;2110;+0200;0;AF_5820-AF_5406
BRU;1200;+0200;1535;+0200;0;AZ_2034-AZ_7196
BRU;0645;+0200;1025;+0200;0;LH_1851-LH_2284
BRU;0650;+0200;1030;+0200;0;LX_1735-LX_778
BRU;1455;+0200;1835;+0200;0;NH_6122-NH_6171
BRU;1455;+0200;1835;+0200;0;LH_235-LH_1018
BRU;1855;+0200;2235;+0200;0;LH_1849-LH_2296
BRU;1010;+0200;1400;+0200;0;LH_231-LH_1012
BRU;1825;+0200;2215;+0200;0;LH_237-LH_1024
BRU;0620;+0200;1020;+0200;0;LH_243-LH_1008
BRU;1420;+0200;1825;+0200;0;LH_1845-LH_2292
BRU;1425;+0200;1830;+0200;0;OK_725-OK_632
BRU;1645;+0200;2055;+0200;0;LX_1715-LX_766
BRU;0935;+0200;1350;+0200;0;LX_1727-LX_780
BRU;1255;+0200;1715;+0200;0;AF_5822-AF_5404
BRU;1320;+0200;1740;+0200;0;LH_233-LH_1016
BRU;1450;+0200;1910;+0200;0;LX_1737-LX_788
BRU;0620;+0200;1045;+0200;0;KL_1596-KL_1723
BRU;1210;+0200;1635;+0200;0;LH_1843-LH_2290
BRU;1400;+0200;1830;+0200;0;AZ_2068-AZ_7096
BRU;0720;+0200;1155;+0200;0;AF_2305-AF_7179
BRU;1100;+0200;1535;+0200;0;AZ_2032-AZ_7196
BRU;1725;+0200;2205;+0200;0;KL_1604-KL_1733
BRU;1255;+0200;1745;+0200;0;KL_1602-KL_1731
BRU;0700;+0200;1155;+0200;0;AF_9831-AF_7179
BRU;1450;+0200;1945;+0200;0;SK_682-SK_597
BRU;1335;+0200;1835;+0200;0;BA_549-BA_398
BRU;1335;+0200;1835;+0200;0;AA_6511-AA_6457
BRU;0855;+0200;1400;+0200;0;KL_3400-KL_1725
BRU;1535;+0200;2043;+0200;0;AF_9845-AF_7187
BRU;1455;+0200;2005;+0200;0;LH_235-LH_1020
BRU;1715;+0200;2225;+0200;0;BA_559-BA_404
BRU;1320;+0200;1835;+0200;0;LH_233-LH_1018
BRU;1720;+0200;2235;+0200;0;LH_1847-LH_2296
BRU;0645;+0200;1205;+0200;0;LH_1851-LH_2286
BRU;0855;+0200;1423;+0200;0;AF_9833-AF_7183
BRU;1300;+0200;1830;+0200;0;AZ_2038-AZ_7096
BRU;1000;+0200;1535;+0200;0;AZ_2036-AZ_7196
BRU;1520;+0200;2055;+0200;0;BA_547-BA_400
BRU;1625;+0200;2200;+0200;0;IB_3675-IB_3208
BRU;0840;+0200;1425;+0200;0;LH_1841-LH_2288
BRU;1300;+0200;1845;+0200;0;AF_1505-AF_7185
BRU;0930;+0200;1535;+0200;0;AZ_2030-AZ_7196
BRU;1130;+0200;1735;+0200;0;OU_383-OU_4456
BRU;1215;+0200;1820;+0200;0;IB_3613-IB_3214
BRU;1425;+0200;2030;+0200;0;OK_725-OK_634
BRU;1430;+0200;2043;+0200;0;AF_9839-AF_7187
BRU;0800;+0200;1415;+0200;0;IB_3609-IB_3202
BRU;0920;+0200;1535;+0200;0;AZ_2310-AZ_7196
BRU;1210;+0200;1825;+0200;0;LH_1843-LH_2292
BRU;1420;+0200;2035;+0200;0;LH_1845-LH_2294
TLS;1235;+0200;1425;+0200;0;AF_4343
TLS;1305;+0200;1455;+0200;0;AF_3249
TLS;1735;+0200;1925;+0200;0;AZ_7344
TLS;1535;+0200;1730;+0200;0;AF_9891
TLS;1535;+0200;1730;+0200;0;AZ_366
TLS;1255;+0200;1615;+0200;0;AF_5822-AF_7850
TLS;1255;+0200;1615;+0200;0;AZ_7838-AZ_2712
TLS;1740;+0200;2100;+0200;0;AF_5820-AF_7844
TLS;0645;+0200;1050;+0200;0;LH_1851-LH_2214
TLS;1020;+0200;1435;+0200;0;AF_1205-AF_7794
TLS;1300;+0200;1715;+0200;0;AF_1505-AF_7786
TLS;1535;+0200;1950;+0200;0;AF_9845-AF_7788
TLS;1320;+0200;1745;+0200;0;LH_233-LH_1098
TLS;1920;+0200;2345;+0200;0;LH_239-LH_1100
TLS;1920;+0200;2345;+0200;0;BD_3609-BD_2934
TLS;1255;+0200;1730;+0200;0;AZ_7838-AZ_2710
TLS;1715;+0200;2150;+0200;0;AF_9885-AF_7880
TLS;1800;+0200;2235;+0200;0;AF_1905-AF_7792
TLS;0645;+0200;1125;+0200;0;SN_3188-SN_3667
TLS;0645;+0200;1125;+0200;0;BD_5358-BD_5427
TLS;1320;+0200;1805;+0200;0;LH_233-LH_1098
TLS;1320;+0200;1805;+0200;0;BD_3593-BD_2938
TLS;1800;+0200;2300;+0200;0;AZ_7308-AZ_2982
TLS;0855;+0200;1400;+0200;0;AZ_318-AZ_2984
TLS;1210;+0200;1725;+0200;0;LH_1843-LH_2218
TLS;1430;+0200;1950;+0200;0;AF_9839-AF_7788
TLS;1430;+0200;1950;+0200;0;AZ_324-AZ_2976
TLS;1825;+0200;2345;+0200;0;BD_3597-BD_2934
TLS;1825;+0200;2345;+0200;0;LH_237-LH_1100
TLS;0620;+0200;1150;+0200;0;KL_1596-KL_1303
TLS;1705;+0200;2235;+0200;0;AF_9841-AF_7792
TLS;1720;+0200;2250;+0200;0;LH_1847-LH_2222
TLS;0855;+0200;1435;+0200;0;AF_9833-AF_7794
TLS;1740;+0200;2320;+0200;0;AZ_7840-AZ_3600
TLS;0700;+0200;1245;+0200;0;IB_5899-IB_5677
TLS;0700;+0200;1245;+0200;0;VY_6193-VY_9001
TLS;1715;+0200;2300;+0200;0;BA_559-BA_376
TLS;1400;+0200;1950;+0200;0;AZ_2068-AZ_7342
TLS;1625;+0200;2215;+0200;0;IB_3675-IB_8772
TLS;1030;+0200;1625;+0200;0;IB_3677-IB_8776
TLS;1030;+0200;1625;+0200;0;KL_1598-KL_1311
TLS;1705;+0200;2300;+0200;0;AZ_326-AZ_2982
TLS;1635;+0200;2240;+0200;0;BD_5354-BD_5425
TLS;0840;+0200;1450;+0200;0;LH_1841-LH_2216
TLS;1020;+0200;1630;+0200;0;SN_3176-SN_3669
TLS;1020;+0200;1630;+0200;0;BD_5352-BD_5423
TLS;1215;+0200;1830;+0200;0;IB_3613-IB_8770
TLS;1635;+0200;2250;+0200;0;SN_3182-SN_3675
TLS;1020;+0200;1645;+0200;0;AF_1205-AF_6128
TLS;1255;+0200;1920;+0200;0;AZ_7838-AZ_3596
TLS;1255;+0200;1920;+0200;0;AF_5822-AF_7842
TLS;1535;+0200;2200;+0200;0;AF_9845-AF_6148
TLS;1300;+0200;1930;+0200;0;AF_1505-AF_6138
TLS;1420;+0200;2050;+0200;0;LH_1845-LH_2220
TLS;0855;+0200;1530;+0200;0;AF_9833-AF_6124
TLS;1315;+0200;1950;+0200;0;AZ_1026-AZ_7342
TLS;1430;+0200;2105;+0200;0;AF_9839-AF_6144
TLS;0720;+0200;1400;+0200;0;AZ_7310-AZ_2984
TLS;1255;+0200;1945;+0200;0;AF_5822-AF_7848
TLS;1300;+0200;1950;+0200;0;AZ_2038-AZ_7342
TLS;1300;+0200;1950;+0200;0;AZ_7302-AZ_2976
TLS;1300;+0200;1950;+0200;0;AF_1505-AF_7788
TLS;1020;+0200;1715;+0200;0;AF_1205-AF_6156
TLS;1020;+0200;1715;+0200;0;AF_1205-AF_7786
TLS;0700;+0200;1400;+0200;0;AZ_316-AZ_2984
TLS;1020;+0200;1720;+0200;0;AZ_7300-AZ_2974
TLS;1300;+0200;2000;+0200;0;AF_1505-AF_6140
TLS;1430;+0200;2130;+0200;0;AF_9839-AF_6162
TLS;1535;+0200;2235;+0200;0;AF_9845-AF_7792
TLS;0855;+0200;1600;+0200;0;AF_9833-AF_6126
TLS;1520;+0200;2225;+0200;0;BA_547-BA_376
TLS;0720;+0200;1430;+0200;0;AF_2305-AF_6166
TLS;1020;+0200;1730;+0200;0;AF_1205-AF_6130
TLS;0720;+0200;1435;+0200;0;AF_2305-AF_7794
TLS;1500;+0200;2215;+0200;0;IB_3679-IB_8772
LIS;1150;+0200;1345;+0100;0;AZ_7762
LIS;1150;+0200;1345;+0100;0;TP_841
LIS;0615;+0200;0815;+0100;0;AZ_7760
LIS;0615;+0200;0815;+0100;0;TP_837
LIS;1410;+0200;1610;+0100;0;AZ_7764
LIS;1410;+0200;1610;+0100;0;TP_839
LIS;1900;+0200;2100;+0100;0;AZ_7766
LIS;1900;+0200;2100;+0100;0;TP_843
LIS;1255;+0200;1630;+0100;0;AF_3129-AF_5360
LIS;1625;+0200;2000;+0100;0;IB_3675-IB_3106
LIS;1920;+0200;2255;+0100;0;IB_3607-IB_3118
LIS;0800;+0200;1150;+0100;0;IB_3609-IB_3110
LIS;1720;+0200;2145;+0100;0;LH_1847-LH_1792
LIS;1020;+0200;1450;+0100;0;AF_1205-AF_1624
LIS;0935;+0200;1410;+0100;0;LX_1727-LX_4580
LIS;1030;+0200;1505;+0100;0;AM_6926-AM_6944
LIS;1030;+0200;1505;+0100;0;UX_1042-UX_1155
LIS;1300;+0200;1735;+0100;0;AF_1505-AF_1924
LIS;0845;+0200;1325;+0100;0;UA_9211-UA_8938
LIS;0935;+0200;1415;+0100;0;AZ_1311-AZ_7770
LIS;0650;+0200;1135;+0100;0;LX_1735-LX_2084
LIS;0840;+0200;1325;+0100;0;LH_1841-LH_1790
LIS;0840;+0200;1325;+0100;0;UA_9211-UA_8938
LIS;1615;+0200;2100;+0100;0;EY_7062-EY_5817
LIS;1705;+0200;2150;+0100;0;AF_9841-AF_2324
LIS;0620;+0200;1115;+0100;0;LH_243-LH_1166
LIS;0620;+0200;1115;+0100;0;BD_3591-BD_3348
LIS;1000;+0200;1455;+0100;0;AZ_1465-AZ_7774
LIS;1500;+0200;2000;+0100;0;IB_3679-IB_3106
LIS;0645;+0200;1155;+0100;0;BD_5358-BD_5565
LIS;0645;+0200;1155;+0100;0;SN_3188-SN_3815
LIS;1825;+0200;2340;+0100;0;BD_3597-BD_3350
LIS;1825;+0200;2340;+0100;0;LH_237-LH_1172
LIS;1010;+0200;1530;+0100;0;LH_231-LH_6994
LIS;1030;+0200;1550;+0100;0;IB_3677-IB_3102
LIS;1725;+0200;2250;+0100;0;KL_1604-KL_1697
LIS;1550;+0200;2120;+0100;0;EY_7058-EY_5815
LIS;0920;+0200;1455;+0100;0;AZ_1463-AZ_7774
LIS;1010;+0200;1545;+0100;0;UA_8801-UA_8896
LIS;0855;+0200;1435;+0100;0;KL_3400-KL_1693
LIS;1440;+0200;2020;+0100;0;TP_851-TP_1981
LIS;1010;+0200;1555;+0100;0;UA_8801-UA_8896
LIS;1010;+0200;1555;+0100;0;LH_231-LH_1168
LIS;0855;+0200;1450;+0100;0;AZ_318-AZ_2620
LIS;0855;+0200;1450;+0100;0;AF_9833-AF_1624
LIS;0855;+0200;1505;+0100;0;AM_6650-AM_6944
LIS;1450;+0200;2105;+0100;0;LX_1737-LX_4582
LIS;1535;+0200;2150;+0100;0;AF_9845-AF_2324
LIS;1535;+0200;2150;+0100;0;AZ_330-AZ_2626
LIS;0830;+0200;1455;+0100;0;AZ_1471-AZ_7774
LIS;0840;+0200;1505;+0100;0;LH_1841-LH_6950
LIS;1455;+0200;2120;+0100;0;LH_235-LH_6956
LIS;1455;+0200;2120;+0100;0;NH_6122-NH_6735
LIS;1625;+0200;2255;+0100;0;IB_3675-IB_3118
LIS;0645;+0200;1325;+0100;0;LH_1851-LH_1790
LIS;1520;+0200;2225;+0100;0;BA_547-BA_504
LIS;1020;+0200;1735;+0100;0;AZ_7300-AZ_2622
LIS;1020;+0200;1735;+0100;0;AF_1205-AF_1924
NCE;0905;+0200;1020;+0200;0;AZ_348
NCE;0905;+0200;1020;+0200;0;AF_9881
NCE;1715;+0200;1830;+0200;0;AF_9885
NCE;1715;+0200;1830;+0200;0;AZ_354
NCE;1740;+0200;2105;+0200;0;AF_5820-AF_7834
NCE;1255;+0200;1635;+0200;0;AF_5822-AF_7839
NCE;1010;+0200;1430;+0200;0;LH_231-LH_1060
NCE;1255;+0200;1720;+0200;0;AF_3129-AF_7874
NCE;1300;+0200;1725;+0200;0;AF_1505-AF_7706
NCE;0935;+0200;1405;+0200;0;LX_1727-LX_568
NCE;1210;+0200;1640;+0200;0;LH_1843-LH_2274
NCE;1920;+0200;2350;+0200;0;LH_239-LH_1068
NCE;1920;+0200;2350;+0200;0;BD_3609-BD_3238
NCE;0645;+0200;1120;+0200;0;SN_3188-SN_3617
NCE;1535;+0200;2010;+0200;0;AF_9845-AF_7708
NCE;1705;+0200;2140;+0200;0;AF_9841-AF_7712
NCE;1320;+0200;1800;+0200;0;BD_3593-BD_3236
NCE;1320;+0200;1800;+0200;0;LH_233-LH_1064
NCE;1635;+0200;2115;+0200;0;BD_5354-BD_5447
NCE;1635;+0200;2115;+0200;0;SN_3182-SN_3623
NCE;1800;+0200;2245;+0200;0;AF_1905-AF_7712
NCE;0645;+0200;1145;+0200;0;BD_5358-BD_5441
NCE;0645;+0200;1145;+0200;0;SN_3188-SN_3617
NCE;1020;+0200;1520;+0200;0;BD_5352-BD_5445
NCE;1020;+0200;1520;+0200;0;SN_3176-SN_3621
NCE;1720;+0200;2230;+0200;0;LH_1847-LH_2278
NCE;1020;+0200;1535;+0200;0;SN_3176-SN_3621
NCE;1430;+0200;1945;+0200;0;AF_9839-AF_7708
NCE;1740;+0200;2255;+0200;0;AF_5820-AF_7829
NCE;0620;+0200;1140;+0200;0;KL_1596-KL_1263
NCE;1220;+0200;1740;+0200;0;TU_753-TU_764
NCE;0645;+0200;1210;+0200;0;LH_1851-LH_2272
NCE;1825;+0200;2350;+0200;0;LH_237-LH_1068
NCE;1825;+0200;2350;+0200;0;BD_3597-BD_3238
NCE;0855;+0200;1430;+0200;0;AF_9833-AF_7714
NCE;1430;+0200;2010;+0200;0;AF_9839-AF_7708
NCE;1705;+0200;2245;+0200;0;AF_9841-AF_7712
NCE;1215;+0200;1800;+0200;0;IB_3613-IB_8752
NCE;1625;+0200;2225;+0200;0;IB_3675-IB_8756
NCE;1535;+0200;2140;+0200;0;AF_9845-AF_7712
NCE;1030;+0200;1650;+0200;0;KL_1598-KL_1267
NCE;1420;+0200;2040;+0200;0;LH_1845-LH_2276
NCE;0815;+0200;1440;+0200;0;BA_551-BA_344
NCE;1625;+0200;2250;+0200;0;IB_3675-IB_8756
NCE;1715;+0200;2340;+0200;0;BA_559-BA_352
NCE;0645;+0200;1315;+0200;0;SN_3188-SN_3619
NCE;0720;+0200;1350;+0200;0;AF_2305-AF_6244
NCE;0810;+0200;1440;+0200;0;BA_551-BA_344
NCE;0810;+0200;1440;+0200;0;AA_6512-AA_6588
ZRH;1955;+0200;2125;+0200;0;LX_1733
ZRH;0650;+0200;0825;+0200;0;UA_9799
ZRH;0650;+0200;0830;+0200;0;LX_1735
ZRH;1450;+0200;1630;+0200;0;LX_1737
ZRH;0935;+0200;1120;+0200;0;LX_1727
ZRH;1720;+0200;2030;+0200;0;LH_1847-LH_2374
ZRH;1925;+0200;2245;+0200;0;AB_8471-AB_8500
ZRH;0840;+0200;1220;+0200;0;LH_1841-LH_2368
ZRH;1420;+0200;1800;+0200;0;LH_1845-LH_5786
ZRH;0645;+0200;1040;+0200;0;LH_1851-LH_5782
ZRH;1140;+0200;1540;+0200;0;AB_8467-AB_8536
ZRH;1140;+0200;1540;+0200;0;HG_8467-HG_8536
ZRH;1455;+0200;1900;+0200;0;LH_235-LH_5776
ZRH;1320;+0200;1730;+0200;0;BD_3593-BD_3552
ZRH;1320;+0200;1730;+0200;0;LH_233-LH_1196
ZRH;0645;+0200;1105;+0200;0;SN_3188-SN_5103
ZRH;0700;+0200;1125;+0200;0;AF_9831-AF_5102
ZRH;1430;+0200;1855;+0200;0;AF_9839-AF_5108
ZRH;1455;+0200;1920;+0200;0;BD_3607-BD_3554
ZRH;1455;+0200;1920;+0200;0;NH_6122-NH_6101
ZRH;1455;+0200;1920;+0200;0;LH_235-LH_1198
ZRH;1720;+0200;2145;+0200;0;LH_1847-LH_5788
ZRH;1010;+0200;1440;+0200;0;LH_231-LH_1192
ZRH;1010;+0200;1440;+0200;0;BD_3599-BD_3558
ZRH;1210;+0200;1640;+0200;0;LH_1843-LH_2370
ZRH;1440;+0200;1910;+0200;0;LH_3201-LH_3140
ZRH;1635;+0200;2110;+0200;0;SN_3182-SN_5113
ZRH;1810;+0200;2245;+0200;0;AB_8271-AB_8174
ZRH;1335;+0200;1815;+0200;0;AB_8841-AB_8142
ZRH;0620;+0200;1105;+0200;0;KL_1596-KL_1957
ZRH;1335;+0200;1820;+0200;0;AB_8841-AB_8142
ZRH;1535;+0200;2020;+0200;0;AF_9845-AF_5110
ZRH;1335;+0200;1835;+0200;0;KL_3402-KL_1963
ZRH;1725;+0200;2225;+0200;0;KL_1604-KL_1969
ZRH;0620;+0200;1130;+0200;0;LH_243-LH_5772
ZRH;1010;+0200;1525;+0200;0;LH_231-LH_5774
ZRH;1420;+0200;1935;+0200;0;LH_1845-LH_2372
ZRH;0855;+0200;1415;+0200;0;AF_9833-AF_5104
ZRH;0645;+0200;1215;+0200;0;SN_3188-SN_5105
ZRH;0645;+0200;1220;+0200;0;LH_1851-LH_2368
ZRH;1300;+0200;1835;+0200;0;AB_8271-AB_8198
ZRH;1430;+0200;2005;+0200;0;AB_8841-AB_8520
ZRH;1625;+0200;2200;+0200;0;IB_3675-IB_3476
ZRH;1030;+0200;1610;+0200;0;OS_506-OS_8805
ZRH;1255;+0200;1835;+0200;0;KL_1602-KL_1963
ZRH;1300;+0200;1840;+0200;0;AB_8271-AB_8198
ZRH;1320;+0200;1900;+0200;0;LH_233-LH_5776
VCE;0830;+0200;0935;+0200;0;AZ_1471
VCE;0920;+0200;1025;+0200;0;AZ_1463
VCE;1000;+0200;1105;+0200;0;AZ_1465
VCE;1215;+0200;1320;+0200;0;AZ_1469
VCE;1315;+0200;1420;+0200;0;AZ_1475
VCE;1600;+0200;1705;+0200;0;AZ_1479
VCE;1715;+0200;1820;+0200;0;AZ_1467
VCE;1955;+0200;2100;+0200;0;AZ_1481
VCE;2105;+0200;2210;+0200;0;AZ_1483
VCE;2140;+0200;2245;+0200;0;AZ_1473
VCE;0840;+0200;1210;+0200;0;LH_1841-LH_1908
VCE;1740;+0200;2110;+0200;0;AF_5820-AF_5566
VCE;1255;+0200;1650;+0200;0;AZ_7838-AZ_7361
VCE;1255;+0200;1650;+0200;0;AF_5822-AF_5564
VCE;1450;+0200;1845;+0200;0;LX_1737-LX_1664
VCE;1740;+0200;2140;+0200;0;AZ_1271-AZ_1291
VCE;0945;+0200;1355;+0200;0;AZ_1263-AZ_1221
VCE;1210;+0200;1620;+0200;0;LH_1843-LH_1910
VCE;1715;+0200;2130;+0200;0;AZ_1795-AZ_1764
VCE;1920;+0200;2340;+0200;0;LH_239-LH_332
VCE;1920;+0200;2340;+0200;0;BD_3609-BD_3402
VCE;0935;+0200;1400;+0200;0;LX_1727-LX_1662
VCE;1320;+0200;1745;+0200;0;BD_3593-BD_3408
VCE;1320;+0200;1745;+0200;0;LH_233-LH_328
VCE;1455;+0200;1925;+0200;0;NH_6122-NH_6201
VCE;1455;+0200;1925;+0200;0;LH_235-LH_330
VCE;1455;+0200;1925;+0200;0;BD_3607-BD_3410
VCE;1635;+0200;2110;+0200;0;SN_3182-SN_3205
VCE;1315;+0200;1755;+0200;0;AZ_1613-AZ_1637
VCE;1715;+0200;2200;+0200;0;AZ_1751-AZ_1766
VCE;1220;+0200;1710;+0200;0;TU_753-TU_472
VCE;1800;+0200;2300;+0200;0;AF_1905-AF_2526
VCE;1720;+0200;2225;+0200;0;LH_1847-LH_1914
VCE;1825;+0200;2340;+0200;0;BD_3597-BD_3402
VCE;1825;+0200;2340;+0200;0;LH_237-LH_332
NTE;1255;+0200;1630;+0200;0;AF_5822-AF_5863
NTE;1740;+0200;2115;+0200;0;AZ_7840-AZ_3678
NTE;1740;+0200;2125;+0200;0;AF_5820-AF_5869
NTE;1255;+0200;1650;+0200;0;AZ_7838-AZ_3674
NTE;1715;+0200;2115;+0200;0;AF_9885-AF_7890
NTE;1300;+0200;1720;+0200;0;AF_1505-AF_7730
NTE;1705;+0200;2145;+0200;0;AF_9841-AF_7728
NTE;0855;+0200;1340;+0200;0;AZ_318-AZ_3664
NTE;0855;+0200;1340;+0200;0;AF_9833-AF_7724
NTE;1725;+0200;2215;+0200;0;KL_1604-KL_2035
NTE;0900;+0200;1400;+0200;0;AF_4329-AF_5766
NTE;1020;+0200;1525;+0200;0;AZ_1016-AZ_7382
NTE;1255;+0200;1800;+0200;0;AF_5822-AF_5865
NTE;1305;+0200;1815;+0200;0;AF_3249-AF_5650
NTE;1030;+0200;1600;+0200;0;KL_1598-KL_2049
NTE;1220;+0200;1800;+0200;0;TU_753-TU_810
NTE;1235;+0200;1815;+0200;0;AF_4343-AF_5650
NTE;1535;+0200;2130;+0200;0;AF_9891-AF_5652
NTE;0920;+0200;1525;+0200;0;AZ_2310-AZ_7382
NTE;1535;+0200;2145;+0200;0;AF_9845-AF_7728
NTE;1535;+0200;2145;+0200;0;AZ_330-AZ_3668
NTE;1625;+0200;2235;+0200;0;IB_3675-IB_8544
NTE;0910;+0200;1525;+0200;0;AZ_1024-AZ_7382
NTE;0720;+0200;1340;+0200;0;AF_2305-AF_7724
NTE;0720;+0200;1340;+0200;0;AZ_7310-AZ_3664
NTE;0900;+0200;1525;+0200;0;AZ_2028-AZ_7382
NTE;1535;+0200;2205;+0200;0;AF_9891-AF_7862
NTE;0700;+0200;1340;+0200;0;AZ_316-AZ_3664
NTE;0700;+0200;1340;+0200;0;AF_9831-AF_7724
NTE;0845;+0200;1525;+0200;0;AZ_2022-AZ_7382
NTE;1255;+0200;1940;+0200;0;AF_3129-AF_3207
NTE;1255;+0200;1940;+0200;0;AZ_7838-AZ_3676
NTE;1535;+0200;2225;+0200;0;AF_9845-AF_7388
NTE;0830;+0200;1525;+0200;0;AZ_2026-AZ_7382
NTE;1020;+0200;1720;+0200;0;AZ_7300-AZ_3662
NTE;1020;+0200;1720;+0200;0;AF_1205-AF_7730
NTE;0855;+0200;1600;+0200;0;KL_3400-KL_2049
NTE;0815;+0200;1525;+0200;0;AZ_2020-AZ_7382
NTE;1255;+0200;2010;+0200;0;AF_5822-AF_5867
NTE;1430;+0200;2145;+0200;0;AZ_324-AZ_3668
NTE;1430;+0200;2145;+0200;0;AF_9839-AF_7728
NTE;1500;+0200;2215;+0200;0;KL_3404-KL_2035
NTE;0720;+0200;1445;+0200;0;AF_2305-AF_7386
NTE;0800;+0200;1525;+0200;0;AZ_2016-AZ_7382
NTE;1500;+0200;2235;+0200;0;IB_3679-IB_8544
NTE;0745;+0200;1525;+0200;0;AZ_2014-AZ_7382
NTE;0700;+0200;1445;+0200;0;AF_9831-AF_7386
NTE;0900;+0200;1645;+0200;0;AF_4329-AF_7610
NTE;0730;+0200;1525;+0200;0;AZ_2018-AZ_7382
NTE;1430;+0200;2225;+0200;0;AF_9839-AF_7388
NTE;0715;+0200;1525;+0200;0;AZ_2012-AZ_7382
NTE;0905;+0200;1445;+0200;0;AF_9881-AF_6211-AF_7386
NTE;0720;+0200;1325;+0200;0;AF_2305-AF_7622-AF_3203
NTE;1100;+0200;1720;+0200;0;AZ_2032-AZ_7900-AZ_3662
NTE;0700;+0200;1325;+0200;0;AF_9831-AF_7622-AF_3203
NTE;1020;+0200;1650;+0200;0;AZ_1016-AZ_7830-AZ_3674
NTE;1300;+0200;1940;+0200;0;AF_1505-AF_7634-AF_3207
NTE;1500;+0200;2145;+0200;0;AZ_2044-AZ_7816-AZ_3668
NTE;1535;+0200;2225;+0200;0;AF_9891-AF_6143-AF_7388
NTE;1535;+0200;2225;+0200;0;AF_9891-AF_6139-AF_7388
NTE;1535;+0200;2225;+0200;0;AF_9891-AF_6141-AF_7388
NTE;1000;+0200;1720;+0200;0;AZ_2036-AZ_7900-AZ_3662
NTE;1000;+0200;1720;+0200;0;AZ_1465-AZ_7326-AZ_3662
NTE;0920;+0200;1650;+0200;0;AZ_2310-AZ_7830-AZ_3674
NTE;0905;+0200;1645;+0200;0;AF_9881-AF_3257-AF_3264
NTE;0910;+0200;1650;+0200;0;AZ_1024-AZ_7830-AZ_3674
NTE;0935;+0200;1720;+0200;0;AZ_1311-AZ_7314-AZ_3662
NTE;1400;+0200;2145;+0200;0;AZ_2068-AZ_7816-AZ_3668
NTE;1400;+0200;2145;+0200;0;AZ_2068-AZ_7848-AZ_3668
NTE;1400;+0200;2145;+0200;0;AZ_2068-AZ_7906-AZ_3668
NTE;0900;+0200;1650;+0200;0;AZ_2028-AZ_7830-AZ_3674
NTE;0930;+0200;1720;+0200;0;AZ_2030-AZ_7900-AZ_3662
NTE;0920;+0200;1720;+0200;0;AZ_1463-AZ_7326-AZ_3662
NTE;0920;+0200;1720;+0200;0;AZ_2310-AZ_7900-AZ_3662
NTE;1315;+0200;2115;+0200;0;AZ_1026-AZ_7832-AZ_3678
NTE;0845;+0200;1650;+0200;0;AZ_2022-AZ_7830-AZ_3674
NTE;0905;+0200;1720;+0200;0;AF_9881-AF_6211-AF_7730
NTE;0905;+0200;1720;+0200;0;AF_9881-AF_7703-AF_7730
NTE;1300;+0200;2115;+0200;0;AZ_2038-AZ_7832-AZ_3678
GVA;0905;+0200;1040;+0200;0;AZ_576
GVA;1615;+0200;1750;+0200;0;AZ_578
GVA;1955;+0200;2320;+0200;0;LX_1733-LX_2818
GVA;0935;+0200;1305;+0200;0;LX_1727-LX_2824
GVA;0650;+0200;1025;+0200;0;LX_1735-LX_2804
GVA;1450;+0200;1825;+0200;0;LX_1737-LX_2810
GVA;1855;+0200;2230;+0200;0;LH_1849-LH_2390
GVA;0840;+0200;1220;+0200;0;LH_1841-LH_2382
GVA;1320;+0200;1710;+0200;0;LH_233-LH_1222
GVA;1320;+0200;1710;+0200;0;BD_3593-BD_3118
GVA;1320;+0200;1710;+0200;0;LH_233-LH_1220
GVA;1320;+0200;1710;+0200;0;BD_3593-BD_3102
GVA;0620;+0200;1015;+0200;0;LH_243-LH_1214
GVA;1420;+0200;1825;+0200;0;LH_1845-LH_2386
GVA;1535;+0200;1940;+0200;0;AF_9845-AF_1042
GVA;1825;+0200;2230;+0200;0;LH_237-LH_1228
GVA;1825;+0200;2230;+0200;0;BD_3597-BD_3114
GVA;0700;+0200;1110;+0200;0;AF_9831-AF_1842
GVA;1010;+0200;1420;+0200;0;BD_3599-BD_3106
GVA;1010;+0200;1420;+0200;0;LH_231-LH_1218
GVA;1300;+0200;1710;+0200;0;AF_1505-AF_2442
GVA;0700;+0200;1115;+0200;0;AF_9831-AF_1842
GVA;0855;+0200;1310;+0200;0;AF_9833-AF_2042
GVA;1210;+0200;1625;+0200;0;LH_1843-LH_2384
GVA;1300;+0200;1715;+0200;0;AF_1505-AF_2442
GVA;0935;+0200;1400;+0200;0;LX_1727-LX_2806
GVA;1440;+0200;1910;+0200;0;LH_3201-LH_3164
GVA;1455;+0200;1925;+0200;0;LH_235-LH_1226
GVA;1455;+0200;1925;+0200;0;BD_3607-BD_3104
GVA;1320;+0200;1755;+0200;0;BD_3593-BD_3118
GVA;1320;+0200;1755;+0200;0;LH_233-LH_1222
GVA;1455;+0200;1930;+0200;0;LH_235-LH_1224
GVA;1455;+0200;1930;+0200;0;BD_3607-BD_3120
GVA;1455;+0200;1930;+0200;0;NH_6122-NH_6107
GVA;1635;+0200;2110;+0200;0;BD_5354-BD_5283
GVA;0620;+0200;1100;+0200;0;KL_1596-KL_1927
GVA;1705;+0200;2145;+0200;0;AF_9841-AF_1242
GVA;1220;+0200;1715;+0200;0;TU_753-TU_700
GVA;1335;+0200;1835;+0200;0;KL_3402-KL_1933
GVA;1430;+0200;1940;+0200;0;AF_9839-AF_1042
GVA;1625;+0200;2135;+0200;0;IB_3675-IB_3482
GVA;1720;+0200;2230;+0200;0;LH_1847-LH_2390
GVA;0855;+0200;1410;+0200;0;AF_9833-AF_2142
GVA;1715;+0200;2240;+0200;0;BA_559-BA_738
GVA;0645;+0200;1215;+0200;0;UA_9938-UA_9935
GVA;0645;+0200;1215;+0200;0;SN_3188-SN_2715
GVA;0645;+0200;1215;+0200;0;BD_5358-BD_5275
GVA;0645;+0200;1220;+0200;0;LH_1851-LH_2382
GVA;1215;+0200;1755;+0200;0;IB_3613-IB_3486
GVA;1255;+0200;1835;+0200;0;KL_1602-KL_1933
GVA;1635;+0200;2215;+0200;0;SN_3182-SN_2723
GVA;0645;+0200;1230;+0200;0;UA_9938-UA_9935
GVA;0645;+0200;1230;+0200;0;SN_3188-SN_2715
GVA;0720;+0200;1310;+0200;0;AF_2305-AF_2042
GVA;1020;+0200;1610;+0200;0;AF_1205-AF_2342
GVA;1030;+0200;1620;+0200;0;KL_1598-KL_1931
GVA;1420;+0200;2015;+0200;0;LH_1845-LH_2388
GVA;0815;+0200;1420;+0200;0;BA_551-BA_730
GVA;1320;+0200;1925;+0200;0;LH_233-LH_1226
GVA;1320;+0200;1925;+0200;0;BD_3593-BD_3104
GVA;0700;+0200;1310;+0200;0;AF_9831-AF_2042
GVA;0810;+0200;1420;+0200;0;AA_6512-AA_6340
GVA;0810;+0200;1420;+0200;0;BA_551-BA_730
GVA;1145;+0200;1755;+0200;0;BA_553-BA_734
GVA;1320;+0200;1930;+0200;0;LH_233-LH_1224
GVA;1320;+0200;1930;+0200;0;BD_3593-BD_3120
GVA;1535;+0200;2145;+0200;0;AF_9845-AF_1242
GVA;0650;+0200;1305;+0200;0;LX_1735-LX_2824
GVA;1145;+0200;1800;+0200;0;AA_6516-AA_6344
GVA;1210;+0200;1825;+0200;0;LH_1843-LH_2386
DUB;0650;+0200;1035;+0100;0;LX_1735-LX_400
DUB;0620;+0200;1010;+0100;0;KL_1596-KL_3153
DUB;0720;+0200;1115;+0100;0;AZ_7310-AZ_3572
DUB;0720;+0200;1115;+0100;0;AF_2305-AF_5004
DUB;1725;+0200;2120;+0100;0;KL_1604-KL_3161
DUB;1335;+0200;1735;+0100;0;KL_3402-KL_3159
DUB;1320;+0200;1725;+0100;0;LH_233-LH_980
DUB;1535;+0200;1945;+0100;0;AZ_330-AZ_3578
DUB;1535;+0200;1945;+0100;0;AF_9845-AF_5010
DUB;0700;+0200;1115;+0100;0;AZ_316-AZ_3572
DUB;0700;+0200;1115;+0100;0;AF_9831-AF_5004
DUB;1800;+0200;2215;+0100;0;AZ_7308-AZ_3576
DUB;1800;+0200;2215;+0100;0;AF_1905-AF_5008
DUB;1825;+0200;2240;+0100;0;LH_237-LH_982
DUB;1125;+0200;1600;+0100;0;BA_2543-BA_5843
DUB;1335;+0200;1810;+0100;0;BA_549-BA_5969
DUB;1255;+0200;1735;+0100;0;KL_1602-KL_3159
DUB;0620;+0200;1105;+0100;0;LH_243-LH_978
DUB;0855;+0200;1340;+0100;0;KL_3400-KL_3155
DUB;0855;+0200;1400;+0100;0;AF_9833-AF_5006
DUB;0855;+0200;1400;+0100;0;AZ_318-AZ_3574
DUB;1520;+0200;2025;+0100;0;BA_547-BA_5977
DUB;1030;+0200;1540;+0100;0;KL_1598-KL_3157
DUB;1705;+0200;2215;+0100;0;AZ_326-AZ_3576
DUB;1705;+0200;2215;+0100;0;AF_9841-AF_5008
DUB;1715;+0200;2225;+0100;0;BA_559-BA_5983
DUB;1430;+0200;1945;+0100;0;AF_9839-AF_5010
DUB;1430;+0200;1945;+0100;0;AZ_324-AZ_3578
DUB;1145;+0200;1710;+0100;0;BA_553-BA_5967
DUB;0815;+0200;1355;+0100;0;BA_551-BA_5959
DUB;0810;+0200;1355;+0100;0;BA_551-BA_5959
DUB;0800;+0200;1350;+0100;0;IB_3609-IB_8070
DUB;1335;+0200;1925;+0100;0;BA_549-BA_5975
DUB;1520;+0200;2125;+0100;0;BA_547-BA_5979
DUB;1335;+0200;1955;+0100;0;BA_549-BA_5847
DUB;1500;+0200;2120;+0100;0;KL_3404-KL_3161
DUB;1020;+0200;1645;+0100;0;AF_1205-AF_5014
DUB;1020;+0200;1645;+0100;0;AZ_7300-AZ_3580
DUB;1145;+0200;1810;+0100;0;BA_553-BA_5969
DUB;0720;+0200;1400;+0100;0;AF_2305-AF_5006
DUB;0720;+0200;1400;+0100;0;AZ_7310-AZ_3574
DUB;1535;+0200;2215;+0100;0;AZ_330-AZ_3576
DUB;1535;+0200;2215;+0100;0;AF_9845-AF_5008
DUB;0855;+0200;1540;+0100;0;KL_3400-KL_3157
DUB;1125;+0200;1810;+0100;0;BA_2543-BA_5969
DUB;1300;+0200;1945;+0100;0;AF_1505-AF_5010
DUB;1300;+0200;1945;+0100;0;AZ_7302-AZ_3578
DUB;1335;+0200;2025;+0100;0;BA_549-BA_5977
DUB;0700;+0200;1400;+0100;0;AF_9831-AF_5006
DUB;0700;+0200;1400;+0100;0;AZ_316-AZ_3574
DUB;1030;+0200;1735;+0100;0;KL_1598-KL_3159
DUB;1520;+0200;2225;+0100;0;BA_547-BA_5983
DUB;1010;+0200;1725;+0100;0;LH_231-LH_980
DUB;0620;+0200;1340;+0100;0;KL_1596-KL_3155
DUB;0815;+0200;1535;+0100;0;BA_551-BA_5965
DUB;0810;+0200;1535;+0100;0;BA_551-BA_5965
DUB;1145;+0200;1925;+0100;0;BA_553-BA_5975
DUB;0815;+0200;1600;+0100;0;BA_551-BA_5843
DUB;1335;+0200;2120;+0100;0;KL_3402-KL_3161
DUB;1430;+0200;2215;+0100;0;AF_9839-AF_5008
DUB;1430;+0200;2215;+0100;0;AZ_324-AZ_3576
DUB;1455;+0200;2240;+0100;0;LH_235-LH_982
DUB;0810;+0200;1600;+0100;0;BA_551-BA_5843
DUB;0855;+0200;1645;+0100;0;AF_9833-AF_5014
DUB;0855;+0200;1645;+0100;0;AZ_318-AZ_3580
DUB;1335;+0200;2125;+0100;0;BA_549-BA_5979
DUB;1125;+0200;1925;+0100;0;BA_2543-BA_5975
DUB;1145;+0200;1955;+0100;0;BA_553-BA_5847
DUB;0815;+0200;1400;+0100;0;AZ_2020-AZ_7296-AZ_3574
DUB;1100;+0200;1645;+0100;0;AZ_2032-AZ_7900-AZ_3580
DUB;1400;+0200;1945;+0100;0;AZ_2068-AZ_7848-AZ_3578
DUB;0800;+0200;1400;+0100;0;AZ_2016-AZ_7296-AZ_3574
DUB;0745;+0200;1400;+0100;0;AZ_2014-AZ_7296-AZ_3574
DUB;1600;+0200;2215;+0100;0;AZ_2080-AZ_358-AZ_3576
DUB;0730;+0200;1400;+0100;0;AZ_2018-AZ_7296-AZ_3574
DUB;1315;+0200;1945;+0100;0;AZ_1026-AZ_7352-AZ_3578
DUB;1320;+0200;1955;+0100;0;LH_233-LH_914-LH_6505
DUB;0715;+0200;1400;+0100;0;AZ_2012-AZ_7296-AZ_3574
DUB;1000;+0200;1645;+0100;0;AZ_2036-AZ_7900-AZ_3580
DUB;1300;+0200;1945;+0100;0;AZ_2038-AZ_7848-AZ_3578
DUB;0700;+0200;1400;+0100;0;AZ_2010-AZ_7296-AZ_3574
DUB;0645;+0200;1355;+0100;0;LH_1851-LH_2472-LH_6633
DUB;0930;+0200;1645;+0100;0;AZ_2030-AZ_7900-AZ_3580
DUB;1500;+0200;2215;+0100;0;AZ_2044-AZ_358-AZ_3576
DUB;1500;+0200;2215;+0100;0;AZ_2044-AZ_7816-AZ_3576
DUB;1320;+0200;2040;+0100;0;BD_3593-BD_3234-BD_131
DUB;1320;+0200;2040;+0100;0;BD_3593-BD_3220-BD_131
DUB;0920;+0200;1645;+0100;0;AZ_2310-AZ_7900-AZ_3580
DUB;0630;+0200;1400;+0100;0;AZ_2008-AZ_7086-AZ_3574
DUB;0630;+0200;1400;+0100;0;AZ_2008-AZ_7296-AZ_3574
DUB;0620;+0200;1355;+0100;0;LH_243-LH_904-LH_6633
DUB;1300;+0200;2040;+0100;0;AF_1505-AF_5026-AF_5121
DUB;0900;+0200;1645;+0100;0;AZ_2028-AZ_7846-AZ_3580
DUB;0900;+0200;1645;+0100;0;AZ_2028-AZ_7900-AZ_3580
DUB;1200;+0200;1945;+0100;0;AZ_2034-AZ_7352-AZ_3578
DUB;1200;+0200;1945;+0100;0;AZ_2034-AZ_7848-AZ_3578
DUB;1210;+0200;1955;+0100;0;LH_1843-LH_2478-LH_6505
DUB;0845;+0200;1645;+0100;0;AZ_2022-AZ_7900-AZ_3580
DUB;0845;+0200;1645;+0100;0;AZ_2022-AZ_7846-AZ_3580
DUB;1010;+0200;1820;+0100;0;BD_3599-BD_3208-BD_125
DUB;1010;+0200;1820;+0100;0;LH_231-LH_908-LH_6483
DUB;0830;+0200;1645;+0100;0;AZ_2026-AZ_7900-AZ_3580
DUB;0830;+0200;1645;+0100;0;AZ_2026-AZ_7846-AZ_3580
DUB;1400;+0200;2215;+0100;0;AZ_2068-AZ_7848-AZ_3576
DUB;1400;+0200;2215;+0100;0;AZ_2068-AZ_358-AZ_3576
DUB;1400;+0200;2215;+0100;0;AZ_2068-AZ_7816-AZ_3576
DUB;1400;+0200;2215;+0100;0;AZ_2068-AZ_7906-AZ_3576
SXB;1740;+0200;2100;+0200;0;AZ_7840-AZ_2576
SXB;1740;+0200;2100;+0200;0;AF_5820-AF_5782
SXB;0645;+0200;1035;+0200;0;SN_3188-SN_3653
SXB;1255;+0200;1650;+0200;0;AZ_7838-AZ_2574
SXB;1255;+0200;1650;+0200;0;AF_5822-AF_5780
SXB;1425;+0200;1835;+0200;0;OK_725-OK_742
SXB;0905;+0200;1325;+0200;0;AF_9881-AF_7895
SXB;1715;+0200;2145;+0200;0;AF_9885-AF_7898
SXB;1255;+0200;1740;+0200;0;KL_1602-KL_2045
SXB;1705;+0200;2155;+0200;0;AF_9841-AF_7770
SXB;1255;+0200;1755;+0200;0;AF_3129-AF_5477
SXB;1300;+0200;1800;+0200;0;AF_1505-AF_7766
SXB;0855;+0200;1410;+0200;0;AF_9833-AF_7762
SXB;0855;+0200;1410;+0200;0;AZ_318-AZ_2966
SXB;1010;+0200;1600;+0200;0;LH_231-LH_390
SXB;1825;+0200;0015;+0200;1;LH_237-LH_396
SXB;1535;+0200;2130;+0200;0;AF_9891-AF_7870
SXB;1430;+0200;2050;+0200;0;AF_9839-AF_7312
SXB;1535;+0200;2155;+0200;0;AF_9845-AF_7770
SXB;1535;+0200;2155;+0200;0;AZ_330-AZ_2970
SXB;1500;+0200;2125;+0200;0;KL_3404-KL_2047
SXB;0720;+0200;1350;+0200;0;AF_2305-AF_7306
SXB;1020;+0200;1655;+0200;0;AF_1205-AF_7308
SXB;1320;+0200;2000;+0200;0;LH_233-LH_392
SXB;0700;+0200;1350;+0200;0;AF_9831-AF_7306
SXB;0720;+0200;1410;+0200;0;AF_2305-AF_7762
SXB;0720;+0200;1410;+0200;0;AZ_7310-AZ_2966
SXB;1030;+0200;1730;+0200;0;IB_3677-IB_8654
SXB;1030;+0200;1735;+0200;0;IB_3677-IB_8654
SXB;0620;+0200;1330;+0200;0;LH_243-LH_388
SXB;0700;+0200;1410;+0200;0;AZ_316-AZ_2966
SXB;0700;+0200;1410;+0200;0;AF_9831-AF_7762
SXB;1030;+0200;1740;+0200;0;KL_1598-KL_2045
SXB;1430;+0200;2155;+0200;0;AF_9839-AF_7770
SXB;1430;+0200;2155;+0200;0;AZ_324-AZ_2970
SXB;1020;+0200;1800;+0200;0;AF_1205-AF_7766
SXB;1020;+0200;1800;+0200;0;AZ_7300-AZ_2968
SXB;1020;+0200;1805;+0200;0;SN_3176-SN_3661
SXB;1300;+0200;2050;+0200;0;AF_1505-AF_7312
SXB;1335;+0200;2125;+0200;0;KL_3402-KL_2047
SXB;0855;+0200;1655;+0200;0;AF_9833-AF_7308
SXB;1255;+0200;2100;+0200;0;AZ_7838-AZ_2576
SXB;1255;+0200;2100;+0200;0;AF_5822-AF_5782
SXB;1455;+0200;2300;+0200;0;LH_235-LH_394
SXB;1305;+0200;1850;+0200;0;AF_3249-AF_6129-AF_7310
SXB;1255;+0200;1850;+0200;0;AF_3129-AF_6267-AF_7310
SXB;1235;+0200;1850;+0200;0;AF_4343-AF_6129-AF_7310
SXB;1235;+0200;1850;+0200;0;AF_4343-AF_6167-AF_7310
SXB;1020;+0200;1650;+0200;0;AZ_1016-AZ_7830-AZ_2574
SXB;1500;+0200;2155;+0200;0;AZ_2044-AZ_7816-AZ_2970
SXB;1100;+0200;1800;+0200;0;AZ_2032-AZ_7900-AZ_2968
SXB;0920;+0200;1650;+0200;0;AZ_2310-AZ_7830-AZ_2574
SXB;1030;+0200;1800;+0200;0;AZ_1429-AZ_7374-AZ_2968
SXB;0630;+0200;1410;+0200;0;AZ_2008-AZ_7086-AZ_2966
SXB;0910;+0200;1650;+0200;0;AZ_1024-AZ_7830-AZ_2574
SXB;0905;+0200;1650;+0200;0;AF_9881-AF_7837-AF_5780
SXB;0905;+0200;1650;+0200;0;AF_9881-AF_7836-AF_5780
SXB;1305;+0200;2050;+0200;0;AF_3249-AF_6137-AF_7312
SXB;1305;+0200;2050;+0200;0;AF_3249-AF_6157-AF_7312
SXB;1305;+0200;2050;+0200;0;AF_3249-AF_6135-AF_7312
SXB;1305;+0200;2050;+0200;0;AF_3249-AF_6131-AF_7312
SXB;1305;+0200;2050;+0200;0;AF_3249-AF_6133-AF_7312
SXB;1305;+0200;2050;+0200;0;AF_3249-AF_6129-AF_7312
SXB;1315;+0200;2100;+0200;0;AZ_1026-AZ_7832-AZ_2576
SXB;0900;+0200;1650;+0200;0;AZ_2028-AZ_7830-AZ_2574
SXB;0905;+0200;1655;+0200;0;AF_9881-AF_6223-AF_7308
SXB;0905;+0200;1655;+0200;0;AF_9881-AF_6211-AF_7308
SXB;0905;+0200;1655;+0200;0;AF_9881-AF_6225-AF_7308
SXB;0905;+0200;1655;+0200;0;AF_9881-AF_6213-AF_7308
SXB;0905;+0200;1655;+0200;0;AF_9881-AF_6215-AF_7308
SXB;1210;+0200;2000;+0200;0;LH_1843-LH_115-LH_392
SXB;0900;+0200;1655;+0200;0;AF_4329-AF_6025-AF_7308
SXB;1255;+0200;2050;+0200;0;AF_3129-AF_6269-AF_7312
SXB;1255;+0200;2050;+0200;0;AF_3129-AF_6267-AF_7312
SXB;1255;+0200;2050;+0200;0;AF_3129-AF_6271-AF_7312
SXB;1255;+0200;2050;+0200;0;AF_5822-AF_7415-AF_7312
SXB;1400;+0200;2155;+0200;0;AZ_2068-AZ_7848-AZ_2970
SXB;1400;+0200;2155;+0200;0;AZ_2068-AZ_7906-AZ_2970
SXB;1400;+0200;2155;+0200;0;AZ_2068-AZ_7816-AZ_2970
SXB;1000;+0200;1800;+0200;0;AZ_1465-AZ_7326-AZ_2968
SXB;1000;+0200;1800;+0200;0;AZ_2036-AZ_7900-AZ_2968
SXB;1300;+0200;2100;+0200;0;AZ_2038-AZ_7832-AZ_2576
SXB;0845;+0200;1650;+0200;0;AZ_2022-AZ_7830-AZ_2574
SXB;0950;+0200;1800;+0200;0;AZ_1663-AZ_7392-AZ_2968
SXB;0950;+0200;1800;+0200;0;AZ_1383-AZ_7822-AZ_2968
SXB;0945;+0200;1800;+0200;0;AZ_1675-AZ_7804-AZ_2968
SXB;1235;+0200;2050;+0200;0;AF_4343-AF_6135-AF_7312
SXB;1235;+0200;2050;+0200;0;AF_4343-AF_6157-AF_7312
SXB;1235;+0200;2050;+0200;0;AF_4343-AF_6137-AF_7312
SXB;1235;+0200;2050;+0200;0;AF_4343-AF_6131-AF_7312
SXB;1235;+0200;2050;+0200;0;AF_4343-AF_6133-AF_7312
SXB;1235;+0200;2050;+0200;0;AF_4343-AF_6167-AF_7312
SXB;1235;+0200;2050;+0200;0;AF_4343-AF_6129-AF_7312