PAR;0645;+0200;0745;+0200;0;AF_7303
PAR;0915;+0200;1015;+0200;0;AF_7305
PAR;1045;+0200;1145;+0200;0;AF_7307
PAR;1445;+0200;1545;+0200;0;AF_7311
PAR;1745;+0200;1845;+0200;0;AF_7315
PAR;1935;+0200;2035;+0200;0;AF_7319
PAR;0725;+0200;0835;+0200;0;AF_7761
PAR;1115;+0200;1225;+0200;0;AF_7763
PAR;1455;+0200;1605;+0200;0;AF_7771
PAR;1850;+0200;2000;+0200;0;AF_7767
PAR;0901;+0200;1132;+0200;0;WY_4045
PAR;0705;+0200;1010;+0200;0;AF_5472-AF_6259
PAR;0755;+0200;1105;+0200;0;AF_7869-AF_6109
PAR;1825;+0200;2135;+0200;0;AF_5478-AF_6275
PAR;1010;+0200;1330;+0200;0;AF_7894-AF_6215
PAR;0840;+0200;1205;+0200;0;AF_5540-AF_6117
PAR;1340;+0200;1710;+0200;0;AF_5360-AF_6267
PAR;0850;+0200;1225;+0200;0;AF_5770-AF_7383
PAR;1010;+0200;1345;+0200;0;KL_2042-KL_1233
PAR;0755;+0200;1135;+0200;0;AF_7869-AF_6113
PAR;0840;+0200;1220;+0200;0;AF_5540-AF_7795
PAR;0850;+0200;1230;+0200;0;AF_5770-AF_7725
PAR;1150;+0200;1530;+0200;0;AF_7893-AF_6217
PAR;1820;+0200;2200;+0200;0;KL_2044-KL_2023
PAR;1820;+0200;2200;+0200;0;AF_5486-AF_2241
PAR;0650;+0200;1035;+0200;0;AF_5785-AF_7653
PAR;1000;+0200;1345;+0200;0;AF_5484-AF_8233
PAR;1010;+0200;1400;+0200;0;AF_7894-AF_6213
PAR;1340;+0200;1730;+0200;0;AF_5360-AF_7629
PAR;1825;+0200;2215;+0200;0;AF_5478-AF_7633
PAR;0650;+0200;1045;+0200;0;KL_2046-KL_2003
PAR;0650;+0200;1045;+0200;0;AF_5482-AF_1241
PAR;1405;+0200;1810;+0200;0;AF_5781-AF_7415
PAR;1405;+0200;1810;+0200;0;AF_5781-AF_7645
PAR;0705;+0200;1115;+0200;0;AF_5472-AF_6281
PAR;0755;+0200;1205;+0200;0;AF_7869-AF_6117
PAR;1150;+0200;1600;+0200;0;AF_7893-AF_6245
PAR;1800;+0200;2210;+0200;0;AF_5783-AF_7649
PAR;1010;+0200;1430;+0200;0;AF_7894-AF_6225
PAR;0755;+0200;1220;+0200;0;AF_7869-AF_7795
PAR;0840;+0200;1305;+0200;0;AF_5540-AF_6119
PAR;1340;+0200;1810;+0200;0;AF_5360-AF_6269
PAR;1440;+0200;1920;+0200;0;AF_5466-AF_6043
PAR;1010;+0200;1500;+0200;0;AF_7894-AF_6223
PAR;0655;+0200;1150;+0200;0;AF_5462-AF_6019
PAR;0705;+0200;1200;+0200;0;AF_5472-AF_7625
PAR;1010;+0200;1505;+0200;0;AF_7894-AF_7703
PAR;0815;+0200;1315;+0200;0;LH_389-LH_1034
PAR;1010;+0200;1510;+0200;0;KL_2042-KL_2009
PAR;1200;+0200;1700;+0200;0;LH_391-LH_1040
PAR;0650;+0200;1130;+0200;0;AF_5785-AF_7833-AF_6207
PAR;0650;+0200;1135;+0200;0;AF_5785-AF_7840-AF_6113
TLS;0755;+0200;0920;+0200;0;AF_7869
TLS;0840;+0200;1005;+0200;0;AF_5540
TLS;2205;+0200;2330;+0200;0;AF_7871
TLS;0650;+0200;0930;+0200;0;AF_5785-AF_7840
TLS;0645;+0200;0930;+0200;0;AF_7303-AF_6108
TLS;0915;+0200;1200;+0200;0;AF_7305-AF_6114
TLS;1445;+0200;1730;+0200;0;AF_7311-AF_6130
TLS;1745;+0200;2030;+0200;0;AF_7315-AF_6142
TLS;1800;+0200;2100;+0200;0;AF_5783-AF_7844
TLS;1630;+0200;1935;+0200;0;AF_5354-AF_5510
TLS;0645;+0200;1000;+0200;0;AF_7303-AF_6110
TLS;1445;+0200;1800;+0200;0;AF_7311-AF_6132
TLS;1115;+0200;1435;+0200;0;AF_7763-AF_7794
TLS;1745;+0200;2105;+0200;0;AF_7315-AF_6144
TLS;0725;+0200;1055;+0200;0;AF_7761-AF_7782
TLS;0850;+0200;1220;+0200;0;AF_5770-AF_7861
TLS;0915;+0200;1300;+0200;0;AF_7305-AF_6118
TLS;1045;+0200;1430;+0200;0;AF_7307-AF_6166
TLS;1445;+0200;1830;+0200;0;AF_7311-AF_6134
TLS;1745;+0200;2130;+0200;0;AF_7315-AF_6162
TLS;1850;+0200;2235;+0200;0;AF_7767-AF_7792
TLS;1820;+0200;2215;+0200;0;AF_5486-AF_8265
TLS;1445;+0200;1845;+0200;0;AF_7311-AF_6146
TLS;1820;+0200;2220;+0200;0;KL_2044-KL_1313
TLS;0645;+0200;1100;+0200;0;AF_7303-AF_6112
TLS;1045;+0200;1500;+0200;0;AF_7307-AF_6122
TLS;1445;+0200;1900;+0200;0;AF_7311-AF_6136
TLS;1745;+0200;2200;+0200;0;AF_7315-AF_6148
TLS;1835;+0200;2250;+0200;0;SN_3662-SN_3675
TLS;1045;+0200;1530;+0200;0;AF_7307-AF_6124
TLS;1445;+0200;1930;+0200;0;AF_7311-AF_6138
TLS;1455;+0200;1950;+0200;0;AF_7771-AF_7788
TLS;0650;+0200;1150;+0200;0;KL_2046-KL_1303
TLS;0645;+0200;1200;+0200;0;AF_7303-AF_6114
TLS;0915;+0200;1430;+0200;0;AF_7305-AF_6166
TLS;1045;+0200;1600;+0200;0;AF_7307-AF_6126
TLS;1405;+0200;1920;+0200;0;AF_5781-AF_7842
TLS;1445;+0200;2000;+0200;0;AF_7311-AF_6140
TLS;0915;+0200;1435;+0200;0;AF_7305-AF_7794
TLS;0415;+0200;0940;+0200;0;LH_385-LH_1094
TLS;1105;+0200;1630;+0200;0;SN_3654-SN_3669
TLS;1100;+0200;1630;+0200;0;BD_5560-BD_5423
TLS;1100;+0200;1630;+0200;0;SN_3654-SN_3669
TLS;1115;+0200;1645;+0200;0;AF_7763-AF_6128
TLS;0725;+0200;1300;+0200;0;AF_7761-AF_6118
TLS;1455;+0200;2030;+0200;0;AF_7771-AF_6142
TLS;1405;+0200;1945;+0200;0;AF_5781-AF_7848
TLS;0915;+0200;1500;+0200;0;AF_7305-AF_6122
TLS;1045;+0200;1630;+0200;0;AF_7307-AF_6154
TLS;1200;+0200;1745;+0200;0;LH_391-LH_1098
TLS;1445;+0200;2030;+0200;0;AF_7311-AF_6142
TLS;0705;+0200;1200;+0200;0;AF_5472-AF_6259-AF_6114
TLS;0725;+0200;1220;+0200;0;AF_7761-AF_7720-AF_7861
TLS;1115;+0200;1610;+0200;0;AF_7763-AF_5721-AF_5742
TLS;1115;+0200;1615;+0200;0;AF_7763-AF_7644-AF_7850
TLS;1010;+0200;1530;+0200;0;AF_7894-AF_6215-AF_6124
TLS;1340;+0200;1900;+0200;0;AF_5360-AF_6267-AF_6136
TLS;1150;+0200;1715;+0200;0;AF_7893-AF_6217-AF_6156
TLS;1045;+0200;1615;+0200;0;AF_7307-AF_7414-AF_7850
TLS;0645;+0200;1220;+0200;0;AF_7303-AF_7382-AF_7861
TLS;0850;+0200;1430;+0200;0;AF_5770-AF_7383-AF_6166
TLS;1150;+0200;1730;+0200;0;AF_7893-AF_6217-AF_6130
TLS;0850;+0200;1435;+0200;0;AF_5770-AF_7725-AF_7794
NCE;1010;+0200;1130;+0200;0;AF_7894
NCE;1150;+0200;1310;+0200;0;AF_7893
NCE;2005;+0200;2125;+0200;0;AF_7896
NCE;2215;+0200;2335;+0200;0;AF_7899
NCE;1405;+0200;1635;+0200;0;AF_5781-AF_7839
NCE;0650;+0200;0925;+0200;0;AF_5785-AF_7833
NCE;0650;+0200;0940;+0200;0;AF_5785-AF_7830
NCE;0645;+0200;0950;+0200;0;AF_7303-AF_6204
NCE;0915;+0200;1220;+0200;0;AF_7305-AF_6210
NCE;1045;+0200;1350;+0200;0;AF_7307-AF_6244
NCE;1445;+0200;1750;+0200;0;AF_7311-AF_6222
NCE;1800;+0200;2105;+0200;0;AF_5783-AF_7834
NCE;1935;+0200;2250;+0200;0;AF_7319-AF_6246
NCE;0915;+0200;1250;+0200;0;AF_7305-AF_6234
NCE;1745;+0200;2120;+0200;0;AF_7315-AF_6230
NCE;0725;+0200;1105;+0200;0;AF_7761-AF_7702
NCE;1340;+0200;1720;+0200;0;AF_5360-AF_7874
NCE;1630;+0200;2010;+0200;0;AF_5354-AF_7884
NCE;1935;+0200;2320;+0200;0;AF_7319-AF_6242
NCE;1850;+0200;2245;+0200;0;AF_7767-AF_7712
NCE;0650;+0200;1050;+0200;0;AF_5482-AF_8443
NCE;0650;+0200;1050;+0200;0;KL_2046-KL_1261
NCE;0645;+0200;1050;+0200;0;AF_7303-AF_6206
NCE;0915;+0200;1320;+0200;0;AF_7305-AF_6212
NCE;1045;+0200;1450;+0200;0;AF_7307-AF_6216
NCE;1445;+0200;1850;+0200;0;AF_7311-AF_6226
NCE;1820;+0200;2225;+0200;0;AF_5486-AF_8275
NCE;1820;+0200;2225;+0200;0;KL_2044-KL_1273
NCE;1105;+0200;1520;+0200;0;SN_3654-SN_3621
NCE;1100;+0200;1520;+0200;0;SN_3654-SN_3621
NCE;1100;+0200;1520;+0200;0;BD_5560-BD_5445
NCE;1105;+0200;1535;+0200;0;SN_3654-SN_3621
NCE;0645;+0200;1120;+0200;0;AF_7303-AF_6200
NCE;0915;+0200;1350;+0200;0;AF_7305-AF_6244
NCE;1045;+0200;1520;+0200;0;AF_7307-AF_6228
NCE;1100;+0200;1535;+0200;0;SN_3654-SN_3621
NCE;1445;+0200;1920;+0200;0;AF_7311-AF_6236
NCE;1745;+0200;2220;+0200;0;AF_7315-AF_6232
NCE;0650;+0200;1140;+0200;0;KL_2046-KL_1263
NCE;0650;+0200;1140;+0200;0;AF_5482-AF_8271
NCE;1455;+0200;1945;+0200;0;AF_7771-AF_7708
NCE;1800;+0200;2255;+0200;0;AF_5783-AF_7829
NCE;0645;+0200;1150;+0200;0;AF_7303-AF_6208
NCE;1745;+0200;2250;+0200;0;AF_7315-AF_6246
NCE;1455;+0200;2010;+0200;0;AF_7771-AF_7708
NCE;0650;+0200;1045;+0200;0;AF_5785-AF_3212-AF_3256
NCE;0705;+0200;1220;+0200;0;AF_5472-AF_6259-AF_6210
NCE;1115;+0200;1635;+0200;0;AF_7763-AF_7644-AF_7839
NCE;0755;+0200;1320;+0200;0;AF_7869-AF_6109-AF_6212
NTE;0850;+0200;1015;+0200;0;AF_5770
NTE;1700;+0200;1825;+0200;0;AF_5768
NTE;2045;+0200;2210;+0200;0;AF_5772
NTE;1850;+0200;2130;+0200;0;AF_5356-AF_3146
NTE;1935;+0200;2225;+0200;0;AF_7319-AF_7388
NTE;0755;+0200;1050;+0200;0;AF_7869-AF_7860
NTE;0915;+0200;1225;+0200;0;AF_7305-AF_7384
NTE;1630;+0200;1940;+0200;0;AF_5354-AF_3144
NTE;0650;+0200;1005;+0200;0;AF_5785-AF_5861
NTE;0725;+0200;1040;+0200;0;AF_7761-AF_7720
NTE;1800;+0200;2125;+0200;0;AF_5783-AF_5869
NTE;0645;+0200;1030;+0200;0;AF_7303-AF_7382
NTE;0650;+0200;1045;+0200;0;KL_2046-KL_2033
NTE;0650;+0200;1045;+0200;0;AF_5482-AF_5365
NTE;1405;+0200;1800;+0200;0;AF_5781-AF_5865
NTE;1820;+0200;2215;+0200;0;KL_2044-KL_2035
NTE;1820;+0200;2215;+0200;0;AF_5486-AF_5369
NTE;1045;+0200;1445;+0200;0;AF_7307-AF_7386
NTE;0655;+0200;1110;+0200;0;AF_5462-AF_7690
NTE;1745;+0200;2225;+0200;0;AF_7315-AF_7388
NTE;1630;+0200;2130;+0200;0;AF_5354-AF_3146
NTE;0655;+0200;1225;+0200;0;AF_5462-AF_7610
NTE;0915;+0200;1445;+0200;0;AF_7305-AF_7386
NTE;0645;+0200;1225;+0200;0;AF_7303-AF_7384
NTE;1010;+0200;1600;+0200;0;KL_2042-KL_2049
NTE;1000;+0200;1600;+0200;0;AF_5484-AF_5367
NTE;1340;+0200;1940;+0200;0;AF_5360-AF_3207
NTE;1115;+0200;1720;+0200;0;AF_7763-AF_7730
NTE;1405;+0200;2010;+0200;0;AF_5781-AF_5867
NTE;0725;+0200;1340;+0200;0;AF_7761-AF_7724
NTE;0705;+0200;1325;+0200;0;AF_5472-AF_3203
NTE;1440;+0200;2110;+0200;0;AF_5466-AF_7612
NTE;1045;+0200;1720;+0200;0;AF_7307-AF_7730
NTE;1455;+0200;2145;+0200;0;AF_7771-AF_7728
NTE;0645;+0200;1340;+0200;0;AF_7303-AF_7724
NTE;1445;+0200;2145;+0200;0;AF_7311-AF_7728
NTE;0655;+0200;1400;+0200;0;AF_5462-AF_5766
NTE;0725;+0200;1445;+0200;0;AF_7761-AF_7386
NTE;1405;+0200;2125;+0200;0;AF_5781-AF_5869
NTE;1440;+0200;2210;+0200;0;AF_5466-AF_5764
NTE;1455;+0200;2225;+0200;0;AF_7771-AF_7388
NTE;0650;+0200;1050;+0200;0;AF_5785-AF_7840-AF_7860
NTE;0645;+0200;1050;+0200;0;AF_7303-AF_6108-AF_7860
NTE;0915;+0200;1325;+0200;0;AF_7305-AF_6258-AF_3203
NTE;1745;+0200;2205;+0200;0;AF_7315-AF_6142-AF_7862
NTE;1445;+0200;1940;+0200;0;AF_7311-AF_6266-AF_3207
NTE;1115;+0200;1630;+0200;0;AF_7763-AF_7644-AF_5863
NTE;0705;+0200;1225;+0200;0;AF_5472-AF_6259-AF_7384
NTE;1405;+0200;1940;+0200;0;AF_5781-AF_7806-AF_3207
NTE;1045;+0200;1630;+0200;0;AF_7307-AF_7414-AF_5863
NTE;0725;+0200;1325;+0200;0;AF_7761-AF_7622-AF_3203
NTE;1045;+0200;1645;+0200;0;AF_7307-AF_6020-AF_7610
NTE;1045;+0200;1645;+0200;0;AF_7307-AF_7436-AF_3264
NTE;0840;+0200;1445;+0200;0;AF_5540-AF_6117-AF_7386
NTE;1445;+0200;2110;+0200;0;AF_7311-AF_6032-AF_7612
NTE;1445;+0200;2110;+0200;0;AF_7311-AF_6034-AF_7612
NTE;1445;+0200;2115;+0200;0;AF_7311-AF_6226-AF_7890
NTE;1445;+0200;2115;+0200;0;AF_7311-AF_6222-AF_7890
NTE;0650;+0200;1325;+0200;0;AF_5785-AF_7802-AF_3203
NTE;0725;+0200;1400;+0200;0;AF_7761-AF_7662-AF_5766
NTE;1455;+0200;2130;+0200;0;AF_7771-AF_7788-AF_5652
NTE;0645;+0200;1325;+0200;0;AF_7303-AF_6256-AF_3203
NTE;0645;+0200;1325;+0200;0;AF_7303-AF_6258-AF_3203
NTE;0645;+0200;1325;+0200;0;AF_7303-AF_6254-AF_3203
NTE;1115;+0200;1800;+0200;0;AF_7763-AF_7644-AF_5865
NTE;1445;+0200;2130;+0200;0;AF_7311-AF_6138-AF_5652
NTE;1445;+0200;2130;+0200;0;AF_7311-AF_6140-AF_5652
NTE;1445;+0200;2130;+0200;0;AF_7311-AF_6146-AF_5652
NTE;1445;+0200;2130;+0200;0;AF_7311-AF_6132-AF_5652
NTE;1445;+0200;2130;+0200;0;AF_7311-AF_6130-AF_5652
NTE;1445;+0200;2130;+0200;0;AF_7311-AF_6136-AF_5652
NTE;1445;+0200;2130;+0200;0;AF_7311-AF_6134-AF_5652
NTE;0650;+0200;1340;+0200;0;KL_2046-KL_2003-KL_2310
NTE;0650;+0200;1340;+0200;0;AF_5785-AF_7653-AF_7724
NTE;0650;+0200;1340;+0200;0;AF_5482-AF_1241-AF_7724
NTE;0755;+0200;1445;+0200;0;AF_7869-AF_6109-AF_7386
NTE;0755;+0200;1445;+0200;0;AF_7869-AF_6113-AF_7386
NTE;0755;+0200;1445;+0200;0;AF_7869-AF_6117-AF_7386
NTE;1115;+0200;1805;+0200;0;AF_7763-AF_7664-AF_5762
NTE;1045;+0200;1745;+0200;0;AF_7307-AF_7548-AF_3273
NTE;1115;+0200;1815;+0200;0;AF_7763-AF_7794-AF_5650
NTE;1115;+0200;1815;+0200;0;AF_7763-AF_6128-AF_5650
NTE;1010;+0200;1720;+0200;0;KL_2042-KL_2009-KL_2312
NTE;1010;+0200;1720;+0200;0;KL_2042-KL_1233-KL_2312
NTE;1010;+0200;1720;+0200;0;AF_7894-AF_7703-AF_7730
NTE;1455;+0200;2205;+0200;0;AF_7771-AF_7686-AF_3275
NTE;1455;+0200;2205;+0200;0;AF_7771-AF_7788-AF_7862
NTE;1455;+0200;2205;+0200;0;AF_7771-AF_6142-AF_7862
NTE;0645;+0200;1400;+0200;0;AF_7303-AF_6012-AF_5766
NTE;0645;+0200;1400;+0200;0;AF_7303-AF_6010-AF_5766
NTE;0915;+0200;1630;+0200;0;AF_7305-AF_7644-AF_5863
NTE;0915;+0200;1630;+0200;0;AF_7305-AF_7414-AF_5863
NTE;1045;+0200;1800;+0200;0;AF_7307-AF_7414-AF_5865
NTE;1000;+0200;1720;+0200;0;AF_5484-AF_1641-AF_7730
NTE;1000;+0200;1720;+0200;0;AF_5484-AF_8233-AF_7730
NTE;1045;+0200;1805;+0200;0;AF_7307-AF_6020-AF_5762
NTE;1445;+0200;2205;+0200;0;AF_7311-AF_7552-AF_3275
NTE;1445;+0200;2205;+0200;0;AF_7311-AF_6142-AF_7862
NTE;1445;+0200;2205;+0200;0;AF_7311-AF_6130-AF_7862
NTE;1445;+0200;2205;+0200;0;AF_7311-AF_6138-AF_7862
NTE;1445;+0200;2205;+0200;0;AF_7311-AF_7544-AF_3275
NTE;1445;+0200;2205;+0200;0;AF_7311-AF_6146-AF_7862
NTE;1445;+0200;2205;+0200;0;AF_7311-AF_6132-AF_7862
NTE;1445;+0200;2205;+0200;0;AF_7311-AF_6140-AF_7862
NTE;1445;+0200;2205;+0200;0;AF_7311-AF_6136-AF_7862
NTE;1445;+0200;2205;+0200;0;AF_7311-AF_6134-AF_7862
NTE;1455;+0200;2215;+0200;0;AF_7771-AF_2240-AF_5369
NTE;1405;+0200;2130;+0200;0;AF_5781-AF_7842-AF_5652
NTE;1405;+0200;2130;+0200;0;AF_5781-AF_7848-AF_5652
NTE;1445;+0200;2210;+0200;0;AF_7311-AF_6032-AF_5764
NTE;1445;+0200;2210;+0200;0;AF_7311-AF_6036-AF_5764
NTE;1445;+0200;2210;+0200;0;AF_7311-AF_6034-AF_5764
NTE;1445;+0200;2210;+0200;0;AF_7311-AF_6038-AF_5764
NTE;0915;+0200;1645;+0200;0;AF_7305-AF_6020-AF_7610
NTE;0915;+0200;1645;+0200;0;AF_7305-AF_7436-AF_3264
NTE;1045;+0200;1815;+0200;0;AF_7307-AF_6166-AF_5650
NTE;1045;+0200;1815;+0200;0;AF_7307-AF_6124-AF_5650
NTE;1045;+0200;1815;+0200;0;AF_7307-AF_6122-AF_5650
NTE;1045;+0200;1815;+0200;0;AF_7307-AF_6126-AF_5650
NTE;1045;+0200;1815;+0200;0;AF_7307-AF_6154-AF_5650
NTE;1045;+0200;1815;+0200;0;AF_7307-AF_6128-AF_5650
LYS;0650;+0200;0745;+0200;0;AF_5785
LYS;1405;+0200;1505;+0200;0;AF_5781
LYS;1800;+0200;1900;+0200;0;AF_5783
LYS;1630;+0200;1915;+0200;0;AF_5354-AF_7814
LYS;0645;+0200;0940;+0200;0;AF_7303-AF_7400
LYS;1150;+0200;1450;+0200;0;AF_7893-AF_7837
LYS;1150;+0200;1450;+0200;0;AF_7893-AF_7836
LYS;1825;+0200;2130;+0200;0;AF_5478-AF_7809
LYS;1835;+0200;2140;+0200;0;SN_3662-SN_3593
LYS;1115;+0200;1425;+0200;0;AF_7763-AF_7644
LYS;0725;+0200;1045;+0200;0;AF_7761-AF_7652
LYS;1045;+0200;1405;+0200;0;AF_7307-AF_7414
LYS;1820;+0200;2210;+0200;0;AF_5486-AF_1357
LYS;1820;+0200;2210;+0200;0;KL_2044-KL_2029
LYS;1850;+0200;2240;+0200;0;AF_7767-AF_7650
LYS;1340;+0200;1745;+0200;0;AF_5360-AF_7811
LYS;1440;+0200;1855;+0200;0;AF_5466-AF_7827
LYS;0650;+0200;1120;+0200;0;AF_5482-AF_1157
LYS;0650;+0200;1120;+0200;0;KL_2046-KL_2025
LYS;1010;+0200;1450;+0200;0;AF_7894-AF_7837
LYS;1010;+0200;1450;+0200;0;AF_7894-AF_7836
LYS;0915;+0200;1405;+0200;0;AF_7305-AF_7414
LYS;1700;+0200;2200;+0200;0;AF_5768-AF_5868
LYS;1105;+0200;1610;+0200;0;SN_3654-SN_3589
LYS;0915;+0200;1425;+0200;0;AF_7305-AF_7644
LYS;1100;+0200;1610;+0200;0;BD_5560-BD_5369
LYS;1100;+0200;1610;+0200;0;SN_3654-SN_3589
LYS;1445;+0200;2000;+0200;0;AF_7311-AF_7416
LYS;1455;+0200;2010;+0200;0;AF_7771-AF_7648
LYS;1700;+0200;2220;+0200;0;LH_395-LH_1082
LYS;0850;+0200;1415;+0200;0;AF_5770-AF_5862
LYS;1445;+0200;2010;+0200;0;AF_7311-AF_7648
LYS;1340;+0200;1910;+0200;0;AF_5360-AF_7807
LYS;0415;+0200;0950;+0200;0;LH_385-LH_1074
LYS;1010;+0200;1550;+0200;0;KL_2042-KL_2031
LYS;1745;+0200;2150;+0200;0;AF_7315-AF_6142-AF_7845
LYS;1445;+0200;1920;+0200;0;AF_7311-AF_6130-AF_7851
LYS;1445;+0200;1920;+0200;0;AF_7311-AF_6132-AF_7851
LYS;0915;+0200;1415;+0200;0;AF_7305-AF_7384-AF_5862
LYS;0915;+0200;1430;+0200;0;AF_7305-AF_6258-AF_7805
LYS;0840;+0200;1405;+0200;0;AF_5540-AF_6117-AF_7414
LYS;0915;+0200;1445;+0200;0;AF_7305-AF_6118-AF_7849
LYS;0915;+0200;1445;+0200;0;AF_7305-AF_6114-AF_7849
LYS;0915;+0200;1445;+0200;0;AF_7305-AF_7546-AF_5802
LYS;0850;+0200;1425;+0200;0;AF_5770-AF_7725-AF_7644
LYS;0915;+0200;1450;+0200;0;AF_7305-AF_6210-AF_7836
LYS;0915;+0200;1450;+0200;0;AF_7305-AF_6234-AF_7837
LYS;0915;+0200;1450;+0200;0;AF_7305-AF_6234-AF_7836
LYS;0915;+0200;1450;+0200;0;AF_7305-AF_6210-AF_7837
LYS;0840;+0200;1425;+0200;0;AF_5540-AF_7795-AF_7644
BCN;1405;+0200;1655;+0200;0;AF_5781-AF_5898
BCN;0650;+0200;0955;+0200;0;AF_5785-AF_5906
BCN;0705;+0200;1015;+0200;0;AF_5472-AF_3202
BCN;1800;+0200;2125;+0200;0;AF_5783-AF_5894
BCN;1105;+0200;1440;+0200;0;SN_3654-SN_3703
BCN;1100;+0200;1440;+0200;0;SN_3654-SN_3703
BCN;1100;+0200;1440;+0200;0;BD_5560-BD_5303
BCN;0725;+0200;1115;+0200;0;AF_7761-AF_1348
BCN;1445;+0200;1835;+0200;0;AF_7311-AF_1330
BCN;1820;+0200;2245;+0200;0;KL_2044-KL_1681
BCN;0915;+0200;1345;+0200;0;AF_7305-AF_1230
BCN;1835;+0200;2305;+0200;0;SN_3662-SN_3707
BCN;1455;+0200;1930;+0200;0;AF_7771-AF_2048
BCN;1010;+0200;1505;+0200;0;KL_2042-KL_1673
BCN;1105;+0200;1610;+0200;0;SN_3654-SN_3703
BCN;1100;+0200;1610;+0200;0;SN_3654-SN_3703
BCN;0650;+0200;1215;+0200;0;KL_2046-KL_1671
BCN;1805;+0200;2340;+0200;0;IB_8659-IB_2728
BCN;0415;+0200;0955;+0200;0;LH_385-LH_1124
BCN;1455;+0200;2045;+0200;0;AF_7771-AF_2148
BCN;1445;+0200;2045;+0200;0;AF_7311-AF_2148
BCN;1200;+0200;1805;+0200;0;LH_391-LH_1132
BCN;1700;+0200;2305;+0200;0;LH_395-LH_1138
BCN;1115;+0200;1725;+0200;0;AF_7763-AF_1948
BCN;0725;+0200;1345;+0200;0;AF_7761-AF_1230
BCN;1045;+0200;1725;+0200;0;AF_7307-AF_1948
BCN;1010;+0200;1705;+0200;0;KL_2042-KL_1675
BCN;0645;+0200;1345;+0200;0;AF_7303-AF_1230
BCN;0815;+0200;1515;+0200;0;LH_389-LH_1128
BCN;1455;+0200;2200;+0200;0;AF_7771-AF_2348
BCN;0725;+0200;1435;+0200;0;AF_7761-AF_1648
BCN;1445;+0200;2200;+0200;0;AF_7311-AF_2348
BCN;1115;+0200;1655;+0200;0;AF_7763-AF_7644-AF_5898
BCN;1045;+0200;1630;+0200;0;AF_7307-AF_6260-AF_3206
BCN;1045;+0200;1655;+0200;0;AF_7307-AF_7414-AF_5898
BCN;1405;+0200;2045;+0200;0;AF_5781-AF_7645-AF_2148
BCN;1150;+0200;1835;+0200;0;AF_7893-AF_6217-AF_1330
BCN;1150;+0200;1835;+0200;0;AF_7893-AF_6245-AF_1330
BCN;0915;+0200;1630;+0200;0;AF_7305-AF_6258-AF_3206
BCN;0915;+0200;1630;+0200;0;AF_7305-AF_7384-AF_3206-AF_3206
BCN;0915;+0200;1630;+0200;0;AF_7305-AF_6260-AF_3206
MAD;1805;+0200;2025;+0200;0;IB_8659
MAD;1445;+0200;1835;+0200;0;AF_7311-AF_1630
MAD;1835;+0200;2245;+0200;0;SN_3662-SN_3731
MAD;0725;+0200;1140;+0200;0;AF_7761-AF_1300
MAD;0915;+0200;1340;+0200;0;AF_7305-AF_1430
MAD;0915;+0200;1400;+0200;0;OK_741-OK_700
MAD;1820;+0200;2310;+0200;0;KL_2044-KL_1707
MAD;1115;+0200;1610;+0200;0;AF_7763-AF_1700
MAD;1745;+0200;2240;+0200;0;AF_7315-AF_1730
MAD;1010;+0200;1515;+0200;0;KL_2042-KL_1703
MAD;0650;+0200;1205;+0200;0;KL_2046-KL_1701
MAD;1455;+0200;2020;+0200;0;AF_7771-AF_2000
MAD;1105;+0200;1650;+0200;0;SN_3654-SN_3727
MAD;1100;+0200;1650;+0200;0;SN_3654-SN_3727
MAD;1100;+0200;1650;+0200;0;BD_5560-BD_5313
MAD;0645;+0200;1240;+0200;0;AF_7303-AF_1530
MAD;0725;+0200;1340;+0200;0;AF_7761-AF_1430
MAD;1115;+0200;1730;+0200;0;AF_7763-AF_1800
MAD;1045;+0200;1730;+0200;0;AF_7307-AF_1800
MAD;1455;+0200;2145;+0200;0;AF_7771-AF_2100
MAD;1700;+0200;2350;+0200;0;LH_395-LH_1120
MAD;0645;+0200;1340;+0200;0;AF_7303-AF_1430
MAD;0915;+0200;1610;+0200;0;AF_7305-AF_1700
MAD;1445;+0200;2145;+0200;0;AF_7311-AF_2100
MAD;0725;+0200;1440;+0200;0;AF_7761-AF_1600
MAD;1010;+0200;1730;+0200;0;KL_2042-KL_1705
MAD;1115;+0200;1835;+0200;0;AF_7763-AF_1630
MAD;0415;+0200;1140;+0200;0;LH_385-LH_1112
MAD;1115;+0200;1845;+0200;0;AF_7763-AF_1900
MAD;0705;+0200;1340;+0200;0;AF_5472-AF_6259-AF_1430
MAD;1340;+0200;2020;+0200;0;AF_5360-AF_7629-AF_2000
MAD;1150;+0200;1835;+0200;0;AF_7893-AF_6217-AF_1630
MAD;1150;+0200;1835;+0200;0;AF_7893-AF_6245-AF_1630
LON;1940;+0200;2135;+0100;0;SN_3662-SN_2103
LON;1940;+0200;2135;+0100;0;BD_5562-BD_5437
LON;1745;+0200;2000;+0100;0;AF_7315-AF_5028
LON;0645;+0200;0905;+0100;0;AF_7303-AF_5020
LON;1045;+0200;1310;+0100;0;AF_7307-AF_5022
LON;1115;+0200;1345;+0100;0;AF_7763-AF_2280
LON;1820;+0200;2050;+0100;0;KL_2044-KL_1033
LON;0850;+0200;1135;+0100;0;AF_5770-AF_5206
LON;0725;+0200;1025;+0100;0;AF_7761-AF_1980
LON;1835;+0200;2135;+0100;0;SN_3662-SN_2103
LON;0725;+0200;1030;+0100;0;AF_7761-AF_1980
LON;1445;+0200;1750;+0100;0;AF_7311-AF_5024
LON;1455;+0200;1815;+0100;0;AF_7771-AF_1080
LON;1455;+0200;1825;+0100;0;AF_7771-AF_1080
LON;1010;+0200;1350;+0100;0;KL_2042-KL_1017
LON;0650;+0200;1045;+0100;0;KL_2046-KL_1009
LON;0915;+0200;1310;+0100;0;AF_7305-AF_5022
LON;1445;+0200;1850;+0100;0;AF_7311-AF_5026
LON;0650;+0200;1105;+0100;0;AF_5482-AF_5186
LON;0415;+0200;0835;+0100;0;LH_385-LH_928
LON;1200;+0200;1620;+0100;0;LH_391-LH_934
LON;0615;+0200;1040;+0100;0;LH_387-LH_904
LON;1415;+0200;1840;+0100;0;LH_393-LH_936
LON;1455;+0200;1920;+0100;0;AF_7771-AF_1180
LON;0915;+0200;1345;+0100;0;AF_7305-AF_2280
LON;1415;+0200;1850;+0100;0;LH_393-LH_918
LON;1445;+0200;1920;+0100;0;AF_7311-AF_1180
LON;0415;+0200;0900;+0100;0;LH_385-LH_902
LON;1200;+0200;1650;+0100;0;LH_391-LH_898
LON;0415;+0200;0910;+0100;0;LH_385-LH_896
LON;1200;+0200;1655;+0100;0;LH_391-LH_914
PRG;0915;+0200;1040;+0200;0;OK_741
PRG;1905;+0200;2030;+0200;0;OK_743
PRG;1940;+0200;2235;+0200;0;SN_3662-SN_2815
PRG;1115;+0200;1445;+0200;0;AF_7763-AF_1982
PRG;0650;+0200;1040;+0200;0;AF_5785-AF_5901
PRG;1835;+0200;2230;+0200;0;SN_3662-SN_2815
PRG;0650;+0200;1050;+0200;0;KL_2046-KL_3121
PRG;1835;+0200;2235;+0200;0;SN_3662-SN_2815
PRG;0840;+0200;1255;+0200;0;AF_5540-AF_4346
PRG;0415;+0200;0910;+0200;0;LH_385-LH_1392
PRG;1455;+0200;1950;+0200;0;AF_7771-AF_2482
PRG;0755;+0200;1255;+0200;0;AF_7869-AF_4346
PRG;0725;+0200;1240;+0200;0;AF_7761-AF_1782
PRG;1200;+0200;1725;+0200;0;LH_391-LH_1398
PRG;0615;+0200;1145;+0200;0;LH_387-LH_1394
PRG;1105;+0200;1640;+0200;0;SN_3654-SN_2811
PRG;1100;+0200;1640;+0200;0;SN_3654-SN_2811
PRG;1100;+0200;1640;+0200;0;BD_5560-BD_5481
PRG;0645;+0200;1240;+0200;0;AF_7303-AF_1782
PRG;1700;+0200;2315;+0200;0;LH_395-LH_1402
PRG;1105;+0200;1725;+0200;0;SN_3654-SN_2811
PRG;0650;+0200;1315;+0200;0;KL_2046-KL_1355
PRG;1100;+0200;1725;+0200;0;SN_3654-SN_2811
PRG;1455;+0200;2130;+0200;0;AF_7771-AF_2386
PRG;0615;+0200;1255;+0200;0;LH_387-LH_1396
PRG;1200;+0200;1845;+0200;0;LH_391-LH_1400
PRG;1445;+0200;2130;+0200;0;AF_7311-AF_2386
PRG;1455;+0200;2140;+0200;0;AF_7771-AF_1082
PRG;1445;+0200;2140;+0200;0;AF_7311-AF_1082
PRG;0725;+0200;1425;+0200;0;AF_7761-AF_1982
PRG;1115;+0200;1655;+0200;0;AF_7763-AF_7644-AF_5903
PRG;0645;+0200;1255;+0200;0;AF_7303-AF_6108-AF_4346
PRG;0645;+0200;1255;+0200;0;AF_7303-AF_6110-AF_4346
PRG;1045;+0200;1655;+0200;0;AF_7307-AF_7414-AF_5903
PRG;1340;+0200;1950;+0200;0;AF_5360-AF_7629-AF_2482
ROM;0650;+0200;1015;+0200;0;AF_5785-AF_5823
ROM;0755;+0200;1155;+0200;0;AF_7869-AF_4342
ROM;1820;+0200;2230;+0200;0;KL_2044-KL_1609
ROM;1835;+0200;2250;+0200;0;SN_3662-SN_3187
ROM;0755;+0200;1215;+0200;0;AF_7869-AF_3248
ROM;0725;+0200;1150;+0200;0;AF_7761-AF_1504
ROM;0915;+0200;1340;+0200;0;OK_741-OK_724
ROM;1105;+0200;1550;+0200;0;SN_3654-SN_3181
ROM;0725;+0200;1215;+0200;0;AF_7761-AF_9832
ROM;1100;+0200;1550;+0200;0;SN_3654-SN_3181
ROM;1105;+0200;1555;+0200;0;SN_3654-SN_3181
ROM;1455;+0200;1945;+0200;0;AF_7771-AF_9838
ROM;1100;+0200;1555;+0200;0;SN_3654-SN_3181
ROM;1100;+0200;1555;+0200;0;BD_5560-BD_5353
ROM;1115;+0200;1610;+0200;0;AF_7763-AF_1904
ROM;1010;+0200;1510;+0200;0;KL_2042-KL_3401
ROM;0650;+0200;1155;+0200;0;KL_2046-KL_1601
ROM;0705;+0200;1215;+0200;0;AF_5472-AF_3128
ROM;1200;+0200;1735;+0200;0;LH_391-LH_236
ROM;1455;+0200;2040;+0200;0;AF_7771-AF_9840
ROM;1455;+0200;2040;+0200;0;AZ_2973-AZ_327
ROM;0815;+0200;1405;+0200;0;LH_389-LH_234
ROM;1440;+0200;2045;+0200;0;AF_5466-AF_4330
ROM;0615;+0200;1230;+0200;0;LH_387-LH_232
ROM;1010;+0200;1625;+0200;0;KL_2042-KL_1603
ROM;1115;+0200;1730;+0200;0;AZ_2969-AZ_7307
ROM;1115;+0200;1730;+0200;0;AF_7763-AF_2104
ROM;1200;+0200;1830;+0200;0;LH_391-LH_238
ROM;1045;+0200;1730;+0200;0;AF_7307-AF_2104
ROM;1455;+0200;2140;+0200;0;AF_7771-AF_2304
ROM;1455;+0200;2140;+0200;0;AZ_2973-AZ_7311
ROM;0915;+0200;1610;+0200;0;AF_7305-AF_1904
ROM;1445;+0200;2140;+0200;0;AF_7311-AF_2304
ROM;1700;+0200;2355;+0200;0;LH_395-LH_242
ROM;0725;+0200;1440;+0200;0;AZ_2967-AZ_333
ROM;0725;+0200;1440;+0200;0;AF_7761-AF_9846
ROM;1455;+0200;2220;+0200;0;AF_7771-AF_9842
ROM;1455;+0200;2220;+0200;0;AZ_2973-AZ_329
ROM;1115;+0200;1845;+0200;0;AZ_2969-AZ_7305
ROM;1115;+0200;1845;+0200;0;AF_7763-AF_2204
ROM;1115;+0200;1850;+0200;0;AF_7763-AF_2204
ROM;1445;+0200;2220;+0200;0;AF_7311-AF_9842
ROM;0615;+0200;1405;+0200;0;LH_387-LH_234
ROM;0645;+0200;1440;+0200;0;AF_7303-AF_9846
ROM;1045;+0200;1845;+0200;0;AF_7307-AF_2204
ROM;0645;+0200;1155;+0200;0;AF_7303-AF_6108-AF_4342
ROM;1445;+0200;2000;+0200;0;AF_7311-AF_6130-AF_9890
ROM;0645;+0200;1215;+0200;0;AF_7303-AF_6108-AF_3248
ROM;0645;+0200;1215;+0200;0;AF_7303-AF_6110-AF_3248
ROM;0645;+0200;1215;+0200;0;AF_7303-AF_6254-AF_3128
ROM;0650;+0200;1220;+0200;0;AF_5785-AF_7833-AF_9884
ROM;0650;+0200;1220;+0200;0;AF_5785-AF_7830-AF_9884
ROM;0645;+0200;1220;+0200;0;AF_7303-AF_6204-AF_9884
ROM;1115;+0200;1650;+0200;0;AF_7763-AF_7644-AF_5821
ROM;0650;+0200;1230;+0200;0;AZ_2571-AZ_7829-AZ_1019
ROM;1445;+0200;2030;+0200;0;AF_7311-AF_6222-AF_9886
ROM;1445;+0200;2045;+0200;0;AF_7311-AF_6032-AF_4330
ROM;1045;+0200;1650;+0200;0;AF_7307-AF_7414-AF_5821
ROM;1405;+0200;2030;+0200;0;AF_5781-AF_7839-AF_9886
ROM;1405;+0200;2040;+0200;0;AZ_2575-AZ_7831-AZ_1023
ROM;1455;+0200;2140;+0200;0;AZ_2973-AZ_7299-AZ_2121
ROM;0615;+0200;1305;+0200;0;LH_387-LH_106-LH_1844
ROM;1405;+0200;2110;+0200;0;AZ_2575-AZ_7831-AZ_2075
ROM;0650;+0200;1410;+0200;0;AZ_2571-AZ_7829-AZ_2055
ROM;0915;+0200;1650;+0200;0;AF_7305-AF_7644-AF_5821
ROM;0915;+0200;1650;+0200;0;AF_7305-AF_7414-AF_5821
ROM;1405;+0200;2140;+0200;0;AZ_2575-AZ_7831-AZ_2121
ROM;1455;+0200;2240;+0200;0;AZ_2973-AZ_7299-AZ_2077
ROM;1115;+0200;1910;+0200;0;AZ_2969-AZ_7907-AZ_2097
ROM;1115;+0200;1915;+0200;0;AZ_2969-AZ_7823-AZ_1390
LIS;1340;+0200;1510;+0100;0;AF_5360
LIS;1540;+0200;1630;+0100;0;AF_5360
LIS;1115;+0200;1450;+0100;0;AF_7763-AF_1624
LIS;1010;+0200;1435;+0100;0;KL_2042-KL_1693
LIS;1820;+0200;2250;+0100;0;KL_2044-KL_1697
LIS;1805;+0200;2255;+0100;0;IB_8659-IB_3118
LIS;0915;+0200;1450;+0100;0;AF_7305-AF_1624
LIS;1115;+0200;1735;+0100;0;AF_7763-AF_1924
LIS;1700;+0200;2340;+0100;0;LH_395-LH_1172
LIS;1045;+0200;1735;+0100;0;AF_7307-AF_1924
LIS;1455;+0200;2150;+0100;0;AF_7771-AF_2324
LIS;0415;+0200;1115;+0100;0;LH_385-LH_1166
LIS;1415;+0200;2120;+0100;0;LH_393-LH_6956
LIS;1445;+0200;2150;+0100;0;AF_7311-AF_2324
LIS;0815;+0200;1530;+0100;0;LH_389-LH_6994
LIS;0725;+0200;1450;+0100;0;AF_7761-AF_1624
LIS;0815;+0200;1555;+0100;0;LH_389-LH_1168
LIS;0650;+0200;1435;+0100;0;KL_2046-KL_1693
LIS;1105;+0200;1905;+0100;0;SN_3654-SN_6409
LIS;1105;+0200;1905;+0100;0;SN_3654-SN_3819
LIS;0645;+0200;1450;+0100;0;AF_7303-AF_1624
LIS;1100;+0200;1905;+0100;0;SN_3654-SN_6409
LIS;1100;+0200;1905;+0100;0;BD_5560-BD_5567
LIS;1100;+0200;1905;+0100;0;SN_3654-SN_3819
LIS;0915;+0200;1735;+0100;0;AF_7305-AF_1924
LIS;1045;+0200;1630;+0100;0;AF_7307-AF_6276-AF_5360
LIS;1045;+0200;1630;+0100;0;AF_7307-AF_6260-AF_5360
LIS;0915;+0200;1630;+0100;0;AF_7305-AF_6276-AF_5360
LIS;0915;+0200;1630;+0100;0;AF_7305-AF_6258-AF_5360
LIS;0915;+0200;1630;+0100;0;AF_7305-AF_6260-AF_5360
LIS;1010;+0200;1735;+0100;0;AF_7894-AF_7703-AF_1924
LIS;1405;+0200;2150;+0100;0;AF_5781-AF_7645-AF_2324
LIS;0655;+0200;1450;+0100;0;AF_5462-AF_7663-AF_1624
LIS;0650;+0200;1450;+0100;0;AF_5785-AF_7653-AF_1624
LIS;0650;+0200;1450;+0100;0;AF_5785-AF_7641-AF_1624
AMS;0650;+0200;0805;+0200;0;KL_2046
AMS;0650;+0200;0805;+0200;0;AF_5482
AMS;1000;+0200;1115;+0200;0;AF_5484
AMS;1010;+0200;1125;+0200;0;KL_2042
AMS;1820;+0200;1935;+0200;0;KL_2044
AMS;1820;+0200;1935;+0200;0;AF_5486
AMS;0725;+0200;1100;+0200;0;AF_7761-AF_8228
AMS;0725;+0200;1140;+0200;0;AF_7761-AF_8230
AMS;1010;+0200;1440;+0200;0;AF_7894-AF_8272
AMS;1115;+0200;1555;+0200;0;AF_7763-AF_8234
AMS;1455;+0200;1940;+0200;0;AF_7771-AF_2240
AMS;1340;+0200;1835;+0200;0;AF_5360-AF_8340
AMS;1440;+0200;1945;+0200;0;AF_5466-AF_8282
AMS;1415;+0200;1930;+0200;0;LH_393-LH_998
AMS;1700;+0200;2215;+0200;0;LH_395-LH_1002
AMS;1405;+0200;1930;+0200;0;AF_5781-AF_1356
AMS;1455;+0200;2020;+0200;0;AF_7771-AF_8240
AMS;0725;+0200;1255;+0200;0;AF_7761-AF_1640
AMS;1445;+0200;2020;+0200;0;AF_7311-AF_8240
AMS;1200;+0200;1750;+0200;0;LH_391-LH_996
AMS;0415;+0200;1010;+0200;0;LH_385-LH_988
AMS;0815;+0200;1415;+0200;0;LH_389-LH_992
AMS;0645;+0200;1255;+0200;0;AF_7303-AF_1640
AMS;0615;+0200;1235;+0200;0;LH_387-LH_990
AMS;0915;+0200;1535;+0200;0;OK_741-OK_4628
AMS;1115;+0200;1735;+0200;0;AF_7763-AF_2040
AMS;0915;+0200;1545;+0200;0;OK_741-OK_622
AMS;0725;+0200;1400;+0200;0;AF_7761-AF_1740
AMS;0915;+0200;1555;+0200;0;AF_7305-AF_8234
AMS;0650;+0200;1335;+0200;0;AF_5785-AF_1256
AMS;1455;+0200;2140;+0200;0;AF_7771-AF_8242
AMS;0915;+0200;1425;+0200;0;AF_7305-AF_6258-AF_8302
AMS;0650;+0200;1255;+0200;0;AF_5785-AF_7653-AF_1640
AMS;0725;+0200;1335;+0200;0;AF_7761-AF_7652-AF_1256
AMS;1405;+0200;2020;+0200;0;AF_5781-AF_7645-AF_8240
AMS;1445;+0200;2105;+0200;0;AF_7311-AF_6222-AF_8444
AMS;1445;+0200;2105;+0200;0;AF_7311-AF_5024-AF_5197
AMS;0915;+0200;1555;+0200;0;AF_7305-AF_6118-AF_8262
AMS;0915;+0200;1555;+0200;0;AF_7305-AF_6114-AF_8262
BRU;1100;+0200;1155;+0200;0;SN_3654
BRU;1105;+0200;1200;+0200;0;SN_3654
BRU;1835;+0200;1930;+0200;0;SN_3662
BRU;1940;+0200;2035;+0200;0;SN_3662
BRU;0650;+0200;0940;+0200;0;AF_5785-AF_5402
BRU;1405;+0200;1715;+0200;0;AF_5781-AF_5404
BRU;1800;+0200;2110;+0200;0;AF_5783-AF_5406
BRU;1820;+0200;2205;+0200;0;KL_2044-KL_1733
BRU;1010;+0200;1400;+0200;0;KL_2042-KL_1725
BRU;1455;+0200;1845;+0200;0;AF_7771-AF_7185
BRU;0650;+0200;1045;+0200;0;KL_2046-KL_1723
BRU;0840;+0200;1235;+0200;0;AF_5540-AF_4344
BRU;0725;+0200;1155;+0200;0;AF_7761-AF_7179
BRU;0755;+0200;1235;+0200;0;AF_7869-AF_4344
BRU;1200;+0200;1645;+0200;0;LH_391-LH_1014
BRU;1700;+0200;2215;+0200;0;LH_395-LH_1024
BRU;1200;+0200;1740;+0200;0;LH_391-LH_1016
BRU;0815;+0200;1400;+0200;0;LH_389-LH_1012
BRU;1455;+0200;2043;+0200;0;AF_7771-AF_7187
BRU;1415;+0200;2005;+0200;0;LH_393-LH_1020
BRU;1445;+0200;2043;+0200;0;AF_7311-AF_7187
BRU;0415;+0200;1020;+0200;0;LH_385-LH_1008
BRU;0615;+0200;1245;+0200;0;LH_387-LH_1010
BRU;1200;+0200;1835;+0200;0;LH_391-LH_1018
BRU;0725;+0200;1423;+0200;0;AF_7761-AF_7183
BRU;0645;+0200;1235;+0200;0;AF_7303-AF_6108-AF_4344
BRU;0645;+0200;1235;+0200;0;AF_7303-AF_6110-AF_4344
BRU;1115;+0200;1715;+0200;0;AF_7763-AF_7644-AF_5404
BRU;1045;+0200;1715;+0200;0;AF_7307-AF_7414-AF_5404
BER;1010;+0200;1340;+0200;0;KL_2042-KL_1825
BER;1820;+0200;2150;+0200;0;KL_2044-KL_1835
BER;1835;+0200;2225;+0200;0;SN_3662-SN_2591
BER;0755;+0200;1210;+0200;0;AF_7869-AF_4356
BER;0650;+0200;1120;+0200;0;KL_2046-KL_1823
BER;0725;+0200;1200;+0200;0;AF_7761-AF_1734
BER;1700;+0200;2150;+0200;0;LH_395-LH_198
BER;0415;+0200;0910;+0200;0;LH_385-LH_174
BER;1700;+0200;2155;+0200;0;LH_395-LH_198
BER;0615;+0200;1120;+0200;0;LH_387-LH_178
BER;1415;+0200;1935;+0200;0;LH_393-LH_194
BER;1105;+0200;1630;+0200;0;SN_3654-SN_2585
BER;1415;+0200;1940;+0200;0;LH_393-LH_194
BER;1100;+0200;1630;+0200;0;SN_3654-SN_2585
BER;1100;+0200;1630;+0200;0;BD_5560-BD_5325
BER;1200;+0200;1730;+0200;0;LH_391-LH_188
BER;1455;+0200;2025;+0200;0;AF_7771-AF_2534
BER;1445;+0200;2025;+0200;0;AF_7311-AF_2534
BER;0415;+0200;1005;+0200;0;LH_385-LH_176
BER;0815;+0200;1405;+0200;0;LH_389-LH_182
BER;1700;+0200;2250;+0200;0;LH_395-LH_200
BER;1115;+0200;1720;+0200;0;AF_7763-AF_2334
BER;1010;+0200;1630;+0200;0;KL_2042-KL_1829
BER;1200;+0200;1820;+0200;0;LH_391-LH_190
BER;0615;+0200;1240;+0200;0;LH_387-LH_180
BER;1415;+0200;2045;+0200;0;LH_393-LH_196
BER;1045;+0200;1720;+0200;0;AF_7307-AF_2334
BER;0650;+0200;1340;+0200;0;KL_2046-KL_1825
BER;1200;+0200;1900;+0200;0;LH_391-LH_192
BER;0415;+0200;1120;+0200;0;LH_385-LH_178
BER;0815;+0200;1520;+0200;0;LH_389-LH_184
BER;0725;+0200;1435;+0200;0;AF_7761-AF_2034
BER;1105;+0200;1820;+0200;0;SN_3654-SN_2587
BER;1100;+0200;1820;+0200;0;SN_3654-SN_2587
BER;1100;+0200;1820;+0200;0;BD_5560-BD_5327
BER;1105;+0200;1830;+0200;0;SN_3654-SN_2587
BER;1100;+0200;1830;+0200;0;SN_3654-SN_2587
BER;1200;+0200;1935;+0200;0;LH_391-LH_194
BER;1415;+0200;2150;+0200;0;LH_393-LH_198
BER;1200;+0200;1940;+0200;0;LH_391-LH_194
BER;1415;+0200;2155;+0200;0;LH_393-LH_198
BER;0615;+0200;1405;+0200;0;LH_387-LH_182
BER;0645;+0200;1435;+0200;0;AF_7303-AF_2034
BER;1200;+0200;1830;+0200;0;LH_391-LH_146-LH_2905
BER;1415;+0200;2050;+0200;0;LH_393-LH_148-LH_2907
BER;0615;+0200;1300;+0200;0;LH_387-LH_76-LH_2734
BER;0415;+0200;1115;+0200;0;LH_385-LH_126-LH_2844
BER;0615;+0200;1335;+0200;0;LH_387-LH_76-LH_2736
BER;0815;+0200;1540;+0200;0;LH_389-LH_108-LH_2040
BER;1415;+0200;2155;+0200;0;LH_393-LH_120-LH_2054
BER;1415;+0200;2155;+0200;0;LH_393-LH_118-LH_2054
BER;1415;+0200;2205;+0200;0;LH_393-LH_1198-LH_5835
BER;1415;+0200;2205;+0200;0;LH_393-LH_5776-LH_5835
BER;0415;+0200;1210;+0200;0;LH_385-LH_104-LH_2036
BER;0415;+0200;1210;+0200;0;LH_385-LH_102-LH_2036
BER;0615;+0200;1410;+0200;0;LH_387-LH_5772-LH_5839
BER;1200;+0200;1955;+0200;0;LH_391-LH_114-LH_2050
BER;1200;+0200;1955;+0200;0;LH_391-LH_116-LH_2050
BER;0615;+0200;1415;+0200;0;LH_387-LH_106-LH_2038
VCE;1405;+0200;1650;+0200;0;AF_5781-AF_5564
VCE;1800;+0200;2110;+0200;0;AZ_2577-AZ_7363
VCE;1800;+0200;2110;+0200;0;AF_5783-AF_5566
VCE;0650;+0200;1020;+0200;0;AF_5785-AF_5562
VCE;0650;+0200;1020;+0200;0;AZ_2571-AZ_7851
VCE;1820;+0200;2210;+0200;0;KL_2044-KL_1659
VCE;0725;+0200;1130;+0200;0;AF_7761-AF_1426
VCE;1850;+0200;2300;+0200;0;AF_7767-AF_2526
VCE;0650;+0200;1145;+0200;0;KL_2046-KL_1653
VCE;1455;+0200;1955;+0200;0;AF_7771-AF_2226
VCE;1455;+0200;1955;+0200;0;AZ_2973-AZ_7333
VCE;0415;+0200;0925;+0200;0;LH_385-LH_324
VCE;0815;+0200;1325;+0200;0;LH_389-LH_326
VCE;1415;+0200;1925;+0200;0;LH_393-LH_330
VCE;1200;+0200;1745;+0200;0;LH_391-LH_328
VCE;0655;+0200;1245;+0200;0;AF_5462-AF_4332
VCE;1115;+0200;1710;+0200;0;AZ_2969-AZ_7331
VCE;1115;+0200;1710;+0200;0;AF_7763-AF_2026
VCE;1150;+0200;1805;+0200;0;AF_7893-AF_4386
VCE;1010;+0200;1635;+0200;0;KL_2042-KL_1655
VCE;1045;+0200;1710;+0200;0;AF_7307-AF_2026
VCE;1700;+0200;2340;+0200;0;LH_395-LH_332
VCE;0725;+0200;1415;+0200;0;AF_7761-AF_1726
VCE;0725;+0200;1415;+0200;0;AZ_2967-AZ_7329
VCE;1405;+0200;2110;+0200;0;AF_5781-AF_5566
VCE;1405;+0200;2110;+0200;0;AZ_2575-AZ_7363
VCE;0615;+0200;1325;+0200;0;LH_387-LH_326
VCE;1115;+0200;1650;+0200;0;AF_7763-AF_7644-AF_5564
VCE;0645;+0200;1245;+0200;0;AF_7303-AF_6010-AF_4332
VCE;1045;+0200;1650;+0200;0;AF_7307-AF_7414-AF_5564
VCE;1340;+0200;1955;+0200;0;AF_5360-AF_7629-AF_2226
VCE;1000;+0200;1710;+0200;0;AF_5484-AF_8233-AF_2026
VIE;1800;+0200;2140;+0200;0;AF_5783-AF_1956
VIE;1820;+0200;2210;+0200;0;KL_2044-KL_1849
VIE;1455;+0200;1855;+0200;0;AF_7771-AF_1656
VIE;1455;+0200;1925;+0200;0;AF_7771-AF_2038
VIE;1455;+0200;1925;+0200;0;AF_7771-AF_2138
VIE;0725;+0200;1205;+0200;0;AF_7761-AF_1556
VIE;0650;+0200;1155;+0200;0;AF_5785-AF_2056
VIE;1415;+0200;1950;+0200;0;LH_393-LH_6929
VIE;0415;+0200;1005;+0200;0;LH_385-LH_1234
VIE;0615;+0200;1205;+0200;0;LH_387-LH_6334
VIE;1200;+0200;1750;+0200;0;LH_391-LH_1240
VIE;0815;+0200;1410;+0200;0;LH_389-LH_1238
VIE;1700;+0200;2305;+0200;0;LH_395-LH_1246
VIE;1115;+0200;1735;+0200;0;AF_7763-AF_1438
VIE;1115;+0200;1740;+0200;0;AF_7763-AF_1438
VIE;0650;+0200;1330;+0200;0;KL_2046-KL_1845
VIE;1105;+0200;1745;+0200;0;SN_3654-SN_2905
VIE;1200;+0200;1840;+0200;0;LH_391-LH_1242
VIE;1100;+0200;1745;+0200;0;SN_3654-SN_2905
VIE;1045;+0200;1735;+0200;0;AF_7307-AF_1438
VIE;1100;+0200;1750;+0200;0;BD_5560-BD_5493
VIE;1045;+0200;1740;+0200;0;AF_7307-AF_1438
VIE;0725;+0200;1435;+0200;0;AF_7761-AF_1738
VIE;1200;+0200;1910;+0200;0;LH_391-LH_6346
VIE;0725;+0200;1440;+0200;0;AF_7761-AF_1738
VIE;1415;+0200;2130;+0200;0;LH_393-LH_6338
VIE;1455;+0200;2215;+0200;0;AF_7771-AF_1756
VIE;1445;+0200;2215;+0200;0;AF_7311-AF_1756
VIE;1405;+0200;2140;+0200;0;AF_5781-AF_1956
VIE;1115;+0200;1855;+0200;0;AF_7763-AF_1656
VIE;0415;+0200;1140;+0200;0;LH_385-LH_126-LH_6366
VIE;0415;+0200;1145;+0200;0;LH_385-LH_174-LH_6322
VIE;0415;+0200;1150;+0200;0;LH_385-LH_74-LH_6354
VIE;1200;+0200;1945;+0200;0;LH_391-LH_114-LH_6328
CPH;1835;+0200;2145;+0200;0;SN_3662-SN_2265
CPH;1010;+0200;1335;+0200;0;KL_2042-KL_1129
CPH;0650;+0200;1055;+0200;0;KL_2046-KL_1127
CPH;0725;+0200;1140;+0200;0;AF_7761-AF_2050
CPH;1820;+0200;2235;+0200;0;KL_2044-KL_1139
CPH;0725;+0200;1200;+0200;0;AF_7761-AF_2050
CPH;1105;+0200;1630;+0200;0;SN_3654-SN_2259
CPH;1100;+0200;1630;+0200;0;BD_5560-BD_5459
CPH;1100;+0200;1630;+0200;0;SN_3654-SN_2259
CPH;0815;+0200;1410;+0200;0;LH_389-LH_6222
CPH;1115;+0200;1715;+0200;0;AF_7763-AF_1050
CPH;1115;+0200;1720;+0200;0;AF_7763-AF_1050
CPH;1200;+0200;1815;+0200;0;LH_391-LH_830
CPH;1700;+0200;2315;+0200;0;LH_395-LH_832
CPH;1010;+0200;1635;+0200;0;KL_2042-KL_1131
CPH;1045;+0200;1715;+0200;0;AF_7307-AF_1050
CPH;1045;+0200;1720;+0200;0;AF_7307-AF_1050
CPH;0415;+0200;1055;+0200;0;LH_385-LH_6070
CPH;0650;+0200;1335;+0200;0;KL_2046-KL_1129
CPH;1455;+0200;2140;+0200;0;AF_7771-AF_1350
CPH;1445;+0200;2140;+0200;0;AF_7311-AF_1350
CPH;0725;+0200;1425;+0200;0;AF_7761-AF_2350
CPH;0725;+0200;1430;+0200;0;AF_7761-AF_2350
CPH;1200;+0200;1910;+0200;0;LH_391-LH_6032
CPH;1415;+0200;2130;+0200;0;LH_393-LH_6224
CPH;1105;+0200;1830;+0200;0;SN_3654-SN_2263
CPH;1100;+0200;1830;+0200;0;SN_3654-SN_2263
CPH;0645;+0200;1425;+0200;0;AF_7303-AF_2350
CPH;1100;+0200;1840;+0200;0;BD_5560-BD_5463
CPH;0645;+0200;1430;+0200;0;AF_7303-AF_2350
CPH;0615;+0200;1410;+0200;0;LH_387-LH_6222
CPH;0815;+0200;1610;+0200;0;LH_389-LH_828
CPH;0915;+0200;1715;+0200;0;AF_7305-AF_1050
CPH;1100;+0200;1900;+0200;0;BD_5560-BD_3724
CPH;0915;+0200;1720;+0200;0;AF_7305-AF_1050
CPH;0415;+0200;1130;+0200;0;LH_385-LH_74-LH_6210
CPH;1200;+0200;1935;+0200;0;LH_391-LH_54-LH_6030
CPH;1415;+0200;2155;+0200;0;LH_393-LH_194-LH_6040
CPH;0615;+0200;1425;+0200;0;LH_387-LH_10-LH_6054
CPH;0815;+0200;1630;+0200;0;LH_389-LH_12-LH_6046
CPH;0815;+0200;1630;+0200;0;LH_389-LH_14-LH_6046
CPH;1200;+0200;2015;+0200;0;LH_391-LH_22-LH_6240
CPH;1200;+0200;2015;+0200;0;LH_391-LH_18-LH_6240
CPH;1200;+0200;2015;+0200;0;LH_391-LH_20-LH_6240
CPH;1200;+0200;2015;+0200;0;LH_391-LH_82-LH_6214
STO;0725;+0200;1205;+0200;0;AF_7761-AF_2062
STO;0915;+0200;1355;+0200;0;OK_741-OK_490
STO;1820;+0200;2300;+0200;0;KL_2044-KL_1121
STO;0650;+0200;1215;+0200;0;KL_2046-KL_1109
STO;0815;+0200;1415;+0200;0;LH_389-LH_6226
STO;1415;+0200;2025;+0200;0;LH_393-LH_6228
STO;1010;+0200;1625;+0200;0;KL_2042-KL_1115
STO;1200;+0200;1840;+0200;0;LH_391-LH_804
STO;1700;+0200;2350;+0200;0;LH_395-LH_808
STO;1115;+0200;1835;+0200;0;AF_7763-AF_1062
STO;0415;+0200;1150;+0200;0;LH_385-LH_802
STO;1415;+0200;2155;+0200;0;LH_393-LH_6056
STO;1045;+0200;1835;+0200;0;AF_7307-AF_1062
STO;1455;+0200;2245;+0200;0;AF_7771-AF_1462
STO;0615;+0200;1415;+0200;0;LH_387-LH_6226
STO;1445;+0200;2245;+0200;0;AF_7311-AF_1462
STO;1200;+0200;2025;+0200;0;LH_391-LH_6228
STO;1105;+0200;1940;+0200;0;SN_3654-SN_2307
STO;1100;+0200;1940;+0200;0;SN_3654-SN_2307
STO;1100;+0200;1945;+0200;0;BD_5560-BD_5467
STO;1010;+0200;1900;+0200;0;KL_2042-KL_1117
STO;0915;+0200;1835;+0200;0;AF_7305-AF_1062
STO;1100;+0200;2025;+0200;0;BD_5560-BD_3838
STO;0815;+0200;1515;+0200;0;LH_389-LH_12-LH_2928
STO;1200;+0200;1930;+0200;0;LH_391-LH_18-LH_2930
STO;0815;+0200;1635;+0200;0;LH_389-LH_6222-LH_6068
STO;1100;+0200;1920;+0200;0;BD_5560-BD_5459-BD_3740
STO;0415;+0200;1305;+0200;0;LH_385-LH_6070-LH_6174
STO;0615;+0200;1515;+0200;0;LH_387-LH_12-LH_2928
STO;0615;+0200;1515;+0200;0;LH_387-LH_10-LH_2928
STO;1200;+0200;2110;+0200;0;LH_391-LH_190-LH_6060
STO;1200;+0200;2110;+0200;0;LH_391-LH_188-LH_6060
STO;1200;+0200;2125;+0200;0;LH_391-LH_6032-LH_6132
STO;1200;+0200;2125;+0200;0;LH_391-LH_830-LH_6132
DUB;1820;+0200;2120;+0100;0;KL_2044-KL_3161
DUB;0650;+0200;1010;+0100;0;KL_2046-KL_3153
DUB;1850;+0200;2215;+0100;0;AF_7767-AF_5008
DUB;1010;+0200;1340;+0100;0;KL_2042-KL_3155
DUB;0725;+0200;1115;+0100;0;AF_7761-AF_5004
DUB;0615;+0200;1105;+0100;0;LH_387-LH_978
DUB;1455;+0200;1945;+0100;0;AF_7771-AF_5010
DUB;1445;+0200;1945;+0100;0;AF_7311-AF_5010
DUB;1200;+0200;1725;+0100;0;LH_391-LH_980
DUB;1010;+0200;1540;+0100;0;KL_2042-KL_3157
DUB;1115;+0200;1645;+0100;0;AF_7763-AF_5014
DUB;1700;+0200;2240;+0100;0;LH_395-LH_982
DUB;1045;+0200;1645;+0100;0;AF_7307-AF_5014
DUB;0725;+0200;1400;+0100;0;AF_7761-AF_5006
DUB;0415;+0200;1105;+0100;0;LH_385-LH_978
DUB;0650;+0200;1340;+0100;0;KL_2046-KL_3155
DUB;0645;+0200;1400;+0100;0;AF_7303-AF_5006
DUB;1455;+0200;2215;+0100;0;AF_7771-AF_5008
DUB;1010;+0200;1735;+0100;0;KL_2042-KL_3159
DUB;0915;+0200;1645;+0100;0;AF_7305-AF_5014
DUB;1445;+0200;2215;+0100;0;AF_7311-AF_5008
DUB;1415;+0200;2240;+0100;0;LH_393-LH_982
DUB;1115;+0200;1945;+0100;0;AF_7763-AF_5010
DUB;1045;+0200;1640;+0100;0;AF_7307-AF_5022-AF_5125
DUB;1445;+0200;2040;+0100;0;AF_7311-AF_5024-AF_5121
DUB;1445;+0200;2040;+0100;0;AF_7311-AF_5026-AF_5121
DUB;0650;+0200;1400;+0100;0;AF_5785-AF_7653-AF_5006
DUB;0650;+0200;1400;+0100;0;AF_5785-AF_7641-AF_5006
DUB;0915;+0200;1640;+0100;0;AF_7305-AF_5022-AF_5125
DUB;1115;+0200;1850;+0100;0;AF_7763-AF_2280-AF_5119
DUB;0615;+0200;1355;+0100;0;LH_387-LH_904-LH_6633
DUB;0850;+0200;1640;+0100;0;AF_5770-AF_5206-AF_5125
DUB;1150;+0200;1945;+0100;0;AF_7893-AF_6217-AF_5010
DUB;1150;+0200;1945;+0100;0;AF_7893-AF_7715-AF_5010
DUB;1200;+0200;1955;+0100;0;LH_391-LH_914-LH_6505
DUB;1045;+0200;1850;+0100;0;AF_7307-AF_5022-AF_5119
DUB;1405;+0200;2215;+0100;0;AF_5781-AF_7415-AF_5008
DUB;1405;+0200;2215;+0100;0;AF_5781-AF_7645-AF_5008
MIL;1405;+0200;1640;+0200;0;AZ_2575-AZ_7831
MIL;1405;+0200;1640;+0200;0;AF_5781-AF_3296
MIL;0650;+0200;0935;+0200;0;AZ_2571-AZ_7829
MIL;0650;+0200;0935;+0200;0;AF_5785-AF_3292
MIL;1745;+0200;2100;+0200;0;AF_7315-AF_9712
MIL;1800;+0200;2115;+0200;0;AF_5783-AF_3298
MIL;1800;+0200;2115;+0200;0;AZ_2577-AZ_7833
MIL;1820;+0200;2150;+0200;0;KL_2044-KL_3417
MIL;1115;+0200;1450;+0200;0;AF_7763-AF_1712
MIL;0725;+0200;1105;+0200;0;AF_7761-AF_9802
MIL;1850;+0200;2235;+0200;0;AF_7767-AF_2514
MIL;1820;+0200;2215;+0200;0;KL_2044-KL_1635
MIL;1010;+0200;1410;+0200;0;KL_2042-KL_3419
MIL;1835;+0200;2235;+0200;0;SN_3662-SN_3161
MIL;1820;+0200;2240;+0200;0;KL_2044-KL_1635
MIL;0650;+0200;1125;+0200;0;KL_2046-KL_3623
MIL;1455;+0200;1945;+0200;0;AZ_2973-AZ_7299
MIL;1455;+0200;1945;+0200;0;AF_7771-AF_2112
MIL;0650;+0200;1150;+0200;0;KL_2046-KL_1623
MIL;1455;+0200;2000;+0200;0;AF_7771-AF_2214
MIL;1455;+0200;2000;+0200;0;AZ_2973-AZ_7357
MIL;1105;+0200;1615;+0200;0;SN_3654-SN_3157
MIL;0650;+0200;1205;+0200;0;KL_2046-KL_1623
MIL;1100;+0200;1615;+0200;0;BD_5560-BD_5407
MIL;1100;+0200;1615;+0200;0;SN_3654-SN_3157
MIL;1700;+0200;2215;+0200;0;LH_395-LH_278
MIL;0645;+0200;1210;+0200;0;AF_7303-AF_9710
MIL;0815;+0200;1350;+0200;0;LH_389-LH_252
MIL;0915;+0200;1450;+0200;0;AF_7305-AF_1712
MIL;1200;+0200;1735;+0200;0;LH_391-LH_254
MIL;0415;+0200;0955;+0200;0;LH_385-LH_270
MIL;1115;+0200;1655;+0200;0;AF_7763-AF_9700
MIL;1115;+0200;1655;+0200;0;AZ_2969-AZ_7907
MIL;1105;+0200;1650;+0200;0;SN_3654-SN_3157
MIL;1115;+0200;1640;+0200;0;AF_7763-AF_7644-AF_3296
HAM;1105;+0200;1440;+0200;0;SN_3654-SN_2625
HAM;1100;+0200;1440;+0200;0;SN_3654-SN_2625
HAM;1010;+0200;1400;+0200;0;KL_2042-KL_1781
HAM;1820;+0200;2215;+0200;0;KL_2044-KL_1789
HAM;0650;+0200;1050;+0200;0;AF_5785-AF_5971
HAM;0725;+0200;1125;+0200;0;AF_7761-AF_1710
HAM;0650;+0200;1115;+0200;0;KL_2046-KL_1779
HAM;1105;+0200;1545;+0200;0;SN_3654-SN_2625
HAM;1100;+0200;1545;+0200;0;SN_3654-SN_2625
HAM;1100;+0200;1545;+0200;0;BD_5560-BD_5395
HAM;1700;+0200;2150;+0200;0;LH_395-LH_28
HAM;0815;+0200;1310;+0200;0;LH_389-LH_12
HAM;0415;+0200;0930;+0200;0;LH_385-LH_6
HAM;1200;+0200;1715;+0200;0;LH_391-LH_18
HAM;0615;+0200;1135;+0200;0;LH_387-LH_10
HAM;1455;+0200;2025;+0200;0;AF_7771-AF_2510
HAM;1415;+0200;1950;+0200;0;LH_393-LH_24
HAM;1115;+0200;1655;+0200;0;AF_7763-AF_2310
HAM;1415;+0200;1955;+0200;0;LH_393-LH_24
HAM;1445;+0200;2025;+0200;0;AF_7311-AF_2510
HAM;1700;+0200;2255;+0200;0;LH_395-LH_30
HAM;1200;+0200;1800;+0200;0;LH_391-LH_20
HAM;0415;+0200;1020;+0200;0;LH_385-LH_8
HAM;1045;+0200;1655;+0200;0;AF_7307-AF_2310
HAM;1105;+0200;1725;+0200;0;SN_3654-SN_2627
HAM;1415;+0200;2035;+0200;0;LH_393-LH_26
HAM;0815;+0200;1440;+0200;0;LH_389-LH_14
HAM;1100;+0200;1725;+0200;0;SN_3654-SN_2627
HAM;1105;+0200;1745;+0200;0;SN_3654-SN_2627
HAM;1100;+0200;1745;+0200;0;SN_3654-SN_2627
HAM;1100;+0200;1745;+0200;0;BD_5560-BD_5387
HAM;1200;+0200;1845;+0200;0;LH_391-LH_22
HAM;0615;+0200;1310;+0200;0;LH_387-LH_12
HAM;0650;+0200;1400;+0200;0;KL_2046-KL_1781
HAM;0415;+0200;1135;+0200;0;LH_385-LH_10
HAM;1010;+0200;1740;+0200;0;KL_2042-KL_1783
HAM;1415;+0200;2150;+0200;0;LH_393-LH_28
HAM;0915;+0200;1655;+0200;0;AF_7305-AF_2310
HAM;1200;+0200;1950;+0200;0;LH_391-LH_24
HAM;1200;+0200;1955;+0200;0;LH_391-LH_24
HAM;0815;+0200;1615;+0200;0;LH_389-LH_16
HAM;0615;+0200;1255;+0200;0;LH_387-LH_106-LH_2068
HAM;1415;+0200;2100;+0200;0;LH_393-LH_148-LH_2839
HAM;1200;+0200;1920;+0200;0;LH_391-LH_114-LH_2078
HAM;0415;+0200;1140;+0200;0;LH_385-LH_74-LH_2708
HAM;0415;+0200;1145;+0200;0;LH_385-LH_126-LH_2825
HAM;0815;+0200;1545;+0200;0;LH_389-LH_108-LH_2072
HAM;0415;+0200;1155;+0200;0;LH_385-LH_102-LH_2066
HAM;0415;+0200;1155;+0200;0;LH_385-LH_104-LH_2066
HAM;1200;+0200;1945;+0200;0;LH_391-LH_82-LH_2716
HAM;0815;+0200;1605;+0200;0;LH_389-LH_130-LH_2827
HAM;0815;+0200;1615;+0200;0;LH_389-LH_78-LH_2712
MAN;1010;+0200;1225;+0100;0;KL_2042-KL_1083
MAN;1100;+0200;1325;+0100;0;BD_5560-BD_5375
MAN;1115;+0200;1340;+0100;0;AF_7763-AF_2268
MAN;1835;+0200;2100;+0100;0;SN_3662-SN_2183
MAN;1820;+0200;2135;+0100;0;KL_2044-KL_1097
MAN;0650;+0200;1020;+0100;0;KL_2046-KL_1081
MAN;1455;+0200;1855;+0100;0;AF_7771-AF_1168
MAN;1105;+0200;1525;+0100;0;SN_3654-SN_2175
MAN;1100;+0200;1525;+0100;0;SN_3654-SN_2175
MAN;1010;+0200;1505;+0100;0;KL_2042-KL_1087
MAN;0650;+0200;1225;+0100;0;KL_2046-KL_1083
MAN;1200;+0200;1735;+0100;0;LH_391-LH_946
MAN;1700;+0200;2245;+0100;0;LH_395-LH_948
MAN;0725;+0200;1325;+0100;0;AF_7761-AF_2268
MAN;0615;+0200;1220;+0100;0;LH_387-LH_942
MAN;0725;+0200;1340;+0100;0;AF_7761-AF_2268
MAN;1105;+0200;1730;+0100;0;SN_3654-SN_2177
MAN;1100;+0200;1730;+0100;0;BD_5560-BD_5377
MAN;1100;+0200;1730;+0100;0;SN_3654-SN_2177
MAN;0645;+0200;1325;+0100;0;AF_7303-AF_2268
MAN;1010;+0200;1655;+0100;0;KL_2042-KL_1093
MAN;0645;+0200;1340;+0100;0;AF_7303-AF_2268
MAN;1115;+0200;1855;+0100;0;AF_7763-AF_1168
MAN;0615;+0200;1220;+0100;0;LH_387-LH_76-LH_3432
MAN;1200;+0200;1850;+0100;0;LH_391-LH_18-LH_3438
MAN;1415;+0200;2125;+0100;0;LH_393-LH_918-LH_6566
MAN;1200;+0200;1915;+0100;0;LH_391-LH_82-LH_3434
MAN;0615;+0200;1410;+0100;0;LH_387-LH_10-LH_3440
GVA;0755;+0200;1105;+0200;0;AF_7869-AF_4358
GVA;1820;+0200;2145;+0200;0;KL_2044-KL_1937
GVA;1835;+0200;2215;+0200;0;SN_3662-SN_2723
GVA;0725;+0200;1110;+0200;0;AF_7761-AF_1842
GVA;0725;+0200;1115;+0200;0;AF_7761-AF_1842
GVA;0650;+0200;1100;+0200;0;KL_2046-KL_1927
GVA;0815;+0200;1300;+0200;0;LH_389-LH_1216
GVA;1455;+0200;1940;+0200;0;AF_7771-AF_1042
GVA;1115;+0200;1610;+0200;0;AF_7763-AF_2342
GVA;1200;+0200;1710;+0200;0;LH_391-LH_1222
GVA;1200;+0200;1710;+0200;0;LH_391-LH_1220
GVA;1415;+0200;1925;+0200;0;LH_393-LH_1226
GVA;1415;+0200;1930;+0200;0;LH_393-LH_1224
GVA;1045;+0200;1610;+0200;0;AF_7307-AF_2342
GVA;1700;+0200;2230;+0200;0;LH_395-LH_1228
GVA;1105;+0200;1645;+0200;0;SN_3654-SN_2719
GVA;0725;+0200;1310;+0200;0;AF_7761-AF_2042
GVA;1100;+0200;1645;+0200;0;BD_5560-BD_5279
GVA;1100;+0200;1645;+0200;0;SN_3654-SN_2719
FRA;0415;+0200;0700;+0200;0;LH_385
FRA;0615;+0200;0900;+0200;0;LH_387
FRA;0815;+0200;1100;+0200;0;LH_389
FRA;1200;+0200;1445;+0200;0;LH_391
FRA;1415;+0200;1700;+0200;0;LH_393
FRA;1700;+0200;1945;+0200;0;LH_395
FRA;1835;+0200;2135;+0200;0;SN_3662-SN_7013
FRA;0650;+0200;1005;+0200;0;KL_2046-KL_1765
FRA;1115;+0200;1435;+0200;0;AF_7763-AF_1918
FRA;1455;+0200;1815;+0200;0;AF_7771-AF_2318
FRA;1820;+0200;2200;+0200;0;KL_2044-KL_1775
FRA;0725;+0200;1110;+0200;0;AF_7761-AF_1618
FRA;1105;+0200;1545;+0200;0;SN_3654-SN_7005
FRA;1100;+0200;1545;+0200;0;SN_3654-SN_7005
FRA;1455;+0200;1945;+0200;0;AF_7771-AF_2418
FRA;1010;+0200;1505;+0200;0;KL_2042-KL_1767
HEL;1820;+0200;0015;+0300;1;KL_2044-KL_1171
HEL;0650;+0200;1310;+0300;0;KL_2046-KL_1167
HEL;0915;+0200;1600;+0300;0;OK_741-OK_480
HEL;1010;+0200;1710;+0300;0;KL_2042-KL_1169
HEL;0725;+0200;1450;+0300;0;AF_7761-AF_2298
HEL;0615;+0200;1405;+0300;0;LH_387-LH_848
HEL;0415;+0200;1215;+0300;0;LH_385-LH_846
HEL;1115;+0200;1915;+0300;0;AF_7763-AF_1098
HEL;1455;+0200;2255;+0300;0;AF_7771-AF_1798
HEL;0645;+0200;1450;+0300;0;AF_7303-AF_2298
HEL;1115;+0200;1920;+0300;0;AF_7763-AF_1098
HEL;1445;+0200;2255;+0300;0;AF_7311-AF_1798
HEL;1045;+0200;1915;+0300;0;AF_7307-AF_1098
HEL;1700;+0200;0130;+0300;1;LH_395-LH_854
HEL;1045;+0200;1920;+0300;0;AF_7307-AF_1098
HEL;0725;+0200;1615;+0300;0;AF_7761-AF_1498
HEL;1415;+0200;2305;+0300;0;LH_393-LH_852
HEL;0645;+0200;1615;+0300;0;AF_7303-AF_1498
HEL;0815;+0200;1800;+0300;0;LH_389-LH_850
HEL;0415;+0200;1405;+0300;0;LH_385-LH_848
HEL;0915;+0200;1915;+0300;0;AF_7305-AF_1098
HEL;0915;+0200;1920;+0300;0;AF_7305-AF_1098
HEL;0650;+0200;1710;+0300;0;KL_2046-KL_1169
HEL;0815;+0200;1750;+0300;0;LH_389-LH_6222-LH_6288
HEL;1200;+0200;2245;+0300;0;LH_391-LH_830-LH_6292
HEL;1200;+0200;2245;+0300;0;LH_391-LH_6032-LH_6292
HEL;0815;+0200;1905;+0300;0;LH_389-LH_6226-LH_6296
MUC;1820;+0200;2215;+0200;0;KL_2044-KL_1801
MUC;1835;+0200;2235;+0200;0;SN_3662-SN_7063
MUC;0650;+0200;1055;+0200;0;KL_2046-KL_1793
MUC;0725;+0200;1150;+0200;0;AF_7761-AF_1722
MUC;0615;+0200;1100;+0200;0;LH_387-LH_106
MUC;1455;+0200;1945;+0200;0;AF_7771-AF_2522
MUC;0415;+0200;0910;+0200;0;LH_385-LH_102
MUC;0815;+0200;1310;+0200;0;LH_389-LH_108
MUC;1415;+0200;1915;+0200;0;LH_393-LH_118
MUC;1200;+0200;1705;+0200;0;LH_391-LH_114
MUC;1105;+0200;1625;+0200;0;SN_3654-SN_7057
MUC;1100;+0200;1625;+0200;0;SN_3654-SN_7057
MUC;1700;+0200;2225;+0200;0;LH_395-LH_124
MUC;0415;+0200;1000;+0200;0;LH_385-LH_104
MUC;1415;+0200;2015;+0200;0;LH_393-LH_120
MUC;1115;+0200;1725;+0200;0;AF_7763-AF_2322
MUC;1200;+0200;1810;+0200;0;LH_391-LH_116
MUC;0815;+0200;1430;+0200;0;LH_389-LH_110
MUC;1115;+0200;1730;+0200;0;AF_7763-AF_2322
MUC;0415;+0200;1005;+0200;0;LH_385-LH_126-LH_2143
DUS;0650;+0200;1000;+0200;0;AF_5785-AF_5876
DUS;1800;+0200;2120;+0200;0;AF_5783-AF_5878
DUS;1850;+0200;2215;+0200;0;AF_7767-AF_1106
DUS;0725;+0200;1100;+0200;0;AF_7761-AF_1606
DUS;1010;+0200;1400;+0200;0;KL_2042-KL_1857
DUS;1820;+0200;2225;+0200;0;KL_2044-KL_1863
DUS;1455;+0200;1940;+0200;0;AF_7771-AF_2406
DUS;0615;+0200;1110;+0200;0;LH_387-LH_76
DUS;0650;+0200;1145;+0200;0;KL_2046-KL_1855
DUS;0415;+0200;0935;+0200;0;LH_385-LH_74
DUS;1115;+0200;1635;+0200;0;AF_7763-AF_2206
DUS;1700;+0200;2220;+0200;0;LH_395-LH_88
DUS;1200;+0200;1725;+0200;0;LH_391-LH_82
DUS;0815;+0200;1400;+0200;0;LH_389-LH_78
DUS;0655;+0200;1245;+0200;0;AF_5462-AF_4310
DUS;1045;+0200;1635;+0200;0;AF_7307-AF_2206
DUS;0655;+0200;1250;+0200;0;AF_5462-AF_4310
DUS;1415;+0200;2035;+0200;0;LH_393-LH_86
DUS;1200;+0200;1830;+0200;0;LH_391-LH_84
DUS;1115;+0200;1650;+0200;0;AF_7763-AF_7644-AF_5874
DUS;1045;+0200;1650;+0200;0;AF_7307-AF_7414-AF_5874
OSL;1000;+0200;1335;+0200;0;AF_5484-AF_8311
OSL;1835;+0200;2215;+0200;0;SN_3662-SN_2287
OSL;1820;+0200;2205;+0200;0;AF_5486-AF_8315
OSL;1820;+0200;2205;+0200;0;KL_2044-KL_1221
OSL;1835;+0200;2220;+0200;0;SN_3662-SN_2287
OSL;0650;+0200;1105;+0200;0;KL_2046-KL_1143
OSL;1820;+0200;2235;+0200;0;KL_2044-KL_1151
OSL;0725;+0200;1205;+0200;0;AF_7761-AF_2074
OSL;1105;+0200;1655;+0200;0;SN_3654-SN_2283
OSL;1100;+0200;1655;+0200;0;SN_3654-SN_2283
OSL;1010;+0200;1610;+0200;0;KL_2042-KL_1147
OSL;1455;+0200;2110;+0200;0;AF_7771-AF_1274
OSL;0815;+0200;1435;+0200;0;LH_389-LH_6230
OSL;1200;+0200;1820;+0200;0;LH_391-LH_862
OSL;1445;+0200;2110;+0200;0;AF_7311-AF_1274
OSL;0650;+0200;1325;+0200;0;KL_2046-KL_1145
OSL;0650;+0200;1330;+0200;0;KL_2046-KL_1217
OSL;0650;+0200;1335;+0200;0;AF_5482-AF_8311
OSL;1700;+0200;2345;+0200;0;LH_395-LH_864
OSL;0615;+0200;1305;+0200;0;LH_387-LH_860
OSL;1115;+0200;1820;+0200;0;AF_7763-AF_2374
OSL;1200;+0200;1915;+0200;0;LH_391-LH_6280
OSL;1045;+0200;1820;+0200;0;AF_7307-AF_2374
OSL;1415;+0200;2210;+0200;0;LH_393-LH_6106
OSL;0615;+0200;1435;+0200;0;LH_387-LH_6230
OSL;1010;+0200;1850;+0200;0;KL_2042-KL_1149
OSL;0415;+0200;1305;+0200;0;LH_385-LH_860
OSL;0725;+0200;1335;+0200;0;AF_7761-AF_8228-AF_8311
OSL;1455;+0200;2205;+0200;0;AF_7771-AF_2240-AF_8315
OSL;0815;+0200;1530;+0200;0;LH_389-LH_12-LH_2958
OSL;1200;+0200;1930;+0200;0;LH_391-LH_18-LH_2960
OSL;1100;+0200;1840;+0200;0;BD_5560-BD_5459-BD_3874
OSL;0815;+0200;1645;+0200;0;LH_389-LH_6222-LH_6246
OSL;0415;+0200;1305;+0200;0;LH_385-LH_6070-LH_6172
OSL;1200;+0200;2055;+0200;0;LH_391-LH_82-LH_6208
OSL;1200;+0200;2055;+0200;0;LH_391-LH_84-LH_6208
ZRH;1010;+0200;1330;+0200;0;KL_2042-KL_1959
ZRH;0725;+0200;1125;+0200;0;AF_7761-AF_5102
ZRH;1455;+0200;1855;+0200;0;AF_7771-AF_5108
ZRH;1820;+0200;2225;+0200;0;KL_2044-KL_1969
ZRH;0650;+0200;1105;+0200;0;KL_2046-KL_1957
ZRH;0815;+0200;1255;+0200;0;LH_389-LH_1190
ZRH;1700;+0200;2140;+0200;0;LH_395-LH_5778
ZRH;1415;+0200;1900;+0200;0;LH_393-LH_5776
ZRH;1415;+0200;1920;+0200;0;LH_393-LH_1198
ZRH;1105;+0200;1615;+0200;0;SN_3654-SN_5107
ZRH;0615;+0200;1130;+0200;0;LH_387-LH_5772
ZRH;1100;+0200;1615;+0200;0;SN_3654-SN_5107
ZRH;0415;+0200;0935;+0200;0;LH_385-LH_1186
ZRH;1455;+0200;2020;+0200;0;AF_7771-AF_5110
ZRH;1200;+0200;1730;+0200;0;LH_391-LH_1196