PAR;0600;+0200;0720;+0200;0;AF_6155
PAR;0615;+0200;0735;+0200;0;AF_6101
PAR;0645;+0200;0805;+0200;0;AF_6103
PAR;0715;+0200;0835;+0200;0;AF_6105
PAR;0745;+0200;0905;+0200;0;AF_6107
PAR;0815;+0200;0935;+0200;0;AF_6153
PAR;0845;+0200;1005;+0200;0;AF_6111
PAR;0915;+0200;1035;+0200;0;AF_6115
PAR;0945;+0200;1105;+0200;0;AF_6109
PAR;1015;+0200;1135;+0200;0;AF_6113
PAR;1045;+0200;1205;+0200;0;AF_6117
PAR;1145;+0200;1305;+0200;0;AF_6119
PAR;1245;+0200;1405;+0200;0;AF_6121
PAR;1345;+0200;1505;+0200;0;AF_6123
PAR;1515;+0200;1635;+0200;0;AF_6167
PAR;1545;+0200;1705;+0200;0;AF_6129
PAR;1615;+0200;1735;+0200;0;AF_6131
PAR;1645;+0200;1805;+0200;0;AF_6133
PAR;1715;+0200;1835;+0200;0;AF_6135
PAR;1730;+0200;1850;+0200;0;AF_6137
PAR;1800;+0200;1920;+0200;0;AF_6157
PAR;1815;+0200;1935;+0200;0;AF_6139
PAR;1845;+0200;2005;+0200;0;AF_6141
PAR;1915;+0200;2035;+0200;0;AF_6143
PAR;1930;+0200;2050;+0200;0;AF_6147
PAR;1945;+0200;2105;+0200;0;AF_6145
PAR;2015;+0200;2135;+0200;0;AF_6163
PAR;2045;+0200;2205;+0200;0;AF_6149
PAR;0710;+0200;0840;+0200;0;AF_7793
PAR;0710;+0200;0840;+0200;0;JL_5724
PAR;0715;+0200;0845;+0200;0;AF_7793
PAR;1050;+0200;1220;+0200;0;AF_7795
PAR;1255;+0200;1425;+0200;0;AF_7785
PAR;1615;+0200;1745;+0200;0;JL_5726
PAR;1615;+0200;1745;+0200;0;AF_7787
PAR;1800;+0200;1930;+0200;0;AF_7789
PAR;2050;+0200;2220;+0200;0;AF_7791
PAR;1000;+0200;1310;+0200;0;AF_4358-AF_1843
PAR;1000;+0200;1315;+0200;0;AF_4358-AF_1843
PAR;0835;+0200;1155;+0200;0;AF_7847-AF_7417
PAR;0835;+0200;1155;+0200;0;AF_7847-AF_7641
PAR;0640;+0200;1015;+0200;0;AF_5539-AF_7305
PAR;0700;+0200;1035;+0200;0;AF_7841-AF_7653
PAR;0815;+0200;1155;+0200;0;AF_5741-AF_5722
PAR;1535;+0200;1920;+0200;0;AF_5594-AF_6043
PAR;0705;+0200;1055;+0200;0;LH_1101-LH_1030
PAR;0740;+0200;1130;+0200;0;AF_7879-AF_6207
PAR;1820;+0200;2210;+0200;0;AF_7851-AF_7649
PAR;0625;+0200;1025;+0200;0;LH_2223-LH_2228
PAR;0820;+0200;1225;+0200;0;AF_5656-AF_7383
PAR;1230;+0200;1635;+0200;0;KL_1304-KL_2013
PAR;1840;+0200;2245;+0200;0;LH_1099-LH_1052
PAR;0635;+0200;1045;+0200;0;UA_9950-UA_9965
PAR;0635;+0200;1045;+0200;0;SN_3676-SN_3633
PAR;0635;+0200;1045;+0200;0;9W_6068-9W_6031
PAR;0820;+0200;1230;+0200;0;AF_5656-AF_7725
PAR;1210;+0200;1620;+0200;0;LH_2215-LH_2232
PAR;1210;+0200;1620;+0200;0;UA_8757-UA_9188
PAR;1400;+0200;1810;+0200;0;AF_8262-AF_8239
PAR;1825;+0200;2235;+0200;0;LH_2219-LH_2240
PAR;0600;+0200;1015;+0200;0;AF_7868-AF_7305
PAR;1535;+0200;1950;+0200;0;AF_5594-AF_6045
PAR;0730;+0200;1150;+0200;0;AF_7657-AF_6019
PAR;0740;+0200;1200;+0200;0;AF_7879-AF_6209
PAR;0620;+0200;1045;+0200;0;UA_9950-UA_9965
PAR;0620;+0200;1045;+0200;0;SN_3676-SN_3633
PAR;0835;+0200;1300;+0200;0;BA_377-BA_308
PAR;0835;+0200;1300;+0200;0;QF_3376-QF_3413
PAR;1140;+0200;1605;+0200;0;IB_8767-IB_3418
PAR;1155;+0200;1620;+0200;0;UA_8757-UA_9188
PAR;1345;+0200;1810;+0200;0;AF_7849-AF_7415
PAR;1345;+0200;1810;+0200;0;AF_7849-AF_7645
PAR;1805;+0200;2230;+0200;0;AA_6272-AA_6303
PAR;1805;+0200;2230;+0200;0;BA_375-BA_326
PAR;0740;+0200;1210;+0200;0;AF_7879-AF_7701
PAR;0830;+0200;1300;+0200;0;AA_6274-AA_6552
PAR;1015;+0200;1450;+0200;0;LH_1095-LH_1036
PAR;1035;+0200;1510;+0200;0;AF_3248-AF_1505
PAR;0605;+0200;1045;+0200;0;KL_1300-KL_2003
PAR;0605;+0200;1045;+0200;0;AF_8260-AF_1241
PAR;0635;+0200;1115;+0200;0;SN_3676-SN_3633
PAR;0635;+0200;1115;+0200;0;UA_9950-UA_9965
PAR;0705;+0200;1150;+0200;0;AF_5590-AF_6019
PAR;1535;+0200;2020;+0200;0;AF_5594-AF_6047
PAR;1715;+0200;2200;+0200;0;KL_1312-KL_2023
ROM;1015;+0200;1155;+0200;0;AF_4342
ROM;1035;+0200;1215;+0200;0;AF_3248
ROM;1450;+0200;1630;+0200;0;AZ_7345
ROM;1815;+0200;2000;+0200;0;AF_9890
ROM;1815;+0200;2000;+0200;0;AZ_367
ROM;1345;+0200;1650;+0200;0;AF_7849-AF_5821
ROM;1345;+0200;1650;+0200;0;AZ_3595-AZ_7839
ROM;0700;+0200;1015;+0200;0;AF_7841-AF_5823
ROM;1005;+0200;1345;+0200;0;VY_9000-VY_6192
ROM;1005;+0200;1345;+0200;0;IB_5676-IB_5898
ROM;1630;+0200;2040;+0200;0;AZ_7347-AZ_1023
ROM;1210;+0200;1630;+0200;0;LH_2215-LH_1846
ROM;1210;+0200;1630;+0200;0;UA_8757-UA_8874
ROM;1800;+0200;2220;+0200;0;AF_7789-AF_9842
ROM;1615;+0200;2040;+0200;0;AF_7787-AF_9840
ROM;0715;+0200;1150;+0200;0;AF_7793-AF_1504
ROM;1155;+0200;1630;+0200;0;UA_8757-UA_8874
ROM;1255;+0200;1730;+0200;0;AF_7785-AF_2104
ROM;0625;+0200;1105;+0200;0;LH_2223-LH_1842
ROM;0710;+0200;1150;+0200;0;AF_7793-AF_1504
ROM;0740;+0200;1220;+0200;0;AF_7879-AF_9884
ROM;0715;+0200;1215;+0200;0;AF_7793-AF_9832
ROM;0710;+0200;1215;+0200;0;AF_7793-AF_9832
ROM;1535;+0200;2045;+0200;0;AF_5594-AF_4330
ROM;1655;+0200;2205;+0200;0;IB_8771-IB_3618
ROM;1715;+0200;2230;+0200;0;KL_1312-KL_1609
ROM;1840;+0200;2355;+0200;0;LH_1099-LH_242
ROM;1050;+0200;1610;+0200;0;AF_7795-AF_1904
ROM;0705;+0200;1230;+0200;0;LH_1101-LH_232
ROM;1615;+0200;2140;+0200;0;AF_7787-AF_2304
ROM;1535;+0200;2105;+0200;0;LH_2217-LH_1850
ROM;1610;+0200;2140;+0200;0;AZ_2979-AZ_7311
ROM;1720;+0200;2250;+0200;0;SN_3670-SN_3187
ROM;1000;+0200;1540;+0200;0;IB_8775-IB_3674
ROM;0835;+0200;1420;+0200;0;QF_3376-QF_3423
ROM;0835;+0200;1420;+0200;0;BA_377-BA_546
ROM;0605;+0200;1155;+0200;0;KL_1300-KL_1601
ROM;0830;+0200;1420;+0200;0;AA_6274-AA_6534
ROM;1020;+0200;1610;+0200;0;AZ_2985-AZ_7301
ROM;1155;+0200;1745;+0200;0;AA_6270-AA_6455
ROM;1255;+0200;1845;+0200;0;AF_7785-AF_2204
ROM;1700;+0200;2250;+0200;0;BD_5424-BD_5357
ROM;1005;+0200;1600;+0200;0;VY_9000-VY_6104
ROM;1005;+0200;1600;+0200;0;IB_5676-IB_5708
ROM;1155;+0200;1750;+0200;0;BA_373-BA_556
ROM;1255;+0200;1850;+0200;0;AF_7785-AF_2204
ROM;1210;+0200;1815;+0200;0;LH_2215-LH_1848
ROM;1615;+0200;2220;+0200;0;AF_7787-AF_9842
ROM;1610;+0200;2220;+0200;0;AZ_2979-AZ_329
ROM;1630;+0200;2240;+0200;0;AZ_7347-AZ_2077
ROM;0815;+0200;1440;+0200;0;AF_6153-AF_9846
ROM;0945;+0200;1610;+0200;0;AF_6109-AF_1904
ROM;1515;+0200;2140;+0200;0;AF_6167-AF_2304
ROM;1230;+0200;1900;+0200;0;KL_1304-KL_1607
ROM;1545;+0200;2220;+0200;0;AF_6129-AF_9842
ROM;0625;+0200;1305;+0200;0;LH_2223-LH_1844
ROM;1050;+0200;1730;+0200;0;AF_7795-AF_2104
ROM;1110;+0200;1750;+0200;0;TU_283-TU_852
ROM;1045;+0200;1730;+0200;0;AF_6117-AF_2104
ROM;1140;+0200;1830;+0200;0;IB_8767-IB_3678
ROM;1255;+0200;1945;+0200;0;AF_7785-AF_9838
ROM;0745;+0200;1440;+0200;0;AF_6107-AF_9846
ROM;0915;+0200;1610;+0200;0;AF_6115-AF_1904
ROM;1230;+0200;1925;+0200;0;KL_1304-KL_3403
ROM;1345;+0200;2040;+0200;0;AF_6123-AF_9840
ROM;0705;+0200;1405;+0200;0;LH_1101-LH_234
ROM;1145;+0200;1845;+0200;0;AF_6119-AF_2204
ROM;1245;+0200;1945;+0200;0;AF_6121-AF_9838
ROM;1145;+0200;1850;+0200;0;AF_6119-AF_2204
ROM;1515;+0200;2220;+0200;0;AF_6167-AF_9842
ROM;0700;+0200;1410;+0200;0;IB_8765-IB_3608
ROM;1020;+0200;1730;+0200;0;AZ_2985-AZ_7307
ROM;1015;+0200;1730;+0200;0;AF_6113-AF_2104
ROM;1155;+0200;1910;+0200;0;BA_373-BA_554
ROM;1015;+0200;1735;+0200;0;LH_1095-LH_236
ROM;1015;+0200;1735;+0200;0;BD_2935-BD_3596
ROM;0715;+0200;1440;+0200;0;AF_7793-AF_9846
ROM;0715;+0200;1440;+0200;0;AF_6105-AF_9846
ROM;0715;+0200;1440;+0200;0;AZ_2983-AZ_333
ROM;0845;+0200;1610;+0200;0;AF_6111-AF_1904
ROM;0710;+0200;1440;+0200;0;AF_7793-AF_9846
LON;1155;+0200;1245;+0100;0;BA_373
LON;1805;+0200;1855;+0100;0;AA_6272
LON;1805;+0200;1855;+0100;0;QF_3372
LON;1805;+0200;1855;+0100;0;BA_375
LON;0830;+0200;0925;+0100;0;AA_6274
LON;1155;+0200;1250;+0100;0;AA_6270
LON;0835;+0200;0935;+0100;0;QF_3376
LON;0835;+0200;0935;+0100;0;BA_377
LON;1730;+0200;2000;+0100;0;AF_6137-AF_5028
LON;1515;+0200;1750;+0100;0;AF_6167-AF_5024
LON;1615;+0200;1850;+0100;0;AF_6131-AF_5026
LON;0635;+0200;0915;+0100;0;SN_3676-SN_2093
LON;1715;+0200;2000;+0100;0;AF_6135-AF_5028
LON;0615;+0200;0905;+0100;0;AF_6101-AF_5020
LON;0620;+0200;0915;+0100;0;SN_3676-SN_2093
LON;1015;+0200;1310;+0100;0;AF_6113-AF_5022
LON;1050;+0200;1345;+0100;0;AF_7795-AF_2280
LON;0600;+0200;0905;+0100;0;AF_6155-AF_5020
LON;1545;+0200;1850;+0100;0;AF_6129-AF_5026
LON;1615;+0200;1920;+0100;0;AF_7787-AF_1180
LON;0715;+0200;1025;+0100;0;AF_7793-AF_1980
LON;0710;+0200;1025;+0100;0;AF_7793-AF_1980
LON;0715;+0200;1030;+0100;0;AF_7793-AF_1980
LON;0820;+0200;1135;+0100;0;AF_5656-AF_5206
LON;1015;+0200;1330;+0100;0;LH_1095-LH_906
LON;1015;+0200;1330;+0100;0;BD_2935-BD_3218
LON;1645;+0200;2000;+0100;0;AF_6133-AF_5028
LON;0710;+0200;1030;+0100;0;AF_7793-AF_1980
LON;1400;+0200;1720;+0100;0;AF_8262-AF_5194
LON;0945;+0200;1310;+0100;0;AF_6109-AF_5022
LON;0705;+0200;1035;+0100;0;UA_9091-UA_8811
LON;1255;+0200;1625;+0100;0;AF_7785-AF_2580
LON;1840;+0200;2210;+0100;0;LH_1099-LH_922
LON;0705;+0200;1040;+0100;0;LH_1101-LH_904
LON;0705;+0200;1040;+0100;0;UA_9091-UA_8811
LON;1515;+0200;1850;+0100;0;AF_6167-AF_5026
LON;1535;+0200;1910;+0100;0;LH_2217-LH_2496
LON;1715;+0200;2050;+0100;0;KL_1312-KL_1033
LON;0635;+0200;1015;+0100;0;SN_3676-SN_2093
LON;0635;+0200;1015;+0100;0;BD_5426-BD_5433
LON;1230;+0200;1610;+0100;0;KL_1304-KL_1021
LON;1230;+0200;1615;+0100;0;KL_1304-KL_1025
LON;1535;+0200;1920;+0100;0;LH_2217-LH_2480
LON;1615;+0200;2000;+0100;0;AF_6131-AF_5028
LON;0625;+0200;1015;+0100;0;LH_2223-LH_2472
LON;0645;+0200;1035;+0100;0;UA_9091-UA_8811
LON;1450;+0200;1840;+0100;0;BD_2937-BD_3462
LON;1450;+0200;1840;+0100;0;LH_1097-LH_936
LON;0620;+0200;1015;+0100;0;SN_3676-SN_2093
LON;0645;+0200;1040;+0100;0;UA_9091-UA_8811
LON;0915;+0200;1310;+0100;0;AF_6115-AF_5022
LON;1450;+0200;1850;+0100;0;BD_2937-BD_3190
LON;1450;+0200;1850;+0100;0;LH_1097-LH_918
LON;1015;+0200;1420;+0100;0;LH_1095-LH_908
LON;1015;+0200;1420;+0100;0;BD_2935-BD_3208
LON;1345;+0200;1750;+0100;0;AF_6123-AF_5024
LON;0700;+0200;1110;+0100;0;IB_8765-IB_3174
LON;1210;+0200;1625;+0100;0;LH_2215-LH_2478
LON;1545;+0200;2000;+0100;0;AF_6129-AF_5028
LON;1615;+0200;2030;+0100;0;AF_7787-AF_1380
LON;1720;+0200;2135;+0100;0;SN_3670-SN_2103
LON;1005;+0200;1425;+0100;0;IB_5676-IB_7468
LON;1450;+0200;1910;+0100;0;AZ_7345-AZ_208
LON;1655;+0200;2115;+0100;0;IB_8771-IB_3178
LON;0845;+0200;1310;+0100;0;AF_6111-AF_5022
LON;1000;+0200;1435;+0100;0;IB_8775-IB_3164
LON;1005;+0200;1440;+0100;0;IB_5676-IB_7456
LON;1535;+0200;2010;+0100;0;LH_2217-LH_2482
LON;1700;+0200;2135;+0100;0;BD_5424-BD_5437
LON;0605;+0200;1045;+0100;0;KL_1300-KL_1009
LON;1140;+0200;1620;+0100;0;IB_8767-IB_3172
LON;1145;+0200;1625;+0100;0;AF_6119-AF_2580
LON;1230;+0200;1710;+0100;0;KL_1304-KL_1029
LON;1345;+0200;1825;+0100;0;AF_6123-AF_1080
LON;1250;+0200;1735;+0100;0;TP_491-TP_356
LON;1515;+0200;2000;+0100;0;AF_6167-AF_5028
LON;1545;+0200;2030;+0100;0;AF_6129-AF_1380
LON;1815;+0200;2305;+0100;0;AZ_367-AZ_210
LON;0815;+0200;1310;+0100;0;AF_6153-AF_5022
LON;1000;+0200;1455;+0100;0;IB_8775-IB_3176
LON;1255;+0200;1750;+0100;0;AF_7785-AF_5024
LON;0605;+0200;1105;+0100;0;AF_8260-AF_5186
LON;0845;+0200;1345;+0100;0;AF_6111-AF_2280
LON;1155;+0200;1655;+0100;0;SN_3668-SN_2101
LON;1155;+0200;1655;+0100;0;BD_5428-BD_5435
LON;0700;+0200;1205;+0100;0;AA_5340-AA_6277
LON;1155;+0200;1700;+0100;0;SN_3668-SN_2095
LON;1230;+0200;1735;+0100;0;KL_1304-KL_1023
LON;1245;+0200;1750;+0100;0;AF_6121-AF_5024
LON;1345;+0200;1850;+0100;0;AF_6123-AF_5026
LON;0700;+0200;1210;+0100;0;IB_8765-IB_7442
LON;1400;+0200;1915;+0100;0;AF_8262-AF_5198
LON;1515;+0200;2030;+0100;0;AF_6167-AF_1380
LON;1655;+0200;2210;+0100;0;IB_8771-IB_3168
LON;1255;+0200;1815;+0100;0;AF_7785-AF_1080
LON;0745;+0200;1310;+0100;0;AF_6107-AF_5022
LON;0815;+0200;1345;+0100;0;AF_6153-AF_2280
LON;1005;+0200;1535;+0100;0;AA_5343-AA_6279
LON;1245;+0200;1815;+0100;0;AF_6121-AF_1080
LON;1255;+0200;1825;+0100;0;AF_7785-AF_1080
MAD;0700;+0200;0820;+0200;0;IB_8765
MAD;1000;+0200;1120;+0200;0;IB_8775
MAD;1140;+0200;1300;+0200;0;IB_8767
MAD;1655;+0200;1815;+0200;0;IB_8771
MAD;1900;+0200;2020;+0200;0;IB_8773
MAD;1005;+0200;1400;+0200;0;IB_5676-IB_2751
MAD;0715;+0200;1140;+0200;0;AF_7793-AF_1300
MAD;0815;+0200;1240;+0200;0;AF_6153-AF_1530
MAD;0915;+0200;1340;+0200;0;AF_6115-AF_1430
MAD;1815;+0200;2240;+0200;0;AF_6139-AF_1730
MAD;0710;+0200;1140;+0200;0;AF_7793-AF_1300
MAD;1255;+0200;1730;+0200;0;AF_7785-AF_1800
MAD;1250;+0200;1730;+0200;0;TP_491-TP_1016
MAD;1800;+0200;2240;+0200;0;AF_6157-AF_1730
MAD;1005;+0200;1455;+0200;0;IB_5676-IB_6767
MAD;1345;+0200;1835;+0200;0;AF_6123-AF_1630
MAD;0745;+0200;1240;+0200;0;AF_6107-AF_1530
MAD;0845;+0200;1340;+0200;0;AF_6111-AF_1430
MAD;1155;+0200;1650;+0200;0;BD_5428-BD_5313
MAD;1155;+0200;1650;+0200;0;SN_3668-SN_3727
MAD;1735;+0200;2235;+0200;0;IB_8797-IB_119
MAD;0625;+0200;1135;+0200;0;LH_2223-LH_1800
MAD;1210;+0200;1720;+0200;0;LH_2215-LH_1804
MAD;1730;+0200;2240;+0200;0;AF_6137-AF_1730
MAD;1840;+0200;2350;+0200;0;LH_1099-LH_1120
MAD;1050;+0200;1610;+0200;0;AF_7795-AF_1700
MAD;0715;+0200;1240;+0200;0;AF_6105-AF_1530
MAD;0815;+0200;1340;+0200;0;AF_6153-AF_1430
MAD;1715;+0200;2240;+0200;0;AF_6135-AF_1730
MAD;1720;+0200;2245;+0200;0;SN_3670-SN_3731
MAD;1155;+0200;1725;+0200;0;BA_373-BA_464
MAD;1155;+0200;1725;+0200;0;AA_6270-AA_6283
MAD;1615;+0200;2145;+0200;0;AF_7787-AF_2100
MAD;1155;+0200;1730;+0200;0;BA_373-BA_464
MAD;1450;+0200;2025;+0200;0;LH_1097-LH_6802
MAD;1815;+0200;2350;+0200;0;AZ_367-AZ_64
MAD;1700;+0200;2245;+0200;0;BD_5424-BD_5317
MAD;1245;+0200;1835;+0200;0;AF_6121-AF_1630
MAD;1255;+0200;1845;+0200;0;AF_7785-AF_1900
MAD;0645;+0200;1240;+0200;0;AF_6103-AF_1530
MAD;0745;+0200;1340;+0200;0;AF_6107-AF_1430
MAD;1005;+0200;1600;+0200;0;IB_5676-IB_2761
MAD;1645;+0200;2240;+0200;0;AF_6133-AF_1730
MAD;1715;+0200;2310;+0200;0;KL_1312-KL_1707
MAD;0605;+0200;1205;+0200;0;KL_1300-KL_1701
MAD;0830;+0200;1430;+0200;0;AA_6274-AA_5615
MAD;1015;+0200;1615;+0200;0;LH_1095-LH_6800
MAD;1535;+0200;2155;+0200;0;LH_2217-LH_1806
MAD;0615;+0200;1240;+0200;0;AF_6101-AF_1530
MAD;0715;+0200;1340;+0200;0;AF_6105-AF_1430
MAD;0715;+0200;1340;+0200;0;AF_7793-AF_1430
MAD;0815;+0200;1440;+0200;0;AF_6153-AF_1600
MAD;0945;+0200;1610;+0200;0;AF_6109-AF_1700
MAD;1615;+0200;2240;+0200;0;AF_6131-AF_1730
MAD;0710;+0200;1340;+0200;0;AF_7793-AF_1430
MAD;1515;+0200;2145;+0200;0;AF_6167-AF_2100
MAD;1345;+0200;2020;+0200;0;AF_6123-AF_2000
MAD;0600;+0200;1240;+0200;0;AF_6155-AF_1530
MAD;1050;+0200;1730;+0200;0;AF_7795-AF_1800
MAD;1045;+0200;1730;+0200;0;AF_6117-AF_1800
MAD;1155;+0200;1840;+0200;0;AA_6270-AA_6282
MAD;1155;+0200;1840;+0200;0;BA_373-BA_462
MAD;1145;+0200;1835;+0200;0;AF_6119-AF_1630
MAD;0645;+0200;1340;+0200;0;AF_6103-AF_1430
MAD;0745;+0200;1440;+0200;0;AF_6107-AF_1600
MAD;0915;+0200;1610;+0200;0;AF_6115-AF_1700
MAD;1545;+0200;2240;+0200;0;AF_6129-AF_1730
MAD;0835;+0200;1535;+0200;0;BA_377-BA_7061
MAD;1145;+0200;1845;+0200;0;AF_6119-AF_1900
MAD;1155;+0200;1855;+0200;0;BA_373-BA_7063
LIS;1250;+0200;1350;+0100;0;TP_491
LIS;1655;+0200;2000;+0100;0;IB_8771-IB_3106
LIS;1800;+0200;2150;+0100;0;AF_7789-AF_2324
LIS;1900;+0200;2255;+0100;0;IB_8773-IB_3118
LIS;1050;+0200;1450;+0100;0;AF_7795-AF_1624
LIS;1140;+0200;1550;+0100;0;IB_8767-IB_3102
LIS;1255;+0200;1735;+0100;0;AF_7785-AF_1924
LIS;0700;+0200;1150;+0100;0;IB_8765-IB_3110
LIS;1840;+0200;2340;+0100;0;LH_1099-LH_1172
LIS;1015;+0200;1530;+0100;0;LH_1095-LH_6994
LIS;0635;+0200;1155;+0100;0;SN_3676-SN_3815
LIS;0635;+0200;1155;+0100;0;BD_5426-BD_5565
LIS;0620;+0200;1155;+0100;0;SN_3676-SN_3815
LIS;1155;+0200;1730;+0100;0;AA_6270-AA_6359
LIS;1615;+0200;2150;+0100;0;AF_7787-AF_2324
LIS;1715;+0200;2250;+0100;0;KL_1312-KL_1697
LIS;1015;+0200;1555;+0100;0;LH_1095-LH_1168
LIS;1155;+0200;1735;+0100;0;AA_6270-AA_6359
LIS;1155;+0200;1735;+0100;0;BA_373-BA_502
LIS;1000;+0200;1550;+0100;0;IB_8775-IB_3102
LIS;1145;+0200;1735;+0100;0;AF_6119-AF_1924
LIS;1655;+0200;2255;+0100;0;IB_8771-IB_3118
LIS;0845;+0200;1450;+0100;0;AF_6111-AF_1624
LIS;1545;+0200;2150;+0100;0;AF_6129-AF_2324
LIS;1450;+0200;2100;+0100;0;AZ_7345-AZ_7766
LIS;1535;+0200;2145;+0100;0;LH_2217-LH_1792
LIS;1450;+0200;2120;+0100;0;NH_6132-NH_6735
LIS;1450;+0200;2120;+0100;0;LH_1097-LH_6956
LIS;0815;+0200;1450;+0100;0;AF_6153-AF_1624
LIS;1515;+0200;2150;+0100;0;AF_6167-AF_2324
LIS;1050;+0200;1735;+0100;0;AF_7795-AF_1924
LIS;1045;+0200;1735;+0100;0;AF_6117-AF_1924
LIS;0625;+0200;1325;+0100;0;LH_2223-LH_1790
LIS;0745;+0200;1450;+0100;0;AF_6107-AF_1624
LIS;1155;+0200;1905;+0100;0;SN_3668-SN_6409
LIS;1155;+0200;1905;+0100;0;BD_5428-BD_5567
LIS;1155;+0200;1905;+0100;0;SN_3668-SN_3819
LIS;1015;+0200;1735;+0100;0;AF_6113-AF_1924
LIS;0635;+0200;1410;+0100;0;SN_3676-SN_6403
LIS;0715;+0200;1450;+0100;0;AF_6105-AF_1624
LIS;0715;+0200;1450;+0100;0;AF_7793-AF_1624
LIS;0710;+0200;1450;+0100;0;AF_7793-AF_1624
VCE;1750;+0200;1930;+0200;0;IB_5524
VCE;1750;+0200;1930;+0200;0;VY_9004
VCE;1820;+0200;2110;+0200;0;AF_7851-AF_5566
VCE;1820;+0200;2110;+0200;0;AZ_2709-AZ_7363
VCE;1345;+0200;1650;+0200;0;AF_7849-AF_5564
VCE;1345;+0200;1650;+0200;0;AZ_3595-AZ_7361
VCE;0700;+0200;1020;+0200;0;AZ_3591-AZ_7851
VCE;0700;+0200;1020;+0200;0;AF_7841-AF_5562
VCE;1450;+0200;1820;+0200;0;AZ_7345-AZ_1467
VCE;1815;+0200;2210;+0200;0;AZ_367-AZ_1483
VCE;1825;+0200;2225;+0200;0;LH_2219-LH_1914
VCE;1210;+0200;1620;+0200;0;LH_2215-LH_1910
VCE;1210;+0200;1620;+0200;0;UA_8757-UA_9273
VCE;0715;+0200;1130;+0200;0;AF_7793-AF_1426
VCE;1255;+0200;1710;+0200;0;AF_7785-AF_2026
VCE;0710;+0200;1130;+0200;0;AF_7793-AF_1426
VCE;1650;+0200;2110;+0200;0;AZ_3599-AZ_7363
VCE;1650;+0200;2110;+0200;0;AF_7843-AF_5566
VCE;1155;+0200;1620;+0200;0;UA_8757-UA_9273
VCE;1815;+0200;2245;+0200;0;AZ_367-AZ_1473
VCE;1450;+0200;1925;+0200;0;BD_2937-BD_3410
VCE;1450;+0200;1925;+0200;0;LH_1097-LH_330
VCE;1450;+0200;1925;+0200;0;NH_6132-NH_6201
VCE;1715;+0200;2210;+0200;0;KL_1312-KL_1659
VCE;1800;+0200;2300;+0200;0;AF_7789-AF_2526
VCE;1840;+0200;2340;+0200;0;LH_1099-LH_332
VCE;1655;+0200;2200;+0200;0;IB_8771-IB_3632
VCE;0730;+0200;1245;+0200;0;AF_7657-AF_4332
VCE;0605;+0200;1145;+0200;0;KL_1300-KL_1653
VCE;0705;+0200;1245;+0200;0;AF_5590-AF_4332
VCE;0625;+0200;1210;+0200;0;LH_2223-LH_1908
VCE;0815;+0200;1415;+0200;0;AF_6153-AF_1726
VCE;1110;+0200;1710;+0200;0;TU_283-TU_472
VCE;1345;+0200;1955;+0200;0;AF_6123-AF_2226
VCE;1450;+0200;2100;+0200;0;AZ_7345-AZ_1481
VCE;1645;+0200;2300;+0200;0;AF_6133-AF_2526
VCE;0705;+0200;1325;+0200;0;LH_1101-LH_326
VCE;1050;+0200;1710;+0200;0;AF_7795-AF_2026
VCE;1045;+0200;1710;+0200;0;AF_6117-AF_2026
VCE;0745;+0200;1415;+0200;0;AF_6107-AF_1726
VCE;1140;+0200;1825;+0200;0;IB_8767-IB_3630
VCE;1615;+0200;2300;+0200;0;AF_6131-AF_2526
VCE;1615;+0200;2300;+0200;0;AF_7787-AF_2526
VCE;1020;+0200;1710;+0200;0;AZ_2985-AZ_7331
VCE;1535;+0200;2225;+0200;0;LH_2217-LH_1914
VCE;1610;+0200;2300;+0200;0;AZ_2979-AZ_7335
VCE;1015;+0200;1710;+0200;0;AF_6113-AF_2026
VCE;0715;+0200;1415;+0200;0;AF_6105-AF_1726
VCE;0715;+0200;1415;+0200;0;AZ_2983-AZ_7329
VCE;0715;+0200;1415;+0200;0;AF_7793-AF_1726
VCE;1255;+0200;1955;+0200;0;AF_7785-AF_2226
VCE;0710;+0200;1415;+0200;0;AF_7793-AF_1726
VCE;1245;+0200;1955;+0200;0;AF_6121-AF_2226
VCE;1545;+0200;2300;+0200;0;AF_6129-AF_2526
VCE;1450;+0200;2210;+0200;0;AZ_7345-AZ_1483
VCE;0945;+0200;1710;+0200;0;AF_6109-AF_2026
VCE;1345;+0200;2110;+0200;0;AZ_3595-AZ_7363
VCE;1345;+0200;2110;+0200;0;AF_7849-AF_5566
VCE;0645;+0200;1415;+0200;0;AF_6103-AF_1726
VCE;1015;+0200;1745;+0200;0;LH_1095-LH_328
VCE;1015;+0200;1745;+0200;0;BD_2935-BD_3408
VCE;1515;+0200;2300;+0200;0;AF_6167-AF_2526
VCE;1050;+0200;1650;+0200;0;AF_7795-AF_7644-AF_5564
VCE;1045;+0200;1650;+0200;0;AF_6117-AF_7414-AF_5564
VCE;1630;+0200;2245;+0200;0;AZ_7347-AZ_1023-AZ_1473
VCE;1145;+0200;1805;+0200;0;AF_6119-AF_6228-AF_4386
VCE;0615;+0200;1245;+0200;0;AF_6101-AF_6010-AF_4332
VCE;1015;+0200;1650;+0200;0;AF_6113-AF_7414-AF_5564
VCE;0600;+0200;1245;+0200;0;AF_6155-AF_6010-AF_4332
VCE;0625;+0200;1325;+0200;0;LH_2223-LH_107-LH_326
VCE;0625;+0200;1325;+0200;0;LH_2223-LH_105-LH_326
VCE;0945;+0200;1650;+0200;0;AF_6109-AF_7414-AF_5564
VCE;1000;+0200;1710;+0200;0;AF_4358-AF_1843-AF_2026
VCE;0700;+0200;1415;+0200;0;AF_7841-AF_7653-AF_1726
VCE;1210;+0200;1925;+0200;0;LH_2215-LH_115-LH_330
VCE;1345;+0200;2100;+0200;0;AZ_3595-AZ_7839-AZ_1481
VCE;1045;+0200;1805;+0200;0;AF_6117-AF_6228-AF_4386
VCE;1045;+0200;1805;+0200;0;AF_6117-AF_6216-AF_4386
VCE;0915;+0200;1650;+0200;0;AF_6115-AF_7414-AF_5564
LYS;0700;+0200;0800;+0200;0;AF_7841
LYS;0835;+0200;0935;+0200;0;AF_7847
LYS;1345;+0200;1445;+0200;0;AF_7849
LYS;1650;+0200;1750;+0200;0;AF_7843
LYS;1820;+0200;1920;+0200;0;AF_7851
LYS;2050;+0200;2150;+0200;0;AF_7845
LYS;1600;+0200;1915;+0200;0;AF_5509-AF_7814
LYS;1645;+0200;2000;+0200;0;AF_6133-AF_7416
LYS;1045;+0200;1405;+0200;0;AF_6117-AF_7414
LYS;0615;+0200;0940;+0200;0;AF_6101-AF_7400
LYS;0715;+0200;1045;+0200;0;AF_7793-AF_7652
LYS;0710;+0200;1045;+0200;0;AF_7793-AF_7652
LYS;1050;+0200;1425;+0200;0;AF_7795-AF_7644
LYS;0600;+0200;0940;+0200;0;AF_6155-AF_7400
LYS;1615;+0200;2000;+0200;0;AF_6131-AF_7416
LYS;0635;+0200;1025;+0200;0;SN_3676-SN_3587
LYS;1015;+0200;1405;+0200;0;AF_6113-AF_7414
LYS;1615;+0200;2010;+0200;0;AF_7787-AF_7648
LYS;1015;+0200;1415;+0200;0;LH_1095-LH_1076
LYS;1015;+0200;1415;+0200;0;BD_2935-BD_3082
LYS;0620;+0200;1025;+0200;0;SN_3676-SN_3587
LYS;1720;+0200;2125;+0200;0;SN_3670-SN_3593
LYS;1015;+0200;1425;+0200;0;AF_4342-AF_5822
LYS;1155;+0200;1610;+0200;0;BD_5428-BD_5369
LYS;1155;+0200;1610;+0200;0;SN_3668-SN_3589
LYS;1255;+0200;1710;+0200;0;AF_7785-AF_7646
LYS;1545;+0200;2000;+0200;0;AF_6129-AF_7416
LYS;0945;+0200;1405;+0200;0;AF_6109-AF_7414
LYS;1720;+0200;2140;+0200;0;SN_3670-SN_3593
LYS;1825;+0200;2245;+0200;0;LH_2219-LH_2254
LYS;0700;+0200;1125;+0200;0;IB_8765-IB_8708
LYS;0950;+0200;1415;+0200;0;AF_7860-AF_5862
LYS;1700;+0200;2125;+0200;0;BD_5424-BD_5363
LYS;1210;+0200;1640;+0200;0;LH_2215-LH_2250
LYS;1450;+0200;1920;+0200;0;AZ_7345-AZ_7840
LYS;1800;+0200;2240;+0200;0;AF_7789-AF_7650
LYS;1515;+0200;2000;+0200;0;AF_6167-AF_7416
LYS;1715;+0200;2200;+0200;0;AF_5650-AF_5868
LYS;0915;+0200;1405;+0200;0;AF_6115-AF_7414
LYS;1655;+0200;2145;+0200;0;IB_8771-IB_8714
LYS;1715;+0200;2210;+0200;0;KL_1312-KL_2029
LYS;1710;+0200;2210;+0200;0;AF_8264-AF_1357
LYS;1805;+0200;2315;+0200;0;BA_375-BA_364
LYS;0605;+0200;1120;+0200;0;AF_8260-AF_1157
LYS;0605;+0200;1120;+0200;0;KL_1300-KL_2025
LYS;0845;+0200;1405;+0200;0;AF_6111-AF_7414
LYS;1805;+0200;2335;+0200;0;AA_6272-AA_6362
PRG;1050;+0200;1255;+0200;0;AF_4346
PRG;1345;+0200;1655;+0200;0;AF_7849-AF_5903
PRG;0700;+0200;1040;+0200;0;AF_7841-AF_5901
PRG;1050;+0200;1445;+0200;0;AF_7795-AF_1982
PRG;1450;+0200;1845;+0200;0;LH_1097-LH_1400
PRG;1450;+0200;1845;+0200;0;NH_6132-NH_6199
PRG;1450;+0200;1845;+0200;0;BD_2937-BD_2994
PRG;1210;+0200;1620;+0200;0;LH_2215-LH_1692
PRG;1840;+0200;2315;+0200;0;LH_1099-LH_1402
PRG;0705;+0200;1145;+0200;0;LH_1101-LH_1394
PRG;1535;+0200;2015;+0200;0;LH_2217-LH_1696
PRG;0605;+0200;1050;+0200;0;KL_1300-KL_3121
PRG;1155;+0200;1640;+0200;0;BD_5428-BD_5481
PRG;1155;+0200;1640;+0200;0;SN_3668-SN_2811
PRG;1720;+0200;2230;+0200;0;SN_3670-SN_2815
PRG;1615;+0200;2130;+0200;0;AF_7787-AF_2386
PRG;1720;+0200;2235;+0200;0;SN_3670-SN_2815
PRG;0715;+0200;1240;+0200;0;AF_7793-AF_1782
PRG;1615;+0200;2140;+0200;0;AF_7787-AF_1082
PRG;0710;+0200;1240;+0200;0;AF_7793-AF_1782
PRG;1155;+0200;1725;+0200;0;SN_3668-SN_2811
PRG;1230;+0200;1800;+0200;0;KL_1304-KL_3125
PRG;0835;+0200;1415;+0200;0;BA_377-BA_860
PRG;0830;+0200;1415;+0200;0;AA_6274-AA_6481
PRG;0705;+0200;1255;+0200;0;LH_1101-LH_1396
PRG;0625;+0200;1220;+0200;0;LH_2223-LH_1690
PRG;0645;+0200;1240;+0200;0;AF_6103-AF_1782
PRG;1140;+0200;1735;+0200;0;IB_8767-IB_7884
PRG;1545;+0200;2140;+0200;0;AF_6129-AF_1082
PRG;0845;+0200;1445;+0200;0;AF_6111-AF_1982
PRG;1005;+0200;1610;+0200;0;IB_5676-IB_7886
PRG;1345;+0200;1950;+0200;0;AF_6123-AF_2482
PRG;0815;+0200;1425;+0200;0;AF_6153-AF_1982
PRG;1230;+0200;1840;+0200;0;KL_1304-KL_1357
PRG;1515;+0200;2130;+0200;0;AF_6167-AF_2386
PRG;0615;+0200;1240;+0200;0;AF_6101-AF_1782
PRG;1515;+0200;2140;+0200;0;AF_6167-AF_1082
PRG;0815;+0200;1445;+0200;0;AF_6153-AF_1982
PRG;0830;+0200;1505;+0200;0;AA_6274-AA_6481
PRG;0600;+0200;1240;+0200;0;AF_6155-AF_1782
PRG;0745;+0200;1425;+0200;0;AF_6107-AF_1982
PRG;1155;+0200;1850;+0200;0;AA_6270-AA_6635
PRG;1155;+0200;1850;+0200;0;BA_373-BA_856
PRG;1255;+0200;1950;+0200;0;AF_7785-AF_2482
PRG;0745;+0200;1445;+0200;0;AF_6107-AF_1982
PRG;1245;+0200;1950;+0200;0;AF_6121-AF_2482
PRG;0605;+0200;1315;+0200;0;KL_1300-KL_1355
PRG;0715;+0200;1425;+0200;0;AF_6105-AF_1982
PRG;0715;+0200;1425;+0200;0;AF_7793-AF_1982
PRG;1015;+0200;1725;+0200;0;BD_2935-BD_2992
PRG;1015;+0200;1725;+0200;0;LH_1095-LH_1398
PRG;0710;+0200;1425;+0200;0;AF_7793-AF_1982
PRG;0715;+0200;1445;+0200;0;AF_6105-AF_1982
PRG;0715;+0200;1445;+0200;0;AF_7793-AF_1982
PRG;0710;+0200;1445;+0200;0;AF_7793-AF_1982
PRG;1000;+0200;1735;+0200;0;IB_8775-IB_7884
PRG;0645;+0200;1425;+0200;0;AF_6103-AF_1982
PRG;1345;+0200;2130;+0200;0;AF_6123-AF_2386
PRG;0835;+0200;1425;+0200;0;AF_7847-AF_7641-AF_1982
PRG;1050;+0200;1655;+0200;0;AF_7795-AF_7644-AF_5903
PRG;0835;+0200;1445;+0200;0;AF_7847-AF_7641-AF_1982
PRG;1045;+0200;1655;+0200;0;AF_6117-AF_7414-AF_5903
PRG;0625;+0200;1255;+0200;0;LH_2223-LH_107-LH_1396
PRG;0625;+0200;1255;+0200;0;LH_2223-LH_105-LH_1396
PRG;1155;+0200;1825;+0200;0;SN_3668-SN_7005-SN_7023
PRG;0635;+0200;1310;+0200;0;SN_3676-SN_7001-SN_7121
PRG;1210;+0200;1845;+0200;0;LH_2215-LH_115-LH_1400
PRG;1015;+0200;1655;+0200;0;AF_6113-AF_7414-AF_5903
PRG;0620;+0200;1310;+0200;0;SN_3676-SN_7001-SN_7121
PRG;0740;+0200;1445;+0200;0;AF_7879-AF_7701-AF_1982
PRG;0945;+0200;1655;+0200;0;AF_6109-AF_7414-AF_5903
PRG;0730;+0200;1445;+0200;0;AF_7657-AF_7663-AF_1982
PRG;0700;+0200;1425;+0200;0;AF_7841-AF_7641-AF_1982
PRG;0700;+0200;1425;+0200;0;AF_7841-AF_7653-AF_1982
PRG;0705;+0200;1445;+0200;0;AF_5590-AF_7663-AF_1982
PRG;0915;+0200;1655;+0200;0;AF_6115-AF_7414-AF_5903
PRG;1535;+0200;2315;+0200;0;LH_2217-LH_123-LH_1402
PRG;1535;+0200;2315;+0200;0;LH_2217-LH_119-LH_1402
PRG;1535;+0200;2315;+0200;0;LH_2217-LH_121-LH_1402
PRG;0700;+0200;1445;+0200;0;AF_7841-AF_7653-AF_1982
PRG;0700;+0200;1445;+0200;0;AF_7841-AF_7641-AF_1982
PRG;1345;+0200;2130;+0200;0;AF_7849-AF_7645-AF_2386
NTE;0820;+0200;0920;+0200;0;AF_5656
NTE;0950;+0200;1050;+0200;0;AF_7860
NTE;1715;+0200;1815;+0200;0;AF_5650
NTE;2030;+0200;2130;+0200;0;AF_5652
NTE;2105;+0200;2205;+0200;0;AF_7862
NTE;1345;+0200;1630;+0200;0;AF_7849-AF_5863
NTE;0700;+0200;1005;+0200;0;AF_7841-AF_5861
NTE;1820;+0200;2125;+0200;0;AF_7851-AF_5869
NTE;0915;+0200;1225;+0200;0;AF_6115-AF_7384
NTE;1915;+0200;2225;+0200;0;AF_6143-AF_7388
NTE;0715;+0200;1030;+0200;0;AF_6105-AF_7382
NTE;1650;+0200;2010;+0200;0;AF_7843-AF_5867
NTE;0715;+0200;1040;+0200;0;AF_7793-AF_7720
NTE;0710;+0200;1040;+0200;0;AF_7793-AF_7720
NTE;0640;+0200;1015;+0200;0;AF_5539-AF_5770
NTE;0845;+0200;1225;+0200;0;AF_6111-AF_7384
NTE;1600;+0200;1940;+0200;0;AF_5509-AF_3144
NTE;1845;+0200;2225;+0200;0;AF_6141-AF_7388
NTE;0645;+0200;1030;+0200;0;AF_6103-AF_7382
NTE;1800;+0200;2145;+0200;0;AF_7789-AF_7728
NTE;1045;+0200;1445;+0200;0;AF_6117-AF_7386
NTE;0705;+0200;1110;+0200;0;AF_5590-AF_7690
NTE;0700;+0200;1110;+0200;0;IB_8765-IB_8546
NTE;0815;+0200;1225;+0200;0;AF_6153-AF_7384
NTE;1815;+0200;2225;+0200;0;AF_6139-AF_7388
NTE;0600;+0200;1015;+0200;0;AF_7868-AF_5770
NTE;0615;+0200;1030;+0200;0;AF_6101-AF_7382
NTE;1345;+0200;1800;+0200;0;AF_7849-AF_5865
NTE;1255;+0200;1720;+0200;0;AF_7785-AF_7730
NTE;1800;+0200;2225;+0200;0;AF_6157-AF_7388
NTE;0600;+0200;1030;+0200;0;AF_6155-AF_7382
NTE;1015;+0200;1445;+0200;0;AF_6113-AF_7386
NTE;1650;+0200;2125;+0200;0;AF_7843-AF_5869
NTE;0605;+0200;1045;+0200;0;AF_8260-AF_5365
NTE;0605;+0200;1045;+0200;0;KL_1300-KL_2033
NTE;0745;+0200;1225;+0200;0;AF_6107-AF_7384
NTE;0730;+0200;1225;+0200;0;AF_7657-AF_7610
NTE;1730;+0200;2225;+0200;0;AF_6137-AF_7388
NTE;0945;+0200;1445;+0200;0;AF_6109-AF_7386
NTE;1715;+0200;2215;+0200;0;KL_1312-KL_2035
NTE;1710;+0200;2215;+0200;0;AF_8264-AF_5369
NTE;0715;+0200;1225;+0200;0;AF_6105-AF_7384
NTE;1715;+0200;2225;+0200;0;AF_6135-AF_7388
NTE;0705;+0200;1225;+0200;0;AF_5590-AF_7610
NTE;0815;+0200;1340;+0200;0;AF_6153-AF_7724
NTE;0915;+0200;1445;+0200;0;AF_6115-AF_7386
NTE;1600;+0200;2130;+0200;0;AF_5509-AF_3146
NTE;1615;+0200;2145;+0200;0;AF_7787-AF_7728
NTE;1615;+0200;2145;+0200;0;AF_6131-AF_7728
NTE;1145;+0200;1720;+0200;0;AF_6119-AF_7730
NTE;1535;+0200;2110;+0200;0;AF_5594-AF_7612
NTE;0645;+0200;1225;+0200;0;AF_6103-AF_7384
NTE;1645;+0200;2225;+0200;0;AF_6133-AF_7388
NTE;1655;+0200;2235;+0200;0;IB_8771-IB_8544
NTE;0745;+0200;1340;+0200;0;AF_6107-AF_7724
NTE;0845;+0200;1445;+0200;0;AF_6111-AF_7386
NTE;1545;+0200;2145;+0200;0;AF_6129-AF_7728
NTE;0615;+0200;1225;+0200;0;AF_6101-AF_7384
NTE;1615;+0200;2225;+0200;0;AF_7787-AF_7388
NTE;1615;+0200;2225;+0200;0;AF_6131-AF_7388
NTE;0600;+0200;1225;+0200;0;AF_6155-AF_7384
NTE;0715;+0200;1340;+0200;0;AF_7793-AF_7724
NTE;0715;+0200;1340;+0200;0;AF_6105-AF_7724
NTE;1345;+0200;2010;+0200;0;AF_7849-AF_5867
NTE;0710;+0200;1340;+0200;0;AF_7793-AF_7724
NTE;0730;+0200;1400;+0200;0;AF_7657-AF_5766
NTE;0815;+0200;1445;+0200;0;AF_6153-AF_7386
NTE;1050;+0200;1720;+0200;0;AF_7795-AF_7730
NTE;1515;+0200;2145;+0200;0;AF_6167-AF_7728
NTE;1045;+0200;1720;+0200;0;AF_6117-AF_7730
NTE;1535;+0200;2210;+0200;0;AF_5594-AF_5764
NTE;1545;+0200;2225;+0200;0;AF_6129-AF_7388
NTE;1110;+0200;1800;+0200;0;TU_283-TU_810
NTE;0645;+0200;1340;+0200;0;AF_6103-AF_7724
NTE;0705;+0200;1400;+0200;0;AF_5590-AF_5766
NTE;0745;+0200;1445;+0200;0;AF_6107-AF_7386
NTE;1245;+0200;1645;+0200;0;AF_6121-AF_7436-AF_3264
NTE;0915;+0200;1325;+0200;0;AF_6115-AF_6258-AF_3203
NTE;1515;+0200;1940;+0200;0;AF_6167-AF_6266-AF_3207
NTE;0845;+0200;1325;+0200;0;AF_6111-AF_6258-AF_3203
NTE;1145;+0200;1645;+0200;0;AF_6119-AF_7436-AF_3264
NTE;0815;+0200;1325;+0200;0;AF_6153-AF_6258-AF_3203
NTE;0745;+0200;1325;+0200;0;AF_6107-AF_6258-AF_3203
NTE;1050;+0200;1630;+0200;0;AF_7795-AF_7644-AF_5863
NTE;0640;+0200;1225;+0200;0;AF_5539-AF_7305-AF_7384
NTE;1045;+0200;1630;+0200;0;AF_6117-AF_7414-AF_5863
NTE;1615;+0200;2205;+0200;0;AF_6131-AF_7552-AF_3275
NTE;1345;+0200;1940;+0200;0;AF_6123-AF_6266-AF_3207
NTE;1345;+0200;1940;+0200;0;AF_6123-AF_6264-AF_3207
NTE;1045;+0200;1645;+0200;0;AF_6117-AF_7436-AF_3264
NTE;1515;+0200;2115;+0200;0;AF_6167-AF_6226-AF_7890
NTE;0715;+0200;1325;+0200;0;AF_7793-AF_7622-AF_3203
NTE;0715;+0200;1325;+0200;0;AF_6105-AF_6258-AF_3203
NTE;0715;+0200;1325;+0200;0;AF_6105-AF_6256-AF_3203
NTE;0835;+0200;1445;+0200;0;AF_7847-AF_7417-AF_7386
NTE;0710;+0200;1325;+0200;0;AF_7793-AF_7622-AF_3203
NTE;1015;+0200;1630;+0200;0;AF_6113-AF_7414-AF_5863
NTE;1545;+0200;2205;+0200;0;AF_6129-AF_7552-AF_3275
NTE;0600;+0200;1225;+0200;0;AF_7868-AF_7305-AF_7384
NTE;1545;+0200;2210;+0200;0;AF_6129-AF_7310-AF_5772
NTE;1545;+0200;2210;+0200;0;AF_6129-AF_6038-AF_5764
NTE;1015;+0200;1645;+0200;0;AF_6113-AF_6020-AF_7610
NTE;1015;+0200;1645;+0200;0;AF_6113-AF_7436-AF_3264
NTE;0645;+0200;1325;+0200;0;AF_6103-AF_6258-AF_3203
NTE;0645;+0200;1325;+0200;0;AF_6103-AF_6256-AF_3203
NTE;0700;+0200;1340;+0200;0;AF_7841-AF_7653-AF_7724
NTE;0715;+0200;1400;+0200;0;AF_7793-AF_7662-AF_5766
NTE;0945;+0200;1630;+0200;0;AF_6109-AF_7414-AF_5863
NTE;1255;+0200;1940;+0200;0;AF_7785-AF_7634-AF_3207
NTE;0710;+0200;1400;+0200;0;AF_7793-AF_7662-AF_5766
NTE;1515;+0200;2205;+0200;0;AF_6167-AF_7552-AF_3275
NTE;1515;+0200;2205;+0200;0;AF_6167-AF_7544-AF_3275
NTE;1535;+0200;2225;+0200;0;AF_5594-AF_6043-AF_7388
NTE;1535;+0200;2225;+0200;0;AF_5594-AF_6047-AF_7388
NTE;1535;+0200;2225;+0200;0;AF_5594-AF_6045-AF_7388
NTE;1245;+0200;1940;+0200;0;AF_6121-AF_6262-AF_3207
NTE;1245;+0200;1940;+0200;0;AF_6121-AF_6264-AF_3207
NTE;1245;+0200;1940;+0200;0;AF_6121-AF_6266-AF_3207
NTE;1515;+0200;2210;+0200;0;AF_6167-AF_7310-AF_5772
NTE;1515;+0200;2210;+0200;0;AF_6167-AF_6036-AF_5764
NTE;1515;+0200;2210;+0200;0;AF_6167-AF_6038-AF_5764
NTE;0945;+0200;1645;+0200;0;AF_6109-AF_7436-AF_3264
NTE;0945;+0200;1645;+0200;0;AF_6109-AF_6020-AF_7610
NTE;1045;+0200;1745;+0200;0;AF_6117-AF_7548-AF_3273
AMS;1400;+0200;1555;+0200;0;AF_8262
AMS;1230;+0200;1430;+0200;0;KL_1304
AMS;1710;+0200;1910;+0200;0;AF_8264
AMS;1715;+0200;1915;+0200;0;KL_1312
AMS;0605;+0200;0810;+0200;0;KL_1300
AMS;0605;+0200;0810;+0200;0;AF_8260
AMS;0820;+0200;1135;+0200;0;AF_5656-AF_5366
AMS;1800;+0200;2140;+0200;0;AF_7789-AF_8242
AMS;0715;+0200;1100;+0200;0;AF_7793-AF_8228
AMS;0710;+0200;1100;+0200;0;AF_7793-AF_8228
AMS;1825;+0200;2220;+0200;0;LH_2219-LH_2312
AMS;1015;+0200;1415;+0200;0;LH_1095-LH_992
AMS;0625;+0200;1030;+0200;0;LH_2223-LH_2302
AMS;1615;+0200;2020;+0200;0;AF_7787-AF_8240
AMS;1805;+0200;2210;+0200;0;BA_375-BA_444
AMS;0715;+0200;1140;+0200;0;AF_7793-AF_8230
AMS;0710;+0200;1140;+0200;0;AF_7793-AF_8230
AMS;0640;+0200;1115;+0200;0;AF_5539-AF_5484
AMS;1210;+0200;1645;+0200;0;LH_2215-LH_2306
AMS;1255;+0200;1735;+0200;0;AF_7785-AF_2040
AMS;1450;+0200;1930;+0200;0;LH_1097-LH_998
AMS;1450;+0200;1930;+0200;0;NH_6132-NH_6175
AMS;1655;+0200;2150;+0200;0;IB_8771-IB_3244
AMS;0835;+0200;1335;+0200;0;AF_7847-AF_1256
AMS;1535;+0200;2035;+0200;0;LH_2217-LH_2310
AMS;1050;+0200;1555;+0200;0;AF_7795-AF_8234
AMS;1450;+0200;1955;+0200;0;AZ_7345-AZ_7728
AMS;0600;+0200;1115;+0200;0;AF_7868-AF_5484
AMS;1615;+0200;2140;+0200;0;AF_7787-AF_8242
AMS;0705;+0200;1235;+0200;0;LH_1101-LH_990
AMS;0705;+0200;1235;+0200;0;UA_9091-UA_9553
AMS;0830;+0200;1405;+0200;0;AA_6274-AA_6504
AMS;0835;+0200;1410;+0200;0;BA_377-BA_434
AMS;0600;+0200;1140;+0200;0;AF_6155-AF_8230
AMS;0715;+0200;1255;+0200;0;AF_7793-AF_1640
AMS;0715;+0200;1255;+0200;0;AF_6105-AF_1640
AMS;1015;+0200;1555;+0200;0;AF_6113-AF_8234
AMS;0710;+0200;1255;+0200;0;AF_7793-AF_1640
AMS;0815;+0200;1400;+0200;0;AF_6153-AF_1740
AMS;1345;+0200;1930;+0200;0;AF_7849-AF_1356
AMS;0645;+0200;1235;+0200;0;UA_9091-UA_9553
AMS;1145;+0200;1735;+0200;0;AF_6119-AF_2040
AMS;1345;+0200;1940;+0200;0;AF_6123-AF_2240
AMS;1545;+0200;2140;+0200;0;AF_6129-AF_8242
AMS;0740;+0200;1340;+0200;0;AF_7879-AF_8442
AMS;0645;+0200;1255;+0200;0;AF_6103-AF_1640
AMS;0945;+0200;1555;+0200;0;AF_6109-AF_8234
AMS;0745;+0200;1400;+0200;0;AF_6107-AF_1740
AMS;0625;+0200;1245;+0200;0;LH_2223-LH_2304
AMS;1155;+0200;1815;+0200;0;AA_6270-AA_6459
AMS;1155;+0200;1815;+0200;0;BA_373-BA_440
AMS;1210;+0200;1830;+0200;0;LH_2215-LH_2308
AMS;1515;+0200;2140;+0200;0;AF_6167-AF_8242
AMS;0700;+0200;1335;+0200;0;AF_7841-AF_1256
AMS;0835;+0200;1510;+0200;0;BA_377-BA_8453
AMS;1345;+0200;2020;+0200;0;AF_6123-AF_8240
AMS;1535;+0200;2210;+0200;0;AF_5594-AF_8288
AMS;0615;+0200;1255;+0200;0;AF_6101-AF_1640
AMS;0915;+0200;1555;+0200;0;AF_6115-AF_8234
AMS;1140;+0200;1820;+0200;0;IB_8767-IB_3250
AMS;0715;+0200;1400;+0200;0;AF_7793-AF_1740
AMS;0715;+0200;1400;+0200;0;AF_6105-AF_1740
AMS;1050;+0200;1735;+0200;0;AF_7795-AF_2040
AMS;1255;+0200;1940;+0200;0;AF_7785-AF_2240
AMS;1535;+0200;2220;+0200;0;LH_2217-LH_2312
BCN;1005;+0200;1100;+0200;0;VY_9000
BCN;1005;+0200;1100;+0200;0;IB_5676
BCN;0700;+0200;0955;+0200;0;AF_7841-AF_5906
BCN;1820;+0200;2125;+0200;0;AF_7851-AF_5894
BCN;1345;+0200;1655;+0200;0;AF_7849-AF_5898
BCN;1900;+0200;2225;+0200;0;IB_8773-IB_2790
BCN;0715;+0200;1115;+0200;0;AF_7793-AF_1348
BCN;0945;+0200;1345;+0200;0;AF_6109-AF_1230
BCN;1655;+0200;2055;+0200;0;IB_8771-IB_2764
BCN;1800;+0200;2200;+0200;0;AF_7789-AF_2348
BCN;0710;+0200;1115;+0200;0;AF_7793-AF_1348
BCN;1140;+0200;1555;+0200;0;IB_8767-IB_6754
BCN;0915;+0200;1345;+0200;0;AF_6115-AF_1230
BCN;1255;+0200;1725;+0200;0;AF_7785-AF_1948
BCN;1615;+0200;2045;+0200;0;AF_7787-AF_2148
BCN;0705;+0200;1140;+0200;0;LH_1101-LH_1126
BCN;1650;+0200;2125;+0200;0;AF_7843-AF_5894
BCN;0705;+0200;1145;+0200;0;LH_1101-LH_1126
BCN;1900;+0200;2340;+0200;0;IB_8773-IB_2728
BCN;1450;+0200;1935;+0200;0;LH_1097-LH_1134
BCN;0625;+0200;1115;+0200;0;LH_2223-LH_1810
BCN;1345;+0200;1835;+0200;0;AF_6123-AF_1330
BCN;0845;+0200;1345;+0200;0;AF_6111-AF_1230
BCN;1015;+0200;1515;+0200;0;LH_1095-LH_1128
BCN;1825;+0200;2325;+0200;0;LH_2219-LH_1818
BCN;1815;+0200;2320;+0200;0;AZ_367-AZ_78
BCN;1210;+0200;1720;+0200;0;LH_2215-LH_1814
BCN;1140;+0200;1655;+0200;0;IB_8767-IB_6772
BCN;0635;+0200;1155;+0200;0;SN_3676-SN_3701
BCN;0635;+0200;1155;+0200;0;UA_9950-UA_9971
BCN;0815;+0200;1345;+0200;0;AF_6153-AF_1230
BCN;1655;+0200;2225;+0200;0;IB_8771-IB_2790
BCN;1715;+0200;2245;+0200;0;KL_1312-KL_1681
BCN;0620;+0200;1155;+0200;0;UA_9950-UA_9971
BCN;0620;+0200;1155;+0200;0;SN_3676-SN_3701
BCN;0835;+0200;1420;+0200;0;BA_377-BA_474
BCN;1140;+0200;1725;+0200;0;IB_8767-IB_6774
BCN;1535;+0200;2120;+0200;0;LH_2217-LH_1816
BCN;1615;+0200;2200;+0200;0;AF_7787-AF_2348
BCN;1720;+0200;2305;+0200;0;SN_3670-SN_3707
BCN;1245;+0200;1835;+0200;0;AF_6121-AF_1330
BCN;0635;+0200;1230;+0200;0;UA_9950-UA_9971
BCN;0700;+0200;1255;+0200;0;IB_8765-IB_6764
BCN;0830;+0200;1425;+0200;0;AA_6274-AA_6287
BCN;1000;+0200;1555;+0200;0;IB_8775-IB_6754
BCN;0745;+0200;1345;+0200;0;AF_6107-AF_1230
NCE;2235;+0200;2340;+0200;0;IB_5658
NCE;2235;+0200;2340;+0200;0;VY_9018
NCE;0740;+0200;0850;+0200;0;AF_7879
NCE;2220;+0200;2330;+0200;0;AF_7881
NCE;0700;+0200;0925;+0200;0;AF_7841-AF_7833
NCE;0700;+0200;0940;+0200;0;AF_7841-AF_7830
NCE;1820;+0200;2105;+0200;0;AF_7851-AF_7834
NCE;1345;+0200;1635;+0200;0;AF_7849-AF_7839
NCE;0600;+0200;0920;+0200;0;AF_6155-AF_6202
NCE;1800;+0200;2120;+0200;0;AF_6157-AF_6230
NCE;1930;+0200;2250;+0200;0;AF_6147-AF_6246
NCE;2005;+0200;2335;+0200;0;AF_7870-AF_7899
NCE;0615;+0200;0950;+0200;0;AF_6101-AF_6204
NCE;0715;+0200;1050;+0200;0;AF_6105-AF_6206
NCE;0745;+0200;1120;+0200;0;AF_6107-AF_6200
NCE;0815;+0200;1150;+0200;0;AF_6153-AF_6208
NCE;0845;+0200;1220;+0200;0;AF_6111-AF_6210
NCE;0915;+0200;1250;+0200;0;AF_6115-AF_6234
NCE;0945;+0200;1320;+0200;0;AF_6109-AF_6212
NCE;1015;+0200;1350;+0200;0;AF_6113-AF_6244
NCE;1145;+0200;1520;+0200;0;AF_6119-AF_6228
NCE;1245;+0200;1620;+0200;0;AF_6121-AF_6218
NCE;1515;+0200;1850;+0200;0;AF_6167-AF_6226
NCE;1545;+0200;1920;+0200;0;AF_6129-AF_6236
NCE;1645;+0200;2020;+0200;0;AF_6133-AF_6238
NCE;1845;+0200;2220;+0200;0;AF_6141-AF_6232
NCE;1915;+0200;2250;+0200;0;AF_6143-AF_6246
NCE;1945;+0200;2320;+0200;0;AF_6145-AF_6242
NCE;1450;+0200;1830;+0200;0;AZ_7345-AZ_354
NCE;0600;+0200;0950;+0200;0;AF_6155-AF_6204
NCE;0715;+0200;1105;+0200;0;AF_7793-AF_7702
NCE;1730;+0200;2120;+0200;0;AF_6137-AF_6230
NCE;1930;+0200;2320;+0200;0;AF_6147-AF_6242
NCE;0710;+0200;1105;+0200;0;AF_7793-AF_7702
NCE;0910;+0200;1305;+0200;0;AF_5505-AF_7886
NCE;1615;+0200;2010;+0200;0;AF_7787-AF_7708
NCE;1005;+0200;1405;+0200;0;IB_5676-IB_8778
NCE;0645;+0200;1050;+0200;0;AF_6103-AF_6206
NCE;0715;+0200;1120;+0200;0;AF_6105-AF_6200
NCE;0745;+0200;1150;+0200;0;AF_6107-AF_6208
NCE;0815;+0200;1220;+0200;0;AF_6153-AF_6210
NCE;0845;+0200;1250;+0200;0;AF_6111-AF_6234
NCE;0915;+0200;1320;+0200;0;AF_6115-AF_6212
NCE;0945;+0200;1350;+0200;0;AF_6109-AF_6244
NCE;1045;+0200;1450;+0200;0;AF_6117-AF_6216
NCE;1345;+0200;1750;+0200;0;AF_6123-AF_6222
NCE;1515;+0200;1920;+0200;0;AF_6167-AF_6236
NCE;1615;+0200;2020;+0200;0;AF_6131-AF_6238
NCE;1715;+0200;2120;+0200;0;AF_6135-AF_6230
NCE;1815;+0200;2220;+0200;0;AF_6139-AF_6232
NCE;1825;+0200;2230;+0200;0;LH_2219-LH_2278
NCE;1845;+0200;2250;+0200;0;AF_6141-AF_6246
NCE;1915;+0200;2320;+0200;0;AF_6143-AF_6242
NCE;1600;+0200;2010;+0200;0;AF_5509-AF_7884
NCE;1015;+0200;1430;+0200;0;LH_1095-LH_1060
NCE;1650;+0200;2105;+0200;0;AF_7843-AF_7834
NCE;1700;+0200;2115;+0200;0;BD_5424-BD_5447
NCE;1800;+0200;2220;+0200;0;AF_6157-AF_6232
NCE;1255;+0200;1720;+0200;0;AF_7785-AF_7706
NCE;1210;+0200;1640;+0200;0;LH_2215-LH_2274
NCE;1255;+0200;1725;+0200;0;AF_7785-AF_7706
NCE;0615;+0200;1050;+0200;0;AF_6101-AF_6206
NCE;0645;+0200;1120;+0200;0;AF_6103-AF_6200
NCE;0700;+0200;1135;+0200;0;IB_8765-IB_8750
NCE;0715;+0200;1150;+0200;0;AF_6105-AF_6208
NCE;0745;+0200;1220;+0200;0;AF_6107-AF_6210
NCE;0815;+0200;1250;+0200;0;AF_6153-AF_6234
NCE;0845;+0200;1320;+0200;0;AF_6111-AF_6212
NCE;0915;+0200;1350;+0200;0;AF_6115-AF_6244
NCE;1015;+0200;1450;+0200;0;AF_6113-AF_6216
NCE;1045;+0200;1520;+0200;0;AF_6117-AF_6228
NCE;1145;+0200;1620;+0200;0;AF_6119-AF_6218
NCE;1545;+0200;2020;+0200;0;AF_6129-AF_6238
NCE;1645;+0200;2120;+0200;0;AF_6133-AF_6230
NCE;1815;+0200;2250;+0200;0;AF_6139-AF_6246
NCE;1820;+0200;2255;+0200;0;AF_7851-AF_7829
NCE;1845;+0200;2320;+0200;0;AF_6141-AF_6242
NCE;0635;+0200;1120;+0200;0;SN_3676-SN_3617
NCE;1800;+0200;2245;+0200;0;AF_7789-AF_7712
NCE;0600;+0200;1050;+0200;0;AF_6155-AF_6206
NCE;0640;+0200;1130;+0200;0;AF_5539-AF_7894
NCE;1730;+0200;2220;+0200;0;AF_6137-AF_6232
NCE;1800;+0200;2250;+0200;0;AF_6157-AF_6246
NCE;0620;+0200;1120;+0200;0;SN_3676-SN_3617
NCE;0615;+0200;1120;+0200;0;AF_6101-AF_6200
NCE;0645;+0200;1150;+0200;0;AF_6103-AF_6208
NCE;0715;+0200;1220;+0200;0;AF_6105-AF_6210
NCE;0745;+0200;1250;+0200;0;AF_6107-AF_6234
NCE;0815;+0200;1320;+0200;0;AF_6153-AF_6212
NCE;0845;+0200;1350;+0200;0;AF_6111-AF_6244
NCE;0945;+0200;1450;+0200;0;AF_6109-AF_6216
NCE;1015;+0200;1520;+0200;0;AF_6113-AF_6228
NCE;1245;+0200;1750;+0200;0;AF_6121-AF_6222
NCE;1345;+0200;1850;+0200;0;AF_6123-AF_6226
NCE;1515;+0200;2020;+0200;0;AF_6167-AF_6238
NCE;1535;+0200;2040;+0200;0;LH_2217-LH_2276
NCE;1615;+0200;2120;+0200;0;AF_6131-AF_6230
NCE;1715;+0200;2220;+0200;0;AF_6135-AF_6232
NCE;1815;+0200;2320;+0200;0;AF_6139-AF_6242
NCE;0635;+0200;1145;+0200;0;BD_5426-BD_5441
NCE;0635;+0200;1145;+0200;0;SN_3676-SN_3617
NCE;1715;+0200;2225;+0200;0;KL_1312-KL_1273
NCE;1840;+0200;2350;+0200;0;LH_1099-LH_1068
NCE;1710;+0200;2225;+0200;0;AF_8264-AF_8275
NCE;0600;+0200;1120;+0200;0;AF_6155-AF_6200
NCE;1730;+0200;2250;+0200;0;AF_6137-AF_6246
NCE;1800;+0200;2320;+0200;0;AF_6157-AF_6242
NCE;0620;+0200;1145;+0200;0;SN_3676-SN_3617
NCE;1155;+0200;1720;+0200;0;BA_373-BA_354
NCE;1615;+0200;2140;+0200;0;AF_7787-AF_7712
NCE;0600;+0200;1130;+0200;0;AF_7868-AF_7894
NCE;1155;+0200;1725;+0200;0;AA_6270-AA_6586
NCE;1655;+0200;2225;+0200;0;IB_8771-IB_8756
NCE;1805;+0200;2335;+0200;0;AA_6272-AA_6391
BRU;1055;+0200;1235;+0200;0;AF_4344
BRU;0635;+0200;0820;+0200;0;SN_3676
BRU;0635;+0200;0820;+0200;0;UA_9950
BRU;1155;+0200;1340;+0200;0;SN_3668
BRU;0620;+0200;0820;+0200;0;SN_3676
BRU;0620;+0200;0820;+0200;0;UA_9950
BRU;1155;+0200;1355;+0200;0;SN_3668
BRU;1720;+0200;1920;+0200;0;SN_3670
BRU;1820;+0200;2110;+0200;0;AF_7851-AF_5406
BRU;1345;+0200;1715;+0200;0;AF_7849-AF_5404
BRU;1840;+0200;2215;+0200;0;LH_1099-LH_1024
BRU;1015;+0200;1400;+0200;0;LH_1095-LH_1012
BRU;1450;+0200;1835;+0200;0;NH_6132-NH_6171
BRU;1450;+0200;1835;+0200;0;LH_1097-LH_1018
BRU;0625;+0200;1025;+0200;0;LH_2223-LH_2284
BRU;1155;+0200;1605;+0200;0;AA_6270-AA_6456
BRU;1825;+0200;2235;+0200;0;LH_2219-LH_2296
BRU;1155;+0200;1615;+0200;0;BA_373-BA_396
BRU;1650;+0200;2110;+0200;0;AF_7843-AF_5406
BRU;1805;+0200;2225;+0200;0;BA_375-BA_404
BRU;1210;+0200;1635;+0200;0;LH_2215-LH_2290
BRU;1615;+0200;2043;+0200;0;AF_7787-AF_7187
BRU;0605;+0200;1045;+0200;0;KL_1300-KL_1723
BRU;0715;+0200;1155;+0200;0;AF_7793-AF_7179
BRU;0710;+0200;1155;+0200;0;AF_7793-AF_7179
BRU;1715;+0200;2205;+0200;0;KL_1312-KL_1733
BRU;1535;+0200;2035;+0200;0;LH_2217-LH_2294
BRU;1655;+0200;2200;+0200;0;IB_8771-IB_3208
BRU;1230;+0200;1745;+0200;0;KL_1304-KL_1731
BRU;1450;+0200;2005;+0200;0;LH_1097-LH_1020
BRU;1815;+0200;2330;+0200;0;AZ_367-AZ_164
BRU;0845;+0200;1423;+0200;0;AF_6111-AF_7183
BRU;0615;+0200;1155;+0200;0;AF_6101-AF_7179
BRU;0625;+0200;1205;+0200;0;LH_2223-LH_2286
BRU;0705;+0200;1245;+0200;0;LH_1101-LH_1010
BRU;1250;+0200;1835;+0200;0;TP_491-TP_614
BRU;1255;+0200;1845;+0200;0;AF_7785-AF_7185
BRU;0600;+0200;1155;+0200;0;AF_6155-AF_7179
BRU;1245;+0200;1845;+0200;0;AF_6121-AF_7185
BRU;0815;+0200;1423;+0200;0;AF_6153-AF_7183
BRU;0835;+0200;1445;+0200;0;BA_377-BA_394
BRU;0835;+0200;1445;+0200;0;QF_3376-QF_3391
BRU;1210;+0200;1825;+0200;0;LH_2215-LH_2292
BRU;0830;+0200;1450;+0200;0;AA_6274-AA_6427
BRU;1015;+0200;1645;+0200;0;LH_1095-LH_1014
BRU;0745;+0200;1423;+0200;0;AF_6107-AF_7183
BRU;1140;+0200;1820;+0200;0;IB_8767-IB_3214
BRU;1155;+0200;1835;+0200;0;AA_6270-AA_6457
BRU;1155;+0200;1835;+0200;0;BA_373-BA_398
BRU;1250;+0200;1930;+0200;0;TP_491-TP_614
BRU;0705;+0200;1400;+0200;0;LH_1101-LH_1012
BRU;1345;+0200;2043;+0200;0;AF_6123-AF_7187
BRU;1145;+0200;1845;+0200;0;AF_6119-AF_7185
BRU;1535;+0200;2235;+0200;0;LH_2217-LH_2296
BRU;0715;+0200;1423;+0200;0;AF_6105-AF_7183
BRU;0715;+0200;1423;+0200;0;AF_7793-AF_7183
BRU;0710;+0200;1423;+0200;0;AF_7793-AF_7183
BRU;0700;+0200;1415;+0200;0;IB_8765-IB_3202
BER;0955;+0200;1210;+0200;0;AF_4356
BER;1210;+0200;1540;+0200;0;LH_2215-LH_2040
BER;1825;+0200;2155;+0200;0;LH_2219-LH_2054
BER;0625;+0200;1015;+0200;0;LH_2223-LH_2034
BER;1015;+0200;1405;+0200;0;BD_2935-BD_3582
BER;1015;+0200;1405;+0200;0;LH_1095-LH_182
BER;1230;+0200;1630;+0200;0;KL_1304-KL_1829
BER;1720;+0200;2120;+0200;0;SN_3670-SN_2589
BER;1210;+0200;1620;+0200;0;LH_2215-LH_2042
BER;1450;+0200;1900;+0200;0;BD_2937-BD_3562
BER;1450;+0200;1900;+0200;0;LH_1097-LH_192
BER;1615;+0200;2025;+0200;0;AF_7787-AF_2534
BER;1840;+0200;2250;+0200;0;LH_1099-LH_200
BER;0705;+0200;1120;+0200;0;LH_1101-LH_178
BER;1535;+0200;1955;+0200;0;LH_2217-LH_2050
BER;1700;+0200;2120;+0200;0;BD_5424-BD_5329
BER;1255;+0200;1720;+0200;0;AF_7785-AF_2334
BER;1825;+0200;2250;+0200;0;LH_2219-LH_2056
BER;1155;+0200;1630;+0200;0;SN_3668-SN_2585
BER;1155;+0200;1630;+0200;0;BD_5428-BD_5325
BER;1715;+0200;2150;+0200;0;KL_1312-KL_1835
BER;0635;+0200;1115;+0200;0;9W_6068-9W_6081
BER;0635;+0200;1115;+0200;0;BD_5426-BD_5321
BER;0635;+0200;1115;+0200;0;SN_3676-SN_2581
BER;0715;+0200;1200;+0200;0;AF_7793-AF_1734
BER;1450;+0200;1935;+0200;0;LH_1097-LH_194
BER;0710;+0200;1200;+0200;0;AF_7793-AF_1734
BER;1210;+0200;1700;+0200;0;LH_2215-LH_2046
BER;1450;+0200;1940;+0200;0;LH_1097-LH_194
BER;0620;+0200;1115;+0200;0;SN_3676-SN_2581
BER;1015;+0200;1520;+0200;0;BD_2935-BD_3568
BER;1015;+0200;1520;+0200;0;LH_1095-LH_184
BER;1535;+0200;2040;+0200;0;LH_2217-LH_2052
BER;1720;+0200;2225;+0200;0;SN_3670-SN_2591
BER;0835;+0200;1345;+0200;0;BA_377-BA_992
BER;0605;+0200;1120;+0200;0;KL_1300-KL_1823
BER;0830;+0200;1345;+0200;0;AA_6274-AA_6382
BER;1700;+0200;2225;+0200;0;BD_5424-BD_5331
BER;0705;+0200;1240;+0200;0;LH_1101-LH_180
BER;1655;+0200;2235;+0200;0;IB_8771-IB_3546
BER;0625;+0200;1210;+0200;0;LH_2223-LH_2036
BER;1450;+0200;2045;+0200;0;LH_1097-LH_196
BER;1450;+0200;2045;+0200;0;BD_2937-BD_3578
BER;0600;+0200;1200;+0200;0;AF_6155-AF_1734
BER;1230;+0200;1830;+0200;0;KL_1304-KL_1833
BER;1210;+0200;1820;+0200;0;LH_2215-LH_2048
BER;0815;+0200;1435;+0200;0;AF_6153-AF_2034
BER;1015;+0200;1635;+0200;0;LH_1095-LH_186
BER;1015;+0200;1635;+0200;0;BD_2935-BD_3566
BER;1535;+0200;2155;+0200;0;LH_2217-LH_2054
BER;1155;+0200;1820;+0200;0;BD_5428-BD_5327
BER;1155;+0200;1820;+0200;0;SN_3668-SN_2587
BER;1050;+0200;1720;+0200;0;AF_7795-AF_2334
BER;1045;+0200;1720;+0200;0;AF_6117-AF_2334
BER;1155;+0200;1830;+0200;0;SN_3668-SN_2587
BER;1345;+0200;2025;+0200;0;AF_6123-AF_2534
BER;0635;+0200;1320;+0200;0;SN_3676-SN_2583
BER;0635;+0200;1320;+0200;0;BD_5426-BD_5333
BER;0745;+0200;1435;+0200;0;AF_6107-AF_2034
BER;0620;+0200;1320;+0200;0;SN_3676-SN_2583
BER;0705;+0200;1405;+0200;0;LH_1101-LH_182
BER;1450;+0200;2150;+0200;0;LH_1097-LH_198
BER;1450;+0200;2150;+0200;0;BD_2937-BD_3586
BER;0635;+0200;1340;+0200;0;SN_3676-SN_2583
BER;1015;+0200;1720;+0200;0;AF_6113-AF_2334
BER;1140;+0200;1845;+0200;0;IB_8767-IB_3548
BER;1155;+0200;1900;+0200;0;BA_373-BA_986
BER;1450;+0200;2155;+0200;0;LH_1097-LH_198
BER;1015;+0200;1730;+0200;0;LH_1095-LH_188
BER;1535;+0200;2250;+0200;0;LH_2217-LH_2056
BER;0620;+0200;1340;+0200;0;SN_3676-SN_2583
BER;0715;+0200;1435;+0200;0;AF_7793-AF_2034
BER;0715;+0200;1435;+0200;0;AF_6105-AF_2034
BER;1155;+0200;1915;+0200;0;AA_6270-AA_6473
BER;0710;+0200;1435;+0200;0;AF_7793-AF_2034
BER;0835;+0200;1600;+0200;0;BA_377-BA_984
BER;0830;+0200;1600;+0200;0;AA_6274-AA_6596
BER;1255;+0200;2025;+0200;0;AF_7785-AF_2534
BER;0605;+0200;1340;+0200;0;KL_1300-KL_1825
BER;0945;+0200;1720;+0200;0;AF_6109-AF_2334
BER;1245;+0200;2025;+0200;0;AF_6121-AF_2534
BER;1210;+0200;1955;+0200;0;LH_2215-LH_2050
BER;0625;+0200;1415;+0200;0;LH_2223-LH_2038
BER;0645;+0200;1435;+0200;0;AF_6103-AF_2034
BER;1450;+0200;2250;+0200;0;LH_1097-LH_200
BER;1450;+0200;2250;+0200;0;BD_2937-BD_3574
BER;1535;+0200;2045;+0200;0;LH_2217-LH_119-LH_196
BER;1450;+0200;2005;+0200;0;LH_1097-LH_132-LH_2852
BER;1450;+0200;2015;+0200;0;LH_1097-LH_84-LH_2742
BER;1450;+0200;2025;+0200;0;LH_1097-LH_84-LH_2742
BER;0705;+0200;1300;+0200;0;LH_1101-LH_76-LH_2734
BER;1210;+0200;1805;+0200;0;LH_2215-LH_2012-LH_2740
BER;1535;+0200;2135;+0200;0;LH_2217-LH_2018-LH_2744
BER;1015;+0200;1620;+0200;0;LH_1095-LH_110-LH_2042
BER;1210;+0200;1820;+0200;0;LH_2215-LH_115-LH_190
BER;0625;+0200;1240;+0200;0;LH_2223-LH_105-LH_180
BER;1535;+0200;2150;+0200;0;LH_2217-LH_121-LH_198
BER;1535;+0200;2150;+0200;0;LH_2217-LH_119-LH_198
BER;1535;+0200;2155;+0200;0;LH_2217-LH_119-LH_198
BER;1535;+0200;2155;+0200;0;LH_2217-LH_121-LH_198
BER;0705;+0200;1335;+0200;0;LH_1101-LH_76-LH_2736
BER;0625;+0200;1300;+0200;0;LH_2223-LH_2004-LH_2734
BER;1015;+0200;1655;+0200;0;LH_1095-LH_78-LH_2738
BER;1015;+0200;1700;+0200;0;LH_1095-LH_110-LH_2046
BER;1450;+0200;2135;+0200;0;LH_1097-LH_84-LH_2744
BER;1210;+0200;1900;+0200;0;LH_2215-LH_115-LH_192
BER;1450;+0200;2145;+0200;0;LH_1097-LH_132-LH_2854
BER;1450;+0200;2155;+0200;0;LH_1097-LH_118-LH_2054
BER;1450;+0200;2155;+0200;0;LH_1097-LH_120-LH_2054
BER;0625;+0200;1335;+0200;0;LH_2223-LH_2004-LH_2736
BER;0705;+0200;1415;+0200;0;LH_1101-LH_106-LH_2038
BER;1535;+0200;2250;+0200;0;LH_2217-LH_121-LH_200
BER;1535;+0200;2250;+0200;0;LH_2217-LH_119-LH_200
BER;1210;+0200;1935;+0200;0;LH_2215-LH_117-LH_194
BER;1210;+0200;1935;+0200;0;LH_2215-LH_115-LH_194
BER;1210;+0200;1940;+0200;0;LH_2215-LH_115-LH_194
BER;1210;+0200;1940;+0200;0;LH_2215-LH_117-LH_194
BER;0705;+0200;1440;+0200;0;LH_1101-LH_128-LH_2848
BER;0625;+0200;1405;+0200;0;LH_2223-LH_107-LH_182
BER;0625;+0200;1405;+0200;0;LH_2223-LH_109-LH_182
BER;0625;+0200;1405;+0200;0;LH_2223-LH_105-LH_182
BER;1015;+0200;1805;+0200;0;LH_1095-LH_78-LH_2740
BER;1450;+0200;2250;+0200;0;LH_1097-LH_120-LH_2056
BER;1450;+0200;2250;+0200;0;LH_1097-LH_118-LH_2056
HAM;1535;+0200;1750;+0200;0;AF_4340
HAM;1345;+0200;1710;+0200;0;AF_7849-AF_5973
HAM;1210;+0200;1545;+0200;0;LH_2215-LH_2072
HAM;1535;+0200;1920;+0200;0;LH_2217-LH_2078
HAM;0700;+0200;1050;+0200;0;AF_7841-AF_5971
HAM;1155;+0200;1545;+0200;0;BD_5428-BD_5395
HAM;1155;+0200;1545;+0200;0;SN_3668-SN_2625
HAM;1720;+0200;2110;+0200;0;SN_3670-SN_2629
HAM;1450;+0200;1845;+0200;0;BD_2937-BD_2952
HAM;1450;+0200;1845;+0200;0;LH_1097-LH_22
HAM;1255;+0200;1655;+0200;0;AF_7785-AF_2310
HAM;0625;+0200;1030;+0200;0;LH_2223-LH_2064
HAM;0715;+0200;1125;+0200;0;AF_7793-AF_1710
HAM;1615;+0200;2025;+0200;0;AF_7787-AF_2510
HAM;1700;+0200;2110;+0200;0;BD_5424-BD_5389
HAM;0635;+0200;1050;+0200;0;9W_6068-9W_6023
HAM;0635;+0200;1050;+0200;0;SN_3676-SN_2623
HAM;0710;+0200;1125;+0200;0;AF_7793-AF_1710
HAM;1825;+0200;2240;+0200;0;LH_2219-LH_2084
HAM;1840;+0200;2255;+0200;0;LH_1099-LH_30
HAM;0635;+0200;1100;+0200;0;SN_3676-SN_2623
HAM;1015;+0200;1440;+0200;0;BD_2935-BD_2954
HAM;1015;+0200;1440;+0200;0;LH_1095-LH_14
HAM;0620;+0200;1050;+0200;0;SN_3676-SN_2623
HAM;0705;+0200;1135;+0200;0;LH_1101-LH_10
HAM;0620;+0200;1100;+0200;0;SN_3676-SN_2623
HAM;1155;+0200;1635;+0200;0;BA_373-BA_974
HAM;1210;+0200;1650;+0200;0;LH_2215-LH_2074
HAM;1535;+0200;2020;+0200;0;LH_2217-LH_2080
HAM;0830;+0200;1325;+0200;0;AA_6274-AA_6493
HAM;1450;+0200;1950;+0200;0;LH_1097-LH_24
HAM;1715;+0200;2215;+0200;0;KL_1312-KL_1789
HAM;1450;+0200;1955;+0200;0;LH_1097-LH_24
HAM;0605;+0200;1115;+0200;0;KL_1300-KL_1779
HAM;1230;+0200;1740;+0200;0;KL_1304-KL_1783
HAM;1210;+0200;1730;+0200;0;LH_2215-LH_2086
HAM;1535;+0200;2100;+0200;0;LH_2217-LH_2082
HAM;0625;+0200;1155;+0200;0;LH_2223-LH_2066
HAM;1155;+0200;1725;+0200;0;SN_3668-SN_2627
HAM;1450;+0200;2035;+0200;0;LH_1097-LH_26
HAM;1155;+0200;1745;+0200;0;BD_5428-BD_5387
HAM;1155;+0200;1745;+0200;0;SN_3668-SN_2627
HAM;1015;+0200;1615;+0200;0;LH_1095-LH_16
HAM;0705;+0200;1310;+0200;0;LH_1101-LH_12
HAM;1050;+0200;1655;+0200;0;AF_7795-AF_2310
HAM;1045;+0200;1655;+0200;0;AF_6117-AF_2310
HAM;1155;+0200;1805;+0200;0;BA_373-BA_966
HAM;1155;+0200;1805;+0200;0;AA_6270-AA_6749
HAM;1210;+0200;1820;+0200;0;LH_2215-LH_2076
HAM;0625;+0200;1255;+0200;0;LH_2223-LH_2068
HAM;1015;+0200;1655;+0200;0;AF_6113-AF_2310
HAM;1345;+0200;2025;+0200;0;AF_6123-AF_2510
HAM;1015;+0200;1715;+0200;0;LH_1095-LH_18
HAM;1450;+0200;2150;+0200;0;LH_1097-LH_28
HAM;1535;+0200;2240;+0200;0;LH_2217-LH_2084
HAM;0945;+0200;1655;+0200;0;AF_6109-AF_2310
HAM;1210;+0200;1920;+0200;0;LH_2215-LH_2078
HAM;1255;+0200;2025;+0200;0;AF_7785-AF_2510
HAM;0705;+0200;1440;+0200;0;LH_1101-LH_14
HAM;0915;+0200;1655;+0200;0;AF_6115-AF_2310
HAM;1245;+0200;2025;+0200;0;AF_6121-AF_2510
HAM;1015;+0200;1800;+0200;0;LH_1095-LH_20
HAM;1535;+0200;2120;+0200;0;LH_2217-LH_2018-LH_2718
HAM;1015;+0200;1605;+0200;0;LH_1095-LH_130-LH_2827
HAM;1210;+0200;1800;+0200;0;LH_2215-LH_115-LH_20
HAM;1015;+0200;1615;+0200;0;LH_1095-LH_78-LH_2712
HAM;1210;+0200;1820;+0200;0;LH_2215-LH_2012-LH_2714
HAM;1210;+0200;1820;+0200;0;LH_2215-LH_2014-LH_2714
HAM;1535;+0200;2150;+0200;0;LH_2217-LH_119-LH_28
HAM;1535;+0200;2150;+0200;0;LH_2217-LH_121-LH_28
HAM;1450;+0200;2120;+0200;0;LH_1097-LH_84-LH_2718
HAM;1210;+0200;1845;+0200;0;LH_2215-LH_115-LH_22
HAM;1450;+0200;2125;+0200;0;LH_1097-LH_132-LH_2831
HAM;0625;+0200;1310;+0200;0;LH_2223-LH_107-LH_12
HAM;0625;+0200;1310;+0200;0;LH_2223-LH_105-LH_12
HAM;1535;+0200;2255;+0200;0;LH_2217-LH_123-LH_30
HAM;1535;+0200;2255;+0200;0;LH_2217-LH_121-LH_30
HAM;1535;+0200;2255;+0200;0;LH_2217-LH_119-LH_30
HAM;1210;+0200;1945;+0200;0;LH_2215-LH_2012-LH_2716
HAM;1210;+0200;1945;+0200;0;LH_2215-LH_2014-LH_2716
HAM;1210;+0200;1950;+0200;0;LH_2215-LH_115-LH_24
HAM;1210;+0200;1950;+0200;0;LH_2215-LH_117-LH_24
HAM;1210;+0200;1955;+0200;0;LH_2215-LH_115-LH_24
HAM;1210;+0200;1955;+0200;0;LH_2215-LH_117-LH_24
SXB;0600;+0200;0725;+0200;0;AF_7868
SXB;0640;+0200;0805;+0200;0;AF_5539
SXB;2005;+0200;2130;+0200;0;AF_7870
SXB;0700;+0200;0930;+0200;0;AF_7841-AF_5784
SXB;1820;+0200;2100;+0200;0;AF_7851-AF_5782
SXB;1800;+0200;2050;+0200;0;AF_6157-AF_7312
SXB;0645;+0200;0945;+0200;0;AF_6103-AF_7302
SXB;1715;+0200;2015;+0200;0;AF_5650-AF_5773
SXB;1045;+0200;1350;+0200;0;AF_6117-AF_7306
SXB;1345;+0200;1650;+0200;0;AF_7849-AF_5780
SXB;1545;+0200;1850;+0200;0;AF_6129-AF_7310
SXB;1345;+0200;1655;+0200;0;AF_6123-AF_7308
SXB;1050;+0200;1410;+0200;0;AF_7795-AF_7762
SXB;1730;+0200;2050;+0200;0;AF_6137-AF_7312
SXB;0715;+0200;1040;+0200;0;AF_7793-AF_7760
SXB;0615;+0200;0945;+0200;0;AF_6101-AF_7302
SXB;0710;+0200;1040;+0200;0;AF_7793-AF_7760
SXB;0740;+0200;1115;+0200;0;AF_7879-AF_7892
SXB;1015;+0200;1350;+0200;0;AF_6113-AF_7306
SXB;1515;+0200;1850;+0200;0;AF_6167-AF_7310
SXB;1715;+0200;2050;+0200;0;AF_6135-AF_7312
SXB;0600;+0200;0945;+0200;0;AF_6155-AF_7302
SXB;0635;+0200;1030;+0200;0;BD_5426-BD_5559
SXB;1800;+0200;2155;+0200;0;AF_7789-AF_7770
SXB;0635;+0200;1035;+0200;0;SN_3676-SN_3653
SXB;0945;+0200;1350;+0200;0;AF_6109-AF_7306
SXB;1645;+0200;2050;+0200;0;AF_6133-AF_7312
SXB;1245;+0200;1655;+0200;0;AF_6121-AF_7308
SXB;1650;+0200;2100;+0200;0;AF_7843-AF_5782
SXB;1715;+0200;2125;+0200;0;KL_1312-KL_2047
SXB;0620;+0200;1035;+0200;0;SN_3676-SN_3653
SXB;1710;+0200;2125;+0200;0;AF_8264-AF_5487
SXB;0605;+0200;1035;+0200;0;KL_1300-KL_2043
SXB;0605;+0200;1035;+0200;0;AF_8260-AF_5483
SXB;0915;+0200;1350;+0200;0;AF_6115-AF_7306
SXB;1615;+0200;2050;+0200;0;AF_6131-AF_7312
SXB;0845;+0200;1350;+0200;0;AF_6111-AF_7306
SXB;1255;+0200;1800;+0200;0;AF_7785-AF_7766
SXB;1345;+0200;1850;+0200;0;AF_6123-AF_7310
SXB;1545;+0200;2050;+0200;0;AF_6129-AF_7312
SXB;1145;+0200;1655;+0200;0;AF_6119-AF_7308
SXB;1230;+0200;1740;+0200;0;KL_1304-KL_2045
SXB;1600;+0200;2120;+0200;0;AF_5509-AF_5357
SXB;0845;+0200;1410;+0200;0;AF_6111-AF_7762
SXB;0815;+0200;1350;+0200;0;AF_6153-AF_7306
SXB;1515;+0200;2050;+0200;0;AF_6167-AF_7312
SXB;1840;+0200;0015;+0200;1;LH_1099-LH_396
SXB;1615;+0200;2155;+0200;0;AF_6131-AF_7770
SXB;1615;+0200;2155;+0200;0;AF_7787-AF_7770
SXB;0740;+0200;1325;+0200;0;AF_7879-AF_7895
SXB;1015;+0200;1600;+0200;0;LH_1095-LH_390
SXB;0600;+0200;1115;+0200;0;AF_6155-AF_6202-AF_7892
SXB;0835;+0200;1350;+0200;0;AF_7847-AF_7417-AF_7306
SXB;1535;+0200;2050;+0200;0;AF_5594-AF_6043-AF_7312
SXB;0835;+0200;1410;+0200;0;AF_7847-AF_7641-AF_7762
SXB;1615;+0200;2150;+0200;0;AF_6131-AF_6268-AF_5361
SXB;1615;+0200;2150;+0200;0;AF_7787-AF_7626-AF_5361
SXB;0745;+0200;1325;+0200;0;AF_6107-AF_6200-AF_7895
MIL;2020;+0200;2135;+0200;0;AF_4352
MIL;1630;+0200;1750;+0200;0;AZ_7347
MIL;0700;+0200;0935;+0200;0;AF_7841-AF_3292
MIL;0700;+0200;0935;+0200;0;AZ_3591-AZ_7829
MIL;1345;+0200;1640;+0200;0;AZ_3595-AZ_7831
MIL;1345;+0200;1640;+0200;0;AF_7849-AF_3296
MIL;1820;+0200;2115;+0200;0;AF_7851-AF_3298
MIL;1820;+0200;2115;+0200;0;AZ_2709-AZ_7833
MIL;1730;+0200;2100;+0200;0;AF_6137-AF_9712
MIL;1450;+0200;1825;+0200;0;AZ_7345-AZ_2290
MIL;1450;+0200;1830;+0200;0;AZ_7345-AZ_2088
MIL;1450;+0200;1835;+0200;0;AZ_7345-AZ_1028
MIL;1615;+0200;2000;+0200;0;AF_7787-AF_2214
MIL;1715;+0200;2100;+0200;0;AF_6135-AF_9712
MIL;0625;+0200;1015;+0200;0;LH_2223-LH_1854
MIL;0715;+0200;1105;+0200;0;AF_7793-AF_9802
MIL;1450;+0200;1840;+0200;0;LH_1097-LH_276
MIL;0710;+0200;1105;+0200;0;AF_7793-AF_9802
MIL;0815;+0200;1210;+0200;0;AF_6153-AF_9710
MIL;1815;+0200;2210;+0200;0;AZ_367-AZ_2118
MIL;1050;+0200;1450;+0200;0;AF_7795-AF_1712
MIL;1255;+0200;1655;+0200;0;AF_7785-AF_9700
MIL;1450;+0200;1850;+0200;0;LH_1097-LH_276
MIL;1450;+0200;1850;+0200;0;AZ_7345-AZ_2096
MIL;1210;+0200;1615;+0200;0;LH_2215-LH_1860
MIL;1800;+0200;2210;+0200;0;AF_7789-AF_9812
MIL;1815;+0200;2225;+0200;0;AZ_367-AZ_2312
MIL;1825;+0200;2235;+0200;0;LH_2219-LH_1866
MIL;0635;+0200;1050;+0200;0;BD_5426-BD_5405
MIL;0635;+0200;1050;+0200;0;SN_3676-SN_3155
MIL;1645;+0200;2100;+0200;0;AF_6133-AF_9712
MIL;1155;+0200;1615;+0200;0;BD_5428-BD_5407
MIL;1155;+0200;1615;+0200;0;SN_3668-SN_3157
MIL;1450;+0200;1910;+0200;0;AZ_7345-AZ_2050
MIL;1840;+0200;2300;+0200;0;LH_1099-LH_258
MIL;0745;+0200;1210;+0200;0;AF_6107-AF_9710
MIL;1230;+0200;1655;+0200;0;KL_1304-KL_1627
MIL;1650;+0200;2115;+0200;0;AZ_3599-AZ_7833
MIL;1650;+0200;2115;+0200;0;AF_7843-AF_3298
MIL;1815;+0200;2240;+0200;0;AZ_367-AZ_2130
MIL;0620;+0200;1050;+0200;0;SN_3676-SN_3155
MIL;1450;+0200;1925;+0200;0;AZ_7345-AZ_2112
MIL;1715;+0200;2150;+0200;0;KL_1312-KL_3417
MIL;1800;+0200;2235;+0200;0;AF_7789-AF_2514
MIL;1815;+0200;2250;+0200;0;AZ_367-AZ_1030
MIL;1535;+0200;2015;+0200;0;LH_2217-LH_1864
MIL;0635;+0200;1120;+0200;0;SN_3676-SN_3147
MIL;1615;+0200;2100;+0200;0;AF_6131-AF_9712
MIL;1615;+0200;2100;+0200;0;AF_7787-AF_9702
MIL;1450;+0200;1940;+0200;0;AZ_7345-AZ_2100
MIL;1610;+0200;2100;+0200;0;AZ_2979-AZ_7849
MIL;1610;+0200;2100;+0200;0;AZ_2979-AZ_7903
MIL;0715;+0200;1210;+0200;0;AF_6105-AF_9710
MIL;1155;+0200;1650;+0200;0;SN_3668-SN_3157
MIL;0620;+0200;1120;+0200;0;SN_3676-SN_3147
MIL;1110;+0200;1610;+0200;0;TU_283-TU_756
MIL;1715;+0200;2215;+0200;0;KL_1312-KL_1635
MIL;1020;+0200;1525;+0200;0;AZ_2985-AZ_7817
MIL;1450;+0200;1955;+0200;0;AZ_7345-AZ_2102
MIL;0705;+0200;1215;+0200;0;LH_1101-LH_272
MIL;1545;+0200;2100;+0200;0;AF_6129-AF_9712
MIL;1720;+0200;2235;+0200;0;SN_3670-SN_3161
MIL;0605;+0200;1125;+0200;0;KL_1300-KL_3623
MIL;1450;+0200;2010;+0200;0;AZ_7345-AZ_2056
MIL;1655;+0200;2215;+0200;0;IB_8771-IB_3634
MIL;0635;+0200;1200;+0200;0;SN_3676-SN_3147
MIL;0635;+0200;1200;+0200;0;BD_5426-BD_5265
MIL;0645;+0200;1210;+0200;0;AF_6103-AF_9710
MIL;1715;+0200;2240;+0200;0;KL_1312-KL_1635
MIL;1700;+0200;2230;+0200;0;BD_5424-BD_5401
MIL;0620;+0200;1200;+0200;0;SN_3676-SN_3147
MIL;1450;+0200;2030;+0200;0;AZ_7345-AZ_2108
MIL;0605;+0200;1150;+0200;0;KL_1300-KL_1623
MIL;1155;+0200;1740;+0200;0;AA_6270-AA_6520
MIL;1250;+0200;1835;+0200;0;TP_491-TP_804
MIL;1515;+0200;2100;+0200;0;AF_6167-AF_9712
MIL;1645;+0200;2235;+0200;0;AF_6133-AF_2514
MIL;0615;+0200;1210;+0200;0;AF_6101-AF_9710
MIL;0625;+0200;1220;+0200;0;LH_2223-LH_1856
MIL;1155;+0200;1750;+0200;0;BA_373-BA_566
MIL;1535;+0200;2130;+0200;0;AF_5594-AF_4304
MIL;1615;+0200;2210;+0200;0;AF_6131-AF_9812
MIL;1615;+0200;2210;+0200;0;AF_7787-AF_9812
MIL;0605;+0200;1205;+0200;0;KL_1300-KL_1623
MIL;0815;+0200;1415;+0200;0;AF_6153-AF_1714
MIL;1155;+0200;1755;+0200;0;SN_3668-SN_3149
MIL;1155;+0200;1755;+0200;0;BD_5428-BD_5267
MIL;1345;+0200;1945;+0200;0;AF_6123-AF_2112
MIL;1450;+0200;2050;+0200;0;AZ_7345-AZ_2110
MIL;1610;+0200;2210;+0200;0;AZ_2979-AZ_311
MIL;0845;+0200;1450;+0200;0;AF_6111-AF_1712
MIL;1050;+0200;1655;+0200;0;AF_7795-AF_9700
MIL;0600;+0200;1210;+0200;0;AF_6155-AF_9710
MIL;1045;+0200;1655;+0200;0;AF_6117-AF_9700
MIL;1155;+0200;1805;+0200;0;BA_373-BA_568
MIL;1230;+0200;1840;+0200;0;KL_1304-KL_1621
MIL;0950;+0200;1605;+0200;0;AF_7860-AF_3280
MIL;1345;+0200;2000;+0200;0;AF_6123-AF_2214
DUB;1615;+0200;1945;+0100;0;AF_7787-AF_5010
DUB;1155;+0200;1535;+0100;0;BA_373-BA_5965
DUB;1000;+0200;1350;+0100;0;IB_8775-IB_8070
DUB;1255;+0200;1645;+0100;0;AF_7785-AF_5014
DUB;0705;+0200;1105;+0100;0;LH_1101-LH_978
DUB;0715;+0200;1115;+0100;0;AF_7793-AF_5004
DUB;1840;+0200;2240;+0100;0;LH_1099-LH_982
DUB;0605;+0200;1010;+0100;0;KL_1300-KL_3153
DUB;0710;+0200;1115;+0100;0;AF_7793-AF_5004
DUB;1715;+0200;2120;+0100;0;KL_1312-KL_3161
DUB;1800;+0200;2215;+0100;0;AF_7789-AF_5008
DUB;1805;+0200;2225;+0100;0;BA_375-BA_5983
DUB;1230;+0200;1735;+0100;0;KL_1304-KL_3159
DUB;1155;+0200;1710;+0100;0;BA_373-BA_5967
DUB;0835;+0200;1355;+0100;0;BA_377-BA_5959
DUB;1645;+0200;2215;+0100;0;AF_6133-AF_5008
DUB;0815;+0200;1400;+0100;0;AF_6153-AF_5006
DUB;1050;+0200;1645;+0100;0;AF_7795-AF_5014
DUB;1045;+0200;1645;+0100;0;AF_6117-AF_5014
DUB;1345;+0200;1945;+0100;0;AF_6123-AF_5010
DUB;1615;+0200;2215;+0100;0;AF_7787-AF_5008
DUB;1615;+0200;2215;+0100;0;AF_6131-AF_5008
DUB;0745;+0200;1400;+0100;0;AF_6107-AF_5006
DUB;1155;+0200;1810;+0100;0;BA_373-BA_5969
DUB;1015;+0200;1645;+0100;0;AF_6113-AF_5014
DUB;1545;+0200;2215;+0100;0;AF_6129-AF_5008
DUB;0715;+0200;1400;+0100;0;AF_7793-AF_5006
DUB;0715;+0200;1400;+0100;0;AF_6105-AF_5006
DUB;0700;+0200;1350;+0100;0;IB_8765-IB_8070
DUB;0710;+0200;1400;+0100;0;AF_7793-AF_5006
DUB;1255;+0200;1945;+0100;0;AF_7785-AF_5010
DUB;0835;+0200;1535;+0100;0;BA_377-BA_5965
DUB;0945;+0200;1645;+0100;0;AF_6109-AF_5014
DUB;1245;+0200;1945;+0100;0;AF_6121-AF_5010
DUB;1515;+0200;2215;+0100;0;AF_6167-AF_5008
DUB;1015;+0200;1725;+0100;0;LH_1095-LH_980
DUB;0645;+0200;1400;+0100;0;AF_6103-AF_5006
DUB;0835;+0200;1600;+0100;0;BA_377-BA_5843
DUB;0915;+0200;1645;+0100;0;AF_6115-AF_5014
DUB;1155;+0200;1925;+0100;0;BA_373-BA_5975
DUB;0605;+0200;1340;+0100;0;KL_1300-KL_3155
DUB;0615;+0200;1400;+0100;0;AF_6101-AF_5006
DUB;1450;+0200;2240;+0100;0;LH_1097-LH_982
DUB;0600;+0200;1400;+0100;0;AF_6155-AF_5006
DUB;0845;+0200;1645;+0100;0;AF_6111-AF_5014
DUB;1145;+0200;1945;+0100;0;AF_6119-AF_5010
DUB;1155;+0200;1955;+0100;0;BA_373-BA_5847
DUB;1615;+0200;2040;+0100;0;AF_6131-AF_5026-AF_5121
DUB;1545;+0200;2040;+0100;0;AF_6129-AF_5026-AF_5121
DUB;0835;+0200;1400;+0100;0;AF_7847-AF_7641-AF_5006
DUB;1515;+0200;2040;+0100;0;AF_6167-AF_5026-AF_5121
DUB;1515;+0200;2040;+0100;0;AF_6167-AF_5024-AF_5121
DUB;0740;+0200;1400;+0100;0;AF_7879-AF_7701-AF_5006
DUB;1015;+0200;1640;+0100;0;AF_6113-AF_5022-AF_5125
DUB;1400;+0200;2040;+0100;0;AF_8262-AF_5194-AF_5121
DUB;1000;+0200;1645;+0100;0;AF_4358-AF_1843-AF_5014
DUB;0705;+0200;1355;+0100;0;LH_1101-LH_904-LH_6633
DUB;0945;+0200;1640;+0100;0;AF_6109-AF_5022-AF_5125
DUB;1345;+0200;2040;+0100;0;AF_6123-AF_5024-AF_5121
DUB;1345;+0200;2040;+0100;0;AF_6123-AF_5026-AF_5121
DUB;0700;+0200;1400;+0100;0;AF_7841-AF_7641-AF_5006
DUB;0700;+0200;1400;+0100;0;AF_7841-AF_7653-AF_5006
DUB;0915;+0200;1640;+0100;0;AF_6115-AF_5022-AF_5125
DUB;1255;+0200;2040;+0100;0;AF_7785-AF_5024-AF_5121
DUB;1255;+0200;2040;+0100;0;AF_7785-AF_5026-AF_5121
DUB;0845;+0200;1640;+0100;0;AF_6111-AF_5022-AF_5125
DUB;1245;+0200;2040;+0100;0;AF_6121-AF_5026-AF_5121
DUB;1245;+0200;2040;+0100;0;AF_6121-AF_5024-AF_5121
DUB;1050;+0200;1850;+0100;0;AF_7795-AF_2280-AF_5119
MUC;0625;+0200;0805;+0200;0;LH_2223
MUC;1155;+0200;1335;+0200;0;UA_8757
MUC;1210;+0200;1350;+0200;0;UA_8757
MUC;1210;+0200;1350;+0200;0;LH_2215
MUC;1535;+0200;1715;+0200;0;LH_2217
MUC;1825;+0200;2005;+0200;0;LH_2219
MUC;2125;+0200;2305;+0200;0;LH_2221
MUC;1840;+0200;2225;+0200;0;LH_1099-LH_124
MUC;0705;+0200;1100;+0200;0;LH_1101-LH_106
MUC;1230;+0200;1640;+0200;0;KL_1304-KL_1797
MUC;1800;+0200;2210;+0200;0;AF_7789-AF_1122
MUC;1015;+0200;1430;+0200;0;LH_1095-LH_110
MUC;1450;+0200;1915;+0200;0;LH_1097-LH_118
MUC;1450;+0200;1915;+0200;0;BD_2937-BD_3034
MUC;1155;+0200;1625;+0200;0;SN_3668-SN_7057
MUC;1255;+0200;1725;+0200;0;AF_7785-AF_2322
MUC;0715;+0200;1150;+0200;0;AF_7793-AF_1722
MUC;1255;+0200;1730;+0200;0;AF_7785-AF_2322
MUC;0710;+0200;1150;+0200;0;AF_7793-AF_1722
MUC;1805;+0200;2250;+0200;0;BA_375-BA_958
MUC;0605;+0200;1055;+0200;0;KL_1300-KL_1793
MUC;1000;+0200;1455;+0200;0;IB_8775-IB_3536
MUC;1155;+0200;1650;+0200;0;BA_373-BA_954
MUC;1715;+0200;2215;+0200;0;KL_1312-KL_1801
MUC;1655;+0200;2210;+0200;0;IB_8771-IB_3532
MUC;1720;+0200;2235;+0200;0;SN_3670-SN_7063
MUC;1450;+0200;2015;+0200;0;LH_1097-LH_120
MUC;1015;+0200;1600;+0200;0;LH_1095-LH_112
MUC;0600;+0200;1150;+0200;0;AF_6155-AF_1722
MUC;0635;+0200;1230;+0200;0;SN_3676-SN_7053
MUC;1615;+0200;2210;+0200;0;AF_7787-AF_1122
MUC;1615;+0200;2210;+0200;0;AF_6131-AF_1122
MUC;1110;+0200;1710;+0200;0;TU_283-TU_542
MUC;1345;+0200;1945;+0200;0;AF_6123-AF_2522
MUC;0705;+0200;1310;+0200;0;LH_1101-LH_108
MUC;1155;+0200;1800;+0200;0;BA_373-BA_960
MUC;1155;+0200;1800;+0200;0;AA_6270-AA_6386
MUC;0620;+0200;1230;+0200;0;SN_3676-SN_7053
MUC;0815;+0200;1425;+0200;0;AF_6153-AF_2022
MUC;0815;+0200;1430;+0200;0;AF_6153-AF_2022
MUC;1450;+0200;2115;+0200;0;LH_1097-LH_122
MUC;1545;+0200;2210;+0200;0;AF_6129-AF_1122
MUC;1050;+0200;1725;+0200;0;AF_7795-AF_2322
MUC;0745;+0200;1425;+0200;0;AF_6107-AF_2022
MUC;1045;+0200;1725;+0200;0;AF_6117-AF_2322
MUC;1050;+0200;1730;+0200;0;AF_7795-AF_2322
MUC;1155;+0200;1835;+0200;0;SN_3668-SN_7059
MUC;0745;+0200;1430;+0200;0;AF_6107-AF_2022
MUC;1045;+0200;1730;+0200;0;AF_6117-AF_2322
MUC;1140;+0200;1825;+0200;0;IB_8767-IB_3564
MUC;1230;+0200;1915;+0200;0;KL_1304-KL_1799
MUC;1015;+0200;1705;+0200;0;LH_1095-LH_114
MUC;1255;+0200;1945;+0200;0;AF_7785-AF_2522
MUC;1515;+0200;2210;+0200;0;AF_6167-AF_1122
MUC;1245;+0200;1945;+0200;0;AF_6121-AF_2522
FRA;0705;+0200;0855;+0200;0;LH_1101
FRA;1015;+0200;1205;+0200;0;BD_2935
FRA;1015;+0200;1205;+0200;0;LH_1095
FRA;1450;+0200;1640;+0200;0;BD_2937
FRA;1450;+0200;1640;+0200;0;NH_6132
FRA;1450;+0200;1640;+0200;0;LH_1097
FRA;1840;+0200;2030;+0200;0;LH_1099
FRA;1535;+0200;1855;+0200;0;LH_2217-LH_119
FRA;1800;+0200;2135;+0200;0;AF_7789-AF_1018
FRA;1825;+0200;2205;+0200;0;LH_2219-LH_125
FRA;1050;+0200;1435;+0200;0;AF_7795-AF_1918
FRA;1155;+0200;1545;+0200;0;SN_3668-SN_7005
FRA;0625;+0200;1020;+0200;0;LH_2223-LH_105
FRA;0635;+0200;1030;+0200;0;SN_3676-SN_7001
FRA;0715;+0200;1110;+0200;0;AF_7793-AF_1618
FRA;1255;+0200;1650;+0200;0;AF_7785-AF_2118
FRA;0605;+0200;1005;+0200;0;KL_1300-KL_1765
FRA;0710;+0200;1110;+0200;0;AF_7793-AF_1618
FRA;1210;+0200;1610;+0200;0;LH_2215-LH_115
FRA;0620;+0200;1030;+0200;0;SN_3676-SN_7001
FRA;1720;+0200;2135;+0200;0;SN_3670-SN_7013
FRA;1230;+0200;1650;+0200;0;KL_1304-KL_1771
FRA;1535;+0200;1955;+0200;0;LH_2217-LH_121
FRA;1230;+0200;1655;+0200;0;KL_1304-KL_1771
FRA;0625;+0200;1105;+0200;0;LH_2223-LH_107
FRA;1155;+0200;1635;+0200;0;BA_373-BA_908
FRA;0835;+0200;1320;+0200;0;QF_3376-QF_3479
FRA;0835;+0200;1320;+0200;0;BA_377-BA_904
FRA;1715;+0200;2200;+0200;0;KL_1312-KL_1775
FRA;0830;+0200;1335;+0200;0;AA_6274-AA_6576
FRA;1230;+0200;1750;+0200;0;KL_1304-KL_1773
FRA;1255;+0200;1815;+0200;0;AF_7785-AF_2318
FRA;1615;+0200;2135;+0200;0;AF_7787-AF_1018
FRA;0625;+0200;1155;+0200;0;LH_2223-LH_109
FRA;0635;+0200;1205;+0200;0;SN_3676-SN_7003
FRA;1535;+0200;2105;+0200;0;LH_2217-LH_123
FRA;1655;+0200;2225;+0200;0;IB_8771-IB_3512
FRA;1210;+0200;1745;+0200;0;LH_2215-LH_117
FRA;1535;+0200;2110;+0200;0;LH_2217-LH_123
FRA;0620;+0200;1205;+0200;0;SN_3676-SN_7003
FRA;0845;+0200;1435;+0200;0;AF_6111-AF_1918
FRA;1545;+0200;2135;+0200;0;AF_6129-AF_1018
FRA;1050;+0200;1650;+0200;0;AF_7795-AF_2118
FRA;1155;+0200;1755;+0200;0;AA_6270-AA_6461
FRA;1345;+0200;1945;+0200;0;AF_6123-AF_2418
FRA;1045;+0200;1650;+0200;0;AF_6117-AF_2118
FRA;1155;+0200;1810;+0200;0;BA_373-BA_910
FRA;1155;+0200;1810;+0200;0;AA_6270-AA_6461
FRA;0625;+0200;1245;+0200;0;LH_2223-LH_111
FRA;0815;+0200;1435;+0200;0;AF_6153-AF_1918
FRA;1515;+0200;2135;+0200;0;AF_6167-AF_1018
FRA;1145;+0200;1815;+0200;0;AF_6119-AF_2318
FRA;1535;+0200;2205;+0200;0;LH_2217-LH_125
FRA;1015;+0200;1650;+0200;0;AF_6113-AF_2118
FRA;1210;+0200;1855;+0200;0;LH_2215-LH_119
FRA;0745;+0200;1435;+0200;0;AF_6107-AF_1918
FRA;1140;+0200;1830;+0200;0;IB_8767-IB_3516
FRA;1255;+0200;1945;+0200;0;AF_7785-AF_2418
FRA;1155;+0200;1855;+0200;0;AA_6270-AA_6498
FRA;1245;+0200;1945;+0200;0;AF_6121-AF_2418
FRA;0945;+0200;1650;+0200;0;AF_6109-AF_2118
GVA;1000;+0200;1105;+0200;0;AF_4358
GVA;1615;+0200;1940;+0200;0;AF_7787-AF_1042
GVA;1800;+0200;2145;+0200;0;AF_7789-AF_1242
GVA;1840;+0200;2230;+0200;0;LH_1099-LH_1228
GVA;0715;+0200;1110;+0200;0;AF_7793-AF_1842
GVA;0710;+0200;1110;+0200;0;AF_7793-AF_1842
GVA;0715;+0200;1115;+0200;0;AF_7793-AF_1842
GVA;0710;+0200;1115;+0200;0;AF_7793-AF_1842
GVA;1015;+0200;1420;+0200;0;BD_2935-BD_3106
GVA;1015;+0200;1420;+0200;0;LH_1095-LH_1218
GVA;1825;+0200;2230;+0200;0;LH_2219-LH_2390
GVA;0700;+0200;1110;+0200;0;IB_8765-IB_3480
GVA;1700;+0200;2110;+0200;0;BD_5424-BD_5283
GVA;1210;+0200;1625;+0200;0;LH_2215-LH_2384
GVA;1255;+0200;1710;+0200;0;AF_7785-AF_2442
GVA;1255;+0200;1715;+0200;0;AF_7785-AF_2442
GVA;0830;+0200;1300;+0200;0;AA_6274-AA_6338
GVA;1715;+0200;2145;+0200;0;KL_1312-KL_1937
GVA;1805;+0200;2235;+0200;0;AA_6272-AA_6348
GVA;1450;+0200;1925;+0200;0;BD_2937-BD_3104
GVA;1450;+0200;1925;+0200;0;LH_1097-LH_1226
GVA;1805;+0200;2240;+0200;0;BA_375-BA_738
GVA;1805;+0200;2240;+0200;0;AA_6272-AA_6348
GVA;1000;+0200;1440;+0200;0;IB_8775-IB_3490
GVA;1450;+0200;1930;+0200;0;BD_2937-BD_3120
GVA;1450;+0200;1930;+0200;0;LH_1097-LH_1224
GVA;1450;+0200;1930;+0200;0;NH_6132-NH_6107
GVA;1535;+0200;2015;+0200;0;LH_2217-LH_2388
GVA;1655;+0200;2135;+0200;0;IB_8771-IB_3482
GVA;1155;+0200;1640;+0200;0;AA_6270-AA_6342
GVA;1155;+0200;1640;+0200;0;BA_373-BA_732
GVA;1155;+0200;1645;+0200;0;SN_3668-SN_2719
GVA;1155;+0200;1645;+0200;0;BD_5428-BD_5279
GVA;0605;+0200;1100;+0200;0;KL_1300-KL_1927
GVA;1720;+0200;2215;+0200;0;SN_3670-SN_2723
GVA;1050;+0200;1610;+0200;0;AF_7795-AF_2342
GVA;1145;+0200;1715;+0200;0;AF_6119-AF_2442
GVA;1615;+0200;2145;+0200;0;AF_7787-AF_1242
GVA;1615;+0200;2145;+0200;0;AF_6131-AF_1242
GVA;0635;+0200;1215;+0200;0;UA_9950-UA_9935
GVA;0635;+0200;1215;+0200;0;SN_3676-SN_2715
GVA;0635;+0200;1215;+0200;0;BD_5426-BD_5275
GVA;0835;+0200;1420;+0200;0;BA_377-BA_730
GVA;0830;+0200;1420;+0200;0;AA_6274-AA_6340
GVA;0620;+0200;1215;+0200;0;SN_3676-SN_2715
GVA;0620;+0200;1215;+0200;0;UA_9950-UA_9935
GVA;0625;+0200;1220;+0200;0;LH_2223-LH_2382
GVA;0635;+0200;1230;+0200;0;SN_3676-SN_2715
GVA;0635;+0200;1230;+0200;0;UA_9950-UA_9935
GVA;0705;+0200;1300;+0200;0;LH_1101-LH_1216
GVA;0715;+0200;1310;+0200;0;AF_6105-AF_2042
GVA;0715;+0200;1310;+0200;0;AF_7793-AF_2042
GVA;0815;+0200;1410;+0200;0;AF_6153-AF_2142
GVA;1015;+0200;1610;+0200;0;AF_6113-AF_2342
GVA;1250;+0200;1845;+0200;0;TP_491-TP_944
GVA;1345;+0200;1940;+0200;0;AF_6123-AF_1042
GVA;0710;+0200;1310;+0200;0;AF_7793-AF_2042
GVA;1155;+0200;1755;+0200;0;BA_373-BA_734
GVA;1545;+0200;2145;+0200;0;AF_6129-AF_1242
VIE;1850;+0200;2105;+0200;0;AF_4372
VIE;1015;+0200;1410;+0200;0;BD_2935-BD_2984
VIE;1015;+0200;1410;+0200;0;LH_1095-LH_1238
VIE;0625;+0200;1025;+0200;0;LH_2223-LH_2326
VIE;1535;+0200;1945;+0200;0;LH_2217-LH_6328
VIE;1700;+0200;2115;+0200;0;BD_5424-BD_5489
VIE;1800;+0200;2215;+0200;0;AF_7789-AF_1756
VIE;1825;+0200;2240;+0200;0;LH_2219-LH_6330
VIE;1210;+0200;1630;+0200;0;LH_2215-LH_2330
VIE;1450;+0200;1910;+0200;0;NH_6132-NH_6331
VIE;1450;+0200;1910;+0200;0;LH_1097-LH_6346
VIE;1840;+0200;2305;+0200;0;LH_1099-LH_1246
VIE;1255;+0200;1735;+0200;0;AF_7785-AF_1438
VIE;1255;+0200;1740;+0200;0;AF_7785-AF_1438
VIE;1535;+0200;2020;+0200;0;LH_2217-LH_2332
VIE;1700;+0200;2145;+0200;0;BD_5424-BD_2836
VIE;0715;+0200;1205;+0200;0;AF_7793-AF_1556
VIE;1650;+0200;2140;+0200;0;AF_7843-AF_1956
VIE;0700;+0200;1155;+0200;0;AF_7841-AF_2056
VIE;0710;+0200;1205;+0200;0;AF_7793-AF_1556
VIE;1715;+0200;2210;+0200;0;KL_1312-KL_1849
VIE;0705;+0200;1205;+0200;0;LH_1101-LH_6334
VIE;1450;+0200;1950;+0200;0;LH_1097-LH_6929
VIE;0635;+0200;1200;+0200;0;SN_3676-SN_6001
VIE;0635;+0200;1200;+0200;0;BD_5426-BD_2832
VIE;0620;+0200;1200;+0200;0;SN_3676-SN_6001
VIE;1155;+0200;1745;+0200;0;SN_3668-SN_2905
VIE;1155;+0200;1750;+0200;0;BD_5428-BD_5493
VIE;0625;+0200;1225;+0200;0;LH_2223-LH_2328
VIE;1155;+0200;1755;+0200;0;AA_6270-AA_6643
VIE;1255;+0200;1855;+0200;0;AF_7785-AF_1656
VIE;1615;+0200;2215;+0200;0;AF_7787-AF_1756
VIE;1155;+0200;1800;+0200;0;BA_373-BA_704
VIE;1655;+0200;2310;+0200;0;IB_8771-IB_8476
VIE;0815;+0200;1435;+0200;0;AF_6153-AF_1738
VIE;0815;+0200;1440;+0200;0;AF_6153-AF_1738
VIE;1255;+0200;1925;+0200;0;AF_7785-AF_2138
VIE;1255;+0200;1925;+0200;0;AF_7785-AF_2038
VIE;1545;+0200;2215;+0200;0;AF_6129-AF_1756
VIE;1015;+0200;1650;+0200;0;LH_1095-LH_6336
VIE;1230;+0200;1910;+0200;0;KL_1304-KL_1847
VIE;1245;+0200;1925;+0200;0;AF_6121-AF_2038
VIE;1245;+0200;1925;+0200;0;AF_6121-AF_2138
VIE;1450;+0200;2130;+0200;0;LH_1097-LH_6338
VIE;1050;+0200;1735;+0200;0;AF_7795-AF_1438
VIE;0745;+0200;1435;+0200;0;AF_6107-AF_1738
VIE;1045;+0200;1735;+0200;0;AF_6117-AF_1438
VIE;1050;+0200;1740;+0200;0;AF_7795-AF_1438
VIE;0745;+0200;1440;+0200;0;AF_6107-AF_1738
VIE;1045;+0200;1740;+0200;0;AF_6117-AF_1438
VIE;0705;+0200;1405;+0200;0;UA_9091-UA_8966
VIE;1515;+0200;2215;+0200;0;AF_6167-AF_1756
VIE;0705;+0200;1410;+0200;0;LH_1101-LH_1238
VIE;0705;+0200;1410;+0200;0;UA_9091-UA_8966
VIE;1140;+0200;1845;+0200;0;IB_8767-IB_3572
VIE;1535;+0200;2240;+0200;0;LH_2217-LH_6330
VIE;1145;+0200;1855;+0200;0;AF_6119-AF_1656
VIE;0645;+0200;1405;+0200;0;UA_9091-UA_8966
VIE;0715;+0200;1435;+0200;0;AF_6105-AF_1738
VIE;0715;+0200;1435;+0200;0;AF_7793-AF_1738
VIE;1015;+0200;1735;+0200;0;AF_6113-AF_1438
VIE;0605;+0200;1330;+0200;0;KL_1300-KL_1845
VIE;0645;+0200;1410;+0200;0;UA_9091-UA_8966
VIE;0710;+0200;1435;+0200;0;AF_7793-AF_1738
VIE;0715;+0200;1440;+0200;0;AF_6105-AF_1738
VIE;0715;+0200;1440;+0200;0;AF_7793-AF_1738
VIE;1015;+0200;1740;+0200;0;AF_6113-AF_1438
VIE;0710;+0200;1440;+0200;0;AF_7793-AF_1738
MAN;1050;+0200;1340;+0100;0;AF_7795-AF_2268
MAN;0635;+0200;1005;+0100;0;UA_9950-UA_9909
MAN;0635;+0200;1005;+0100;0;SN_3676-SN_2173
MAN;0635;+0200;1005;+0100;0;9W_6068-9W_6073
MAN;0635;+0200;1005;+0100;0;BD_5426-BD_5373
MAN;1155;+0200;1525;+0100;0;SN_3668-SN_2175
MAN;0635;+0200;1010;+0100;0;UA_9950-UA_9909
MAN;0635;+0200;1010;+0100;0;BD_5426-BD_5373
MAN;0635;+0200;1010;+0100;0;9W_6068-9W_6073
MAN;0835;+0200;1210;+0100;0;BA_377-BA_1388
MAN;1720;+0200;2100;+0100;0;SN_3670-SN_2183
MAN;0620;+0200;1005;+0100;0;UA_9950-UA_9909
MAN;0620;+0200;1005;+0100;0;SN_3676-SN_2173
MAN;0620;+0200;1010;+0100;0;UA_9950-UA_9909
MAN;0625;+0200;1020;+0100;0;LH_2223-LH_2500
MAN;1805;+0200;2200;+0100;0;BA_375-BA_1404
MAN;1700;+0200;2100;+0100;0;BD_5424-BD_5383
MAN;1840;+0200;2245;+0100;0;LH_1099-LH_948
MAN;1825;+0200;2235;+0100;0;LH_2219-LH_2504
MAN;0605;+0200;1020;+0100;0;KL_1300-KL_1081
MAN;1210;+0200;1630;+0100;0;LH_2215-LH_2502
MAN;1715;+0200;2135;+0100;0;KL_1312-KL_1097
MAN;0705;+0200;1130;+0100;0;UA_9091-UA_9042
MAN;1230;+0200;1655;+0100;0;KL_1304-KL_1093
MAN;0645;+0200;1130;+0100;0;UA_9091-UA_9042
MAN;1155;+0200;1640;+0100;0;BA_373-BA_1396
MAN;0845;+0200;1340;+0100;0;AF_6111-AF_2268
MAN;1155;+0200;1655;+0100;0;BA_373-BA_2908
MAN;0815;+0200;1325;+0100;0;AF_6153-AF_2268
MAN;1345;+0200;1855;+0100;0;AF_6123-AF_1168
MAN;0705;+0200;1220;+0100;0;LH_1101-LH_942
MAN;0705;+0200;1220;+0100;0;UA_9091-UA_9042
MAN;1140;+0200;1700;+0100;0;IB_8767-IB_8502
MAN;0815;+0200;1340;+0100;0;AF_6153-AF_2268
MAN;0645;+0200;1220;+0100;0;UA_9091-UA_9042
MAN;1155;+0200;1730;+0100;0;SN_3668-SN_2177
MAN;1155;+0200;1730;+0100;0;BD_5428-BD_5377
MAN;0745;+0200;1325;+0100;0;AF_6107-AF_2268
MAN;0745;+0200;1340;+0100;0;AF_6107-AF_2268
MAN;0835;+0200;1435;+0100;0;BA_377-BA_1394
MAN;1255;+0200;1855;+0100;0;AF_7785-AF_1168
MAN;0715;+0200;1325;+0100;0;AF_7793-AF_2268
MAN;0715;+0200;1325;+0100;0;AF_6105-AF_2268
MAN;1245;+0200;1855;+0100;0;AF_6121-AF_1168
MAN;0710;+0200;1325;+0100;0;AF_7793-AF_2268
MAN;0605;+0200;1225;+0100;0;KL_1300-KL_1083
MAN;0715;+0200;1340;+0100;0;AF_6105-AF_2268
MAN;0715;+0200;1340;+0100;0;AF_7793-AF_2268
MAN;0710;+0200;1340;+0100;0;AF_7793-AF_2268
MAN;0645;+0200;1325;+0100;0;AF_6103-AF_2268
MAN;1155;+0200;1840;+0100;0;BA_373-BA_1402
MAN;0635;+0200;1325;+0100;0;BD_5426-BD_5375
MAN;0645;+0200;1340;+0100;0;AF_6103-AF_2268
MAN;1000;+0200;1700;+0100;0;IB_8775-IB_8502
MAN;1535;+0200;2235;+0100;0;LH_2217-LH_2504
MAN;0835;+0200;1325;+0100;0;AF_7847-AF_7641-AF_2268
MAN;0835;+0200;1340;+0100;0;AF_7847-AF_7641-AF_2268
MAN;1210;+0200;1735;+0100;0;LH_2215-LH_115-LH_946
MAN;0625;+0200;1220;+0100;0;LH_2223-LH_105-LH_942
MAN;0730;+0200;1340;+0100;0;AF_7657-AF_7663-AF_2268
MAN;0700;+0200;1325;+0100;0;AF_7841-AF_7653-AF_2268
MAN;0700;+0200;1325;+0100;0;AF_7841-AF_7641-AF_2268
MAN;0705;+0200;1340;+0100;0;AF_5590-AF_7663-AF_2268
MAN;1450;+0200;2125;+0100;0;LH_1097-LH_918-LH_6566
MAN;1450;+0200;2125;+0100;0;BD_2937-BD_3190-BD_592
MAN;0700;+0200;1340;+0100;0;AF_7841-AF_7641-AF_2268
MAN;0700;+0200;1340;+0100;0;AF_7841-AF_7653-AF_2268
MAN;1015;+0200;1705;+0100;0;LH_1095-LH_906-LH_6564
MAN;1015;+0200;1705;+0100;0;LH_1095-LH_908-LH_6564
MAN;1015;+0200;1705;+0100;0;BD_2935-BD_3208-BD_590
MAN;1015;+0200;1705;+0100;0;BD_2935-BD_3218-BD_590
DUS;1500;+0200;1650;+0200;0;AF_3252
DUS;0700;+0200;1000;+0200;0;AF_7841-AF_5876
DUS;1820;+0200;2120;+0200;0;AF_7851-AF_5878
DUS;1345;+0200;1650;+0200;0;AF_7849-AF_5874
DUS;1615;+0200;1940;+0200;0;AF_7787-AF_2406
DUS;1210;+0200;1545;+0200;0;LH_2215-LH_2012
DUS;1825;+0200;2200;+0200;0;LH_2219-LH_2024
DUS;1255;+0200;1635;+0200;0;AF_7785-AF_2206
DUS;1450;+0200;1830;+0200;0;LH_1097-LH_84
DUS;1450;+0200;1830;+0200;0;BD_2937-BD_3310
DUS;1840;+0200;2220;+0200;0;LH_1099-LH_88
DUS;0715;+0200;1100;+0200;0;AF_7793-AF_1606
DUS;1015;+0200;1400;+0200;0;LH_1095-LH_78
DUS;0625;+0200;1015;+0200;0;LH_2223-LH_2004
DUS;0710;+0200;1100;+0200;0;AF_7793-AF_1606
DUS;1535;+0200;1935;+0200;0;LH_2217-LH_2018
DUS;0705;+0200;1110;+0200;0;LH_1101-LH_76
DUS;1800;+0200;2215;+0200;0;AF_7789-AF_1106
DUS;1825;+0200;2250;+0200;0;LH_2219-LH_2026
DUS;1650;+0200;2120;+0200;0;AF_7843-AF_5878
DUS;1535;+0200;2010;+0200;0;LH_2217-LH_2020
DUS;1210;+0200;1650;+0200;0;LH_2215-LH_2014
DUS;1230;+0200;1740;+0200;0;KL_1304-KL_1861
DUS;1715;+0200;2225;+0200;0;KL_1312-KL_1863
DUS;0730;+0200;1245;+0200;0;AF_7657-AF_4310
DUS;0730;+0200;1250;+0200;0;AF_7657-AF_4310
DUS;1535;+0200;2055;+0200;0;LH_2217-LH_2022
DUS;1655;+0200;2215;+0200;0;IB_8771-IB_3524
DUS;1155;+0200;1720;+0200;0;AA_6270-AA_6422
DUS;1155;+0200;1720;+0200;0;BA_373-BA_942
DUS;1645;+0200;2215;+0200;0;AF_6133-AF_1106
DUS;0605;+0200;1145;+0200;0;KL_1300-KL_1855
DUS;0705;+0200;1245;+0200;0;AF_5590-AF_4310
DUS;0625;+0200;1210;+0200;0;LH_2223-LH_2008
DUS;0705;+0200;1250;+0200;0;AF_5590-AF_4310
DUS;1050;+0200;1635;+0200;0;AF_7795-AF_2206
DUS;1450;+0200;2035;+0200;0;LH_1097-LH_86
DUS;1450;+0200;2035;+0200;0;BD_2937-BD_3314
DUS;0815;+0200;1405;+0200;0;AF_6153-AF_1906
DUS;1045;+0200;1635;+0200;0;AF_6117-AF_2206
DUS;1345;+0200;1940;+0200;0;AF_6123-AF_2406
DUS;1615;+0200;2215;+0200;0;AF_6131-AF_1106
DUS;1615;+0200;2215;+0200;0;AF_7787-AF_1106
DUS;1210;+0200;1820;+0200;0;LH_2215-LH_2016
DUS;0745;+0200;1405;+0200;0;AF_6107-AF_1906
DUS;1015;+0200;1635;+0200;0;AF_6113-AF_2206
DUS;1535;+0200;2200;+0200;0;LH_2217-LH_2024
DUS;1545;+0200;2215;+0200;0;AF_6129-AF_1106
DUS;1140;+0200;1820;+0200;0;IB_8767-IB_3522
DUS;1255;+0200;1940;+0200;0;AF_7785-AF_2406
DUS;0715;+0200;1405;+0200;0;AF_7793-AF_1906
DUS;0715;+0200;1405;+0200;0;AF_6105-AF_1906
DUS;0945;+0200;1635;+0200;0;AF_6109-AF_2206
DUS;0705;+0200;1400;+0200;0;LH_1101-LH_78
DUS;0710;+0200;1405;+0200;0;AF_7793-AF_1906
DUS;1245;+0200;1940;+0200;0;AF_6121-AF_2406
DUS;1515;+0200;2215;+0200;0;AF_6167-AF_1106
STO;1700;+0200;2135;+0200;0;BD_5424-BD_5469
STO;0625;+0200;1110;+0200;0;LH_2223-LH_2414
STO;0705;+0200;1150;+0200;0;LH_1101-LH_802
STO;0705;+0200;1150;+0200;0;SQ_2087-SQ_2000
STO;1800;+0200;2245;+0200;0;AF_7789-AF_1462
STO;0635;+0200;1125;+0200;0;SN_3676-SN_2303
STO;0715;+0200;1205;+0200;0;AF_7793-AF_2062
STO;0710;+0200;1205;+0200;0;AF_7793-AF_2062
STO;0620;+0200;1125;+0200;0;SN_3676-SN_2303
STO;1840;+0200;2350;+0200;0;LH_1099-LH_808
STO;1210;+0200;1730;+0200;0;LH_2215-LH_2418
STO;1155;+0200;1720;+0200;0;BA_373-BA_780
STO;0635;+0200;1210;+0200;0;BD_5426-BD_3830
STO;1450;+0200;2025;+0200;0;LH_1097-LH_6228
STO;1805;+0200;2340;+0200;0;BA_375-BA_786
STO;1255;+0200;1835;+0200;0;AF_7785-AF_1062
STO;1715;+0200;2300;+0200;0;KL_1312-KL_1121
STO;1535;+0200;2140;+0200;0;LH_2217-LH_2420
STO;0605;+0200;1215;+0200;0;KL_1300-KL_1109
STO;0835;+0200;1500;+0200;0;BA_377-BA_778
STO;0835;+0200;1500;+0200;0;QF_3376-QF_3353
STO;0830;+0200;1500;+0200;0;AA_6274-AA_6529
STO;1230;+0200;1900;+0200;0;KL_1304-KL_1117
STO;1615;+0200;2245;+0200;0;AF_7787-AF_1462
STO;0635;+0200;1325;+0200;0;BD_5426-BD_5473
STO;0635;+0200;1325;+0200;0;SN_3676-SN_2305
STO;1145;+0200;1835;+0200;0;AF_6119-AF_1062
STO;0700;+0200;1400;+0200;0;IB_8765-IB_3322
STO;1545;+0200;2245;+0200;0;AF_6129-AF_1462
STO;0620;+0200;1325;+0200;0;SN_3676-SN_2305
STO;1450;+0200;2155;+0200;0;LH_1097-LH_6056
STO;0705;+0200;1415;+0200;0;LH_1101-LH_6226
STO;1210;+0200;1935;+0200;0;LH_2215-LH_6188
STO;1515;+0200;2245;+0200;0;AF_6167-AF_1462
STO;1050;+0200;1835;+0200;0;AF_7795-AF_1062
STO;1155;+0200;1940;+0200;0;SN_3668-SN_2307
STO;1045;+0200;1835;+0200;0;AF_6117-AF_1062
STO;1155;+0200;1945;+0200;0;BD_5428-BD_5467
STO;1155;+0200;2010;+0200;0;AA_6270-AA_6454
STO;1155;+0200;2010;+0200;0;BA_373-BA_782
STO;1015;+0200;1835;+0200;0;AF_6113-AF_1062
STO;1015;+0200;1840;+0200;0;LH_1095-LH_804
STO;1015;+0200;1840;+0200;0;BD_2935-BD_3524
STO;0830;+0200;1700;+0200;0;AA_6274-AA_6361
STO;1155;+0200;2025;+0200;0;BD_5428-BD_3838
STO;1155;+0200;2025;+0200;0;AA_6270-AA_6454
STO;0835;+0200;1720;+0200;0;BA_377-BA_780
STO;0625;+0200;1515;+0200;0;LH_2223-LH_2416
STO;0945;+0200;1835;+0200;0;AF_6109-AF_1062
STO;1345;+0200;2245;+0200;0;AF_6123-AF_1462
STO;1450;+0200;2350;+0200;0;BD_2937-BD_3526
STO;1450;+0200;2350;+0200;0;NH_6132-NH_6189
STO;1450;+0200;2350;+0200;0;LH_1097-LH_808
STO;0915;+0200;1835;+0200;0;AF_6115-AF_1062
STO;1210;+0200;2140;+0200;0;LH_2215-LH_2420
STO;1210;+0200;2140;+0200;0;UA_8757-UA_9224
STO;1155;+0200;2135;+0200;0;BD_5428-BD_5469
STO;1155;+0200;2135;+0200;0;SN_3668-SN_2309
STO;1155;+0200;2140;+0200;0;UA_8757-UA_9224
STO;0845;+0200;1835;+0200;0;AF_6111-AF_1062
STO;1255;+0200;2245;+0200;0;AF_7785-AF_1462
STO;1245;+0200;2245;+0200;0;AF_6121-AF_1462
STO;1015;+0200;2025;+0200;0;LH_1095-LH_6228
STO;1535;+0200;2155;+0200;0;LH_2217-LH_119-LH_6056
STO;1450;+0200;2125;+0200;0;LH_1097-LH_6032-LH_6132
STO;1700;+0200;2355;+0200;0;BD_5424-BD_5465-BD_3744
STO;1700;+0200;2355;+0200;0;BD_5424-BD_3730-BD_3744
STO;1155;+0200;1920;+0200;0;BD_5428-BD_5459-BD_3740
STO;0625;+0200;1415;+0200;0;LH_2223-LH_105-LH_6226
STO;0625;+0200;1415;+0200;0;LH_2223-LH_107-LH_6226
STO;1015;+0200;1820;+0200;0;LH_1095-LH_828-LH_6066
STO;0705;+0200;1515;+0200;0;LH_1101-LH_10-LH_2928
STO;0705;+0200;1515;+0200;0;LH_1101-LH_12-LH_2928
STO;1210;+0200;2025;+0200;0;LH_2215-LH_115-LH_6228
STO;1535;+0200;2350;+0200;0;LH_2217-LH_123-LH_808
STO;1535;+0200;2350;+0200;0;LH_2217-LH_121-LH_808
STO;1535;+0200;2350;+0200;0;LH_2217-LH_119-LH_808
STO;0635;+0200;1525;+0200;0;BD_5426-BD_5457-BD_3738
STO;0635;+0200;1525;+0200;0;BD_5426-BD_3734-BD_3738
STO;1210;+0200;2110;+0200;0;LH_2215-LH_2042-LH_6060
STO;1210;+0200;2110;+0200;0;LH_2215-LH_2046-LH_6060
STO;1210;+0200;2110;+0200;0;LH_2215-LH_2048-LH_6060
STO;1210;+0200;2110;+0200;0;LH_2215-LH_2040-LH_6060
STO;1015;+0200;1920;+0200;0;BD_2935-BD_3416-BD_3740
STO;1450;+0200;2355;+0200;0;LH_1097-LH_6224-LH_6086
STO;1450;+0200;2355;+0200;0;LH_1097-LH_6032-LH_6086
STO;1015;+0200;1930;+0200;0;LH_1095-LH_18-LH_2930
STO;1015;+0200;1930;+0200;0;LH_1095-LH_16-LH_2930
STO;1015;+0200;1930;+0200;0;LH_1095-LH_14-LH_2930
STO;0705;+0200;1635;+0200;0;LH_1101-LH_6222-LH_6068
STO;1155;+0200;2125;+0200;0;BD_5428-BD_5463-BD_3750
STO;1155;+0200;2125;+0200;0;BD_5428-BD_5459-BD_3750
STO;1155;+0200;2125;+0200;0;BD_5428-BD_3724-BD_3750
STO;1450;+0200;0030;+0200;1;BD_2937-BD_3190-BD_3850
STO;1210;+0200;2155;+0200;0;LH_2215-LH_119-LH_6056
STO;1210;+0200;2155;+0200;0;LH_2215-LH_117-LH_6056
STO;1210;+0200;2155;+0200;0;LH_2215-LH_115-LH_6056
STO;1015;+0200;2005;+0200;0;BD_2935-BD_3208-BD_3848
STO;1015;+0200;2005;+0200;0;BD_2935-BD_3218-BD_3848
STO;0635;+0200;1635;+0200;0;BD_5426-BD_5457-BD_3746
STO;0635;+0200;1635;+0200;0;BD_5426-BD_3734-BD_3746
OSL;0625;+0200;1110;+0200;0;LH_2223-LH_2450
OSL;0715;+0200;1205;+0200;0;AF_7793-AF_2074
OSL;1715;+0200;2205;+0200;0;KL_1312-KL_1221
OSL;0710;+0200;1205;+0200;0;AF_7793-AF_2074
OSL;1615;+0200;2110;+0200;0;AF_7787-AF_1274
OSL;1710;+0200;2205;+0200;0;AF_8264-AF_8315
OSL;1720;+0200;2215;+0200;0;SN_3670-SN_2287
OSL;0605;+0200;1105;+0200;0;KL_1300-KL_1143
OSL;1155;+0200;1655;+0200;0;SN_3668-SN_2283
OSL;1720;+0200;2220;+0200;0;SN_3670-SN_2287
OSL;1840;+0200;2345;+0200;0;LH_1099-LH_864
OSL;0635;+0200;1145;+0200;0;SN_3676-SN_2281
OSL;0635;+0200;1145;+0200;0;UA_9950-UA_9919
OSL;1210;+0200;1725;+0200;0;LH_2215-LH_2454
OSL;1715;+0200;2235;+0200;0;KL_1312-KL_1151
OSL;0620;+0200;1145;+0200;0;UA_9950-UA_9919
OSL;0620;+0200;1145;+0200;0;SN_3676-SN_2281
OSL;1255;+0200;1820;+0200;0;AF_7785-AF_2374
OSL;0705;+0200;1300;+0200;0;UA_9091-UA_9146
OSL;0705;+0200;1305;+0200;0;LH_1101-LH_860
OSL;0705;+0200;1305;+0200;0;UA_9091-UA_9146
OSL;0705;+0200;1305;+0200;0;SQ_2087-SQ_2130
OSL;1535;+0200;2140;+0200;0;LH_2217-LH_2456
OSL;0645;+0200;1300;+0200;0;UA_9091-UA_9146
OSL;0645;+0200;1305;+0200;0;UA_9091-UA_9146
OSL;1230;+0200;1850;+0200;0;KL_1304-KL_1149
OSL;0635;+0200;1300;+0200;0;BD_5426-BD_3794
OSL;0605;+0200;1325;+0200;0;KL_1300-KL_1145
OSL;1450;+0200;2210;+0200;0;LH_1097-LH_6106
OSL;0605;+0200;1330;+0200;0;KL_1300-KL_1217
OSL;1345;+0200;2110;+0200;0;AF_6123-AF_1274
OSL;0605;+0200;1335;+0200;0;AF_8260-AF_8311
OSL;0705;+0200;1435;+0200;0;LH_1101-LH_6230
OSL;1050;+0200;1820;+0200;0;AF_7795-AF_2374
OSL;0835;+0200;1610;+0200;0;BA_377-BA_766
OSL;0835;+0200;1610;+0200;0;QF_3376-QF_3593
OSL;1045;+0200;1820;+0200;0;AF_6117-AF_2374
OSL;0830;+0200;1620;+0200;0;AA_6274-AA_6629
OSL;1015;+0200;1820;+0200;0;AF_6113-AF_2374
OSL;1015;+0200;1820;+0200;0;LH_1095-LH_862
OSL;1015;+0200;1820;+0200;0;BD_2935-BD_2932
OSL;1400;+0200;2205;+0200;0;AF_8262-AF_8315
OSL;1155;+0200;2010;+0200;0;AA_6270-AA_6406
OSL;1155;+0200;2010;+0200;0;BA_373-BA_768
OSL;1255;+0200;2110;+0200;0;AF_7785-AF_1274
OSL;1245;+0200;2110;+0200;0;AF_6121-AF_1274
OSL;1155;+0200;2025;+0200;0;AA_6270-AA_6406
OSL;0945;+0200;1820;+0200;0;AF_6109-AF_2374
OSL;0625;+0200;1520;+0200;0;LH_2223-LH_6170
OSL;1450;+0200;2345;+0200;0;BD_2937-BD_2928
OSL;1450;+0200;2345;+0200;0;NH_6132-NH_6185
OSL;1450;+0200;2345;+0200;0;LH_1097-LH_864
OSL;1015;+0200;1915;+0200;0;LH_1095-LH_6280
OSL;0915;+0200;1820;+0200;0;AF_6115-AF_2374
OSL;1145;+0200;2110;+0200;0;AF_6119-AF_1274
OSL;1210;+0200;2140;+0200;0;UA_8757-UA_9226
OSL;1210;+0200;2140;+0200;0;LH_2215-LH_2456
OSL;0845;+0200;1820;+0200;0;AF_6111-AF_2374
OSL;1230;+0200;2205;+0200;0;KL_1304-KL_1221
OSL;1155;+0200;2140;+0200;0;UA_8757-UA_9226
OSL;0715;+0200;1335;+0200;0;AF_7793-AF_8228-AF_8311
OSL;0710;+0200;1335;+0200;0;AF_7793-AF_8228-AF_8311
OSL;1450;+0200;2115;+0200;0;LH_1097-LH_6032-LH_6072
OSL;1210;+0200;1840;+0200;0;LH_2215-LH_2444-LH_6234
OSL;1535;+0200;2210;+0200;0;LH_2217-LH_119-LH_6106
OSL;0625;+0200;1305;+0200;0;LH_2223-LH_6260-LH_6172
OSL;0625;+0200;1305;+0200;0;LH_2223-LH_105-LH_860
OSL;1155;+0200;1840;+0200;0;BD_5428-BD_5459-BD_3874
OSL;1210;+0200;1915;+0200;0;LH_2215-LH_115-LH_6280
OSL;0625;+0200;1435;+0200;0;LH_2223-LH_105-LH_6230
OSL;0625;+0200;1435;+0200;0;LH_2223-LH_109-LH_6230
OSL;0625;+0200;1435;+0200;0;LH_2223-LH_107-LH_6230
OSL;1535;+0200;2345;+0200;0;LH_2217-LH_119-LH_864
OSL;1535;+0200;2345;+0200;0;LH_2217-LH_121-LH_864
OSL;1535;+0200;2345;+0200;0;LH_2217-LH_123-LH_864
OSL;1345;+0200;2205;+0200;0;AF_6123-AF_2240-AF_8315
OSL;1535;+0200;2355;+0200;0;LH_2217-LH_2446-LH_6236
OSL;1535;+0200;2355;+0200;0;LH_2217-LH_6262-LH_6236
OSL;0705;+0200;1530;+0200;0;LH_1101-LH_10-LH_2958
OSL;0705;+0200;1530;+0200;0;LH_1101-LH_12-LH_2958
OSL;1015;+0200;1840;+0200;0;LH_1095-LH_828-LH_6234
OSL;1015;+0200;1840;+0200;0;BD_2935-BD_3416-BD_3874
OSL;0635;+0200;1525;+0200;0;BD_5426-BD_3734-BD_3876
OSL;0635;+0200;1525;+0200;0;BD_5426-BD_5457-BD_3876
OSL;0625;+0200;1525;+0200;0;LH_2223-LH_6260-LH_6096
OSL;0625;+0200;1525;+0200;0;LH_2223-LH_2442-LH_6096
OSL;1210;+0200;2115;+0200;0;LH_2215-LH_2444-LH_6072
OSL;1210;+0200;2115;+0200;0;LH_2215-LH_6256-LH_6072
OSL;1450;+0200;2355;+0200;0;LH_1097-LH_6032-LH_6236
OSL;1450;+0200;2355;+0200;0;LH_1097-LH_6224-LH_6236
OSL;1255;+0200;2205;+0200;0;AF_7785-AF_2240-AF_8315
OSL;1255;+0200;2205;+0200;0;AF_7785-AF_2040-AF_8315
OSL;1015;+0200;1930;+0200;0;LH_1095-LH_14-LH_2960
OSL;1015;+0200;1930;+0200;0;LH_1095-LH_16-LH_2960
OSL;1015;+0200;1930;+0200;0;LH_1095-LH_18-LH_2960
OSL;1155;+0200;2115;+0200;0;BD_5428-BD_5459-BD_3878
OSL;1155;+0200;2115;+0200;0;BD_5428-BD_5463-BD_3878
OSL;1155;+0200;2115;+0200;0;BD_5428-BD_3724-BD_3878
OSL;1245;+0200;2205;+0200;0;AF_6121-AF_2240-AF_8315
OSL;0705;+0200;1645;+0200;0;LH_1101-LH_6222-LH_6246
OSL;1210;+0200;2210;+0200;0;LH_2215-LH_117-LH_6106
OSL;1210;+0200;2210;+0200;0;LH_2215-LH_119-LH_6106
OSL;1210;+0200;2210;+0200;0;LH_2215-LH_115-LH_6106
CPH;1210;+0200;1615;+0200;0;LH_2215-LH_2444
CPH;1230;+0200;1635;+0200;0;KL_1304-KL_1131
CPH;0625;+0200;1040;+0200;0;LH_2223-LH_6260
CPH;1255;+0200;1715;+0200;0;AF_7785-AF_1050
CPH;1450;+0200;1910;+0200;0;LH_1097-LH_6032
CPH;0715;+0200;1140;+0200;0;AF_7793-AF_2050
CPH;1255;+0200;1720;+0200;0;AF_7785-AF_1050
CPH;1720;+0200;2145;+0200;0;SN_3670-SN_2265
CPH;0710;+0200;1140;+0200;0;AF_7793-AF_2050
CPH;1155;+0200;1630;+0200;0;SN_3668-SN_2259
CPH;1155;+0200;1630;+0200;0;BD_5428-BD_5459
CPH;1840;+0200;2315;+0200;0;LH_1099-LH_832
CPH;0715;+0200;1200;+0200;0;AF_7793-AF_2050
CPH;1700;+0200;2145;+0200;0;BD_5424-BD_5465
CPH;0605;+0200;1055;+0200;0;KL_1300-KL_1127
CPH;0710;+0200;1200;+0200;0;AF_7793-AF_2050
CPH;1700;+0200;2200;+0200;0;BD_5424-BD_3730
CPH;1825;+0200;2325;+0200;0;LH_2219-LH_6258
CPH;1535;+0200;2045;+0200;0;LH_2217-LH_2446
CPH;1155;+0200;1710;+0200;0;AA_6270-AA_6547
CPH;1715;+0200;2235;+0200;0;KL_1312-KL_1139
CPH;1615;+0200;2140;+0200;0;AF_7787-AF_1350
CPH;1155;+0200;1725;+0200;0;BA_373-BA_818
CPH;0635;+0200;1210;+0200;0;BD_5426-BD_3734
CPH;0705;+0200;1245;+0200;0;UA_9091-UA_9568
CPH;0625;+0200;1215;+0200;0;LH_2223-LH_2442
CPH;1015;+0200;1610;+0200;0;LH_1095-LH_828
CPH;1015;+0200;1610;+0200;0;BD_2935-BD_3416
CPH;0645;+0200;1245;+0200;0;UA_9091-UA_9568
CPH;0635;+0200;1240;+0200;0;UA_9950-UA_9911
CPH;0635;+0200;1240;+0200;0;SN_3676-SN_2257
CPH;1230;+0200;1835;+0200;0;KL_1304-KL_1133
CPH;0815;+0200;1425;+0200;0;AF_6153-AF_2350
CPH;0815;+0200;1430;+0200;0;AF_6153-AF_2350
CPH;0620;+0200;1240;+0200;0;SN_3676-SN_2257
CPH;0620;+0200;1240;+0200;0;UA_9950-UA_9911
CPH;1535;+0200;2155;+0200;0;LH_2217-LH_6262
CPH;0635;+0200;1300;+0200;0;UA_9950-UA_9911
CPH;0635;+0200;1300;+0200;0;BD_5426-BD_5457
CPH;0635;+0200;1300;+0200;0;SN_3676-SN_2257
CPH;1050;+0200;1715;+0200;0;AF_7795-AF_1050
CPH;1210;+0200;1835;+0200;0;LH_2215-LH_6256
CPH;1515;+0200;2140;+0200;0;AF_6167-AF_1350
CPH;1045;+0200;1715;+0200;0;AF_6117-AF_1050
CPH;1050;+0200;1720;+0200;0;AF_7795-AF_1050
CPH;1045;+0200;1720;+0200;0;AF_6117-AF_1050
CPH;1155;+0200;1830;+0200;0;SN_3668-SN_2263
CPH;0620;+0200;1300;+0200;0;UA_9950-UA_9911
CPH;0620;+0200;1300;+0200;0;SN_3676-SN_2257
CPH;0745;+0200;1425;+0200;0;AF_6107-AF_2350
CPH;1450;+0200;2130;+0200;0;LH_1097-LH_6224
CPH;0745;+0200;1430;+0200;0;AF_6107-AF_2350
CPH;1155;+0200;1840;+0200;0;BD_5428-BD_5463
CPH;1015;+0200;1715;+0200;0;AF_6113-AF_1050
CPH;0705;+0200;1410;+0200;0;LH_1101-LH_6222
CPH;1015;+0200;1720;+0200;0;AF_6113-AF_1050
CPH;1155;+0200;1900;+0200;0;BA_373-BA_820
CPH;1155;+0200;1900;+0200;0;BD_5428-BD_3724
CPH;1155;+0200;1900;+0200;0;AA_6270-AA_6471
CPH;0715;+0200;1425;+0200;0;AF_7793-AF_2350
CPH;0715;+0200;1425;+0200;0;AF_6105-AF_2350
CPH;0835;+0200;1545;+0200;0;BA_377-BA_816
CPH;0710;+0200;1425;+0200;0;AF_7793-AF_2350
CPH;0715;+0200;1430;+0200;0;AF_6105-AF_2350
CPH;0715;+0200;1430;+0200;0;AF_7793-AF_2350
CPH;0830;+0200;1545;+0200;0;AA_6274-AA_6536
CPH;0710;+0200;1430;+0200;0;AF_7793-AF_2350
CPH;0605;+0200;1335;+0200;0;KL_1300-KL_1129
CPH;0945;+0200;1715;+0200;0;AF_6109-AF_1050
CPH;0945;+0200;1720;+0200;0;AF_6109-AF_1050
CPH;0645;+0200;1425;+0200;0;AF_6103-AF_2350
CPH;0645;+0200;1430;+0200;0;AF_6103-AF_2350
CPH;1535;+0200;2325;+0200;0;LH_2217-LH_6258
CPH;1015;+0200;1810;+0200;0;BD_2935-BD_3420
CPH;1345;+0200;2140;+0200;0;AF_6123-AF_1350
CPH;0700;+0200;1500;+0200;0;IB_8765-IB_3304
CPH;0915;+0200;1715;+0200;0;AF_6115-AF_1050
CPH;1015;+0200;1815;+0200;0;LH_1095-LH_830
CPH;0915;+0200;1720;+0200;0;AF_6115-AF_1050
CPH;0615;+0200;1425;+0200;0;AF_6101-AF_2350
CPH;0615;+0200;1430;+0200;0;AF_6101-AF_2350
CPH;0625;+0200;1445;+0200;0;LH_2223-LH_6052
CPH;0600;+0200;1425;+0200;0;AF_6155-AF_2350
CPH;1450;+0200;2315;+0200;0;BD_2937-BD_3422
CPH;1450;+0200;2315;+0200;0;NH_6132-NH_6181
CPH;1450;+0200;2315;+0200;0;LH_1097-LH_832
CPH;0600;+0200;1430;+0200;0;AF_6155-AF_2350
CPH;0845;+0200;1715;+0200;0;AF_6111-AF_1050
HEL;0625;+0200;1220;+0300;0;LH_2223-LH_2462
HEL;1210;+0200;1810;+0300;0;LH_2215-LH_2464
HEL;0705;+0200;1315;+0300;0;UA_9091-UA_8735
HEL;1255;+0200;1915;+0300;0;AF_7785-AF_1098
HEL;1255;+0200;1920;+0300;0;AF_7785-AF_1098
HEL;1700;+0200;2325;+0300;0;KF_5624-KF_34
HEL;0645;+0200;1315;+0300;0;UA_9091-UA_8735
HEL;1615;+0200;2255;+0300;0;AF_7787-AF_1798
HEL;0635;+0200;1320;+0300;0;SN_3676-SN_6751
HEL;1840;+0200;0130;+0300;1;LH_1099-LH_854
HEL;0620;+0200;1320;+0300;0;SN_3676-SN_6751
HEL;0705;+0200;1405;+0300;0;LH_1101-LH_848
HEL;0705;+0200;1405;+0300;0;UA_9091-UA_8735
HEL;1715;+0200;0015;+0300;1;KL_1312-KL_1171
HEL;0605;+0200;1310;+0300;0;KL_1300-KL_1167
HEL;0645;+0200;1405;+0300;0;UA_9091-UA_8735
HEL;1535;+0200;2300;+0300;0;LH_2217-LH_2466
HEL;0715;+0200;1450;+0300;0;AF_7793-AF_2298
HEL;0710;+0200;1450;+0300;0;AF_7793-AF_2298
HEL;1015;+0200;1800;+0300;0;LH_1095-LH_850
HEL;1450;+0200;2305;+0300;0;BD_2937-BD_3122
HEL;1450;+0200;2305;+0300;0;NH_6132-NH_6173
HEL;1450;+0200;2305;+0300;0;LH_1097-LH_852
HEL;0835;+0200;1700;+0300;0;BA_377-BA_794
HEL;1050;+0200;1915;+0300;0;AF_7795-AF_1098
HEL;0700;+0200;1530;+0300;0;IB_8765-IB_7426
HEL;0745;+0200;1615;+0300;0;AF_6107-AF_1498
HEL;1045;+0200;1915;+0300;0;AF_6117-AF_1098
HEL;1050;+0200;1920;+0300;0;AF_7795-AF_1098
HEL;0615;+0200;1450;+0300;0;AF_6101-AF_2298
HEL;0830;+0200;1705;+0300;0;AA_6274-AA_6538
HEL;1045;+0200;1920;+0300;0;AF_6117-AF_1098
HEL;0600;+0200;1450;+0300;0;AF_6155-AF_2298
HEL;0715;+0200;1615;+0300;0;AF_6105-AF_1498
HEL;0715;+0200;1615;+0300;0;AF_7793-AF_1498
HEL;1015;+0200;1915;+0300;0;AF_6113-AF_1098
HEL;0710;+0200;1615;+0300;0;AF_7793-AF_1498
HEL;1015;+0200;1920;+0300;0;AF_6113-AF_1098
HEL;1155;+0200;2105;+0300;0;BA_373-BA_6080
HEL;1155;+0200;2105;+0300;0;AA_6270-AA_6054
HEL;1345;+0200;2255;+0300;0;AF_6123-AF_1798
HEL;0645;+0200;1615;+0300;0;AF_6103-AF_1498
HEL;0945;+0200;1915;+0300;0;AF_6109-AF_1098
HEL;0945;+0200;1920;+0300;0;AF_6109-AF_1098
HEL;0615;+0200;1615;+0300;0;AF_6101-AF_1498
HEL;0915;+0200;1915;+0300;0;AF_6115-AF_1098
HEL;1255;+0200;2255;+0300;0;AF_7785-AF_1798
HEL;0915;+0200;1920;+0300;0;AF_6115-AF_1098
HEL;1245;+0200;2255;+0300;0;AF_6121-AF_1798
HEL;0600;+0200;1615;+0300;0;AF_6155-AF_1498
HEL;0845;+0200;1915;+0300;0;AF_6111-AF_1098
HEL;0705;+0200;1740;+0300;0;UA_9091-UA_9022
HEL;0845;+0200;1920;+0300;0;AF_6111-AF_1098
HEL;1450;+0200;0130;+0300;1;LH_1097-LH_854
HEL;1450;+0200;0130;+0300;1;BD_2937-BD_3124
HEL;1210;+0200;2300;+0300;0;LH_2215-LH_2466
HEL;0645;+0200;1740;+0300;0;UA_9091-UA_9022
HEL;0705;+0200;1800;+0300;0;LH_1101-LH_850
HEL;0705;+0200;1800;+0300;0;UA_9091-UA_9022
HEL;0815;+0200;1915;+0300;0;AF_6153-AF_1098
HEL;1450;+0200;2245;+0300;0;LH_1097-LH_6032-LH_6292
HEL;0705;+0200;1545;+0300;0;LH_1101-LH_802-LH_6274
HEL;0705;+0200;1750;+0300;0;LH_1101-LH_6222-LH_6288
HEL;0835;+0200;1925;+0300;0;BA_377-BA_778-BA_6054
HEL;1155;+0200;2245;+0300;0;BD_5428-BD_3724-BD_3883
HEL;1155;+0200;2245;+0300;0;BD_5428-BD_5463-BD_3883
HEL;1155;+0200;2245;+0300;0;BD_5428-BD_5459-BD_3883
ZRH;1825;+0200;2145;+0200;0;LH_2219-LH_5788
ZRH;1535;+0200;1935;+0200;0;LH_2217-LH_2372
ZRH;1230;+0200;1635;+0200;0;KL_1304-KL_1961
ZRH;1615;+0200;2020;+0200;0;AF_7787-AF_5110
ZRH;0715;+0200;1125;+0200;0;AF_7793-AF_5102
ZRH;1255;+0200;1705;+0200;0;AF_7785-AF_5106
ZRH;1450;+0200;1900;+0200;0;LH_1097-LH_5776
ZRH;0625;+0200;1040;+0200;0;LH_2223-LH_5782
ZRH;0710;+0200;1125;+0200;0;AF_7793-AF_5102
ZRH;1155;+0200;1615;+0200;0;SN_3668-SN_5107
ZRH;0705;+0200;1130;+0200;0;LH_1101-LH_5772
ZRH;1015;+0200;1440;+0200;0;LH_1095-LH_1192
ZRH;1015;+0200;1440;+0200;0;BD_2935-BD_3558
ZRH;0635;+0200;1105;+0200;0;SN_3676-SN_5103
ZRH;1210;+0200;1640;+0200;0;LH_2215-LH_2370
ZRH;1450;+0200;1920;+0200;0;LH_1097-LH_1198
ZRH;1450;+0200;1920;+0200;0;BD_2937-BD_3554
ZRH;1450;+0200;1920;+0200;0;NH_6132-NH_6101
ZRH;0620;+0200;1105;+0200;0;SN_3676-SN_5103
ZRH;1535;+0200;2030;+0200;0;LH_2217-LH_2374
ZRH;0605;+0200;1105;+0200;0;KL_1300-KL_1957
ZRH;1655;+0200;2200;+0200;0;IB_8771-IB_3476
ZRH;1015;+0200;1525;+0200;0;LH_1095-LH_5774
ZRH;1715;+0200;2225;+0200;0;KL_1312-KL_1969
ZRH;0635;+0200;1215;+0200;0;SN_3676-SN_5105
ZRH;1250;+0200;1835;+0200;0;TP_491-TP_926
ZRH;0705;+0200;1255;+0200;0;LH_1101-LH_1190
ZRH;1210;+0200;1800;+0200;0;LH_2215-LH_5786
ZRH;0620;+0200;1215;+0200;0;SN_3676-SN_5105
ZRH;0625;+0200;1220;+0200;0;LH_2223-LH_2368
ZRH;0815;+0200;1415;+0200;0;AF_6153-AF_5104
ZRH;1255;+0200;1855;+0200;0;AF_7785-AF_5108
ZRH;1230;+0200;1835;+0200;0;KL_1304-KL_1963
ZRH;1245;+0200;1855;+0200;0;AF_6121-AF_5108
ZRH;1535;+0200;2145;+0200;0;LH_2217-LH_5788
ZRH;0835;+0200;1450;+0200;0;BA_377-BA_714
ZRH;1050;+0200;1705;+0200;0;AF_7795-AF_5106
ZRH;0830;+0200;1450;+0200;0;AA_6274-AA_6484
ZRH;1045;+0200;1705;+0200;0;AF_6117-AF_5106
ZRH;0745;+0200;1415;+0200;0;AF_6107-AF_5104