PAR;0700;+0200;0850;+0200;0;AF_2527
PAR;0710;+0200;0900;+0200;0;AF_2527
PAR;0710;+0200;0900;+0200;0;AZ_7334
PAR;1000;+0200;1150;+0200;0;AZ_7324
PAR;1000;+0200;1150;+0200;0;AF_1127
PAR;1005;+0200;1155;+0200;0;AF_1127
PAR;1220;+0200;1410;+0200;0;AZ_7326
PAR;1220;+0200;1410;+0200;0;AF_1427
PAR;1510;+0200;1700;+0200;0;AF_1727
PAR;1510;+0200;1700;+0200;0;AZ_7328
PAR;1800;+0200;1950;+0200;0;AZ_7330
PAR;1800;+0200;1950;+0200;0;AF_2027
PAR;1805;+0200;1955;+0200;0;AF_2027
PAR;2040;+0200;2230;+0200;0;AF_2227
PAR;2040;+0200;2230;+0200;0;AZ_7332
PAR;1440;+0200;1755;+0200;0;LX_1663-LX_656
PAR;1255;+0200;1620;+0200;0;LH_1909-LH_2232
PAR;1710;+0200;2040;+0200;0;LH_1911-LH_2238
PAR;1845;+0200;2230;+0200;0;AF_4387-AF_6241
PAR;0635;+0200;1035;+0200;0;AF_5561-AF_7653
PAR;0645;+0200;1045;+0200;0;KL_1650-KL_2003
PAR;1100;+0200;1500;+0200;0;OS_522-OS_415
PAR;1110;+0200;1510;+0200;0;AZ_1472-AZ_7302
PAR;1235;+0200;1635;+0200;0;KL_1654-KL_2013
PAR;1415;+0200;1815;+0200;0;LH_327-LH_1042
PAR;0650;+0200;1055;+0200;0;LH_333-LH_1030
PAR;1800;+0200;2205;+0200;0;AZ_1480-AZ_7304
PAR;0940;+0200;1350;+0200;0;LX_1661-LX_638
PAR;1500;+0200;1915;+0200;0;AZ_1462-AZ_326
PAR;1755;+0200;2210;+0200;0;AF_5565-AF_7649
PAR;1830;+0200;2245;+0200;0;LH_329-LH_1052
PAR;1050;+0200;1510;+0200;0;AZ_1261-AZ_7338
PAR;1255;+0200;1715;+0200;0;LH_1909-LH_2234
PAR;1550;+0200;2010;+0200;0;AZ_1476-AZ_7308
PAR;1905;+0200;2325;+0200;0;AZ_1474-AZ_332
PAR;1325;+0200;1750;+0200;0;AF_4333-AF_6037
PAR;0800;+0200;1230;+0200;0;AZ_1464-AZ_7300
PAR;1730;+0200;2200;+0200;0;KL_1656-KL_2023
PAR;0630;+0200;1105;+0200;0;AZ_1460-AZ_318
PAR;1015;+0200;1450;+0200;0;LH_325-LH_1036
PAR;1430;+0200;1910;+0200;0;LH_3213-LH_3224
PAR;1800;+0200;2245;+0200;0;TU_473-TU_724
PAR;1020;+0200;1510;+0200;0;AZ_1466-AZ_7302
PAR;1440;+0200;1930;+0200;0;LX_1663-LX_644
PAR;1325;+0200;1820;+0200;0;AF_4333-AF_6039
PAR;1340;+0200;1835;+0200;0;AA_6318-AA_6509
PAR;1335;+0200;1835;+0200;0;BA_579-BA_336
PAR;0705;+0200;1210;+0200;0;OS_528-OS_7111
PAR;0725;+0200;1230;+0200;0;AZ_1468-AZ_7300
PAR;1500;+0200;2010;+0200;0;AZ_1462-AZ_7308
PAR;0645;+0200;1200;+0200;0;KL_1650-KL_2007
PAR;1340;+0200;1855;+0200;0;AA_6318-AA_6509
PAR;1400;+0200;1915;+0200;0;AZ_1470-AZ_326
PAR;1550;+0200;2105;+0200;0;AZ_1476-AZ_7306
PAR;0635;+0200;1155;+0200;0;AF_5561-AF_7641
PAR;0635;+0200;1155;+0200;0;AF_5561-AF_7417
PAR;1215;+0200;1735;+0200;0;IB_3645-IB_3438
PAR;1250;+0200;1810;+0200;0;AF_5563-AF_7415
PAR;1250;+0200;1810;+0200;0;AF_5563-AF_7645
PAR;1350;+0200;1910;+0200;0;LH_3213-LH_3224
PAR;0650;+0200;1215;+0200;0;LH_1915-LH_2230
PAR;1415;+0200;1940;+0200;0;LH_327-LH_1046
PAR;1710;+0200;2235;+0200;0;LH_1911-LH_2240
PAR;1800;+0200;2325;+0200;0;AZ_1480-AZ_332
PAR;1110;+0200;1640;+0200;0;AZ_1472-AZ_324
PAR;1235;+0200;1810;+0200;0;KL_1654-KL_1243
PAR;1255;+0200;1830;+0200;0;LH_1909-LH_2236
LON;2325;+0200;0025;+0100;1;AA_6384
LON;1135;+0200;1240;+0100;0;BA_2583
LON;1740;+0200;1845;+0100;0;BA_2585
LON;2310;+0200;0015;+0100;1;BA_2589
LON;1335;+0200;1445;+0100;0;BA_579
LON;1340;+0200;1450;+0100;0;AA_6318
LON;0940;+0200;1210;+0100;0;LX_1661-LX_456
LON;1415;+0200;1650;+0100;0;LH_327-LH_898
LON;1430;+0200;1705;+0100;0;LH_3213-LH_3384
LON;1710;+0200;2010;+0100;0;LH_1911-LH_2482
LON;1510;+0200;1815;+0100;0;AF_1727-AF_1080
LON;1440;+0200;1750;+0100;0;LX_1663-LX_326
LON;1440;+0200;1750;+0100;0;LX_1663-LX_466
LON;0700;+0200;1015;+0100;0;UA_9404-UA_8885
LON;0710;+0200;1025;+0100;0;AF_2527-AF_1980
LON;1015;+0200;1330;+0100;0;BD_3405-BD_3218
LON;1015;+0200;1330;+0100;0;UA_9058-UA_8815
LON;1015;+0200;1330;+0100;0;LH_325-LH_906
LON;1350;+0200;1705;+0100;0;LH_3213-LH_3384
LON;1510;+0200;1825;+0100;0;AF_1727-AF_1080
LON;0700;+0200;1020;+0100;0;UA_9404-UA_8885
LON;0710;+0200;1030;+0100;0;AF_2527-AF_1980
LON;0940;+0200;1300;+0100;0;LX_1661-LX_332
LON;1730;+0200;2050;+0100;0;KL_1656-KL_1033
LON;0650;+0200;1015;+0100;0;LH_1915-LH_2472
LON;0700;+0200;1025;+0100;0;AF_2527-AF_1980
LON;0700;+0200;1030;+0100;0;AF_2527-AF_1980
LON;1255;+0200;1625;+0100;0;LH_1909-LH_2478
LON;1100;+0200;1435;+0100;0;BD_2800-BD_2811
LON;1100;+0200;1435;+0100;0;OS_522-OS_461
LON;1235;+0200;1610;+0100;0;KL_1654-KL_1021
LON;1415;+0200;1750;+0100;0;BD_3407-BD_3234
LON;1415;+0200;1750;+0100;0;LH_327-LH_916
LON;0655;+0200;1035;+0100;0;UA_9079-UA_8811
LON;1005;+0200;1345;+0100;0;AF_1127-AF_2280
LON;1235;+0200;1615;+0100;0;KL_1654-KL_1025
LON;1830;+0200;2210;+0100;0;BD_3409-BD_3194
LON;1830;+0200;2210;+0100;0;LH_329-LH_922
LON;0650;+0200;1035;+0100;0;UA_9079-UA_8811
LON;0655;+0200;1040;+0100;0;UA_9079-UA_8811
LON;0840;+0200;1225;+0100;0;LH_1907-LH_2474
LON;1000;+0200;1345;+0100;0;AF_1127-AF_2280
LON;0650;+0200;1040;+0100;0;LH_333-LH_904
LON;0650;+0200;1040;+0100;0;UA_9079-UA_8811
LON;0650;+0200;1040;+0100;0;BD_3403-BD_3216
LON;0645;+0200;1045;+0100;0;KL_1650-KL_1009
LON;0725;+0200;1125;+0100;0;AZ_1468-AZ_202
LON;1905;+0200;2305;+0100;0;AZ_1474-AZ_210
LON;1015;+0200;1420;+0100;0;LH_325-LH_908
LON;1015;+0200;1420;+0100;0;BD_3405-BD_3208
LON;1220;+0200;1625;+0100;0;AF_1427-AF_2580
LON;1500;+0200;1910;+0100;0;AZ_1462-AZ_208
LON;1510;+0200;1920;+0100;0;AF_1727-AF_1180
LON;1110;+0200;1525;+0100;0;AZ_1472-AZ_204
LON;1415;+0200;1840;+0100;0;LH_327-LH_936
LON;1415;+0200;1840;+0100;0;BD_3407-BD_3462
LON;1430;+0200;1855;+0100;0;LH_3213-LH_3386
LON;1235;+0200;1710;+0100;0;KL_1654-KL_1029
LON;1415;+0200;1850;+0100;0;LH_327-LH_918
LON;1415;+0200;1850;+0100;0;BD_3407-BD_3190
LON;1440;+0200;1915;+0100;0;LX_1663-LX_454
LON;1440;+0200;1925;+0100;0;LX_1663-LX_338
LON;0630;+0200;1125;+0100;0;AZ_1460-AZ_202
LON;1425;+0200;1920;+0100;0;AB_8863-AB_8342
LON;1235;+0200;1735;+0100;0;KL_1654-KL_1023
LON;1020;+0200;1525;+0100;0;AZ_1466-AZ_204
LON;1350;+0200;1855;+0100;0;LH_3213-LH_3386
LON;1800;+0200;2305;+0100;0;AZ_1480-AZ_210
LON;1400;+0200;1910;+0100;0;AZ_1470-AZ_208
LON;1425;+0200;1940;+0100;0;AB_8863-AB_8342
LON;1030;+0200;1550;+0100;0;UA_9058-UA_8817
LON;1510;+0200;2030;+0100;0;AF_1727-AF_1380
LON;0845;+0200;1415;+0100;0;UA_9264-UA_9175
LON;1220;+0200;1750;+0100;0;AF_1427-AF_5024
BCN;1410;+0200;1600;+0200;0;JK_82
BCN;0635;+0200;0955;+0200;0;AF_5561-AF_5906
BCN;1755;+0200;2125;+0200;0;AF_5565-AF_5894
BCN;1400;+0200;1755;+0200;0;AZ_1470-AZ_76
BCN;1250;+0200;1655;+0200;0;AF_5563-AF_5898
BCN;1710;+0200;2120;+0200;0;LH_1911-LH_1816
BCN;0700;+0200;1115;+0200;0;AF_2527-AF_1348
BCN;1905;+0200;2320;+0200;0;AZ_1474-AZ_78
BCN;0940;+0200;1400;+0200;0;LX_1661-LX_1954
BCN;1510;+0200;1930;+0200;0;AF_1727-AF_2048
BCN;0630;+0200;1055;+0200;0;AZ_1460-AZ_74
BCN;0650;+0200;1115;+0200;0;LH_1915-LH_1810
BCN;1255;+0200;1720;+0200;0;LH_1909-LH_1814
BCN;1440;+0200;1905;+0200;0;LX_1663-LX_1956
BCN;1005;+0200;1435;+0200;0;AF_1127-AF_1648
BCN;1000;+0200;1435;+0200;0;AF_1127-AF_1648
BCN;1830;+0200;2305;+0200;0;BD_3409-BD_3448
BCN;1830;+0200;2305;+0200;0;LH_329-LH_1138
BCN;0840;+0200;1320;+0200;0;LH_1907-LH_1812
BCN;1215;+0200;1655;+0200;0;IB_3645-IB_6772
BCN;1430;+0200;1915;+0200;0;LH_3213-LH_3304
BCN;0650;+0200;1140;+0200;0;LH_333-LH_1126
BCN;0650;+0200;1145;+0200;0;BD_3403-BD_3450
BCN;0650;+0200;1145;+0200;0;LH_333-LH_1126
BCN;1015;+0200;1515;+0200;0;LH_325-LH_1128
BCN;1220;+0200;1725;+0200;0;AF_1427-AF_1948
BCN;1215;+0200;1725;+0200;0;IB_3645-IB_6774
BCN;1425;+0200;1935;+0200;0;AB_8863-AB_8564
BCN;0740;+0200;1255;+0200;0;IB_3627-IB_6764
BCN;1730;+0200;2245;+0200;0;KL_1656-KL_1681
BCN;1415;+0200;1935;+0200;0;LH_327-LH_1134
BCN;1415;+0200;1935;+0200;0;JK_8994-JK_9372
BCN;1800;+0200;2320;+0200;0;AZ_1480-AZ_78
BCN;1350;+0200;1915;+0200;0;LH_3213-LH_3304
BCN;0645;+0200;1215;+0200;0;KL_1650-KL_1671
BCN;1510;+0200;2045;+0200;0;AF_1727-AF_2148
BCN;1215;+0200;1755;+0200;0;IB_3645-IB_2762
BCN;1215;+0200;1755;+0200;0;IB_3645-IB_6776
BCN;0705;+0200;1250;+0200;0;OS_528-OS_397
BCN;1335;+0200;1920;+0200;0;BA_579-BA_470
BCN;1340;+0200;1925;+0200;0;AA_6318-AA_6297
BCN;0840;+0200;1440;+0200;0;SN_3200-SN_3703
BCN;0840;+0200;1440;+0200;0;BD_5554-BD_5303
BCN;0840;+0200;1440;+0200;0;UA_9942-UA_9971
BCN;1335;+0200;1950;+0200;0;BA_579-BA_486
BCN;1340;+0200;1955;+0200;0;AA_6318-AA_6748
BCN;1710;+0200;2325;+0200;0;LH_1911-LH_1818
BCN;0650;+0200;1320;+0200;0;LH_1915-LH_1812
BCN;0710;+0200;1345;+0200;0;AF_2527-AF_1230
BCN;0840;+0200;1515;+0200;0;LH_1907-LH_6722
BCN;1245;+0200;1920;+0200;0;TP_877-TP_1046
BCN;0700;+0200;1345;+0200;0;AF_2527-AF_1230
BCN;1110;+0200;1755;+0200;0;AZ_1472-AZ_76
BCN;1235;+0200;1925;+0200;0;KL_1654-KL_1677
BCN;1510;+0200;2200;+0200;0;AF_1727-AF_2348
BCN;1220;+0200;1930;+0200;0;AF_1427-AF_2048
MAD;1215;+0200;1445;+0200;0;IB_3645
MAD;1915;+0200;2145;+0200;0;IB_3639
MAD;0740;+0200;1015;+0200;0;IB_3627
MAD;1410;+0200;1755;+0200;0;JK_82-JK_443
MAD;1255;+0200;1720;+0200;0;LH_1909-LH_1804
MAD;0700;+0200;1140;+0200;0;AF_2527-AF_1300
MAD;0650;+0200;1135;+0200;0;LH_1915-LH_1800
MAD;1710;+0200;2155;+0200;0;LH_1911-LH_1806
MAD;1905;+0200;2350;+0200;0;AZ_1474-AZ_64
MAD;0650;+0200;1140;+0200;0;LH_333-LH_1112
MAD;1430;+0200;1920;+0200;0;LH_3213-LH_3292
MAD;0630;+0200;1130;+0200;0;AZ_1460-AZ_58
MAD;1440;+0200;1940;+0200;0;LX_1663-LX_2032
MAD;0940;+0200;1445;+0200;0;LX_1661-LX_2026
MAD;1220;+0200;1730;+0200;0;AF_1427-AF_1800
MAD;1410;+0200;1920;+0200;0;JK_82-JK_429
MAD;1510;+0200;2020;+0200;0;AF_1727-AF_2000
MAD;0645;+0200;1205;+0200;0;KL_1650-KL_1701
MAD;1830;+0200;2350;+0200;0;BD_3409-BD_2920
MAD;1830;+0200;2350;+0200;0;LH_329-LH_1120
MAD;1350;+0200;1920;+0200;0;LH_3213-LH_3292
MAD;0840;+0200;1415;+0200;0;LH_1907-LH_1802
MAD;1730;+0200;2310;+0200;0;KL_1656-KL_1707
MAD;1110;+0200;1700;+0200;0;AZ_1472-AZ_60
MAD;1800;+0200;2350;+0200;0;AZ_1480-AZ_64
MAD;1015;+0200;1615;+0200;0;LH_325-LH_6800
MAD;1005;+0200;1610;+0200;0;AF_1127-AF_1700
MAD;1000;+0200;1610;+0200;0;AF_1127-AF_1700
MAD;1415;+0200;2025;+0200;0;JK_8994-JK_118
MAD;1415;+0200;2025;+0200;0;LH_327-LH_6802
MAD;1335;+0200;1950;+0200;0;BA_579-BA_7065
MAD;1220;+0200;1845;+0200;0;AF_1427-AF_1900
MAD;1510;+0200;2145;+0200;0;AF_1727-AF_2100
MAD;1020;+0200;1700;+0200;0;AZ_1466-AZ_60
MAD;1235;+0200;1950;+0200;0;KL_1654-KL_1709
MAD;1245;+0200;2000;+0200;0;TP_877-TP_1018
FRA;0650;+0200;0815;+0200;0;BD_3403
FRA;0650;+0200;0815;+0200;0;LH_333
FRA;1015;+0200;1140;+0200;0;BD_3405
FRA;1015;+0200;1140;+0200;0;LH_325
FRA;1415;+0200;1540;+0200;0;LH_327
FRA;1415;+0200;1540;+0200;0;NH_6200
FRA;1415;+0200;1540;+0200;0;BD_3407
FRA;1830;+0200;1955;+0200;0;BD_3409
FRA;1830;+0200;1955;+0200;0;LH_329
FRA;2015;+0200;2140;+0200;0;LH_331
FRA;2015;+0200;2140;+0200;0;BD_3411
FRA;1710;+0200;1955;+0200;0;LH_1911-LH_121
FRA;0840;+0200;1155;+0200;0;LH_1907-LH_109
FRA;1255;+0200;1610;+0200;0;LH_1909-LH_115
FRA;0650;+0200;1020;+0200;0;LH_1915-LH_105
FRA;1440;+0200;1810;+0200;0;AB_8991-AB_6563
FRA;1440;+0200;1810;+0200;0;AB_8991-AB_6559
FRA;1100;+0200;1440;+0200;0;OS_522-OS_123
FRA;0940;+0200;1330;+0200;0;LX_1661-LX_1072
FRA;1400;+0200;1755;+0200;0;AZ_1470-AZ_404
FRA;1710;+0200;2105;+0200;0;LH_1911-LH_123
FRA;0710;+0200;1110;+0200;0;AF_2527-AF_1618
FRA;1710;+0200;2110;+0200;0;LH_1911-LH_123
FRA;0840;+0200;1245;+0200;0;LH_1907-LH_111
FRA;0700;+0200;1110;+0200;0;AF_2527-AF_1618
FRA;0650;+0200;1105;+0200;0;LH_1915-LH_107
FRA;1235;+0200;1650;+0200;0;KL_1654-KL_1771
FRA;1235;+0200;1655;+0200;0;KL_1654-KL_1771
FRA;1430;+0200;1855;+0200;0;LH_3213-LH_85
FRA;1005;+0200;1435;+0200;0;AF_1127-AF_1918
FRA;1220;+0200;1650;+0200;0;AF_1427-AF_2118
FRA;1440;+0200;1910;+0200;0;LX_1663-LX_3608
FRA;1730;+0200;2200;+0200;0;KL_1656-KL_1775
FRA;1000;+0200;1435;+0200;0;AF_1127-AF_1918
FRA;1510;+0200;1945;+0200;0;AF_1727-AF_2418
FRA;0630;+0200;1110;+0200;0;AZ_1460-AZ_400
FRA;1255;+0200;1745;+0200;0;LH_1909-LH_117
FRA;1710;+0200;2205;+0200;0;LH_1911-LH_125
FRA;0940;+0200;1440;+0200;0;LX_1661-LX_3604
FRA;0650;+0200;1155;+0200;0;LH_1915-LH_109
FRA;1350;+0200;1855;+0200;0;LH_3213-LH_85
FRA;1440;+0200;1945;+0200;0;AB_8991-AB_6565
FRA;1100;+0200;1610;+0200;0;BD_2800-BD_2985
FRA;0705;+0200;1220;+0200;0;BD_2798-BD_2989
FRA;1100;+0200;1615;+0200;0;OS_522-OS_7205
FRA;1235;+0200;1750;+0200;0;KL_1654-KL_1773
FRA;1340;+0200;1855;+0200;0;AA_6318-AA_6498
FRA;0705;+0200;1225;+0200;0;OS_528-OS_7203
FRA;1440;+0200;2005;+0200;0;LX_1663-LX_1076
FRA;1330;+0200;1900;+0200;0;SK_1848-SK_673
FRA;1430;+0200;2000;+0200;0;LH_3213-LH_87
CPH;1255;+0200;1615;+0200;0;LH_1909-LH_2444
CPH;0840;+0200;1215;+0200;0;LH_1907-LH_2442
CPH;1350;+0200;1725;+0200;0;LH_3213-LH_6212
CPH;1710;+0200;2045;+0200;0;LH_1911-LH_2446
CPH;1015;+0200;1355;+0200;0;SK_3710-SK_1638
CPH;0650;+0200;1040;+0200;0;LH_1915-LH_6260
CPH;1015;+0200;1410;+0200;0;SK_3710-SK_1638
CPH;1015;+0200;1410;+0200;0;LH_325-LH_6222
CPH;1415;+0200;1810;+0200;0;BD_3407-BD_3420
CPH;1415;+0200;1810;+0200;0;UA_9066-UA_9074
CPH;0840;+0200;1240;+0200;0;SN_3200-SN_2257
CPH;1235;+0200;1635;+0200;0;KL_1654-KL_1131
CPH;1415;+0200;1815;+0200;0;LH_327-LH_830
CPH;1415;+0200;1815;+0200;0;SK_3778-SK_3628
CPH;1415;+0200;1815;+0200;0;UA_9066-UA_9074
CPH;0650;+0200;1055;+0200;0;SK_3712-SK_640
CPH;0650;+0200;1055;+0200;0;LH_333-LH_6070
CPH;0645;+0200;1055;+0200;0;KL_1650-KL_1127
CPH;0645;+0200;1055;+0200;0;AZ_7732-AZ_2910
CPH;1825;+0200;2235;+0200;0;AB_8991-AB_8950
CPH;0840;+0200;1300;+0200;0;BD_5554-BD_5457
CPH;0840;+0200;1300;+0200;0;SN_3200-SN_2257
CPH;0940;+0200;1405;+0200;0;LX_1661-LX_1270
CPH;1000;+0200;1425;+0200;0;AF_1127-AF_2350
CPH;1005;+0200;1430;+0200;0;AF_1127-AF_2350
CPH;0710;+0200;1140;+0200;0;AF_2527-AF_2050
CPH;1000;+0200;1430;+0200;0;AF_1127-AF_2350
CPH;1440;+0200;1915;+0200;0;LX_1663-LX_1272
CPH;0700;+0200;1140;+0200;0;AF_2527-AF_2050
CPH;1415;+0200;1900;+0200;0;SK_3778-SK_676
CPH;1710;+0200;2155;+0200;0;LH_1911-LH_6262
CPH;1830;+0200;2315;+0200;0;LH_329-LH_832
CPH;1830;+0200;2315;+0200;0;BD_3409-BD_3422
CPH;0710;+0200;1200;+0200;0;AF_2527-AF_2050
CPH;1220;+0200;1715;+0200;0;AF_1427-AF_1050
CPH;1330;+0200;1825;+0200;0;SK_1848-SK_409
CPH;1415;+0200;1910;+0200;0;LH_327-LH_6032
CPH;1415;+0200;1910;+0200;0;SK_3778-SK_676
CPH;0700;+0200;1200;+0200;0;AF_2527-AF_2050
CPH;1220;+0200;1720;+0200;0;AF_1427-AF_1050
CPH;1830;+0200;2330;+0200;0;SK_3700-SK_8518
CPH;1730;+0200;2235;+0200;0;KL_1656-KL_1139
CPH;1730;+0200;2235;+0200;0;AZ_7736-AZ_2918
CPH;1440;+0200;1955;+0200;0;BT_628-BT_139
CPH;1340;+0200;1900;+0200;0;AA_6318-AA_6471
CPH;0650;+0200;1215;+0200;0;LH_1915-LH_2442
CPH;1335;+0200;1900;+0200;0;BA_579-BA_820
CPH;1030;+0200;1600;+0200;0;UA_9058-UA_9330
CPH;1255;+0200;1835;+0200;0;LH_1909-LH_6256
CPH;1015;+0200;1600;+0200;0;UA_9058-UA_9330
CPH;1430;+0200;2015;+0200;0;LH_3213-LH_6214
CPH;0655;+0200;1245;+0200;0;UA_9079-UA_9568
CPH;1330;+0200;1920;+0200;0;SK_1848-SK_1429
CPH;0650;+0200;1245;+0200;0;UA_9079-UA_9568
CPH;0650;+0200;1245;+0200;0;BD_3403-BD_3418
CPH;1015;+0200;1610;+0200;0;SK_3710-SK_8574
CPH;1015;+0200;1610;+0200;0;LH_325-LH_828
CPH;1015;+0200;1610;+0200;0;BD_3405-BD_3416
CPH;1100;+0200;1700;+0200;0;OS_522-OS_303
CPH;1235;+0200;1835;+0200;0;KL_1654-KL_1133
CPH;1235;+0200;1835;+0200;0;AZ_7734-AZ_2916
CPH;1425;+0200;2025;+0200;0;AB_8863-AB_8230
CPH;0840;+0200;1445;+0200;0;LH_1907-LH_6052
CPH;1710;+0200;2325;+0200;0;LH_1911-LH_6258
CPH;1350;+0200;2015;+0200;0;LH_3213-LH_6214
CPH;1155;+0200;1825;+0200;0;AY_772-AY_667
CPH;1510;+0200;2140;+0200;0;AF_1727-AF_1350
CPH;1510;+0200;2140;+0200;0;AZ_7328-AZ_3630
CPH;1330;+0200;2010;+0200;0;SK_1848-SK_411
CPH;0645;+0200;1335;+0200;0;AZ_7732-AZ_3894
CPH;0645;+0200;1335;+0200;0;KL_1650-KL_1129
CPH;0650;+0200;1355;+0200;0;SK_3712-SK_1638
CPH;1005;+0200;1715;+0200;0;AF_1127-AF_1050
CPH;0710;+0200;1425;+0200;0;AF_2527-AF_2350
CPH;0710;+0200;1425;+0200;0;AZ_7334-AZ_3616
CPH;1000;+0200;1715;+0200;0;AF_1127-AF_1050
CPH;1005;+0200;1720;+0200;0;AF_1127-AF_1050
CPH;1415;+0200;2130;+0200;0;LH_327-LH_6224
CPH;1415;+0200;2130;+0200;0;SK_3778-SK_1636
CPH;1440;+0200;2155;+0200;0;LX_1663-LX_4704
CPH;0650;+0200;1410;+0200;0;SK_3712-SK_1638
CPH;0650;+0200;1410;+0200;0;LH_333-LH_6222
CPH;0710;+0200;1430;+0200;0;AF_2527-AF_2350
CPH;0740;+0200;1500;+0200;0;IB_3627-IB_3304
CPH;1000;+0200;1720;+0200;0;AZ_7324-AZ_3628
CPH;1000;+0200;1720;+0200;0;AF_1127-AF_1050
CPH;0700;+0200;1425;+0200;0;AF_2527-AF_2350
CPH;1135;+0200;1900;+0200;0;BA_2583-BA_820
CPH;0700;+0200;1430;+0200;0;AF_2527-AF_2350
DUS;1350;+0200;1520;+0200;0;LH_3213
DUS;1430;+0200;1600;+0200;0;LH_3213
DUS;1425;+0200;1600;+0200;0;AB_8863
DUS;1255;+0200;1545;+0200;0;LH_1909-LH_2012
DUS;1710;+0200;2010;+0200;0;LH_1911-LH_2020
DUS;1415;+0200;1725;+0200;0;BD_3407-BD_3312
DUS;1415;+0200;1725;+0200;0;LH_327-LH_82
DUS;1505;+0200;1820;+0200;0;AB_8985-AB_6839
DUS;0635;+0200;1000;+0200;0;AF_5561-AF_5876
DUS;0650;+0200;1015;+0200;0;LH_1915-LH_2004
DUS;1755;+0200;2120;+0200;0;AF_5565-AF_5878
DUS;0840;+0200;1210;+0200;0;LH_1907-LH_2008
DUS;1825;+0200;2200;+0200;0;AB_8991-AB_6451
DUS;1220;+0200;1600;+0200;0;AB_8983-AB_6751
DUS;1440;+0200;1820;+0200;0;AB_8991-AB_6447
DUS;1015;+0200;1400;+0200;0;LH_325-LH_78
DUS;1710;+0200;2055;+0200;0;LH_1911-LH_2022
DUS;0705;+0200;1055;+0200;0;OS_528-OS_7251
DUS;0710;+0200;1100;+0200;0;AF_2527-AF_1606
DUS;1830;+0200;2220;+0200;0;LH_329-LH_88
DUS;0705;+0200;1100;+0200;0;OS_528-OS_7251
DUS;1255;+0200;1650;+0200;0;LH_1909-LH_2014
DUS;1505;+0200;1900;+0200;0;AB_8985-AB_6839
DUS;0700;+0200;1100;+0200;0;AF_2527-AF_1606
DUS;1005;+0200;1405;+0200;0;AF_1127-AF_1906
DUS;1250;+0200;1650;+0200;0;AF_5563-AF_5874
DUS;1825;+0200;2225;+0200;0;AB_8991-AB_6451
DUS;1000;+0200;1405;+0200;0;AF_1127-AF_1906
DUS;0940;+0200;1350;+0200;0;LX_1661-LX_1018
DUS;1805;+0200;2215;+0200;0;AF_2027-AF_1106
DUS;1220;+0200;1635;+0200;0;AF_1427-AF_2206
DUS;1415;+0200;1830;+0200;0;LH_327-LH_84
DUS;1415;+0200;1830;+0200;0;BD_3407-BD_3310
DUS;1800;+0200;2215;+0200;0;AF_2027-AF_1106
DUS;0650;+0200;1110;+0200;0;LH_333-LH_76
DUS;0650;+0200;1110;+0200;0;BD_3403-BD_3316
DUS;1440;+0200;1905;+0200;0;LX_1663-LX_1026
DUS;1510;+0200;1940;+0200;0;AF_1727-AF_2406
DUS;1510;+0200;1940;+0200;0;AZ_7328-AZ_2886
DUS;1710;+0200;2200;+0200;0;LH_1911-LH_2024
DUS;1730;+0200;2225;+0200;0;KL_1656-KL_1863
DUS;1730;+0200;2225;+0200;0;AZ_7736-AZ_2906
DUS;0645;+0200;1145;+0200;0;AZ_7732-AZ_2944
DUS;0645;+0200;1145;+0200;0;KL_1650-KL_1855
DUS;1235;+0200;1740;+0200;0;KL_1654-KL_1861
DUS;1235;+0200;1740;+0200;0;AZ_7734-AZ_2948
DUS;1440;+0200;1950;+0200;0;LX_1663-LX_3640
DUS;0650;+0200;1210;+0200;0;LH_1915-LH_2008
DUS;1440;+0200;2000;+0200;0;AB_8991-AB_6449
DUS;0705;+0200;1230;+0200;0;OS_528-OS_7243
DUS;1255;+0200;1820;+0200;0;LH_1909-LH_2016
DUS;1250;+0200;1820;+0200;0;AB_8985-AB_6839
DUS;1340;+0200;1910;+0200;0;AA_6318-AA_6450
DUS;1335;+0200;1910;+0200;0;BA_579-BA_944
DUS;1330;+0200;1910;+0200;0;SK_1848-SK_2625
DUS;1340;+0200;1920;+0200;0;AA_6318-AA_6450
DUS;1710;+0200;2250;+0200;0;LH_1911-LH_2026
DUS;0840;+0200;1425;+0200;0;LH_1907-LH_2010
LYS;0635;+0200;0800;+0200;0;AZ_7360
LYS;0635;+0200;0800;+0200;0;AF_5561
LYS;1250;+0200;1415;+0200;0;AF_5563
LYS;1250;+0200;1415;+0200;0;AZ_7852
LYS;1755;+0200;1920;+0200;0;AF_5565
LYS;1755;+0200;1920;+0200;0;AZ_7362
LYS;1440;+0200;1810;+0200;0;LX_1663-LX_536
LYS;1550;+0200;1920;+0200;0;AZ_1476-AZ_7840
LYS;0840;+0200;1220;+0200;0;LH_1907-LH_2248
LYS;0700;+0200;1045;+0200;0;AF_2527-AF_7652
LYS;1255;+0200;1640;+0200;0;LH_1909-LH_2250
LYS;1830;+0200;2220;+0200;0;BD_3409-BD_3088
LYS;1830;+0200;2220;+0200;0;LH_329-LH_1082
LYS;1415;+0200;1810;+0200;0;BD_3407-BD_3086
LYS;1415;+0200;1810;+0200;0;LH_327-LH_1078
LYS;1015;+0200;1415;+0200;0;BD_3405-BD_3082
LYS;1015;+0200;1415;+0200;0;LH_325-LH_1076
LYS;1020;+0200;1425;+0200;0;AZ_1466-AZ_7838
LYS;0940;+0200;1400;+0200;0;LX_1661-LX_532
LYS;1005;+0200;1425;+0200;0;AF_1127-AF_7644
LYS;1500;+0200;1920;+0200;0;AZ_1462-AZ_7840
LYS;1000;+0200;1425;+0200;0;AF_1127-AF_7644
LYS;0645;+0200;1120;+0200;0;KL_1650-KL_2025
LYS;1805;+0200;2240;+0200;0;AF_2027-AF_7650
LYS;1730;+0200;2210;+0200;0;KL_1656-KL_2029
LYS;1800;+0200;2240;+0200;0;AF_2027-AF_7650
LYS;1220;+0200;1710;+0200;0;AF_1427-AF_7646
LYS;1340;+0200;1835;+0200;0;AA_6318-AA_6616
LYS;1335;+0200;1835;+0200;0;BA_579-BA_362
LYS;1510;+0200;2010;+0200;0;AF_1727-AF_7648
LYS;1400;+0200;1920;+0200;0;AZ_1470-AZ_7840
LYS;1430;+0200;1955;+0200;0;LH_3213-LH_3268
LYS;0650;+0200;1220;+0200;0;LH_1915-LH_2248
LYS;1325;+0200;1855;+0200;0;AF_4333-AF_7827
LYS;1255;+0200;1830;+0200;0;LH_1909-LH_2252
LYS;1710;+0200;2245;+0200;0;LH_1911-LH_2254
LYS;0740;+0200;1340;+0200;0;IB_3627-IB_8710
LYS;1350;+0200;1955;+0200;0;LH_3213-LH_3268
LYS;0800;+0200;1425;+0200;0;AZ_1464-AZ_7838
BER;1440;+0200;1615;+0200;0;AB_8991
BER;1825;+0200;2005;+0200;0;AB_8991
BER;1255;+0200;1540;+0200;0;LH_1909-LH_2040
BER;1710;+0200;1955;+0200;0;LH_1911-LH_2050
BER;1505;+0200;1800;+0200;0;AB_8985-AB_6532
BER;1100;+0200;1410;+0200;0;OS_522-OS_291
BER;1440;+0200;1750;+0200;0;LX_1663-LX_970
BER;0650;+0200;1005;+0200;0;LH_333-LH_176
BER;1415;+0200;1730;+0200;0;LH_327-LH_188
BER;1250;+0200;1610;+0200;0;AB_8985-AB_6536
BER;1830;+0200;2150;+0200;0;LH_329-LH_198
BER;1830;+0200;2150;+0200;0;BD_3409-BD_3586
BER;0650;+0200;1015;+0200;0;LH_1915-LH_2034
BER;1255;+0200;1620;+0200;0;LH_1909-LH_2042
BER;1830;+0200;2155;+0200;0;LH_329-LH_198
BER;0840;+0200;1210;+0200;0;LH_1907-LH_2036
BER;1425;+0200;1755;+0200;0;AB_8863-AB_6446
BER;1710;+0200;2040;+0200;0;LH_1911-LH_2052
BER;1430;+0200;1805;+0200;0;LH_3213-LH_2740
BER;1015;+0200;1405;+0200;0;BD_3405-BD_3582
BER;1015;+0200;1405;+0200;0;LH_325-LH_182
BER;1235;+0200;1630;+0200;0;KL_1654-KL_1829
BER;1255;+0200;1700;+0200;0;LH_1909-LH_2046
BER;1415;+0200;1820;+0200;0;LH_327-LH_190
BER;1415;+0200;1820;+0200;0;BD_3407-BD_3584
BER;1350;+0200;1805;+0200;0;LH_3213-LH_2740
BER;1730;+0200;2150;+0200;0;KL_1656-KL_1835
BER;1730;+0200;2150;+0200;0;AZ_7736-AZ_3836
BER;1830;+0200;2250;+0200;0;LH_329-LH_200
BER;1830;+0200;2250;+0200;0;BD_3409-BD_3574
BER;1440;+0200;1905;+0200;0;LX_1663-LX_978
BER;0650;+0200;1120;+0200;0;BD_3403-BD_3576
BER;0650;+0200;1120;+0200;0;LH_333-LH_178
BER;0940;+0200;1410;+0200;0;LX_1661-LX_966
BER;1005;+0200;1435;+0200;0;AF_1127-AF_2034
BER;0645;+0200;1120;+0200;0;AZ_7732-AZ_3812
BER;0645;+0200;1120;+0200;0;KL_1650-KL_1823
BER;1000;+0200;1435;+0200;0;AF_1127-AF_2034
BER;0840;+0200;1320;+0200;0;SN_3200-SN_2583
BER;0840;+0200;1320;+0200;0;BD_5554-BD_5333
BER;1415;+0200;1900;+0200;0;LH_327-LH_192
BER;1415;+0200;1900;+0200;0;BD_3407-BD_3562
BER;1710;+0200;2155;+0200;0;LH_1911-LH_2054
BER;0710;+0200;1200;+0200;0;AF_2527-AF_1734
BER;0700;+0200;1200;+0200;0;AF_2527-AF_1734
BER;0840;+0200;1340;+0200;0;SN_3200-SN_2583
BER;1220;+0200;1720;+0200;0;AZ_7326-AZ_2614
BER;1220;+0200;1720;+0200;0;AF_1427-AF_2334
BER;1015;+0200;1520;+0200;0;LH_325-LH_184
BER;1015;+0200;1520;+0200;0;BD_3405-BD_3568
BER;1250;+0200;1800;+0200;0;AB_8985-AB_6532
BER;1510;+0200;2025;+0200;0;AF_1727-AF_2534
BER;1510;+0200;2025;+0200;0;AZ_7328-AZ_2616
BER;0650;+0200;1210;+0200;0;LH_1915-LH_2036
BER;1415;+0200;1935;+0200;0;LH_327-LH_194
BER;1255;+0200;1820;+0200;0;LH_1909-LH_2048
BER;1330;+0200;1855;+0200;0;SK_1848-SK_2679
BER;1335;+0200;1900;+0200;0;BA_579-BA_986
BER;1415;+0200;1940;+0200;0;LH_327-LH_194
BER;1505;+0200;2035;+0200;0;AB_8985-AB_6538
BER;0840;+0200;1415;+0200;0;LH_1907-LH_2038
BER;1340;+0200;1915;+0200;0;AA_6318-AA_6473
BER;1425;+0200;2000;+0200;0;AB_8863-AB_6448
BER;1710;+0200;2250;+0200;0;LH_1911-LH_2056
BER;1430;+0200;2015;+0200;0;LH_3213-LH_2742
BER;0650;+0200;1240;+0200;0;BD_3403-BD_3580
BER;0650;+0200;1240;+0200;0;LH_333-LH_180
BER;1235;+0200;1830;+0200;0;KL_1654-KL_1833
BER;1235;+0200;1830;+0200;0;AZ_7734-AZ_3834
BER;1430;+0200;2025;+0200;0;LH_3213-LH_2742
BER;1155;+0200;1755;+0200;0;AY_772-AY_917
ROM;0630;+0200;0735;+0200;0;AZ_1460
ROM;0725;+0200;0830;+0200;0;AZ_1468
ROM;0800;+0200;0905;+0200;0;AZ_1464
ROM;1020;+0200;1125;+0200;0;AZ_1466
ROM;1110;+0200;1215;+0200;0;AZ_1472
ROM;1400;+0200;1505;+0200;0;AZ_1470
ROM;1500;+0200;1605;+0200;0;AZ_1462
ROM;1550;+0200;1655;+0200;0;AZ_1476
ROM;1800;+0200;1905;+0200;0;AZ_1480
ROM;1905;+0200;2010;+0200;0;AZ_1474
ROM;0650;+0200;0940;+0200;0;AZ_1636-AZ_1614
ROM;1005;+0200;1340;+0200;0;AZ_1742-AZ_1732
ROM;1255;+0200;1630;+0200;0;LH_1909-LH_1846
ROM;0635;+0200;1015;+0200;0;AF_5561-AF_5823
ROM;1710;+0200;2105;+0200;0;LH_1911-LH_1850
ROM;1250;+0200;1650;+0200;0;AF_5563-AF_5821
ROM;1250;+0200;1650;+0200;0;AZ_7852-AZ_7839
ROM;0650;+0200;1105;+0200;0;LH_1915-LH_1842
ROM;1415;+0200;1830;+0200;0;BD_3407-BD_3594
ROM;1415;+0200;1830;+0200;0;LH_327-LH_238
ROM;1005;+0200;1425;+0200;0;AZ_1742-AZ_1748
ROM;1445;+0200;1905;+0200;0;AZ_1638-AZ_1606
ROM;0840;+0200;1305;+0200;0;LH_1907-LH_1844
ROM;0940;+0200;1405;+0200;0;LX_1661-LX_1736
ROM;1440;+0200;1905;+0200;0;LX_1663-LX_1732
ROM;1150;+0200;1625;+0200;0;AZ_1771-AZ_1168
ROM;0710;+0200;1150;+0200;0;AF_2527-AF_1504
ROM;0740;+0200;1220;+0200;0;AZ_1761-AZ_1782
ROM;1000;+0200;1440;+0200;0;AF_1127-AF_9846
ROM;0700;+0200;1150;+0200;0;AF_2527-AF_1504
ROM;1730;+0200;2230;+0200;0;KL_1656-KL_1609
ROM;1730;+0200;2230;+0200;0;AZ_7736-AZ_7717
ROM;0710;+0200;1215;+0200;0;AF_2527-AF_9832
ROM;1050;+0200;1555;+0200;0;AZ_1261-AZ_1270
ROM;0645;+0200;1155;+0200;0;AZ_7732-AZ_7713
ROM;0645;+0200;1155;+0200;0;KL_1650-KL_1601
ROM;1220;+0200;1730;+0200;0;AF_1427-AF_2104
ROM;0700;+0200;1215;+0200;0;AF_2527-AF_9832
ROM;1005;+0200;1520;+0200;0;AZ_1742-AZ_1734
BRU;0840;+0200;1025;+0200;0;HU_8092
BRU;0840;+0200;1025;+0200;0;UA_9942
BRU;0840;+0200;1025;+0200;0;SN_3200
BRU;2140;+0200;2325;+0200;0;SN_3206
BRU;1755;+0200;2110;+0200;0;AF_5565-AF_5406
BRU;0840;+0200;1205;+0200;0;LH_1907-LH_2286
BRU;1415;+0200;1740;+0200;0;LH_327-LH_1016
BRU;1440;+0200;1805;+0200;0;LX_1663-LX_782
BRU;1710;+0200;2035;+0200;0;LH_1911-LH_2294
BRU;0650;+0200;1020;+0200;0;LH_333-LH_1008
BRU;0650;+0200;1025;+0200;0;LH_1915-LH_2284
BRU;1255;+0200;1635;+0200;0;LH_1909-LH_2290
BRU;1015;+0200;1400;+0200;0;LH_325-LH_1012
BRU;1830;+0200;2215;+0200;0;LH_329-LH_1024
BRU;1915;+0200;2310;+0200;0;OS_530-OS_8175
BRU;0645;+0200;1045;+0200;0;KL_1650-KL_1723
BRU;0940;+0200;1350;+0200;0;LX_1661-LX_780
BRU;1005;+0200;1423;+0200;0;AF_1127-AF_7183
BRU;1415;+0200;1835;+0200;0;LH_327-LH_1018
BRU;1415;+0200;1835;+0200;0;NH_6200-NH_6171
BRU;1000;+0200;1423;+0200;0;AF_1127-AF_7183
BRU;0705;+0200;1130;+0200;0;OS_528-OS_8171
BRU;0705;+0200;1130;+0200;0;BD_2798-BD_5492
BRU;1250;+0200;1715;+0200;0;AF_5563-AF_5404
BRU;1905;+0200;2330;+0200;0;AZ_1474-AZ_164
BRU;1440;+0200;1910;+0200;0;LX_1663-LX_788
BRU;1730;+0200;2205;+0200;0;KL_1656-KL_1733
BRU;0630;+0200;1110;+0200;0;AZ_1460-AZ_156
BRU;0710;+0200;1155;+0200;0;AF_2527-AF_7179
BRU;0700;+0200;1155;+0200;0;AF_2527-AF_7179
BRU;1340;+0200;1835;+0200;0;AA_6318-AA_6457
BRU;1335;+0200;1835;+0200;0;BA_579-BA_398
BRU;1235;+0200;1745;+0200;0;KL_1654-KL_1731
BRU;0650;+0200;1205;+0200;0;LH_1915-LH_2286
BRU;1710;+0200;2235;+0200;0;LH_1911-LH_2296
BRU;1255;+0200;1825;+0200;0;LH_1909-LH_2292
BRU;1800;+0200;2330;+0200;0;AZ_1480-AZ_164
BRU;1510;+0200;2043;+0200;0;AF_1727-AF_7187
BRU;0840;+0200;1425;+0200;0;LH_1907-LH_2288
BRU;1415;+0200;2005;+0200;0;LH_327-LH_1020
BRU;0650;+0200;1245;+0200;0;LH_333-LH_1010
BRU;1100;+0200;1655;+0200;0;OS_522-OS_353
BRU;1100;+0200;1655;+0200;0;BD_2800-BD_2833
BRU;1215;+0200;1820;+0200;0;IB_3645-IB_3214
BRU;1110;+0200;1725;+0200;0;AZ_1472-AZ_160
STO;1330;+0200;1600;+0200;0;SK_1848
STO;1100;+0200;1515;+0200;0;OS_522-OS_313
STO;1440;+0200;1855;+0200;0;LX_1663-LX_1254
STO;0650;+0200;1110;+0200;0;LH_1915-LH_2414
STO;1415;+0200;1840;+0200;0;BD_3407-BD_3524
STO;1415;+0200;1840;+0200;0;SK_3778-SK_3614
STO;1415;+0200;1840;+0200;0;LG_1520-LG_1403
STO;1415;+0200;1840;+0200;0;LH_327-LH_804
STO;1710;+0200;2140;+0200;0;LH_1911-LH_2420
STO;1255;+0200;1730;+0200;0;LH_1909-LH_2418
STO;1825;+0200;2300;+0200;0;AB_8991-AB_8100
STO;0840;+0200;1325;+0200;0;BD_5554-BD_5473
STO;0840;+0200;1325;+0200;0;SN_3200-SN_2305
STO;1155;+0200;1650;+0200;0;AY_772-AY_645
STO;0650;+0200;1150;+0200;0;LG_1524-LG_1401
STO;0650;+0200;1150;+0200;0;LH_333-LH_802
STO;0650;+0200;1150;+0200;0;BD_3403-BD_3522
STO;0650;+0200;1150;+0200;0;SK_3712-SK_3612
STO;0700;+0200;1205;+0200;0;AF_2527-AF_2062
STO;1155;+0200;1700;+0200;0;AY_772-AY_983
STO;1430;+0200;1940;+0200;0;LH_3213-LH_2924
STO;1440;+0200;1955;+0200;0;BT_628-BT_109
STO;1830;+0200;2350;+0200;0;LH_329-LH_808
STO;1830;+0200;2350;+0200;0;SK_3700-SK_3610
STO;1830;+0200;2350;+0200;0;BD_3409-BD_3526
STO;1830;+0200;2350;+0200;0;LG_1526-LG_1405
STO;0940;+0200;1505;+0200;0;LX_1661-LX_1250
STO;0645;+0200;1215;+0200;0;KL_1650-KL_1109
STO;0645;+0200;1215;+0200;0;AZ_7732-AZ_2900
STO;1730;+0200;2300;+0200;0;AZ_7736-AZ_2908
STO;1730;+0200;2300;+0200;0;KL_1656-KL_1121
STO;1350;+0200;1940;+0200;0;LH_3213-LH_2924
STO;0650;+0200;1245;+0200;0;SK_3712-SK_1632
STO;1415;+0200;2025;+0200;0;SK_3778-SK_638
STO;1415;+0200;2025;+0200;0;LH_327-LH_6228
STO;1155;+0200;1810;+0200;0;AY_772-AY_647
STO;1220;+0200;1835;+0200;0;AZ_7326-AZ_3636
STO;1220;+0200;1835;+0200;0;AF_1427-AF_1062
STO;1235;+0200;1900;+0200;0;KL_1654-KL_1117
STO;1340;+0200;2010;+0200;0;AA_6318-AA_6454
STO;0840;+0200;1515;+0200;0;LH_1907-LH_2416
STO;1335;+0200;2010;+0200;0;BA_579-BA_782
STO;1255;+0200;1935;+0200;0;LH_1909-LH_6188
STO;1340;+0200;2025;+0200;0;AA_6318-AA_6454
STO;1430;+0200;2145;+0200;0;LH_3213-LH_6284
STO;0650;+0200;1415;+0200;0;LH_333-LH_6226
STO;0650;+0200;1415;+0200;0;SK_3712-SK_2636
STO;1510;+0200;2245;+0200;0;AF_1727-AF_1462
STO;1510;+0200;2245;+0200;0;AZ_7328-AZ_3638
STO;1415;+0200;2155;+0200;0;LH_327-LH_6056
STO;1415;+0200;2155;+0200;0;SK_3778-SK_674
STO;1440;+0200;2220;+0200;0;LX_1663-LX_4708
STO;1350;+0200;2145;+0200;0;LH_3213-LH_6284
STO;1155;+0200;2000;+0200;0;AY_772-AY_985
STO;0705;+0200;1515;+0200;0;OS_528-OS_313
STO;1155;+0200;2005;+0200;0;AY_772-AY_649
STO;1440;+0200;2300;+0200;0;AB_8991-AB_8100
STO;0650;+0200;1515;+0200;0;LH_1915-LH_2416
STO;1015;+0200;1840;+0200;0;LH_325-LH_804
STO;1015;+0200;1840;+0200;0;SK_3710-SK_3614
STO;1015;+0200;1840;+0200;0;LG_1522-LG_1403
STO;1015;+0200;1840;+0200;0;BD_3405-BD_3524
STO;1005;+0200;1835;+0200;0;AF_1127-AF_1062
STO;1000;+0200;1835;+0200;0;AZ_7324-AZ_3636
STO;1000;+0200;1835;+0200;0;AF_1127-AF_1062
STO;1135;+0200;2010;+0200;0;BA_2583-BA_782
STO;1100;+0200;1940;+0200;0;OS_522-OS_315
STO;1255;+0200;2140;+0200;0;LH_1909-LH_2420
STO;0840;+0200;1730;+0200;0;LH_1907-LH_2418
STO;1335;+0200;2230;+0200;0;BA_579-BA_8493
STO;1410;+0200;2315;+0200;0;JK_82-JK_53
STO;0940;+0200;1855;+0200;0;LX_1661-LX_1254
HAM;1220;+0200;1400;+0200;0;AB_8983
HAM;1250;+0200;1550;+0200;0;AB_8985-AB_6654
HAM;1710;+0200;2020;+0200;0;LH_1911-LH_2080
HAM;1425;+0200;1745;+0200;0;AB_8863-AB_6752
HAM;1830;+0200;2150;+0200;0;LH_329-LH_28
HAM;0650;+0200;1020;+0200;0;LH_333-LH_8
HAM;0705;+0200;1035;+0200;0;OS_528-OS_7253
HAM;1425;+0200;1800;+0200;0;AB_8863-AB_6752
HAM;0650;+0200;1030;+0200;0;LH_1915-LH_2064
HAM;1415;+0200;1800;+0200;0;LH_327-LH_20
HAM;1430;+0200;1820;+0200;0;LH_3213-LH_2714
HAM;1710;+0200;2100;+0200;0;LH_1911-LH_2082
HAM;1255;+0200;1650;+0200;0;LH_1909-LH_2074
HAM;0635;+0200;1050;+0200;0;AF_5561-AF_5971
HAM;0710;+0200;1125;+0200;0;AF_2527-AF_1710
HAM;0840;+0200;1255;+0200;0;LH_1907-LH_2068
HAM;0940;+0200;1400;+0200;0;LX_1661-LX_1056
HAM;1250;+0200;1710;+0200;0;AF_5563-AF_5973
HAM;0700;+0200;1125;+0200;0;AF_2527-AF_1710
HAM;1015;+0200;1440;+0200;0;LH_325-LH_14
HAM;1015;+0200;1440;+0200;0;BD_3405-BD_2954
HAM;1440;+0200;1905;+0200;0;LX_1663-LX_1054
HAM;1830;+0200;2255;+0200;0;LH_329-LH_30
HAM;1830;+0200;2255;+0200;0;BD_3409-BD_2968
HAM;0645;+0200;1115;+0200;0;KL_1650-KL_1779
HAM;0645;+0200;1115;+0200;0;AZ_7732-AZ_3840
HAM;1350;+0200;1820;+0200;0;LH_3213-LH_2714
HAM;1415;+0200;1845;+0200;0;LH_327-LH_22
HAM;1415;+0200;1845;+0200;0;BD_3407-BD_2952
HAM;1220;+0200;1655;+0200;0;AF_1427-AF_2310
HAM;1255;+0200;1730;+0200;0;LH_1909-LH_2086
HAM;1730;+0200;2210;+0200;0;AZ_7736-AZ_3738
HAM;0650;+0200;1135;+0200;0;BD_3403-BD_2960
HAM;0650;+0200;1135;+0200;0;LH_333-LH_10
HAM;1730;+0200;2215;+0200;0;KL_1656-KL_1789
HAM;1505;+0200;2005;+0200;0;AB_8985-AB_6660
HAM;0650;+0200;1155;+0200;0;LH_1915-LH_2066
HAM;1235;+0200;1740;+0200;0;KL_1654-KL_1783
HAM;1250;+0200;1755;+0200;0;AB_8985-AB_6658
HAM;1235;+0200;1745;+0200;0;AZ_7734-AZ_3752
HAM;1430;+0200;1945;+0200;0;LH_3213-LH_2716
HAM;1510;+0200;2025;+0200;0;AZ_7328-AZ_3694
HAM;1510;+0200;2025;+0200;0;AF_1727-AF_2510
HAM;1255;+0200;1820;+0200;0;LH_1909-LH_2076
HAM;1710;+0200;2240;+0200;0;LH_1911-LH_2084
HAM;1415;+0200;1950;+0200;0;LH_327-LH_24
HAM;1415;+0200;1955;+0200;0;LH_327-LH_24
HAM;1440;+0200;2020;+0200;0;BT_628-BT_253
HAM;0840;+0200;1425;+0200;0;LH_1907-LH_2070
HAM;1100;+0200;1655;+0200;0;OS_522-OS_7255
HAM;1350;+0200;1945;+0200;0;LH_3213-LH_2716
HAM;0840;+0200;1440;+0200;0;SN_3200-SN_2625
HAM;1015;+0200;1615;+0200;0;LH_325-LH_16
HAM;0650;+0200;1255;+0200;0;LH_1915-LH_2068
HAM;0650;+0200;1310;+0200;0;LH_333-LH_12
HAM;1415;+0200;2035;+0200;0;LH_327-LH_26
HAM;1255;+0200;1920;+0200;0;LH_1909-LH_2078
MAN;1350;+0200;1625;+0100;0;LH_3213-LH_3430
MAN;0700;+0200;1020;+0100;0;UA_9404-UA_8754
MAN;1005;+0200;1325;+0100;0;AF_1127-AF_2268
MAN;1415;+0200;1735;+0100;0;BD_3407-BD_3366
MAN;1415;+0200;1735;+0100;0;LH_327-LH_946
MAN;0940;+0200;1305;+0100;0;LX_1661-LX_394
MAN;1000;+0200;1325;+0100;0;AF_1127-AF_2268
MAN;0650;+0200;1020;+0100;0;LH_1915-LH_2500
MAN;1440;+0200;1810;+0100;0;LX_1663-LX_380
MAN;0645;+0200;1020;+0100;0;KL_1650-KL_1081
MAN;1005;+0200;1340;+0100;0;AF_1127-AF_2268
MAN;1255;+0200;1630;+0100;0;LH_1909-LH_2502
MAN;1000;+0200;1340;+0100;0;AZ_7324-AZ_3538
MAN;1000;+0200;1340;+0100;0;AF_1127-AF_2268
MAN;1510;+0200;1855;+0100;0;AZ_7328-AZ_3534
MAN;1510;+0200;1855;+0100;0;AF_1727-AF_1168
MAN;1730;+0200;2135;+0100;0;KL_1656-KL_1097
MAN;1830;+0200;2245;+0100;0;LH_329-LH_948
MAN;1830;+0200;2245;+0100;0;BD_3409-BD_3368
MAN;1235;+0200;1655;+0100;0;KL_1654-KL_1093
MAN;1740;+0200;2205;+0100;0;BA_2585-BA_2914
MAN;0655;+0200;1130;+0100;0;UA_9079-UA_9042
MAN;0650;+0200;1130;+0100;0;UA_9079-UA_9042
MAN;0840;+0200;1325;+0100;0;BD_5554-BD_5375
MAN;1430;+0200;1915;+0100;0;LH_3213-LH_3434
MAN;1335;+0200;1840;+0100;0;BA_579-BA_1402
MAN;1135;+0200;1655;+0100;0;BA_2583-BA_2908
MAN;0655;+0200;1220;+0100;0;UA_9079-UA_9042
MAN;1350;+0200;1915;+0100;0;LH_3213-LH_3434
MAN;1710;+0200;2235;+0100;0;LH_1911-LH_2504
MAN;0650;+0200;1220;+0100;0;BD_3403-BD_3352
MAN;0650;+0200;1220;+0100;0;LH_333-LH_942
MAN;0650;+0200;1220;+0100;0;UA_9079-UA_9042
MAN;0645;+0200;1225;+0100;0;KL_1650-KL_1083
MAN;0710;+0200;1325;+0100;0;AF_2527-AF_2268
MAN;0700;+0200;1325;+0100;0;AF_2527-AF_2268
MAN;0710;+0200;1340;+0100;0;AF_2527-AF_2268
MAN;0710;+0200;1340;+0100;0;AZ_7334-AZ_3538
MAN;1220;+0200;1855;+0100;0;AF_1427-AF_1168
MAN;1220;+0200;1855;+0100;0;AZ_7326-AZ_3534
MAN;0700;+0200;1340;+0100;0;AF_2527-AF_2268
MAN;0840;+0200;1525;+0100;0;SN_3200-SN_2175
MAN;1135;+0200;1840;+0100;0;BA_2583-BA_1402
MAN;1015;+0200;1735;+0100;0;BD_3405-BD_3366
MAN;1015;+0200;1735;+0100;0;LH_325-LH_946
MAN;1255;+0200;1735;+0100;0;LH_1909-LH_115-LH_946
MAN;1415;+0200;1915;+0100;0;LH_327-LH_82-LH_3434
MAN;1415;+0200;1915;+0100;0;BD_3407-BD_3312-BD_3696
MAN;0650;+0200;1220;+0100;0;LH_1915-LH_105-LH_942
MAN;0650;+0200;1220;+0100;0;LH_1915-LH_2004-LH_3432
MAN;0650;+0200;1220;+0100;0;BD_3403-BD_3316-BD_3684
MAN;0650;+0200;1220;+0100;0;LH_333-LH_76-LH_3432
MAN;1710;+0200;2245;+0100;0;LH_1911-LH_123-LH_948
MAN;1710;+0200;2245;+0100;0;LH_1911-LH_121-LH_948
MAN;1015;+0200;1625;+0100;0;LH_325-LH_78-LH_3430
MAN;1255;+0200;1915;+0100;0;LH_1909-LH_2012-LH_3434
MAN;1255;+0200;1915;+0100;0;LH_1909-LH_2014-LH_3434
MAN;1100;+0200;1735;+0100;0;BD_2800-BD_2985-BD_3366
MAN;1015;+0200;1705;+0100;0;LH_325-LH_908-LH_6564
MAN;1015;+0200;1705;+0100;0;BD_3405-BD_3208-BD_590
MAN;1015;+0200;1705;+0100;0;BD_3405-BD_3218-BD_590
MAN;1015;+0200;1705;+0100;0;LH_325-LH_906-LH_6564
MAN;1430;+0200;2125;+0100;0;LH_3213-LH_3384-LH_6566
MAN;1430;+0200;2125;+0100;0;LH_3213-LH_3386-LH_6566
MAN;1415;+0200;2125;+0100;0;BD_3407-BD_3234-BD_592
MAN;1415;+0200;2125;+0100;0;LH_327-LH_918-LH_6566
MAN;1415;+0200;2125;+0100;0;BD_3407-BD_3190-BD_592
MAN;1415;+0200;2125;+0100;0;LH_327-LH_916-LH_6566
MAN;1415;+0200;2125;+0100;0;LH_327-LH_898-LH_6566
MAN;0650;+0200;1410;+0100;0;LH_333-LH_8-LH_3440
MAN;0650;+0200;1410;+0100;0;LH_333-LH_10-LH_3440
MAN;0650;+0200;1410;+0100;0;BD_3403-BD_2960-BD_3374
MAN;1350;+0200;2125;+0100;0;LH_3213-LH_3384-LH_6566
MAN;1350;+0200;2125;+0100;0;LH_3213-LH_3386-LH_6566
MAN;0840;+0200;1625;+0100;0;LH_1907-LH_2010-LH_3430
MAN;0840;+0200;1625;+0100;0;LH_1907-LH_2008-LH_3430
TLS;2010;+0200;2155;+0200;0;IB_5970
TLS;2010;+0200;2155;+0200;0;VY_9005
TLS;0635;+0200;0930;+0200;0;AZ_7360-AZ_3592
TLS;0635;+0200;0930;+0200;0;AF_5561-AF_7840
TLS;1755;+0200;2100;+0200;0;AF_5565-AF_7844
TLS;1250;+0200;1615;+0200;0;AZ_7852-AZ_2712
TLS;1250;+0200;1615;+0200;0;AF_5563-AF_7850
TLS;1710;+0200;2050;+0200;0;LH_1911-LH_2220
TLS;0700;+0200;1045;+0200;0;UA_9404-UA_8758
TLS;0700;+0200;1050;+0200;0;UA_9404-UA_8758
TLS;0700;+0200;1055;+0200;0;AF_2527-AF_7782
TLS;1015;+0200;1410;+0200;0;BD_3405-BD_2936
TLS;1015;+0200;1410;+0200;0;LH_325-LH_1096
TLS;0650;+0200;1050;+0200;0;LH_1915-LH_2214
TLS;1500;+0200;1925;+0200;0;AZ_1462-AZ_7344
TLS;1005;+0200;1435;+0200;0;AF_1127-AF_7794
TLS;1255;+0200;1725;+0200;0;LH_1909-LH_2218
TLS;1805;+0200;2235;+0200;0;AF_2027-AF_7792
TLS;1000;+0200;1435;+0200;0;AF_1127-AF_7794
TLS;1800;+0200;2235;+0200;0;AF_2027-AF_7792
TLS;1250;+0200;1730;+0200;0;AZ_7852-AZ_2710
TLS;1325;+0200;1805;+0200;0;AF_4333-AF_5595
TLS;1510;+0200;1950;+0200;0;AZ_7328-AZ_2976
TLS;1510;+0200;1950;+0200;0;AF_1727-AF_7788
TLS;1730;+0200;2220;+0200;0;KL_1656-KL_1313
TLS;1220;+0200;1715;+0200;0;AF_1427-AF_7786
TLS;1220;+0200;1720;+0200;0;AZ_7326-AZ_2974
TLS;1800;+0200;2300;+0200;0;AZ_7330-AZ_2982
TLS;0645;+0200;1150;+0200;0;KL_1650-KL_1303
TLS;1830;+0200;2345;+0200;0;BD_3409-BD_2934
TLS;1830;+0200;2345;+0200;0;LH_329-LH_1100
TLS;1400;+0200;1925;+0200;0;AZ_1470-AZ_7344
TLS;1755;+0200;2320;+0200;0;AZ_7362-AZ_3600
TLS;1710;+0200;2250;+0200;0;LH_1911-LH_2222
TLS;0700;+0200;1300;+0200;0;AF_2527-AF_6118
TLS;1000;+0200;1600;+0200;0;AF_1127-AF_6126
TLS;0840;+0200;1450;+0200;0;LH_1907-LH_2216
TLS;1220;+0200;1830;+0200;0;AF_1427-AF_6134
TLS;1215;+0200;1830;+0200;0;IB_3645-IB_8770
TLS;1110;+0200;1730;+0200;0;AZ_1472-AZ_366
TLS;1510;+0200;2130;+0200;0;AF_1727-AF_6162
TLS;1005;+0200;1630;+0200;0;AF_1127-AF_6154
TLS;1220;+0200;1845;+0200;0;AF_1427-AF_6146
TLS;1000;+0200;1630;+0200;0;AF_1127-AF_6154
TLS;1250;+0200;1920;+0200;0;AF_5563-AF_7842
TLS;1250;+0200;1920;+0200;0;AZ_7852-AZ_3596
TLS;1005;+0200;1645;+0200;0;AF_1127-AF_6128
TLS;1220;+0200;1900;+0200;0;AF_1427-AF_6136
TLS;1000;+0200;1645;+0200;0;AF_1127-AF_6128
TLS;0710;+0200;1400;+0200;0;AZ_7334-AZ_2984
TLS;1510;+0200;2200;+0200;0;AF_1727-AF_6148
TLS;1250;+0200;1945;+0200;0;AF_5563-AF_7848
TLS;1005;+0200;1715;+0200;0;AF_1127-AF_6156
TLS;1005;+0200;1715;+0200;0;AF_1127-AF_7786
TLS;1020;+0200;1730;+0200;0;AZ_1466-AZ_366
TLS;1220;+0200;1930;+0200;0;AF_1427-AF_6138
TLS;1000;+0200;1715;+0200;0;AF_1127-AF_6156
TLS;1000;+0200;1715;+0200;0;AF_1127-AF_7786
TLS;0650;+0200;1410;+0200;0;BD_3403-BD_2936
TLS;0650;+0200;1410;+0200;0;LH_333-LH_1096
TLS;0710;+0200;1430;+0200;0;AF_2527-AF_6166
TLS;1000;+0200;1720;+0200;0;AZ_7324-AZ_2974
TLS;0710;+0200;1435;+0200;0;AF_2527-AF_7794
TLS;1005;+0200;1730;+0200;0;AF_1127-AF_6130
TLS;1510;+0200;2235;+0200;0;AF_1727-AF_7792
TLS;0700;+0200;1430;+0200;0;AF_2527-AF_6166
TLS;1000;+0200;1730;+0200;0;AF_1127-AF_6130
TLS;1015;+0200;1745;+0200;0;LH_325-LH_1098
TLS;1220;+0200;1950;+0200;0;AZ_7326-AZ_2976
TLS;1220;+0200;1950;+0200;0;AF_1427-AF_7788
TLS;0700;+0200;1220;+0200;0;AF_2527-AF_7720-AF_7861
TLS;1805;+0200;2335;+0200;0;AF_2027-AF_7728-AF_7863
TLS;1800;+0200;2335;+0200;0;AF_2027-AF_7728-AF_7863
TLS;1020;+0200;1615;+0200;0;AZ_1466-AZ_7838-AZ_2712
TLS;1325;+0200;1930;+0200;0;AF_4333-AF_6037-AF_6138
TLS;1005;+0200;1615;+0200;0;AF_1127-AF_7644-AF_7850
TLS;1000;+0200;1615;+0200;0;AF_1127-AF_7644-AF_7850
TLS;1325;+0200;2000;+0200;0;AF_4333-AF_6037-AF_6140
TLS;1325;+0200;2000;+0200;0;AF_4333-AF_6039-AF_6140
TLS;1710;+0200;2345;+0200;0;LH_1911-LH_123-LH_1100
TLS;1710;+0200;2345;+0200;0;LH_1911-LH_121-LH_1100
TLS;1000;+0200;1640;+0200;0;AF_1127-AF_7724-AF_5651
TLS;1510;+0200;2150;+0200;0;AF_1727-AF_7708-AF_7880
TLS;1220;+0200;1920;+0200;0;AF_1427-AF_7646-AF_7842
TLS;1325;+0200;2030;+0200;0;AF_4333-AF_6037-AF_6142
TLS;1325;+0200;2030;+0200;0;AF_4333-AF_6039-AF_6142
TLS;1020;+0200;1730;+0200;0;AZ_1466-AZ_7838-AZ_2710
TLS;1250;+0200;2000;+0200;0;AF_5563-AF_7415-AF_6140
TLS;1550;+0200;2300;+0200;0;AZ_1476-AZ_7308-AZ_2982
TLS;0650;+0200;1410;+0200;0;LH_1915-LH_107-LH_1096
TLS;0650;+0200;1410;+0200;0;LH_1915-LH_105-LH_1096
TLS;1220;+0200;1945;+0200;0;AF_1427-AF_7646-AF_7848
TLS;0630;+0200;1400;+0200;0;AZ_1460-AZ_318-AZ_2984
TLS;1220;+0200;1950;+0200;0;AF_1427-AF_7730-AF_5653
TLS;1550;+0200;2320;+0200;0;AZ_1476-AZ_7840-AZ_3600
OSL;1415;+0200;1820;+0200;0;LG_1520-LG_1497
OSL;1415;+0200;1820;+0200;0;BD_3407-BD_2932
OSL;1415;+0200;1820;+0200;0;LH_327-LH_862
OSL;1415;+0200;1820;+0200;0;SK_3778-SK_3620
OSL;1330;+0200;1745;+0200;0;SK_1848-SK_499
OSL;0650;+0200;1110;+0200;0;LH_1915-LH_2450
OSL;1015;+0200;1435;+0200;0;LH_325-LH_6230
OSL;1015;+0200;1435;+0200;0;SK_3710-SK_4752
OSL;1255;+0200;1725;+0200;0;LH_1909-LH_2454
OSL;1440;+0200;1910;+0200;0;LX_1663-LX_1216
OSL;1710;+0200;2140;+0200;0;LH_1911-LH_2456
OSL;1730;+0200;2205;+0200;0;AZ_7736-AZ_3806
OSL;1730;+0200;2205;+0200;0;KL_1656-KL_1221
OSL;1825;+0200;2300;+0200;0;AB_8991-AB_8244
OSL;1330;+0200;1830;+0200;0;SK_1848-SK_885
OSL;1415;+0200;1915;+0200;0;SK_3778-SK_4756
OSL;1415;+0200;1915;+0200;0;LH_327-LH_6280
OSL;0700;+0200;1205;+0200;0;AF_2527-AF_2074
OSL;1730;+0200;2235;+0200;0;KL_1656-KL_1151
OSL;1830;+0200;2345;+0200;0;LH_329-LH_864
OSL;1830;+0200;2345;+0200;0;SK_3700-SK_3644
OSL;1830;+0200;2345;+0200;0;LG_1526-LG_1493
OSL;1830;+0200;2345;+0200;0;BD_3409-BD_2928
OSL;1440;+0200;2015;+0200;0;BT_628-BT_153
OSL;0705;+0200;1255;+0200;0;OS_528-OS_335
OSL;1220;+0200;1820;+0200;0;AF_1427-AF_2374
OSL;1510;+0200;2110;+0200;0;AF_1727-AF_1274
OSL;0655;+0200;1300;+0200;0;UA_9079-UA_9146
OSL;1330;+0200;1935;+0200;0;SK_1848-SK_889
OSL;0650;+0200;1300;+0200;0;LG_1524-LG_1491
OSL;0650;+0200;1300;+0200;0;UA_9079-UA_9146
OSL;0655;+0200;1305;+0200;0;UA_9079-UA_9146
OSL;1015;+0200;1625;+0200;0;SK_3710-SK_4756
OSL;0650;+0200;1305;+0200;0;SK_3712-SK_3692
OSL;0650;+0200;1305;+0200;0;LH_333-LH_860
OSL;0650;+0200;1305;+0200;0;BD_3403-BD_2930
OSL;0650;+0200;1305;+0200;0;LG_1524-LG_1491
OSL;0650;+0200;1305;+0200;0;UA_9079-UA_9146
OSL;1235;+0200;1850;+0200;0;KL_1654-KL_1149
OSL;1330;+0200;1945;+0200;0;SK_1848-SK_889
OSL;1430;+0200;2055;+0200;0;LH_3213-LH_6208
OSL;1155;+0200;1825;+0200;0;AY_772-AY_657
OSL;1340;+0200;2010;+0200;0;AA_6318-AA_6406
OSL;0650;+0200;1325;+0200;0;SK_3712-SK_4752
OSL;1335;+0200;2010;+0200;0;BA_579-BA_768
OSL;0645;+0200;1325;+0200;0;KL_1650-KL_1145
OSL;0840;+0200;1520;+0200;0;LH_1907-LH_6170
OSL;0645;+0200;1330;+0200;0;AZ_7732-AZ_3804
OSL;0645;+0200;1330;+0200;0;KL_1650-KL_1217
OSL;1340;+0200;2025;+0200;0;AA_6318-AA_6406
OSL;1350;+0200;2055;+0200;0;LH_3213-LH_6208
OSL;1030;+0200;1805;+0200;0;UA_9058-UA_9536
OSL;1415;+0200;2155;+0200;0;SK_3778-SK_4758
OSL;1440;+0200;2220;+0200;0;LX_1663-LX_4710
OSL;0650;+0200;1435;+0200;0;LH_333-LH_6230
OSL;0650;+0200;1435;+0200;0;SK_3712-SK_4752
OSL;1015;+0200;1805;+0200;0;UA_9058-UA_9536
OSL;1015;+0200;1805;+0200;0;LG_1522-LG_1497
OSL;1415;+0200;2210;+0200;0;LH_327-LH_6106
OSL;1415;+0200;2210;+0200;0;SK_3778-SK_4758
OSL;1015;+0200;1820;+0200;0;LH_325-LH_862
OSL;1015;+0200;1820;+0200;0;LG_1522-LG_1497
OSL;1015;+0200;1820;+0200;0;BD_3405-BD_2932
OSL;1015;+0200;1820;+0200;0;SK_3710-SK_3620
OSL;0840;+0200;1655;+0200;0;SN_3200-SN_2283
OSL;1005;+0200;1820;+0200;0;AF_1127-AF_2374
OSL;1000;+0200;1820;+0200;0;AZ_7324-AZ_3562
OSL;1000;+0200;1820;+0200;0;AF_1127-AF_2374
OSL;1440;+0200;2300;+0200;0;AB_8991-AB_8244
OSL;0650;+0200;1520;+0200;0;LH_1915-LH_6170
OSL;1135;+0200;2010;+0200;0;BA_2583-BA_768
OSL;1300;+0200;2140;+0200;0;UA_9266-UA_9226
OSL;0840;+0200;1725;+0200;0;LH_1907-LH_2454
OSL;1255;+0200;2140;+0200;0;UA_9266-UA_9226
OSL;1255;+0200;2140;+0200;0;LH_1909-LH_2456
OSL;1330;+0200;2215;+0200;0;SK_1848-SK_897
OSL;1220;+0200;2110;+0200;0;AZ_7326-AZ_3564
OSL;1220;+0200;2110;+0200;0;AF_1427-AF_1274
OSL;1335;+0200;2225;+0200;0;BA_579-BA_770
OSL;1015;+0200;1915;+0200;0;SK_3710-SK_4756
OSL;1015;+0200;1915;+0200;0;LH_325-LH_6280
OSL;0645;+0200;1610;+0200;0;KL_1650-KL_1147
OSL;0940;+0200;1910;+0200;0;LX_1661-LX_1216
OSL;1235;+0200;2205;+0200;0;AZ_7734-AZ_3806
OSL;1235;+0200;2205;+0200;0;KL_1654-KL_1221
OSL;1415;+0200;2345;+0200;0;NH_6200-NH_6185
OSL;1415;+0200;2345;+0200;0;BD_3407-BD_2928
OSL;1415;+0200;2345;+0200;0;LH_327-LH_864
OSL;1415;+0200;2345;+0200;0;SK_3778-SK_3644
OSL;1415;+0200;2345;+0200;0;LG_1520-LG_1493
OSL;1015;+0200;1540;+0200;0;SK_3710-SK_1638-SK_3174
OSL;1255;+0200;1840;+0200;0;LH_1909-LH_2444-LH_6234
OSL;0840;+0200;1435;+0200;0;LH_1907-LH_109-LH_6230
OSL;0650;+0200;1305;+0200;0;LH_333-LH_6070-LH_6172
OSL;0650;+0200;1305;+0200;0;LH_1915-LH_105-LH_860
OSL;0650;+0200;1305;+0200;0;LH_1915-LH_6260-LH_6172
OSL;0650;+0200;1305;+0200;0;SK_3712-SK_640-SK_1456
OSL;1255;+0200;1915;+0200;0;LH_1909-LH_115-LH_6280
OSL;1015;+0200;1645;+0200;0;SK_3710-SK_1638-SK_460
OSL;1015;+0200;1645;+0200;0;LH_325-LH_6222-LH_6246
OSL;0700;+0200;1335;+0200;0;AF_2527-AF_8228-AF_8311
OSL;1255;+0200;1930;+0200;0;LH_1909-LH_2086-LH_2960
OSL;1255;+0200;1930;+0200;0;LH_1909-LH_2074-LH_2960
OSL;1710;+0200;2345;+0200;0;LH_1911-LH_121-LH_864
OSL;1710;+0200;2345;+0200;0;LH_1911-LH_123-LH_864
OSL;0650;+0200;1330;+0200;0;SK_3712-SK_3612-SK_861
OSL;1015;+0200;1655;+0200;0;SK_3710-SK_8592-SK_3449
OSL;1415;+0200;2055;+0200;0;LH_327-LH_82-LH_6208
OSL;1415;+0200;2055;+0200;0;LH_327-LH_84-LH_6208
OSL;0840;+0200;1525;+0200;0;BD_5554-BD_5457-BD_3876
OSL;0840;+0200;1525;+0200;0;LH_1907-LH_2442-LH_6096
OSL;1710;+0200;2355;+0200;0;LH_1911-LH_6262-LH_6236
OSL;1710;+0200;2355;+0200;0;LH_1911-LH_2446-LH_6236
OSL;0840;+0200;1530;+0200;0;LH_1907-LH_2068-LH_2958
OSL;1510;+0200;2205;+0200;0;AF_1727-AF_2240-AF_8315
OSL;1015;+0200;1715;+0200;0;SK_3710-SK_1638-SK_1460
OSL;1415;+0200;2115;+0200;0;LH_327-LH_830-LH_6072
OSL;1415;+0200;2115;+0200;0;BD_3407-BD_3420-BD_3878
OSL;1415;+0200;2115;+0200;0;SK_3778-SK_676-SK_1478
OSL;1415;+0200;2115;+0200;0;SK_3778-SK_3628-SK_1478
OSL;1415;+0200;2115;+0200;0;LH_327-LH_6032-LH_6072
OSL;1350;+0200;2115;+0200;0;LH_3213-LH_6212-LH_6072
OSL;0650;+0200;1435;+0200;0;SK_3712-SK_1632-SK_495
OSL;0650;+0200;1435;+0200;0;LH_1915-LH_107-LH_6230
OSL;0650;+0200;1435;+0200;0;SK_3712-SK_3612-SK_495
OSL;0650;+0200;1435;+0200;0;LH_1915-LH_109-LH_6230
OSL;0650;+0200;1435;+0200;0;LH_1915-LH_105-LH_6230
OSL;1415;+0200;2205;+0200;0;SK_3778-SK_3628-SK_3036
OSL;1415;+0200;2205;+0200;0;SK_3778-SK_676-SK_3036
OSL;0650;+0200;1445;+0200;0;SK_3712-SK_640-SK_458
OSL;1505;+0200;2300;+0200;0;AB_8985-AB_6532-AB_8244
OSL;1505;+0200;2300;+0200;0;AB_8985-AB_6538-AB_8244
OSL;1255;+0200;2055;+0200;0;LH_1909-LH_2016-LH_6208
OSL;1255;+0200;2055;+0200;0;LH_1909-LH_2014-LH_6208
OSL;1255;+0200;2055;+0200;0;LH_1909-LH_2012-LH_6208
OSL;1415;+0200;2215;+0200;0;SK_3778-SK_638-SK_897
OSL;1415;+0200;2215;+0200;0;SK_3778-SK_3614-SK_897
OSL;0840;+0200;1645;+0200;0;BD_5554-BD_5457-BD_3870
OSL;0840;+0200;1645;+0200;0;LH_1907-LH_6052-LH_6246
OSL;0840;+0200;1645;+0200;0;LH_1907-LH_2442-LH_6246
OSL;1255;+0200;2115;+0200;0;LH_1909-LH_2444-LH_6072
OSL;1255;+0200;2115;+0200;0;LH_1909-LH_6256-LH_6072
OSL;1015;+0200;1840;+0200;0;SK_3710-SK_8574-SK_3052
OSL;1015;+0200;1840;+0200;0;SK_3710-SK_1638-SK_3052
OSL;1015;+0200;1840;+0200;0;LH_325-LH_6222-LH_6234
OSL;1015;+0200;1840;+0200;0;SK_3710-SK_8574-SK_462
OSL;1015;+0200;1840;+0200;0;LH_325-LH_828-LH_6234
OSL;1015;+0200;1840;+0200;0;BD_3405-BD_3416-BD_3874
OSL;1015;+0200;1840;+0200;0;SK_3710-SK_1638-SK_462
OSL;1415;+0200;2240;+0200;0;BD_3407-BD_3234-BD_3776
OSL;0650;+0200;1520;+0200;0;SK_3712-SK_3604-SK_4024
OSL;0650;+0200;1525;+0200;0;SK_3712-SK_640-SK_1458
OSL;0650;+0200;1525;+0200;0;LH_333-LH_6070-LH_6096
OSL;0650;+0200;1525;+0200;0;LH_1915-LH_6260-LH_6096
OSL;0650;+0200;1525;+0200;0;BD_3403-BD_3418-BD_3876
OSL;0650;+0200;1525;+0200;0;LH_1915-LH_2442-LH_6096
OSL;0650;+0200;1530;+0200;0;LH_333-LH_12-LH_2958
OSL;0650;+0200;1530;+0200;0;SK_3712-SK_3612-SK_867
OSL;0650;+0200;1530;+0200;0;LH_1915-LH_2064-LH_2958
OSL;0650;+0200;1530;+0200;0;LH_1915-LH_2066-LH_2958
OSL;0650;+0200;1530;+0200;0;SK_3712-SK_1632-SK_867
OSL;0650;+0200;1530;+0200;0;LH_333-LH_10-LH_2958
OSL;0650;+0200;1530;+0200;0;LH_333-LH_8-LH_2958
OSL;0650;+0200;1530;+0200;0;LH_1915-LH_2068-LH_2958
OSL;0650;+0200;1540;+0200;0;SK_3712-SK_640-SK_3174
OSL;0650;+0200;1540;+0200;0;SK_3712-SK_1638-SK_3174
OSL;1015;+0200;1920;+0200;0;SK_3710-SK_8574-SK_1470
OSL;1015;+0200;1920;+0200;0;SK_3710-SK_1638-SK_1470
OSL;1015;+0200;1930;+0200;0;LH_325-LH_18-LH_2960
OSL;1015;+0200;1930;+0200;0;LH_325-LH_14-LH_2960
OSL;1015;+0200;1930;+0200;0;LH_325-LH_16-LH_2960
OSL;1255;+0200;2210;+0200;0;LH_1909-LH_115-LH_6106
OSL;1255;+0200;2210;+0200;0;LH_1909-LH_119-LH_6106
OSL;1255;+0200;2210;+0200;0;LH_1909-LH_117-LH_6106
OSL;1430;+0200;2355;+0200;0;LH_3213-LH_6214-LH_6236
OSL;0650;+0200;1620;+0200;0;BD_3403-BD_3216-BD_3786
OSL;0650;+0200;1620;+0200;0;SK_3712-SK_3604-SK_4026
MUC;1255;+0200;1400;+0200;0;LH_1909
MUC;1710;+0200;1815;+0200;0;LH_1911
MUC;0650;+0200;0810;+0200;0;LH_1915
MUC;0840;+0200;1000;+0200;0;LH_1907
MUC;1915;+0200;2200;+0200;0;OS_530-OS_7237
MUC;1100;+0200;1355;+0200;0;BD_2800-BD_3625
MUC;1100;+0200;1355;+0200;0;OS_522-OS_7233
MUC;0705;+0200;1010;+0200;0;OS_528-OS_7231
MUC;0650;+0200;1000;+0200;0;LH_333-LH_104
MUC;0725;+0200;1050;+0200;0;AZ_1468-AZ_432
MUC;0940;+0200;1310;+0200;0;LX_1661-LX_1104
MUC;1440;+0200;1810;+0200;0;AB_8991-AB_6201
MUC;1825;+0200;2200;+0200;0;AB_8991-AB_6205
MUC;1440;+0200;1825;+0200;0;LX_1663-LX_3622
MUC;0840;+0200;1230;+0200;0;SN_3200-SN_7053
MUC;1350;+0200;1740;+0200;0;LH_3213-LH_2013
MUC;1425;+0200;1815;+0200;0;AB_8863-AB_6037
MUC;1415;+0200;1810;+0200;0;LH_327-LH_116
MUC;1825;+0200;2220;+0200;0;AB_8991-AB_6205
MUC;1830;+0200;2225;+0200;0;LH_329-LH_124
MUC;1235;+0200;1640;+0200;0;KL_1654-KL_1797
MUC;1805;+0200;2210;+0200;0;AF_2027-AF_1122
MUC;0645;+0200;1055;+0200;0;KL_1650-KL_1793
MUC;0650;+0200;1100;+0200;0;LH_333-LH_106
MUC;1800;+0200;2210;+0200;0;AF_2027-AF_1122
MUC;1015;+0200;1430;+0200;0;LH_325-LH_110
MUC;1430;+0200;1845;+0200;0;LH_3213-LH_2015
MUC;0630;+0200;1050;+0200;0;AZ_1460-AZ_432
MUC;1005;+0200;1425;+0200;0;AF_1127-AF_2022
MUC;1000;+0200;1425;+0200;0;AF_1127-AF_2022
MUC;1005;+0200;1430;+0200;0;AF_1127-AF_2022
MUC;1000;+0200;1430;+0200;0;AF_1127-AF_2022
MUC;1510;+0200;1945;+0200;0;AF_1727-AF_2522
MUC;0710;+0200;1150;+0200;0;AF_2527-AF_1722
MUC;0940;+0200;1425;+0200;0;LX_1661-LX_3620
MUC;1730;+0200;2215;+0200;0;KL_1656-KL_1801
MUC;0700;+0200;1150;+0200;0;AF_2527-AF_1722
MUC;0705;+0200;1155;+0200;0;OS_528-OS_7239
MUC;1350;+0200;1845;+0200;0;LH_3213-LH_2015
MUC;1425;+0200;1920;+0200;0;AB_8863-AB_6021
MUC;1415;+0200;1915;+0200;0;LH_327-LH_118
MUC;1415;+0200;1915;+0200;0;BD_3407-BD_3034
MUC;1220;+0200;1725;+0200;0;AF_1427-AF_2322
MUC;1220;+0200;1730;+0200;0;AF_1427-AF_2322
MUC;1440;+0200;1950;+0200;0;AB_8991-AB_6203
NTE;1755;+0200;2115;+0200;0;AZ_7362-AZ_3678
NTE;0635;+0200;1005;+0200;0;AZ_7360-AZ_3672
NTE;0635;+0200;1005;+0200;0;AF_5561-AF_5861
NTE;1755;+0200;2125;+0200;0;AF_5565-AF_5869
NTE;0700;+0200;1040;+0200;0;AF_2527-AF_7720
NTE;1000;+0200;1340;+0200;0;AF_1127-AF_7724
NTE;1250;+0200;1630;+0200;0;AF_5563-AF_5863
NTE;1805;+0200;2145;+0200;0;AF_2027-AF_7728
NTE;1800;+0200;2145;+0200;0;AF_2027-AF_7728
NTE;1250;+0200;1650;+0200;0;AZ_7852-AZ_3674
NTE;1325;+0200;1805;+0200;0;AF_4333-AF_5762
NTE;1730;+0200;2215;+0200;0;KL_1656-KL_2035
NTE;1220;+0200;1720;+0200;0;AF_1427-AF_7730
NTE;1220;+0200;1720;+0200;0;AZ_7326-AZ_3662
NTE;1250;+0200;1800;+0200;0;AF_5563-AF_5865
NTE;0710;+0200;1340;+0200;0;AF_2527-AF_7724
NTE;0710;+0200;1340;+0200;0;AZ_7334-AZ_3664
NTE;1510;+0200;2145;+0200;0;AF_1727-AF_7728
NTE;1510;+0200;2145;+0200;0;AZ_7328-AZ_3668
NTE;0700;+0200;1340;+0200;0;AF_2527-AF_7724
NTE;1250;+0200;1940;+0200;0;AZ_7852-AZ_3676
NTE;1005;+0200;1720;+0200;0;AF_1127-AF_7730
NTE;1510;+0200;2225;+0200;0;AF_1727-AF_7388
NTE;1000;+0200;1720;+0200;0;AZ_7324-AZ_3662
NTE;1000;+0200;1720;+0200;0;AF_1127-AF_7730
NTE;1250;+0200;2010;+0200;0;AF_5563-AF_5867
NTE;0710;+0200;1445;+0200;0;AF_2527-AF_7386
NTE;0700;+0200;1445;+0200;0;AF_2527-AF_7386
NTE;1325;+0200;2110;+0200;0;AF_4333-AF_7612
NTE;1250;+0200;2115;+0200;0;AZ_7852-AZ_3678
NTE;1250;+0200;2125;+0200;0;AF_5563-AF_5869
NTE;1325;+0200;2210;+0200;0;AF_4333-AF_5764
NTE;0645;+0200;1600;+0200;0;KL_1650-KL_2049
NTE;1220;+0200;2145;+0200;0;AZ_7326-AZ_3668
NTE;1220;+0200;2145;+0200;0;AF_1427-AF_7728
NTE;1235;+0200;2215;+0200;0;KL_1654-KL_2035
NTE;0635;+0200;1630;+0200;0;AF_5561-AF_5863
NTE;1550;+0200;2115;+0200;0;AZ_1476-AZ_7840-AZ_3678
NTE;0710;+0200;1325;+0200;0;AF_2527-AF_7622-AF_3203
NTE;1500;+0200;2115;+0200;0;AZ_1462-AZ_7840-AZ_3678
NTE;1510;+0200;2130;+0200;0;AF_1727-AF_7788-AF_5652
NTE;0700;+0200;1325;+0200;0;AF_2527-AF_7622-AF_3203
NTE;1005;+0200;1630;+0200;0;AF_1127-AF_7644-AF_5863
NTE;1000;+0200;1630;+0200;0;AF_1127-AF_7644-AF_5863
NTE;1020;+0200;1650;+0200;0;AZ_1466-AZ_7838-AZ_3674
NTE;1000;+0200;1645;+0200;0;AF_1127-AF_5304-AF_3264
NTE;0645;+0200;1340;+0200;0;KL_1650-KL_2003-KL_2310
NTE;1510;+0200;2205;+0200;0;AF_1727-AF_7788-AF_7862
NTE;0635;+0200;1340;+0200;0;AF_5561-AF_7653-AF_7724
NTE;0630;+0200;1340;+0200;0;AZ_1460-AZ_318-AZ_3664
NTE;1400;+0200;2115;+0200;0;AZ_1470-AZ_7840-AZ_3678
NTE;1220;+0200;1940;+0200;0;AF_1427-AF_6266-AF_3207
NTE;1220;+0200;1940;+0200;0;AF_1427-AF_7634-AF_3207
NTE;0800;+0200;1525;+0200;0;AZ_1464-AZ_1016-AZ_7382
NTE;1220;+0200;2010;+0200;0;AF_1427-AF_7646-AF_5867
NTE;1005;+0200;1800;+0200;0;AF_1127-AF_7644-AF_5865
NTE;0725;+0200;1525;+0200;0;AZ_1468-AZ_2310-AZ_7382
NTE;0725;+0200;1525;+0200;0;AZ_1468-AZ_1016-AZ_7382
NTE;1000;+0200;1800;+0200;0;AF_1127-AF_7644-AF_5865
NTE;1005;+0200;1805;+0200;0;AF_1127-AF_7664-AF_5762
NTE;1000;+0200;1805;+0200;0;AF_1127-AF_7664-AF_5762
NTE;0635;+0200;1445;+0200;0;AF_5561-AF_7417-AF_7386
NTE;1005;+0200;1815;+0200;0;AF_1127-AF_6154-AF_5650
NTE;1005;+0200;1815;+0200;0;AF_1127-AF_6128-AF_5650
NTE;1005;+0200;1815;+0200;0;AF_1127-AF_7794-AF_5650
NTE;1000;+0200;1815;+0200;0;AF_1127-AF_6154-AF_5650
NTE;1000;+0200;1815;+0200;0;AF_1127-AF_7794-AF_5650
NTE;1000;+0200;1815;+0200;0;AF_1127-AF_6128-AF_5650
NTE;1000;+0200;1815;+0200;0;AF_1127-AF_6126-AF_5650
NTE;0800;+0200;1650;+0200;0;AZ_1464-AZ_7838-AZ_3674
NTE;1220;+0200;2110;+0200;0;AF_1427-AF_7666-AF_7612
NTE;0630;+0200;1525;+0200;0;AZ_1460-AZ_1024-AZ_7382
NTE;0630;+0200;1525;+0200;0;AZ_1460-AZ_2028-AZ_7382
NTE;0630;+0200;1525;+0200;0;AZ_1460-AZ_2310-AZ_7382
NTE;0630;+0200;1525;+0200;0;AZ_1460-AZ_2022-AZ_7382
NTE;0630;+0200;1525;+0200;0;AZ_1460-AZ_2026-AZ_7382
NTE;0630;+0200;1525;+0200;0;AZ_1460-AZ_1016-AZ_7382
NTE;1220;+0200;2115;+0200;0;AF_1427-AF_7706-AF_7890
NTE;1220;+0200;2115;+0200;0;AF_1427-AF_6226-AF_7890
NTE;1250;+0200;2145;+0200;0;AF_5563-AF_7645-AF_7728
NTE;1325;+0200;2225;+0200;0;AF_4333-AF_6043-AF_7388
NTE;1325;+0200;2225;+0200;0;AF_4333-AF_6037-AF_7388
NTE;1325;+0200;2225;+0200;0;AF_4333-AF_6039-AF_7388
NTE;1325;+0200;2225;+0200;0;AF_4333-AF_6047-AF_7388
NTE;1325;+0200;2225;+0200;0;AF_4333-AF_6045-AF_7388
NTE;1220;+0200;2125;+0200;0;AF_1427-AF_7646-AF_5869
NTE;1220;+0200;2130;+0200;0;AF_1427-AF_7788-AF_5652
NTE;1220;+0200;2130;+0200;0;AF_1427-AF_6136-AF_5652
NTE;1220;+0200;2130;+0200;0;AF_1427-AF_6138-AF_5652
NTE;1220;+0200;2130;+0200;0;AF_1427-AF_6134-AF_5652
NTE;1220;+0200;2130;+0200;0;AF_1427-AF_6140-AF_5652
NTE;1220;+0200;2130;+0200;0;AF_1427-AF_7786-AF_5652
NTE;1220;+0200;2130;+0200;0;AF_1427-AF_6146-AF_5652
NTE;1235;+0200;2145;+0200;0;KL_1654-KL_2013-KL_2314
NTE;1235;+0200;2145;+0200;0;KL_1654-KL_1245-KL_2314
NTE;1235;+0200;2145;+0200;0;KL_1654-KL_1243-KL_2314
NTE;0710;+0200;1630;+0200;0;AF_2527-AF_7414-AF_5863
NTE;0710;+0200;1630;+0200;0;AF_2527-AF_7644-AF_5863
NTE;0800;+0200;1720;+0200;0;AZ_1464-AZ_7300-AZ_3662
NTE;1020;+0200;1940;+0200;0;AZ_1466-AZ_7838-AZ_3676
NTE;0725;+0200;1650;+0200;0;AZ_1468-AZ_7838-AZ_3674
NTE;0700;+0200;1630;+0200;0;AF_2527-AF_7652-AF_5863
NTE;0700;+0200;1630;+0200;0;AF_2527-AF_7414-AF_5863
NTE;0700;+0200;1630;+0200;0;AF_2527-AF_7644-AF_5863
NTE;0710;+0200;1645;+0200;0;AF_2527-AF_7436-AF_3264
NTE;0710;+0200;1645;+0200;0;AF_2527-AF_6020-AF_7610
NTE;0710;+0200;1645;+0200;0;AF_2527-AF_7662-AF_7610
NTE;0710;+0200;1645;+0200;0;AF_2527-AF_5304-AF_3264
NTE;1005;+0200;1940;+0200;0;AF_1127-AF_7634-AF_3207
NTE;1005;+0200;1940;+0200;0;AF_1127-AF_6264-AF_3207
NTE;1005;+0200;1940;+0200;0;AF_1127-AF_6266-AF_3207
NTE;1005;+0200;1940;+0200;0;AF_1127-AF_7624-AF_3207
NTE;1005;+0200;1940;+0200;0;AF_1127-AF_6262-AF_3207
NTE;1250;+0200;2225;+0200;0;AF_5563-AF_7645-AF_7388
NTE;1250;+0200;2225;+0200;0;AF_5563-AF_7415-AF_7388
NTE;1000;+0200;1940;+0200;0;AF_1127-AF_7634-AF_3207
NTE;1000;+0200;1940;+0200;0;AF_1127-AF_7624-AF_3207
NTE;1000;+0200;1940;+0200;0;AF_1127-AF_6262-AF_3207
NTE;1000;+0200;1940;+0200;0;AF_1127-AF_6266-AF_3207
NTE;1000;+0200;1940;+0200;0;AF_1127-AF_6264-AF_3207
NTE;0700;+0200;1645;+0200;0;AF_2527-AF_7436-AF_3264
NTE;0700;+0200;1645;+0200;0;AF_2527-AF_7662-AF_7610
NTE;0700;+0200;1645;+0200;0;AF_2527-AF_5302-AF_3264
NTE;0700;+0200;1645;+0200;0;AF_2527-AF_5304-AF_3264
NTE;0700;+0200;1645;+0200;0;AF_2527-AF_6020-AF_7610
NTE;1220;+0200;2205;+0200;0;AF_1427-AF_6136-AF_7862
NTE;1220;+0200;2205;+0200;0;AF_1427-AF_6140-AF_7862
NTE;1220;+0200;2205;+0200;0;AF_1427-AF_7786-AF_7862
NTE;1220;+0200;2205;+0200;0;AF_1427-AF_6138-AF_7862
NTE;1220;+0200;2205;+0200;0;AF_1427-AF_7788-AF_7862
NTE;1220;+0200;2205;+0200;0;AF_1427-AF_6142-AF_7862
NTE;1220;+0200;2205;+0200;0;AF_1427-AF_6146-AF_7862
NTE;1220;+0200;2205;+0200;0;AF_1427-AF_6134-AF_7862
NTE;1220;+0200;2210;+0200;0;AF_1427-AF_7666-AF_5764
NTE;1220;+0200;2210;+0200;0;AF_1427-AF_6036-AF_5764
NTE;1220;+0200;2210;+0200;0;AF_1427-AF_6038-AF_5764
NTE;0725;+0200;1720;+0200;0;AZ_1468-AZ_7300-AZ_3662
AMS;0645;+0200;0845;+0200;0;KL_1650
AMS;0645;+0200;0845;+0200;0;AZ_7732
AMS;1235;+0200;1435;+0200;0;AZ_7734
AMS;1235;+0200;1435;+0200;0;KL_1654
AMS;1730;+0200;1930;+0200;0;KL_1656
AMS;1730;+0200;1930;+0200;0;AZ_7736
AMS;0650;+0200;1010;+0200;0;LH_333-LH_988
AMS;1710;+0200;2035;+0200;0;LH_1911-LH_2310
AMS;1030;+0200;1405;+0200;0;UA_9058-UA_9163
AMS;1415;+0200;1750;+0200;0;LH_327-LH_996
AMS;0650;+0200;1030;+0200;0;LH_1915-LH_2302
AMS;1030;+0200;1415;+0200;0;UA_9058-UA_9163
AMS;1830;+0200;2215;+0200;0;LH_329-LH_1002
AMS;1015;+0200;1405;+0200;0;UA_9058-UA_9163
AMS;1255;+0200;1645;+0200;0;LH_1909-LH_2306
AMS;1005;+0200;1400;+0200;0;AF_1127-AF_1740
AMS;0700;+0200;1100;+0200;0;AF_2527-AF_8228
AMS;1000;+0200;1400;+0200;0;AF_1127-AF_1740
AMS;1015;+0200;1415;+0200;0;LH_325-LH_992
AMS;1015;+0200;1415;+0200;0;UA_9058-UA_9163
AMS;0840;+0200;1245;+0200;0;LH_1907-LH_2304
AMS;1440;+0200;1905;+0200;0;LX_1663-LX_734
AMS;0710;+0200;1140;+0200;0;AF_2527-AF_8230
AMS;1510;+0200;1940;+0200;0;AF_1727-AF_2240
AMS;0940;+0200;1415;+0200;0;LX_1661-LX_728
AMS;1340;+0200;1815;+0200;0;AA_6318-AA_6459
AMS;1800;+0200;2235;+0200;0;AZ_1480-AZ_7716
AMS;1800;+0200;2235;+0200;0;KL_3602-KL_1608
AMS;0700;+0200;1140;+0200;0;AF_2527-AF_8230
AMS;1335;+0200;1815;+0200;0;BA_579-BA_440
AMS;1500;+0200;1955;+0200;0;AZ_1462-AZ_7728
AMS;1500;+0200;1955;+0200;0;KL_3592-KL_1604
AMS;0630;+0200;1130;+0200;0;KL_3450-KL_3400
AMS;0630;+0200;1130;+0200;0;AZ_1460-AZ_108
AMS;1110;+0200;1610;+0200;0;KL_3606-KL_3402
AMS;1110;+0200;1610;+0200;0;AZ_1472-AZ_110
AMS;0800;+0200;1305;+0200;0;KL_3598-KL_1598
AMS;0800;+0200;1305;+0200;0;AZ_1464-AZ_7712
AMS;1020;+0200;1525;+0200;0;KL_2770-KL_1602
AMS;1020;+0200;1525;+0200;0;AZ_1466-AZ_7714
AMS;1510;+0200;2020;+0200;0;AF_1727-AF_8240
AMS;1710;+0200;2220;+0200;0;LH_1911-LH_2312
AMS;1220;+0200;1735;+0200;0;AF_1427-AF_2040
AMS;1415;+0200;1930;+0200;0;LH_327-LH_998
AMS;1415;+0200;1930;+0200;0;NH_6200-NH_6175
AMS;1255;+0200;1830;+0200;0;LH_1909-LH_2308
AMS;0655;+0200;1235;+0200;0;UA_9079-UA_9553
AMS;0725;+0200;1305;+0200;0;KL_3604-KL_1598
AMS;0725;+0200;1305;+0200;0;AZ_1468-AZ_7712
AMS;0650;+0200;1235;+0200;0;UA_9079-UA_9553
AMS;0650;+0200;1235;+0200;0;LH_333-LH_990
AMS;0710;+0200;1255;+0200;0;AF_2527-AF_1640
AMS;1005;+0200;1555;+0200;0;AF_1127-AF_8234
AMS;1020;+0200;1610;+0200;0;AZ_1466-AZ_110
AMS;1020;+0200;1610;+0200;0;KL_2770-KL_3402
AMS;1135;+0200;1725;+0200;0;BA_2583-BA_2762
AMS;0650;+0200;1245;+0200;0;LH_1915-LH_2304
AMS;0700;+0200;1255;+0200;0;AF_2527-AF_1640
AMS;1000;+0200;1555;+0200;0;AF_1127-AF_8234
AMS;1400;+0200;1955;+0200;0;KL_3605-KL_1604
AMS;1400;+0200;1955;+0200;0;AZ_1470-AZ_7728
AMS;1100;+0200;1700;+0200;0;OS_522-OS_373
AMS;1330;+0200;1930;+0200;0;SK_1848-SK_557
AMS;1215;+0200;1820;+0200;0;IB_3645-IB_3250
AMS;1325;+0200;1945;+0200;0;AF_4333-AF_8282
AMS;1110;+0200;1735;+0200;0;AZ_1472-AZ_132
AMS;1110;+0200;1735;+0200;0;KL_3606-KL_3404
AMS;1340;+0200;2010;+0200;0;AA_6318-AA_6452
AMS;1510;+0200;2140;+0200;0;AF_1727-AF_8242
AMS;0630;+0200;1305;+0200;0;KL_3450-KL_1598
AMS;0630;+0200;1305;+0200;0;AZ_1460-AZ_7712
AMS;1335;+0200;2010;+0200;0;BA_579-BA_442
AMS;1135;+0200;1815;+0200;0;BA_2583-BA_440
AMS;1250;+0200;1930;+0200;0;AF_5563-AF_1356
AMS;1550;+0200;2235;+0200;0;AZ_1476-AZ_7716
AMS;1550;+0200;2235;+0200;0;KL_2772-KL_1608
HEL;1155;+0200;1545;+0300;0;AY_772
HEL;1255;+0200;1810;+0300;0;LH_1909-LH_2464
HEL;0700;+0200;1220;+0300;0;UA_9404-UA_9098
HEL;0650;+0200;1220;+0300;0;LH_1915-LH_2462
HEL;0700;+0200;1230;+0300;0;UA_9404-UA_9098
HEL;1330;+0200;1905;+0300;0;SK_1848-SK_708
HEL;1710;+0200;2300;+0300;0;LH_1911-LH_2466
HEL;1825;+0200;0015;+0300;1;AB_8991-AB_8310
HEL;1440;+0200;2040;+0300;0;BT_628-BT_327
HEL;0655;+0200;1315;+0300;0;UA_9079-UA_8735
HEL;0645;+0200;1310;+0300;0;KL_1650-KL_1167
HEL;0645;+0200;1310;+0300;0;AZ_7732-AZ_3808
HEL;0650;+0200;1315;+0300;0;UA_9079-UA_8735
HEL;1330;+0200;2005;+0300;0;SK_1848-SK_6424
HEL;0705;+0200;1350;+0300;0;OS_528-OS_345
HEL;1730;+0200;0015;+0300;1;AZ_7736-AZ_3896
HEL;1730;+0200;0015;+0300;1;KL_1656-KL_1171
HEL;1220;+0200;1915;+0300;0;AF_1427-AF_1098
HEL;1220;+0200;1920;+0300;0;AF_1427-AF_1098
HEL;1830;+0200;0130;+0300;1;LH_329-LH_854
HEL;1830;+0200;0130;+0300;1;SK_3700-SK_3674
HEL;1830;+0200;0130;+0300;1;BD_3409-BD_3124
HEL;0655;+0200;1405;+0300;0;UA_9079-UA_8735
HEL;1030;+0200;1740;+0300;0;UA_9058-UA_9022
HEL;0650;+0200;1405;+0300;0;SK_3712-SK_3606
HEL;0650;+0200;1405;+0300;0;UA_9079-UA_8735
HEL;0650;+0200;1405;+0300;0;LH_333-LH_848
HEL;0940;+0200;1655;+0300;0;LX_1661-LX_4790
HEL;1015;+0200;1740;+0300;0;UA_9058-UA_9022
HEL;1030;+0200;1800;+0300;0;UA_9058-UA_9022
HEL;0710;+0200;1450;+0300;0;AF_2527-AF_2298
HEL;1015;+0200;1800;+0300;0;UA_9058-UA_9022
HEL;1015;+0200;1800;+0300;0;LH_325-LH_850
HEL;1015;+0200;1800;+0300;0;SK_3710-SK_3616
HEL;1510;+0200;2255;+0300;0;AF_1727-AF_1798
HEL;0700;+0200;1450;+0300;0;AF_2527-AF_2298
HEL;1440;+0200;2325;+0300;0;LX_1663-LX_4792
HEL;1415;+0200;2305;+0300;0;BD_3407-BD_3122
HEL;1415;+0200;2305;+0300;0;NH_6200-NH_6173
HEL;1415;+0200;2305;+0300;0;LH_327-LH_852
HEL;1415;+0200;2305;+0300;0;SK_3778-SK_3672
HEL;0710;+0200;1615;+0300;0;AF_2527-AF_1498
HEL;1005;+0200;1915;+0300;0;AF_1127-AF_1098
HEL;0700;+0200;1615;+0300;0;AF_2527-AF_1498
HEL;1000;+0200;1915;+0300;0;AF_1127-AF_1098
HEL;1005;+0200;1920;+0300;0;AF_1127-AF_1098
HEL;1000;+0200;1920;+0300;0;AF_1127-AF_1098
HEL;1340;+0200;2300;+0300;0;AA_6318-AA_6050
HEL;1335;+0200;2300;+0300;0;BA_579-BA_6034
HEL;0840;+0200;1810;+0300;0;LH_1907-LH_2464
HEL;1135;+0200;2105;+0300;0;BA_2583-BA_6080
HEL;1440;+0200;0015;+0300;1;AB_8991-AB_8310
HEL;1340;+0200;2335;+0300;0;AA_6318-AA_6463
HEL;1335;+0200;2335;+0300;0;BA_579-BA_798
HEL;1255;+0200;2300;+0300;0;LH_1909-LH_2466
HEL;0645;+0200;1710;+0300;0;AZ_7732-AZ_3810
HEL;0645;+0200;1710;+0300;0;KL_1650-KL_1169
HEL;1440;+0200;0105;+0300;1;BT_628-BT_329
GVA;1440;+0200;1740;+0200;0;LX_1663-LX_2808
GVA;1710;+0200;2015;+0200;0;LH_1911-LH_2388
GVA;2010;+0200;2320;+0200;0;LX_1665-LX_2818
GVA;0650;+0200;1015;+0200;0;LH_333-LH_1214
GVA;0940;+0200;1305;+0200;0;LX_1661-LX_2824
GVA;1255;+0200;1625;+0200;0;LH_1909-LH_2384
GVA;0840;+0200;1220;+0200;0;LH_1907-LH_2382
GVA;1415;+0200;1755;+0200;0;BD_3407-BD_3118
GVA;1415;+0200;1755;+0200;0;LH_327-LH_1222
GVA;1440;+0200;1825;+0200;0;LX_1663-LX_2810
GVA;1800;+0200;2145;+0200;0;AF_2027-AF_1242
GVA;0840;+0200;1230;+0200;0;SN_3200-SN_2715
GVA;1220;+0200;1610;+0200;0;AF_1427-AF_2342
GVA;1400;+0200;1750;+0200;0;AZ_1470-AZ_578
GVA;0710;+0200;1110;+0200;0;AF_2527-AF_1842
GVA;1830;+0200;2230;+0200;0;LH_329-LH_1228
GVA;1830;+0200;2230;+0200;0;BD_3409-BD_3114
GVA;0710;+0200;1115;+0200;0;AF_2527-AF_1842
GVA;1005;+0200;1410;+0200;0;AF_1127-AF_2142
GVA;1015;+0200;1420;+0200;0;BD_3405-BD_3106
GVA;1015;+0200;1420;+0200;0;LH_325-LH_1218
GVA;0630;+0200;1040;+0200;0;AZ_1460-AZ_576
GVA;0700;+0200;1110;+0200;0;AF_2527-AF_1842
GVA;1000;+0200;1410;+0200;0;AF_1127-AF_2142
GVA;0645;+0200;1100;+0200;0;KL_1650-KL_1927
GVA;0700;+0200;1115;+0200;0;AF_2527-AF_1842
GVA;1730;+0200;2145;+0200;0;KL_1656-KL_1937
GVA;0940;+0200;1400;+0200;0;LX_1661-LX_2806
GVA;1510;+0200;1940;+0200;0;AF_1727-AF_1042
GVA;1430;+0200;1910;+0200;0;LH_3213-LH_3164
GVA;1220;+0200;1710;+0200;0;AF_1427-AF_2442
GVA;1220;+0200;1715;+0200;0;AF_1427-AF_2442
GVA;1415;+0200;1925;+0200;0;BD_3407-BD_3104
GVA;1415;+0200;1925;+0200;0;LH_327-LH_1226
GVA;1415;+0200;1930;+0200;0;BD_3407-BD_3120
GVA;1415;+0200;1930;+0200;0;NH_6200-NH_6107
GVA;1415;+0200;1930;+0200;0;LH_327-LH_1224
GVA;1350;+0200;1910;+0200;0;LH_3213-LH_3164
GVA;1710;+0200;2230;+0200;0;LH_1911-LH_2390
GVA;0650;+0200;1220;+0200;0;LH_1915-LH_2382
GVA;1255;+0200;1825;+0200;0;LH_1909-LH_2386
GVA;1215;+0200;1755;+0200;0;IB_3645-IB_3486
GVA;1100;+0200;1655;+0200;0;OS_522-OS_581
GVA;0710;+0200;1310;+0200;0;AF_2527-AF_2042
GVA;1235;+0200;1835;+0200;0;KL_1654-KL_1933
VIE;1100;+0200;1215;+0200;0;BD_2800
VIE;1100;+0200;1215;+0200;0;OS_522
VIE;1915;+0200;2030;+0200;0;OS_530
VIE;0705;+0200;0825;+0200;0;OS_528
VIE;0705;+0200;0825;+0200;0;BD_2798
VIE;1710;+0200;2020;+0200;0;LH_1911-LH_2332
VIE;0650;+0200;1025;+0200;0;LH_1915-LH_2326
VIE;1255;+0200;1630;+0200;0;LH_1909-LH_2330
VIE;1415;+0200;1750;+0200;0;LH_327-LH_1240
VIE;1415;+0200;1750;+0200;0;BD_3407-BD_2986
VIE;0800;+0200;1140;+0200;0;AZ_1464-AZ_188
VIE;1400;+0200;1740;+0200;0;AZ_1470-AZ_190
VIE;0840;+0200;1225;+0200;0;LH_1907-LH_2328
VIE;1015;+0200;1405;+0200;0;UA_9058-UA_8966
VIE;1440;+0200;1830;+0200;0;LX_1663-LX_1582
VIE;1015;+0200;1410;+0200;0;LH_325-LH_1238
VIE;1015;+0200;1410;+0200;0;UA_9058-UA_8966
VIE;1015;+0200;1410;+0200;0;BD_3405-BD_2984
VIE;1440;+0200;1835;+0200;0;AB_8991-AB_8358
VIE;1425;+0200;1830;+0200;0;AB_8863-AB_8516
VIE;1430;+0200;1840;+0200;0;LH_3213-LH_3094
VIE;1825;+0200;2235;+0200;0;AB_8991-AB_8752
VIE;0725;+0200;1140;+0200;0;AZ_1468-AZ_188
VIE;1415;+0200;1840;+0200;0;LH_327-LH_1242
VIE;1415;+0200;1840;+0200;0;BD_3407-BD_2988
VIE;0940;+0200;1410;+0200;0;LX_1661-LX_1578
VIE;1000;+0200;1435;+0200;0;AF_1127-AF_1738
VIE;1005;+0200;1440;+0200;0;AF_1127-AF_1738
VIE;1440;+0200;1915;+0200;0;LX_1663-LX_3556
VIE;1830;+0200;2305;+0200;0;LH_329-LH_1246
VIE;1830;+0200;2305;+0200;0;BD_3409-BD_2982
VIE;1000;+0200;1440;+0200;0;AF_1127-AF_1738
VIE;1730;+0200;2210;+0200;0;KL_1656-KL_1849
VIE;1350;+0200;1840;+0200;0;LH_3213-LH_3094
VIE;0710;+0200;1205;+0200;0;AF_2527-AF_1556
VIE;1415;+0200;1910;+0200;0;NH_6200-NH_6331
VIE;1415;+0200;1910;+0200;0;LH_327-LH_6346
VIE;1430;+0200;1925;+0200;0;LH_3213-LH_3096
VIE;0700;+0200;1205;+0200;0;AF_2527-AF_1556
VIE;0630;+0200;1140;+0200;0;AZ_1460-AZ_188
VIE;0650;+0200;1205;+0200;0;LH_333-LH_6334
VIE;1220;+0200;1735;+0200;0;AF_1427-AF_1438
VIE;0635;+0200;1155;+0200;0;AF_5561-AF_2056
VIE;1220;+0200;1740;+0200;0;AF_1427-AF_1438
VIE;1710;+0200;2240;+0200;0;LH_1911-LH_6330
VIE;0650;+0200;1225;+0200;0;LH_1915-LH_2328
VIE;1350;+0200;1925;+0200;0;LH_3213-LH_3096
VIE;1415;+0200;1950;+0200;0;LH_327-LH_6929
VIE;1425;+0200;2010;+0200;0;AB_8863-AB_8644
PRG;1710;+0200;2015;+0200;0;LH_1911-LH_1696
PRG;1100;+0200;1410;+0200;0;OS_522-OS_707
PRG;1415;+0200;1725;+0200;0;LH_327-LH_1398
PRG;1415;+0200;1725;+0200;0;BD_3407-BD_2992
PRG;1255;+0200;1620;+0200;0;LH_1909-LH_1692
PRG;0705;+0200;1045;+0200;0;OS_528-OS_705
PRG;0840;+0200;1220;+0200;0;LH_1907-LH_1690
PRG;0635;+0200;1040;+0200;0;AF_5561-AF_5901
PRG;0645;+0200;1050;+0200;0;KL_1650-KL_3121
PRG;1250;+0200;1655;+0200;0;AF_5563-AF_5903
PRG;1440;+0200;1845;+0200;0;LX_1663-LX_1498
PRG;1005;+0200;1425;+0200;0;AF_1127-AF_1982
PRG;1000;+0200;1425;+0200;0;AF_1127-AF_1982
PRG;1415;+0200;1845;+0200;0;NH_6200-NH_6199
PRG;1415;+0200;1845;+0200;0;LH_327-LH_1400
PRG;1415;+0200;1845;+0200;0;BD_3407-BD_2994
PRG;0940;+0200;1415;+0200;0;LX_1661-LX_1486
PRG;1005;+0200;1445;+0200;0;AF_1127-AF_1982
PRG;1510;+0200;1950;+0200;0;AF_1727-AF_2482
PRG;1000;+0200;1445;+0200;0;AF_1127-AF_1982
PRG;1830;+0200;2315;+0200;0;BD_3409-BD_2996
PRG;1830;+0200;2315;+0200;0;LH_329-LH_1402
PRG;0650;+0200;1145;+0200;0;BD_3403-BD_3000
PRG;0650;+0200;1145;+0200;0;LH_333-LH_1394
PRG;1430;+0200;1925;+0200;0;LH_3213-LH_3054
PRG;1235;+0200;1800;+0200;0;KL_1654-KL_3125
PRG;0650;+0200;1220;+0200;0;LH_1915-LH_1690
PRG;0710;+0200;1240;+0200;0;AF_2527-AF_1782
PRG;1350;+0200;1925;+0200;0;LH_3213-LH_3054
PRG;0700;+0200;1240;+0200;0;AF_2527-AF_1782
LIS;1245;+0200;1455;+0100;0;AZ_7774
LIS;1245;+0200;1455;+0100;0;TP_877
LIS;1215;+0200;1550;+0100;0;IB_3645-IB_3102
LIS;1915;+0200;2255;+0100;0;IB_3639-IB_3118
LIS;0740;+0200;1150;+0100;0;IB_3627-IB_3110
LIS;0650;+0200;1110;+0100;0;UA_9079-UA_8846
LIS;0650;+0200;1115;+0100;0;LH_333-LH_1166
LIS;0650;+0200;1115;+0100;0;BD_3403-BD_3348
LIS;0650;+0200;1115;+0100;0;UA_9079-UA_8846
LIS;0940;+0200;1410;+0100;0;LX_1661-LX_4580
LIS;1710;+0200;2145;+0100;0;LH_1911-LH_1792
LIS;0845;+0200;1325;+0100;0;UA_9264-UA_8938
LIS;0840;+0200;1325;+0100;0;LH_1907-LH_1790
LIS;0840;+0200;1325;+0100;0;UA_9264-UA_8938
LIS;1005;+0200;1450;+0100;0;AF_1127-AF_1624
LIS;1000;+0200;1450;+0100;0;AF_1127-AF_1624
LIS;1000;+0200;1450;+0100;0;AZ_7324-AZ_2620
LIS;1410;+0200;1905;+0100;0;JK_82-JK_9437
LIS;1110;+0200;1610;+0100;0;AZ_1472-AZ_7764
LIS;1550;+0200;2100;+0100;0;AZ_1476-AZ_7766
LIS;1830;+0200;2340;+0100;0;LH_329-LH_1172
LIS;1830;+0200;2340;+0100;0;BD_3409-BD_3350
LIS;1015;+0200;1530;+0100;0;LH_325-LH_6994
LIS;1030;+0200;1545;+0100;0;UA_9058-UA_8896
LIS;1220;+0200;1735;+0100;0;AZ_7326-AZ_2622
LIS;1220;+0200;1735;+0100;0;AF_1427-AF_1924
LIS;1730;+0200;2250;+0100;0;KL_1656-KL_1697
LIS;1030;+0200;1555;+0100;0;UA_9058-UA_8896
LIS;0840;+0200;1410;+0100;0;SN_3200-SN_6403
LIS;1015;+0200;1545;+0100;0;UA_9058-UA_8896
LIS;1015;+0200;1555;+0100;0;UA_9058-UA_8896
LIS;1015;+0200;1555;+0100;0;LH_325-LH_1168
LIS;0800;+0200;1345;+0100;0;AZ_1464-AZ_7762
LIS;1020;+0200;1610;+0100;0;AZ_1466-AZ_7764
LIS;1500;+0200;2100;+0100;0;AZ_1462-AZ_7766
LIS;0725;+0200;1345;+0100;0;AZ_1468-AZ_7762
LIS;0700;+0200;1325;+0100;0;UA_9404-UA_8938
LIS;0840;+0200;1505;+0100;0;LH_1907-LH_6950
LIS;1440;+0200;2105;+0100;0;LX_1663-LX_4582
LIS;0650;+0200;1325;+0100;0;LH_1915-LH_1790
LIS;1510;+0200;2150;+0100;0;AF_1727-AF_2324
LIS;1510;+0200;2150;+0100;0;AZ_7328-AZ_2626
LIS;1410;+0200;2100;+0100;0;JK_82-JK_9494
LIS;1400;+0200;2100;+0100;0;AZ_1470-AZ_7766
LIS;1415;+0200;2120;+0100;0;NH_6200-NH_6735
LIS;1415;+0200;2120;+0100;0;LH_327-LH_6956
LIS;0630;+0200;1345;+0100;0;AZ_1460-AZ_7762
LIS;1005;+0200;1735;+0100;0;AF_1127-AF_1924
LIS;1000;+0200;1735;+0100;0;AZ_7324-AZ_2622
LIS;1000;+0200;1735;+0100;0;AF_1127-AF_1924
LIS;0710;+0200;1450;+0100;0;AZ_7334-AZ_2620
LIS;0710;+0200;1450;+0100;0;AF_2527-AF_1624
LIS;1215;+0200;2000;+0100;0;IB_3645-IB_3106
LIS;0645;+0200;1435;+0100;0;KL_1650-KL_1693
LIS;0700;+0200;1450;+0100;0;AF_2527-AF_1624
LIS;0740;+0200;1550;+0100;0;IB_3627-IB_3102
LIS;0800;+0200;1610;+0100;0;AZ_1464-AZ_7764
LIS;0650;+0200;1505;+0100;0;LH_1915-LH_6950
NCE;1845;+0200;2000;+0200;0;AF_4387
NCE;0635;+0200;0925;+0200;0;AF_5561-AF_7833
NCE;0635;+0200;0940;+0200;0;AF_5561-AF_7830
NCE;1755;+0200;2105;+0200;0;AF_5565-AF_7834
NCE;0840;+0200;1210;+0200;0;LH_1907-LH_2272
NCE;1440;+0200;1810;+0200;0;LX_1663-LX_560
NCE;1500;+0200;1830;+0200;0;AZ_1462-AZ_354
NCE;1710;+0200;2040;+0200;0;LH_1911-LH_2276
NCE;2010;+0200;2340;+0200;0;IB_5970-IB_5658
NCE;1250;+0200;1635;+0200;0;AF_5563-AF_7839
NCE;1255;+0200;1640;+0200;0;LH_1909-LH_2274
NCE;1415;+0200;1800;+0200;0;LH_327-LH_1064
NCE;1415;+0200;1800;+0200;0;BD_3407-BD_3236
NCE;0630;+0200;1020;+0200;0;AZ_1460-AZ_348
NCE;0700;+0200;1105;+0200;0;AF_2527-AF_7702
NCE;1015;+0200;1430;+0200;0;LH_325-LH_1060
NCE;0940;+0200;1405;+0200;0;LX_1661-LX_568
NCE;1005;+0200;1430;+0200;0;AF_1127-AF_7714
NCE;1000;+0200;1430;+0200;0;AF_1127-AF_7714
NCE;1400;+0200;1830;+0200;0;AZ_1470-AZ_354
NCE;0840;+0200;1315;+0200;0;SN_3200-SN_3619
NCE;1510;+0200;1945;+0200;0;AF_1727-AF_7708
NCE;0840;+0200;1320;+0200;0;BD_5554-BD_5443
NCE;0840;+0200;1320;+0200;0;SN_3200-SN_3619
NCE;1805;+0200;2245;+0200;0;AF_2027-AF_7712
NCE;1800;+0200;2245;+0200;0;AF_2027-AF_7712
NCE;0645;+0200;1140;+0200;0;KL_1650-KL_1263
NCE;1730;+0200;2225;+0200;0;KL_1656-KL_1273
NCE;1220;+0200;1720;+0200;0;AF_1427-AF_7706
NCE;1510;+0200;2010;+0200;0;AF_1727-AF_7708
NCE;1755;+0200;2255;+0200;0;AF_5565-AF_7829
NCE;1220;+0200;1725;+0200;0;AF_1427-AF_7706
NCE;0650;+0200;1210;+0200;0;LH_1915-LH_2272
NCE;1710;+0200;2230;+0200;0;LH_1911-LH_2278
NCE;1830;+0200;2350;+0200;0;BD_3409-BD_3238
NCE;1830;+0200;2350;+0200;0;LH_329-LH_1068
NCE;1215;+0200;1800;+0200;0;IB_3645-IB_8752
ZRH;2010;+0200;2115;+0200;0;LX_1665
ZRH;0940;+0200;1050;+0200;0;LX_1661
ZRH;1440;+0200;1550;+0200;0;LX_1663
ZRH;0650;+0200;0950;+0200;0;LH_333-LH_5770
ZRH;1830;+0200;2140;+0200;0;LH_329-LH_5778
ZRH;1415;+0200;1730;+0200;0;LH_327-LH_1196
ZRH;1415;+0200;1730;+0200;0;BD_3407-BD_3552
ZRH;1710;+0200;2030;+0200;0;LH_1911-LH_2374
ZRH;1430;+0200;1805;+0200;0;LH_3213-LH_3138
ZRH;0840;+0200;1220;+0200;0;LH_1907-LH_2368
ZRH;1255;+0200;1640;+0200;0;LH_1909-LH_2370
ZRH;0650;+0200;1040;+0200;0;LH_1915-LH_5782
ZRH;1425;+0200;1815;+0200;0;AB_8863-AB_8142
ZRH;1425;+0200;1820;+0200;0;AB_8863-AB_8142
ZRH;1440;+0200;1835;+0200;0;AB_8991-AB_8198
ZRH;1440;+0200;1840;+0200;0;AB_8991-AB_8198
ZRH;1005;+0200;1415;+0200;0;AF_1127-AF_5104
ZRH;0710;+0200;1125;+0200;0;AF_2527-AF_5102
ZRH;1000;+0200;1415;+0200;0;AF_1127-AF_5104
ZRH;1350;+0200;1805;+0200;0;LH_3213-LH_3138
ZRH;0645;+0200;1105;+0200;0;KL_1650-KL_1957
ZRH;0705;+0200;1125;+0200;0;OS_528-OS_8803
ZRH;1825;+0200;2245;+0200;0;AB_8991-AB_8174
ZRH;0700;+0200;1125;+0200;0;AF_2527-AF_5102
ZRH;1015;+0200;1440;+0200;0;BD_3405-BD_3558
ZRH;1015;+0200;1440;+0200;0;LH_325-LH_1192
ZRH;1710;+0200;2145;+0200;0;LH_1911-LH_5788
ZRH;0650;+0200;1130;+0200;0;LH_333-LH_5772
ZRH;1430;+0200;1910;+0200;0;LH_3213-LH_3140
ZRH;1220;+0200;1705;+0200;0;AF_1427-AF_5106
ZRH;1415;+0200;1900;+0200;0;LH_327-LH_5776
ZRH;1730;+0200;2225;+0200;0;KL_1656-KL_1969
ZRH;1255;+0200;1800;+0200;0;LH_1909-LH_5786
ZRH;1415;+0200;1920;+0200;0;NH_6200-NH_6101
ZRH;1415;+0200;1920;+0200;0;LH_327-LH_1198
ZRH;1415;+0200;1920;+0200;0;BD_3407-BD_3554
ZRH;1015;+0200;1525;+0200;0;LH_325-LH_5774
ZRH;1100;+0200;1610;+0200;0;OS_522-OS_8805
ZRH;1340;+0200;1850;+0200;0;AA_6318-AA_6565
ZRH;1510;+0200;2020;+0200;0;AF_1727-AF_5110
ZRH;1335;+0200;1850;+0200;0;BA_579-BA_718
ZRH;1350;+0200;1910;+0200;0;LH_3213-LH_3140
ZRH;0650;+0200;1220;+0200;0;LH_1915-LH_2368
DUB;1415;+0200;1725;+0100;0;LH_327-LH_980
DUB;0645;+0200;1010;+0100;0;KL_1650-KL_3153
DUB;1730;+0200;2120;+0100;0;KL_1656-KL_3161
DUB;1005;+0200;1400;+0100;0;AF_1127-AF_5006
DUB;1000;+0200;1400;+0100;0;AF_1127-AF_5006
DUB;1000;+0200;1400;+0100;0;AZ_7324-AZ_3574
DUB;0710;+0200;1115;+0100;0;AZ_7334-AZ_3572
DUB;0710;+0200;1115;+0100;0;AF_2527-AF_5004
DUB;1805;+0200;2215;+0100;0;AF_2027-AF_5008
DUB;1830;+0200;2240;+0100;0;LH_329-LH_982
DUB;0650;+0200;1105;+0100;0;LH_333-LH_978
DUB;0700;+0200;1115;+0100;0;AF_2527-AF_5004
DUB;1800;+0200;2215;+0100;0;AF_2027-AF_5008
DUB;1800;+0200;2215;+0100;0;AZ_7330-AZ_3576
DUB;1135;+0200;1600;+0100;0;BA_2583-BA_5843
DUB;1220;+0200;1645;+0100;0;AF_1427-AF_5014
DUB;1220;+0200;1645;+0100;0;AZ_7326-AZ_3580
DUB;1335;+0200;1810;+0100;0;BA_579-BA_5969
DUB;1510;+0200;1945;+0100;0;AZ_7328-AZ_3578
DUB;1510;+0200;1945;+0100;0;AF_1727-AF_5010
DUB;1235;+0200;1735;+0100;0;KL_1654-KL_3159
DUB;1135;+0200;1710;+0100;0;BA_2583-BA_5967
DUB;1335;+0200;1925;+0100;0;BA_579-BA_5975
DUB;0740;+0200;1350;+0100;0;IB_3627-IB_8070
DUB;1335;+0200;1955;+0100;0;BA_579-BA_5847
DUB;1135;+0200;1810;+0100;0;BA_2583-BA_5969
DUB;1005;+0200;1645;+0100;0;AF_1127-AF_5014
DUB;1000;+0200;1645;+0100;0;AF_1127-AF_5014
DUB;1000;+0200;1645;+0100;0;AZ_7324-AZ_3580
DUB;0710;+0200;1400;+0100;0;AZ_7334-AZ_3574
DUB;0710;+0200;1400;+0100;0;AF_2527-AF_5006
DUB;1335;+0200;2025;+0100;0;BA_579-BA_5977
DUB;0645;+0200;1340;+0100;0;KL_1650-KL_3155
DUB;0700;+0200;1400;+0100;0;AF_2527-AF_5006
DUB;1510;+0200;2215;+0100;0;AF_1727-AF_5008
DUB;1510;+0200;2215;+0100;0;AZ_7328-AZ_3576
DUB;1015;+0200;1725;+0100;0;LH_325-LH_980
DUB;1220;+0200;1945;+0100;0;AZ_7326-AZ_3578
DUB;1220;+0200;1945;+0100;0;AF_1427-AF_5010
DUB;1135;+0200;1925;+0100;0;BA_2583-BA_5975
DUB;1335;+0200;2125;+0100;0;BA_579-BA_5979
DUB;1135;+0200;1955;+0100;0;BA_2583-BA_5847
DUB;1415;+0200;2240;+0100;0;LH_327-LH_982
DUB;1235;+0200;2120;+0100;0;KL_1654-KL_3161
DUB;1430;+0200;1955;+0100;0;LH_3213-LH_3384-LH_6505
DUB;1710;+0200;2240;+0100;0;LH_1911-LH_121-LH_982
DUB;1350;+0200;1955;+0100;0;LH_3213-LH_3384-LH_6505
DUB;1415;+0200;2040;+0100;0;BD_3407-BD_3234-BD_131
DUB;1255;+0200;1955;+0100;0;LH_1909-LH_2478-LH_6505
DUB;0650;+0200;1355;+0100;0;LH_333-LH_904-LH_6633
DUB;0650;+0200;1355;+0100;0;LH_1915-LH_2472-LH_6633
DUB;1015;+0200;1820;+0100;0;BD_3405-BD_3208-BD_125
DUB;1015;+0200;1820;+0100;0;LH_325-LH_906-LH_6483
DUB;1015;+0200;1820;+0100;0;BD_3405-BD_3218-BD_125
DUB;1015;+0200;1820;+0100;0;LH_325-LH_908-LH_6483
DUB;1220;+0200;2040;+0100;0;AF_1427-AF_5026-AF_5121
DUB;1220;+0200;2040;+0100;0;AF_1427-AF_5024-AF_5121
DUB;1015;+0200;1850;+0100;0;BD_3405-BD_3208-BD_129
DUB;1015;+0200;1850;+0100;0;BD_3405-BD_3222-BD_129
DUB;1015;+0200;1850;+0100;0;BD_3405-BD_3218-BD_129
DUB;1015;+0200;1850;+0100;0;LH_325-LH_908-LH_6503
DUB;1015;+0200;1850;+0100;0;LH_325-LH_906-LH_6503
DUB;1015;+0200;1850;+0100;0;LH_325-LH_910-LH_6503
DUB;0840;+0200;1725;+0100;0;LH_1907-LH_109-LH_980
DUB;0840;+0200;1725;+0100;0;LH_1907-LH_113-LH_980
DUB;0840;+0200;1725;+0100;0;LH_1907-LH_111-LH_980
DUB;1005;+0200;1850;+0100;0;AF_1127-AF_2280-AF_5119
MIL;0635;+0200;0935;+0200;0;AF_5561-AF_3292
MIL;1110;+0200;1410;+0200;0;AZ_1472-AZ_2038
MIL;1550;+0200;1850;+0200;0;AZ_1476-AZ_2096
MIL;0725;+0200;1030;+0200;0;AZ_1468-AZ_2310
MIL;1440;+0200;1745;+0200;0;LX_1663-LX_1622
MIL;1710;+0200;2015;+0200;0;LH_1911-LH_1864
MIL;1905;+0200;2210;+0200;0;AZ_1474-AZ_2118
MIL;1915;+0200;2220;+0200;0;OS_530-OS_539
MIL;0630;+0200;0940;+0200;0;AZ_1460-AZ_2026
MIL;0700;+0200;1010;+0200;0;AZ_1296-AZ_7926
MIL;0800;+0200;1110;+0200;0;AZ_1464-AZ_2036
MIL;1400;+0200;1710;+0200;0;AZ_1470-AZ_2080
MIL;1500;+0200;1810;+0200;0;AZ_1462-AZ_2092
MIL;1800;+0200;2110;+0200;0;AZ_1480-AZ_2114
MIL;0725;+0200;1040;+0200;0;AZ_1468-AZ_2030
MIL;1110;+0200;1430;+0200;0;AZ_1472-AZ_1026
MIL;1255;+0200;1615;+0200;0;LH_1909-LH_1860
MIL;1415;+0200;1735;+0200;0;LH_327-LH_254
MIL;1550;+0200;1910;+0200;0;AZ_1476-AZ_2050
MIL;1755;+0200;2115;+0200;0;AZ_7362-AZ_7833
MIL;1755;+0200;2115;+0200;0;AF_5565-AF_3298
MIL;1905;+0200;2225;+0200;0;AZ_1474-AZ_2312
MIL;0630;+0200;0955;+0200;0;AZ_1460-AZ_2022
MIL;0650;+0200;1015;+0200;0;LH_1915-LH_1854
MIL;1500;+0200;1825;+0200;0;AZ_1462-AZ_2290
MIL;1400;+0200;1730;+0200;0;AZ_1470-AZ_2046
MIL;1500;+0200;1830;+0200;0;AZ_1462-AZ_2088
MIL;0940;+0200;1315;+0200;0;LX_1661-LX_1628
MIL;1015;+0200;1350;+0200;0;LH_325-LH_252
MIL;1500;+0200;1835;+0200;0;AZ_1462-AZ_1028
MIL;1550;+0200;1925;+0200;0;AZ_1476-AZ_2112
MIL;1905;+0200;2240;+0200;0;AZ_1474-AZ_2130
MIL;0630;+0200;1010;+0200;0;AZ_1460-AZ_2028
MIL;0700;+0200;1040;+0200;0;AZ_1296-AZ_7465
MIL;0740;+0200;1120;+0200;0;AZ_1761-AZ_7981
MIL;0800;+0200;1140;+0200;0;AZ_1464-AZ_1016
MIL;0840;+0200;1220;+0200;0;LH_1907-LH_1856
MIL;1800;+0200;2140;+0200;0;AZ_1480-AZ_2058
MIL;0650;+0200;1035;+0200;0;LH_333-LH_248
MIL;0725;+0200;1110;+0200;0;AZ_1468-AZ_2036
MIL;1350;+0200;1735;+0200;0;LH_3213-LH_3182
MIL;1830;+0200;2215;+0200;0;BD_3409-BD_2926
MIL;1830;+0200;2215;+0200;0;LH_329-LH_278
MIL;1835;+0200;2220;+0200;0;AZ_1265-AZ_7467
MIL;1905;+0200;2250;+0200;0;AZ_1474-AZ_1030
MIL;1020;+0200;1410;+0200;0;AZ_1466-AZ_2038
MIL;1250;+0200;1640;+0200;0;AZ_7852-AZ_7831
MIL;1250;+0200;1640;+0200;0;AF_5563-AF_3296
MIL;1400;+0200;1750;+0200;0;AZ_1470-AZ_2090
MIL;1500;+0200;1850;+0200;0;AZ_1462-AZ_2096
MIL;1550;+0200;1940;+0200;0;AZ_1476-AZ_2100
MIL;0630;+0200;1030;+0200;0;AZ_1460-AZ_2310
MIL;0630;+0200;1030;+0200;0;AZ_1460-AZ_1024
MIL;1110;+0200;1510;+0200;0;AZ_1472-AZ_2068
MIL;1440;+0200;1840;+0200;0;LX_1663-LX_1636
MIL;0700;+0200;1105;+0200;0;AF_2527-AF_9802
MIL;1445;+0200;1850;+0200;0;AZ_1638-AZ_7463
MIL;1550;+0200;1955;+0200;0;AZ_1476-AZ_2102
MIL;1805;+0200;2210;+0200;0;AF_2027-AF_9812
MIL;0630;+0200;1040;+0200;0;AZ_1460-AZ_2030
MIL;0800;+0200;1210;+0200;0;AZ_1464-AZ_2032
MIL;1005;+0200;1415;+0200;0;AF_1127-AF_1714
MIL;1020;+0200;1430;+0200;0;AZ_1466-AZ_1026
MIL;1400;+0200;1810;+0200;0;AZ_1470-AZ_2092
MIL;1500;+0200;1910;+0200;0;AZ_1462-AZ_2050
MIL;1800;+0200;2210;+0200;0;AZ_1480-AZ_2118
MIL;1800;+0200;2210;+0200;0;AF_2027-AF_9812
MIL;0725;+0200;1140;+0200;0;AZ_1468-AZ_1016
MIL;1000;+0200;1415;+0200;0;AF_1127-AF_1714
MIL;1235;+0200;1655;+0200;0;KL_1654-KL_1627
MIL;1550;+0200;2010;+0200;0;AZ_1476-AZ_2056
MIL;1325;+0200;1750;+0200;0;AF_4333-AF_4304
MIL;1400;+0200;1825;+0200;0;AZ_1470-AZ_2290
MIL;1415;+0200;1840;+0200;0;LH_327-LH_276
MIL;1500;+0200;1925;+0200;0;AZ_1462-AZ_2112
MIL;1800;+0200;2225;+0200;0;AZ_1480-AZ_2312
MIL;0650;+0200;1120;+0200;0;AZ_1636-AZ_7194
MIL;1400;+0200;1830;+0200;0;AZ_1470-AZ_2088
MIL;1805;+0200;2235;+0200;0;AF_2027-AF_2514
MIL;1830;+0200;2300;+0200;0;LH_329-LH_258
MIL;1220;+0200;1655;+0200;0;AF_1427-AF_9700
MIL;1400;+0200;1835;+0200;0;AZ_1470-AZ_1028
MIL;1415;+0200;1850;+0200;0;LH_327-LH_276
MIL;1510;+0200;1945;+0200;0;AF_1727-AF_2112
MIL;1800;+0200;2235;+0200;0;AF_2027-AF_2514
MIL;0630;+0200;1110;+0200;0;AZ_1460-AZ_2036
MIL;0645;+0200;1125;+0200;0;AZ_7732-AZ_7905
MIL;0645;+0200;1125;+0200;0;KL_1650-KL_3623
MIL;1500;+0200;1940;+0200;0;AZ_1462-AZ_2100
MIL;1505;+0200;1945;+0200;0;AB_8985-AB_8756
MIL;1550;+0200;2030;+0200;0;AZ_1476-AZ_2108
MIL;1725;+0200;2205;+0200;0;AZ_1763-AZ_1760
MIL;1800;+0200;2240;+0200;0;AZ_1480-AZ_2130
MIL;0725;+0200;1210;+0200;0;AZ_1468-AZ_2032
MIL;1005;+0200;1450;+0200;0;AF_1127-AF_1712
MIL;1730;+0200;2215;+0200;0;KL_1656-KL_1635
MIL;1730;+0200;2215;+0200;0;AZ_7736-AZ_7725
SXB;0635;+0200;0930;+0200;0;AF_5561-AF_5784
SXB;0635;+0200;0930;+0200;0;AZ_7360-AZ_2570
SXB;1755;+0200;2100;+0200;0;AF_5565-AF_5782
SXB;1755;+0200;2100;+0200;0;AZ_7362-AZ_2576
SXB;0700;+0200;1040;+0200;0;AF_2527-AF_7760
SXB;0645;+0200;1035;+0200;0;KL_1650-KL_2043
SXB;1805;+0200;2155;+0200;0;AF_2027-AF_7770
SXB;1730;+0200;2125;+0200;0;KL_1656-KL_2047
SXB;1800;+0200;2155;+0200;0;AF_2027-AF_7770
SXB;1250;+0200;1650;+0200;0;AF_5563-AF_5780
SXB;1250;+0200;1650;+0200;0;AZ_7852-AZ_2574
SXB;1005;+0200;1410;+0200;0;AF_1127-AF_7762
SXB;1000;+0200;1410;+0200;0;AF_1127-AF_7762
SXB;1325;+0200;1745;+0200;0;AF_4333-AF_5467
SXB;1235;+0200;1740;+0200;0;KL_1654-KL_2045
SXB;1220;+0200;1800;+0200;0;AF_1427-AF_7766
SXB;1220;+0200;1800;+0200;0;AZ_7326-AZ_2968
SXB;1015;+0200;1600;+0200;0;LH_325-LH_390
SXB;1415;+0200;2000;+0200;0;LH_327-LH_392
SXB;1830;+0200;0015;+0200;1;LH_329-LH_396
SXB;1220;+0200;1850;+0200;0;AF_1427-AF_7310
SXB;0650;+0200;1330;+0200;0;LH_333-LH_388
SXB;0710;+0200;1350;+0200;0;AF_2527-AF_7306
SXB;1510;+0200;2155;+0200;0;AF_1727-AF_7770
SXB;1510;+0200;2155;+0200;0;AZ_7328-AZ_2970
SXB;0700;+0200;1350;+0200;0;AF_2527-AF_7306
SXB;1005;+0200;1655;+0200;0;AF_1127-AF_7308
SXB;1000;+0200;1655;+0200;0;AF_1127-AF_7308
SXB;0710;+0200;1410;+0200;0;AF_2527-AF_7762
SXB;0710;+0200;1410;+0200;0;AZ_7334-AZ_2966
SXB;0700;+0200;1410;+0200;0;AF_2527-AF_7762
SXB;1000;+0200;1610;+0200;0;AF_1127-AF_7724-AF_5769
SXB;0700;+0200;1325;+0200;0;AF_2527-AF_7702-AF_7895
SXB;1510;+0200;2145;+0200;0;AF_1727-AF_7708-AF_7898
SXB;1510;+0200;2150;+0200;0;AF_1727-AF_7626-AF_5361
SXB;1005;+0200;1650;+0200;0;AF_1127-AF_7644-AF_5780
SXB;1000;+0200;1650;+0200;0;AF_1127-AF_7644-AF_5780
SXB;1220;+0200;1920;+0200;0;AF_1427-AF_7706-AF_7897
SXB;1255;+0200;2000;+0200;0;LH_1909-LH_115-LH_392
SXB;1710;+0200;0015;+0200;1;LH_1911-LH_121-LH_396
SXB;0635;+0200;1350;+0200;0;AF_5561-AF_7417-AF_7306
SXB;0840;+0200;1600;+0200;0;LH_1907-LH_109-LH_390
SXB;1325;+0200;2050;+0200;0;AF_4333-AF_6043-AF_7312
SXB;1325;+0200;2050;+0200;0;AF_4333-AF_6039-AF_7312
SXB;1325;+0200;2050;+0200;0;AF_4333-AF_6037-AF_7312