LON;2005;+0200;2120;+0100;0;NZ_4448
LON;2005;+0200;2120;+0100;0;OS_8929
LON;2005;+0200;2120;+0100;0;BD_428
LON;1150;+0200;1310;+0100;0;BA_697
LON;1415;+0200;1535;+0100;0;BA_701
LON;1415;+0200;1535;+0100;0;JL_7728
LON;1415;+0200;1535;+0100;0;QF_3594
LON;1505;+0200;1625;+0100;0;AA_6644
LON;1915;+0200;2035;+0100;0;BA_705
LON;1915;+0200;2035;+0100;0;QF_3596
LON;0740;+0200;0905;+0100;0;AA_6642
LON;1140;+0200;1305;+0100;0;OS_8927
LON;1140;+0200;1305;+0100;0;BD_426
LON;1140;+0200;1305;+0100;0;AA_6640
LON;1140;+0200;1305;+0100;0;UA_7696
LON;1715;+0200;1840;+0100;0;OS_455
LON;1715;+0200;1840;+0100;0;BD_2805
LON;1715;+0200;1840;+0100;0;NZ_4855
LON;0635;+0200;0805;+0100;0;BD_2801
LON;0635;+0200;0805;+0100;0;LH_6396
LON;0635;+0200;0805;+0100;0;OS_451
LON;0635;+0200;0805;+0100;0;NZ_4851
LON;0755;+0200;0925;+0100;0;BA_699
LON;0755;+0200;0925;+0100;0;QF_3618
LON;1305;+0200;1435;+0100;0;OS_461
LON;1305;+0200;1435;+0100;0;UA_6717
LON;1305;+0200;1435;+0100;0;BD_2811
LON;1300;+0200;1435;+0100;0;UA_6717
LON;0620;+0200;0910;+0100;0;LH_1247-LH_896
LON;1920;+0200;2210;+0100;0;BD_2987-BD_3194
LON;1920;+0200;2210;+0100;0;LH_1243-LH_922
LON;1000;+0200;1300;+0100;0;LX_1575-LX_332
LON;1410;+0200;1710;+0100;0;KL_1846-KL_1029
LON;1450;+0200;1750;+0100;0;LH_1239-LH_916
LON;1450;+0200;1750;+0100;0;BD_2985-BD_3234
LON;1450;+0200;1750;+0100;0;LX_1579-LX_326
LON;1450;+0200;1750;+0100;0;LX_1579-LX_466
LON;1740;+0200;2040;+0100;0;LX_3565-LX_440
LON;0710;+0200;1015;+0100;0;BD_2831-BD_5433
LON;1315;+0200;1620;+0100;0;LH_6333-LH_934
LON;1535;+0200;1840;+0100;0;LH_6339-LH_936
LON;0915;+0200;1225;+0100;0;LH_2325-LH_2474
LON;1310;+0200;1620;+0100;0;LH_6333-LH_934
LON;0700;+0200;1015;+0100;0;SN_6002-SN_2093
LON;1100;+0200;1415;+0100;0;LH_2327-LH_2476
LON;1515;+0200;1830;+0100;0;LX_3563-LX_356
LON;1530;+0200;1845;+0100;0;LH_3101-LH_3394
LON;1535;+0200;1850;+0100;0;LH_6339-LH_918
LON;1715;+0200;2030;+0100;0;AF_1757-AF_1380
LON;1745;+0200;2100;+0100;0;LX_3583-LX_4428
LON;1820;+0200;2135;+0100;0;SN_2906-SN_2103
LON;1820;+0200;2135;+0100;0;BD_5494-BD_5437
LON;1455;+0200;1815;+0100;0;AF_1657-AF_1080
LON;1650;+0200;2010;+0100;0;LH_6327-LH_2482
LON;1815;+0200;2135;+0100;0;SN_2906-SN_2103
LON;0650;+0200;1015;+0100;0;SN_2910-SN_2093
LON;0650;+0200;1015;+0100;0;BD_5490-BD_5433
LON;0700;+0200;1025;+0100;0;AF_1557-AF_1980
LON;1055;+0200;1420;+0100;0;LH_1235-LH_908
LON;1055;+0200;1420;+0100;0;BD_2989-BD_3208
LON;1300;+0200;1625;+0100;0;BD_3625-BD_3278
LON;1300;+0200;1625;+0100;0;LH_2329-LH_2478
LON;1410;+0200;1735;+0100;0;KL_1846-KL_1023
LON;1740;+0200;2105;+0100;0;LX_3557-LX_462
LON;0700;+0200;1030;+0100;0;AF_1557-AF_1980
LON;1455;+0200;1825;+0100;0;AF_1657-AF_1080
LON;1740;+0200;2110;+0100;0;LX_3557-LX_340
LON;1315;+0200;1650;+0100;0;LH_6333-LH_898
LON;1520;+0200;1855;+0100;0;LH_3093-LH_3386
LON;1730;+0200;2105;+0100;0;SK_9404-SK_1501
LON;1740;+0200;2115;+0100;0;LX_3565-LX_358
LON;0700;+0200;1040;+0100;0;LH_6331-LH_904
LON;1005;+0200;1345;+0100;0;AF_1139-AF_2280
LON;1310;+0200;1650;+0100;0;LH_6333-LH_898
LON;1315;+0200;1655;+0100;0;LH_6333-LH_914
LON;1740;+0200;2120;+0100;0;LH_6355-LH_3388
LON;1830;+0200;2210;+0100;0;LH_1241-LH_922
LON;0630;+0200;1015;+0100;0;LH_6325-LH_2472
LON;1310;+0200;1655;+0100;0;LH_6333-LH_914
LON;1535;+0200;1920;+0100;0;AF_1739-AF_1180
LON;0655;+0200;1045;+0100;0;KL_1838-KL_1009
LON;1450;+0200;1840;+0100;0;BD_2985-BD_3462
LON;1450;+0200;1840;+0100;0;LH_1239-LH_936
LON;1525;+0200;1915;+0100;0;LX_3555-LX_454
LON;1515;+0200;1910;+0100;0;SK_9414-SK_1507
LON;0800;+0200;1200;+0100;0;LH_9501-LH_3406
LON;1250;+0200;1650;+0100;0;LO_5224-LO_279
LON;1450;+0200;1850;+0100;0;BD_2985-BD_3190
LON;1450;+0200;1850;+0100;0;LH_1239-LH_918
LON;1525;+0200;1925;+0100;0;LX_3555-LX_338
LON;1745;+0200;2145;+0100;0;LO_5226-LO_285
LON;0700;+0200;1105;+0100;0;LX_3561-LX_350
LON;0625;+0200;1035;+0100;0;AB_8645-AB_8746
LON;1725;+0200;2135;+0100;0;SN_6006-SN_2103
LON;1725;+0200;2135;+0100;0;BD_2835-BD_5437
LON;0935;+0200;1350;+0100;0;KL_1840-KL_1017
LON;1510;+0200;1925;+0100;0;SN_6004-SN_2101
LON;0620;+0200;1040;+0100;0;LH_1247-LH_904
LON;0620;+0200;1040;+0100;0;BD_2983-BD_3216
LON;0910;+0200;1330;+0100;0;LH_6917-LH_906
LON;1450;+0200;1915;+0100;0;LX_1579-LX_454
LON;1455;+0200;1920;+0100;0;AF_1657-AF_1180
LON;1750;+0200;2215;+0100;0;LH_6323-LH_6494
LON;0705;+0200;1135;+0100;0;LH_6353-LH_3382
LON;1450;+0200;1920;+0100;0;AB_8517-AB_8342
LON;1455;+0200;1925;+0100;0;AB_8405-AB_8598
LON;1740;+0200;2210;+0100;0;LH_6335-LH_922
LON;1315;+0200;1750;+0100;0;LH_6333-LH_916
LON;1450;+0200;1925;+0100;0;LX_1579-LX_338
LON;1750;+0200;2225;+0100;0;BD_3629-BD_3262
LON;1830;+0200;2305;+0100;0;AZ_191-AZ_210
LON;0850;+0200;1330;+0100;0;LH_1233-LH_906
LON;0850;+0200;1330;+0100;0;BD_2981-BD_3218
LON;1310;+0200;1750;+0100;0;LH_6333-LH_916
LON;0715;+0200;1200;+0100;0;LH_6321-LH_6482
PAR;0600;+0200;0745;+0200;0;AB_8514
PAR;0600;+0200;0745;+0200;0;HG_8514
PAR;1500;+0200;1650;+0200;0;AB_8726
PAR;1500;+0200;1650;+0200;0;HG_8726
PAR;1835;+0200;2025;+0200;0;AB_8734
PAR;1835;+0200;2025;+0200;0;HG_8734
PAR;1005;+0200;1210;+0200;0;OS_7111
PAR;1005;+0200;1210;+0200;0;AF_1139
PAR;1255;+0200;1500;+0200;0;OS_415
PAR;1455;+0200;1700;+0200;0;AF_1657
PAR;1535;+0200;1740;+0200;0;AF_1739
PAR;1535;+0200;1740;+0200;0;OS_7115
PAR;1715;+0200;1920;+0200;0;OS_417
PAR;1715;+0200;1920;+0200;0;AF_1757
PAR;1835;+0200;2040;+0200;0;OS_7113
PAR;1835;+0200;2040;+0200;0;AF_1439
PAR;2015;+0200;2220;+0200;0;AF_2139
PAR;2015;+0200;2220;+0200;0;OS_7117
PAR;2015;+0200;2220;+0200;0;AF_2039
PAR;0700;+0200;0910;+0200;0;AF_1557
PAR;0705;+0200;0915;+0200;0;OS_411
PAR;1300;+0200;1620;+0200;0;LH_2329-LH_2232
PAR;0655;+0200;1020;+0200;0;LX_1585-LX_634
PAR;1450;+0200;1815;+0200;0;LH_1239-LH_1042
PAR;1920;+0200;2245;+0200;0;LH_1243-LH_1052
PAR;0620;+0200;0955;+0200;0;LH_1247-LH_1028
PAR;0620;+0200;0955;+0200;0;UA_8959-UA_8922
PAR;1655;+0200;2030;+0200;0;AB_8273-AB_8156
PAR;1705;+0200;2040;+0200;0;JP_173-JP_342
PAR;0655;+0200;1035;+0200;0;OU_5443-OU_470
PAR;0700;+0200;1045;+0200;0;SN_6002-SN_3633
PAR;1315;+0200;1700;+0200;0;LH_6333-LH_1040
PAR;0645;+0200;1035;+0200;0;OU_5443-OU_470
PAR;1000;+0200;1350;+0200;0;LX_1575-LX_638
PAR;1055;+0200;1445;+0200;0;UA_8961-UA_8994
PAR;1310;+0200;1700;+0200;0;LH_6333-LH_1040
PAR;1520;+0200;1910;+0200;0;LH_3093-LH_3224
PAR;1650;+0200;2040;+0200;0;LH_6327-LH_2238
PAR;0630;+0200;1025;+0200;0;LH_6325-LH_2228
PAR;0650;+0200;1045;+0200;0;UA_9930-UA_9965
PAR;0650;+0200;1045;+0200;0;9W_6010-9W_6031
PAR;0650;+0200;1045;+0200;0;SN_2910-SN_3633
PAR;0700;+0200;1055;+0200;0;LH_6331-LH_1030
PAR;1055;+0200;1450;+0200;0;UA_8961-UA_8994
PAR;1055;+0200;1450;+0200;0;LH_1235-LH_1036
PAR;1740;+0200;2135;+0200;0;LH_6355-LH_3226
PAR;1410;+0200;1810;+0200;0;KL_1846-KL_1243
PAR;1740;+0200;2140;+0200;0;LH_6335-LH_1050
PAR;1740;+0200;2140;+0200;0;LX_3557-LX_646
PAR;0910;+0200;1315;+0200;0;LH_6917-LH_1034
PAR;1525;+0200;1930;+0200;0;LX_3555-LX_644
PAR;1535;+0200;1940;+0200;0;LH_6339-LH_1046
PAR;0935;+0200;1345;+0200;0;KL_1840-KL_1233
PAR;0700;+0200;1115;+0200;0;SN_6002-SN_3633
PAR;1300;+0200;1715;+0200;0;LH_2329-LH_2234
PAR;1830;+0200;2245;+0200;0;LH_1241-LH_1052
PAR;0850;+0200;1310;+0200;0;UA_9340-UA_9031
PAR;1250;+0200;1710;+0200;0;OU_5447-OU_476
PAR;1315;+0200;1735;+0200;0;LG_8856-LG_8019
PAR;1515;+0200;1935;+0200;0;SK_9414-SK_567
PAR;0620;+0200;1045;+0200;0;UA_8959-UA_9357
PAR;0650;+0200;1115;+0200;0;SN_2910-SN_3633
PAR;0650;+0200;1115;+0200;0;UA_9930-UA_9965
PAR;0850;+0200;1315;+0200;0;LH_1233-LH_1034
PAR;0850;+0200;1315;+0200;0;UA_9340-UA_9031
PAR;0620;+0200;1055;+0200;0;LH_1247-LH_1030
PAR;1745;+0200;2220;+0200;0;LO_5226-LO_333
PAR;1450;+0200;1930;+0200;0;LX_1579-LX_644
PAR;0650;+0200;1135;+0200;0;9W_6010-9W_6150
PAR;1750;+0200;2235;+0200;0;LH_2331-LH_2240
PAR;0705;+0200;1155;+0200;0;AF_1957-AF_7417
PAR;0705;+0200;1155;+0200;0;AF_1957-AF_7641
PAR;1450;+0200;1940;+0200;0;LH_1239-LH_1046
PAR;1720;+0200;2210;+0200;0;AF_2057-AF_7649
PAR;1830;+0200;2325;+0200;0;AZ_191-AZ_332
PAR;1315;+0200;1815;+0200;0;LH_6333-LH_1042
PAR;0655;+0200;1200;+0200;0;KL_1838-KL_2007
PAR;0705;+0200;1210;+0200;0;LH_6353-LH_3220
PAR;1310;+0200;1815;+0200;0;LH_6333-LH_1042
PAR;1410;+0200;1915;+0200;0;KL_1846-KL_1245
PAR;1505;+0200;2010;+0200;0;AA_6644-AA_6458
PAR;1740;+0200;2245;+0200;0;LH_6335-LH_1052
PAR;1015;+0200;1530;+0200;0;LO_224-LO_329
PAR;1150;+0200;1705;+0200;0;BA_697-BA_316
PAR;0740;+0200;1300;+0200;0;AA_6642-AA_6552
PAR;1100;+0200;1620;+0200;0;LH_2327-LH_2232
PAR;1140;+0200;1705;+0200;0;AA_6640-AA_6390
PAR;1220;+0200;1745;+0200;0;AZ_189-AZ_330
PAR;1340;+0200;1905;+0200;0;BT_434-BT_697
PAR;1300;+0200;1830;+0200;0;LH_2329-LH_2236
BCN;0650;+0200;0905;+0200;0;AB_8010
BCN;0650;+0200;0905;+0200;0;HG_8010
BCN;1325;+0200;1540;+0200;0;AB_8010
BCN;1505;+0200;1725;+0200;0;VY_8711
BCN;2015;+0200;2240;+0200;0;OS_395
BCN;2015;+0200;2240;+0200;0;JK_9206
BCN;1020;+0200;1250;+0200;0;JK_9200
BCN;1020;+0200;1250;+0200;0;OS_397
BCN;1750;+0200;2120;+0200;0;LH_2331-LH_1816
BCN;1750;+0200;2125;+0200;0;OS_7235-OS_7467
BCN;1945;+0200;2325;+0200;0;LH_6329-LH_1818
BCN;1000;+0200;1400;+0200;0;LX_1575-LX_1954
BCN;0915;+0200;1320;+0200;0;LH_2325-LH_1812
BCN;1720;+0200;2125;+0200;0;AF_2057-AF_5894
BCN;1145;+0200;1555;+0200;0;AB_9138-AB_7526
BCN;1100;+0200;1515;+0200;0;LH_2327-LH_6722
BCN;1140;+0200;1555;+0200;0;AB_3252-AB_7526
BCN;1450;+0200;1905;+0200;0;LX_1579-LX_1956
BCN;1055;+0200;1515;+0200;0;LH_1235-LH_1128
BCN;1055;+0200;1515;+0200;0;UA_8961-UA_8719
BCN;1300;+0200;1720;+0200;0;BD_3625-BD_3540
BCN;1300;+0200;1720;+0200;0;LH_2329-LH_1814
BCN;1300;+0200;1725;+0200;0;OS_7233-OS_7465
BCN;1005;+0200;1435;+0200;0;AF_1139-AF_1648
BCN;1515;+0200;1945;+0200;0;LX_3563-LX_1946
BCN;1650;+0200;2120;+0200;0;NH_6303-NH_6077
BCN;1650;+0200;2120;+0200;0;LH_6327-LH_1816
BCN;1455;+0200;1930;+0200;0;AF_1657-AF_2048
BCN;1650;+0200;2125;+0200;0;OS_115-OS_7467
BCN;1830;+0200;2305;+0200;0;LH_1241-LH_1138
BCN;0700;+0200;1140;+0200;0;LH_6331-LH_1126
BCN;0630;+0200;1115;+0200;0;LH_6325-LH_1810
BCN;0700;+0200;1145;+0200;0;LH_6331-LH_1126
BCN;0705;+0200;1150;+0200;0;LH_6353-LH_3302
BCN;1450;+0200;1935;+0200;0;AB_8517-AB_8564
BCN;1450;+0200;1935;+0200;0;LH_1239-LH_1134
BCN;1715;+0200;2200;+0200;0;AF_1757-AF_2348
BCN;1820;+0200;2305;+0200;0;SN_2906-SN_3707
BCN;1820;+0200;2305;+0200;0;BD_5494-BD_5307
BCN;1315;+0200;1805;+0200;0;LH_6333-LH_1132
BCN;1740;+0200;2230;+0200;0;LX_3557-LX_1950
BCN;1815;+0200;2305;+0200;0;SN_2906-SN_3707
BCN;1830;+0200;2320;+0200;0;AZ_191-AZ_78
BCN;0625;+0200;1120;+0200;0;AB_8203-AB_8792
BCN;0700;+0200;1155;+0200;0;SN_6002-SN_3701
BCN;1310;+0200;1805;+0200;0;LH_6333-LH_1132
BCN;0940;+0200;1440;+0200;0;SN_2902-SN_3703
BCN;0940;+0200;1440;+0200;0;BD_5492-BD_5303
BCN;0650;+0200;1155;+0200;0;UA_9930-UA_9971
BCN;0650;+0200;1155;+0200;0;SN_2910-SN_3701
BCN;1535;+0200;2045;+0200;0;AF_1739-AF_2148
BCN;1410;+0200;1925;+0200;0;KL_1846-KL_1677
BCN;1510;+0200;2025;+0200;0;BD_2833-BD_5305
BCN;1510;+0200;2025;+0200;0;SN_6004-SN_3705
BCN;0620;+0200;1140;+0200;0;UA_8959-UA_9360
BCN;0620;+0200;1140;+0200;0;LH_1247-LH_1126
BCN;0655;+0200;1215;+0200;0;KL_1838-KL_1671
BCN;1415;+0200;1935;+0200;0;AB_8517-AB_8564
BCN;0620;+0200;1145;+0200;0;LH_1247-LH_1126
BCN;0620;+0200;1145;+0200;0;BD_2983-BD_3450
BCN;1510;+0200;2035;+0200;0;SN_6004-SN_3705
BCN;1740;+0200;2305;+0200;0;LH_6335-LH_1138
BCN;0725;+0200;1255;+0200;0;IB_3573-IB_6764
BCN;0725;+0200;1255;+0200;0;IB_8477-IB_6764
BCN;0935;+0200;1505;+0200;0;KL_1840-KL_1673
BCN;1225;+0200;1755;+0200;0;IB_3577-IB_6776
BCN;1225;+0200;1755;+0200;0;IB_3577-IB_2762
BCN;1220;+0200;1755;+0200;0;AZ_189-AZ_76
BCN;1415;+0200;1950;+0200;0;BA_701-BA_486
BCN;1750;+0200;2325;+0200;0;BD_3629-BD_3542
BCN;1750;+0200;2325;+0200;0;LH_2331-LH_1818
BCN;0650;+0200;1230;+0200;0;UA_9930-UA_9971
BCN;1725;+0200;2305;+0200;0;SN_6006-SN_3707
BCN;1725;+0200;2305;+0200;0;BD_2835-BD_5307
BCN;1455;+0200;2045;+0200;0;AF_1657-AF_2148
BCN;0840;+0200;1435;+0200;0;LO_5222-LO_437
BCN;0915;+0200;1515;+0200;0;LH_2325-LH_6722
BCN;0910;+0200;1515;+0200;0;LH_6917-LH_1128
BCN;1050;+0200;1710;+0200;0;AB_8269-AB_8722
BCN;1100;+0200;1720;+0200;0;LH_2327-LH_1814
BCN;1315;+0200;1935;+0200;0;LH_6333-LH_1134
BCN;0755;+0200;1420;+0200;0;BA_699-BA_474
BCN;0850;+0200;1515;+0200;0;LH_1233-LH_1128
BCN;0850;+0200;1515;+0200;0;UA_9340-UA_8719
BCN;0905;+0200;1530;+0200;0;LH_3099-LH_6774
BCN;1100;+0200;1725;+0200;0;OS_7239-OS_7465
BCN;1310;+0200;1935;+0200;0;LH_6333-LH_1134
BCN;1505;+0200;2130;+0200;0;AA_6644-AA_6294
BCN;1535;+0200;2200;+0200;0;AF_1739-AF_2348
BCN;0940;+0200;1610;+0200;0;SN_2902-SN_3703
BER;1050;+0200;1200;+0200;0;AB_8269
BER;0625;+0200;0740;+0200;0;AB_8203
BER;0715;+0200;0830;+0200;0;OS_271
BER;0715;+0200;0830;+0200;0;LH_6321
BER;1455;+0200;1610;+0200;0;AB_8359
BER;1655;+0200;1810;+0200;0;AB_8273
BER;1750;+0200;1905;+0200;0;OS_275
BER;1750;+0200;1905;+0200;0;LH_6323
BER;1925;+0200;2040;+0200;0;AB_8753
BER;2015;+0200;2130;+0200;0;OS_273
BER;2015;+0200;2130;+0200;0;LH_6357
BER;2120;+0200;2235;+0200;0;AB_8763
BER;0825;+0200;0945;+0200;0;AB_8275
BER;1250;+0200;1410;+0200;0;LH_6349
BER;1250;+0200;1410;+0200;0;OS_291
BER;1920;+0200;2040;+0200;0;AB_8753
BER;1300;+0200;1540;+0200;0;LH_2329-LH_2040
BER;0640;+0200;0930;+0200;0;AB_8384-AB_6186
BER;1750;+0200;2040;+0200;0;LH_2331-LH_2052
BER;0915;+0200;1210;+0200;0;LH_2325-LH_2036
BER;1650;+0200;1955;+0200;0;LH_6327-LH_2050
BER;1945;+0200;2250;+0200;0;LH_6329-LH_2056
BER;1055;+0200;1410;+0200;0;AB_8241-AB_6442
BER;1100;+0200;1415;+0200;0;LH_2327-LH_2038
BER;1840;+0200;2155;+0200;0;AB_8137-AB_6450
BER;1300;+0200;1620;+0200;0;LH_2329-LH_2042
BER;1315;+0200;1635;+0200;0;LH_6333-LH_186
BER;1735;+0200;2055;+0200;0;LH_6375-LH_2895
BER;1830;+0200;2150;+0200;0;LH_1241-LH_198
BER;1840;+0200;2200;+0200;0;AB_8137-AB_6450
BER;1055;+0200;1420;+0200;0;AB_8241-AB_6442
BER;1310;+0200;1635;+0200;0;LH_6333-LH_186
BER;1535;+0200;1900;+0200;0;LH_6339-LH_192
BER;1830;+0200;2155;+0200;0;LH_1241-LH_198
BER;0910;+0200;1240;+0200;0;LH_6917-LH_180
BER;1450;+0200;1820;+0200;0;LH_1239-LH_190
BER;1920;+0200;2250;+0200;0;LH_1243-LH_200
BER;0925;+0200;1300;+0200;0;LH_3089-LH_2734
BER;1035;+0200;1410;+0200;0;AB_8241-AB_6442
BER;1430;+0200;1805;+0200;0;AB_8536-AB_8317
BER;1905;+0200;2240;+0200;0;AB_8252-AB_8175
BER;1415;+0200;1755;+0200;0;AB_8517-AB_6446
BER;1430;+0200;1810;+0200;0;AB_8536-AB_8317
BER;1525;+0200;1905;+0200;0;LX_3555-LX_978
BER;0620;+0200;1005;+0200;0;LH_1247-LH_176
BER;0630;+0200;1015;+0200;0;LH_6325-LH_2034
BER;1035;+0200;1420;+0200;0;AB_8241-AB_6442
BER;0850;+0200;1240;+0200;0;LH_1233-LH_180
BER;1650;+0200;2040;+0200;0;LH_6327-LH_2052
BER;0705;+0200;1100;+0200;0;LH_6353-LH_2732
BER;0710;+0200;1105;+0200;0;LH_6371-LH_2885
BER;1740;+0200;2135;+0200;0;LH_6355-LH_2744
BER;0715;+0200;1115;+0200;0;LH_6395-LH_2844
BER;0940;+0200;1340;+0200;0;SN_2902-SN_2583
BER;1300;+0200;1700;+0200;0;LH_2329-LH_2046
BER;1515;+0200;1915;+0200;0;AB_8774-AB_6562
BER;1535;+0200;1935;+0200;0;LH_6339-LH_194
BER;0710;+0200;1115;+0200;0;BD_2831-BD_5321
BER;0935;+0200;1340;+0200;0;KL_1840-KL_1825
BER;1455;+0200;1900;+0200;0;AB_8405-AB_6416
BER;1535;+0200;1940;+0200;0;LH_6339-LH_194
BER;1740;+0200;2145;+0200;0;LH_6367-LH_2854
BER;1750;+0200;2155;+0200;0;LH_2331-LH_2054
BER;1820;+0200;2225;+0200;0;BD_5494-BD_5331
BER;1820;+0200;2225;+0200;0;SN_2906-SN_2591
BER;0925;+0200;1335;+0200;0;LH_3089-LH_2736
BER;1000;+0200;1410;+0200;0;LX_1575-LX_966
BER;1450;+0200;1900;+0200;0;LH_1239-LH_192
BER;1740;+0200;2150;+0200;0;TG_7207-TG_7940
BER;1740;+0200;2150;+0200;0;LH_6335-LH_198
BER;1815;+0200;2225;+0200;0;SN_2906-SN_2591
BER;0625;+0200;1040;+0200;0;AB_8822-AB_8431
BER;0700;+0200;1115;+0200;0;SN_6002-SN_2581
BER;1315;+0200;1730;+0200;0;LH_6333-LH_188
BER;1450;+0200;1905;+0200;0;LX_1579-LX_978
BER;1740;+0200;2155;+0200;0;LH_6335-LH_198
BER;0700;+0200;1120;+0200;0;LH_6331-LH_178
BER;1310;+0200;1730;+0200;0;LH_6333-LH_188
BER;1410;+0200;1830;+0200;0;KL_1846-KL_1833
BER;1830;+0200;2250;+0200;0;LH_1241-LH_200
BER;0650;+0200;1115;+0200;0;SN_2910-SN_2581
BER;0650;+0200;1115;+0200;0;BD_5490-BD_5321
BER;0650;+0200;1115;+0200;0;9W_6010-9W_6081
BER;0655;+0200;1120;+0200;0;KL_1838-KL_1823
BER;1055;+0200;1520;+0200;0;LH_1235-LH_184
BER;1540;+0200;2005;+0200;0;AB_8388-AB_6202
BER;1555;+0200;2020;+0200;0;AB_8470-AB_8271
BER;1740;+0200;2205;+0200;0;LX_3557-LX_962
BER;1005;+0200;1435;+0200;0;AF_1139-AF_2034
BER;1535;+0200;2005;+0200;0;AB_8388-AB_6202
BER;1100;+0200;1540;+0200;0;LH_2327-LH_2040
BER;1450;+0200;1935;+0200;0;LH_1239-LH_194
FRA;0725;+0200;0840;+0200;0;AB_8770
FRA;0720;+0200;0840;+0200;0;HG_8770
FRA;0720;+0200;0840;+0200;0;AB_8770
FRA;1450;+0200;1610;+0200;0;BD_2985
FRA;1450;+0200;1610;+0200;0;LH_1239
FRA;1830;+0200;1950;+0200;0;LH_1241
FRA;1920;+0200;2040;+0200;0;BD_2987
FRA;1920;+0200;2040;+0200;0;LH_1243
FRA;0620;+0200;0745;+0200;0;LH_1247
FRA;0620;+0200;0745;+0200;0;UA_8959
FRA;0620;+0200;0745;+0200;0;BD_2983
FRA;0850;+0200;1015;+0200;0;BD_2981
FRA;1055;+0200;1220;+0200;0;UA_8961
FRA;1055;+0200;1220;+0200;0;BD_2989
FRA;1055;+0200;1220;+0200;0;LH_1235
FRA;1315;+0200;1440;+0200;0;OS_123
FRA;1315;+0200;1440;+0200;0;LH_6333
FRA;1450;+0200;1615;+0200;0;OS_7205
FRA;1515;+0200;1640;+0200;0;AB_8774
FRA;1515;+0200;1640;+0200;0;HG_8774
FRA;1535;+0200;1700;+0200;0;LH_6339
FRA;1535;+0200;1700;+0200;0;OS_131
FRA;1800;+0200;1925;+0200;0;HG_8772
FRA;1800;+0200;1925;+0200;0;AB_8772
FRA;1830;+0200;1955;+0200;0;LH_1241
FRA;1830;+0200;1955;+0200;0;OS_7209
FRA;1920;+0200;2045;+0200;0;OS_7207
FRA;0620;+0200;0750;+0200;0;OS_7201
FRA;0620;+0200;0750;+0200;0;UA_8959
FRA;0850;+0200;1020;+0200;0;UA_9340
FRA;0850;+0200;1020;+0200;0;OS_7259
FRA;0850;+0200;1020;+0200;0;LH_1233
FRA;1055;+0200;1225;+0200;0;UA_8961
FRA;1055;+0200;1225;+0200;0;OS_7203
FRA;1310;+0200;1440;+0200;0;OS_123
FRA;1310;+0200;1440;+0200;0;LH_6333
FRA;1740;+0200;1910;+0200;0;OS_125
FRA;1740;+0200;1910;+0200;0;NH_6330
FRA;1740;+0200;1910;+0200;0;LH_6335
FRA;2000;+0200;2130;+0200;0;LH_6337
FRA;2000;+0200;2130;+0200;0;OS_127
FRA;0700;+0200;0835;+0200;0;OS_121
FRA;0700;+0200;0835;+0200;0;LH_6331
FRA;0910;+0200;1045;+0200;0;LH_6917
FRA;1750;+0200;1925;+0200;0;AB_8772
FRA;2000;+0200;2135;+0200;0;LH_6925
FRA;0915;+0200;1155;+0200;0;LH_2325-LH_109
FRA;1710;+0200;1950;+0200;0;OS_955-OS_7217
FRA;1720;+0200;2000;+0200;0;OS_977-OS_7297
FRA;1715;+0200;2000;+0200;0;OS_901-OS_7277
FRA;0630;+0200;0930;+0200;0;LH_6325-LH_103
FRA;1255;+0200;1555;+0200;0;OU_5441-OU_5404
FRA;1650;+0200;1955;+0200;0;LH_6327-LH_121
FRA;1750;+0200;2055;+0200;0;LH_6323-LH_199
FRA;1255;+0200;1605;+0200;0;OS_951-OS_7215
FRA;1300;+0200;1610;+0200;0;LH_2329-LH_115
FRA;1710;+0200;2020;+0200;0;OS_923-OS_269
FRA;1455;+0200;1810;+0200;0;AB_8359-AB_6563
FRA;1455;+0200;1810;+0200;0;AB_8359-AB_6559
FRA;1710;+0200;2025;+0200;0;OS_923-OS_7267
FRA;1750;+0200;2105;+0200;0;LH_2331-LH_123
FRA;0655;+0200;1015;+0200;0;LX_1585-LX_3600
FRA;0715;+0200;1035;+0200;0;LH_6361-LH_9
FRA;0905;+0200;1225;+0200;0;LH_3099-LH_13
FRA;1050;+0200;1410;+0200;0;AB_8269-AB_6555
FRA;1750;+0200;2110;+0200;0;LH_2331-LH_123
FRA;1740;+0200;2105;+0200;0;LX_3557-LX_3610
FRA;0705;+0200;1035;+0200;0;LH_6406-LH_247
FRA;0715;+0200;1045;+0200;0;LH_6321-LH_179
FRA;0715;+0200;1045;+0200;0;LH_6395-LH_131
FRA;0915;+0200;1245;+0200;0;LH_2325-LH_111
FRA;0925;+0200;1255;+0200;0;LH_3089-LH_79
FRA;1000;+0200;1330;+0200;0;LX_1575-LX_1072
FRA;1520;+0200;1855;+0200;0;LH_3093-LH_85
FRA;1725;+0200;2105;+0200;0;BD_2721-BD_3667
FRA;1740;+0200;2120;+0200;0;LH_6367-LH_139
FRA;0625;+0200;1010;+0200;0;AB_8203-AB_6557
FRA;0655;+0200;1040;+0200;0;OU_5443-OU_416
FRA;0955;+0200;1340;+0200;0;JP_285-JP_148
FRA;1525;+0200;1910;+0200;0;LX_3555-LX_3608
FRA;1530;+0200;1915;+0200;0;LH_3101-LH_23
FRA;1750;+0200;2135;+0200;0;LH_6323-LH_201
FRA;0630;+0200;1020;+0200;0;LH_6325-LH_105
FRA;1100;+0200;1450;+0200;0;LH_2327-LH_113
FRA;0645;+0200;1040;+0200;0;OU_5443-OU_416
FRA;0720;+0200;1115;+0200;0;LX_3551-LX_3602
FRA;1515;+0200;1910;+0200;0;SK_9414-SK_1635
FRA;0720;+0200;1120;+0200;0;LH_6361-LH_11
FRA;1750;+0200;2150;+0200;0;LH_6323-LH_201
FRA;0715;+0200;1120;+0200;0;LH_6361-LH_11
FRA;0800;+0200;1205;+0200;0;LH_9501-LH_211
FRA;1515;+0200;1920;+0200;0;SK_9414-SK_1635
FRA;0700;+0200;1110;+0200;0;OS_925-OS_263
FRA;0705;+0200;1115;+0200;0;LH_6353-LH_77
FRA;1520;+0200;1930;+0200;0;LH_6426-LH_255
FRA;1535;+0200;1945;+0200;0;AF_1739-AF_2418
FRA;1725;+0200;2135;+0200;0;SN_6006-SN_7013
FRA;0715;+0200;1130;+0200;0;LH_6321-LH_181
FRA;0820;+0200;1235;+0200;0;LX_3581-LX_3912
FRA;1650;+0200;2105;+0200;0;LH_6327-LH_123
FRA;1745;+0200;2200;+0200;0;LX_3583-LX_3910
FRA;1750;+0200;2205;+0200;0;LH_2331-LH_125
FRA;0655;+0200;1115;+0200;0;LX_1585-LX_3602
FRA;0715;+0200;1135;+0200;0;SK_9402-SK_1637
FRA;1250;+0200;1710;+0200;0;LH_6349-LH_191
FRA;1450;+0200;1910;+0200;0;LX_1579-LX_3608
FRA;1510;+0200;1930;+0200;0;SN_6004-SN_7009
FRA;1650;+0200;2110;+0200;0;LH_6327-LH_123
FRA;1655;+0200;2115;+0200;0;AB_8273-AB_6563
FRA;1715;+0200;2135;+0200;0;AF_1757-AF_1018
FRA;0700;+0200;1125;+0200;0;OS_925-OS_7263
FRA;0710;+0200;1135;+0200;0;OS_953-OS_7213
FRA;0905;+0200;1330;+0200;0;LH_3099-LH_15
FRA;1530;+0200;1955;+0200;0;LH_3101-LH_25
FRA;1740;+0200;2205;+0200;0;LH_6355-LH_89
FRA;0905;+0200;1335;+0200;0;LH_3099-LH_15
FRA;1005;+0200;1435;+0200;0;AF_1139-AF_1918
FRA;1300;+0200;1730;+0200;0;LO_5230-LO_397
FRA;1740;+0200;2210;+0200;0;LH_6355-LH_89
FRA;0630;+0200;1105;+0200;0;LH_6325-LH_107
FRA;0715;+0200;1155;+0200;0;SK_9402-SK_3627
FRA;0840;+0200;1320;+0200;0;LO_5222-LO_377
FRA;1000;+0200;1440;+0200;0;LX_1575-LX_3604
FRA;1050;+0200;1530;+0200;0;LH_3091-LH_81
FRA;1520;+0200;2000;+0200;0;LH_3093-LH_87
FRA;1525;+0200;2005;+0200;0;LX_3555-LX_1076
FRA;1750;+0200;2230;+0200;0;LH_6323-LH_203
FRA;1300;+0200;1745;+0200;0;LH_2329-LH_117
FRA;1735;+0200;2220;+0200;0;LH_6363-LH_29
DUS;1050;+0200;1215;+0200;0;LH_3091
DUS;0625;+0200;0755;+0200;0;AB_8645
DUS;0830;+0200;1000;+0200;0;AB_8181
DUS;1035;+0200;1205;+0200;0;AB_8241
DUS;1055;+0200;1225;+0200;0;AB_8241
DUS;1415;+0200;1545;+0200;0;AB_8517
DUS;1450;+0200;1620;+0200;0;AB_8517
DUS;1840;+0200;2010;+0200;0;AB_8137
DUS;2110;+0200;2240;+0200;0;AB_8813
DUS;0705;+0200;0840;+0200;0;OS_151
DUS;0705;+0200;0840;+0200;0;LH_6353
DUS;0920;+0200;1055;+0200;0;UA_9483
DUS;0920;+0200;1055;+0200;0;OS_7251
DUS;0925;+0200;1100;+0200;0;LH_3089
DUS;0925;+0200;1100;+0200;0;OS_7251
DUS;1055;+0200;1230;+0200;0;OS_7243
DUS;1515;+0200;1650;+0200;0;OS_7245
DUS;1520;+0200;1655;+0200;0;OS_7245
DUS;1520;+0200;1655;+0200;0;LH_3093
DUS;1740;+0200;1915;+0200;0;LH_6355
DUS;1740;+0200;1915;+0200;0;OS_155
DUS;1915;+0200;2050;+0200;0;OS_7249
DUS;1915;+0200;2050;+0200;0;LH_3095
DUS;2005;+0200;2140;+0200;0;OS_7247
DUS;2030;+0200;2205;+0200;0;LH_3097
DUS;2030;+0200;2205;+0200;0;OS_7247
DUS;1300;+0200;1545;+0200;0;LH_2329-LH_2012
DUS;1650;+0200;1935;+0200;0;LH_6327-LH_2018
DUS;0640;+0200;0935;+0200;0;AB_8384-AB_6024
DUS;0915;+0200;1210;+0200;0;LH_2325-LH_2008
DUS;1535;+0200;1830;+0200;0;LH_6339-LH_84
DUS;0825;+0200;1125;+0200;0;AB_8275-AB_6441
DUS;1920;+0200;2220;+0200;0;LH_1243-LH_88
DUS;1925;+0200;2225;+0200;0;AB_8753-AB_6451
DUS;0625;+0200;0930;+0200;0;AB_8203-AB_6439
DUS;1055;+0200;1400;+0200;0;LH_1235-LH_78
DUS;1635;+0200;1940;+0200;0;AB_8331-AB_6753
DUS;1655;+0200;2000;+0200;0;AB_8273-AB_6449
DUS;1750;+0200;2055;+0200;0;LH_2331-LH_2022
DUS;1920;+0200;2225;+0200;0;AB_8753-AB_6451
DUS;1945;+0200;2250;+0200;0;LH_6329-LH_2026
DUS;0905;+0200;1215;+0200;0;LH_3099-LH_2709
DUS;0620;+0200;0935;+0200;0;LH_1247-LH_74
DUS;1740;+0200;2055;+0200;0;LX_3557-LX_3638
DUS;1745;+0200;2100;+0200;0;LX_3583-LX_3902
DUS;0625;+0200;0945;+0200;0;LH_6381-LH_2777
DUS;0720;+0200;1040;+0200;0;LH_6361-LH_2707
DUS;1650;+0200;2010;+0200;0;LH_6327-LH_2020
DUS;0655;+0200;1020;+0200;0;LX_1585-LX_3634
DUS;0715;+0200;1040;+0200;0;LH_6361-LH_2707
DUS;1100;+0200;1425;+0200;0;LH_2327-LH_2010
DUS;1250;+0200;1615;+0200;0;LH_6349-LH_2739
DUS;1455;+0200;1820;+0200;0;AB_8359-AB_6447
DUS;1410;+0200;1740;+0200;0;KL_1846-KL_1861
DUS;1430;+0200;1805;+0200;0;AB_8536-AB_8145
DUS;0615;+0200;0955;+0200;0;AB_8016-AB_8217
DUS;1450;+0200;1830;+0200;0;LH_1239-LH_84
DUS;1525;+0200;1905;+0200;0;LX_3555-LX_1026
DUS;1540;+0200;1920;+0200;0;AB_8388-AB_6044
DUS;1740;+0200;2120;+0200;0;LH_6367-LH_2759
DUS;0630;+0200;1015;+0200;0;LH_6325-LH_2004
DUS;1535;+0200;1920;+0200;0;AB_8388-AB_6044
DUS;0615;+0200;1005;+0200;0;AB_8016-AB_8217
DUS;0625;+0200;1015;+0200;0;AB_8822-AB_8407
DUS;1000;+0200;1350;+0200;0;LX_1575-LX_1018
DUS;1300;+0200;1650;+0200;0;LH_2329-LH_2014
DUS;1745;+0200;2135;+0200;0;LO_5226-LO_5409
DUS;1830;+0200;2220;+0200;0;LH_1241-LH_88
DUS;1735;+0200;2130;+0200;0;LH_6363-LH_2719
DUS;1745;+0200;2140;+0200;0;LH_6428-LH_3185
DUS;0715;+0200;1115;+0200;0;LH_6395-LH_2753
DUS;0715;+0200;1115;+0200;0;LH_6321-LH_2733
DUS;1005;+0200;1405;+0200;0;AF_1139-AF_1906
DUS;1200;+0200;1600;+0200;0;AB_8014-AB_8751
DUS;1720;+0200;2120;+0200;0;AF_2057-AF_5878
DUS;1750;+0200;2150;+0200;0;LH_6323-LH_2745
DUS;0905;+0200;1310;+0200;0;LH_3099-LH_2711
DUS;1200;+0200;1605;+0200;0;AB_8014-AB_8751
DUS;1535;+0200;1940;+0200;0;AF_1739-AF_2406
DUS;1650;+0200;2055;+0200;0;LH_6327-LH_2022
DUS;0700;+0200;1110;+0200;0;LH_6331-LH_76
DUS;1315;+0200;1725;+0200;0;LH_6333-LH_82
DUS;1750;+0200;2200;+0200;0;LH_2331-LH_2024
DUS;0625;+0200;1040;+0200;0;AB_8203-AB_6441
DUS;1310;+0200;1725;+0200;0;LH_6333-LH_82
DUS;1450;+0200;1905;+0200;0;LX_1579-LX_1026
DUS;1520;+0200;1940;+0200;0;LH_6426-LH_3183
DUS;1530;+0200;1950;+0200;0;LH_3101-LH_2717
DUS;0935;+0200;1400;+0200;0;KL_1840-KL_1857
DUS;1525;+0200;1950;+0200;0;LX_3555-LX_3640
DUS;1740;+0200;2205;+0200;0;LX_3557-LX_1028
DUS;1800;+0200;2225;+0200;0;AB_8012-AB_8231
DUS;1730;+0200;2200;+0200;0;SK_9404-SK_629
DUS;1250;+0200;1725;+0200;0;LO_5224-LO_5397
DUS;1540;+0200;2015;+0200;0;AB_8388-AB_6038
DUS;1740;+0200;2215;+0200;0;TG_7207-TG_7954
DUS;1535;+0200;2015;+0200;0;AB_8388-AB_6038
DUS;1740;+0200;2220;+0200;0;LH_6335-LH_88
DUS;0615;+0200;1100;+0200;0;AB_8347-AB_6773
DUS;1100;+0200;1545;+0200;0;LH_2327-LH_2012
DUS;1455;+0200;1940;+0200;0;AF_1657-AF_2406
ZRH;1430;+0200;1540;+0200;0;HG_8536
ZRH;1430;+0200;1540;+0200;0;AB_8536
ZRH;0700;+0200;0815;+0200;0;AB_8150
ZRH;0700;+0200;0815;+0200;0;HG_8150
ZRH;1905;+0200;2020;+0200;0;HG_8252
ZRH;1905;+0200;2020;+0200;0;AB_8252
ZRH;1925;+0200;2040;+0200;0;LX_1583
ZRH;1925;+0200;2040;+0200;0;OS_8807
ZRH;2130;+0200;2245;+0200;0;HG_8500
ZRH;2130;+0200;2245;+0200;0;AB_8500
ZRH;0655;+0200;0815;+0200;0;LX_1585
ZRH;0655;+0200;0815;+0200;0;UA_9785
ZRH;0655;+0200;0815;+0200;0;OS_8801
ZRH;0655;+0200;0815;+0200;0;SQ_2985
ZRH;1450;+0200;1610;+0200;0;OS_8805
ZRH;1450;+0200;1610;+0200;0;LX_1579
ZRH;1900;+0200;2020;+0200;0;OS_8807
ZRH;2020;+0200;2140;+0200;0;LX_3559
ZRH;2020;+0200;2140;+0200;0;OS_567
ZRH;0720;+0200;0845;+0200;0;LX_3551
ZRH;0720;+0200;0845;+0200;0;UA_6719
ZRH;0720;+0200;0845;+0200;0;OS_561
ZRH;0725;+0200;0850;+0200;0;UA_6719
ZRH;1000;+0200;1125;+0200;0;LX_1575
ZRH;1000;+0200;1125;+0200;0;OS_8803
ZRH;1525;+0200;1650;+0200;0;OS_563
ZRH;1525;+0200;1650;+0200;0;LX_3555
ZRH;1740;+0200;1905;+0200;0;LX_3557
ZRH;1740;+0200;1905;+0200;0;OS_565
ZRH;1750;+0200;2030;+0200;0;LH_2331-LH_2374
ZRH;1650;+0200;1935;+0200;0;NH_6303-NH_6099
ZRH;1650;+0200;1935;+0200;0;LH_6327-LH_2372
ZRH;0915;+0200;1220;+0200;0;LH_2325-LH_2368
ZRH;1705;+0200;2015;+0200;0;JP_173-JP_306
ZRH;1830;+0200;2140;+0200;0;LH_1241-LH_5778
ZRH;0620;+0200;0935;+0200;0;UA_8959-UA_9030
ZRH;0620;+0200;0935;+0200;0;LH_1247-LH_1186
ZRH;1050;+0200;1410;+0200;0;AB_8269-AB_8120
ZRH;1740;+0200;2100;+0200;0;LH_6355-LH_5798
ZRH;1925;+0200;2245;+0200;0;AB_8753-AB_8174
ZRH;1450;+0200;1815;+0200;0;AB_8517-AB_8142
ZRH;1535;+0200;1900;+0200;0;LH_6339-LH_5776
ZRH;1750;+0200;2115;+0200;0;LH_6323-LH_5840
ZRH;1920;+0200;2245;+0200;0;AB_8753-AB_8174
ZRH;0620;+0200;0950;+0200;0;LH_1247-LH_5770
ZRH;1450;+0200;1820;+0200;0;AB_8517-AB_8142
ZRH;0625;+0200;1000;+0200;0;AB_8645-AB_8118
ZRH;0715;+0200;1055;+0200;0;LH_6321-LH_5836
ZRH;1300;+0200;1640;+0200;0;LH_2329-LH_2370
ZRH;1455;+0200;1835;+0200;0;AB_8359-AB_8198
ZRH;1650;+0200;2030;+0200;0;LH_6327-LH_2374
ZRH;1655;+0200;2035;+0200;0;AB_8273-AB_8210
ZRH;0625;+0200;1010;+0200;0;AB_8203-AB_8588
ZRH;0910;+0200;1255;+0200;0;LH_6917-LH_1190
ZRH;1055;+0200;1440;+0200;0;BD_2989-BD_3558
ZRH;1055;+0200;1440;+0200;0;UA_8961-UA_9032
ZRH;1055;+0200;1440;+0200;0;LH_1235-LH_1192
ZRH;1455;+0200;1840;+0200;0;AB_8359-AB_8198
ZRH;1535;+0200;1920;+0200;0;LH_6339-LH_1198
ZRH;1735;+0200;2120;+0200;0;LH_6363-LH_5848
ZRH;1840;+0200;2225;+0200;0;AB_8137-AB_8172
ZRH;0655;+0200;1045;+0200;0;OU_5443-OU_460
ZRH;1515;+0200;1905;+0200;0;LX_3563-LX_2817
ZRH;1520;+0200;1910;+0200;0;LH_3093-LH_3140
ZRH;1745;+0200;2135;+0200;0;LH_6428-LH_5884
ZRH;0720;+0200;1115;+0200;0;LH_6361-LH_5844
ZRH;1050;+0200;1445;+0200;0;LH_3091-LH_3136
ZRH;1520;+0200;1915;+0200;0;LH_6426-LH_5908
ZRH;1750;+0200;2145;+0200;0;LH_2331-LH_5788
ZRH;0645;+0200;1045;+0200;0;OU_5443-OU_460
ZRH;0705;+0200;1105;+0200;0;LH_6406-LH_5902
ZRH;0715;+0200;1115;+0200;0;LH_6361-LH_5844
ZRH;1100;+0200;1500;+0200;0;LH_2327-LH_5784
ZRH;1415;+0200;1815;+0200;0;AB_8517-AB_8142
ZRH;1740;+0200;2140;+0200;0;LH_6335-LH_5778
ZRH;0700;+0200;1105;+0200;0;SN_6002-SN_5103
ZRH;0700;+0200;1105;+0200;0;LX_3561-LX_2807
ZRH;0850;+0200;1255;+0200;0;UA_9340-UA_9008
ZRH;0850;+0200;1255;+0200;0;BD_2981-BD_3556
ZRH;0850;+0200;1255;+0200;0;LH_1233-LH_1190
ZRH;1415;+0200;1820;+0200;0;AB_8517-AB_8142
ZRH;1745;+0200;2150;+0200;0;LO_5226-LO_5415
ZRH;0630;+0200;1040;+0200;0;LH_6325-LH_5782
ZRH;0705;+0200;1115;+0200;0;LH_6353-LH_5794
ZRH;1450;+0200;1900;+0200;0;LH_1239-LH_5776
ZRH;1515;+0200;1925;+0200;0;SK_9414-SK_609
ZRH;1530;+0200;1940;+0200;0;LH_3101-LH_3146
ZRH;0650;+0200;1105;+0200;0;SN_2910-SN_5103
ZRH;1315;+0200;1730;+0200;0;LH_6333-LH_1196
ZRH;1740;+0200;2155;+0200;0;LH_6367-LH_5832
ZRH;1740;+0200;2155;+0200;0;LX_3565-LX_2819
ZRH;1310;+0200;1730;+0200;0;LH_6333-LH_1196
ZRH;0700;+0200;1125;+0200;0;AF_1557-AF_5102
ZRH;1410;+0200;1835;+0200;0;KL_1846-KL_1963
ZRH;0700;+0200;1130;+0200;0;LH_6331-LH_5772
ZRH;0715;+0200;1145;+0200;0;LH_6395-LH_5826
ZRH;1055;+0200;1525;+0200;0;LH_1235-LH_5774
ZRH;1305;+0200;1735;+0200;0;JU_8313-JU_330
ZRH;1450;+0200;1920;+0200;0;LH_1239-LH_1198
ZRH;1450;+0200;1920;+0200;0;BD_2985-BD_3554
ZRH;1010;+0200;1445;+0200;0;OU_447-OU_4466
ZRH;1055;+0200;1530;+0200;0;AB_8241-AB_8144
ZRH;1515;+0200;1950;+0200;0;LX_3563-LX_2815
ZRH;1510;+0200;1950;+0200;0;SN_6004-SN_5111
ZRH;1050;+0200;1535;+0200;0;AB_8269-AB_8316
ZRH;1535;+0200;2020;+0200;0;AF_1739-AF_5110
AMS;0935;+0200;1130;+0200;0;KL_1840
AMS;1505;+0200;1700;+0200;0;OS_373
AMS;1720;+0200;1915;+0200;0;OS_375
AMS;2000;+0200;2155;+0200;0;OS_377
AMS;0720;+0200;0920;+0200;0;OS_371
AMS;1410;+0200;1610;+0200;0;KL_1846
AMS;1955;+0200;2155;+0200;0;KL_1848
AMS;0655;+0200;0900;+0200;0;KL_1838
AMS;1055;+0200;1415;+0200;0;LH_1235-LH_992
AMS;0910;+0200;1235;+0200;0;LH_6917-LH_990
AMS;0915;+0200;1245;+0200;0;LH_2325-LH_2304
AMS;0655;+0200;1030;+0200;0;OU_5443-OU_450
AMS;0620;+0200;1000;+0200;0;UA_8959-UA_9161
AMS;1525;+0200;1905;+0200;0;LX_3555-LX_734
AMS;0645;+0200;1030;+0200;0;OU_5443-OU_450
AMS;0850;+0200;1235;+0200;0;UA_9340-UA_9553
AMS;0850;+0200;1235;+0200;0;LH_1233-LH_990
AMS;1300;+0200;1645;+0200;0;LH_2329-LH_2306
AMS;1650;+0200;2035;+0200;0;LH_6327-LH_2310
AMS;1830;+0200;2215;+0200;0;LH_1241-LH_1002
AMS;0620;+0200;1010;+0200;0;LH_1247-LH_988
AMS;0620;+0200;1010;+0200;0;UA_8959-UA_9161
AMS;1535;+0200;1930;+0200;0;LH_6339-LH_998
AMS;0630;+0200;1030;+0200;0;LH_6325-LH_2302
AMS;1535;+0200;1940;+0200;0;AF_1739-AF_2240
AMS;1530;+0200;1940;+0200;0;LH_3101-LH_3338
AMS;1000;+0200;1415;+0200;0;LX_1575-LX_728
AMS;1450;+0200;1905;+0200;0;LX_1579-LX_734
AMS;1515;+0200;1935;+0200;0;SK_9414-SK_553
AMS;1745;+0200;2205;+0200;0;LO_5226-LO_269
AMS;0625;+0200;1050;+0200;0;JU_8315-JU_262
AMS;1715;+0200;2140;+0200;0;AF_1757-AF_8242
AMS;1740;+0200;2210;+0200;0;LX_3557-LX_736
AMS;1750;+0200;2220;+0200;0;LH_2331-LH_2312
AMS;1315;+0200;1750;+0200;0;LH_6333-LH_996
AMS;1740;+0200;2215;+0200;0;LH_6335-LH_1002
AMS;0700;+0200;1140;+0200;0;AF_1557-AF_8230
AMS;1310;+0200;1750;+0200;0;LH_6333-LH_996
AMS;1450;+0200;1930;+0200;0;LH_1239-LH_998
AMS;1455;+0200;1940;+0200;0;AF_1657-AF_2240
AMS;1535;+0200;2020;+0200;0;AF_1739-AF_8240
AMS;1340;+0200;1835;+0200;0;BT_434-BT_619
AMS;0910;+0200;1415;+0200;0;LH_6917-LH_992
AMS;1505;+0200;2010;+0200;0;AA_6644-AA_6452
AMS;1035;+0200;1545;+0200;0;RO_342-RO_9363
AMS;1325;+0200;1835;+0200;0;BT_432-BT_619
AMS;0850;+0200;1405;+0200;0;UA_9340-UA_9163
AMS;1220;+0200;1735;+0200;0;AZ_189-AZ_132
AMS;0850;+0200;1415;+0200;0;UA_9340-UA_9163
AMS;0850;+0200;1415;+0200;0;LH_1233-LH_992
AMS;1455;+0200;2020;+0200;0;AF_1657-AF_8240
AMS;0715;+0200;1245;+0200;0;SK_9402-SK_547
AMS;1300;+0200;1830;+0200;0;LH_2329-LH_2308
AMS;1650;+0200;2220;+0200;0;LH_6327-LH_2312
HAM;0835;+0200;1005;+0200;0;AB_8469
HAM;0905;+0200;1035;+0200;0;OS_7253
HAM;0905;+0200;1035;+0200;0;LH_3099
HAM;1525;+0200;1655;+0200;0;OS_7255
HAM;1530;+0200;1700;+0200;0;LH_3101
HAM;1635;+0200;1805;+0200;0;AB_8331
HAM;1955;+0200;2125;+0200;0;OS_7257
HAM;1955;+0200;2125;+0200;0;LH_3103
HAM;2120;+0200;2250;+0200;0;AB_8847
HAM;0715;+0200;0850;+0200;0;OS_175
HAM;0715;+0200;0850;+0200;0;LH_6361
HAM;0720;+0200;0855;+0200;0;LH_6361
HAM;0720;+0200;0855;+0200;0;OS_175
HAM;1735;+0200;1910;+0200;0;LH_6363
HAM;1735;+0200;1910;+0200;0;OS_171
HAM;1300;+0200;1545;+0200;0;LH_2329-LH_2072
HAM;1945;+0200;2240;+0200;0;TG_7215-TG_7846
HAM;1945;+0200;2240;+0200;0;LH_6329-LH_2084
HAM;0640;+0200;0940;+0200;0;AB_8384-AB_6298
HAM;0640;+0200;0945;+0200;0;AB_8384-AB_6298
HAM;1735;+0200;2040;+0200;0;LH_6375-LH_2815
HAM;0620;+0200;0930;+0200;0;LH_1247-LH_6
HAM;0630;+0200;0940;+0200;0;LH_6325-LH_2062
HAM;1450;+0200;1800;+0200;0;LH_1239-LH_20
HAM;1450;+0200;1800;+0200;0;AB_8517-AB_6752
HAM;1535;+0200;1845;+0200;0;LH_6339-LH_22
HAM;1750;+0200;2100;+0200;0;LH_2331-LH_2082
HAM;0700;+0200;1020;+0200;0;LH_6331-LH_8
HAM;1830;+0200;2150;+0200;0;LH_1241-LH_28
HAM;1055;+0200;1420;+0200;0;AB_8241-AB_6750
HAM;1100;+0200;1425;+0200;0;LH_2327-LH_2070
HAM;1415;+0200;1745;+0200;0;AB_8517-AB_6752
HAM;1650;+0200;2020;+0200;0;LH_6327-LH_2080
HAM;1515;+0200;1850;+0200;0;SK_9414-SK_651
HAM;1920;+0200;2255;+0200;0;LH_1243-LH_30
HAM;0705;+0200;1045;+0200;0;LH_6353-LH_2706
HAM;0915;+0200;1255;+0200;0;LH_2325-LH_2068
HAM;1525;+0200;1905;+0200;0;LX_3555-LX_1054
HAM;1740;+0200;2120;+0200;0;LH_6355-LH_2718
HAM;0655;+0200;1040;+0200;0;LX_1585-LX_3644
HAM;1035;+0200;1420;+0200;0;AB_8241-AB_6750
HAM;1055;+0200;1440;+0200;0;LH_1235-LH_14
HAM;1415;+0200;1800;+0200;0;AB_8517-AB_6752
HAM;1725;+0200;2110;+0200;0;SN_6006-SN_2629
HAM;1740;+0200;2125;+0200;0;LH_6367-LH_2831
HAM;0705;+0200;1055;+0200;0;LH_6406-LH_3189
HAM;1300;+0200;1650;+0200;0;LH_2329-LH_2074
HAM;1450;+0200;1845;+0200;0;LH_1239-LH_22
HAM;0620;+0200;1020;+0200;0;LH_1247-LH_8
HAM;0630;+0200;1030;+0200;0;LH_6325-LH_2064
HAM;0650;+0200;1050;+0200;0;SN_2910-SN_2623
HAM;0650;+0200;1050;+0200;0;9W_6010-9W_6023
HAM;0700;+0200;1100;+0200;0;SN_6002-SN_2623
HAM;0710;+0200;1110;+0200;0;LH_6371-LH_2805
HAM;0910;+0200;1310;+0200;0;LH_6917-LH_12
HAM;1000;+0200;1400;+0200;0;LX_1575-LX_1056
HAM;1315;+0200;1715;+0200;0;LH_6333-LH_18
HAM;1455;+0200;1855;+0200;0;AB_8405-AB_6710
HAM;1050;+0200;1455;+0200;0;LH_3091-LH_2710
HAM;1310;+0200;1715;+0200;0;LH_6333-LH_18
HAM;1740;+0200;2145;+0200;0;LX_3557-LX_3648
HAM;0650;+0200;1100;+0200;0;SN_2910-SN_2623
HAM;1540;+0200;1950;+0200;0;AB_8388-AB_6308
HAM;1650;+0200;2100;+0200;0;LH_6327-LH_2082
HAM;1740;+0200;2150;+0200;0;TG_7207-TG_7946
HAM;1740;+0200;2150;+0200;0;LH_6335-LH_28
HAM;1450;+0200;1905;+0200;0;LX_1579-LX_1054
HAM;1535;+0200;1950;+0200;0;AB_8388-AB_6308
HAM;1535;+0200;1950;+0200;0;LH_6339-LH_24
HAM;1730;+0200;2145;+0200;0;SK_9404-SK_647
HAM;0655;+0200;1115;+0200;0;KL_1838-KL_1779
HAM;0850;+0200;1310;+0200;0;LH_1233-LH_12
HAM;1535;+0200;1955;+0200;0;LH_6339-LH_24
HAM;0700;+0200;1125;+0200;0;AF_1557-AF_1710
HAM;0935;+0200;1400;+0200;0;KL_1840-KL_1781
HAM;1520;+0200;1945;+0200;0;LH_3093-LH_2716
HAM;1830;+0200;2255;+0200;0;LH_1241-LH_30
HAM;0715;+0200;1145;+0200;0;LH_6395-LH_2825
HAM;1300;+0200;1730;+0200;0;LH_2329-LH_2086
HAM;0700;+0200;1135;+0200;0;LH_6331-LH_10
HAM;0705;+0200;1140;+0200;0;LH_6353-LH_2708
HAM;1100;+0200;1545;+0200;0;LH_2327-LH_2072
HAM;1315;+0200;1800;+0200;0;LH_6333-LH_20
HAM;1310;+0200;1800;+0200;0;LH_6333-LH_20
HAM;1535;+0200;2025;+0200;0;AF_1739-AF_2510
HAM;1750;+0200;2240;+0200;0;LH_2331-LH_2084
HAM;0640;+0200;1135;+0200;0;AB_8384-AB_6300
HAM;0940;+0200;1440;+0200;0;SN_2902-SN_2625
HAM;1450;+0200;1950;+0200;0;LH_1239-LH_24
HAM;1535;+0200;2035;+0200;0;LH_6339-LH_26
HAM;1450;+0200;1955;+0200;0;LH_1239-LH_24
HAM;0915;+0200;1425;+0200;0;LH_2325-LH_2070
HAM;0620;+0200;1135;+0200;0;LH_1247-LH_10
HAM;1740;+0200;2255;+0200;0;LH_6335-LH_30
ROM;0925;+0200;1055;+0200;0;AB_8466
ROM;0925;+0200;1055;+0200;0;HG_8466
ROM;1555;+0200;1725;+0200;0;AB_8470
ROM;1555;+0200;1725;+0200;0;HG_8470
ROM;1220;+0200;1355;+0200;0;AZ_189
ROM;1830;+0200;2005;+0200;0;AZ_191
ROM;1700;+0200;1840;+0200;0;AB_8470
ROM;1700;+0200;1840;+0200;0;HG_8470
ROM;1730;+0200;1910;+0200;0;OS_503
ROM;0725;+0200;0910;+0200;0;OS_505
ROM;1750;+0200;2105;+0200;0;LH_2331-LH_1850
ROM;1300;+0200;1630;+0200;0;LH_2329-LH_1846
ROM;1525;+0200;1905;+0200;0;LX_3555-LX_1732
ROM;0655;+0200;1040;+0200;0;OU_5443-OU_382
ROM;0915;+0200;1305;+0200;0;LH_2325-LH_1844
ROM;0645;+0200;1040;+0200;0;OU_5443-OU_382
ROM;1000;+0200;1405;+0200;0;LX_1575-LX_1736
ROM;1255;+0200;1705;+0200;0;OU_5441-OU_380-OU_380
ROM;1450;+0200;1905;+0200;0;LX_1579-LX_1732
ROM;1650;+0200;2105;+0200;0;LH_6327-LH_1850
ROM;1650;+0200;2105;+0200;0;NH_6303-NH_6095
ROM;0830;+0200;1250;+0200;0;AB_8181-AB_8840
ROM;1315;+0200;1735;+0200;0;LH_6333-LH_236
ROM;1310;+0200;1735;+0200;0;LH_6333-LH_236
ROM;0925;+0200;1355;+0200;0;LH_3089-LH_3200
ROM;1740;+0200;2210;+0200;0;LX_3557-LX_1734
ROM;1820;+0200;2250;+0200;0;SN_2906-SN_3187
ROM;1820;+0200;2250;+0200;0;BD_5494-BD_5357
ROM;0625;+0200;1100;+0200;0;AB_8203-AB_8270
ROM;0630;+0200;1105;+0200;0;LH_6325-LH_1842
ROM;1815;+0200;2250;+0200;0;SN_2906-SN_3187
ROM;1920;+0200;2355;+0200;0;BD_2987-BD_3592
ROM;1920;+0200;2355;+0200;0;LH_1243-LH_242
ROM;0910;+0200;1405;+0200;0;LH_6917-LH_234
ROM;0655;+0200;1155;+0200;0;KL_1838-KL_1601
ROM;1510;+0200;2015;+0200;0;SN_6004-SN_3183
ROM;1510;+0200;2015;+0200;0;BD_2833-BD_5355
ROM;1535;+0200;2040;+0200;0;AF_1739-AF_9840
ROM;1715;+0200;2220;+0200;0;AF_1757-AF_9842
ROM;0700;+0200;1215;+0200;0;AF_1557-AF_9832
ROM;0830;+0200;1345;+0200;0;AB_8181-AB_8840
ROM;0850;+0200;1405;+0200;0;UA_9340-UA_8746
ROM;0850;+0200;1405;+0200;0;BD_2981-BD_3598
ROM;0850;+0200;1405;+0200;0;LH_1233-LH_234
ROM;1300;+0200;1815;+0200;0;LH_2329-LH_1848
ROM;1315;+0200;1830;+0200;0;LH_6333-LH_238
ROM;1410;+0200;1925;+0200;0;KL_1846-KL_3403
ROM;1310;+0200;1830;+0200;0;LH_6333-LH_238
ROM;1725;+0200;2250;+0200;0;BD_2835-BD_5357
ROM;1725;+0200;2250;+0200;0;SN_6006-SN_3187
ROM;1830;+0200;2355;+0200;0;LH_1241-LH_242
ROM;0700;+0200;1230;+0200;0;LH_6331-LH_232
ROM;1100;+0200;1630;+0200;0;LH_2327-LH_1846
ROM;0935;+0200;1510;+0200;0;KL_1840-KL_3401
ROM;1455;+0200;2040;+0200;0;AF_1657-AF_9840
ROM;0625;+0200;1215;+0200;0;AB_8203-AB_8270
ROM;0620;+0200;1220;+0200;0;UA_8959-UA_8744
CPH;0615;+0200;0750;+0200;0;HG_8016
CPH;0615;+0200;0750;+0200;0;AB_8016
CPH;1800;+0200;1935;+0200;0;AB_8012
CPH;1800;+0200;1935;+0200;0;HG_8012
CPH;1900;+0200;2040;+0200;0;AB_8012
CPH;0715;+0200;0900;+0200;0;OS_301
CPH;1515;+0200;1700;+0200;0;OS_303
CPH;1730;+0200;1915;+0200;0;OS_305
CPH;2015;+0200;2200;+0200;0;OS_307
CPH;1050;+0200;1345;+0200;0;AB_8269-AB_8092
CPH;0915;+0200;1215;+0200;0;LH_2325-LH_2442
CPH;1050;+0200;1350;+0200;0;AB_8269-AB_8092
CPH;1925;+0200;2235;+0200;0;AB_8753-AB_8950
CPH;1300;+0200;1615;+0200;0;LH_2329-LH_2444
CPH;1920;+0200;2235;+0200;0;AB_8753-AB_8950
CPH;0715;+0200;1035;+0200;0;LH_6321-LH_6036
CPH;0720;+0200;1040;+0200;0;LH_6361-LH_6238
CPH;0715;+0200;1040;+0200;0;LH_6361-LH_6238
CPH;1450;+0200;1815;+0200;0;LH_1239-LH_830
CPH;1450;+0200;1815;+0200;0;SK_3584-SK_3628
CPH;0655;+0200;1030;+0200;0;OU_5443-OU_480
CPH;0950;+0200;1325;+0200;0;OS_323-OS_7504
CPH;1945;+0200;2325;+0200;0;LH_6329-LH_6258
CPH;0645;+0200;1030;+0200;0;OU_5443-OU_480
CPH;1100;+0200;1445;+0200;0;LH_2327-LH_6052
CPH;1740;+0200;2130;+0200;0;LH_6335-LH_6224
CPH;1740;+0200;2130;+0200;0;TG_7207-TG_7152
CPH;0700;+0200;1055;+0200;0;LH_6331-LH_6070
CPH;0850;+0200;1245;+0200;0;UA_9340-UA_9568
CPH;0850;+0200;1245;+0200;0;BD_2981-BD_3418
CPH;1050;+0200;1445;+0200;0;LH_3091-LH_6042
CPH;1250;+0200;1645;+0200;0;LH_6349-LH_6038
CPH;1650;+0200;2045;+0200;0;LH_6327-LH_2446
CPH;1920;+0200;2315;+0200;0;BD_2987-BD_3422
CPH;1920;+0200;2315;+0200;0;LH_1243-LH_832
CPH;0935;+0200;1335;+0200;0;KL_1840-KL_1129
CPH;1000;+0200;1405;+0200;0;LX_1575-LX_1270
CPH;1750;+0200;2155;+0200;0;LH_6323-LH_6040
CPH;1750;+0200;2155;+0200;0;LH_2331-LH_6262
CPH;0630;+0200;1040;+0200;0;LH_6325-LH_6260
CPH;1450;+0200;1900;+0200;0;SK_3584-SK_676
CPH;1740;+0200;2150;+0200;0;TG_7207-TG_7152
CPH;1920;+0200;2330;+0200;0;SK_3378-SK_8518
CPH;1740;+0200;2155;+0200;0;LX_3557-LX_4704
CPH;1450;+0200;1910;+0200;0;SK_3584-SK_676
CPH;1450;+0200;1910;+0200;0;LH_1239-LH_6032
CPH;1725;+0200;2145;+0200;0;SK_9410-SK_1427
CPH;1725;+0200;2145;+0200;0;BD_2835-BD_5465
CPH;1725;+0200;2145;+0200;0;SN_6006-SN_2265
CPH;0645;+0200;1110;+0200;0;SK_9408-SK_1419
CPH;0705;+0200;1130;+0200;0;LH_6353-LH_6210
CPH;0810;+0200;1235;+0200;0;BT_432-BT_135
CPH;1410;+0200;1835;+0200;0;KL_1846-KL_1133
CPH;1450;+0200;1915;+0200;0;LX_1579-LX_1272
CPH;0715;+0200;1145;+0200;0;LH_6395-LH_6250
CPH;0620;+0200;1055;+0200;0;LH_1247-LH_6070
CPH;0620;+0200;1055;+0200;0;SK_3730-SK_640
CPH;1725;+0200;2200;+0200;0;BD_2835-BD_3730
CPH;1530;+0200;2015;+0200;0;LH_3101-LH_6240
CPH;1830;+0200;2315;+0200;0;LH_1241-LH_832
CPH;0725;+0200;1215;+0200;0;UA_6719-UA_6944
CPH;0720;+0200;1215;+0200;0;UA_6719-UA_6944
CPH;0720;+0200;1215;+0200;0;LX_3551-LX_4700
CPH;1520;+0200;2015;+0200;0;LH_3093-LH_6214
CPH;0700;+0200;1200;+0200;0;AF_1557-AF_2050
CPH;0710;+0200;1210;+0200;0;BD_2831-BD_3734
CPH;0910;+0200;1410;+0200;0;LH_6917-LH_6222
CPH;1115;+0200;1615;+0200;0;AY_766-AY_663
CPH;1315;+0200;1815;+0200;0;LH_6333-LH_830
CPH;1830;+0200;2330;+0200;0;SK_3298-SK_8518
CPH;0850;+0200;1355;+0200;0;SK_3588-SK_1638
CPH;1055;+0200;1600;+0200;0;UA_8961-UA_9330
CPH;1310;+0200;1815;+0200;0;LH_6333-LH_830
CPH;1650;+0200;2155;+0200;0;LH_6327-LH_6262
CPH;1055;+0200;1610;+0200;0;BD_2989-BD_3416
CPH;1055;+0200;1610;+0200;0;SK_3708-SK_8574
CPH;1055;+0200;1610;+0200;0;LH_1235-LH_828
CPH;1100;+0200;1615;+0200;0;LH_2327-LH_2444
CPH;0650;+0200;1210;+0200;0;BD_5490-BD_3734
CPH;0655;+0200;1215;+0200;0;LX_1585-LX_4700
CPH;0825;+0200;1345;+0200;0;AB_8275-AB_8092
CPH;0850;+0200;1410;+0200;0;SK_3588-SK_1638
CPH;0850;+0200;1410;+0200;0;LH_1233-LH_6222
CPH;0905;+0200;1425;+0200;0;LH_3099-LH_6054
CPH;0925;+0200;1445;+0200;0;LH_3089-LH_6042
CPH;0825;+0200;1350;+0200;0;AB_8275-AB_8092
CPH;1340;+0200;1905;+0200;0;BT_434-BT_139
CPH;0915;+0200;1445;+0200;0;LH_2325-LH_6052
CPH;1045;+0200;1615;+0200;0;JU_315-JU_372
CPH;1300;+0200;1835;+0200;0;LH_2329-LH_6256
CPH;1450;+0200;2025;+0200;0;AB_8517-AB_8230
CPH;1740;+0200;2315;+0200;0;LH_6335-LH_832
CPH;1740;+0200;2315;+0200;0;NH_6330-NH_6181
CPH;1750;+0200;2325;+0200;0;LH_2331-LH_6258
CPH;0700;+0200;1240;+0200;0;SN_6002-SN_2257
CPH;1325;+0200;1905;+0200;0;BT_432-BT_139
CPH;1655;+0200;2235;+0200;0;AB_8273-AB_8950
CPH;0630;+0200;1215;+0200;0;LH_6325-LH_2442
CPH;0650;+0200;1240;+0200;0;UA_9930-UA_9911
CPH;0650;+0200;1240;+0200;0;SN_2910-SN_2257
CPH;0710;+0200;1300;+0200;0;BD_2831-BD_5457
CPH;1715;+0200;2305;+0200;0;BD_2805-BD_3710
CPH;1315;+0200;1910;+0200;0;LH_6333-LH_6032
CPH;1535;+0200;2130;+0200;0;LH_6339-LH_6224
CPH;0700;+0200;1300;+0200;0;SN_6002-SN_2257
CPH;1310;+0200;1910;+0200;0;LH_6333-LH_6032
LIS;1835;+0200;2110;+0100;0;OS_8153
LIS;1835;+0200;2110;+0100;0;TP_693
LIS;1145;+0200;1535;+0100;0;AB_9138-AB_7612
LIS;1140;+0200;1535;+0100;0;AB_3252-AB_7612
LIS;1750;+0200;2145;+0100;0;LH_2331-LH_1792
LIS;1100;+0200;1505;+0100;0;LH_2327-LH_6950
LIS;0915;+0200;1325;+0100;0;LH_2325-LH_1790
LIS;0915;+0200;1325;+0100;0;OS_7231-OS_7487
LIS;1000;+0200;1410;+0100;0;LX_1575-LX_4580
LIS;0700;+0200;1115;+0100;0;LH_6331-LH_1166
LIS;0720;+0200;1135;+0100;0;LX_3551-LX_2084
LIS;1920;+0200;2340;+0100;0;LH_1243-LH_1172
LIS;1920;+0200;2340;+0100;0;BD_2987-BD_3350
LIS;0725;+0200;1150;+0100;0;IB_3573-IB_3110
LIS;0725;+0200;1150;+0100;0;IB_8477-IB_3110
LIS;0940;+0200;1410;+0100;0;SN_2902-SN_6403
LIS;1920;+0200;2350;+0100;0;OS_7207-OS_7395
LIS;1055;+0200;1530;+0100;0;LH_1235-LH_6994
LIS;1715;+0200;2150;+0100;0;AF_1757-AF_2324
LIS;0655;+0200;1135;+0100;0;LX_1585-LX_2084
LIS;0710;+0200;1155;+0100;0;BD_2831-BD_5565
LIS;1005;+0200;1450;+0100;0;AF_1139-AF_1624
LIS;0620;+0200;1110;+0100;0;UA_8959-UA_8846
LIS;1055;+0200;1545;+0100;0;UA_8961-UA_8896
LIS;1055;+0200;1545;+0100;0;OS_7203-OS_7393
LIS;0620;+0200;1115;+0100;0;LH_1247-LH_1166
LIS;0620;+0200;1115;+0100;0;BD_2983-BD_3348
LIS;0620;+0200;1115;+0100;0;UA_8959-UA_8846
LIS;0700;+0200;1155;+0100;0;SN_6002-SN_3815
LIS;1650;+0200;2145;+0100;0;LH_6327-LH_1792
LIS;0935;+0200;1435;+0100;0;KL_1840-KL_1693
LIS;1055;+0200;1555;+0100;0;OS_7203-OS_7393
LIS;1055;+0200;1555;+0100;0;LH_1235-LH_1168
LIS;1055;+0200;1555;+0100;0;UA_8961-UA_8896
LIS;1250;+0200;1750;+0100;0;LO_5224-LO_5441
LIS;0650;+0200;1155;+0100;0;SN_2910-SN_3815
LIS;0650;+0200;1155;+0100;0;BD_5490-BD_5565
LIS;1830;+0200;2340;+0100;0;LH_1241-LH_1172
LIS;1830;+0200;2350;+0100;0;OS_7209-OS_7395
LIS;1520;+0200;2100;+0100;0;TP_8713-TP_801
LIS;1520;+0200;2100;+0100;0;OS_513-OS_8145
LIS;1525;+0200;2105;+0100;0;TP_8707-TP_927
LIS;1525;+0200;2105;+0100;0;LX_3555-LX_4582
LIS;1525;+0200;2105;+0100;0;OS_563-OS_8141
LIS;1150;+0200;1735;+0100;0;BA_697-BA_502
LIS;1535;+0200;2120;+0100;0;LH_6339-LH_6956
LIS;0915;+0200;1505;+0100;0;LH_2325-LH_6950
LIS;1140;+0200;1730;+0100;0;AA_6640-AA_6359
LIS;1530;+0200;2120;+0100;0;TP_8741-TP_579
LIS;1140;+0200;1735;+0100;0;AA_6640-AA_6359
LIS;1510;+0200;2105;+0100;0;SN_6004-SN_6405
LIS;1510;+0200;2105;+0100;0;TP_8720-TP_617
LIS;1740;+0200;2340;+0100;0;LH_6335-LH_1172
LIS;1740;+0200;2350;+0100;0;OS_125-OS_7395
LIS;1450;+0200;2105;+0100;0;LX_1579-LX_4582
LIS;1450;+0200;2105;+0100;0;OS_8805-OS_8141
LIS;1535;+0200;2150;+0100;0;AF_1739-AF_2324
LIS;0910;+0200;1530;+0100;0;LH_6917-LH_6994
LIS;1450;+0200;2120;+0100;0;LH_1239-LH_6956
LIS;0850;+0200;1530;+0100;0;LH_1233-LH_6994
LIS;0910;+0200;1555;+0100;0;LH_6917-LH_1168
LIS;0720;+0200;1410;+0100;0;LX_3551-LX_4580
LIS;0720;+0200;1410;+0100;0;TG_7205-TG_7315
LIS;1510;+0200;2200;+0100;0;TP_8720-TP_617
LIS;0630;+0200;1325;+0100;0;LH_6325-LH_1790
LIS;0630;+0200;1325;+0100;0;OS_111-OS_7487
LIS;0710;+0200;1405;+0100;0;TP_8711-TP_803
LIS;0850;+0200;1545;+0100;0;UA_9340-UA_8896
LIS;0850;+0200;1545;+0100;0;OS_7259-OS_7393
LIS;1455;+0200;2150;+0100;0;AF_1657-AF_2324
LIS;0705;+0200;1405;+0100;0;TP_8711-TP_803
LIS;1020;+0200;1720;+0100;0;JK_9200-JK_9401
LIS;1020;+0200;1720;+0100;0;TP_8709-TP_1043
LIS;0850;+0200;1555;+0100;0;UA_9340-UA_8896
LIS;0850;+0200;1555;+0100;0;OS_7259-OS_7393
LIS;0850;+0200;1555;+0100;0;LH_1233-LH_1168
LIS;0700;+0200;1410;+0100;0;SN_6002-SN_6403
LIS;0700;+0200;1410;+0100;0;TP_8721-TP_607
LIS;0655;+0200;1410;+0100;0;LX_1585-LX_4580
LIS;0650;+0200;1410;+0100;0;SN_2910-SN_6403
LIS;1005;+0200;1735;+0100;0;AF_1139-AF_1924
STO;0955;+0200;1200;+0200;0;AB_8490
STO;1155;+0200;1400;+0200;0;HG_8490
STO;0645;+0200;0900;+0200;0;OS_311
STO;1725;+0200;1940;+0200;0;OS_315
STO;1255;+0200;1515;+0200;0;OS_313
STO;2005;+0200;2225;+0200;0;OS_317
STO;2005;+0200;2225;+0200;0;SK_9412
STO;1050;+0200;1420;+0200;0;AB_8269-AB_8102
STO;1925;+0200;2300;+0200;0;AB_8753-AB_8100
STO;1920;+0200;2300;+0200;0;AB_8753-AB_8100
STO;1750;+0200;2140;+0200;0;LH_2331-LH_2420
STO;1730;+0200;2125;+0200;0;SK_9404-SK_1430
STO;1530;+0200;1930;+0200;0;LH_3101-LH_2930
STO;1745;+0200;2145;+0200;0;LO_5226-LO_455
STO;1955;+0200;2355;+0200;0;SK_9406-SK_1428
STO;1515;+0200;1920;+0200;0;SK_9414-SK_1426
STO;1740;+0200;2145;+0200;0;LH_6355-LH_6284
STO;1100;+0200;1515;+0200;0;LH_2327-LH_2416
STO;1520;+0200;1940;+0200;0;LH_3093-LH_2924
STO;1300;+0200;1730;+0200;0;LH_2329-LH_2418
STO;1920;+0200;2350;+0200;0;SK_3378-SK_3610
STO;1920;+0200;2350;+0200;0;LH_1243-LH_808
STO;1920;+0200;2350;+0200;0;BD_2987-BD_3526
STO;0925;+0200;1400;+0200;0;LH_3089-LH_2922
STO;0630;+0200;1110;+0200;0;LH_6325-LH_2414
STO;1115;+0200;1555;+0200;0;AY_766-AY_637
STO;1730;+0200;2210;+0200;0;SK_9404-SK_414
STO;1740;+0200;2220;+0200;0;LX_3557-LX_4708
STO;0725;+0200;1210;+0200;0;UA_6719-UA_6964
STO;0700;+0200;1150;+0200;0;LH_6331-LH_802
STO;0720;+0200;1210;+0200;0;UA_6719-UA_6964
STO;0725;+0200;1215;+0200;0;UA_6719-UA_6964
STO;1410;+0200;1900;+0200;0;KL_1846-KL_1117
STO;1535;+0200;2025;+0200;0;LH_6339-LH_6228
STO;1650;+0200;2140;+0200;0;LH_6327-LH_2420
STO;0720;+0200;1215;+0200;0;LX_3551-LX_4706
STO;0720;+0200;1215;+0200;0;UA_6719-UA_6964
STO;0710;+0200;1210;+0200;0;BD_2831-BD_3830
STO;0910;+0200;1415;+0200;0;LH_6917-LH_6226
STO;1000;+0200;1505;+0200;0;LX_1575-LX_1250
STO;0620;+0200;1135;+0200;0;UA_8959-UA_9000
STO;0655;+0200;1210;+0200;0;UA_9785-UA_6964
STO;1510;+0200;2025;+0200;0;BD_2833-BD_3838
STO;0650;+0200;1210;+0200;0;BD_5490-BD_3830
STO;0655;+0200;1215;+0200;0;UA_9785-UA_6964
STO;0655;+0200;1215;+0200;0;KL_1838-KL_1109
STO;0655;+0200;1215;+0200;0;LX_1585-LX_4706
STO;1250;+0200;1810;+0200;0;LO_5224-LO_457
STO;1830;+0200;2350;+0200;0;LH_1241-LH_808
STO;1830;+0200;2350;+0200;0;SK_3298-SK_3610
STO;0850;+0200;1415;+0200;0;SK_3588-SK_2636
STO;0850;+0200;1415;+0200;0;LH_1233-LH_6226
STO;1315;+0200;1840;+0200;0;LH_6333-LH_804
STO;0620;+0200;1150;+0200;0;UA_8959-UA_9000
STO;0620;+0200;1150;+0200;0;SK_3730-SK_3612
STO;0620;+0200;1150;+0200;0;LH_1247-LH_802
STO;0620;+0200;1150;+0200;0;BD_2983-BD_3522
STO;1310;+0200;1840;+0200;0;LH_6333-LH_804
STO;1715;+0200;2245;+0200;0;AF_1757-AF_1462
STO;1115;+0200;1650;+0200;0;AY_766-AY_645
STO;1450;+0200;2025;+0200;0;SK_3584-SK_638
STO;1450;+0200;2025;+0200;0;LH_1239-LH_6228
STO;1115;+0200;1700;+0200;0;AY_766-AY_983
STO;0715;+0200;1305;+0200;0;SK_9402-SK_1420
STO;0825;+0200;1420;+0200;0;AB_8275-AB_8102
STO;0915;+0200;1515;+0200;0;LH_2325-LH_2416
STO;1020;+0200;1625;+0200;0;SK_9422-SK_705
STO;1655;+0200;2300;+0200;0;AB_8273-AB_8100
STO;0905;+0200;1515;+0200;0;LH_3099-LH_2928
STO;1020;+0200;1630;+0200;0;SK_9422-SK_705
STO;1515;+0200;2125;+0200;0;SK_9414-SK_1430
STO;1740;+0200;2350;+0200;0;LH_6335-LH_808
STO;1740;+0200;2350;+0200;0;NH_6330-NH_6189
STO;0710;+0200;1325;+0200;0;BD_2831-BD_5473
STO;1340;+0200;1955;+0200;0;BT_434-BT_109
STO;1535;+0200;2155;+0200;0;LH_6339-LH_6056
STO;0620;+0200;1245;+0200;0;SK_3730-SK_1632
STO;0700;+0200;1325;+0200;0;SN_6002-SN_2305
STO;1510;+0200;2135;+0200;0;SN_6004-SN_2309
STO;1510;+0200;2135;+0200;0;BD_2833-BD_5469
STO;1520;+0200;2145;+0200;0;LH_3093-LH_6284
STO;1730;+0200;2355;+0200;0;SK_9404-SK_1428
STO;1100;+0200;1730;+0200;0;LH_2327-LH_2418
STO;1325;+0200;1955;+0200;0;BT_432-BT_109
STO;0650;+0200;1325;+0200;0;BD_5490-BD_5473
STO;0650;+0200;1325;+0200;0;SN_2910-SN_2305
STO;1300;+0200;1935;+0200;0;LH_2329-LH_6188
STO;0935;+0200;1625;+0200;0;KL_1840-KL_1115
STO;0705;+0200;1400;+0200;0;LH_6353-LH_2922
STO;1115;+0200;1810;+0200;0;AY_766-AY_647
STO;1515;+0200;2210;+0200;0;SK_9414-SK_414
STO;1525;+0200;2220;+0200;0;LX_3555-LX_4708
STO;1305;+0200;2005;+0200;0;BD_2811-BD_3848
STO;0755;+0200;1500;+0200;0;BA_699-BA_778
STO;0755;+0200;1500;+0200;0;QF_3618-QF_3353
STO;1450;+0200;2155;+0200;0;SK_3584-SK_674
STO;1450;+0200;2155;+0200;0;LH_1239-LH_6056
STO;1020;+0200;1730;+0200;0;SK_9422-SK_6423
STO;1315;+0200;2025;+0200;0;LH_6333-LH_6228
STO;1535;+0200;2245;+0200;0;AF_1739-AF_1462
STO;0700;+0200;1415;+0200;0;LH_6331-LH_6226
STO;1310;+0200;2025;+0200;0;LH_6333-LH_6228
STO;1715;+0200;0030;+0200;1;BD_2805-BD_3850
STO;0740;+0200;1500;+0200;0;AA_6642-AA_6529
STO;1055;+0200;1820;+0200;0;UA_8961-UA_9070
STO;0635;+0200;1405;+0200;0;BD_2801-BD_3842
STO;1045;+0200;1815;+0200;0;JU_315-JU_372-JU_372
STO;1450;+0200;2220;+0200;0;LX_1579-LX_4708
MAD;0545;+0200;0835;+0200;0;HG_8376
MAD;0545;+0200;0835;+0200;0;AB_8376
MAD;0725;+0200;1020;+0200;0;IB_8477
MAD;0725;+0200;1025;+0200;0;IB_3573
MAD;1225;+0200;1525;+0200;0;IB_3577
MAD;1930;+0200;2230;+0200;0;IB_3575
MAD;1300;+0200;1720;+0200;0;OS_7233-OS_7451
MAD;1300;+0200;1720;+0200;0;LH_2329-LH_1804
MAD;1145;+0200;1620;+0200;0;AB_9138-AB_7740
MAD;1140;+0200;1620;+0200;0;AB_3252-AB_7740
MAD;1000;+0200;1445;+0200;0;LX_1575-LX_2026
MAD;1315;+0200;1805;+0200;0;OS_123-OS_7457
MAD;1450;+0200;1940;+0200;0;LX_1579-LX_2032
MAD;1535;+0200;2025;+0200;0;LH_6339-LH_6802
MAD;1310;+0200;1805;+0200;0;OS_123-OS_7457
MAD;0915;+0200;1415;+0200;0;LH_2325-LH_1802
MAD;0915;+0200;1415;+0200;0;OS_7231-OS_7449
MAD;1315;+0200;1815;+0200;0;LH_6333-LH_1116
MAD;0630;+0200;1135;+0200;0;OS_111-OS_7447
MAD;0630;+0200;1135;+0200;0;LH_6325-LH_1800
MAD;0905;+0200;1410;+0200;0;LH_3099-LH_3296
MAD;1310;+0200;1815;+0200;0;LH_6333-LH_1116
MAD;1510;+0200;2015;+0200;0;SN_6004-SN_3729
MAD;1510;+0200;2015;+0200;0;BD_2833-BD_5315
MAD;1650;+0200;2155;+0200;0;LH_6327-LH_1806
MAD;1650;+0200;2155;+0200;0;OS_115-OS_7453
MAD;1650;+0200;2155;+0200;0;NH_6303-NH_6097
MAD;0910;+0200;1425;+0200;0;LH_6917-LH_1114
MAD;1740;+0200;2255;+0200;0;LH_6355-LH_3294
MAD;0620;+0200;1140;+0200;0;LH_1247-LH_1112
MAD;0620;+0200;1140;+0200;0;OS_7201-OS_7455
MAD;0620;+0200;1140;+0200;0;UA_8959-UA_9358
MAD;1055;+0200;1615;+0200;0;LH_1235-LH_6800
MAD;1725;+0200;2245;+0200;0;BD_2835-BD_5317
MAD;1725;+0200;2245;+0200;0;SN_6006-SN_3731
MAD;1830;+0200;2350;+0200;0;LH_1241-LH_1120
MAD;1830;+0200;2350;+0200;0;OS_7209-OS_7459
MAD;1830;+0200;2350;+0200;0;AZ_191-AZ_64
MAD;1455;+0200;2020;+0200;0;AF_1657-AF_2000
MAD;0850;+0200;1425;+0200;0;UA_9340-UA_9229
MAD;0850;+0200;1425;+0200;0;LH_1233-LH_1114
MAD;0850;+0200;1425;+0200;0;BD_2981-BD_2918
MAD;1450;+0200;2025;+0200;0;LH_1239-LH_6802
MAD;0935;+0200;1515;+0200;0;KL_1840-KL_1703
MAD;1410;+0200;1950;+0200;0;KL_1846-KL_1709
MAD;0850;+0200;1435;+0200;0;OS_7259-OS_7461
MAD;0850;+0200;1435;+0200;0;UA_9340-UA_9229
MAD;1005;+0200;1610;+0200;0;AF_1139-AF_1700
MAD;1535;+0200;2145;+0200;0;AF_1739-AF_2100
MAD;1740;+0200;2350;+0200;0;NH_6330-NH_6141
MAD;1740;+0200;2350;+0200;0;LH_6335-LH_1120
MAD;1740;+0200;2350;+0200;0;OS_125-OS_7459
MAD;1100;+0200;1720;+0200;0;OS_7239-OS_7451
MAD;1100;+0200;1720;+0200;0;LH_2327-LH_1804
MAD;1315;+0200;1940;+0200;0;LG_8856-LG_3837
MAD;1415;+0200;2055;+0200;0;JL_7728-JL_7841
MAD;1415;+0200;2055;+0200;0;BA_701-BA_7059
MAD;0720;+0200;1410;+0200;0;LH_6361-LH_3296
MAD;0740;+0200;1430;+0200;0;AA_6642-AA_5615
MAD;0840;+0200;1530;+0200;0;LO_5222-LO_433
MAD;1150;+0200;1840;+0200;0;BA_697-BA_462
MAD;1455;+0200;2145;+0200;0;AF_1657-AF_2100
MAD;0715;+0200;1410;+0200;0;LH_6361-LH_3296
MAD;1140;+0200;1840;+0200;0;AA_6640-AA_6282
MAD;0910;+0200;1615;+0200;0;LH_6917-LH_6800
MAD;1150;+0200;1855;+0200;0;BA_697-BA_7063
MAD;1535;+0200;2240;+0200;0;AF_1739-AF_1730
MAD;0940;+0200;1650;+0200;0;BD_5492-BD_5313
MAD;0940;+0200;1650;+0200;0;SN_2902-SN_3727
MAD;1055;+0200;1805;+0200;0;OS_7203-OS_7457
MAD;1055;+0200;1805;+0200;0;UA_8961-UA_9359
MAD;1315;+0200;2025;+0200;0;LH_6333-LH_6802
MAD;1310;+0200;2025;+0200;0;LH_6333-LH_6802
MAD;1055;+0200;1815;+0200;0;BD_2989-BD_2916
MAD;1055;+0200;1815;+0200;0;LH_1235-LH_1116
MAD;0700;+0200;1425;+0200;0;LH_6331-LH_1114
MAD;0720;+0200;1445;+0200;0;LX_3551-LX_2026
MAD;0850;+0200;1615;+0200;0;LH_1233-LH_6800
MAD;1005;+0200;1730;+0200;0;AF_1139-AF_1800
MAD;1035;+0200;1805;+0200;0;RO_342-RO_413
HEL;1920;+0200;2240;+0300;0;AY_768
HEL;1115;+0200;1440;+0300;0;AY_766
HEL;1020;+0200;1350;+0300;0;OS_345
HEL;2010;+0200;2340;+0300;0;OS_347
HEL;1325;+0200;1800;+0300;0;BT_432-BT_307
HEL;1925;+0200;0015;+0300;1;AB_8753-AB_8310
HEL;1920;+0200;0015;+0300;1;AB_8753-AB_8310
HEL;1300;+0200;1810;+0300;0;LH_2329-LH_2464
HEL;1750;+0200;2300;+0300;0;LH_2331-LH_2466
HEL;1730;+0200;2245;+0300;0;SK_9404-SK_714
HEL;1730;+0200;2245;+0300;0;OS_305-OS_7557
HEL;0715;+0200;1240;+0300;0;SK_9402-SK_6546
HEL;1955;+0200;0120;+0300;1;SK_9406-SK_6544
HEL;0705;+0200;1235;+0300;0;LH_6353-LH_2970
HEL;0630;+0200;1220;+0300;0;LH_6325-LH_2462
HEL;0945;+0200;1535;+0300;0;PS_9815-PS_621
HEL;1340;+0200;1930;+0300;0;BT_434-BT_339
HEL;0620;+0200;1215;+0300;0;LH_1247-LH_846
HEL;0625;+0200;1225;+0300;0;AB_8645-AB_8924
HEL;1340;+0200;1940;+0300;0;BT_434-BT_325
HEL;0810;+0200;1415;+0300;0;BT_432-BT_305
HEL;1325;+0200;1930;+0300;0;BT_432-BT_339
HEL;1650;+0200;2300;+0300;0;LH_6327-LH_2466
HEL;1920;+0200;0130;+0300;1;BD_2987-BD_3124
HEL;1920;+0200;0130;+0300;1;SK_3378-SK_3674
HEL;1920;+0200;0130;+0300;1;LH_1243-LH_854
HEL;0655;+0200;1310;+0300;0;KL_1838-KL_1167
HEL;1325;+0200;1940;+0300;0;BT_432-BT_325
HEL;0700;+0200;1320;+0300;0;SN_6002-SN_6751
HEL;0650;+0200;1320;+0300;0;SN_2910-SN_6751
HEL;1250;+0200;1925;+0300;0;LO_5224-LO_471
HEL;1055;+0200;1740;+0300;0;UA_8961-UA_9022
HEL;0620;+0200;1315;+0300;0;UA_8959-UA_8735
HEL;1000;+0200;1655;+0300;0;LX_1575-LX_4790
HEL;1050;+0200;1745;+0300;0;AB_8269-AB_8308
HEL;1340;+0200;2040;+0300;0;BT_434-BT_327
HEL;1830;+0200;0130;+0300;1;LH_1241-LH_854
HEL;1830;+0200;0130;+0300;1;SK_3298-SK_3674
HEL;0700;+0200;1405;+0300;0;LH_6331-LH_848
HEL;1055;+0200;1800;+0300;0;LH_1235-LH_850
HEL;1055;+0200;1800;+0300;0;SK_3708-SK_3616
HEL;1055;+0200;1800;+0300;0;UA_8961-UA_9022
HEL;0645;+0200;1355;+0300;0;SK_9408-SK_6428
HEL;1100;+0200;1810;+0300;0;LH_2327-LH_2464
HEL;1325;+0200;2040;+0300;0;BT_432-BT_327
HEL;1535;+0200;2255;+0300;0;AF_1739-AF_1798
HEL;1655;+0200;0015;+0300;1;AB_8273-AB_8310
HEL;1515;+0200;2245;+0300;0;SK_9414-SK_714
HEL;1515;+0200;2245;+0300;0;OS_303-OS_7557
HEL;1535;+0200;2305;+0300;0;LH_6339-LH_852
HEL;0740;+0200;1515;+0300;0;AA_6642-AA_6048
HEL;0935;+0200;1710;+0300;0;KL_1840-KL_1169
HEL;1530;+0200;2305;+0300;0;TP_8741-TP_7908
HEL;0620;+0200;1405;+0300;0;LH_1247-LH_848
HEL;0620;+0200;1405;+0300;0;SK_3730-SK_3606
HEL;0620;+0200;1405;+0300;0;UA_8959-UA_8735
MUC;1950;+0200;2040;+0200;0;AB_8392
MUC;0640;+0200;0735;+0200;0;HG_8384
MUC;0640;+0200;0735;+0200;0;AB_8384
MUC;0915;+0200;1010;+0200;0;LH_2325
MUC;0915;+0200;1010;+0200;0;OS_7231
MUC;1100;+0200;1155;+0200;0;OS_7239
MUC;1100;+0200;1155;+0200;0;LH_2327
MUC;1300;+0200;1355;+0200;0;OS_7233
MUC;1300;+0200;1355;+0200;0;BD_3625
MUC;1300;+0200;1355;+0200;0;LH_2329
MUC;1540;+0200;1635;+0200;0;AB_8388
MUC;1750;+0200;1845;+0200;0;OS_7235
MUC;1750;+0200;1845;+0200;0;BD_3629
MUC;1750;+0200;1845;+0200;0;LH_2331
MUC;2105;+0200;2200;+0200;0;OS_7237
MUC;2105;+0200;2200;+0200;0;LH_2333
MUC;1535;+0200;1635;+0200;0;AB_8388
MUC;1535;+0200;1635;+0200;0;HG_8388
MUC;1650;+0200;1750;+0200;0;NH_6303
MUC;1650;+0200;1750;+0200;0;OS_115
MUC;1650;+0200;1750;+0200;0;LH_6327
MUC;1935;+0200;2035;+0200;0;AB_8392
MUC;1935;+0200;2035;+0200;0;HG_8392
MUC;0630;+0200;0735;+0200;0;LH_6325
MUC;0630;+0200;0735;+0200;0;OS_111
MUC;1945;+0200;2050;+0200;0;LH_6329
MUC;1945;+0200;2050;+0200;0;OS_117
MUC;0715;+0200;0955;+0200;0;LH_6395-LH_2143
MUC;0715;+0200;1005;+0200;0;LH_6395-LH_2143
MUC;1050;+0200;1340;+0200;0;AB_8269-AB_6191
MUC;0625;+0200;0920;+0200;0;AB_8203-AB_6187
MUC;1655;+0200;1950;+0200;0;AB_8273-AB_6203
MUC;1925;+0200;2220;+0200;0;AB_8753-AB_6205
MUC;0625;+0200;0925;+0200;0;AB_8203-AB_6187
MUC;1525;+0200;1825;+0200;0;LX_3555-LX_3622
MUC;1740;+0200;2040;+0200;0;LH_6367-LH_2151
MUC;1920;+0200;2220;+0200;0;AB_8753-AB_6205
MUC;1725;+0200;2030;+0200;0;BD_2721-BD_3383
MUC;1920;+0200;2225;+0200;0;LH_1243-LH_124
MUC;0655;+0200;1005;+0200;0;LX_1585-LX_3618
MUC;0715;+0200;1025;+0200;0;LH_6321-LH_2031
MUC;0800;+0200;1110;+0200;0;LH_9501-LH_2123
MUC;1000;+0200;1310;+0200;0;LX_1575-LX_1104
MUC;1050;+0200;1400;+0200;0;LH_3091-LH_2009
MUC;0710;+0200;1025;+0200;0;LH_6371-LH_1983
MUC;1250;+0200;1605;+0200;0;LH_6349-LH_2039
MUC;1455;+0200;1810;+0200;0;AB_8359-AB_6201
MUC;0905;+0200;1225;+0200;0;LH_3099-LH_2065
MUC;1450;+0200;1810;+0200;0;LH_1239-LH_116
MUC;1740;+0200;2100;+0200;0;LX_3557-LX_3624
MUC;1450;+0200;1815;+0200;0;AB_8517-AB_6037
MUC;1520;+0200;1845;+0200;0;LH_3093-LH_2015
MUC;0705;+0200;1035;+0200;0;LH_6353-LH_2003
MUC;1055;+0200;1430;+0200;0;LH_1235-LH_110
MUC;1450;+0200;1825;+0200;0;LX_1579-LX_3622
MUC;1735;+0200;2110;+0200;0;LH_6363-LH_2079
MUC;1740;+0200;2115;+0200;0;TG_7207-TG_7930
MUC;1740;+0200;2115;+0200;0;LH_6335-LH_122
MUC;1840;+0200;2215;+0200;0;AB_8137-AB_6041
MUC;0620;+0200;1000;+0200;0;LH_1247-LH_104
MUC;1535;+0200;1915;+0200;0;LH_6339-LH_118
MUC;0715;+0200;1100;+0200;0;LH_6321-LH_2033
MUC;0955;+0200;1340;+0200;0;JP_285-JP_158
MUC;1740;+0200;2125;+0200;0;LH_6355-LH_2019
MUC;1000;+0200;1350;+0200;0;OS_963-OS_7281
MUC;1045;+0200;1435;+0200;0;JU_315-JU_8342
MUC;1315;+0200;1705;+0200;0;LH_6333-LH_114
MUC;1310;+0200;1705;+0200;0;LH_6333-LH_114
MUC;1750;+0200;2145;+0200;0;LH_6323-LH_2051
MUC;1830;+0200;2225;+0200;0;LH_1241-LH_124
MUC;0625;+0200;1025;+0200;0;AB_8203-AB_6193
MUC;0625;+0200;1025;+0200;0;LH_6381-LH_2165
MUC;0700;+0200;1100;+0200;0;LH_6331-LH_106
MUC;0910;+0200;1310;+0200;0;LH_6917-LH_108
MUC;0940;+0200;1340;+0200;0;LG_8852-LG_9733
MUC;1415;+0200;1815;+0200;0;AB_8517-AB_6037
MUC;0935;+0200;1340;+0200;0;LG_8852-LG_9733
MUC;1000;+0200;1410;+0200;0;BD_2723-BD_3377
MUC;1735;+0200;2145;+0200;0;LH_6377-LH_2171
MUC;0720;+0200;1135;+0200;0;LH_6361-LH_2063
MUC;1820;+0200;2235;+0200;0;SN_2906-SN_7063
MUC;0715;+0200;1135;+0200;0;LH_6361-LH_2063
MUC;0850;+0200;1310;+0200;0;LH_1233-LH_108
MUC;0940;+0200;1400;+0200;0;SN_2902-SN_7055
MUC;1005;+0200;1425;+0200;0;AF_1139-AF_2022
MUC;1740;+0200;2200;+0200;0;LX_3557-LX_3626
MUC;1745;+0200;2205;+0200;0;LH_6428-LH_1865
MUC;1745;+0200;2205;+0200;0;LX_3583-LX_3918
MUC;1815;+0200;2235;+0200;0;SN_2906-SN_7063
MUC;1000;+0200;1425;+0200;0;LX_1575-LX_3620
MUC;1005;+0200;1430;+0200;0;AF_1139-AF_2022
MUC;1010;+0200;1435;+0200;0;OU_441-OU_5438
MUC;1450;+0200;1915;+0200;0;LH_1239-LH_118
MUC;1515;+0200;1940;+0200;0;SK_9414-SK_663
MUC;1530;+0200;1955;+0200;0;LH_3101-LH_2085
MUC;1735;+0200;2200;+0200;0;LH_6375-LH_1995
MUC;1740;+0200;2205;+0200;0;LH_6355-LH_2021
MUC;1015;+0200;1445;+0200;0;LO_224-LO_5355
MUC;1450;+0200;1920;+0200;0;AB_8517-AB_6021
MUC;0925;+0200;1400;+0200;0;LH_3089-LH_2009
MUC;1750;+0200;2225;+0200;0;LH_6323-LH_2053
MUC;0620;+0200;1100;+0200;0;LH_1247-LH_106
MUC;0940;+0200;1420;+0200;0;LO_228-LO_5381
MUC;1250;+0200;1730;+0200;0;LH_6349-LH_2041
MUC;1525;+0200;2005;+0200;0;LX_3555-LX_1110
MUC;1535;+0200;2015;+0200;0;LH_6339-LH_120
MUC;1735;+0200;2215;+0200;0;LH_6363-LH_2081
MUC;0905;+0200;1350;+0200;0;LH_3099-LH_2067
MUC;1250;+0200;1735;+0200;0;LO_5224-LO_353
MUC;1740;+0200;2225;+0200;0;LH_6335-LH_124
MIL;0625;+0200;0745;+0200;0;HG_8822
MIL;0625;+0200;0745;+0200;0;AB_8822
MIL;1320;+0200;1440;+0200;0;AB_8828
MIL;1500;+0200;1620;+0200;0;HG_8828
MIL;1500;+0200;1620;+0200;0;AB_8828
MIL;1910;+0200;2030;+0200;0;HG_8824
MIL;1910;+0200;2030;+0200;0;AB_8824
MIL;0705;+0200;0830;+0200;0;OS_511
MIL;0705;+0200;0830;+0200;0;LH_6406
MIL;2025;+0200;2150;+0200;0;LH_6430
MIL;2025;+0200;2150;+0200;0;OS_517
MIL;2055;+0200;2220;+0200;0;OS_539
MIL;1520;+0200;1650;+0200;0;LH_6426
MIL;1520;+0200;1650;+0200;0;OS_513
MIL;1745;+0200;1915;+0200;0;LH_6428
MIL;1745;+0200;1915;+0200;0;OS_515
MIL;1945;+0200;2235;+0200;0;LH_6329-LH_1866
MIL;1450;+0200;1745;+0200;0;LX_1579-LX_1622
MIL;0915;+0200;1220;+0200;0;LH_2325-LH_1856
MIL;0720;+0200;1035;+0200;0;LX_3551-LX_1616
MIL;1000;+0200;1315;+0200;0;LX_1575-LX_1628
MIL;1300;+0200;1615;+0200;0;LH_2329-LH_1860
MIL;1525;+0200;1840;+0200;0;LX_3555-LX_1636
MIL;1100;+0200;1420;+0200;0;LH_2327-LH_1858
MIL;0850;+0200;1215;+0200;0;LH_1233-LH_272
MIL;0850;+0200;1215;+0200;0;BD_2981-BD_2922
MIL;1650;+0200;2015;+0200;0;NH_6303-NH_6055
MIL;1650;+0200;2015;+0200;0;LH_6327-LH_1864
MIL;0620;+0200;0955;+0200;0;LH_1247-LH_270
MIL;0620;+0200;0955;+0200;0;UA_8959-UA_9064
MIL;0700;+0200;1035;+0200;0;LH_6331-LH_248
MIL;1315;+0200;1650;+0200;0;LH_6333-LH_274
MIL;0655;+0200;1035;+0200;0;LX_1585-LX_1616
MIL;1310;+0200;1650;+0200;0;LH_6333-LH_274
MIL;1830;+0200;2210;+0200;0;AZ_191-AZ_2118
MIL;1920;+0200;2300;+0200;0;LH_1243-LH_258
MIL;0630;+0200;1015;+0200;0;LH_6325-LH_1854
MIL;1740;+0200;2125;+0200;0;LX_3557-LX_1638
MIL;1830;+0200;2215;+0200;0;LH_1241-LH_278
MIL;1220;+0200;1610;+0200;0;AZ_189-AZ_2044
MIL;1450;+0200;1840;+0200;0;LX_1579-LX_1636
MIL;1450;+0200;1840;+0200;0;LH_1239-LH_276
MIL;1530;+0200;1920;+0200;0;LH_3101-LH_3192
MIL;1720;+0200;2115;+0200;0;AF_2057-AF_3298
MIL;1830;+0200;2225;+0200;0;AZ_191-AZ_2312
MIL;0650;+0200;1050;+0200;0;SN_2910-SN_3155
MIL;0650;+0200;1050;+0200;0;BD_5490-BD_5405
MIL;1450;+0200;1850;+0200;0;LH_1239-LH_276
MIL;1745;+0200;2155;+0200;0;LO_5226-LO_321
MIL;1820;+0200;2230;+0200;0;BD_5494-BD_5401
MIL;1830;+0200;2240;+0200;0;AZ_191-AZ_2130
MIL;0620;+0200;1035;+0200;0;UA_8959-UA_9140
MIL;0620;+0200;1035;+0200;0;LH_1247-LH_248
MIL;1520;+0200;1935;+0200;0;LH_3093-LH_3184
MIL;1740;+0200;2155;+0200;0;LH_6355-LH_3186
MIL;1820;+0200;2235;+0200;0;SN_2906-SN_3161
MIL;0700;+0200;1120;+0200;0;SN_6002-SN_3147
MIL;1315;+0200;1735;+0200;0;LH_6333-LH_254
MIL;1815;+0200;2235;+0200;0;SN_2906-SN_3161
MIL;1830;+0200;2250;+0200;0;AZ_191-AZ_1030
MIL;1310;+0200;1735;+0200;0;LH_6333-LH_254
MIL;1535;+0200;2000;+0200;0;AF_1739-AF_2214
MIL;0650;+0200;1120;+0200;0;SN_2910-SN_3147
MIL;0655;+0200;1125;+0200;0;KL_1838-KL_3623
MIL;1410;+0200;1840;+0200;0;KL_1846-KL_1621
MIL;1830;+0200;2300;+0200;0;LH_1241-LH_258
MIL;0935;+0200;1410;+0200;0;KL_1840-KL_3419
MIL;1740;+0200;2215;+0200;0;LH_6335-LH_278
MIL;0910;+0200;1350;+0200;0;LH_6917-LH_252
MIL;1005;+0200;1450;+0200;0;AF_1139-AF_1712
MIL;1750;+0200;2235;+0200;0;LH_2331-LH_1866
MIL;0710;+0200;1200;+0200;0;BD_2831-BD_5265
MIL;1220;+0200;1710;+0200;0;AZ_189-AZ_2080
MIL;1455;+0200;1945;+0200;0;AF_1657-AF_2112
MIL;0655;+0200;1150;+0200;0;KL_1838-KL_1623
MIL;0850;+0200;1345;+0200;0;UA_9340-UA_9216
MIL;1715;+0200;2210;+0200;0;AF_1757-AF_9812
MIL;0700;+0200;1200;+0200;0;SN_6002-SN_3147
MIL;0850;+0200;1350;+0200;0;UA_9340-UA_9216
MIL;0850;+0200;1350;+0200;0;LH_1233-LH_252
BRU;0710;+0200;0855;+0200;0;BD_2831
BRU;0710;+0200;0855;+0200;0;OS_351
BRU;0940;+0200;1125;+0200;0;SN_2902
BRU;1510;+0200;1655;+0200;0;BD_2833
BRU;1510;+0200;1655;+0200;0;SN_6004
BRU;1510;+0200;1655;+0200;0;OS_353
BRU;1725;+0200;1910;+0200;0;OS_355
BRU;1725;+0200;1910;+0200;0;BD_2835
BRU;1725;+0200;1910;+0200;0;SN_6006
BRU;0650;+0200;0840;+0200;0;SN_2910
BRU;0650;+0200;0840;+0200;0;OS_8177
BRU;0650;+0200;0840;+0200;0;UA_9930
BRU;0700;+0200;0850;+0200;0;SN_6002
BRU;0940;+0200;1130;+0200;0;SN_2902
BRU;0940;+0200;1130;+0200;0;OS_8171
BRU;1820;+0200;2010;+0200;0;OS_8173
BRU;1820;+0200;2010;+0200;0;SN_2906
BRU;2120;+0200;2310;+0200;0;OS_8175
BRU;2120;+0200;2310;+0200;0;SN_2908
BRU;1815;+0200;2010;+0200;0;SN_2906
BRU;0915;+0200;1205;+0200;0;LH_2325-LH_2286
BRU;1055;+0200;1400;+0200;0;LH_1235-LH_1012
BRU;1450;+0200;1805;+0200;0;LX_1579-LX_782
BRU;0700;+0200;1020;+0200;0;LH_6331-LH_1008
BRU;0905;+0200;1230;+0200;0;LH_3099-LH_5582
BRU;1100;+0200;1425;+0200;0;LH_2327-LH_2288
BRU;1315;+0200;1645;+0200;0;LH_6333-LH_1014
BRU;0655;+0200;1030;+0200;0;LX_1585-LX_778
BRU;0655;+0200;1030;+0200;0;SQ_2985-SQ_2908
BRU;0910;+0200;1245;+0200;0;LH_6917-LH_1010
BRU;1300;+0200;1635;+0200;0;LH_2329-LH_2290
BRU;1310;+0200;1645;+0200;0;LH_6333-LH_1014
BRU;1410;+0200;1745;+0200;0;KL_1846-KL_1731
BRU;0905;+0200;1245;+0200;0;LH_3099-LH_5582
BRU;1450;+0200;1835;+0200;0;LH_1239-LH_1018
BRU;1525;+0200;1910;+0200;0;LX_3555-LX_788
BRU;1530;+0200;1915;+0200;0;LH_3101-LH_5580
BRU;1650;+0200;2035;+0200;0;LH_6327-LH_2294
BRU;1650;+0200;2035;+0200;0;NH_6303-NH_6085
BRU;1830;+0200;2215;+0200;0;LH_1241-LH_1024
BRU;0655;+0200;1045;+0200;0;KL_1838-KL_1723
BRU;1000;+0200;1350;+0200;0;LX_1575-LX_780
BRU;0630;+0200;1025;+0200;0;LH_6325-LH_2284
BRU;0850;+0200;1245;+0200;0;LH_1233-LH_1010
BRU;0850;+0200;1245;+0200;0;UA_9340-UA_9225
BRU;1740;+0200;2135;+0200;0;LX_3557-LX_770
BRU;0620;+0200;1020;+0200;0;LH_1247-LH_1008
BRU;0620;+0200;1020;+0200;0;UA_8959-UA_8819
BRU;1530;+0200;1930;+0200;0;LH_3101-LH_5580
BRU;1745;+0200;2150;+0200;0;LO_5226-LO_231
BRU;1005;+0200;1423;+0200;0;AF_1139-AF_7183
BRU;1450;+0200;1910;+0200;0;LX_1579-LX_788
BRU;0935;+0200;1400;+0200;0;KL_1840-KL_1725
BRU;1315;+0200;1740;+0200;0;LH_6333-LH_1016
BRU;1310;+0200;1740;+0200;0;LH_6333-LH_1016
BRU;1515;+0200;1945;+0200;0;SK_9414-SK_597
BRU;1535;+0200;2005;+0200;0;LH_6339-LH_1020
BRU;1740;+0200;2215;+0200;0;LH_6335-LH_1024
BRU;1255;+0200;1735;+0200;0;OU_5441-OU_4456
BRU;1750;+0200;2235;+0200;0;LH_2331-LH_2296
BRU;0910;+0200;1400;+0200;0;LH_6917-LH_1012
BRU;0700;+0200;1155;+0200;0;AF_1557-AF_7179
BRU;1830;+0200;2330;+0200;0;AZ_191-AZ_164
BRU;1220;+0200;1725;+0200;0;AZ_189-AZ_160
BRU;1535;+0200;2043;+0200;0;AF_1739-AF_7187
BRU;0720;+0200;1230;+0200;0;LH_6361-LH_5582
BRU;0850;+0200;1400;+0200;0;LH_1233-LH_1012
BRU;0850;+0200;1400;+0200;0;UA_9340-UA_9354
BRU;0915;+0200;1425;+0200;0;LH_2325-LH_2288
BRU;0715;+0200;1230;+0200;0;LH_6361-LH_5582
BRU;1450;+0200;2005;+0200;0;LH_1239-LH_1020
BRU;1315;+0200;1835;+0200;0;LH_6333-LH_1018
BRU;0720;+0200;1245;+0200;0;LH_6361-LH_5582
BRU;1300;+0200;1825;+0200;0;LH_2329-LH_2292
BRU;1310;+0200;1835;+0200;0;LH_6333-LH_1018
BRU;1520;+0200;2045;+0200;0;LH_6426-LH_5699
BRU;0715;+0200;1245;+0200;0;LH_6361-LH_5582
BRU;1750;+0200;2320;+0200;0;LH_6323-LH_5570
OSL;1030;+0200;1255;+0200;0;OS_335
OSL;2030;+0200;2300;+0200;0;SK_9416
OSL;2030;+0200;2300;+0200;0;OS_331
OSL;2030;+0200;2300;+0200;0;MS_9210
OSL;1050;+0200;1420;+0200;0;AB_8269-AB_8242
OSL;1925;+0200;2300;+0200;0;AB_8753-AB_8244
OSL;1920;+0200;2300;+0200;0;AB_8753-AB_8244
OSL;1730;+0200;2115;+0200;0;SK_9404-SK_1478
OSL;1750;+0200;2140;+0200;0;LH_2331-LH_2456
OSL;1530;+0200;1930;+0200;0;LH_3101-LH_2960
OSL;1955;+0200;2355;+0200;0;SK_9406-SK_1474
OSL;1515;+0200;1920;+0200;0;SK_9414-SK_1470
OSL;0715;+0200;1130;+0200;0;SK_9402-SK_1454
OSL;0850;+0200;1305;+0200;0;SK_3588-SK_3692
OSL;0850;+0200;1305;+0200;0;LH_1233-LH_860
OSL;0850;+0200;1305;+0200;0;SQ_2041-SQ_2130
OSL;0850;+0200;1305;+0200;0;BD_2981-BD_2930
OSL;1100;+0200;1520;+0200;0;LH_2327-LH_6170
OSL;1450;+0200;1910;+0200;0;LX_1579-LX_1216
OSL;1300;+0200;1725;+0200;0;LH_2329-LH_2454
OSL;1450;+0200;1915;+0200;0;SK_3584-SK_4756
OSL;1450;+0200;1915;+0200;0;LH_1239-LH_6280
OSL;1920;+0200;2345;+0200;0;BD_2987-BD_2928
OSL;1920;+0200;2345;+0200;0;SK_3378-SK_3644
OSL;1920;+0200;2345;+0200;0;LH_1243-LH_864
OSL;1740;+0200;2210;+0200;0;LH_6335-LH_6106
OSL;0850;+0200;1325;+0200;0;SK_3588-SK_4752
OSL;1730;+0200;2205;+0200;0;SK_9404-SK_3036
OSL;0630;+0200;1110;+0200;0;LH_6325-LH_2450
OSL;1410;+0200;1850;+0200;0;KL_1846-KL_1149
OSL;1740;+0200;2220;+0200;0;LX_3557-LX_4710
OSL;0700;+0200;1145;+0200;0;SN_6002-SN_2281
OSL;1650;+0200;2140;+0200;0;LH_6327-LH_2456
OSL;1725;+0200;2215;+0200;0;SK_9410-SK_897
OSL;1725;+0200;2215;+0200;0;SN_6006-SN_2287
OSL;0650;+0200;1145;+0200;0;SN_2910-SN_2281
OSL;1725;+0200;2220;+0200;0;SN_6006-SN_2287
OSL;1315;+0200;1820;+0200;0;LH_6333-LH_862
OSL;1115;+0200;1625;+0200;0;AY_766-AY_659
OSL;1310;+0200;1820;+0200;0;LH_6333-LH_862
OSL;1830;+0200;2345;+0200;0;LH_1241-LH_864
OSL;1830;+0200;2345;+0200;0;SK_3298-SK_3644
OSL;0910;+0200;1435;+0200;0;LH_6917-LH_6230
OSL;1055;+0200;1625;+0200;0;SK_3708-SK_4756
OSL;1520;+0200;2055;+0200;0;LH_3093-LH_6208
OSL;1535;+0200;2110;+0200;0;AF_1739-AF_1274
OSL;0850;+0200;1435;+0200;0;SK_3588-SK_4752
OSL;0850;+0200;1435;+0200;0;LH_1233-LH_6230
OSL;0710;+0200;1300;+0200;0;BD_2831-BD_3794
OSL;0715;+0200;1305;+0200;0;SK_9402-SK_1456
OSL;0825;+0200;1420;+0200;0;AB_8275-AB_8242
OSL;1315;+0200;1915;+0200;0;LH_6333-LH_6280
OSL;1515;+0200;2115;+0200;0;SK_9414-SK_1478
OSL;0700;+0200;1305;+0200;0;LH_6331-LH_860
OSL;0915;+0200;1520;+0200;0;LH_2325-LH_6170
OSL;1310;+0200;1915;+0200;0;LH_6333-LH_6280
OSL;1655;+0200;2300;+0200;0;AB_8273-AB_8244
OSL;1740;+0200;2345;+0200;0;LH_6335-LH_864
OSL;1740;+0200;2345;+0200;0;NH_6330-NH_6185
OSL;0650;+0200;1300;+0200;0;BD_5490-BD_3794
OSL;1455;+0200;2110;+0200;0;AF_1657-AF_1274
OSL;0905;+0200;1530;+0200;0;LH_3099-LH_2958
OSL;1100;+0200;1725;+0200;0;LH_2327-LH_2454
OSL;1730;+0200;2355;+0200;0;SK_9404-SK_1474
OSL;0655;+0200;1325;+0200;0;KL_1838-KL_1145
OSL;0655;+0200;1330;+0200;0;KL_1838-KL_1217
OSL;0935;+0200;1610;+0200;0;KL_1840-KL_1147
OSL;1340;+0200;2015;+0200;0;BT_434-BT_153
OSL;1535;+0200;2210;+0200;0;LH_6339-LH_6106
OSL;0620;+0200;1300;+0200;0;UA_8959-UA_9146
OSL;0620;+0200;1305;+0200;0;UA_8959-UA_9146
OSL;0620;+0200;1305;+0200;0;LH_1247-LH_860
OSL;0620;+0200;1305;+0200;0;BD_2983-BD_2930
OSL;0620;+0200;1305;+0200;0;SK_3730-SK_3692
OSL;0645;+0200;1330;+0200;0;SK_9408-SK_861
OSL;1325;+0200;2015;+0200;0;BT_432-BT_153
OSL;1515;+0200;2205;+0200;0;SK_9414-SK_3036
OSL;0635;+0200;1330;+0200;0;BD_2801-BD_3784
OSL;1525;+0200;2220;+0200;0;LX_3555-LX_4710
OSL;0620;+0200;1325;+0200;0;SK_3730-SK_4752
OSL;1450;+0200;2155;+0200;0;SK_3584-SK_4758
OSL;1510;+0200;2215;+0200;0;SN_6004-SN_2287
OSL;1055;+0200;1805;+0200;0;UA_8961-UA_9536
OSL;1115;+0200;1825;+0200;0;AY_766-AY_657
OSL;1510;+0200;2220;+0200;0;SN_6004-SN_2287
OSL;0940;+0200;1655;+0200;0;SN_2902-SN_2283
NCE;1200;+0200;1335;+0200;0;HG_8014
NCE;1200;+0200;1335;+0200;0;AB_8014
NCE;0720;+0200;0905;+0200;0;OS_419
NCE;2045;+0200;2230;+0200;0;OS_423
NCE;1725;+0200;1915;+0200;0;OS_421
NCE;0915;+0200;1210;+0200;0;LH_2325-LH_2272
NCE;0655;+0200;1010;+0200;0;UA_9785-UA_9782
NCE;0655;+0200;1010;+0200;0;LX_1585-LX_562
NCE;1925;+0200;2240;+0200;0;LX_1583-LX_564
NCE;1450;+0200;1810;+0200;0;LX_1579-LX_560
NCE;1300;+0200;1640;+0200;0;LH_2329-LH_2274
NCE;1720;+0200;2105;+0200;0;AF_2057-AF_7834
NCE;1650;+0200;2040;+0200;0;LH_6327-LH_2276
NCE;1650;+0200;2040;+0200;0;NH_6303-NH_6051
NCE;2000;+0200;2350;+0200;0;LH_6925-LH_1068
NCE;2000;+0200;2350;+0200;0;LH_6337-LH_1068
NCE;0620;+0200;1020;+0200;0;LH_1247-LH_1058
NCE;0620;+0200;1020;+0200;0;UA_8959-UA_9200
NCE;1000;+0200;1405;+0200;0;LX_1575-LX_568
NCE;0700;+0200;1120;+0200;0;SN_6002-SN_3617
NCE;1005;+0200;1430;+0200;0;AF_1139-AF_7714
NCE;1715;+0200;2140;+0200;0;AF_1757-AF_7712
NCE;0650;+0200;1120;+0200;0;SN_2910-SN_3617
NCE;0925;+0200;1355;+0200;0;LH_3089-LH_3272
NCE;1920;+0200;2350;+0200;0;LH_1243-LH_1068
NCE;1920;+0200;2350;+0200;0;BD_2987-BD_3238
NCE;0710;+0200;1145;+0200;0;BD_2831-BD_5441
NCE;1535;+0200;2010;+0200;0;AF_1739-AF_7708
NCE;1750;+0200;2230;+0200;0;LH_2331-LH_2278
NCE;0700;+0200;1145;+0200;0;SN_6002-SN_3617
NCE;1315;+0200;1800;+0200;0;LH_6333-LH_1064
NCE;0720;+0200;1210;+0200;0;LH_6361-LH_3274
NCE;1310;+0200;1800;+0200;0;LH_6333-LH_1064
NCE;1455;+0200;1945;+0200;0;AF_1657-AF_7708
NCE;0650;+0200;1145;+0200;0;BD_5490-BD_5441
NCE;0650;+0200;1145;+0200;0;SN_2910-SN_3617
NCE;0715;+0200;1210;+0200;0;LH_6361-LH_3274
NCE;1740;+0200;2240;+0200;0;LX_3557-LX_564
NCE;0830;+0200;1340;+0200;0;AB_8181-AB_8750
NCE;0940;+0200;1450;+0200;0;LG_8852-LG_8255
NCE;0935;+0200;1450;+0200;0;LG_8852-LG_8255
NCE;1455;+0200;2010;+0200;0;AF_1657-AF_7708
NCE;0830;+0200;1350;+0200;0;AB_8181-AB_8750
NCE;0910;+0200;1430;+0200;0;LH_6917-LH_1060
NCE;1830;+0200;2350;+0200;0;LH_1241-LH_1068
NCE;0850;+0200;1415;+0200;0;UA_9340-UA_9202
NCE;1715;+0200;2245;+0200;0;AF_1757-AF_7712
NCE;0715;+0200;1250;+0200;0;SK_9402-SK_793
NCE;1720;+0200;2255;+0200;0;AF_2057-AF_7829
NCE;0630;+0200;1210;+0200;0;LH_6325-LH_2272
NCE;0850;+0200;1430;+0200;0;LH_1233-LH_1060
NCE;0850;+0200;1430;+0200;0;UA_9340-UA_9202
NCE;0940;+0200;1520;+0200;0;BD_5492-BD_5445
NCE;0940;+0200;1520;+0200;0;SN_2902-SN_3621
NCE;1100;+0200;1640;+0200;0;LH_2327-LH_2274
NCE;1650;+0200;2230;+0200;0;LH_6327-LH_2278
NCE;0840;+0200;1425;+0200;0;LO_5222-LO_341
NCE;0940;+0200;1535;+0200;0;SN_2902-SN_3621
NCE;1415;+0200;2010;+0200;0;BA_701-BA_356
NCE;1510;+0200;2115;+0200;0;BD_2833-BD_5447
NCE;1510;+0200;2115;+0200;0;SN_6004-SN_3623
NCE;1535;+0200;2140;+0200;0;AF_1739-AF_7712
NCE;0710;+0200;1320;+0200;0;BD_2831-BD_5443
NCE;1220;+0200;1830;+0200;0;AZ_189-AZ_354
NCE;1740;+0200;2350;+0200;0;NH_6330-NH_6135
NCE;1740;+0200;2350;+0200;0;LH_6335-LH_1068
NCE;0700;+0200;1315;+0200;0;SN_6002-SN_3619
DUB;1920;+0200;2240;+0100;0;LH_1243-LH_982
DUB;1410;+0200;1735;+0100;0;KL_1846-KL_3159
DUB;0655;+0200;1035;+0100;0;LX_1585-LX_400
DUB;1005;+0200;1400;+0100;0;AF_1139-AF_5006
DUB;0700;+0200;1105;+0100;0;LH_6331-LH_978
DUB;0935;+0200;1340;+0100;0;KL_1840-KL_3155
DUB;1315;+0200;1725;+0100;0;LH_6333-LH_980
DUB;1535;+0200;1945;+0100;0;AF_1739-AF_5010
DUB;1830;+0200;2240;+0100;0;LH_1241-LH_982
DUB;0700;+0200;1115;+0100;0;AF_1557-AF_5004
DUB;1310;+0200;1725;+0100;0;LH_6333-LH_980
DUB;0755;+0200;1225;+0100;0;BA_699-BA_5957
DUB;0620;+0200;1105;+0100;0;LH_1247-LH_978
DUB;1455;+0200;1945;+0100;0;AF_1657-AF_5010
DUB;1715;+0200;2215;+0100;0;AF_1757-AF_5008
DUB;1740;+0200;2240;+0100;0;LH_6335-LH_982
DUB;1415;+0200;1925;+0100;0;BA_701-BA_5975
DUB;1305;+0200;1820;+0100;0;LH_6404-LH_6483
DUB;1305;+0200;1820;+0100;0;BD_2811-BD_125
DUB;1150;+0200;1710;+0100;0;BA_697-BA_5967
DUB;1415;+0200;1955;+0100;0;BA_701-BA_5847
DUB;1305;+0200;1850;+0100;0;BD_2811-BD_129
DUB;1305;+0200;1850;+0100;0;OS_461-OS_8977
DUB;1305;+0200;1850;+0100;0;LH_6404-LH_6503
DUB;0635;+0200;1225;+0100;0;BD_2801-BD_123
DUB;0755;+0200;1355;+0100;0;BA_699-BA_5959
DUB;0935;+0200;1540;+0100;0;KL_1840-KL_3157
DUB;1415;+0200;2025;+0100;0;BA_701-BA_5977
DUB;1150;+0200;1810;+0100;0;BA_697-BA_5969
DUB;0725;+0200;1350;+0100;0;IB_3573-IB_8070
DUB;0725;+0200;1350;+0100;0;IB_8477-IB_8070
DUB;1055;+0200;1725;+0100;0;LH_1235-LH_980
DUB;1750;+0200;2240;+0100;0;LH_6323-LH_199-LH_982
DUB;1450;+0200;2040;+0100;0;BD_2985-BD_3234-BD_131
DUB;1650;+0200;2240;+0100;0;LH_6327-LH_121-LH_982
DUB;1100;+0200;1725;+0100;0;LH_2327-LH_113-LH_980
GVA;0700;+0200;0840;+0200;0;LX_3561
GVA;0700;+0200;0840;+0200;0;OS_571
GVA;1515;+0200;1655;+0200;0;OS_581
GVA;1515;+0200;1655;+0200;0;LX_3563
GVA;1740;+0200;1920;+0200;0;LX_3565
GVA;1740;+0200;1920;+0200;0;OS_575
GVA;2040;+0200;2220;+0200;0;LX_3567
GVA;2040;+0200;2220;+0200;0;OS_577
GVA;1450;+0200;1740;+0200;0;LX_1579-LX_2808
GVA;1525;+0200;1825;+0200;0;LX_3555-LX_2810
GVA;2020;+0200;2320;+0200;0;LX_3559-LX_2818
GVA;0720;+0200;1025;+0200;0;LX_3551-LX_2804
GVA;0915;+0200;1220;+0200;0;LH_2325-LH_2382
GVA;1000;+0200;1305;+0200;0;LX_1575-LX_2824
GVA;1450;+0200;1755;+0200;0;BD_2985-BD_3118
GVA;1450;+0200;1755;+0200;0;LH_1239-LH_1222
GVA;1920;+0200;2230;+0200;0;BD_2987-BD_3114
GVA;1920;+0200;2230;+0200;0;LH_1243-LH_1228
GVA;1055;+0200;1420;+0200;0;UA_8961-UA_9020
GVA;1055;+0200;1420;+0200;0;LH_1235-LH_1218
GVA;1055;+0200;1420;+0200;0;BD_2989-BD_3106
GVA;1300;+0200;1625;+0200;0;LH_2329-LH_2384
GVA;1650;+0200;2015;+0200;0;LH_6327-LH_2388
GVA;1650;+0200;2015;+0200;0;NH_6303-NH_6103
GVA;0655;+0200;1025;+0200;0;LX_1585-LX_2804
GVA;1450;+0200;1825;+0200;0;LX_1579-LX_2810
GVA;1740;+0200;2125;+0200;0;LX_3557-LX_2816
GVA;0910;+0200;1300;+0200;0;LH_6917-LH_1216
GVA;1520;+0200;1910;+0200;0;LH_3093-LH_3164
GVA;1535;+0200;1925;+0200;0;LH_6339-LH_1226
GVA;0620;+0200;1015;+0200;0;LH_1247-LH_1214
GVA;0620;+0200;1015;+0200;0;UA_8959-UA_9068
GVA;1315;+0200;1710;+0200;0;LH_6333-LH_1220
GVA;1315;+0200;1710;+0200;0;LH_6333-LH_1222
GVA;1530;+0200;1925;+0200;0;LH_3101-LH_3168
GVA;1535;+0200;1930;+0200;0;LH_6339-LH_1224
GVA;1820;+0200;2215;+0200;0;SN_2906-SN_2723
GVA;1925;+0200;2320;+0200;0;LX_1583-LX_2818
GVA;1000;+0200;1400;+0200;0;LX_1575-LX_2806
GVA;1310;+0200;1710;+0200;0;LH_6333-LH_1220
GVA;1310;+0200;1710;+0200;0;LH_6333-LH_1222
GVA;1815;+0200;2215;+0200;0;SN_2906-SN_2723
GVA;1830;+0200;2230;+0200;0;LH_1241-LH_1228
GVA;0850;+0200;1255;+0200;0;UA_9340-UA_9018
GVA;1005;+0200;1410;+0200;0;AF_1139-AF_2142
GVA;1535;+0200;1940;+0200;0;AF_1739-AF_1042
GVA;0700;+0200;1110;+0200;0;AF_1557-AF_1842
GVA;0850;+0200;1300;+0200;0;UA_9340-UA_9018
GVA;0850;+0200;1300;+0200;0;LH_1233-LH_1216
GVA;0850;+0200;1300;+0200;0;BD_2981-BD_3096
GVA;0700;+0200;1115;+0200;0;AF_1557-AF_1842
GVA;1050;+0200;1515;+0200;0;LH_3091-LH_3162
GVA;1410;+0200;1835;+0200;0;KL_1846-KL_1933
GVA;1715;+0200;2145;+0200;0;AF_1757-AF_1242
GVA;0705;+0200;1140;+0200;0;LH_6353-LH_3158
GVA;1450;+0200;1925;+0200;0;LH_1239-LH_1226
GVA;1450;+0200;1925;+0200;0;BD_2985-BD_3104
GVA;1315;+0200;1755;+0200;0;LH_6333-LH_1222
GVA;1450;+0200;1930;+0200;0;LH_1239-LH_1224
GVA;1450;+0200;1930;+0200;0;BD_2985-BD_3120
GVA;1750;+0200;2230;+0200;0;LH_2331-LH_2390
GVA;1310;+0200;1755;+0200;0;LH_6333-LH_1222
GVA;1455;+0200;1940;+0200;0;AF_1657-AF_1042
GVA;1725;+0200;2215;+0200;0;SN_6006-SN_2723
GVA;1740;+0200;2230;+0200;0;LH_6335-LH_1228
GVA;0710;+0200;1215;+0200;0;BD_2831-BD_5275
GVA;0910;+0200;1420;+0200;0;LH_6917-LH_1218
GVA;0700;+0200;1215;+0200;0;SN_6002-SN_2715
GVA;1510;+0200;2025;+0200;0;SN_6004-SN_2721
LYS;0705;+0200;0850;+0200;0;OS_403
LYS;0705;+0200;0850;+0200;0;AF_1957
LYS;1720;+0200;1910;+0200;0;AF_2057
LYS;1720;+0200;1910;+0200;0;OS_407
LYS;1945;+0200;2245;+0200;0;LH_6329-LH_2254
LYS;0915;+0200;1220;+0200;0;LH_2325-LH_2248
LYS;0655;+0200;1005;+0200;0;LX_1585-LX_530
LYS;1450;+0200;1810;+0200;0;BD_2985-BD_3086
LYS;1450;+0200;1810;+0200;0;LX_1579-LX_536
LYS;1450;+0200;1810;+0200;0;LH_1239-LH_1078
LYS;0620;+0200;0950;+0200;0;LH_1247-LH_1074
LYS;1300;+0200;1640;+0200;0;LH_2329-LH_2250
LYS;1740;+0200;2130;+0200;0;LX_3557-LX_538
LYS;1830;+0200;2220;+0200;0;LH_1241-LH_1082
LYS;1000;+0200;1400;+0200;0;LX_1575-LX_532
LYS;1725;+0200;2125;+0200;0;SN_6006-SN_3593
LYS;1725;+0200;2125;+0200;0;BD_2835-BD_5363
LYS;1835;+0200;2240;+0200;0;AF_1439-AF_7650
LYS;1740;+0200;2150;+0200;0;LH_6355-LH_3270
LYS;1725;+0200;2140;+0200;0;SN_6006-SN_3593
LYS;1005;+0200;1425;+0200;0;AF_1139-AF_7644
LYS;0655;+0200;1120;+0200;0;KL_1838-KL_2025
LYS;1520;+0200;1955;+0200;0;LH_3093-LH_3268
LYS;1535;+0200;2010;+0200;0;AF_1739-AF_7648
LYS;1740;+0200;2220;+0200;0;NH_6330-NH_6131
LYS;1740;+0200;2220;+0200;0;LH_6335-LH_1082
LYS;1315;+0200;1810;+0200;0;LH_6333-LH_1078
LYS;1750;+0200;2245;+0200;0;LH_2331-LH_2254
LYS;1310;+0200;1810;+0200;0;LH_6333-LH_1078
LYS;0850;+0200;1355;+0200;0;UA_9340-UA_8916
LYS;0910;+0200;1415;+0200;0;LH_6917-LH_1076
LYS;1455;+0200;2010;+0200;0;AF_1657-AF_7648
LYS;1035;+0200;1555;+0200;0;RO_342-RO_387
LYS;0850;+0200;1415;+0200;0;LH_1233-LH_1076
LYS;0850;+0200;1415;+0200;0;BD_2981-BD_3082
LYS;0850;+0200;1415;+0200;0;UA_9340-UA_8916
LYS;1715;+0200;2240;+0200;0;AF_1757-AF_7650
LYS;1300;+0200;1830;+0200;0;LH_2329-LH_2252
LYS;1100;+0200;1640;+0200;0;LH_2327-LH_2250
LYS;0630;+0200;1220;+0200;0;LH_6325-LH_2248
LYS;1650;+0200;2245;+0200;0;LH_6327-LH_2254
LYS;1650;+0200;2245;+0200;0;NH_6303-NH_6045
VCE;1730;+0200;1840;+0200;0;OS_529
VCE;0905;+0200;1020;+0200;0;OS_521
VCE;2035;+0200;2150;+0200;0;BD_2797
VCE;2035;+0200;2150;+0200;0;OS_527
VCE;0915;+0200;1210;+0200;0;LH_2325-LH_1908
VCE;1300;+0200;1620;+0200;0;LH_2329-LH_1910
VCE;1525;+0200;1845;+0200;0;LX_3555-LX_1664
VCE;1050;+0200;1420;+0200;0;AB_8269-AB_8990
VCE;0925;+0200;1305;+0200;0;LH_3089-LH_3212
VCE;1830;+0200;2210;+0200;0;AZ_191-AZ_1483
VCE;2000;+0200;2340;+0200;0;LH_6337-LH_332
VCE;2000;+0200;2340;+0200;0;LH_6925-LH_332
VCE;1535;+0200;1925;+0200;0;LH_6339-LH_330
VCE;1450;+0200;1845;+0200;0;LX_1579-LX_1664
VCE;1000;+0200;1400;+0200;0;LX_1575-LX_1662
VCE;0625;+0200;1035;+0200;0;AB_8203-AB_8990
VCE;0910;+0200;1325;+0200;0;LH_6917-LH_326
VCE;0925;+0200;1340;+0200;0;LH_3089-LH_3212
VCE;1830;+0200;2245;+0200;0;AZ_191-AZ_1473
VCE;1920;+0200;2340;+0200;0;BD_2987-BD_3402
VCE;1920;+0200;2340;+0200;0;LH_1243-LH_332
VCE;1315;+0200;1745;+0200;0;LH_6333-LH_328
VCE;0850;+0200;1325;+0200;0;LH_1233-LH_326
VCE;0850;+0200;1325;+0200;0;BD_2981-BD_3406
VCE;0850;+0200;1325;+0200;0;UA_9340-UA_9086
VCE;1310;+0200;1745;+0200;0;LH_6333-LH_328
VCE;1450;+0200;1925;+0200;0;LH_1239-LH_330
VCE;1450;+0200;1925;+0200;0;BD_2985-BD_3410
VCE;1750;+0200;2225;+0200;0;LH_2331-LH_1914
VCE;1220;+0200;1705;+0200;0;AZ_189-AZ_1479
VCE;0655;+0200;1145;+0200;0;KL_1838-KL_1653
VCE;0850;+0200;1345;+0200;0;UA_9340-UA_9086
VCE;1455;+0200;1955;+0200;0;AF_1657-AF_2226
VCE;0830;+0200;1340;+0200;0;AB_8181-AB_8862
VCE;1830;+0200;2340;+0200;0;LH_1241-LH_332
VCE;1100;+0200;1620;+0200;0;LH_2327-LH_1910
VCE;0810;+0200;1340;+0200;0;BT_432-BT_627
MAN;1450;+0200;1735;+0100;0;BD_2985-BD_3366
MAN;1450;+0200;1735;+0100;0;LH_1239-LH_946
MAN;1945;+0200;2235;+0100;0;LH_6329-LH_2504
MAN;0925;+0200;1220;+0100;0;LH_3089-LH_3432
MAN;0710;+0200;1010;+0100;0;BD_2831-BD_5373
MAN;0700;+0200;1005;+0100;0;SN_6002-SN_2173
MAN;1000;+0200;1305;+0100;0;LX_1575-LX_394
MAN;0910;+0200;1220;+0100;0;LH_6917-LH_942
MAN;0650;+0200;1005;+0100;0;BD_5490-BD_5373
MAN;0650;+0200;1005;+0100;0;9W_6010-9W_6073
MAN;0650;+0200;1005;+0100;0;SN_2910-SN_2173
MAN;0650;+0200;1010;+0100;0;UA_9930-UA_9909
MAN;0650;+0200;1010;+0100;0;BD_5490-BD_5373
MAN;0650;+0200;1010;+0100;0;9W_6010-9W_6073
MAN;0820;+0200;1140;+0100;0;LX_3581-LX_4430
MAN;1005;+0200;1325;+0100;0;AF_1139-AF_2268
MAN;1450;+0200;1810;+0100;0;LX_1579-LX_380
MAN;1530;+0200;1850;+0100;0;LH_3101-LH_3438
MAN;1535;+0200;1855;+0100;0;AF_1739-AF_1168
MAN;0655;+0200;1020;+0100;0;KL_1838-KL_1081
MAN;1920;+0200;2245;+0100;0;BD_2987-BD_3368
MAN;1920;+0200;2245;+0100;0;LH_1243-LH_948
MAN;0850;+0200;1220;+0100;0;UA_9340-UA_9042
MAN;0850;+0200;1220;+0100;0;LH_1233-LH_942
MAN;0850;+0200;1220;+0100;0;BD_2981-BD_3352
MAN;1300;+0200;1630;+0100;0;LH_2329-LH_2502
MAN;1300;+0200;1630;+0100;0;BD_3625-BD_3334
MAN;1005;+0200;1340;+0100;0;AF_1139-AF_2268
MAN;1725;+0200;2100;+0100;0;SN_6006-SN_2183
MAN;1725;+0200;2100;+0100;0;BD_2835-BD_5383
MAN;0940;+0200;1325;+0100;0;BD_5492-BD_5375
MAN;0630;+0200;1020;+0100;0;LH_6325-LH_2500
MAN;0715;+0200;1110;+0100;0;LH_6395-LH_3426
MAN;1520;+0200;1915;+0100;0;LH_3093-LH_3434
MAN;1305;+0200;1705;+0100;0;BD_2811-BD_590
MAN;1305;+0200;1705;+0100;0;OS_461-OS_8981
MAN;1305;+0200;1705;+0100;0;LH_6404-LH_6564
MAN;1455;+0200;1855;+0100;0;AF_1657-AF_1168
MAN;1715;+0200;2125;+0100;0;LH_6400-LH_6566
MAN;1715;+0200;2125;+0100;0;OS_455-OS_8985
MAN;1715;+0200;2125;+0100;0;BD_2805-BD_592
MAN;0755;+0200;1210;+0100;0;BA_699-BA_1388
MAN;1830;+0200;2245;+0100;0;LH_1241-LH_948
MAN;1315;+0200;1735;+0100;0;LH_6333-LH_946
MAN;1310;+0200;1735;+0100;0;LH_6333-LH_946
MAN;1415;+0200;1840;+0100;0;BA_701-BA_1402
MAN;1750;+0200;2235;+0100;0;LH_2331-LH_2504
MAN;1750;+0200;2235;+0100;0;BD_3629-BD_3342
MAN;1150;+0200;1640;+0100;0;BA_697-BA_1396
MAN;0905;+0200;1410;+0100;0;LH_3099-LH_3440
MAN;1740;+0200;2245;+0100;0;LH_6335-LH_948
MAN;0620;+0200;1130;+0100;0;UA_8959-UA_9042
MAN;0705;+0200;1220;+0100;0;LH_6353-LH_3432
MAN;0700;+0200;1220;+0100;0;LH_6331-LH_942
MAN;1140;+0200;1705;+0100;0;BD_426-BD_590
MAN;1140;+0200;1705;+0100;0;OS_8927-OS_8981
MAN;0655;+0200;1225;+0100;0;KL_1838-KL_1083
MAN;0935;+0200;1505;+0100;0;KL_1840-KL_1087
MAN;1100;+0200;1630;+0100;0;LH_2327-LH_2502
MAN;1050;+0200;1625;+0100;0;LH_3091-LH_3430
MAN;1115;+0200;1655;+0100;0;AY_766-AY_937
MAN;0720;+0200;1305;+0100;0;LX_3551-LX_394
MAN;0940;+0200;1525;+0100;0;SN_2902-SN_2175
MAN;1650;+0200;2235;+0100;0;LH_6327-LH_2504
MAN;0635;+0200;1225;+0100;0;LH_6396-LH_6562
MAN;0635;+0200;1225;+0100;0;BD_2801-BD_588
MAN;1510;+0200;2100;+0100;0;BD_2833-BD_5383
MAN;1510;+0200;2100;+0100;0;SN_6004-SN_2183
MAN;1715;+0200;2305;+0100;0;OS_455-OS_8985
MAN;0620;+0200;1220;+0100;0;BD_2983-BD_3352
MAN;0620;+0200;1220;+0100;0;LH_1247-LH_942
MAN;0620;+0200;1220;+0100;0;UA_8959-UA_9042
MAN;0655;+0200;1305;+0100;0;LX_1585-LX_394
MAN;0710;+0200;1325;+0100;0;BD_2831-BD_5375
MAN;0700;+0200;1325;+0100;0;AF_1557-AF_2268
MAN;0650;+0200;1325;+0100;0;BD_5490-BD_5375
MAN;0700;+0200;1340;+0100;0;AF_1557-AF_2268
MAN;0755;+0200;1435;+0100;0;BA_699-BA_1394
MAN;1055;+0200;1735;+0100;0;LH_1235-LH_946
MAN;1055;+0200;1735;+0100;0;BD_2989-BD_3366
TLS;2140;+0200;2345;+0200;0;AF_4373
TLS;1720;+0200;2100;+0200;0;AF_2057-AF_7844
TLS;1100;+0200;1450;+0200;0;LH_2327-LH_2216
TLS;1650;+0200;2050;+0200;0;LH_6327-LH_2220
TLS;1535;+0200;1950;+0200;0;AF_1739-AF_7788
TLS;0630;+0200;1050;+0200;0;LH_6325-LH_2214
TLS;1820;+0200;2240;+0200;0;BD_5494-BD_5425
TLS;1300;+0200;1725;+0200;0;LH_2329-LH_2218
TLS;1920;+0200;2345;+0200;0;BD_2987-BD_2934
TLS;1920;+0200;2345;+0200;0;LH_1243-LH_1100
TLS;1005;+0200;1435;+0200;0;AF_1139-AF_7794
TLS;1315;+0200;1745;+0200;0;LH_6333-LH_1098
TLS;1820;+0200;2250;+0200;0;SN_2906-SN_3675
TLS;0650;+0200;1125;+0200;0;SN_2910-SN_3667
TLS;0650;+0200;1125;+0200;0;BD_5490-BD_5427
TLS;0650;+0200;1125;+0200;0;9W_6010-9W_6067
TLS;1310;+0200;1745;+0200;0;LH_6333-LH_1098
TLS;1815;+0200;2250;+0200;0;SN_2906-SN_3675
TLS;1315;+0200;1805;+0200;0;LH_6333-LH_1098
TLS;0655;+0200;1150;+0200;0;KL_1838-KL_1303
TLS;0850;+0200;1345;+0200;0;UA_9340-UA_9162
TLS;1310;+0200;1805;+0200;0;LH_6333-LH_1098
TLS;1455;+0200;1950;+0200;0;AF_1657-AF_7788
TLS;0910;+0200;1410;+0200;0;LH_6917-LH_1096
TLS;1750;+0200;2250;+0200;0;LH_2331-LH_2222
TLS;1220;+0200;1730;+0200;0;AZ_189-AZ_366
TLS;1725;+0200;2240;+0200;0;BD_2835-BD_5425
TLS;1830;+0200;2345;+0200;0;LH_1241-LH_1100
TLS;0850;+0200;1410;+0200;0;LH_1233-LH_1096
TLS;0850;+0200;1410;+0200;0;BD_2981-BD_2936
TLS;0850;+0200;1410;+0200;0;SQ_2041-SQ_2088
TLS;1715;+0200;2235;+0200;0;AF_1757-AF_7792
TLS;1725;+0200;2250;+0200;0;SN_6006-SN_3675
TLS;0915;+0200;1450;+0200;0;LH_2325-LH_2216
TLS;1650;+0200;2250;+0200;0;LH_6327-LH_2222
TLS;1225;+0200;1830;+0200;0;IB_3577-IB_8770
TLS;1740;+0200;2345;+0200;0;NH_6330-NH_6133
TLS;1740;+0200;2345;+0200;0;LH_6335-LH_1100
TLS;1005;+0200;1630;+0200;0;AF_1139-AF_6154
TLS;1100;+0200;1725;+0200;0;LH_2327-LH_2218
TLS;1535;+0200;2200;+0200;0;AF_1739-AF_6148
TLS;1455;+0200;2130;+0200;0;AF_1657-AF_6162
TLS;1005;+0200;1645;+0200;0;AF_1139-AF_6128
TLS;0935;+0200;1625;+0200;0;KL_1840-KL_1311
TLS;0940;+0200;1630;+0200;0;SN_2902-SN_3669
TLS;0940;+0200;1630;+0200;0;BD_5492-BD_5423
TLS;1055;+0200;1745;+0200;0;LH_1235-LH_1098
TLS;1535;+0200;2235;+0200;0;AF_1739-AF_7792
TLS;1220;+0200;1925;+0200;0;AZ_189-AZ_7344
TLS;1455;+0200;2200;+0200;0;AF_1657-AF_6148
TLS;0700;+0200;1410;+0200;0;LH_6331-LH_1096
TLS;1005;+0200;1715;+0200;0;AF_1139-AF_7786
TLS;1005;+0200;1715;+0200;0;AF_1139-AF_6156
TLS;1055;+0200;1805;+0200;0;LH_1235-LH_1098
TLS;1055;+0200;1805;+0200;0;BD_2989-BD_2938
PRG;0640;+0200;0730;+0200;0;OS_703
PRG;1710;+0200;1800;+0200;0;OS_709
PRG;0640;+0200;0735;+0200;0;OS_703
PRG;0950;+0200;1045;+0200;0;OS_705
PRG;1315;+0200;1410;+0200;0;OS_707
PRG;1940;+0200;2035;+0200;0;OS_711
PRG;1750;+0200;2015;+0200;0;LH_2331-LH_1696
PRG;0915;+0200;1220;+0200;0;LH_2325-LH_1690
PRG;1535;+0200;1845;+0200;0;LH_6339-LH_1400
PRG;1530;+0200;1845;+0200;0;TP_8741-TP_7932
PRG;2000;+0200;2315;+0200;0;LH_6337-LH_1402
PRG;1300;+0200;1620;+0200;0;LH_2329-LH_1692
PRG;1650;+0200;2015;+0200;0;LH_6327-LH_1696
PRG;1650;+0200;2015;+0200;0;NH_6303-NH_6069
PRG;1015;+0200;1350;+0200;0;LO_224-LO_527
PRG;0820;+0200;1205;+0200;0;LX_3581-LX_1460
PRG;0910;+0200;1255;+0200;0;LH_6917-LH_1396
PRG;1450;+0200;1845;+0200;0;BD_2985-BD_2994
PRG;1450;+0200;1845;+0200;0;LH_1239-LH_1400
PRG;1450;+0200;1845;+0200;0;LX_1579-LX_1498
PRG;1920;+0200;2315;+0200;0;LH_1243-LH_1402
PRG;1920;+0200;2315;+0200;0;BD_2987-BD_2996
PRG;0850;+0200;1255;+0200;0;UA_9340-UA_8733
PRG;0850;+0200;1255;+0200;0;LH_1233-LH_1396
PRG;1520;+0200;1925;+0200;0;LH_3093-LH_3054
PRG;1315;+0200;1725;+0200;0;LH_6333-LH_1398
PRG;1820;+0200;2230;+0200;0;SN_2906-SN_2815
PRG;1000;+0200;1415;+0200;0;LX_1575-LX_1486
PRG;1310;+0200;1725;+0200;0;LH_6333-LH_1398
PRG;1815;+0200;2230;+0200;0;SN_2906-SN_2815
PRG;1820;+0200;2235;+0200;0;SN_2906-SN_2815
PRG;0850;+0200;1310;+0200;0;BD_2981-BD_2990
PRG;0850;+0200;1310;+0200;0;UA_9340-UA_8733
PRG;1815;+0200;2235;+0200;0;SN_2906-SN_2815
PRG;1715;+0200;2140;+0200;0;AF_1757-AF_1082
PRG;1410;+0200;1840;+0200;0;KL_1846-KL_1357
PRG;1005;+0200;1445;+0200;0;AF_1139-AF_1982
PRG;0700;+0200;1145;+0200;0;LH_6331-LH_1394
PRG;1830;+0200;2315;+0200;0;LH_1241-LH_1402
PRG;0700;+0200;1150;+0200;0;LX_3561-LX_1472
PRG;1050;+0200;1545;+0200;0;LH_3091-LH_3052
PRG;1455;+0200;1950;+0200;0;AF_1657-AF_2482
PRG;0620;+0200;1120;+0200;0;UA_8959-UA_9582
NTE;1720;+0200;2125;+0200;0;AF_2057-AF_5869
NTE;1715;+0200;2145;+0200;0;AF_1757-AF_7728
NTE;1535;+0200;2145;+0200;0;AF_1739-AF_7728
NTE;0935;+0200;1600;+0200;0;KL_1840-KL_2049
NTE;0700;+0200;1340;+0200;0;AF_1557-AF_7724
NTE;1455;+0200;2145;+0200;0;AF_1657-AF_7728
NTE;1535;+0200;2225;+0200;0;AF_1739-AF_7388
NTE;1005;+0200;1720;+0200;0;AF_1139-AF_7730
NTE;1455;+0200;2225;+0200;0;AF_1657-AF_7388
NTE;0700;+0200;1445;+0200;0;AF_1557-AF_7386
NTE;1410;+0200;2215;+0200;0;KL_1846-KL_2035
NTE;0655;+0200;1600;+0200;0;KL_1838-KL_2049
NTE;0705;+0200;1630;+0200;0;AF_1957-AF_5863
NTE;0700;+0200;1325;+0200;0;AF_1557-AF_7622-AF_3203
NTE;1410;+0200;2145;+0200;0;KL_1846-KL_1245-KL_2314
NTE;1410;+0200;2145;+0200;0;KL_1846-KL_1243-KL_2314
NTE;0705;+0200;1445;+0200;0;AF_1957-AF_7417-AF_7386
NTE;0935;+0200;1720;+0200;0;KL_1840-KL_1233-KL_2312
NTE;0935;+0200;1720;+0200;0;KL_1840-KL_2009-KL_2312
NTE;1005;+0200;1940;+0200;0;AF_1139-AF_7624-AF_3207
NTE;1005;+0200;1940;+0200;0;AF_1139-AF_7634-AF_3207
NTE;1005;+0200;1940;+0200;0;AF_1139-AF_6266-AF_3207
NTE;1005;+0200;1940;+0200;0;AF_1139-AF_6262-AF_3207
NTE;1005;+0200;1940;+0200;0;AF_1139-AF_6264-AF_3207
SXB;0650;+0200;1030;+0200;0;BD_5490-BD_5559
SXB;1720;+0200;2100;+0200;0;AF_2057-AF_5782
SXB;0650;+0200;1035;+0200;0;SN_2910-SN_3653
SXB;1510;+0200;1910;+0200;0;BD_2833-BD_5561
SXB;1510;+0200;1910;+0200;0;SN_6004-SN_3661
SXB;1005;+0200;1410;+0200;0;AF_1139-AF_7762
SXB;1715;+0200;2155;+0200;0;AF_1757-AF_7770
SXB;1920;+0200;0015;+0200;1;LH_1243-LH_396
SXB;1055;+0200;1600;+0200;0;LH_1235-LH_390
SXB;1450;+0200;2000;+0200;0;LH_1239-LH_392
SXB;1740;+0200;2300;+0200;0;LH_6335-LH_394
SXB;1830;+0200;0015;+0200;1;LH_1241-LH_396
SXB;1535;+0200;2155;+0200;0;AF_1739-AF_7770
SXB;0700;+0200;1330;+0200;0;LH_6331-LH_388
SXB;1740;+0200;0015;+0200;1;LH_6335-LH_396
SXB;1315;+0200;2000;+0200;0;LH_6333-LH_392
SXB;0700;+0200;1350;+0200;0;AF_1557-AF_7306
SXB;0910;+0200;1600;+0200;0;LH_6917-LH_390
SXB;1005;+0200;1655;+0200;0;AF_1139-AF_7308
SXB;1310;+0200;2000;+0200;0;LH_6333-LH_392
SXB;1455;+0200;2155;+0200;0;AF_1657-AF_7770
SXB;0620;+0200;1330;+0200;0;LH_1247-LH_388
SXB;0700;+0200;1410;+0200;0;AF_1557-AF_7762
SXB;0850;+0200;1600;+0200;0;LH_1233-LH_390
SXB;1410;+0200;2125;+0200;0;KL_1846-KL_2047
SXB;1535;+0200;2300;+0200;0;LH_6339-LH_394
SXB;0705;+0200;1350;+0200;0;AF_1957-AF_7417-AF_7306
SXB;0915;+0200;1600;+0200;0;LH_2325-LH_109-LH_390
SXB;0905;+0200;1600;+0200;0;LH_3099-LH_13-LH_390
SXB;0630;+0200;1330;+0200;0;LH_6325-LH_103-LH_388
SXB;1300;+0200;2000;+0200;0;LH_2329-LH_115-LH_392
SXB;0705;+0200;1410;+0200;0;AF_1957-AF_7641-AF_7762
SXB;1650;+0200;0015;+0200;1;LH_6327-LH_121-LH_396
SXB;1530;+0200;2300;+0200;0;LH_3101-LH_23-LH_394
SXB;1520;+0200;2300;+0200;0;LH_3093-LH_85-LH_394