LON;1135;+0200;1210;+0100;0;BD_6856
LON;1135;+0200;1210;+0100;0;LX_456
LON;1600;+0200;1635;+0100;0;BD_6864
LON;1600;+0200;1635;+0100;0;LX_464
LON;2025;+0200;2100;+0100;0;BD_6862
LON;2030;+0200;2105;+0100;0;BD_6862
LON;2030;+0200;2105;+0100;0;LX_462
LON;0715;+0200;0755;+0100;0;LX_450
LON;0715;+0200;0755;+0100;0;BD_6858
LON;0845;+0200;0925;+0100;0;LX_460
LON;0845;+0200;0925;+0100;0;BD_6860
LON;1530;+0200;1610;+0100;0;LX_324
LON;1530;+0200;1610;+0100;0;BD_6784
LON;1700;+0200;1740;+0100;0;BA_8766
LON;1710;+0200;1750;+0100;0;BD_6866
LON;1710;+0200;1750;+0100;0;LX_466
LON;1835;+0200;1915;+0100;0;BD_6854
LON;1835;+0200;1915;+0100;0;LX_454
LON;1905;+0200;1945;+0100;0;BA_8768
LON;0740;+0200;0825;+0100;0;BA_8760
LON;1530;+0200;1615;+0100;0;JL_7734
LON;1530;+0200;1615;+0100;0;BA_715
LON;1530;+0200;1615;+0100;0;AA_6677
LON;1705;+0200;1750;+0100;0;LX_326
LON;1705;+0200;1750;+0100;0;BD_6786
LON;1930;+0200;2015;+0100;0;BA_719
LON;1930;+0200;2015;+0100;0;QF_3385
LON;2025;+0200;2110;+0100;0;BD_6780
LON;2025;+0200;2110;+0100;0;LX_340
LON;0705;+0200;0755;+0100;0;LX_316
LON;0705;+0200;0755;+0100;0;BD_6790
LON;1025;+0200;1115;+0100;0;AA_6470
LON;1040;+0200;1130;+0100;0;BA_711
LON;1330;+0200;1420;+0100;0;BA_713
LON;1710;+0200;1800;+0100;0;BA_717
LON;1835;+0200;1925;+0100;0;LX_338
LON;1835;+0200;1925;+0100;0;BD_6788
LON;0700;+0200;0755;+0100;0;BA_709
LON;0700;+0200;0755;+0100;0;AA_6483
LON;1205;+0200;1300;+0100;0;LX_332
LON;1205;+0200;1300;+0100;0;BD_6782
LON;1320;+0200;1415;+0100;0;AA_6485
LON;1625;+0200;1840;+0100;0;LH_5777-LH_936
LON;1625;+0200;1850;+0100;0;LH_5777-LH_918
LON;0905;+0200;1135;+0100;0;LH_3135-LH_3382
LON;1520;+0200;1750;+0100;0;BD_3559-BD_3234
LON;1520;+0200;1750;+0100;0;LH_1193-LH_916
LON;1650;+0200;1920;+0100;0;AB_8145-AB_8342
LON;1655;+0200;1925;+0100;0;SN_5112-SN_2101
LON;1340;+0200;1620;+0100;0;LH_1191-LH_934
LON;1340;+0200;1620;+0100;0;BD_3557-BD_3468
LON;1730;+0200;2010;+0100;0;LH_2371-LH_2482
LON;1750;+0200;2030;+0100;0;AF_5107-AF_1380
LON;1840;+0200;2120;+0100;0;LH_3139-LH_3388
LON;1635;+0200;1920;+0100;0;AF_5105-AF_1180
LON;0735;+0200;1025;+0100;0;AF_5111-AF_1980
LON;0750;+0200;1040;+0100;0;BD_3529-BD_3216
LON;0750;+0200;1040;+0100;0;LH_1183-LH_904
LON;1210;+0200;1500;+0100;0;BD_6804-BD_589
LON;1650;+0200;1940;+0100;0;AB_8145-AB_8342
LON;0720;+0200;1015;+0100;0;SN_5104-SN_2093
LON;0735;+0200;1030;+0100;0;AF_5111-AF_1980
LON;1310;+0200;1605;+0100;0;LX_2806-LX_348
LON;1330;+0200;1625;+0100;0;AF_5103-AF_2580
LON;1330;+0200;1625;+0100;0;LH_2369-LH_2478
LON;1415;+0200;1710;+0100;0;KL_1960-KL_1029
LON;0710;+0200;1015;+0100;0;LH_5783-LH_2472
LON;1735;+0200;2040;+0100;0;LX_2810-LX_440
LON;1905;+0200;2210;+0100;0;LH_5779-LH_922
LON;0850;+0200;1200;+0100;0;LH_5853-LH_6482
LON;1340;+0200;1650;+0100;0;LH_1191-LH_898
LON;0910;+0200;1225;+0100;0;LH_2367-LH_2474
LON;1340;+0200;1655;+0100;0;LH_1191-LH_914
LON;1340;+0200;1655;+0100;0;BD_3557-BD_3220
LON;1010;+0200;1330;+0100;0;BD_3553-BD_3218
LON;1010;+0200;1330;+0100;0;UA_9051-UA_8815
LON;1010;+0200;1330;+0100;0;LH_1187-LH_906
LON;1155;+0200;1515;+0100;0;KL_1958-KL_1019
LON;1415;+0200;1735;+0100;0;KL_1960-KL_1023
LON;1520;+0200;1840;+0100;0;BD_3559-BD_3462
LON;1520;+0200;1840;+0100;0;LH_1193-LH_936
LON;1730;+0200;2050;+0100;0;KL_1962-KL_1033
LON;0705;+0200;1030;+0100;0;BD_6802-BD_585
LON;0740;+0200;1105;+0100;0;LX_2802-LX_350
LON;1225;+0200;1550;+0100;0;LH_5775-LH_910
LON;0935;+0200;1305;+0100;0;SK_602-SK_503
LON;1220;+0200;1550;+0100;0;SK_3504-SK_505
LON;1520;+0200;1850;+0100;0;LH_1193-LH_918
LON;1520;+0200;1850;+0100;0;BD_3559-BD_3190
LON;0705;+0200;1040;+0100;0;LH_5771-LH_904
LON;1520;+0200;1855;+0100;0;LH_3137-LH_3386
LON;1535;+0200;1910;+0100;0;LH_5787-LH_2496
LON;1745;+0200;2120;+0100;0;OS_564-OS_8929
LON;1745;+0200;2120;+0100;0;LH_5797-LH_3388
LON;0940;+0200;1320;+0100;0;LX_2804-LX_434
LON;0940;+0200;1320;+0100;0;LX_2804-LX_354
LON;1725;+0200;2105;+0100;0;SK_3506-SK_1501
LON;1735;+0200;2115;+0100;0;LX_2810-LX_358
LON;0940;+0200;1325;+0100;0;LH_5825-LH_3402
LON;1535;+0200;1920;+0100;0;LH_5787-LH_2480
LON;1655;+0200;2040;+0100;0;LX_2808-LX_440
LON;1750;+0200;2135;+0100;0;SN_5114-SN_2103
LON;0645;+0200;1035;+0100;0;AB_8119-AB_8746
LON;0655;+0200;1045;+0100;0;KL_1952-KL_1009
LON;1215;+0200;1605;+0100;0;LX_2824-LX_348
LON;1455;+0200;1845;+0100;0;LH_3145-LH_3394
LON;0950;+0200;1345;+0100;0;AF_5101-AF_2280
LON;1225;+0200;1620;+0100;0;LH_5775-LH_934
LON;1635;+0200;2030;+0100;0;AF_5105-AF_1380
LON;1730;+0200;2125;+0100;0;LH_5807-LH_6616
LON;1625;+0200;2025;+0100;0;LH_5777-LH_920
LON;1810;+0200;2210;+0100;0;BD_3551-BD_3194
LON;1810;+0200;2210;+0100;0;LH_1197-LH_922
LON;0700;+0200;1105;+0100;0;LX_2800-LX_350
LON;0725;+0200;1135;+0100;0;LH_5793-LH_3382
LON;1010;+0200;1420;+0100;0;LH_1187-LH_908
LON;1010;+0200;1420;+0100;0;BD_3553-BD_3208
LON;1215;+0200;1625;+0100;0;LH_5785-LH_2478
LON;1340;+0200;1750;+0100;0;LH_1191-LH_916
LON;1340;+0200;1750;+0100;0;BD_3557-BD_3234
LON;1710;+0200;2120;+0100;0;OS_8806-OS_8929
LON;0915;+0200;1330;+0100;0;UA_8877-UA_8815
LON;1155;+0200;1610;+0100;0;KL_1958-KL_1021
BER;1455;+0200;1615;+0200;0;AB_8211
BER;1630;+0200;1750;+0200;0;LH_5843
BER;1630;+0200;1750;+0200;0;LX_970
BER;1645;+0200;1805;+0200;0;AB_8317
BER;2120;+0200;2240;+0200;0;AB_8175
BER;0625;+0200;0750;+0200;0;AB_8121
BER;0635;+0200;0800;+0200;0;AB_8121
BER;0725;+0200;0850;+0200;0;LX_974
BER;0725;+0200;0850;+0200;0;LH_5837
BER;0850;+0200;1015;+0200;0;LH_5853
BER;0850;+0200;1015;+0200;0;LX_976
BER;1050;+0200;1215;+0200;0;AB_8589
BER;1245;+0200;1410;+0200;0;UA_9800
BER;1245;+0200;1410;+0200;0;LH_5839
BER;1245;+0200;1410;+0200;0;LX_966
BER;1645;+0200;1810;+0200;0;AB_8317
BER;1740;+0200;1905;+0200;0;LH_5841
BER;1740;+0200;1905;+0200;0;LX_978
BER;1915;+0200;2040;+0200;0;AB_8199
BER;2040;+0200;2205;+0200;0;LX_962
BER;2040;+0200;2205;+0200;0;LH_5835
BER;0705;+0200;0935;+0200;0;LH_5823-LH_2842
BER;1535;+0200;1820;+0200;0;LH_5787-LH_2048
BER;1720;+0200;2005;+0200;0;LH_5829-LH_2852
BER;2005;+0200;2250;+0200;0;LH_2373-LH_2056
BER;1330;+0200;1620;+0200;0;LH_2369-LH_2042
BER;1905;+0200;2155;+0200;0;LH_5779-LH_198
BER;1225;+0200;1520;+0200;0;LH_5775-LH_184
BER;1340;+0200;1635;+0200;0;LH_1191-LH_186
BER;1840;+0200;2135;+0200;0;LH_3139-LH_2744
BER;0705;+0200;1005;+0200;0;LH_5771-LH_176
BER;0900;+0200;1200;+0200;0;AB_8151-AB_8269
BER;0910;+0200;1210;+0200;0;LH_2367-LH_2036
BER;1520;+0200;1820;+0200;0;LH_1193-LH_190
BER;0710;+0200;1015;+0200;0;LH_5783-LH_2034
BER;0815;+0200;1120;+0200;0;LH_5773-LH_178
BER;1625;+0200;1935;+0200;0;LH_5777-LH_194
BER;1650;+0200;2000;+0200;0;AB_8145-AB_6448
BER;1730;+0200;2040;+0200;0;LH_2371-LH_2052
BER;1625;+0200;1940;+0200;0;LH_5777-LH_194
BER;1045;+0200;1410;+0200;0;AB_8125-AB_6442
BER;1215;+0200;1540;+0200;0;LH_5785-LH_2040
BER;1725;+0200;2050;+0200;0;LH_5817-LH_2907
BER;0750;+0200;1120;+0200;0;LH_1183-LH_178
BER;0900;+0200;1230;+0200;0;LH_5813-LH_2903
BER;0910;+0200;1240;+0200;0;LH_1185-LH_180
BER;1330;+0200;1700;+0200;0;LH_2369-LH_2046
BER;1920;+0200;2250;+0200;0;LH_5789-LH_2056
BER;0725;+0200;1100;+0200;0;LH_5793-LH_2732
BER;1045;+0200;1420;+0200;0;AB_8125-AB_6442
BER;1520;+0200;1900;+0200;0;LH_1193-LH_192
BER;1810;+0200;2150;+0200;0;LH_1197-LH_198
BER;1745;+0200;2130;+0200;0;OS_564-OS_273
BER;1810;+0200;2155;+0200;0;LH_1197-LH_198
BER;1905;+0200;2250;+0200;0;LH_5779-LH_200
BER;1340;+0200;1730;+0200;0;LH_1191-LH_188
BER;1635;+0200;2025;+0200;0;AF_5105-AF_2534
BER;1745;+0200;2135;+0200;0;LH_5797-LH_2744
BER;0720;+0200;1115;+0200;0;SN_5104-SN_2581
BER;0905;+0200;1300;+0200;0;LH_3135-LH_2734
BER;0935;+0200;1330;+0200;0;SK_602-SK_1675
BER;1010;+0200;1405;+0200;0;LH_1187-LH_182
BER;1015;+0200;1410;+0200;0;OS_562-OS_291
BER;1230;+0200;1630;+0200;0;SN_5108-SN_2585
BER;1835;+0200;2235;+0200;0;AB_8501-AB_8763
BER;1215;+0200;1620;+0200;0;LH_5785-LH_2042
BER;0705;+0200;1115;+0200;0;LH_5823-LH_2844
BER;0910;+0200;1320;+0200;0;SN_5106-SN_2583
BER;1225;+0200;1635;+0200;0;LH_5775-LH_186
BER;0705;+0200;1120;+0200;0;LH_5771-LH_178
BER;0925;+0200;1340;+0200;0;KL_1954-KL_1825
BER;1415;+0200;1830;+0200;0;KL_1960-KL_1833
BER;1520;+0200;1935;+0200;0;LH_1193-LH_194
BER;1625;+0200;2040;+0200;0;AB_8537-AB_8753
BER;1520;+0200;1940;+0200;0;LH_1193-LH_194
BER;1535;+0200;1955;+0200;0;LH_5787-LH_2050
BER;1625;+0200;2045;+0200;0;LH_5777-LH_196
BER;1710;+0200;2130;+0200;0;OS_8806-OS_273
BER;1730;+0200;2150;+0200;0;KL_1962-KL_1835
BER;0655;+0200;1120;+0200;0;KL_1952-KL_1823
BER;0735;+0200;1200;+0200;0;AF_5111-AF_1734
BER;0815;+0200;1240;+0200;0;LH_5773-LH_180
BER;1230;+0200;1655;+0200;0;LH_5795-LH_2738
BER;1655;+0200;2120;+0200;0;SN_5112-SN_2589
BER;1720;+0200;2145;+0200;0;LH_5829-LH_2854
BER;1730;+0200;2155;+0200;0;LH_2371-LH_2054
BER;0905;+0200;1335;+0200;0;LH_3135-LH_2736
BER;0910;+0200;1340;+0200;0;SN_5106-SN_2583
BER;1315;+0200;1745;+0200;0;LH_5815-LH_2905
BER;1700;+0200;2130;+0200;0;OS_8806-OS_273
VIE;0900;+0200;1015;+0200;0;AB_8151
VIE;0900;+0200;1015;+0200;0;HG_8151
VIE;1625;+0200;1740;+0200;0;AB_8537
VIE;1625;+0200;1740;+0200;0;HG_8537
VIE;2105;+0200;2220;+0200;0;AB_8253
VIE;2105;+0200;2220;+0200;0;HG_8253
VIE;0710;+0200;0830;+0200;0;LX_1574
VIE;0710;+0200;0830;+0200;0;OS_8802
VIE;1250;+0200;1410;+0200;0;SQ_2978
VIE;1250;+0200;1410;+0200;0;OS_8804
VIE;1250;+0200;1410;+0200;0;UA_9784
VIE;1250;+0200;1410;+0200;0;LX_1578
VIE;1700;+0200;1820;+0200;0;OS_8806
VIE;1710;+0200;1830;+0200;0;OS_8806
VIE;1710;+0200;1830;+0200;0;LX_1582
VIE;1835;+0200;1955;+0200;0;HG_8501
VIE;1835;+0200;1955;+0200;0;AB_8501
VIE;1955;+0200;2115;+0200;0;LX_3558
VIE;1955;+0200;2115;+0200;0;OS_566
VIE;2035;+0200;2155;+0200;0;OS_8808
VIE;2035;+0200;2155;+0200;0;LX_1584
VIE;2045;+0200;2205;+0200;0;OS_8808
VIE;2045;+0200;2205;+0200;0;LX_1584
VIE;0750;+0200;0915;+0200;0;OS_568
VIE;0750;+0200;0915;+0200;0;LX_3550
VIE;1015;+0200;1140;+0200;0;OS_562
VIE;1015;+0200;1140;+0200;0;LX_3552
VIE;1015;+0200;1140;+0200;0;UA_6720
VIE;1745;+0200;1915;+0200;0;LX_3556
VIE;1745;+0200;1915;+0200;0;OS_564
VIE;2005;+0200;2240;+0200;0;LH_2373-LH_6330
VIE;1730;+0200;2020;+0200;0;LH_2371-LH_2332
VIE;1330;+0200;1630;+0200;0;LH_2369-LH_2330
VIE;1050;+0200;1400;+0200;0;AB_8589-AB_8268
VIE;1340;+0200;1650;+0200;0;LH_1191-LH_6336
VIE;0710;+0200;1025;+0200;0;LH_5783-LH_2326
VIE;0910;+0200;1225;+0200;0;LH_2367-LH_2328
VIE;1520;+0200;1840;+0200;0;LH_1193-LH_1242
VIE;1520;+0200;1840;+0200;0;LH_3137-LH_3094
VIE;1520;+0200;1840;+0200;0;BD_3559-BD_2988
VIE;1650;+0200;2010;+0200;0;AB_8145-AB_8644
VIE;1810;+0200;2130;+0200;0;LH_1197-LH_6338
VIE;1915;+0200;2235;+0200;0;AB_8199-AB_8752
VIE;1920;+0200;2240;+0200;0;LH_5789-LH_6330
VIE;0645;+0200;1010;+0200;0;AB_8119-AB_8240
VIE;1045;+0200;1410;+0200;0;AB_8125-AB_8136
VIE;1625;+0200;1950;+0200;0;LH_5777-LH_6929
VIE;1900;+0200;2225;+0200;0;AB_8173-AB_8812
VIE;0635;+0200;1005;+0200;0;AB_8121-AB_8202
VIE;1740;+0200;2115;+0200;0;LH_5841-LH_6324
VIE;0625;+0200;1005;+0200;0;AB_8121-AB_8202
VIE;1455;+0200;1835;+0200;0;AB_8211-AB_8358
VIE;1720;+0200;2100;+0200;0;LH_5829-LH_6370
VIE;1245;+0200;1630;+0200;0;LH_5839-LH_6350
VIE;0815;+0200;1205;+0200;0;LH_5773-LH_6334
VIE;1520;+0200;1910;+0200;0;LH_1193-LH_6346
VIE;1645;+0200;2035;+0200;0;AB_8317-AB_8762
VIE;1715;+0200;2105;+0200;0;LO_5416-LO_5225
VIE;1735;+0200;2125;+0200;0;LH_5849-LH_6362
VIE;1745;+0200;2135;+0200;0;LH_5909-LH_6429
VIE;1010;+0200;1405;+0200;0;UA_9051-UA_8966
VIE;1045;+0200;1440;+0200;0;AB_8125-AB_8136
VIE;1750;+0200;2145;+0200;0;SN_5114-SN_6005
VIE;1010;+0200;1410;+0200;0;UA_9051-UA_8966
VIE;1010;+0200;1410;+0200;0;LH_1187-LH_1238
VIE;1010;+0200;1410;+0200;0;BD_3553-BD_2984
VIE;1645;+0200;2045;+0200;0;AB_8213-AB_8076
VIE;1745;+0200;2145;+0200;0;LH_5797-LH_6356
VIE;1905;+0200;2305;+0200;0;LH_5779-LH_1246
VIE;0740;+0200;1145;+0200;0;LX_2802-LX_3562
VIE;0925;+0200;1330;+0200;0;KL_1954-KL_1845
VIE;1520;+0200;1925;+0200;0;LH_3137-LH_3096
VIE;1735;+0200;2140;+0200;0;LX_2810-LX_3566
VIE;0725;+0200;1135;+0200;0;LH_5845-LH_6364
VIE;1340;+0200;1750;+0200;0;BD_3557-BD_2986
VIE;1340;+0200;1750;+0200;0;UA_9403-UA_9076
VIE;1340;+0200;1750;+0200;0;LH_1191-LH_1240
VIE;1455;+0200;1905;+0200;0;LH_3145-LH_3102
VIE;1535;+0200;1945;+0200;0;LH_5787-LH_6328
VIE;0720;+0200;1135;+0200;0;LH_5901-LH_6407
VIE;0750;+0200;1205;+0200;0;LH_1183-LH_6334
VIE;1215;+0200;1630;+0200;0;LH_5785-LH_2330
VIE;0725;+0200;1145;+0200;0;LH_5837-LH_6322
VIE;1145;+0200;1605;+0200;0;OU_461-OU_5440
VIE;1655;+0200;2115;+0200;0;SN_5112-SN_2909
VIE;0725;+0200;1150;+0200;0;LH_5793-LH_6354
VIE;1225;+0200;1650;+0200;0;LH_5775-LH_6336
VIE;1725;+0200;2150;+0200;0;SK_3506-SK_9405
VIE;1750;+0200;2215;+0200;0;AF_5107-AF_1756
VIE;0735;+0200;1205;+0200;0;AF_5111-AF_1556
VIE;1205;+0200;1635;+0200;0;LO_5414-LO_5223
VIE;1520;+0200;1950;+0200;0;LH_1193-LH_6929
VIE;0705;+0200;1140;+0200;0;LH_5823-LH_6366
VIE;0720;+0200;1200;+0200;0;SN_5104-SN_6001
VIE;1655;+0200;2135;+0200;0;LH_5907-LH_6429
VIE;1730;+0200;2210;+0200;0;KL_1962-KL_1849
VIE;0700;+0200;1145;+0200;0;LX_2800-LX_3562
VIE;0710;+0200;1155;+0200;0;SK_3502-SK_9403
VIE;0950;+0200;1435;+0200;0;AF_5101-AF_1738
VIE;1535;+0200;2020;+0200;0;LH_5787-LH_2332
VIE;1630;+0200;2115;+0200;0;LH_5843-LH_6324
VIE;1655;+0200;2140;+0200;0;LX_2808-LX_3566
HAM;0725;+0200;0850;+0200;0;LX_1050
HAM;0725;+0200;0850;+0200;0;LH_5845
HAM;0915;+0200;1040;+0200;0;LX_3644
HAM;0915;+0200;1040;+0200;0;LH_3143
HAM;1235;+0200;1400;+0200;0;LX_1056
HAM;1235;+0200;1400;+0200;0;UA_9804
HAM;1235;+0200;1400;+0200;0;LH_5847
HAM;1455;+0200;1620;+0200;0;LX_3646
HAM;1455;+0200;1620;+0200;0;LH_3145
HAM;2020;+0200;2145;+0200;0;LX_3648
HAM;2020;+0200;2145;+0200;0;LH_3147
HAM;0630;+0200;0800;+0200;0;AB_8683
HAM;1415;+0200;1545;+0200;0;AB_8781
HAM;1735;+0200;1905;+0200;0;LH_5849
HAM;1735;+0200;1905;+0200;0;LX_1054
HAM;1840;+0200;2010;+0200;0;AB_8457
HAM;1840;+0200;2120;+0200;0;LH_3139-LH_2718
HAM;0910;+0200;1155;+0200;0;LH_2367-LH_2066
HAM;1535;+0200;1820;+0200;0;LH_5787-LH_2076
HAM;1905;+0200;2150;+0200;0;LH_5779-LH_28
HAM;0705;+0200;0955;+0200;0;LH_5823-LH_2823
HAM;1730;+0200;2020;+0200;0;LH_2371-LH_2080
HAM;2005;+0200;2255;+0200;0;LH_1199-LH_30
HAM;1010;+0200;1310;+0200;0;LH_1187-LH_12
HAM;1520;+0200;1820;+0200;0;LH_3137-LH_2714
HAM;0740;+0200;1045;+0200;0;LH_5856-LH_3167
HAM;0705;+0200;1020;+0200;0;LH_5771-LH_8
HAM;0710;+0200;1030;+0200;0;LH_5783-LH_2064
HAM;0725;+0200;1045;+0200;0;LH_5793-LH_2706
HAM;0815;+0200;1135;+0200;0;LH_5773-LH_10
HAM;1330;+0200;1650;+0200;0;LH_2369-LH_2074
HAM;1750;+0200;2110;+0200;0;SN_5114-SN_2629
HAM;1920;+0200;2240;+0200;0;LH_5789-LH_2084
HAM;0710;+0200;1035;+0200;0;OS_8802-OS_7253
HAM;1415;+0200;1740;+0200;0;KL_1960-KL_1783
HAM;1520;+0200;1845;+0200;0;LH_1193-LH_22
HAM;1625;+0200;1950;+0200;0;LH_5777-LH_24
HAM;0720;+0200;1050;+0200;0;SN_5104-SN_2623
HAM;0935;+0200;1305;+0200;0;SK_602-SK_1647
HAM;1215;+0200;1545;+0200;0;LH_5785-LH_2072
HAM;1235;+0200;1605;+0200;0;LH_5827-LH_2827
HAM;1625;+0200;1955;+0200;0;LH_5777-LH_24
HAM;1730;+0200;2100;+0200;0;LH_2371-LH_2082
HAM;0700;+0200;1035;+0200;0;LX_2800-LX_3706
HAM;0720;+0200;1055;+0200;0;LH_5901-LH_3189
HAM;0900;+0200;1235;+0200;0;LH_5813-LH_2835
HAM;1045;+0200;1420;+0200;0;AB_8125-AB_6750
HAM;1340;+0200;1715;+0200;0;LH_1191-LH_18
HAM;1725;+0200;2100;+0200;0;LH_5817-LH_2839
HAM;1745;+0200;2120;+0200;0;LH_5797-LH_2718
HAM;0720;+0200;1100;+0200;0;SN_5104-SN_2623
HAM;1745;+0200;2125;+0200;0;OS_564-OS_7257
HAM;1810;+0200;2150;+0200;0;LH_1197-LH_28
HAM;0750;+0200;1135;+0200;0;LH_1183-LH_10
HAM;0910;+0200;1255;+0200;0;LH_2367-LH_2068
HAM;1230;+0200;1615;+0200;0;LH_5795-LH_2712
HAM;1535;+0200;1920;+0200;0;LH_5787-LH_2078
HAM;1745;+0200;2130;+0200;0;LH_5909-LH_3193
HAM;0735;+0200;1125;+0200;0;AF_5111-AF_1710
HAM;1225;+0200;1615;+0200;0;LH_5775-LH_16
HAM;1635;+0200;2025;+0200;0;AF_5105-AF_2510
HAM;1905;+0200;2255;+0200;0;LH_5779-LH_30
HAM;0910;+0200;1310;+0200;0;LH_1185-LH_12
HAM;1330;+0200;1730;+0200;0;LH_2369-LH_2086
HAM;1735;+0200;2135;+0200;0;LH_5864-LH_3169
HAM;1735;+0200;2135;+0200;0;LX_2810-LX_3698
HAM;1250;+0200;1655;+0200;0;OS_8804-OS_7255
HAM;1720;+0200;2125;+0200;0;LH_5829-LH_2831
HAM;1625;+0200;2035;+0200;0;LH_5777-LH_26
HAM;0725;+0200;1140;+0200;0;LH_5793-LH_2708
HAM;1655;+0200;2110;+0200;0;SN_5112-SN_2629
HAM;1710;+0200;2125;+0200;0;OS_8806-OS_7257
HAM;1835;+0200;2250;+0200;0;AB_8501-AB_8847
HAM;0655;+0200;1115;+0200;0;KL_1952-KL_1779
HAM;1340;+0200;1800;+0200;0;LH_1191-LH_20
HAM;1725;+0200;2145;+0200;0;SK_3506-SK_647
HAM;1520;+0200;1945;+0200;0;LH_3137-LH_2716
HAM;1700;+0200;2125;+0200;0;OS_8806-OS_7257
HAM;0705;+0200;1135;+0200;0;LH_5771-LH_10
HAM;1010;+0200;1440;+0200;0;LH_1187-LH_14
HAM;1520;+0200;1950;+0200;0;LH_1193-LH_24
HAM;0925;+0200;1400;+0200;0;KL_1954-KL_1781
HAM;1030;+0200;1505;+0200;0;SK_602-SK_649
HAM;1215;+0200;1650;+0200;0;LH_5785-LH_2074
HAM;1225;+0200;1700;+0200;0;LH_5905-LH_3191
HAM;1315;+0200;1750;+0200;0;LH_5815-LH_2837
HAM;1330;+0200;1805;+0200;0;BA_713-BA_966
HAM;1520;+0200;1955;+0200;0;LH_1193-LH_24
HAM;1650;+0200;2125;+0200;0;AB_8145-AB_6756
HAM;1655;+0200;2130;+0200;0;LH_5907-LH_3193
HAM;0705;+0200;1145;+0200;0;LH_5823-LH_2825
HAM;1650;+0200;2130;+0200;0;AB_8145-AB_6756
HAM;1650;+0200;2130;+0200;0;SK_3518-SK_3651
HAM;1655;+0200;2135;+0200;0;LH_5862-LH_3169
HAM;1655;+0200;2135;+0200;0;LX_2808-LX_3698
HAM;1715;+0200;2155;+0200;0;BD_6800-BD_3375
HAM;0710;+0200;1155;+0200;0;LH_5783-LH_2066
HAM;1320;+0200;1805;+0200;0;AA_6485-AA_6749
HAM;1535;+0200;2020;+0200;0;LH_5787-LH_2080
HAM;1730;+0200;2215;+0200;0;KL_1962-KL_1789
HAM;1810;+0200;2255;+0200;0;LH_1197-LH_30
BCN;0720;+0200;0900;+0200;0;JK_9508
BCN;0720;+0200;0900;+0200;0;LX_1952
BCN;1220;+0200;1400;+0200;0;LX_1954
BCN;1220;+0200;1400;+0200;0;JK_9510
BCN;1720;+0200;1905;+0200;0;LX_1956
BCN;1720;+0200;1905;+0200;0;JK_9512
BCN;2045;+0200;2230;+0200;0;JK_9536
BCN;2045;+0200;2230;+0200;0;LX_1950
BCN;1000;+0200;1150;+0200;0;IB_5989
BCN;1805;+0200;1955;+0200;0;IB_5774
BCN;1655;+0200;1945;+0200;0;LX_2808-LX_1946
BCN;0750;+0200;1140;+0200;0;LH_1183-LH_1126
BCN;1330;+0200;1720;+0200;0;LH_2369-LH_1814
BCN;1730;+0200;2120;+0200;0;LH_2371-LH_1816
BCN;1730;+0200;2120;+0200;0;NH_6098-NH_6077
BCN;0750;+0200;1145;+0200;0;BD_3529-BD_3450
BCN;0750;+0200;1145;+0200;0;LH_1183-LH_1126
BCN;1330;+0200;1725;+0200;0;AF_5103-AF_1948
BCN;1520;+0200;1915;+0200;0;LH_3137-LH_3304
BCN;1905;+0200;2305;+0200;0;LH_5779-LH_1138
BCN;0710;+0200;1115;+0200;0;LH_5783-LH_1810
BCN;1920;+0200;2325;+0200;0;LH_5789-LH_1818
BCN;0910;+0200;1320;+0200;0;LH_2367-LH_1812
BCN;1505;+0200;1915;+0200;0;JK_9518-JK_5723
BCN;1635;+0200;2045;+0200;0;AF_5105-AF_2148
BCN;1750;+0200;2200;+0200;0;AF_5107-AF_2348
BCN;0845;+0200;1300;+0200;0;OK_589-OK_688
BCN;1520;+0200;1935;+0200;0;LH_1193-LH_1134
BCN;1135;+0200;1555;+0200;0;AB_9748-AB_7526
BCN;0725;+0200;1150;+0200;0;LH_5793-LH_3302
BCN;0940;+0200;1405;+0200;0;LX_2804-LX_1942
BCN;1340;+0200;1805;+0200;0;BD_3557-BD_3452
BCN;1340;+0200;1805;+0200;0;LH_1191-LH_1132
BCN;0705;+0200;1140;+0200;0;LH_5771-LH_1126
BCN;0720;+0200;1155;+0200;0;SN_5104-SN_3701
BCN;1905;+0200;2340;+0200;0;IB_3471-IB_2728
BCN;0705;+0200;1145;+0200;0;LH_5771-LH_1126
BCN;0740;+0200;1220;+0200;0;BA_8760-BA_8471
BCN;0635;+0200;1120;+0200;0;AB_8121-AB_8792
BCN;0950;+0200;1435;+0200;0;AF_5101-AF_1648
BCN;1225;+0200;1715;+0200;0;JK_9504-JK_452
BCN;0625;+0200;1120;+0200;0;AB_8121-AB_8792
BCN;1205;+0200;1700;+0200;0;JK_9548-JK_6679
BCN;1745;+0200;2240;+0200;0;OS_564-OS_395
BCN;1810;+0200;2305;+0200;0;BD_3551-BD_3448
BCN;1810;+0200;2305;+0200;0;LH_1197-LH_1138
BCN;0750;+0200;1250;+0200;0;OS_568-OS_397
BCN;1010;+0200;1515;+0200;0;LH_1187-LH_1128
BCN;1150;+0200;1655;+0200;0;IB_3477-IB_6772
BCN;1215;+0200;1720;+0200;0;LH_5785-LH_1814
BCN;1155;+0200;1705;+0200;0;KL_1958-KL_1675
BCN;1320;+0200;1830;+0200;0;AA_6485-AA_6292
BCN;1415;+0200;1925;+0200;0;KL_1960-KL_1677
BCN;0740;+0200;1255;+0200;0;IB_3475-IB_6764
BCN;1730;+0200;2245;+0200;0;KL_1962-KL_1681
BCN;1750;+0200;2305;+0200;0;SN_5114-SN_3707
BCN;0655;+0200;1215;+0200;0;KL_1952-KL_1671
BCN;0700;+0200;1225;+0200;0;AA_6483-AA_6260
BCN;1635;+0200;2200;+0200;0;AF_5105-AF_2348
BCN;0910;+0200;1440;+0200;0;SN_5106-SN_3703
BCN;1710;+0200;2240;+0200;0;OS_8806-OS_395
BCN;1150;+0200;1725;+0200;0;IB_3477-IB_6774
BCN;0710;+0200;1250;+0200;0;OS_8802-OS_397
BCN;0925;+0200;1505;+0200;0;KL_1954-KL_1673
BCN;1225;+0200;1805;+0200;0;LH_5775-LH_1132
BCN;1700;+0200;2240;+0200;0;OS_8806-OS_395
BCN;1505;+0200;2050;+0200;0;JK_9518-JK_5735
BCN;1535;+0200;2120;+0200;0;LH_5787-LH_1816
BCN;0945;+0200;1535;+0200;0;TP_6762-TP_1042
BCN;1330;+0200;1920;+0200;0;BA_713-BA_470
BCN;1340;+0200;1935;+0200;0;LH_1191-LH_1134
BCN;1530;+0200;2125;+0200;0;JL_7734-JL_7743
BCN;1530;+0200;2125;+0200;0;BA_715-BA_482
BCN;1730;+0200;2325;+0200;0;LH_2371-LH_1818
BCN;1330;+0200;1930;+0200;0;AF_5103-AF_2048
BCN;1530;+0200;2130;+0200;0;AA_6677-AA_6294
PAR;0855;+0200;1000;+0200;0;VY_1905
PAR;0855;+0200;1000;+0200;0;IB_5534
PAR;2020;+0200;2125;+0200;0;IB_5532
PAR;2020;+0200;2125;+0200;0;VY_1907
PAR;0905;+0200;1020;+0200;0;LX_634
PAR;0905;+0200;1020;+0200;0;UA_9780
PAR;1235;+0200;1350;+0200;0;LX_638
PAR;1640;+0200;1755;+0200;0;LX_656
PAR;1815;+0200;1930;+0200;0;LX_644
PAR;2025;+0200;2140;+0200;0;LX_646
PAR;0735;+0200;0900;+0200;0;LX_632
PAR;1635;+0200;1800;+0200;0;AF_5105
PAR;1750;+0200;1915;+0200;0;AF_5107
PAR;0950;+0200;1120;+0200;0;AF_5101
PAR;1330;+0200;1500;+0200;0;AF_5103
PAR;1940;+0200;2110;+0200;0;AF_5109
PAR;0735;+0200;0910;+0200;0;AF_5111
PAR;0700;+0200;0940;+0200;0;LX_2800-LX_4600
PAR;1520;+0200;1815;+0200;0;LH_1193-LH_1042
PAR;1840;+0200;2135;+0200;0;LH_3139-LH_3226
PAR;0940;+0200;1240;+0200;0;LX_2804-LX_4604
PAR;1310;+0200;1610;+0200;0;LX_2806-LX_4608
PAR;0750;+0200;1055;+0200;0;LH_1183-LH_1030
PAR;0905;+0200;1210;+0200;0;LH_3135-LH_3220
PAR;0910;+0200;1215;+0200;0;LH_2367-LH_2230
PAR;1010;+0200;1315;+0200;0;LH_1187-LH_1034
PAR;1735;+0200;2040;+0200;0;LX_2810-LX_4614
PAR;1730;+0200;2040;+0200;0;LH_2371-LH_2238
PAR;0710;+0200;1025;+0200;0;LH_5783-LH_2228
PAR;1625;+0200;1940;+0200;0;LH_5777-LH_1046
PAR;1920;+0200;2235;+0200;0;LH_5789-LH_2240
PAR;1340;+0200;1700;+0200;0;LH_1191-LH_1040
PAR;0720;+0200;1045;+0200;0;SN_5104-SN_3633
PAR;0740;+0200;1110;+0200;0;LX_2802-LX_4602
PAR;1455;+0200;1825;+0200;0;LH_3145-LH_3232
PAR;1810;+0200;2140;+0200;0;LH_1197-LH_1050
PAR;1905;+0200;2245;+0200;0;LH_5779-LH_1052
PAR;1330;+0200;1715;+0200;0;LH_2369-LH_2234
PAR;1645;+0200;2030;+0200;0;AB_8317-AB_8156
PAR;1655;+0200;2040;+0200;0;LX_2808-LX_4614
PAR;0655;+0200;1045;+0200;0;KL_1952-KL_2003
PAR;0705;+0200;1055;+0200;0;LH_5771-LH_1030
PAR;1520;+0200;1910;+0200;0;LH_3137-LH_3224
PAR;1745;+0200;2135;+0200;0;LH_5797-LH_3226
PAR;0720;+0200;1115;+0200;0;SN_5104-SN_3633
PAR;1215;+0200;1610;+0200;0;LX_2824-LX_4608
PAR;1415;+0200;1810;+0200;0;KL_1960-KL_1243
PAR;1645;+0200;2040;+0200;0;JP_311-JP_342
PAR;1625;+0200;2025;+0200;0;HG_8537-HG_8734
PAR;1625;+0200;2025;+0200;0;AB_8537-AB_8734
PAR;1710;+0200;2110;+0200;0;BA_717-BA_324
PAR;0910;+0200;1315;+0200;0;LH_1185-LH_1034
PAR;1215;+0200;1620;+0200;0;LH_5785-LH_2232
PAR;0700;+0200;1110;+0200;0;LX_2800-LX_4602
DUS;0905;+0200;1015;+0200;0;LH_3135
DUS;0910;+0200;1020;+0200;0;LX_3634
DUS;1520;+0200;1630;+0200;0;LH_3137
DUS;1545;+0200;1655;+0200;0;LX_3636
DUS;1840;+0200;1950;+0200;0;LH_3139
DUS;1840;+0200;1950;+0200;0;LX_3640
DUS;1945;+0200;2055;+0200;0;LH_3141
DUS;1945;+0200;2055;+0200;0;LX_3638
DUS;0725;+0200;0840;+0200;0;LX_1016
DUS;0725;+0200;0840;+0200;0;LH_5793
DUS;1650;+0200;1805;+0200;0;AB_8145
DUS;2050;+0200;2205;+0200;0;AB_8521
DUS;0645;+0200;0805;+0200;0;AB_8119
DUS;1045;+0200;1205;+0200;0;AB_8125
DUS;1230;+0200;1350;+0200;0;LX_1018
DUS;1230;+0200;1350;+0200;0;UA_9802
DUS;1230;+0200;1350;+0200;0;LH_5795
DUS;1745;+0200;1905;+0200;0;LH_5797
DUS;1745;+0200;1905;+0200;0;LX_1026
DUS;1900;+0200;2020;+0200;0;AB_8173
DUS;1905;+0200;2025;+0200;0;AB_8173
DUS;2035;+0200;2200;+0200;0;LH_5799
DUS;2040;+0200;2205;+0200;0;LX_1028
DUS;2040;+0200;2205;+0200;0;LH_5799
DUS;1730;+0200;2010;+0200;0;LH_2371-LH_2020
DUS;0705;+0200;0950;+0200;0;LH_5823-LH_2751
DUS;1535;+0200;1820;+0200;0;LH_5787-LH_2016
DUS;2005;+0200;2250;+0200;0;LH_2373-LH_2026
DUS;0700;+0200;0955;+0200;0;LX_2800-LX_3710
DUS;0815;+0200;1110;+0200;0;LH_5773-LH_76
DUS;1455;+0200;1750;+0200;0;LH_3145-LH_2715
DUS;0910;+0200;1210;+0200;0;LH_2367-LH_2008
DUS;0915;+0200;1215;+0200;0;LH_3143-LH_2709
DUS;0625;+0200;0930;+0200;0;AB_8121-AB_6439
DUS;0710;+0200;1015;+0200;0;LH_5783-LH_2004
DUS;0720;+0200;1030;+0200;0;LH_5901-LH_3177
DUS;1520;+0200;1830;+0200;0;LH_1193-LH_84
DUS;1915;+0200;2225;+0200;0;AB_8199-AB_6451
DUS;0725;+0200;1040;+0200;0;LH_5845-LH_2707
DUS;1630;+0200;1945;+0200;0;LH_5843-LH_2743
DUS;1645;+0200;2000;+0200;0;AB_8317-AB_6449
DUS;1735;+0200;2050;+0200;0;LX_2810-LX_3694
DUS;1905;+0200;2220;+0200;0;LH_5779-LH_88
DUS;0750;+0200;1110;+0200;0;LH_1183-LH_76
DUS;1330;+0200;1650;+0200;0;LH_2369-LH_2014
DUS;0900;+0200;1225;+0200;0;AB_8151-AB_8241
DUS;1415;+0200;1740;+0200;0;KL_1960-KL_1861
DUS;1455;+0200;1820;+0200;0;AB_8211-AB_6447
DUS;1730;+0200;2055;+0200;0;LH_2371-LH_2022
DUS;1215;+0200;1545;+0200;0;LH_5785-LH_2012
DUS;1245;+0200;1615;+0200;0;LH_5839-LH_2739
DUS;1735;+0200;2105;+0200;0;LH_5864-LH_3165
DUS;1920;+0200;2250;+0200;0;LH_5789-LH_2026
DUS;1235;+0200;1615;+0200;0;LH_5847-LH_2713
DUS;1710;+0200;2050;+0200;0;OS_8806-OS_7249
DUS;0710;+0200;1055;+0200;0;OS_8802-OS_7251
DUS;0940;+0200;1325;+0200;0;LH_5858-LH_3159
DUS;1340;+0200;1725;+0200;0;LH_1191-LH_82
DUS;1625;+0200;2010;+0200;0;AB_8537-AB_8137
DUS;0710;+0200;1100;+0200;0;OS_8802-OS_7251
DUS;0725;+0200;1115;+0200;0;LH_5837-LH_2733
DUS;0850;+0200;1240;+0200;0;LH_5853-LH_2735
DUS;1010;+0200;1400;+0200;0;LH_1187-LH_78
DUS;1310;+0200;1700;+0200;0;LH_5860-LH_3163
DUS;1700;+0200;2050;+0200;0;OS_8806-OS_7249
DUS;0915;+0200;1310;+0200;0;LH_3143-LH_2711
DUS;1655;+0200;2050;+0200;0;LX_2808-LX_3694
DUS;1725;+0200;2120;+0200;0;LH_5817-LH_2795
DUS;1735;+0200;2130;+0200;0;LH_5849-LH_2719
DUS;1745;+0200;2140;+0200;0;OS_564-OS_7247
DUS;1745;+0200;2140;+0200;0;LH_5909-LH_3185
DUS;1250;+0200;1650;+0200;0;OS_8804-OS_7245
DUS;1535;+0200;1935;+0200;0;LH_5787-LH_2018
DUS;1720;+0200;2120;+0200;0;LH_5829-LH_2759
DUS;0635;+0200;1040;+0200;0;AB_8121-AB_6441
DUS;0705;+0200;1110;+0200;0;LH_5771-LH_76
DUS;1250;+0200;1655;+0200;0;OS_8804-OS_7245
DUS;1835;+0200;2240;+0200;0;AB_8501-AB_8813
DUS;0705;+0200;1115;+0200;0;LH_5823-LH_2753
DUS;1625;+0200;2035;+0200;0;LH_5777-LH_86
DUS;1655;+0200;2105;+0200;0;LH_5862-LH_3165
DUS;1710;+0200;2120;+0200;0;BA_717-BA_946
DUS;1740;+0200;2150;+0200;0;LH_5841-LH_2745
DUS;1810;+0200;2220;+0200;0;LH_1197-LH_88
DUS;0625;+0200;1040;+0200;0;AB_8121-AB_6441
DUS;0950;+0200;1405;+0200;0;AF_5101-AF_1906
DUS;1715;+0200;2135;+0200;0;LO_5416-LO_5409
DUS;1745;+0200;2205;+0200;0;OS_564-OS_7247
DUS;0900;+0200;1325;+0200;0;LH_5813-LH_2791
DUS;1315;+0200;1740;+0200;0;LH_5815-LH_2793
DUS;1350;+0200;1815;+0200;0;SK_604-SK_627
DUS;1750;+0200;2215;+0200;0;AF_5107-AF_1106
DUS;0630;+0200;1100;+0200;0;AB_8683-AB_6749
DUS;1530;+0200;2000;+0200;0;BD_6784-BD_3253
DUS;1710;+0200;2140;+0200;0;OS_8806-OS_7247
DUS;1725;+0200;2155;+0200;0;BD_6824-BD_3417
DUS;1730;+0200;2200;+0200;0;LH_2371-LH_2024
AMS;0720;+0200;0855;+0200;0;LX_724
AMS;0925;+0200;1100;+0200;0;KL_1954
AMS;1155;+0200;1330;+0200;0;KL_1958
AMS;1240;+0200;1415;+0200;0;LX_728
AMS;1730;+0200;1905;+0200;0;LX_734
AMS;1925;+0200;2100;+0200;0;KL_1964
AMS;2035;+0200;2210;+0200;0;LX_736
AMS;0655;+0200;0835;+0200;0;KL_1952
AMS;1415;+0200;1600;+0200;0;KL_1960
AMS;1730;+0200;1915;+0200;0;KL_1962
AMS;0705;+0200;1010;+0200;0;LH_5771-LH_988
AMS;1625;+0200;1930;+0200;0;LH_5777-LH_998
AMS;1730;+0200;2035;+0200;0;LH_2371-LH_2310
AMS;1905;+0200;2215;+0200;0;LH_5779-LH_1002
AMS;1330;+0200;1645;+0200;0;LH_2369-LH_2306
AMS;0710;+0200;1030;+0200;0;LH_5783-LH_2302
AMS;0915;+0200;1235;+0200;0;UA_8877-UA_9553
AMS;0910;+0200;1235;+0200;0;UA_8877-UA_9553
AMS;0910;+0200;1235;+0200;0;LH_1185-LH_990
AMS;0910;+0200;1245;+0200;0;LH_2367-LH_2304
AMS;1235;+0200;1620;+0200;0;LH_5847-LH_3336
AMS;1635;+0200;2020;+0200;0;AF_5105-AF_8240
AMS;1750;+0200;2140;+0200;0;AF_5107-AF_8242
AMS;1010;+0200;1405;+0200;0;UA_9051-UA_9163
AMS;0735;+0200;1140;+0200;0;AF_5111-AF_8230
AMS;1010;+0200;1415;+0200;0;UA_9051-UA_9163
AMS;1010;+0200;1415;+0200;0;LH_1187-LH_992
AMS;1330;+0200;1735;+0200;0;AF_5103-AF_2040
AMS;1810;+0200;2215;+0200;0;LH_1197-LH_1002
AMS;0950;+0200;1400;+0200;0;AF_5101-AF_1740
AMS;1250;+0200;1700;+0200;0;OS_8804-OS_373
AMS;1340;+0200;1750;+0200;0;LH_1191-LH_996
AMS;1520;+0200;1930;+0200;0;LH_1193-LH_998
AMS;1700;+0200;2110;+0200;0;BA_8766-BA_8457
AMS;1745;+0200;2155;+0200;0;OS_564-OS_377
AMS;0815;+0200;1235;+0200;0;LH_5773-LH_990
AMS;0815;+0200;1235;+0200;0;UA_8822-UA_9553
AMS;1220;+0200;1645;+0200;0;SK_3504-SK_1549
AMS;1215;+0200;1645;+0200;0;LH_5785-LH_2306
AMS;1530;+0200;2010;+0200;0;BA_715-BA_442
AMS;1530;+0200;2010;+0200;0;AA_6677-AA_6452
AMS;0750;+0200;1235;+0200;0;LH_1183-LH_990
AMS;1330;+0200;1815;+0200;0;BA_713-BA_440
AMS;1455;+0200;1940;+0200;0;LH_3145-LH_3338
AMS;1710;+0200;2155;+0200;0;OS_8806-OS_377
AMS;0915;+0200;1405;+0200;0;UA_8877-UA_9163
AMS;1040;+0200;1530;+0200;0;BA_711-BA_438
AMS;1715;+0200;2205;+0200;0;LO_5416-LO_269
AMS;1730;+0200;2220;+0200;0;LH_2371-LH_2312
AMS;0910;+0200;1405;+0200;0;UA_8877-UA_9163
AMS;1320;+0200;1815;+0200;0;AA_6485-AA_6459
AMS;1700;+0200;2155;+0200;0;OS_8806-OS_377
AMS;0915;+0200;1415;+0200;0;UA_8877-UA_9163
AMS;1330;+0200;1830;+0200;0;LH_2369-LH_2308
AMS;1535;+0200;2035;+0200;0;LH_5787-LH_2310
AMS;1710;+0200;2210;+0200;0;BA_717-BA_444
STO;0650;+0200;0910;+0200;0;SK_3508
STO;0650;+0200;0910;+0200;0;LX_1248
STO;1635;+0200;1855;+0200;0;LX_1254
STO;1635;+0200;1855;+0200;0;SK_3510
STO;0945;+0200;1210;+0200;0;UA_6964
STO;0945;+0200;1210;+0200;0;SK_606
STO;0950;+0200;1215;+0200;0;SK_606
STO;0950;+0200;1215;+0200;0;UA_6964
STO;0950;+0200;1215;+0200;0;LX_4706
STO;1240;+0200;1505;+0200;0;SK_3514
STO;1240;+0200;1505;+0200;0;LX_1250
STO;1955;+0200;2220;+0200;0;SK_1606
STO;1955;+0200;2220;+0200;0;LX_4708
STO;0935;+0200;1305;+0200;0;SK_602-SK_1420
STO;1050;+0200;1420;+0200;0;AB_8589-AB_8102
STO;1350;+0200;1725;+0200;0;SK_604-SK_1424
STO;1915;+0200;2300;+0200;0;AB_8199-AB_8100
STO;2005;+0200;2350;+0200;0;BD_3555-BD_3526
STO;2005;+0200;2350;+0200;0;LH_1199-LH_808
STO;2010;+0200;2355;+0200;0;SK_610-SK_1428
STO;1650;+0200;2045;+0200;0;SK_3518-SK_896
STO;0710;+0200;1110;+0200;0;LH_5783-LH_2414
STO;0750;+0200;1150;+0200;0;BD_3529-BD_3522
STO;0750;+0200;1150;+0200;0;LH_1183-LH_802
STO;1330;+0200;1730;+0200;0;LH_2369-LH_2418
STO;1535;+0200;1935;+0200;0;LH_5787-LH_6188
STO;1625;+0200;2025;+0200;0;LH_5777-LH_6228
STO;1725;+0200;2125;+0200;0;SK_3506-SK_1430
STO;1745;+0200;2145;+0200;0;LH_5797-LH_6284
STO;1010;+0200;1415;+0200;0;LH_1187-LH_6226
STO;1730;+0200;2140;+0200;0;LH_2371-LH_2420
STO;1220;+0200;1635;+0200;0;SK_3504-SK_408
STO;1520;+0200;1940;+0200;0;LH_3137-LH_2924
STO;1650;+0200;2115;+0200;0;SK_3518-SK_896
STO;1155;+0200;1625;+0200;0;KL_1958-KL_1115
STO;1300;+0200;1730;+0200;0;KF_64-KF_847
STO;1300;+0200;1730;+0200;0;SK_6516-SK_6423
STO;1350;+0200;1820;+0200;0;SK_604-SK_410
STO;1715;+0200;2145;+0200;0;LO_5416-LO_455
STO;1455;+0200;1930;+0200;0;LH_3145-LH_2930
STO;1630;+0200;2110;+0200;0;LH_5843-LH_6060
STO;1655;+0200;2135;+0200;0;SN_5112-SN_2309
STO;1745;+0200;2225;+0200;0;OS_564-OS_317
STO;0705;+0200;1150;+0200;0;LH_5771-LH_802
STO;1415;+0200;1900;+0200;0;KL_1960-KL_1117
STO;1725;+0200;2210;+0200;0;SK_3506-SK_414
STO;1905;+0200;2350;+0200;0;LH_5779-LH_808
STO;0700;+0200;1150;+0200;0;SK_3516-SK_864
STO;0905;+0200;1400;+0200;0;LH_3135-LH_2922
STO;1030;+0200;1525;+0200;0;SK_602-SK_1422
STO;1750;+0200;2245;+0200;0;AF_5107-AF_1462
STO;0700;+0200;1200;+0200;0;SK_3516-SK_864
STO;0900;+0200;1400;+0200;0;HG_8151-HG_8490
STO;1015;+0200;1515;+0200;0;OS_562-OS_313
STO;1055;+0200;1555;+0200;0;AY_858-AY_637
STO;1340;+0200;1840;+0200;0;LH_1191-LH_804
STO;1340;+0200;1840;+0200;0;BD_3557-BD_3524
STO;0910;+0200;1415;+0200;0;LH_1185-LH_6226
STO;1220;+0200;1725;+0200;0;SK_3504-SK_1424
STO;1330;+0200;1835;+0200;0;AF_5103-AF_1062
STO;1520;+0200;2025;+0200;0;LH_1193-LH_6228
STO;0845;+0200;1355;+0200;0;OK_589-OK_490
STO;1215;+0200;1730;+0200;0;LH_5785-LH_2418
STO;1710;+0200;2225;+0200;0;OS_8806-OS_317
STO;0655;+0200;1215;+0200;0;KL_1952-KL_1109
STO;0740;+0200;1305;+0200;0;BA_8760-BA_8491
STO;1700;+0200;2225;+0200;0;OS_8806-OS_317
STO;1350;+0200;1920;+0200;0;SK_604-SK_1426
STO;1625;+0200;2155;+0200;0;LH_5777-LH_6056
STO;1700;+0200;2230;+0200;0;BA_8766-BA_8493
STO;1730;+0200;2300;+0200;0;KL_1962-KL_1121
STO;1420;+0200;1955;+0200;0;BT_642-BT_109
STO;1810;+0200;2350;+0200;0;NH_6100-NH_6189
STO;1810;+0200;2350;+0200;0;BD_3551-BD_3526
STO;1810;+0200;2350;+0200;0;LH_1197-LH_808
STO;0935;+0200;1525;+0200;0;SK_602-SK_1422
STO;0710;+0200;1305;+0200;0;SK_3502-SK_1420
STO;1055;+0200;1650;+0200;0;AY_858-AY_645
STO;1300;+0200;1855;+0200;0;KF_64-KF_867
STO;1300;+0200;1855;+0200;0;SK_6516-SK_6430
STO;1530;+0200;2125;+0200;0;BD_6784-BD_3846
STO;1835;+0200;0030;+0200;1;BD_6788-BD_3850
STO;0815;+0200;1415;+0200;0;LH_5773-LH_6226
STO;0915;+0200;1515;+0200;0;LH_3143-LH_2928
STO;1220;+0200;1820;+0200;0;SK_3504-SK_410
STO;0720;+0200;1325;+0200;0;SN_5104-SN_2305
STO;0910;+0200;1515;+0200;0;LH_2367-LH_2416
STO;1030;+0200;1635;+0200;0;UA_6944-UA_6899
STO;1030;+0200;1635;+0200;0;SK_602-SK_408
STO;1055;+0200;1700;+0200;0;AY_858-AY_983
STO;1205;+0200;1810;+0200;0;LO_5414-LO_457
STO;1330;+0200;1935;+0200;0;LH_2369-LH_6188
STO;1535;+0200;2140;+0200;0;LH_5787-LH_2420
STO;1635;+0200;2245;+0200;0;AF_5105-AF_1462
STO;1225;+0200;1840;+0200;0;LH_5775-LH_804
STO;1645;+0200;2300;+0200;0;AB_8317-AB_8100
STO;0705;+0200;1325;+0200;0;BD_6802-BD_3948
STO;0750;+0200;1415;+0200;0;LH_1183-LH_6226
STO;1520;+0200;2145;+0200;0;LH_3137-LH_6284
STO;0700;+0200;1330;+0200;0;SK_3516-SK_868
STO;1710;+0200;2340;+0200;0;BA_717-BA_786
STO;1725;+0200;2355;+0200;0;SK_3506-SK_1428
STO;0725;+0200;1400;+0200;0;LH_5793-LH_2922
STO;1025;+0200;1700;+0200;0;AA_6470-AA_6361
STO;1520;+0200;2155;+0200;0;LH_1193-LH_6056
STO;1040;+0200;1720;+0200;0;BA_711-BA_780
STO;1330;+0200;2010;+0200;0;BA_713-BA_782
STO;1300;+0200;1945;+0200;0;SK_6516-SK_709
STO;1300;+0200;1945;+0200;0;KF_64-KF_5306
STO;1340;+0200;2025;+0200;0;LH_1191-LH_6228
PRG;0845;+0200;1000;+0200;0;OK_589
PRG;0815;+0200;0935;+0200;0;LX_1484
PRG;1255;+0200;1415;+0200;0;LX_1486
PRG;1725;+0200;1845;+0200;0;LX_1498
PRG;1730;+0200;2015;+0200;0;LH_2371-LH_1696
PRG;1730;+0200;2015;+0200;0;NH_6098-NH_6069
PRG;1330;+0200;1620;+0200;0;LH_2369-LH_1692
PRG;1745;+0200;2035;+0200;0;OS_564-OS_711
PRG;0750;+0200;1045;+0200;0;OS_568-OS_705
PRG;1010;+0200;1310;+0200;0;BD_3553-BD_2990
PRG;0910;+0200;1220;+0200;0;LH_2367-LH_1690
PRG;2005;+0200;2315;+0200;0;BD_3555-BD_2996
PRG;2005;+0200;2315;+0200;0;LH_1199-LH_1402
PRG;1230;+0200;1545;+0200;0;LH_5795-LH_3052
PRG;1520;+0200;1845;+0200;0;LH_1193-LH_1400
PRG;1520;+0200;1845;+0200;0;BD_3559-BD_2994
PRG;1710;+0200;2035;+0200;0;OS_8806-OS_711
PRG;0815;+0200;1145;+0200;0;LH_5773-LH_1394
PRG;0710;+0200;1045;+0200;0;OS_8802-OS_705
PRG;1655;+0200;2030;+0200;0;SN_5112-SN_2813
PRG;1700;+0200;2035;+0200;0;OS_8806-OS_711
PRG;0910;+0200;1255;+0200;0;LH_1185-LH_1396
PRG;1340;+0200;1725;+0200;0;BD_3557-BD_2992
PRG;1340;+0200;1725;+0200;0;LH_1191-LH_1398
PRG;0925;+0200;1315;+0200;0;KL_1954-KL_1355
PRG;1750;+0200;2140;+0200;0;AF_5107-AF_1082
PRG;0655;+0200;1050;+0200;0;KL_1952-KL_3121
PRG;0750;+0200;1145;+0200;0;LH_1183-LH_1394
PRG;0750;+0200;1145;+0200;0;BD_3529-BD_3000
PRG;1015;+0200;1410;+0200;0;OS_562-OS_707
PRG;0910;+0200;1310;+0200;0;BD_3561-BD_2990
PRG;1215;+0200;1620;+0200;0;LH_5785-LH_1692
PRG;1520;+0200;1925;+0200;0;LH_3137-LH_3054
PRG;0740;+0200;1150;+0200;0;LX_2802-LX_1472
PRG;1230;+0200;1640;+0200;0;SN_5108-SN_2811
PRG;1905;+0200;2315;+0200;0;LH_5779-LH_1402
PRG;1415;+0200;1840;+0200;0;KL_1960-KL_1357
PRG;0950;+0200;1425;+0200;0;AF_5101-AF_1982
PRG;0705;+0200;1145;+0200;0;LH_5771-LH_1394
PRG;0815;+0200;1255;+0200;0;LH_5773-LH_1396
PRG;1535;+0200;2015;+0200;0;LH_5787-LH_1696
PRG;1750;+0200;2230;+0200;0;SN_5114-SN_2815
PRG;1750;+0200;2235;+0200;0;SN_5114-SN_2815
LIS;1225;+0200;1410;+0100;0;TP_921
LIS;1225;+0200;1410;+0100;0;LX_4580
LIS;1920;+0200;2105;+0100;0;LX_4582
LIS;1920;+0200;2105;+0100;0;TP_927
LIS;0945;+0200;1135;+0100;0;TP_6762
LIS;0945;+0200;1135;+0100;0;UA_9792
LIS;0945;+0200;1135;+0100;0;LX_2084
LIS;1735;+0200;2100;+0100;0;LX_2810-LX_4586
LIS;1420;+0200;1755;+0100;0;TP_917-TP_1975
LIS;1720;+0200;2100;+0100;0;JK_9506-JK_9417
LIS;1720;+0200;2100;+0100;0;JK_9512-JK_9494
LIS;1905;+0200;2255;+0100;0;IB_3471-IB_3118
LIS;0940;+0200;1335;+0100;0;LX_2804-LX_4584
LIS;1135;+0200;1535;+0100;0;AB_9748-AB_7612
LIS;1150;+0200;1550;+0100;0;IB_3477-IB_3102
LIS;1750;+0200;2150;+0100;0;AF_5107-AF_2324
LIS;1330;+0200;1735;+0100;0;AF_5103-AF_1924
LIS;1655;+0200;2100;+0100;0;LX_2808-LX_4586
LIS;0705;+0200;1115;+0100;0;LH_5771-LH_1166
LIS;0740;+0200;1150;+0100;0;IB_3475-IB_3110
LIS;1655;+0200;2105;+0100;0;SN_5112-SN_6405
LIS;0910;+0200;1325;+0100;0;LH_2367-LH_1790
LIS;0910;+0200;1325;+0100;0;UA_8775-UA_8938
LIS;1730;+0200;2145;+0100;0;LH_2371-LH_1792
LIS;0720;+0200;1155;+0100;0;SN_5104-SN_3815
LIS;0720;+0200;1155;+0100;0;JK_9508-JK_9445
LIS;1905;+0200;2340;+0100;0;LH_5779-LH_1172
LIS;1625;+0200;2120;+0100;0;LH_5777-LH_6956
LIS;0910;+0200;1410;+0100;0;SN_5106-SN_6403
LIS;0950;+0200;1450;+0100;0;AF_5101-AF_1624
LIS;1220;+0200;1720;+0100;0;JK_9510-JK_9401
LIS;0710;+0200;1215;+0100;0;JK_9502-JK_9447
LIS;0925;+0200;1435;+0100;0;KL_1954-KL_1693
LIS;1635;+0200;2150;+0100;0;AF_5105-AF_2324
LIS;1710;+0200;2225;+0100;0;BA_717-BA_504
LIS;1010;+0200;1530;+0100;0;LH_1187-LH_6994
LIS;1730;+0200;2250;+0100;0;KL_1962-KL_1697
LIS;1205;+0200;1730;+0100;0;JK_9548-JK_9481
LIS;1810;+0200;2340;+0100;0;LH_1197-LH_1172
LIS;1810;+0200;2340;+0100;0;BD_3551-BD_3350
LIS;1010;+0200;1545;+0100;0;UA_9051-UA_8896
LIS;1010;+0200;1555;+0100;0;LH_1187-LH_1168
LIS;1010;+0200;1555;+0100;0;UA_9051-UA_8896
LIS;1205;+0200;1750;+0100;0;LO_5414-LO_5441
LIS;0700;+0200;1250;+0100;0;BA_709-BA_506
LIS;0740;+0200;1335;+0100;0;LX_2802-LX_4584
LIS;0910;+0200;1505;+0100;0;LH_2367-LH_6950
LIS;1420;+0200;2020;+0100;0;TP_917-TP_1981
LIS;1520;+0200;2120;+0100;0;CA_6374-CA_7047
LIS;1520;+0200;2120;+0100;0;LH_1193-LH_6956
LIS;1225;+0200;1830;+0100;0;JK_9504-JK_9425
LIS;1535;+0200;2145;+0100;0;LH_5787-LH_1792
LIS;0710;+0200;1325;+0100;0;LH_5783-LH_1790
LIS;0720;+0200;1340;+0100;0;JK_9508-JK_9439
LIS;0910;+0200;1530;+0100;0;LH_1185-LH_6994
LIS;0915;+0200;1545;+0100;0;UA_8877-UA_8896
MAD;0740;+0200;0950;+0200;0;IB_3475
MAD;1150;+0200;1400;+0200;0;IB_3477
MAD;1905;+0200;2115;+0200;0;IB_3471
MAD;0710;+0200;0930;+0200;0;JK_9502
MAD;0715;+0200;0935;+0200;0;LX_2020
MAD;1225;+0200;1445;+0200;0;JK_9504
MAD;1225;+0200;1445;+0200;0;LX_2026
MAD;1720;+0200;1940;+0200;0;LX_2032
MAD;1720;+0200;1945;+0200;0;JK_9506
MAD;0710;+0200;1135;+0200;0;LH_5783-LH_1800
MAD;1730;+0200;2155;+0200;0;LH_2371-LH_1806
MAD;1730;+0200;2155;+0200;0;NH_6098-NH_6097
MAD;0705;+0200;1140;+0200;0;LH_5771-LH_1112
MAD;1340;+0200;1815;+0200;0;LH_1191-LH_1116
MAD;1340;+0200;1815;+0200;0;BD_3557-BD_2916
MAD;1135;+0200;1620;+0200;0;AB_9748-AB_7740
MAD;1905;+0200;2350;+0200;0;LH_5779-LH_1120
MAD;0950;+0200;1440;+0200;0;AF_5101-AF_1600
MAD;1720;+0200;2210;+0200;0;JK_9512-JK_445
MAD;1750;+0200;2245;+0200;0;SN_5114-SN_3731
MAD;1700;+0200;2200;+0200;0;BA_8766-BA_8755
MAD;0910;+0200;1415;+0200;0;LH_2367-LH_1802
MAD;1215;+0200;1720;+0200;0;LH_5785-LH_1804
MAD;1225;+0200;1730;+0200;0;TP_921-TP_1016
MAD;1520;+0200;2025;+0200;0;LH_1193-LH_6802
MAD;0655;+0200;1205;+0200;0;KL_1952-KL_1701
MAD;0740;+0200;1250;+0200;0;BA_8760-BA_8753
MAD;1635;+0200;2145;+0200;0;AF_5105-AF_2100
MAD;1745;+0200;2255;+0200;0;LH_5797-LH_3294
MAD;0845;+0200;1400;+0200;0;OK_589-OK_700
MAD;0910;+0200;1425;+0200;0;LH_1185-LH_1114
MAD;0910;+0200;1425;+0200;0;BD_3561-BD_2918
MAD;1330;+0200;1845;+0200;0;AF_5103-AF_1900
MAD;1320;+0200;1840;+0200;0;AA_6485-AA_6282
MAD;0720;+0200;1255;+0200;0;JK_9508-JK_7554
MAD;1025;+0200;1600;+0200;0;AA_6470-AA_6280
MAD;1155;+0200;1730;+0200;0;KL_1958-KL_1705
MAD;1220;+0200;1755;+0200;0;JK_9510-JK_443
MAD;1415;+0200;1950;+0200;0;KL_1960-KL_1709
MAD;1730;+0200;2310;+0200;0;KL_1962-KL_1707
MAD;1810;+0200;2350;+0200;0;NH_6100-NH_6141
MAD;1810;+0200;2350;+0200;0;BD_3551-BD_2920
MAD;1810;+0200;2350;+0200;0;LH_1197-LH_1120
MAD;1505;+0200;2050;+0200;0;JK_9518-JK_5629
MAD;0925;+0200;1515;+0200;0;KL_1954-KL_1703
MAD;1225;+0200;1815;+0200;0;LH_5775-LH_1116
MAD;1310;+0200;1900;+0200;0;LX_2806-LX_2048
MAD;1655;+0200;2245;+0200;0;SN_5112-SN_3731
MAD;1010;+0200;1615;+0200;0;LH_1187-LH_6800
MAD;0815;+0200;1425;+0200;0;LH_5773-LH_1114
CPH;0710;+0200;0855;+0200;0;LX_1266
CPH;0710;+0200;0855;+0200;0;SK_3502
CPH;0935;+0200;1120;+0200;0;SK_602
CPH;1030;+0200;1215;+0200;0;UA_6944
CPH;1030;+0200;1215;+0200;0;SK_602
CPH;1030;+0200;1215;+0200;0;LX_4700
CPH;1220;+0200;1405;+0200;0;LX_1270
CPH;1220;+0200;1405;+0200;0;SK_3504
CPH;1350;+0200;1535;+0200;0;SK_604
CPH;1350;+0200;1535;+0200;0;UA_6946
CPH;2010;+0200;2155;+0200;0;LX_4704
CPH;2010;+0200;2155;+0200;0;SK_610
CPH;1725;+0200;1915;+0200;0;SK_3506
CPH;1725;+0200;1915;+0200;0;LX_1272
CPH;1050;+0200;1345;+0200;0;AB_8589-AB_8092
CPH;1050;+0200;1350;+0200;0;AB_8589-AB_8092
CPH;0910;+0200;1215;+0200;0;LH_2367-LH_2442
CPH;1555;+0200;1900;+0200;0;OL_213-OL_184
CPH;0725;+0200;1035;+0200;0;LH_5837-LH_6036
CPH;2005;+0200;2315;+0200;0;LH_1199-LH_832
CPH;2005;+0200;2315;+0200;0;BD_3555-BD_3422
CPH;0725;+0200;1040;+0200;0;LH_5845-LH_6238
CPH;0730;+0200;1045;+0200;0;LH_5803-LH_6270
CPH;1730;+0200;2045;+0200;0;LH_2371-LH_2446
CPH;1810;+0200;2130;+0200;0;LH_1197-LH_6224
CPH;1915;+0200;2235;+0200;0;AB_8199-AB_8950
CPH;2005;+0200;2325;+0200;0;LH_2373-LH_6258
CPH;0710;+0200;1040;+0200;0;LH_5783-LH_6260
CPH;0915;+0200;1245;+0200;0;UA_8877-UA_9568
CPH;0910;+0200;1245;+0200;0;BD_3561-BD_3418
CPH;0910;+0200;1245;+0200;0;UA_8877-UA_9568
CPH;1650;+0200;2025;+0200;0;AB_8145-AB_8230
CPH;1225;+0200;1610;+0200;0;LH_5775-LH_828
CPH;0705;+0200;1055;+0200;0;LH_5771-LH_6070
CPH;0910;+0200;1300;+0200;0;SN_5106-SN_2257
CPH;1520;+0200;1910;+0200;0;LH_1193-LH_6032
CPH;1235;+0200;1630;+0200;0;LH_5847-LH_6046
CPH;1750;+0200;2145;+0200;0;SN_5114-SN_2265
CPH;0655;+0200;1055;+0200;0;KL_1952-KL_1127
CPH;0940;+0200;1340;+0200;0;LX_2804-LX_4712
CPH;1010;+0200;1410;+0200;0;LH_1187-LH_6222
CPH;1215;+0200;1615;+0200;0;LH_5785-LH_2444
CPH;1230;+0200;1630;+0200;0;SN_5108-SN_2259
CPH;1245;+0200;1645;+0200;0;LH_5839-LH_6038
CPH;0725;+0200;1130;+0200;0;LH_5793-LH_6210
CPH;1920;+0200;2325;+0200;0;LH_5789-LH_6258
CPH;0925;+0200;1335;+0200;0;KL_1954-KL_1129
CPH;1250;+0200;1700;+0200;0;OS_8804-OS_303
CPH;1905;+0200;2315;+0200;0;LH_5779-LH_832
CPH;0700;+0200;1115;+0200;0;SK_3516-SK_1455
CPH;1625;+0200;2040;+0200;0;AB_8537-AB_8012
CPH;1740;+0200;2155;+0200;0;LH_5841-LH_6040
CPH;1745;+0200;2200;+0200;0;OS_564-OS_307
CPH;0650;+0200;1110;+0200;0;SK_3508-SK_1419
CPH;0715;+0200;1135;+0200;0;LO_5412-LO_5451
CPH;1415;+0200;1835;+0200;0;KL_1960-KL_1133
CPH;0735;+0200;1200;+0200;0;AF_5111-AF_2050
CPH;1730;+0200;2155;+0200;0;LH_2371-LH_6262
CPH;1735;+0200;2200;+0200;0;LX_2810-LX_4714
CPH;0815;+0200;1245;+0200;0;UA_8822-UA_9568
CPH;1340;+0200;1810;+0200;0;UA_9403-UA_9074
CPH;1340;+0200;1810;+0200;0;BD_3557-BD_3420
CPH;0950;+0200;1425;+0200;0;AF_5101-AF_2350
CPH;1340;+0200;1815;+0200;0;UA_9403-UA_9074
CPH;1340;+0200;1815;+0200;0;LH_1191-LH_830
CPH;0705;+0200;1145;+0200;0;LH_5823-LH_6250
CPH;0950;+0200;1430;+0200;0;AF_5101-AF_2350
CPH;1155;+0200;1635;+0200;0;KL_1958-KL_1131
CPH;1725;+0200;2205;+0200;0;BD_6824-BD_3974
CPH;1240;+0200;1725;+0200;0;SK_3514-SK_1425
CPH;1420;+0200;1905;+0200;0;BT_642-BT_139
CPH;1710;+0200;2155;+0200;0;BA_717-BA_822
CPH;1715;+0200;2200;+0200;0;BD_6800-BD_3896
CPH;1655;+0200;2145;+0200;0;SN_5112-SN_2265
CPH;1710;+0200;2200;+0200;0;OS_8806-OS_307
CPH;1715;+0200;2205;+0200;0;BD_6824-BD_3974
CPH;0750;+0200;1245;+0200;0;BD_3529-BD_3418
CPH;1230;+0200;1725;+0200;0;LH_5795-LH_6212
CPH;1520;+0200;2015;+0200;0;LH_3137-LH_6214
CPH;0910;+0200;1410;+0200;0;LH_1185-LH_6222
CPH;1650;+0200;2150;+0200;0;SK_3518-SK_1475
CPH;1700;+0200;2200;+0200;0;OS_8806-OS_307
CPH;0710;+0200;1215;+0200;0;LH_5783-LH_2442
CPH;0950;+0200;1455;+0200;0;SK_606-SK_1423
CPH;0950;+0200;1455;+0200;0;UA_6964-UA_6894
CPH;1040;+0200;1545;+0200;0;BA_711-BA_816
CPH;1330;+0200;1835;+0200;0;LH_2369-LH_6256
CPH;1625;+0200;2130;+0200;0;LH_5777-LH_6224
CPH;1635;+0200;2140;+0200;0;AF_5105-AF_1350
CPH;1650;+0200;2155;+0200;0;SK_3518-SK_1475
CPH;1655;+0200;2200;+0200;0;LX_2808-LX_4714
CPH;1730;+0200;2235;+0200;0;KL_1962-KL_1139
CPH;1810;+0200;2315;+0200;0;LH_1197-LH_832
CPH;1810;+0200;2315;+0200;0;BD_3551-BD_3422
CPH;1810;+0200;2315;+0200;0;NH_6100-NH_6181
CPH;0915;+0200;1425;+0200;0;LH_3143-LH_6054
CPH;0945;+0200;1455;+0200;0;UA_6964-UA_6894
CPH;0945;+0200;1455;+0200;0;SK_606-SK_1423
CPH;1535;+0200;2045;+0200;0;LH_5787-LH_2446
CPH;1635;+0200;2145;+0200;0;SK_3510-SK_1427
ROM;0725;+0200;0855;+0200;0;LX_1726
ROM;1735;+0200;1905;+0200;0;LX_1732
ROM;2040;+0200;2210;+0200;0;LX_1734
ROM;1230;+0200;1405;+0200;0;UA_9798
ROM;1230;+0200;1405;+0200;0;LX_1736
ROM;1330;+0200;1630;+0200;0;LH_2369-LH_1846
ROM;1730;+0200;2105;+0200;0;LH_2371-LH_1850
ROM;1730;+0200;2105;+0200;0;NH_6098-NH_6095
ROM;2005;+0200;2355;+0200;0;BD_3555-BD_3592
ROM;2005;+0200;2355;+0200;0;LH_1199-LH_242
ROM;0710;+0200;1105;+0200;0;LH_5783-LH_1842
ROM;0910;+0200;1305;+0200;0;LH_2367-LH_1844
ROM;1010;+0200;1405;+0200;0;BD_3553-BD_3598
ROM;1010;+0200;1405;+0200;0;LH_1187-LH_234
ROM;1340;+0200;1735;+0200;0;LH_1191-LH_236
ROM;1340;+0200;1735;+0200;0;BD_3557-BD_3596
ROM;0815;+0200;1230;+0200;0;LH_5773-LH_232
ROM;1215;+0200;1630;+0200;0;LH_5785-LH_1846
ROM;0635;+0200;1100;+0200;0;AB_8121-AB_8270
ROM;1155;+0200;1625;+0200;0;KL_1958-KL_1603
ROM;1750;+0200;2220;+0200;0;AF_5107-AF_9842
ROM;0625;+0200;1100;+0200;0;AB_8121-AB_8270
ROM;0735;+0200;1215;+0200;0;AF_5111-AF_9832
ROM;0750;+0200;1230;+0200;0;LH_1183-LH_232
ROM;0750;+0200;1230;+0200;0;BD_3529-BD_3590
ROM;1330;+0200;1815;+0200;0;LH_2369-LH_1848
ROM;1415;+0200;1900;+0200;0;KL_1960-KL_1607
ROM;0905;+0200;1355;+0200;0;LH_3135-LH_3200
ROM;0950;+0200;1440;+0200;0;AF_5101-AF_9846
ROM;1340;+0200;1830;+0200;0;LH_1191-LH_238
ROM;1340;+0200;1830;+0200;0;BD_3557-BD_3594
ROM;1905;+0200;2355;+0200;0;LH_5779-LH_242
ROM;0845;+0200;1340;+0200;0;OK_589-OK_724
ROM;0910;+0200;1405;+0200;0;LH_1185-LH_234
ROM;0910;+0200;1405;+0200;0;BD_3561-BD_3598
ROM;0655;+0200;1155;+0200;0;KL_1952-KL_1601
ROM;1730;+0200;2230;+0200;0;KL_1962-KL_1609
ROM;1750;+0200;2250;+0200;0;SN_5114-SN_3187
ROM;1635;+0200;2140;+0200;0;AF_5105-AF_2304
ROM;1225;+0200;1735;+0200;0;LH_5775-LH_236
ROM;1415;+0200;1925;+0200;0;KL_1960-KL_3403
ROM;1330;+0200;1845;+0200;0;AF_5103-AF_2204
ROM;1145;+0200;1705;+0200;0;OU_461-OU_380-OU_380
ROM;1330;+0200;1850;+0200;0;AF_5103-AF_2204
ROM;0700;+0200;1225;+0200;0;AA_6483-AA_6510
ROM;0705;+0200;1230;+0200;0;LH_5771-LH_232
ROM;1535;+0200;2105;+0200;0;LH_5787-LH_1850
DUB;0920;+0200;1035;+0100;0;LX_400
DUB;1635;+0200;1945;+0100;0;AF_5105-AF_5010
DUB;0655;+0200;1010;+0100;0;KL_1952-KL_3153
DUB;0750;+0200;1105;+0100;0;LH_1183-LH_978
DUB;1415;+0200;1735;+0100;0;KL_1960-KL_3159
DUB;1530;+0200;1850;+0100;0;BD_6784-BD_129
DUB;1705;+0200;2040;+0100;0;BD_6786-BD_131
DUB;1905;+0200;2240;+0100;0;LH_5779-LH_982
DUB;0735;+0200;1115;+0100;0;AF_5111-AF_5004
DUB;1330;+0200;1710;+0100;0;BA_713-BA_5967
DUB;1155;+0200;1540;+0100;0;KL_1958-KL_3157
DUB;1340;+0200;1725;+0100;0;LH_1191-LH_980
DUB;1730;+0200;2120;+0100;0;KL_1962-KL_3161
DUB;1530;+0200;1925;+0100;0;BA_715-BA_5975
DUB;0705;+0200;1105;+0100;0;LH_5771-LH_978
DUB;0950;+0200;1400;+0100;0;AF_5101-AF_5006
DUB;0700;+0200;1115;+0100;0;BA_709-BA_5955
DUB;0925;+0200;1340;+0100;0;KL_1954-KL_3155
DUB;1350;+0200;1805;+0100;0;SK_604-SK_2537
DUB;1710;+0200;2125;+0100;0;BA_717-BA_5979
DUB;0700;+0200;1120;+0100;0;SK_3516-SK_4603
DUB;1750;+0200;2215;+0100;0;AF_5107-AF_5008
DUB;1810;+0200;2240;+0100;0;LH_1197-LH_982
DUB;1330;+0200;1810;+0100;0;BA_713-BA_5969
DUB;1040;+0200;1535;+0100;0;BA_711-BA_5965
DUB;1530;+0200;2025;+0100;0;BA_715-BA_5977
DUB;1225;+0200;1725;+0100;0;LH_5775-LH_980
DUB;0715;+0200;1225;+0100;0;BD_6858-BD_123
DUB;1530;+0200;2040;+0100;0;BD_6784-BD_131
DUB;1710;+0200;2225;+0100;0;BA_717-BA_5983
DUB;0705;+0200;1225;+0100;0;BD_6790-BD_123
DUB;1040;+0200;1600;+0100;0;BA_711-BA_5843
DUB;0700;+0200;1225;+0100;0;BA_709-BA_5957
DUB;1700;+0200;2225;+0100;0;BA_8766-BA_5983
DUB;1155;+0200;1735;+0100;0;KL_1958-KL_3159
DUB;1635;+0200;2215;+0100;0;AF_5105-AF_5008
DUB;1220;+0200;1805;+0100;0;SK_3504-SK_2537
DUB;1520;+0200;2040;+0100;0;BD_3559-BD_3234-BD_131
FRA;1340;+0200;1440;+0200;0;BD_3557
FRA;1340;+0200;1440;+0200;0;LX_3604
FRA;1340;+0200;1440;+0200;0;LH_1191
FRA;1520;+0200;1620;+0200;0;LX_3606
FRA;1520;+0200;1620;+0200;0;BD_3559
FRA;1520;+0200;1620;+0200;0;LH_1193
FRA;1810;+0200;1910;+0200;0;BD_3551
FRA;1810;+0200;1910;+0200;0;NH_6100
FRA;1810;+0200;1910;+0200;0;LX_3608
FRA;1810;+0200;1910;+0200;0;LH_1197
FRA;1905;+0200;2005;+0200;0;LH_5779
FRA;1905;+0200;2005;+0200;0;LX_1076
FRA;2005;+0200;2105;+0200;0;BD_3555
FRA;2005;+0200;2105;+0200;0;LH_1199
FRA;2005;+0200;2105;+0200;0;LX_3610
FRA;0750;+0200;0855;+0200;0;LH_1183
FRA;0750;+0200;0855;+0200;0;LX_3612
FRA;0750;+0200;0855;+0200;0;BD_3529
FRA;0910;+0200;1015;+0200;0;LX_3600
FRA;0910;+0200;1015;+0200;0;LH_1185
FRA;0910;+0200;1015;+0200;0;BD_3561
FRA;1010;+0200;1115;+0200;0;BD_3553
FRA;1010;+0200;1115;+0200;0;LX_3602
FRA;1010;+0200;1115;+0200;0;LH_1187
FRA;1225;+0200;1330;+0200;0;LX_1072
FRA;1225;+0200;1330;+0200;0;LH_5775
FRA;1625;+0200;1730;+0200;0;LH_5777
FRA;1625;+0200;1730;+0200;0;LX_1074
FRA;0705;+0200;0815;+0200;0;LH_5771
FRA;0705;+0200;0815;+0200;0;LX_1068
FRA;0815;+0200;0925;+0200;0;LX_1070
FRA;0815;+0200;0925;+0200;0;LH_5773
FRA;1720;+0200;1940;+0200;0;LH_5829-LH_137
FRA;1720;+0200;1950;+0200;0;LH_5829-LH_137
FRA;1215;+0200;1450;+0200;0;LH_5785-LH_113
FRA;1330;+0200;1610;+0200;0;LH_2369-LH_115
FRA;0730;+0200;1015;+0200;0;LH_5803-LH_53
FRA;0910;+0200;1155;+0200;0;LH_2367-LH_109
FRA;1920;+0200;2205;+0200;0;LH_5789-LH_125
FRA;0940;+0200;1230;+0200;0;LH_5825-LH_133
FRA;0940;+0200;1230;+0200;0;LH_5858-LH_1215
FRA;0940;+0200;1230;+0200;0;LX_2804-LX_3664
FRA;1725;+0200;2015;+0200;0;LH_5817-LH_153
FRA;0740;+0200;1035;+0200;0;LX_2802-LX_3662
FRA;0740;+0200;1035;+0200;0;LH_5856-LH_1213
FRA;1655;+0200;1950;+0200;0;LX_2808-LX_3670
FRA;1655;+0200;1950;+0200;0;LH_5862-LH_1223
FRA;1725;+0200;2020;+0200;0;LH_5817-LH_153
FRA;1230;+0200;1530;+0200;0;LH_5795-LH_81
FRA;0940;+0200;1245;+0200;0;LH_5903-LH_249
FRA;1235;+0200;1540;+0200;0;LH_5827-LH_135
FRA;0710;+0200;1020;+0200;0;LH_5783-LH_105
FRA;0720;+0200;1030;+0200;0;SN_5104-SN_7001
FRA;0725;+0200;1035;+0200;0;LH_5845-LH_9
FRA;1235;+0200;1545;+0200;0;LH_5805-LH_57
FRA;1455;+0200;1805;+0200;0;LH_3145-LH_21
FRA;0720;+0200;1035;+0200;0;LH_5901-LH_247
FRA;1230;+0200;1545;+0200;0;SN_5108-SN_7005
FRA;1310;+0200;1625;+0200;0;LH_5860-LH_1219
FRA;1310;+0200;1625;+0200;0;LX_2806-LX_3668
FRA;1455;+0200;1810;+0200;0;AB_8211-AB_6559
FRA;1455;+0200;1810;+0200;0;AB_8211-AB_6563
FRA;1740;+0200;2055;+0200;0;LH_5841-LH_199
FRA;0725;+0200;1045;+0200;0;LH_5837-LH_179
FRA;1050;+0200;1410;+0200;0;AB_8589-AB_6555
FRA;1225;+0200;1545;+0200;0;LH_5905-LH_253
FRA;1535;+0200;1855;+0200;0;LH_5787-LH_119
FRA;0850;+0200;1215;+0200;0;LH_5853-LH_183
FRA;1250;+0200;1615;+0200;0;OS_8804-OS_7205
FRA;1655;+0200;2020;+0200;0;SN_5112-SN_7011
FRA;1840;+0200;2205;+0200;0;LH_3139-LH_89
FRA;1840;+0200;2210;+0200;0;LH_3139-LH_89
FRA;0635;+0200;1010;+0200;0;AB_8121-AB_6557
FRA;0700;+0200;1035;+0200;0;LX_2800-LX_3662
FRA;0910;+0200;1245;+0200;0;LH_2367-LH_111
FRA;1415;+0200;1750;+0200;0;KL_1960-KL_1773
FRA;1520;+0200;1855;+0200;0;LH_3137-LH_85
FRA;1630;+0200;2005;+0200;0;LH_5843-LH_197
FRA;1710;+0200;2045;+0200;0;OS_8806-OS_7207
FRA;1730;+0200;2105;+0200;0;LH_2371-LH_123
FRA;0705;+0200;1045;+0200;0;LH_5823-LH_131
FRA;1000;+0200;1340;+0200;0;JP_365-JP_148
FRA;1730;+0200;2110;+0200;0;LH_2371-LH_123
FRA;0625;+0200;1010;+0200;0;AB_8121-AB_6557
FRA;0900;+0200;1245;+0200;0;UA_9782-UA_9057
FRA;0900;+0200;1245;+0200;0;LH_5813-LH_147
FRA;1700;+0200;2045;+0200;0;OS_8806-OS_7207
FRA;1735;+0200;2120;+0200;0;LX_2810-LX_3672
FRA;1735;+0200;2120;+0200;0;LH_5864-LH_1225
FRA;1745;+0200;2130;+0200;0;OS_564-OS_127
FRA;1750;+0200;2135;+0200;0;SN_5114-SN_7013
FRA;1750;+0200;2135;+0200;0;AF_5107-AF_1018
FRA;0725;+0200;1115;+0200;0;LH_5793-LH_77
FRA;0905;+0200;1255;+0200;0;LH_3135-LH_79
FRA;1235;+0200;1625;+0200;0;LH_5847-LH_19
FRA;1730;+0200;2120;+0200;0;LH_5807-LH_61
FRA;0710;+0200;1105;+0200;0;LH_5783-LH_107
FRA;0725;+0200;1120;+0200;0;LH_5845-LH_11
FRA;1215;+0200;1610;+0200;0;LH_5785-LH_115
FRA;1740;+0200;2135;+0200;0;LH_5841-LH_201
FRA;1220;+0200;1620;+0200;0;SK_3504-SK_675
FRA;1720;+0200;2120;+0200;0;LH_5829-LH_139
HEL;1910;+0200;2250;+0300;0;AY_864
HEL;1055;+0200;1440;+0300;0;AA_6062
HEL;1055;+0200;1440;+0300;0;AY_858
HEL;1935;+0200;2325;+0300;0;LX_4792
HEL;1935;+0200;2325;+0300;0;SK_6518
HEL;1935;+0200;2325;+0300;0;KF_66
HEL;1300;+0200;1655;+0300;0;LX_4790
HEL;1300;+0200;1655;+0300;0;KF_64
HEL;1300;+0200;1655;+0300;0;SK_6516
HEL;1300;+0200;1655;+0300;0;TG_7416
HEL;1350;+0200;1850;+0300;0;SK_604-SK_1710
HEL;1915;+0200;0015;+0300;1;AB_8199-AB_8310
HEL;0710;+0200;1220;+0300;0;LH_5783-LH_2462
HEL;0725;+0200;1235;+0300;0;LH_5793-LH_2970
HEL;2010;+0200;0120;+0300;1;SK_610-SK_6544
HEL;1420;+0200;1940;+0300;0;BT_642-BT_325
HEL;1725;+0200;2245;+0300;0;SK_3506-SK_714
HEL;2005;+0200;0130;+0300;1;BD_3555-BD_3124
HEL;2005;+0200;0130;+0300;1;LH_1199-LH_854
HEL;0710;+0200;1240;+0300;0;SK_3502-SK_6546
HEL;1220;+0200;1750;+0300;0;SK_3504-SK_712
HEL;1730;+0200;2300;+0300;0;LH_2371-LH_2466
HEL;1225;+0200;1800;+0300;0;LH_5775-LH_850
HEL;0645;+0200;1225;+0300;0;AB_8119-AB_8924
HEL;0815;+0200;1405;+0300;0;LH_5773-LH_848
HEL;0815;+0200;1405;+0300;0;UA_8822-UA_8735
HEL;0950;+0200;1545;+0300;0;SK_606-SK_704
HEL;1215;+0200;1810;+0300;0;LH_5785-LH_2464
HEL;1745;+0200;2340;+0300;0;OS_564-OS_347
HEL;0720;+0200;1320;+0300;0;SN_5104-SN_6751
HEL;0750;+0200;1350;+0300;0;OS_568-OS_345
HEL;0945;+0200;1545;+0300;0;SK_606-SK_704
HEL;0655;+0200;1310;+0300;0;KL_1952-KL_1167
HEL;0750;+0200;1405;+0300;0;LH_1183-LH_848
HEL;1030;+0200;1650;+0300;0;SK_602-SK_6694
HEL;1350;+0200;2010;+0300;0;SK_604-SK_6541
HEL;1420;+0200;2040;+0300;0;BT_642-BT_327
HEL;1635;+0200;2255;+0300;0;AF_5105-AF_1798
HEL;0950;+0200;1615;+0300;0;AF_5101-AF_1498
HEL;1240;+0200;1905;+0300;0;SK_3514-SK_708
HEL;1905;+0200;0130;+0300;1;LH_5779-LH_854
HEL;1220;+0200;1850;+0300;0;SK_3504-SK_1710
HEL;1655;+0200;2325;+0300;0;SN_5112-SN_6755
HEL;1710;+0200;2340;+0300;0;OS_8806-OS_347
HEL;0710;+0200;1350;+0300;0;OS_8802-OS_345
HEL;1625;+0200;2305;+0300;0;LH_5777-LH_852
HEL;1700;+0200;2340;+0300;0;OS_8806-OS_347
HEL;1730;+0200;0015;+0300;1;KL_1962-KL_1171
HEL;1050;+0200;1745;+0300;0;AB_8589-AB_8308
HEL;0705;+0200;1405;+0300;0;LH_5771-LH_848
HEL;0650;+0200;1355;+0300;0;SK_3508-SK_6428
HEL;0735;+0200;1450;+0300;0;AF_5111-AF_2298
HEL;0845;+0200;1600;+0300;0;OK_589-OK_480
HEL;0935;+0200;1650;+0300;0;SK_602-SK_6694
HEL;1030;+0200;1750;+0300;0;UA_6944-UA_6927
HEL;1030;+0200;1750;+0300;0;SK_602-SK_712
HEL;1205;+0200;1925;+0300;0;LO_5414-LO_471
HEL;1810;+0200;0130;+0300;1;BD_3551-BD_3124
HEL;1810;+0200;0130;+0300;1;LH_1197-LH_854
HEL;1240;+0200;2005;+0300;0;SK_3514-SK_6424
HEL;1535;+0200;2300;+0300;0;LH_5787-LH_2466
HEL;1010;+0200;1740;+0300;0;UA_9051-UA_9022
HEL;1530;+0200;2300;+0300;0;AA_6677-AA_6050
HEL;1530;+0200;2300;+0300;0;BA_715-BA_6034
HEL;1645;+0200;0015;+0300;1;AB_8317-AB_8310
HEL;1330;+0200;2105;+0300;0;BA_713-BA_6080
HEL;0925;+0200;1710;+0300;0;KL_1954-KL_1169
HEL;1320;+0200;2105;+0300;0;AA_6485-AA_6054
HEL;1520;+0200;2305;+0300;0;BD_3559-BD_3122
HEL;1520;+0200;2305;+0300;0;LH_1193-LH_852
OSL;0700;+0200;0915;+0200;0;SK_3516
OSL;0700;+0200;0915;+0200;0;LX_1210
OSL;2005;+0200;2220;+0200;0;SK_842
OSL;2005;+0200;2220;+0200;0;LX_4710
OSL;2010;+0200;2225;+0200;0;SK_842
OSL;1650;+0200;1910;+0200;0;SK_3518
OSL;1650;+0200;1910;+0200;0;LX_1216
OSL;1350;+0200;1715;+0200;0;SK_604-SK_1460
OSL;0935;+0200;1305;+0200;0;SK_602-SK_1456
OSL;1050;+0200;1420;+0200;0;AB_8589-AB_8242
OSL;2005;+0200;2345;+0200;0;LH_1199-LH_864
OSL;2005;+0200;2345;+0200;0;BD_3555-BD_2928
OSL;1915;+0200;2300;+0200;0;AB_8199-AB_8244
OSL;2010;+0200;2355;+0200;0;SK_610-SK_1474
OSL;1725;+0200;2115;+0200;0;SK_3506-SK_1478
OSL;0910;+0200;1305;+0200;0;LH_1185-LH_860
OSL;0910;+0200;1305;+0200;0;UA_8877-UA_9146
OSL;0910;+0200;1305;+0200;0;BD_3561-BD_2930
OSL;1240;+0200;1635;+0200;0;SK_3514-SK_875
OSL;1330;+0200;1725;+0200;0;LH_2369-LH_2454
OSL;1520;+0200;1915;+0200;0;LH_1193-LH_6280
OSL;0710;+0200;1110;+0200;0;LH_5783-LH_2450
OSL;0925;+0200;1325;+0200;0;KL_1954-KL_1145
OSL;1810;+0200;2210;+0200;0;LH_1197-LH_6106
OSL;0925;+0200;1330;+0200;0;KL_1954-KL_1217
OSL;0655;+0200;1105;+0200;0;KL_1952-KL_1143
OSL;1730;+0200;2140;+0200;0;LH_2371-LH_2456
OSL;1030;+0200;1445;+0200;0;SK_602-SK_458
OSL;1155;+0200;1610;+0200;0;KL_1958-KL_1147
OSL;0710;+0200;1130;+0200;0;SK_3502-SK_1454
OSL;0720;+0200;1145;+0200;0;SN_5104-SN_2281
OSL;1010;+0200;1435;+0200;0;LH_1187-LH_6230
OSL;1220;+0200;1645;+0200;0;SK_3504-SK_460
OSL;1230;+0200;1655;+0200;0;SN_5108-SN_2283
OSL;1340;+0200;1805;+0200;0;UA_9403-UA_9536
OSL;1750;+0200;2215;+0200;0;SN_5114-SN_2287
OSL;1750;+0200;2220;+0200;0;SN_5114-SN_2287
OSL;1415;+0200;1850;+0200;0;KL_1960-KL_1149
OSL;1455;+0200;1930;+0200;0;LH_3145-LH_2960
OSL;1635;+0200;2110;+0200;0;AF_5105-AF_1274
OSL;1730;+0200;2205;+0200;0;KL_1962-KL_1221
OSL;1340;+0200;1820;+0200;0;LH_1191-LH_862
OSL;1340;+0200;1820;+0200;0;BD_3557-BD_2932
OSL;1725;+0200;2205;+0200;0;SK_3506-SK_3036
OSL;1905;+0200;2345;+0200;0;LH_5779-LH_864
OSL;0815;+0200;1300;+0200;0;UA_8822-UA_9146
OSL;0950;+0200;1435;+0200;0;SK_606-SK_495
OSL;0815;+0200;1305;+0200;0;UA_8822-UA_9146
OSL;0815;+0200;1305;+0200;0;LH_5773-LH_860
OSL;0945;+0200;1435;+0200;0;SK_606-SK_495
OSL;1330;+0200;1820;+0200;0;AF_5103-AF_2374
OSL;1350;+0200;1840;+0200;0;SK_604-SK_3052
OSL;1350;+0200;1840;+0200;0;SK_604-SK_462
OSL;1030;+0200;1525;+0200;0;SK_602-SK_1458
OSL;1220;+0200;1715;+0200;0;SK_3504-SK_1460
OSL;1530;+0200;2025;+0200;0;AA_6677-AA_6406
OSL;0750;+0200;1255;+0200;0;OS_568-OS_335
OSL;1240;+0200;1745;+0200;0;SK_3514-SK_499
OSL;1730;+0200;2235;+0200;0;KL_1962-KL_1151
OSL;0935;+0200;1445;+0200;0;SK_602-SK_458
OSL;1030;+0200;1540;+0200;0;SK_602-SK_3174
OSL;1215;+0200;1725;+0200;0;LH_5785-LH_2454
OSL;0750;+0200;1305;+0200;0;LH_1183-LH_860
OSL;0750;+0200;1305;+0200;0;BD_3529-BD_2930
OSL;1710;+0200;2225;+0200;0;BA_717-BA_770
OSL;1745;+0200;2300;+0200;0;OS_564-OS_331
OSL;1300;+0200;1820;+0200;0;SK_6516-SK_6581
OSL;1300;+0200;1820;+0200;0;KF_64-KF_677
OSL;1655;+0200;2215;+0200;0;SN_5112-SN_2287
OSL;0910;+0200;1435;+0200;0;LH_1185-LH_6230
OSL;1655;+0200;2220;+0200;0;SN_5112-SN_2287
OSL;1040;+0200;1610;+0200;0;BA_711-BA_766
OSL;1055;+0200;1625;+0200;0;AY_858-AY_659
OSL;1350;+0200;1920;+0200;0;SK_604-SK_1470
OSL;1340;+0200;1915;+0200;0;LH_1191-LH_6280
OSL;1520;+0200;2055;+0200;0;LH_3137-LH_6208
OSL;1705;+0200;2240;+0200;0;BD_6786-BD_3776
OSL;1810;+0200;2345;+0200;0;BD_3551-BD_2928
OSL;1810;+0200;2345;+0200;0;NH_6100-NH_6185
OSL;1810;+0200;2345;+0200;0;LH_1197-LH_864
OSL;0950;+0200;1530;+0200;0;SK_606-SK_867
OSL;1635;+0200;2215;+0200;0;SK_3510-SK_897
OSL;0710;+0200;1255;+0200;0;OS_8802-OS_335
OSL;0945;+0200;1530;+0200;0;SK_606-SK_867
OSL;1625;+0200;2210;+0200;0;LH_5777-LH_6106
OSL;0935;+0200;1525;+0200;0;SK_602-SK_1458
OSL;1240;+0200;1830;+0200;0;SK_3514-SK_885
OSL;1710;+0200;2300;+0200;0;OS_8806-OS_331
OSL;0710;+0200;1305;+0200;0;SK_3502-SK_1456
OSL;1025;+0200;1620;+0200;0;AA_6470-AA_6629
OSL;1225;+0200;1820;+0200;0;LH_5775-LH_862
OSL;1420;+0200;2015;+0200;0;BT_642-BT_153
OSL;0705;+0200;1305;+0200;0;LH_5771-LH_860
OSL;1700;+0200;2300;+0200;0;OS_8806-OS_331
OSL;0705;+0200;1310;+0200;0;BD_6802-BD_3932
OSL;0935;+0200;1540;+0200;0;SK_602-SK_3174
OSL;1535;+0200;2140;+0200;0;LH_5787-LH_2456
OSL;0910;+0200;1520;+0200;0;LH_2367-LH_6170
OSL;0915;+0200;1530;+0200;0;LH_3143-LH_2958
OSL;1030;+0200;1645;+0200;0;UA_6944-UA_6941
OSL;1030;+0200;1645;+0200;0;SK_602-SK_460
OSL;1645;+0200;2300;+0200;0;AB_8317-AB_8244
OSL;0815;+0200;1435;+0200;0;LH_5773-LH_6230
OSL;1220;+0200;1840;+0200;0;SK_3504-SK_3052
OSL;1220;+0200;1840;+0200;0;SK_3504-SK_462
OSL;0705;+0200;1330;+0200;0;BD_6790-BD_3784
OSL;0655;+0200;1325;+0200;0;KL_1952-KL_1145
OSL;1725;+0200;2355;+0200;0;SK_3506-SK_1474
OSL;0655;+0200;1330;+0200;0;KL_1952-KL_1217
OSL;0650;+0200;1330;+0200;0;SK_3508-SK_861
OSL;1330;+0200;2010;+0200;0;BA_713-BA_768
OSL;0750;+0200;1435;+0200;0;LH_1183-LH_6230
OSL;0925;+0200;1610;+0200;0;KL_1954-KL_1147
OSL;0950;+0200;1635;+0200;0;SK_606-SK_875
OSL;1030;+0200;1715;+0200;0;SK_602-SK_1460
OSL;0945;+0200;1635;+0200;0;SK_606-SK_875
OSL;1225;+0200;1915;+0200;0;LH_5775-LH_6280
OSL;1320;+0200;2010;+0200;0;AA_6485-AA_6406
OSL;1520;+0200;2210;+0200;0;LH_1193-LH_6106
OSL;1155;+0200;1850;+0200;0;KL_1958-KL_1149
OSL;1235;+0200;1930;+0200;0;LH_5847-LH_2960
OSL;1240;+0200;1935;+0200;0;SK_3514-SK_889
OSL;1530;+0200;2225;+0200;0;BA_715-BA_770
OSL;1530;+0200;2225;+0200;0;JL_7734-JL_7711
OSL;1220;+0200;1920;+0200;0;SK_3504-SK_1470
OSL;1240;+0200;1945;+0200;0;SK_3514-SK_889
OSL;1320;+0200;2025;+0200;0;AA_6485-AA_6406
OSL;0935;+0200;1645;+0200;0;SK_602-SK_460
OSL;1530;+0200;2240;+0200;0;BD_6784-BD_3776
MUC;1920;+0200;2010;+0200;0;LH_5789
MUC;0910;+0200;1005;+0200;0;LX_3618
MUC;0910;+0200;1005;+0200;0;LH_2367
MUC;1215;+0200;1310;+0200;0;LH_5785
MUC;1215;+0200;1310;+0200;0;LX_1104
MUC;1330;+0200;1425;+0200;0;LH_2369
MUC;1330;+0200;1425;+0200;0;LX_3620
MUC;1535;+0200;1630;+0200;0;LX_1108
MUC;1535;+0200;1630;+0200;0;LH_5787
MUC;1730;+0200;1825;+0200;0;LX_3622
MUC;1730;+0200;1825;+0200;0;LH_2371
MUC;1730;+0200;1825;+0200;0;NH_6098
MUC;1910;+0200;2005;+0200;0;LX_1110
MUC;2005;+0200;2100;+0200;0;LX_3624
MUC;2005;+0200;2100;+0200;0;LH_2373
MUC;2105;+0200;2200;+0200;0;LX_3626
MUC;2105;+0200;2200;+0200;0;LH_2375
MUC;0710;+0200;0810;+0200;0;LH_5783
MUC;0710;+0200;0810;+0200;0;LX_1100
MUC;1735;+0200;2020;+0200;0;LH_5864-LH_2387
MUC;1735;+0200;2020;+0200;0;LX_2810-LX_3688
MUC;0705;+0200;0955;+0200;0;LH_5823-LH_2143
MUC;1520;+0200;1810;+0200;0;LH_1193-LH_116
MUC;1625;+0200;1915;+0200;0;LH_5777-LH_118
MUC;0705;+0200;1000;+0200;0;LH_5771-LH_104
MUC;0705;+0200;1005;+0200;0;LH_5823-LH_2143
MUC;0710;+0200;1010;+0200;0;OS_8802-OS_7231
MUC;1010;+0200;1310;+0200;0;LH_1187-LH_108
MUC;1645;+0200;1950;+0200;0;AB_8317-AB_6203
MUC;1745;+0200;2050;+0200;0;OS_564-OS_117
MUC;1810;+0200;2115;+0200;0;LH_1197-LH_122
MUC;1915;+0200;2220;+0200;0;AB_8199-AB_6205
MUC;0700;+0200;1010;+0200;0;LX_2800-LX_3680
MUC;0725;+0200;1035;+0200;0;LH_5793-LH_2003
MUC;0750;+0200;1100;+0200;0;LH_1183-LH_106
MUC;1315;+0200;1625;+0200;0;LH_5815-LH_2159
MUC;1725;+0200;2035;+0200;0;LH_5817-LH_2161
MUC;1905;+0200;2215;+0200;0;AB_8173-AB_6041
MUC;1455;+0200;1810;+0200;0;AB_8211-AB_6201
MUC;1650;+0200;2005;+0200;0;AB_8145-AB_6039
MUC;1900;+0200;2215;+0200;0;AB_8173-AB_6041
MUC;0850;+0200;1210;+0200;0;LH_5853-LH_2035
MUC;1245;+0200;1605;+0200;0;LH_5839-LH_2039
MUC;1720;+0200;2040;+0200;0;LH_5829-LH_2151
MUC;1905;+0200;2225;+0200;0;LH_5779-LH_124
MUC;1340;+0200;1705;+0200;0;LH_1191-LH_114
MUC;1520;+0200;1845;+0200;0;LH_3137-LH_2015
MUC;1655;+0200;2020;+0200;0;LH_5862-LH_2387
MUC;1655;+0200;2020;+0200;0;SN_5112-SN_7061
MUC;1655;+0200;2020;+0200;0;LH_5907-LH_1863
MUC;1655;+0200;2020;+0200;0;LX_2808-LX_3688
MUC;1840;+0200;2205;+0200;0;LH_3139-LH_2021
MUC;1235;+0200;1605;+0200;0;LH_5805-LH_2097
MUC;1415;+0200;1745;+0200;0;AB_8781-AB_6307
MUC;0725;+0200;1100;+0200;0;LH_5837-LH_2033
MUC;0850;+0200;1225;+0200;0;LH_5853-LH_2035
MUC;1225;+0200;1600;+0200;0;LH_5775-LH_112
MUC;1735;+0200;2110;+0200;0;LH_5849-LH_2079
MUC;1000;+0200;1340;+0200;0;JP_365-JP_158
MUC;1015;+0200;1355;+0200;0;OS_562-OS_7233
MUC;1230;+0200;1610;+0200;0;LH_5795-LH_2011
MUC;1235;+0200;1615;+0200;0;LH_5847-LH_2071
MUC;1710;+0200;2050;+0200;0;OS_8806-OS_117
MUC;1745;+0200;2125;+0200;0;LH_5797-LH_2019
MUC;1630;+0200;2015;+0200;0;LH_5843-LH_2049
MUC;0635;+0200;1025;+0200;0;AB_8121-AB_6193
MUC;1225;+0200;1615;+0200;0;LH_5905-LH_1859
MUC;1455;+0200;1845;+0200;0;LH_3145-LH_2075
MUC;1625;+0200;2015;+0200;0;LH_5777-LH_120
MUC;1700;+0200;2050;+0200;0;OS_8806-OS_117
MUC;0705;+0200;1100;+0200;0;LH_5771-LH_106
MUC;0925;+0200;1320;+0200;0;KL_1954-KL_1795
MUC;1230;+0200;1625;+0200;0;SN_5108-SN_7057
MUC;1330;+0200;1725;+0200;0;AF_5103-AF_2322
MUC;1520;+0200;1915;+0200;0;LH_1193-LH_118
MUC;0625;+0200;1025;+0200;0;AB_8121-AB_6193
MUC;0655;+0200;1055;+0200;0;KL_1952-KL_1793
MUC;0910;+0200;1310;+0200;0;LH_1185-LH_108
MUC;1330;+0200;1730;+0200;0;AF_5103-AF_2322
MUC;0750;+0200;1155;+0200;0;OS_568-OS_7239
MUC;0940;+0200;1345;+0200;0;LH_5825-LH_2147
MUC;1030;+0200;1435;+0200;0;SK_602-SK_3693
MUC;1740;+0200;2145;+0200;0;LH_5841-LH_2051
MUC;0725;+0200;1135;+0200;0;LH_5845-LH_2063
MUC;1625;+0200;2035;+0200;0;AB_8537-AB_8392
MUC;1625;+0200;2035;+0200;0;HG_8537-HG_8392
MUC;0735;+0200;1150;+0200;0;AF_5111-AF_1722
MUC;1625;+0200;2040;+0200;0;AB_8537-AB_8392
MUC;1745;+0200;2200;+0200;0;OS_564-OS_7237
MUC;1810;+0200;2225;+0200;0;LH_1197-LH_124
MUC;1010;+0200;1430;+0200;0;LH_1187-LH_110
MUC;1745;+0200;2205;+0200;0;LH_5909-LH_1865
MUC;1745;+0200;2205;+0200;0;LH_5797-LH_2021
MUC;1750;+0200;2210;+0200;0;AF_5107-AF_1122
MUC;0730;+0200;1155;+0200;0;LH_5803-LH_2093
MUC;0725;+0200;1155;+0200;0;LH_5793-LH_2005
MUC;0730;+0200;1200;+0200;0;LH_5803-LH_2093
MUC;0940;+0200;1410;+0200;0;LH_5858-LH_2383
MUC;0940;+0200;1410;+0200;0;LX_2804-LX_3684
MUC;1340;+0200;1810;+0200;0;LH_1191-LH_116
MUC;1650;+0200;2120;+0200;0;AB_8145-AB_6045
MUC;1735;+0200;2205;+0200;0;LH_5864-LH_2389
MUC;1735;+0200;2205;+0200;0;LX_2810-LX_3690
MAN;0705;+0200;0800;+0100;0;BD_6802
MAN;0705;+0200;0800;+0100;0;LX_390
MAN;1210;+0200;1305;+0100;0;LX_394
MAN;1210;+0200;1305;+0100;0;BD_6804
MAN;1715;+0200;1810;+0100;0;BD_6800
MAN;1715;+0200;1810;+0100;0;LX_380
MAN;2005;+0200;2245;+0100;0;BD_3555-BD_3368
MAN;2005;+0200;2245;+0100;0;LH_1199-LH_948
MAN;0720;+0200;1005;+0100;0;SN_5104-SN_2173
MAN;0700;+0200;0955;+0100;0;BA_709-BA_1386
MAN;1230;+0200;1525;+0100;0;SN_5108-SN_2175
MAN;0925;+0200;1225;+0100;0;KL_1954-KL_1083
MAN;1330;+0200;1630;+0100;0;LH_2369-LH_2502
MAN;0915;+0200;1220;+0100;0;UA_8877-UA_9042
MAN;0710;+0200;1020;+0100;0;LH_5783-LH_2500
MAN;0910;+0200;1220;+0100;0;LH_1185-LH_942
MAN;0910;+0200;1220;+0100;0;BD_3561-BD_3352
MAN;0910;+0200;1220;+0100;0;UA_8877-UA_9042
MAN;1155;+0200;1505;+0100;0;KL_1958-KL_1087
MAN;1330;+0200;1640;+0100;0;BA_713-BA_1396
MAN;1530;+0200;1840;+0100;0;BA_715-BA_1402
MAN;1750;+0200;2100;+0100;0;SN_5114-SN_2183
MAN;0815;+0200;1130;+0100;0;UA_8822-UA_9042
MAN;0905;+0200;1220;+0100;0;LH_3135-LH_3432
MAN;1920;+0200;2235;+0100;0;LH_5789-LH_2504
MAN;0655;+0200;1020;+0100;0;KL_1952-KL_1081
MAN;0950;+0200;1325;+0100;0;AF_5101-AF_2268
MAN;1905;+0200;2245;+0100;0;LH_5779-LH_948
MAN;0950;+0200;1340;+0100;0;AF_5101-AF_2268
MAN;1040;+0200;1435;+0100;0;BA_711-BA_1394
MAN;1230;+0200;1625;+0100;0;LH_5795-LH_3430
MAN;1340;+0200;1735;+0100;0;LH_1191-LH_946
MAN;1340;+0200;1735;+0100;0;BD_3557-BD_3366
MAN;1340;+0200;1735;+0100;0;BD_1608-BD_1594
MAN;1455;+0200;1850;+0100;0;LH_3145-LH_3438
MAN;1520;+0200;1915;+0100;0;LH_3137-LH_3434
MAN;0705;+0200;1110;+0100;0;LH_5823-LH_3426
MAN;0815;+0200;1220;+0100;0;LH_5773-LH_942
MAN;0815;+0200;1220;+0100;0;UA_8822-UA_9042
MAN;1655;+0200;2100;+0100;0;SN_5112-SN_2183
MAN;1730;+0200;2135;+0100;0;KL_1962-KL_1097
MAN;1215;+0200;1630;+0100;0;LH_5785-LH_2502
MAN;1705;+0200;2125;+0100;0;BD_6786-BD_592
MAN;0750;+0200;1220;+0100;0;LH_1183-LH_942
MAN;0750;+0200;1220;+0100;0;BD_3529-BD_3352
MAN;1810;+0200;2245;+0100;0;LH_1197-LH_948
MAN;1810;+0200;2245;+0100;0;BD_3551-BD_3368
MAN;1350;+0200;1830;+0100;0;SK_604-SK_541
MAN;1710;+0200;2200;+0100;0;BA_717-BA_1404
MAN;0725;+0200;1220;+0100;0;LH_5793-LH_3432
MAN;0915;+0200;1410;+0100;0;LH_3143-LH_3440
MAN;1710;+0200;2205;+0100;0;BA_717-BA_2914
MAN;1155;+0200;1655;+0100;0;KL_1958-KL_1093
MAN;1205;+0200;1705;+0100;0;BD_6782-BD_590
MAN;1230;+0200;1730;+0100;0;SN_5108-SN_2177
MAN;1700;+0200;2200;+0100;0;BA_8766-BA_1404
MAN;1700;+0200;2205;+0100;0;BA_8766-BA_2914
MAN;1730;+0200;2235;+0100;0;LH_2371-LH_2504
MAN;0700;+0200;1210;+0100;0;BA_709-BA_1388
MAN;0715;+0200;1225;+0100;0;BD_6858-BD_588
MAN;1150;+0200;1700;+0100;0;IB_3477-IB_8502
MAN;1225;+0200;1735;+0100;0;LH_5775-LH_946
MAN;1330;+0200;1840;+0100;0;BA_713-BA_1402
MAN;0705;+0200;1220;+0100;0;LH_5771-LH_942
MAN;1240;+0200;1755;+0100;0;SK_3514-SK_2549
BRU;1655;+0200;1805;+0200;0;SN_5112
BRU;2025;+0200;2135;+0200;0;SN_5102
BRU;2025;+0200;2135;+0200;0;LX_770
BRU;0720;+0200;0835;+0200;0;LX_786
BRU;0720;+0200;0835;+0200;0;SN_5104
BRU;1230;+0200;1345;+0200;0;SN_5108
BRU;1235;+0200;1350;+0200;0;SQ_2980
BRU;1235;+0200;1350;+0200;0;LX_780
BRU;1650;+0200;1805;+0200;0;LX_782
BRU;0910;+0200;1030;+0200;0;SQ_2908
BRU;0910;+0200;1030;+0200;0;LX_778
BRU;0910;+0200;1030;+0200;0;SN_5106
BRU;1750;+0200;1910;+0200;0;LX_788
BRU;1750;+0200;1910;+0200;0;SN_5114
BRU;0700;+0200;0950;+0200;0;LX_2800-LX_4152
BRU;1535;+0200;1825;+0200;0;LH_5787-LH_2292
BRU;0910;+0200;1205;+0200;0;LH_2367-LH_2286
BRU;1330;+0200;1635;+0200;0;LH_2369-LH_2290
BRU;1340;+0200;1645;+0200;0;LH_1191-LH_1014
BRU;1730;+0200;2035;+0200;0;NH_6098-NH_6085
BRU;1730;+0200;2035;+0200;0;LH_2371-LH_2294
BRU;1905;+0200;2215;+0200;0;LH_5779-LH_1024
BRU;0705;+0200;1020;+0200;0;LH_5771-LH_1008
BRU;0710;+0200;1025;+0200;0;LH_5783-LH_2284
BRU;0915;+0200;1230;+0200;0;LH_3143-LH_5582
BRU;1520;+0200;1835;+0200;0;LH_1193-LH_1018
BRU;1920;+0200;2235;+0200;0;LH_5789-LH_2296
BRU;0940;+0200;1300;+0200;0;LH_5903-LH_5695
BRU;1655;+0200;2015;+0200;0;LX_2808-LX_4164
BRU;0940;+0200;1305;+0200;0;LH_5903-LH_5695
BRU;0915;+0200;1245;+0200;0;LH_3143-LH_5582
BRU;1415;+0200;1745;+0200;0;KL_1960-KL_1731
BRU;0910;+0200;1245;+0200;0;LH_1185-LH_1010
BRU;1235;+0200;1610;+0200;0;LH_5827-LH_3358
BRU;1625;+0200;2005;+0200;0;LH_5777-LH_1020
BRU;0655;+0200;1045;+0200;0;KL_1952-KL_1723
BRU;1010;+0200;1400;+0200;0;LH_1187-LH_1012
BRU;1630;+0200;2020;+0200;0;LH_5843-LH_5568
BRU;1655;+0200;2045;+0200;0;LH_5907-LH_5699
BRU;1630;+0200;2025;+0200;0;LH_5843-LH_5568
BRU;1210;+0200;1610;+0200;0;BD_6804-BD_5376
BRU;1340;+0200;1740;+0200;0;LH_1191-LH_1016
BRU;0700;+0200;1105;+0200;0;BA_709-BA_392
BRU;0700;+0200;1105;+0200;0;AA_6483-AA_6425
BRU;1040;+0200;1445;+0200;0;BA_711-BA_394
BRU;1250;+0200;1655;+0200;0;OS_8804-OS_353
BRU;1810;+0200;2215;+0200;0;LH_1197-LH_1024
BRU;1635;+0200;2043;+0200;0;AF_5105-AF_7187
BRU;0710;+0200;1130;+0200;0;OS_8802-OS_8171
BRU;0735;+0200;1155;+0200;0;AF_5111-AF_7179
BRU;0850;+0200;1310;+0200;0;LH_5853-LH_5564
BRU;1215;+0200;1635;+0200;0;LH_5785-LH_2290
BRU;1220;+0200;1640;+0200;0;SK_3504-SK_1593
BRU;1225;+0200;1645;+0200;0;LH_5775-LH_1014
BRU;1455;+0200;1915;+0200;0;LH_3145-LH_5580
BRU;0740;+0200;1205;+0200;0;LX_2802-LX_4154
BRU;1025;+0200;1450;+0200;0;AA_6470-AA_6427
BRU;0715;+0200;1145;+0200;0;BD_6820-BD_5338
BRU;0815;+0200;1245;+0200;0;LH_5773-LH_1010
BRU;0950;+0200;1423;+0200;0;AF_5101-AF_7183
BRU;0925;+0200;1400;+0200;0;KL_1954-KL_1725
BRU;0940;+0200;1415;+0200;0;LX_2804-LX_4160
BRU;1455;+0200;1930;+0200;0;LH_3145-LH_5580
BRU;1730;+0200;2205;+0200;0;KL_1962-KL_1733
BRU;0715;+0200;1155;+0200;0;BD_6820-BD_5338
BRU;1520;+0200;2005;+0200;0;LH_1193-LH_1020
BRU;1710;+0200;2155;+0200;0;BA_717-BA_404
BRU;0910;+0200;1400;+0200;0;LH_1185-LH_1012
BRU;1735;+0200;2225;+0200;0;LX_2810-LX_4162
BRU;0710;+0200;1205;+0200;0;LH_5783-LH_2286
BRU;0750;+0200;1245;+0200;0;LH_1183-LH_1010
BRU;1235;+0200;1730;+0200;0;LH_5847-LH_5584
BRU;1330;+0200;1825;+0200;0;LH_2369-LH_2292
BRU;1340;+0200;1835;+0200;0;LH_1191-LH_1018
BRU;1535;+0200;2035;+0200;0;LH_5787-LH_2294
BRU;1725;+0200;2225;+0200;0;BD_6824-BD_5348
VCE;0735;+0200;0840;+0200;0;LX_1660
VCE;1255;+0200;1400;+0200;0;LX_1662
VCE;1255;+0200;1400;+0200;0;UA_9794
VCE;1740;+0200;1845;+0200;0;LX_1664
VCE;1330;+0200;1620;+0200;0;LH_2369-LH_1910
VCE;0910;+0200;1210;+0200;0;LH_2367-LH_1908
VCE;1920;+0200;2225;+0200;0;LH_5789-LH_1914
VCE;0710;+0200;1020;+0200;0;OS_8802-OS_521
VCE;1010;+0200;1325;+0200;0;LH_1187-LH_326
VCE;1010;+0200;1325;+0200;0;BD_3553-BD_3406
VCE;2005;+0200;2340;+0200;0;LH_1199-LH_332
VCE;2005;+0200;2340;+0200;0;BD_3555-BD_3402
VCE;0635;+0200;1035;+0200;0;AB_8121-AB_8990
VCE;0905;+0200;1305;+0200;0;LH_3135-LH_3212
VCE;1215;+0200;1620;+0200;0;LH_5785-LH_1910
VCE;1340;+0200;1745;+0200;0;BD_3557-BD_3408
VCE;1340;+0200;1745;+0200;0;LH_1191-LH_328
VCE;1520;+0200;1925;+0200;0;LH_1193-LH_330
VCE;1520;+0200;1925;+0200;0;BD_3559-BD_3410
VCE;1745;+0200;2150;+0200;0;OS_564-OS_527
VCE;0625;+0200;1035;+0200;0;AB_8121-AB_8990
VCE;0910;+0200;1325;+0200;0;LH_1185-LH_326
VCE;0910;+0200;1325;+0200;0;BD_3561-BD_3406
VCE;1655;+0200;2110;+0200;0;SN_5112-SN_3205
VCE;0950;+0200;1415;+0200;0;AF_5101-AF_1726
VCE;0905;+0200;1340;+0200;0;LH_3135-LH_3212
VCE;1905;+0200;2340;+0200;0;LH_5779-LH_332
VCE;1155;+0200;1635;+0200;0;KL_1958-KL_1655
VCE;1710;+0200;2150;+0200;0;OS_8806-OS_527
VCE;1730;+0200;2210;+0200;0;KL_1962-KL_1659
VCE;0655;+0200;1145;+0200;0;KL_1952-KL_1653
VCE;1700;+0200;2150;+0200;0;OS_8806-OS_527
VCE;1730;+0200;2225;+0200;0;LH_2371-LH_1914
VCE;0710;+0200;1210;+0200;0;LH_5783-LH_1908
VCE;0630;+0200;1135;+0200;0;AB_8683-AB_8982
VCE;0815;+0200;1325;+0200;0;LH_5773-LH_326
VCE;1750;+0200;2300;+0200;0;AF_5107-AF_2526
NCE;0900;+0200;1010;+0200;0;SQ_2962
NCE;0900;+0200;1010;+0200;0;UA_9782
NCE;0900;+0200;1010;+0200;0;LX_562
NCE;1700;+0200;1810;+0200;0;LX_560
NCE;2130;+0200;2240;+0200;0;LX_564
NCE;1250;+0200;1405;+0200;0;LX_568
NCE;1250;+0200;1405;+0200;0;SQ_2968
NCE;0910;+0200;1210;+0200;0;LH_2367-LH_2272
NCE;1330;+0200;1640;+0200;0;LH_2369-LH_2274
NCE;1730;+0200;2040;+0200;0;NH_6098-NH_6051
NCE;1730;+0200;2040;+0200;0;LH_2371-LH_2276
NCE;1920;+0200;2230;+0200;0;LH_5789-LH_2278
NCE;2005;+0200;2350;+0200;0;BD_3555-BD_3238
NCE;2005;+0200;2350;+0200;0;LH_1199-LH_1068
NCE;1330;+0200;1720;+0200;0;AF_5103-AF_7706
NCE;1750;+0200;2140;+0200;0;AF_5107-AF_7712
NCE;1330;+0200;1725;+0200;0;AF_5103-AF_7706
NCE;0720;+0200;1120;+0200;0;SN_5104-SN_3617
NCE;0910;+0200;1315;+0200;0;SN_5106-SN_3619
NCE;0910;+0200;1320;+0200;0;SN_5106-SN_3619
NCE;1010;+0200;1430;+0200;0;LH_1187-LH_1060
NCE;1340;+0200;1800;+0200;0;BD_3557-BD_3236
NCE;1340;+0200;1800;+0200;0;LH_1191-LH_1064
NCE;1655;+0200;2115;+0200;0;SN_5112-SN_3623
NCE;0720;+0200;1145;+0200;0;SN_5104-SN_3617
NCE;1215;+0200;1640;+0200;0;LH_5785-LH_2274
NCE;0900;+0200;1335;+0200;0;HG_8151-HG_8014
NCE;0900;+0200;1335;+0200;0;AB_8151-AB_8014
NCE;0950;+0200;1430;+0200;0;AF_5101-AF_7714
NCE;1530;+0200;2010;+0200;0;BA_715-BA_356
NCE;1530;+0200;2010;+0200;0;AA_6677-AA_6391
NCE;0655;+0200;1140;+0200;0;KL_1952-KL_1263
NCE;0725;+0200;1210;+0200;0;LH_5845-LH_3274
NCE;1745;+0200;2230;+0200;0;OS_564-OS_423
NCE;1905;+0200;2350;+0200;0;LH_5779-LH_1068
NCE;0905;+0200;1355;+0200;0;LH_3135-LH_3272
NCE;1155;+0200;1650;+0200;0;KL_1958-KL_1267
NCE;1730;+0200;2225;+0200;0;KL_1962-KL_1273
NCE;1750;+0200;2245;+0200;0;AF_5107-AF_7712
NCE;0710;+0200;1210;+0200;0;LH_5783-LH_2272
NCE;1730;+0200;2230;+0200;0;LH_2371-LH_2278
MIL;1225;+0200;1315;+0200;0;LX_1628
MIL;1225;+0200;1315;+0200;0;LH_5905
MIL;1655;+0200;1745;+0200;0;LH_5907
MIL;1655;+0200;1745;+0200;0;LX_1622
MIL;0720;+0200;0815;+0200;0;LX_1612
MIL;0720;+0200;0815;+0200;0;LH_5901
MIL;0940;+0200;1035;+0200;0;LX_1616
MIL;0940;+0200;1035;+0200;0;UA_9796
MIL;0940;+0200;1035;+0200;0;LH_5903
MIL;1745;+0200;1840;+0200;0;LH_5909
MIL;1745;+0200;1840;+0200;0;LX_1636
MIL;2030;+0200;2125;+0200;0;LH_5885
MIL;2030;+0200;2125;+0200;0;LX_1638
MIL;1720;+0200;1935;+0200;0;LH_5829-LH_3198
MIL;1330;+0200;1615;+0200;0;LH_2369-LH_1860
MIL;1730;+0200;2015;+0200;0;LH_2371-LH_1864
MIL;1730;+0200;2015;+0200;0;NH_6098-NH_6055
MIL;1535;+0200;1830;+0200;0;LH_5787-LH_1862
MIL;2005;+0200;2300;+0200;0;LH_1199-LH_258
MIL;0710;+0200;1015;+0200;0;LH_5783-LH_1854
MIL;0910;+0200;1215;+0200;0;LH_1185-LH_272
MIL;0910;+0200;1215;+0200;0;BD_3561-BD_2922
MIL;0910;+0200;1220;+0200;0;LH_2367-LH_1856
MIL;1340;+0200;1650;+0200;0;BD_3557-BD_2924
MIL;1340;+0200;1650;+0200;0;LH_1191-LH_274
MIL;1905;+0200;2215;+0200;0;LH_5779-LH_278
MIL;1840;+0200;2155;+0200;0;LH_3139-LH_3186
MIL;1920;+0200;2235;+0200;0;LH_5789-LH_1866
MIL;1520;+0200;1840;+0200;0;LH_1193-LH_276
MIL;1650;+0200;2015;+0200;0;AB_8145-AB_8408
MIL;0705;+0200;1035;+0200;0;LH_5771-LH_248
MIL;1520;+0200;1850;+0200;0;LH_1193-LH_276
MIL;1645;+0200;2015;+0200;0;AB_8317-AB_8432
MIL;1010;+0200;1350;+0200;0;LH_1187-LH_252
MIL;1235;+0200;1615;+0200;0;LH_5827-LH_3196
MIL;1230;+0200;1615;+0200;0;SN_5108-SN_3157
MIL;1340;+0200;1735;+0200;0;LH_1191-LH_254
MIL;1905;+0200;2300;+0200;0;LH_5779-LH_258
MIL;0720;+0200;1120;+0200;0;SN_5104-SN_3147
MIL;0815;+0200;1215;+0200;0;LH_5773-LH_272
MIL;1215;+0200;1615;+0200;0;LH_5785-LH_1860
MIL;1250;+0200;1650;+0200;0;OS_8804-OS_513
MIL;1625;+0200;2030;+0200;0;HG_8537-HG_8824
MIL;1625;+0200;2030;+0200;0;AB_8537-AB_8824
MIL;1745;+0200;2150;+0200;0;OS_564-OS_517
MIL;1810;+0200;2215;+0200;0;LH_1197-LH_278
MIL;1810;+0200;2215;+0200;0;BD_3551-BD_2926
MIL;1745;+0200;2155;+0200;0;LH_5797-LH_3186
MIL;1520;+0200;1935;+0200;0;LH_3137-LH_3184
MIL;1230;+0200;1650;+0200;0;SN_5108-SN_3157
MIL;1730;+0200;2150;+0200;0;KL_1962-KL_3417
MIL;1750;+0200;2210;+0200;0;AF_5107-AF_9812
MIL;0750;+0200;1215;+0200;0;BD_3529-BD_2922
MIL;0750;+0200;1215;+0200;0;LH_1183-LH_272
MIL;0950;+0200;1415;+0200;0;AF_5101-AF_1714
MIL;1225;+0200;1650;+0200;0;LH_5775-LH_274
MIL;1415;+0200;1840;+0200;0;KL_1960-KL_1621
MIL;1455;+0200;1920;+0200;0;LH_3145-LH_3192
MIL;1635;+0200;2100;+0200;0;AF_5105-AF_9702
MIL;0655;+0200;1125;+0200;0;KL_1952-KL_3623
MIL;1745;+0200;2220;+0200;0;OS_564-OS_539
MIL;0720;+0200;1200;+0200;0;SN_5104-SN_3147
MIL;0910;+0200;1350;+0200;0;LH_1185-LH_252
MIL;1535;+0200;2015;+0200;0;LH_5787-LH_1864
MIL;1710;+0200;2150;+0200;0;OS_8806-OS_517
MIL;0925;+0200;1410;+0200;0;KL_1954-KL_3419
MIL;1730;+0200;2215;+0200;0;KL_1962-KL_1635
MIL;1750;+0200;2235;+0200;0;AF_5107-AF_2514
MIL;1750;+0200;2235;+0200;0;SN_5114-SN_3161
MIL;1700;+0200;2150;+0200;0;OS_8806-OS_517
MIL;1810;+0200;2300;+0200;0;NH_6100-NH_6125
MIL;1810;+0200;2300;+0200;0;LH_1197-LH_258
MIL;0655;+0200;1150;+0200;0;KL_1952-KL_1623
MIL;1320;+0200;1815;+0200;0;AA_6485-AA_6312
MIL;0950;+0200;1450;+0200;0;AF_5101-AF_1712
MIL;1155;+0200;1655;+0200;0;KL_1958-KL_1627
MIL;1330;+0200;1830;+0200;0;LH_2369-LH_1862
MIL;1340;+0200;1840;+0200;0;LH_1191-LH_276
LYS;0910;+0200;1005;+0200;0;LX_530
LYS;1715;+0200;1810;+0200;0;LX_536
LYS;1300;+0200;1400;+0200;0;LX_532
LYS;2030;+0200;2130;+0200;0;LX_538
LYS;1535;+0200;1830;+0200;0;LH_5787-LH_2252
LYS;0910;+0200;1220;+0200;0;LH_2367-LH_2248
LYS;1330;+0200;1640;+0200;0;LH_2369-LH_2250
LYS;1840;+0200;2150;+0200;0;LH_3139-LH_3270
LYS;1905;+0200;2220;+0200;0;LH_5779-LH_1082
LYS;1920;+0200;2245;+0200;0;LH_5789-LH_2254
LYS;1635;+0200;2010;+0200;0;AF_5105-AF_7648
LYS;1750;+0200;2125;+0200;0;SN_5114-SN_3593
LYS;1230;+0200;1610;+0200;0;SN_5108-SN_3589
LYS;1330;+0200;1710;+0200;0;AF_5103-AF_7646
LYS;1750;+0200;2140;+0200;0;SN_5114-SN_3593
LYS;1155;+0200;1550;+0200;0;KL_1958-KL_2031
LYS;1010;+0200;1415;+0200;0;BD_3553-BD_3082
LYS;1010;+0200;1415;+0200;0;LH_1187-LH_1076
LYS;1745;+0200;2150;+0200;0;LH_5797-LH_3270
LYS;1810;+0200;2220;+0200;0;NH_6100-NH_6131
LYS;1810;+0200;2220;+0200;0;LH_1197-LH_1082
LYS;1810;+0200;2220;+0200;0;BD_3551-BD_3088
LYS;0655;+0200;1120;+0200;0;KL_1952-KL_2025
LYS;1215;+0200;1640;+0200;0;LH_5785-LH_2250
LYS;1340;+0200;1810;+0200;0;BD_3557-BD_3086
LYS;1340;+0200;1810;+0200;0;LH_1191-LH_1078
LYS;1655;+0200;2125;+0200;0;SN_5112-SN_3593
LYS;0950;+0200;1425;+0200;0;AF_5101-AF_7644
LYS;1520;+0200;1955;+0200;0;LH_3137-LH_3268
LYS;1730;+0200;2210;+0200;0;KL_1962-KL_2029
LYS;1655;+0200;2140;+0200;0;SN_5112-SN_3593
LYS;1750;+0200;2240;+0200;0;AF_5107-AF_7650
LYS;1330;+0200;1830;+0200;0;LH_2369-LH_2252
LYS;0910;+0200;1415;+0200;0;BD_3561-BD_3082
LYS;0910;+0200;1415;+0200;0;LH_1185-LH_1076
LYS;1330;+0200;1835;+0200;0;BA_713-BA_362
LYS;0710;+0200;1220;+0200;0;LH_5783-LH_2248
LYS;1320;+0200;1835;+0200;0;AA_6485-AA_6616
LYS;1730;+0200;2245;+0200;0;NH_6098-NH_6045
LYS;1730;+0200;2245;+0200;0;LH_2371-LH_2254
LYS;1220;+0200;1740;+0200;0;SK_3504-SK_1793
GVA;0700;+0200;0745;+0200;0;LX_2800
GVA;0740;+0200;0825;+0200;0;LX_2802
GVA;0940;+0200;1025;+0200;0;SQ_2904
GVA;0940;+0200;1025;+0200;0;LX_2804
GVA;0940;+0200;1025;+0200;0;UA_9790
GVA;1655;+0200;1740;+0200;0;LX_2808
GVA;2235;+0200;2320;+0200;0;LX_2818
GVA;1215;+0200;1305;+0200;0;SQ_2924
GVA;1215;+0200;1305;+0200;0;LX_2824
GVA;1310;+0200;1400;+0200;0;LX_2806
GVA;1735;+0200;1825;+0200;0;LX_2810
GVA;2035;+0200;2125;+0200;0;LX_2816
GVA;1730;+0200;2015;+0200;0;LX_3622-LX_3689
GVA;1730;+0200;2015;+0200;0;LH_2371-LH_2388
GVA;1730;+0200;2015;+0200;0;NH_6098-NH_6103
GVA;1010;+0200;1300;+0200;0;LX_3602-LX_3665
GVA;1010;+0200;1300;+0200;0;BD_3553-BD_3096
GVA;1010;+0200;1300;+0200;0;LH_1187-LH_1216
GVA;1535;+0200;1825;+0200;0;LX_1108-LX_3687
GVA;1535;+0200;1825;+0200;0;LH_5787-LH_2386
GVA;1330;+0200;1625;+0200;0;LX_3620-LX_3685
GVA;1330;+0200;1625;+0200;0;LH_2369-LH_2384
GVA;1625;+0200;1925;+0200;0;LH_5777-LH_1226
GVA;1625;+0200;1930;+0200;0;LX_1074-LX_3671
GVA;1625;+0200;1930;+0200;0;LH_5777-LH_1224
GVA;0705;+0200;1015;+0200;0;LH_5771-LH_1214
GVA;0705;+0200;1015;+0200;0;LX_1068-LX_3663
GVA;0910;+0200;1220;+0200;0;LH_2367-LH_2382
GVA;0910;+0200;1220;+0200;0;LX_3618-LX_3683
GVA;1920;+0200;2230;+0200;0;LH_5789-LH_2390
GVA;1545;+0200;1905;+0200;0;LX_3636-LX_3695
GVA;1910;+0200;2230;+0200;0;LX_1110-LX_3691
GVA;1905;+0200;2230;+0200;0;LH_5779-LH_1228
GVA;1905;+0200;2230;+0200;0;LX_1076-LX_3673
GVA;1230;+0200;1600;+0200;0;LX_1018-LX_3697
GVA;1340;+0200;1710;+0200;0;BD_3557-BD_3102
GVA;1340;+0200;1710;+0200;0;BD_3557-BD_3118
GVA;1340;+0200;1710;+0200;0;LH_1191-LH_1222
GVA;1340;+0200;1710;+0200;0;LH_1191-LH_1220
GVA;1340;+0200;1710;+0200;0;LX_3604-LX_3675
GVA;1655;+0200;2025;+0200;0;SN_5112-SN_2721
GVA;0735;+0200;1110;+0200;0;AF_5111-AF_1842
GVA;0910;+0200;1245;+0200;0;LX_3634-LX_3693
GVA;1655;+0200;2030;+0200;0;SN_5112-SN_2721
GVA;0735;+0200;1115;+0200;0;AF_5111-AF_1842
GVA;1330;+0200;1710;+0200;0;AF_5103-AF_2442
GVA;1650;+0200;2030;+0200;0;LX_782-LX_4159
GVA;1330;+0200;1715;+0200;0;AF_5103-AF_2442
GVA;0910;+0200;1300;+0200;0;LH_1185-LH_1216
GVA;0910;+0200;1300;+0200;0;BD_3561-BD_3096
GVA;0910;+0200;1300;+0200;0;LX_3600-LX_3665
GVA;1520;+0200;1910;+0200;0;LH_3137-LH_3164
GVA;1220;+0200;1615;+0200;0;JK_9510-JK_9541
GVA;1750;+0200;2145;+0200;0;AF_5107-AF_1242
GVA;0655;+0200;1100;+0200;0;KL_1952-KL_1927
GVA;0925;+0200;1330;+0200;0;KL_1954-KL_1929
GVA;1220;+0200;1625;+0200;0;LX_1954-LX_1943
GVA;1250;+0200;1655;+0200;0;OS_8804-OS_581
GVA;1250;+0200;1655;+0200;0;LX_1578-LX_3563
GVA;1520;+0200;1925;+0200;0;LH_1193-LH_1226
GVA;1520;+0200;1925;+0200;0;BD_3559-BD_3104
GVA;0715;+0200;1125;+0200;0;LX_450-LX_443
GVA;0715;+0200;1125;+0200;0;BD_6858-BD_6843
GVA;1010;+0200;1420;+0200;0;LH_1187-LH_1218
GVA;1010;+0200;1420;+0200;0;LX_3602-LX_3667
GVA;1010;+0200;1420;+0200;0;BD_3553-BD_3106
GVA;1215;+0200;1625;+0200;0;LH_5785-LH_2384
GVA;1215;+0200;1625;+0200;0;LX_1104-LX_3685
GVA;1235;+0200;1645;+0200;0;LX_780-LX_4157
GVA;1520;+0200;1930;+0200;0;BD_3559-BD_3120
GVA;1520;+0200;1930;+0200;0;LH_1193-LH_1224
GVA;1520;+0200;1930;+0200;0;LX_3606-LX_3671
GVA;0725;+0200;1140;+0200;0;LH_5793-LH_3158
GVA;1230;+0200;1645;+0200;0;SN_5108-SN_2719
GVA;1340;+0200;1755;+0200;0;LX_3604-LX_3669
GVA;1340;+0200;1755;+0200;0;BD_3557-BD_3118
GVA;1340;+0200;1755;+0200;0;LH_1191-LH_1222
GVA;1710;+0200;2125;+0200;0;LX_466-LX_447
GVA;1710;+0200;2125;+0200;0;BD_6866-BD_6847
GVA;1730;+0200;2145;+0200;0;KL_1962-KL_1937
GVA;0950;+0200;1410;+0200;0;AF_5101-AF_2142
GVA;1415;+0200;1835;+0200;0;KL_1960-KL_1933
GVA;1650;+0200;2110;+0200;0;LX_782-LX_4163
GVA;1810;+0200;2230;+0200;0;LX_3608-LX_3673
GVA;1810;+0200;2230;+0200;0;BD_3551-BD_3114
GVA;1810;+0200;2230;+0200;0;LH_1197-LH_1228
GVA;1155;+0200;1620;+0200;0;KL_1958-KL_1931
GVA;1530;+0200;1955;+0200;0;LX_324-LX_349
GVA;1750;+0200;2215;+0200;0;SN_5114-SN_2723
GVA;0705;+0200;1135;+0200;0;LX_316-LX_353
GVA;1455;+0200;1925;+0200;0;LX_3646-LX_3699
GVA;1455;+0200;1925;+0200;0;LH_3145-LH_3168
GVA;1815;+0200;2245;+0200;0;LX_644-LX_4619
TLS;1730;+0200;2050;+0200;0;LH_2371-LH_2220
TLS;1920;+0200;2250;+0200;0;LH_5789-LH_2222
TLS;0710;+0200;1050;+0200;0;LH_5783-LH_2214
TLS;2005;+0200;2345;+0200;0;LH_1199-LH_1100
TLS;2005;+0200;2345;+0200;0;BD_3555-BD_2934
TLS;1330;+0200;1715;+0200;0;AF_5103-AF_7786
TLS;1330;+0200;1725;+0200;0;LH_2369-LH_2218
TLS;1010;+0200;1410;+0200;0;BD_3553-BD_2936
TLS;1010;+0200;1410;+0200;0;LH_1187-LH_1096
TLS;1230;+0200;1630;+0200;0;SN_5108-SN_3669
TLS;0720;+0200;1125;+0200;0;SN_5104-SN_3667
TLS;1340;+0200;1745;+0200;0;LH_1191-LH_1098
TLS;1340;+0200;1805;+0200;0;LH_1191-LH_1098
TLS;1340;+0200;1805;+0200;0;BD_3557-BD_2938
TLS;1155;+0200;1625;+0200;0;KL_1958-KL_1311
TLS;1150;+0200;1625;+0200;0;IB_3477-IB_8776
TLS;1905;+0200;2345;+0200;0;LH_5779-LH_1100
TLS;0950;+0200;1435;+0200;0;AF_5101-AF_7794
TLS;1750;+0200;2235;+0200;0;AF_5107-AF_7792
TLS;1730;+0200;2220;+0200;0;KL_1962-KL_1313
TLS;0655;+0200;1150;+0200;0;KL_1952-KL_1303
TLS;0910;+0200;1410;+0200;0;BD_3561-BD_2936
TLS;0910;+0200;1410;+0200;0;LH_1185-LH_1096
TLS;1750;+0200;2250;+0200;0;SN_5114-SN_3675
TLS;1215;+0200;1725;+0200;0;LH_5785-LH_2218
TLS;1535;+0200;2050;+0200;0;LH_5787-LH_2220
TLS;1710;+0200;2225;+0200;0;BA_717-BA_376
TLS;1225;+0200;1745;+0200;0;LH_5775-LH_1098
TLS;1730;+0200;2250;+0200;0;LH_2371-LH_2222
TLS;1810;+0200;2345;+0200;0;LH_1197-LH_1100
TLS;1810;+0200;2345;+0200;0;NH_6100-NH_6133
TLS;1810;+0200;2345;+0200;0;BD_3551-BD_2934
TLS;0910;+0200;1450;+0200;0;LH_2367-LH_2216
TLS;0950;+0200;1530;+0200;0;AF_5101-AF_6124
TLS;1225;+0200;1805;+0200;0;LH_5775-LH_1098
TLS;1710;+0200;2300;+0200;0;BA_717-BA_376
TLS;0815;+0200;1410;+0200;0;LH_5773-LH_1096
TLS;1655;+0200;2250;+0200;0;SN_5112-SN_3675
TLS;1330;+0200;1930;+0200;0;AF_5103-AF_6138
TLS;1635;+0200;2235;+0200;0;AF_5105-AF_7792
TLS;0950;+0200;1600;+0200;0;AF_5101-AF_6126
NTE;0655;+0200;1045;+0200;0;KL_1952-KL_2033
NTE;0950;+0200;1340;+0200;0;AF_5101-AF_7724
NTE;1330;+0200;1720;+0200;0;AF_5103-AF_7730
NTE;1750;+0200;2145;+0200;0;AF_5107-AF_7728
NTE;1155;+0200;1600;+0200;0;KL_1958-KL_2049
NTE;1730;+0200;2215;+0200;0;KL_1962-KL_2035
NTE;1635;+0200;2145;+0200;0;AF_5105-AF_7728
NTE;1635;+0200;2225;+0200;0;AF_5105-AF_7388
NTE;0735;+0200;1340;+0200;0;AF_5111-AF_7724
NTE;0925;+0200;1600;+0200;0;KL_1954-KL_2049
NTE;0735;+0200;1445;+0200;0;AF_5111-AF_7386
NTE;0950;+0200;1720;+0200;0;AF_5101-AF_7730
NTE;1415;+0200;2215;+0200;0;KL_1960-KL_2035
NTE;1330;+0200;2145;+0200;0;AF_5103-AF_7728
NTE;0735;+0200;1325;+0200;0;AF_5111-AF_7622-AF_3203
NTE;1330;+0200;1940;+0200;0;AF_5103-AF_7634-AF_3207
NTE;0950;+0200;1630;+0200;0;AF_5101-AF_7644-AF_5863
NTE;1330;+0200;2010;+0200;0;AF_5103-AF_7646-AF_5867
NTE;0655;+0200;1340;+0200;0;KL_1952-KL_2003-KL_2310
NTE;1415;+0200;2145;+0200;0;KL_1960-KL_1243-KL_2314
NTE;1415;+0200;2145;+0200;0;KL_1960-KL_1245-KL_2314
NTE;1330;+0200;2110;+0200;0;AF_5103-AF_7666-AF_7612
NTE;0925;+0200;1720;+0200;0;KL_1954-KL_1233-KL_2312
NTE;0925;+0200;1720;+0200;0;KL_1954-KL_2009-KL_2312
NTE;1330;+0200;2125;+0200;0;AF_5103-AF_7646-AF_5869
NTE;1330;+0200;2130;+0200;0;AF_5103-AF_6140-AF_5652
NTE;1330;+0200;2130;+0200;0;AF_5103-AF_7786-AF_5652
NTE;1330;+0200;2130;+0200;0;AF_5103-AF_7788-AF_5652
NTE;1330;+0200;2130;+0200;0;AF_5103-AF_6138-AF_5652
NTE;0950;+0200;1800;+0200;0;AF_5101-AF_7644-AF_5865
NTE;0950;+0200;1805;+0200;0;AF_5101-AF_7664-AF_5762
NTE;0950;+0200;1815;+0200;0;AF_5101-AF_7794-AF_5650
NTE;0950;+0200;1815;+0200;0;AF_5101-AF_6126-AF_5650
NTE;0950;+0200;1815;+0200;0;AF_5101-AF_6154-AF_5650
NTE;0950;+0200;1815;+0200;0;AF_5101-AF_6124-AF_5650
NTE;0950;+0200;1815;+0200;0;AF_5101-AF_6128-AF_5650
SXB;0720;+0200;1035;+0200;0;SN_5104-SN_3653
SXB;0655;+0200;1035;+0200;0;KL_1952-KL_2043
SXB;1730;+0200;2125;+0200;0;KL_1962-KL_2047
SXB;1750;+0200;2155;+0200;0;AF_5107-AF_7770
SXB;0950;+0200;1410;+0200;0;AF_5101-AF_7762
SXB;1330;+0200;1800;+0200;0;AF_5103-AF_7766
SXB;1520;+0200;2000;+0200;0;LH_1193-LH_392
SXB;1810;+0200;2300;+0200;0;LH_1197-LH_394
SXB;1905;+0200;0015;+0200;1;LH_5779-LH_396
SXB;0815;+0200;1330;+0200;0;LH_5773-LH_388